BRC Query,Data Size
"[[(26.8, 30.64), (25.66, 29.5)]]",16
"[[(18.47, 22.31), (24.18, 28.02)]]",16
"[[(27.64, 31.0), (15.68, 19.52)]]",16
"[[(9.69, 13.53), (19.56, 23.4)]]",16
"[[(17.33, 21.169999999999998), (19.26, 23.1)]]",16
"[[(0.0, 3.5), (24.13, 27.97)]]",12
"[[(22.31, 26.15), (16.23, 20.07)]]",16
"[[(11.94, 15.78), (1.28, 5.12)]]",16
"[[(7.16, 11.0), (9.81, 13.65)]]",16
"[[(11.71, 15.55), (2.01, 5.85)]]",12
"[[(8.25, 12.09), (24.88, 28.72)]]",16
"[[(19.16, 23.0), (4.53, 8.370000000000001)]]",16
"[[(12.57, 16.41), (7.61, 11.45)]]",16
"[[(4.16, 8.0), (24.29, 28.13)]]",16
"[[(22.01, 25.85), (13.12, 16.96)]]",9
"[[(27.54, 31.0), (18.08, 21.919999999999998)]]",12
"[[(19.63, 23.47), (0.97, 4.81)]]",16
"[[(23.05, 26.89), (3.64, 7.48)]]",12
"[[(24.67, 28.51), (14.57, 18.41)]]",16
"[[(13.63, 17.47), (2.91, 6.75)]]",16
"[[(1.28, 5.12), (18.84, 22.68)]]",16
"[[(4.64, 8.48), (16.24, 20.08)]]",16
"[[(15.39, 19.23), (6.1, 9.94)]]",12
"[[(27.31, 31.0), (0.28, 4.12)]]",16
"[[(26.73, 30.57), (18.53, 22.37)]]",16
"[[(10.11, 13.95), (12.22, 16.060000000000002)]]",12
"[[(9.04, 12.879999999999999), (17.46, 21.3)]]",12
"[[(4.31, 8.149999999999999), (10.64, 14.48)]]",16
"[[(1.28, 5.12), (18.22, 22.06)]]",16
"[[(24.35, 28.19), (7.31, 11.149999999999999)]]",16
"[[(11.01, 14.85), (9.87, 13.709999999999999)]]",12
"[[(14.67, 18.509999999999998), (14.16, 18.0)]]",16
"[[(20.74, 24.58), (15.48, 19.32)]]",16
"[[(8.74, 12.58), (26.88, 30.72)]]",16
"[[(2.69, 6.529999999999999), (2.15, 5.99)]]",12
"[[(19.05, 22.89), (22.9, 26.74)]]",12
"[[(27.06, 30.9), (10.21, 14.05)]]",12
"[[(15.76, 19.6), (20.21, 24.05)]]",16
"[[(14.36, 18.2), (7.32, 11.16)]]",16
"[[(21.89, 25.73), (18.93, 22.77)]]",16
"[[(24.53, 28.37), (1.53, 5.37)]]",16
"[[(13.29, 17.13), (21.81, 25.65)]]",16
"[[(2.5, 6.34), (21.75, 25.59)]]",16
"[[(26.86, 30.7), (22.59, 26.43)]]",16
"[[(0.81, 4.65), (1.4, 5.24)]]",16
"[[(25.43, 29.27), (21.15, 24.99)]]",12
"[[(25.56, 29.4), (7.48, 11.32)]]",16
"[[(17.33, 21.169999999999998), (0.42, 4.26)]]",16
"[[(12.41, 16.25), (14.82, 18.66)]]",16
"[[(7.52, 11.36), (24.01, 27.85)]]",12
"[[(19.43, 23.27), (10.34, 14.18)]]",16
"[[(10.87, 14.709999999999999), (19.2, 23.04)]]",16
"[[(7.72, 11.559999999999999), (11.87, 15.709999999999999)]]",16
"[[(5.41, 9.25), (25.21, 29.05)]]",16
"[[(17.08, 20.919999999999998), (2.48, 6.32)]]",12
"[[(8.36, 12.2), (0.0, 3.69)]]",16
"[[(9.68, 13.52), (17.43, 21.27)]]",16
"[[(19.62, 23.46), (9.67, 13.51)]]",16
"[[(22.04, 25.88), (9.1, 12.94)]]",9
"[[(8.09, 11.93), (14.56, 18.4)]]",12
"[[(15.41, 19.25), (27.54, 31.0)]]",16
"[[(12.23, 16.07), (27.5, 31.0)]]",16
"[[(17.03, 20.87), (2.85, 6.6899999999999995)]]",12
"[[(22.13, 25.97), (4.54, 8.379999999999999)]]",12
"[[(11.94, 15.78), (2.5, 6.34)]]",16
"[[(6.35, 10.19), (13.86, 17.7)]]",16
"[[(7.96, 11.8), (1.45, 5.29)]]",16
"[[(17.7, 21.54), (24.41, 28.25)]]",16
"[[(3.64, 7.48), (4.37, 8.21)]]",16
"[[(10.28, 14.12), (2.34, 6.18)]]",16
"[[(9.11, 12.95), (21.01, 24.85)]]",9
"[[(4.79, 8.629999999999999), (16.58, 20.419999999999998)]]",16
"[[(7.82, 11.66), (21.51, 25.35)]]",16
"[[(9.42, 13.26), (26.46, 30.3)]]",16
"[[(27.65, 31.0), (9.6, 13.44)]]",16
"[[(16.36, 20.2), (26.67, 30.51)]]",16
"[[(6.44, 10.280000000000001), (6.98, 10.82)]]",16
"[[(11.48, 15.32), (0.0, 3.3899999999999997)]]",16
"[[(6.27, 10.11), (25.36, 29.2)]]",16
"[[(7.38, 11.219999999999999), (9.04, 12.879999999999999)]]",12
"[[(18.69, 22.53), (8.16, 12.0)]]",16
"[[(12.33, 16.17), (21.46, 25.3)]]",16
"[[(1.59, 5.43), (17.61, 21.45)]]",16
"[[(22.71, 26.55), (24.83, 28.669999999999998)]]",16
"[[(27.15, 30.99), (9.69, 13.53)]]",12
"[[(3.18, 7.02), (18.35, 22.19)]]",16
"[[(23.65, 27.49), (25.48, 29.32)]]",16
"[[(18.24, 22.08), (10.67, 14.51)]]",16
"[[(8.58, 12.42), (9.16, 13.0)]]",16
"[[(14.79, 18.63), (22.45, 26.29)]]",16
"[[(9.24, 13.08), (27.27, 31.0)]]",16
"[[(13.1, 16.939999999999998), (17.66, 21.5)]]",12
"[[(8.99, 12.83), (27.46, 31.0)]]",16
"[[(4.56, 8.399999999999999), (24.34, 28.18)]]",16
"[[(25.45, 29.29), (8.14, 11.98)]]",12
"[[(4.69, 8.530000000000001), (5.17, 9.01)]]",16
"[[(12.68, 16.52), (13.27, 17.11)]]",16
"[[(19.79, 23.63), (3.41, 7.25)]]",16
"[[(24.45, 28.29), (10.57, 14.41)]]",16
"[[(12.46, 16.3), (18.96, 22.8)]]",16
"[[(14.23, 18.07), (1.19, 5.029999999999999)]]",16
"[[(6.93, 10.77), (0.93, 4.77)]]",16
"[[(13.12, 16.96), (8.63, 12.47)]]",12
"[[(18.96, 22.8), (17.36, 21.2)]]",16
"[[(23.87, 27.71), (1.15, 4.99)]]",12
"[[(21.25, 25.09), (21.43, 25.27)]]",16
"[[(18.35, 22.19), (10.66, 14.5)]]",16
"[[(11.09, 14.93), (25.94, 29.78)]]",12
"[[(12.9, 16.740000000000002), (6.76, 10.6)]]",16
"[[(18.65, 22.49), (0.79, 4.63)]]",16
"[[(0.17, 4.01), (1.56, 5.4)]]",16
"[[(18.35, 22.19), (0.13, 3.9699999999999998)]]",12
"[[(26.81, 30.65), (0.0, 3.4899999999999998)]]",16
"[[(1.89, 5.7299999999999995), (8.04, 11.879999999999999)]]",12
"[[(4.76, 8.6), (10.67, 14.51)]]",16
"[[(0.0, 3.71), (2.12, 5.96)]]",12
"[[(25.48, 29.32), (8.64, 12.48)]]",16
"[[(3.19, 7.029999999999999), (22.55, 26.39)]]",16
"[[(23.56, 27.4), (12.43, 16.27)]]",16
"[[(10.26, 14.1), (12.36, 16.2)]]",16
"[[(9.68, 13.52), (14.95, 18.79)]]",16
"[[(26.22, 30.06), (13.84, 17.68)]]",16
"[[(18.91, 22.75), (0.34, 4.18)]]",16
"[[(2.94, 6.779999999999999), (22.87, 26.71)]]",16
"[[(15.46, 19.3), (2.49, 6.33)]]",16
"[[(25.8, 29.64), (26.75, 30.59)]]",16
"[[(23.11, 26.95), (22.75, 26.59)]]",12
"[[(21.94, 25.78), (25.23, 29.07)]]",16
"[[(5.45, 9.29), (22.49, 26.33)]]",16
"[[(12.45, 16.29), (23.1, 26.94)]]",12
"[[(1.04, 4.88), (10.08, 13.92)]]",9
"[[(27.35, 31.0), (4.49, 8.33)]]",16
"[[(14.96, 18.8), (26.83, 30.669999999999998)]]",16
"[[(21.2, 25.04), (3.38, 7.22)]]",16
"[[(7.64, 11.48), (16.94, 20.78)]]",16
"[[(26.34, 30.18), (4.98, 8.82)]]",16
"[[(16.85, 20.69), (9.31, 13.15)]]",16
"[[(19.56, 23.4), (9.5, 13.34)]]",16
"[[(15.68, 19.52), (20.73, 24.57)]]",16
"[[(27.01, 30.85), (8.83, 12.67)]]",12
"[[(13.14, 16.98), (0.0, 3.54)]]",12
"[[(1.53, 5.37), (8.06, 11.9)]]",12
"[[(26.87, 30.71), (1.04, 4.88)]]",12
"[[(15.14, 18.98), (26.42, 30.26)]]",12
"[[(16.08, 19.919999999999998), (2.63, 6.47)]]",12
"[[(8.77, 12.61), (10.46, 14.3)]]",16
"[[(26.12, 29.96), (7.31, 11.149999999999999)]]",12
"[[(22.66, 26.5), (17.2, 21.04)]]",16
"[[(8.66, 12.5), (23.52, 27.36)]]",16
"[[(7.54, 11.379999999999999), (14.48, 18.32)]]",16
"[[(9.62, 13.459999999999999), (25.6, 29.44)]]",16
"[[(11.2, 15.04), (17.77, 21.61)]]",16
"[[(10.71, 14.55), (11.98, 15.82)]]",16
"[[(15.44, 19.28), (20.17, 24.01)]]",16
"[[(0.0, 3.65), (12.81, 16.65)]]",16
"[[(23.85, 27.69), (10.82, 14.66)]]",16
"[[(14.93, 18.77), (17.41, 21.25)]]",16
"[[(5.49, 9.33), (19.68, 23.52)]]",16
"[[(13.21, 17.05), (14.8, 18.64)]]",16
"[[(13.01, 16.85), (21.14, 24.98)]]",9
"[[(0.0, 3.48), (0.79, 4.63)]]",16
"[[(19.92, 23.76), (18.11, 21.95)]]",12
"[[(9.98, 13.82), (8.46, 12.3)]]",16
"[[(21.39, 25.23), (20.3, 24.14)]]",16
"[[(8.03, 11.87), (5.65, 9.49)]]",12
"[[(2.89, 6.73), (13.8, 17.64)]]",16
"[[(12.24, 16.08), (17.16, 21.0)]]",16
"[[(20.13, 23.97), (13.2, 17.04)]]",12
"[[(23.58, 27.419999999999998), (24.69, 28.53)]]",16
"[[(11.3, 15.14), (3.44, 7.279999999999999)]]",16
"[[(12.61, 16.45), (9.53, 13.37)]]",16
"[[(22.34, 26.18), (17.85, 21.69)]]",16
"[[(12.26, 16.1), (0.0, 3.48)]]",16
"[[(16.73, 20.57), (10.09, 13.93)]]",12
"[[(19.06, 22.9), (27.24, 31.0)]]",12
"[[(16.34, 20.18), (15.34, 19.18)]]",16
"[[(13.03, 16.869999999999997), (17.95, 21.79)]]",12
"[[(8.0, 11.84), (22.78, 26.62)]]",16
"[[(23.67, 27.51), (0.91, 4.75)]]",16
"[[(12.45, 16.29), (4.87, 8.71)]]",16
"[[(3.76, 7.6), (4.28, 8.120000000000001)]]",16
"[[(26.87, 30.71), (18.27, 22.11)]]",16
"[[(10.61, 14.45), (17.61, 21.45)]]",16
"[[(5.99, 9.83), (18.71, 22.55)]]",16
"[[(10.65, 14.49), (5.8, 9.64)]]",16
"[[(6.46, 10.3), (20.63, 24.47)]]",16
"[[(4.74, 8.58), (23.15, 26.99)]]",12
"[[(27.34, 31.0), (11.13, 14.97)]]",12
"[[(2.98, 6.82), (10.49, 14.33)]]",16
"[[(14.43, 18.27), (8.2, 12.04)]]",16
"[[(22.72, 26.56), (9.81, 13.65)]]",16
"[[(23.23, 27.07), (6.01, 9.85)]]",12
"[[(20.18, 24.02), (25.44, 29.28)]]",16
"[[(4.01, 7.85), (15.45, 19.29)]]",12
"[[(16.62, 20.46), (22.63, 26.47)]]",16
"[[(18.59, 22.43), (5.55, 9.39)]]",16
"[[(26.67, 30.51), (25.78, 29.62)]]",16
"[[(17.48, 21.32), (5.19, 9.030000000000001)]]",16
"[[(7.33, 11.17), (17.2, 21.04)]]",16
"[[(22.12, 25.96), (11.14, 14.98)]]",9
"[[(1.11, 4.95), (26.62, 30.46)]]",12
"[[(4.69, 8.530000000000001), (27.33, 31.0)]]",16
"[[(18.21, 22.05), (0.0, 3.57)]]",16
"[[(14.07, 17.91), (25.14, 28.98)]]",9
"[[(9.16, 13.0), (7.53, 11.370000000000001)]]",16
"[[(7.02, 10.86), (9.86, 13.7)]]",12
"[[(18.38, 22.22), (11.2, 15.04)]]",16
"[[(10.49, 14.33), (25.42, 29.26)]]",16
"[[(6.9, 10.74), (11.78, 15.62)]]",16
"[[(10.71, 14.55), (24.98, 28.82)]]",16
"[[(0.95, 4.79), (15.75, 19.59)]]",16
"[[(16.44, 20.28), (20.64, 24.48)]]",16
"[[(11.05, 14.89), (6.57, 10.41)]]",12
"[[(17.79, 21.63), (22.55, 26.39)]]",16
"[[(3.27, 7.109999999999999), (14.38, 18.22)]]",16
"[[(10.85, 14.69), (18.25, 22.09)]]",16
"[[(1.84, 5.68), (17.82, 21.66)]]",16
"[[(22.19, 26.03), (17.46, 21.3)]]",16
"[[(27.03, 30.87), (7.34, 11.18)]]",12
"[[(2.24, 6.08), (2.07, 5.91)]]",12
"[[(11.84, 15.68), (1.48, 5.32)]]",16
"[[(5.6, 9.44), (0.37, 4.21)]]",16
"[[(22.43, 26.27), (11.56, 15.4)]]",16
"[[(22.61, 26.45), (8.18, 12.02)]]",16
"[[(19.91, 23.75), (16.57, 20.41)]]",16
"[[(27.2, 31.0), (14.19, 18.03)]]",16
"[[(27.16, 31.0), (14.75, 18.59)]]",16
"[[(18.74, 22.58), (8.13, 11.97)]]",12
"[[(26.4, 30.24), (4.36, 8.2)]]",16
"[[(17.91, 21.75), (17.3, 21.14)]]",16
"[[(10.23, 14.07), (19.17, 23.01)]]",16
"[[(4.36, 8.2), (3.97, 7.8100000000000005)]]",16
"[[(27.53, 31.0), (4.59, 8.43)]]",16
"[[(23.32, 27.16), (16.3, 20.14)]]",16
"[[(25.53, 29.37), (6.83, 10.67)]]",16
"[[(13.92, 17.759999999999998), (20.03, 23.87)]]",12
"[[(8.02, 11.86), (12.15, 15.99)]]",9
"[[(14.3, 18.14), (11.92, 15.76)]]",16
"[[(1.0, 4.84), (14.91, 18.75)]]",16
"[[(23.92, 27.76), (19.1, 22.94)]]",12
"[[(13.72, 17.560000000000002), (5.16, 9.0)]]",16
"[[(27.26, 31.0), (13.7, 17.54)]]",16
"[[(6.31, 10.149999999999999), (7.21, 11.05)]]",16
"[[(10.48, 14.32), (18.32, 22.16)]]",16
"[[(9.33, 13.17), (22.33, 26.169999999999998)]]",16
"[[(19.92, 23.76), (2.51, 6.35)]]",16
"[[(27.15, 30.99), (12.82, 16.66)]]",12
"[[(22.06, 25.9), (6.02, 9.86)]]",9
"[[(10.72, 14.56), (17.86, 21.7)]]",16
"[[(7.71, 11.55), (26.35, 30.19)]]",16
"[[(3.31, 7.15), (24.26, 28.1)]]",16
"[[(9.39, 13.23), (18.17, 22.01)]]",16
"[[(13.54, 17.38), (7.02, 10.86)]]",12
"[[(13.88, 17.72), (22.17, 26.01)]]",16
"[[(1.7, 5.54), (4.66, 8.5)]]",16
"[[(23.18, 27.02), (1.59, 5.43)]]",16
"[[(2.72, 6.5600000000000005), (2.0, 5.84)]]",16
"[[(6.69, 10.530000000000001), (9.39, 13.23)]]",16
"[[(0.0, 3.44), (0.0, 3.5599999999999996)]]",16
"[[(4.59, 8.43), (11.84, 15.68)]]",16
"[[(7.76, 11.6), (26.52, 30.36)]]",16
"[[(25.7, 29.54), (8.07, 11.91)]]",12
"[[(27.05, 30.89), (14.19, 18.03)]]",12
"[[(16.77, 20.61), (19.88, 23.72)]]",16
"[[(16.32, 20.16), (22.99, 26.83)]]",16
"[[(19.77, 23.61), (3.64, 7.48)]]",16
"[[(13.5, 17.34), (8.29, 12.129999999999999)]]",16
"[[(12.28, 16.119999999999997), (23.28, 27.12)]]",16
"[[(19.18, 23.02), (15.38, 19.22)]]",16
"[[(19.33, 23.169999999999998), (4.06, 7.8999999999999995)]]",12
"[[(11.26, 15.1), (2.82, 6.66)]]",16
"[[(8.72, 12.56), (21.63, 25.47)]]",16
"[[(6.74, 10.58), (4.31, 8.149999999999999)]]",16
"[[(2.06, 5.9), (21.96, 25.8)]]",12
"[[(14.96, 18.8), (15.59, 19.43)]]",16
"[[(23.05, 26.89), (14.02, 17.86)]]",9
"[[(20.05, 23.89), (18.35, 22.19)]]",12
"[[(21.98, 25.82), (12.29, 16.13)]]",16
"[[(9.94, 13.78), (22.81, 26.65)]]",16
"[[(13.84, 17.68), (4.97, 8.809999999999999)]]",16
"[[(23.6, 27.44), (5.54, 9.379999999999999)]]",16
"[[(3.54, 7.38), (11.13, 14.97)]]",12
"[[(21.31, 25.15), (7.97, 11.809999999999999)]]",16
"[[(12.23, 16.07), (1.31, 5.15)]]",16
"[[(4.42, 8.26), (5.47, 9.309999999999999)]]",16
"[[(16.8, 20.64), (1.49, 5.33)]]",16
"[[(24.94, 28.78), (11.94, 15.78)]]",16
"[[(19.0, 22.84), (22.95, 26.79)]]",16
"[[(1.57, 5.41), (24.72, 28.56)]]",16
"[[(4.33, 8.17), (0.78, 4.62)]]",16
"[[(17.37, 21.21), (24.14, 27.98)]]",12
"[[(5.31, 9.149999999999999), (21.03, 24.87)]]",12
"[[(0.0, 3.4), (8.43, 12.27)]]",16
"[[(8.43, 12.27), (24.31, 28.15)]]",16
"[[(9.39, 13.23), (19.14, 22.98)]]",12
"[[(14.59, 18.43), (18.19, 22.03)]]",16
"[[(12.3, 16.14), (12.62, 16.46)]]",16
"[[(23.34, 27.18), (16.44, 20.28)]]",16
"[[(21.75, 25.59), (1.83, 5.67)]]",16
"[[(0.17, 4.01), (15.55, 19.39)]]",16
"[[(18.85, 22.69), (18.9, 22.74)]]",16
"[[(11.41, 15.25), (24.05, 27.89)]]",12
"[[(6.39, 10.23), (0.3, 4.14)]]",16
"[[(26.46, 30.3), (18.73, 22.57)]]",16
"[[(13.34, 17.18), (16.26, 20.1)]]",16
"[[(5.53, 9.370000000000001), (12.22, 16.060000000000002)]]",16
"[[(21.32, 25.16), (25.25, 29.09)]]",16
"[[(23.26, 27.1), (26.89, 30.73)]]",16
"[[(23.42, 27.26), (18.24, 22.08)]]",16
"[[(21.2, 25.04), (6.67, 10.51)]]",16
"[[(26.15, 29.99), (11.61, 15.45)]]",12
"[[(23.36, 27.2), (26.11, 29.95)]]",12
"[[(18.91, 22.75), (18.44, 22.28)]]",16
"[[(26.44, 30.28), (8.37, 12.209999999999999)]]",16
"[[(8.33, 12.17), (13.31, 17.15)]]",16
"[[(24.38, 28.22), (19.54, 23.38)]]",16
"[[(14.17, 18.009999999999998), (23.75, 27.59)]]",16
"[[(3.43, 7.27), (8.63, 12.47)]]",16
"[[(18.37, 22.21), (11.19, 15.03)]]",16
"[[(18.31, 22.15), (11.15, 14.99)]]",12
"[[(18.87, 22.71), (17.96, 21.8)]]",16
"[[(14.58, 18.42), (0.0, 3.57)]]",16
"[[(7.4, 11.24), (20.03, 23.87)]]",12
"[[(13.43, 17.27), (23.15, 26.99)]]",12
"[[(14.49, 18.33), (0.0, 3.4499999999999997)]]",16
"[[(25.63, 29.47), (12.77, 16.61)]]",16
"[[(22.79, 26.63), (11.98, 15.82)]]",16
"[[(21.54, 25.38), (1.84, 5.68)]]",16
"[[(1.5, 5.34), (19.44, 23.28)]]",16
"[[(24.56, 28.4), (11.58, 15.42)]]",16
"[[(16.18, 20.02), (24.81, 28.65)]]",16
"[[(7.59, 11.43), (20.09, 23.93)]]",12
"[[(1.53, 5.37), (21.04, 24.88)]]",12
"[[(0.0, 3.84), (0.29, 4.13)]]",16
"[[(18.6, 22.44), (17.04, 20.88)]]",12
"[[(17.99, 21.83), (25.51, 29.35)]]",16
"[[(24.21, 28.05), (7.49, 11.33)]]",16
"[[(4.81, 8.649999999999999), (4.62, 8.46)]]",16
"[[(10.36, 14.2), (7.61, 11.45)]]",16
"[[(25.42, 29.26), (15.07, 18.91)]]",12
"[[(16.25, 20.09), (23.23, 27.07)]]",16
"[[(8.93, 12.77), (4.69, 8.530000000000001)]]",16
"[[(14.14, 17.98), (24.7, 28.54)]]",12
"[[(12.65, 16.490000000000002), (27.09, 30.93)]]",12
"[[(18.2, 22.04), (0.0, 3.6999999999999997)]]",16
"[[(16.34, 20.18), (11.48, 15.32)]]",16
"[[(27.52, 31.0), (9.72, 13.56)]]",16
"[[(10.58, 14.42), (15.82, 19.66)]]",16
"[[(4.0, 7.84), (23.54, 27.38)]]",16
"[[(11.48, 15.32), (24.56, 28.4)]]",16
"[[(5.5, 9.34), (10.13, 13.97)]]",12
"[[(18.8, 22.64), (27.42, 31.0)]]",16
"[[(20.56, 24.4), (15.86, 19.7)]]",16
"[[(9.5, 13.34), (27.41, 31.0)]]",16
"[[(14.86, 18.7), (4.53, 8.370000000000001)]]",16
"[[(19.01, 22.85), (14.89, 18.73)]]",12
"[[(13.71, 17.55), (20.53, 24.37)]]",16
"[[(15.84, 19.68), (18.43, 22.27)]]",16
"[[(26.31, 30.15), (26.42, 30.26)]]",16
"[[(14.45, 18.29), (21.14, 24.98)]]",12
"[[(22.45, 26.29), (0.89, 4.7299999999999995)]]",16
"[[(14.6, 18.439999999999998), (3.81, 7.65)]]",16
"[[(14.87, 18.71), (26.07, 29.91)]]",12
"[[(19.06, 22.9), (19.06, 22.9)]]",9
"[[(0.06, 3.9), (6.71, 10.55)]]",12
"[[(9.41, 13.25), (19.74, 23.58)]]",16
"[[(0.28, 4.12), (19.86, 23.7)]]",16
"[[(24.21, 28.05), (7.45, 11.29)]]",16
"[[(9.76, 13.6), (26.64, 30.48)]]",16
"[[(27.37, 31.0), (15.57, 19.41)]]",16
"[[(5.87, 9.71), (26.39, 30.23)]]",16
"[[(8.96, 12.8), (21.57, 25.41)]]",16
"[[(3.15, 6.99), (12.08, 15.92)]]",9
"[[(13.2, 17.04), (20.38, 24.22)]]",16
"[[(23.0, 26.84), (9.64, 13.48)]]",16
"[[(6.14, 9.98), (22.28, 26.12)]]",12
"[[(10.47, 14.31), (17.87, 21.71)]]",16
"[[(3.36, 7.199999999999999), (8.72, 12.56)]]",16
"[[(5.87, 9.71), (9.93, 13.77)]]",16
"[[(16.37, 20.21), (13.41, 17.25)]]",16
"[[(8.81, 12.65), (9.44, 13.28)]]",16
"[[(18.03, 21.87), (9.05, 12.89)]]",9
"[[(8.23, 12.07), (15.52, 19.36)]]",16
"[[(15.37, 19.21), (11.95, 15.79)]]",16
"[[(1.13, 4.97), (23.3, 27.14)]]",12
"[[(16.37, 20.21), (19.25, 23.09)]]",16
"[[(6.42, 10.26), (9.53, 13.37)]]",16
"[[(24.84, 28.68), (22.71, 26.55)]]",16
"[[(11.71, 15.55), (19.67, 23.51)]]",16
"[[(20.37, 24.21), (0.32, 4.16)]]",16
"[[(0.47, 4.31), (14.1, 17.939999999999998)]]",12
"[[(27.11, 30.95), (17.93, 21.77)]]",12
"[[(24.74, 28.58), (17.74, 21.58)]]",16
"[[(21.8, 25.64), (14.1, 17.939999999999998)]]",12
"[[(0.53, 4.37), (14.77, 18.61)]]",16
"[[(25.76, 29.6), (6.87, 10.71)]]",16
"[[(0.81, 4.65), (6.85, 10.69)]]",16
"[[(1.54, 5.38), (17.9, 21.74)]]",16
"[[(8.34, 12.18), (15.1, 18.939999999999998)]]",12
"[[(12.69, 16.53), (23.34, 27.18)]]",16
"[[(21.52, 25.36), (1.18, 5.02)]]",16
"[[(17.64, 21.48), (0.0, 3.5999999999999996)]]",16
"[[(19.8, 23.64), (14.68, 18.52)]]",16
"[[(4.8, 8.64), (11.3, 15.14)]]",16
"[[(24.1, 27.94), (6.48, 10.32)]]",12
"[[(5.12, 8.96), (26.3, 30.14)]]",12
"[[(20.84, 24.68), (19.3, 23.14)]]",16
"[[(14.78, 18.619999999999997), (1.76, 5.6)]]",16
"[[(19.09, 22.93), (21.3, 25.14)]]",12
"[[(9.93, 13.77), (5.32, 9.16)]]",16
"[[(12.93, 16.77), (18.63, 22.47)]]",16
"[[(15.48, 19.32), (9.99, 13.83)]]",16
"[[(21.69, 25.53), (10.34, 14.18)]]",16
"[[(20.84, 24.68), (21.8, 25.64)]]",16
"[[(5.51, 9.35), (5.01, 8.85)]]",12
"[[(3.49, 7.33), (5.1, 8.94)]]",12
"[[(2.7, 6.54), (6.12, 9.96)]]",12
"[[(2.14, 5.98), (9.9, 13.74)]]",12
"[[(25.94, 29.78), (4.9, 8.74)]]",16
"[[(1.91, 5.75), (5.63, 9.469999999999999)]]",16
"[[(5.41, 9.25), (19.08, 22.919999999999998)]]",12
"[[(24.76, 28.6), (13.48, 17.32)]]",16
"[[(19.04, 22.88), (11.79, 15.629999999999999)]]",12
"[[(20.98, 24.82), (6.5, 10.34)]]",16
"[[(20.65, 24.49), (17.64, 21.48)]]",16
"[[(17.28, 21.12), (23.21, 27.05)]]",16
"[[(16.68, 20.52), (16.69, 20.53)]]",16
"[[(17.27, 21.11), (5.87, 9.71)]]",16
"[[(22.85, 26.69), (9.65, 13.49)]]",16
"[[(27.42, 31.0), (2.07, 5.91)]]",12
"[[(8.76, 12.6), (7.24, 11.08)]]",16
"[[(4.15, 7.99), (14.29, 18.13)]]",12
"[[(20.03, 23.87), (12.85, 16.689999999999998)]]",12
"[[(4.81, 8.649999999999999), (11.22, 15.06)]]",16
"[[(1.46, 5.3), (7.21, 11.05)]]",16
"[[(7.36, 11.2), (11.24, 15.08)]]",16
"[[(3.58, 7.42), (18.82, 22.66)]]",16
"[[(26.25, 30.09), (12.66, 16.5)]]",16
"[[(20.68, 24.52), (21.6, 25.44)]]",16
"[[(2.52, 6.359999999999999), (20.4, 24.24)]]",16
"[[(17.12, 20.96), (27.64, 31.0)]]",12
"[[(27.62, 31.0), (18.53, 22.37)]]",16
"[[(22.21, 26.05), (7.76, 11.6)]]",16
"[[(7.01, 10.85), (17.26, 21.1)]]",12
"[[(6.86, 10.7), (12.32, 16.16)]]",16
"[[(19.42, 23.26), (5.39, 9.23)]]",16
"[[(16.99, 20.83), (25.79, 29.63)]]",16
"[[(11.75, 15.59), (13.19, 17.03)]]",16
"[[(1.83, 5.67), (25.92, 29.76)]]",16
"[[(14.78, 18.619999999999997), (0.61, 4.45)]]",16
"[[(13.76, 17.6), (23.47, 27.31)]]",16
"[[(22.39, 26.23), (15.61, 19.45)]]",16
"[[(24.17, 28.01), (20.14, 23.98)]]",12
"[[(2.38, 6.22), (21.66, 25.5)]]",16
"[[(6.13, 9.969999999999999), (15.24, 19.08)]]",12
"[[(26.53, 30.37), (23.77, 27.61)]]",16
"[[(8.92, 12.76), (23.25, 27.09)]]",16
"[[(8.93, 12.77), (7.33, 11.17)]]",16
"[[(8.38, 12.22), (20.06, 23.9)]]",12
"[[(23.83, 27.669999999999998), (19.15, 22.99)]]",12
"[[(10.13, 13.97), (23.83, 27.669999999999998)]]",12
"[[(6.06, 9.899999999999999), (12.28, 16.119999999999997)]]",12
"[[(1.07, 4.91), (23.27, 27.11)]]",12
"[[(17.15, 20.99), (26.41, 30.25)]]",12
"[[(17.95, 21.79), (23.82, 27.66)]]",16
"[[(0.92, 4.76), (7.18, 11.02)]]",16
"[[(20.0, 23.84), (4.71, 8.55)]]",16
"[[(8.41, 12.25), (16.87, 20.71)]]",16
"[[(13.73, 17.57), (7.83, 11.67)]]",16
"[[(25.28, 29.12), (25.8, 29.64)]]",16
"[[(12.55, 16.39), (17.26, 21.1)]]",16
"[[(15.49, 19.33), (25.94, 29.78)]]",16
"[[(10.2, 14.04), (12.04, 15.879999999999999)]]",12
"[[(11.1, 14.94), (11.8, 15.64)]]",12
"[[(1.92, 5.76), (16.65, 20.49)]]",16
"[[(3.51, 7.35), (3.97, 7.8100000000000005)]]",16
"[[(24.97, 28.81), (0.0, 3.73)]]",16
"[[(7.22, 11.059999999999999), (5.86, 9.7)]]",16
"[[(24.78, 28.62), (22.83, 26.669999999999998)]]",16
"[[(15.81, 19.65), (18.88, 22.72)]]",16
"[[(12.17, 16.009999999999998), (11.22, 15.06)]]",16
"[[(21.99, 25.83), (23.63, 27.47)]]",16
"[[(6.78, 10.620000000000001), (23.24, 27.08)]]",16
"[[(23.98, 27.82), (0.0, 3.4299999999999997)]]",16
"[[(2.13, 5.97), (13.4, 17.240000000000002)]]",12
"[[(17.67, 21.51), (13.13, 16.97)]]",12
"[[(24.92, 28.76), (21.38, 25.22)]]",16
"[[(13.75, 17.59), (6.66, 10.5)]]",16
"[[(3.89, 7.73), (3.67, 7.51)]]",16
"[[(18.83, 22.669999999999998), (14.04, 17.88)]]",12
"[[(9.68, 13.52), (15.17, 19.009999999999998)]]",16
"[[(9.58, 13.42), (0.7, 4.54)]]",16
"[[(25.2, 29.04), (17.58, 21.419999999999998)]]",16
"[[(3.7, 7.54), (17.53, 21.37)]]",16
"[[(26.93, 30.77), (4.58, 8.42)]]",16
"[[(22.52, 26.36), (26.41, 30.25)]]",16
"[[(23.81, 27.65), (7.07, 10.91)]]",12
"[[(16.47, 20.31), (16.5, 20.34)]]",16
"[[(23.28, 27.12), (2.54, 6.38)]]",16
"[[(6.95, 10.79), (27.09, 30.93)]]",12
"[[(19.04, 22.88), (1.84, 5.68)]]",12
"[[(25.21, 29.05), (0.18, 4.02)]]",16
"[[(7.85, 11.69), (7.7, 11.54)]]",16
"[[(11.18, 15.02), (22.66, 26.5)]]",16
"[[(26.45, 30.29), (10.01, 13.85)]]",12
"[[(21.01, 24.85), (9.67, 13.51)]]",12
"[[(25.76, 29.6), (19.93, 23.77)]]",16
"[[(16.15, 19.99), (27.33, 31.0)]]",12
"[[(9.55, 13.39), (21.0, 24.84)]]",16
"[[(24.34, 28.18), (21.99, 25.83)]]",16
"[[(7.17, 11.01), (27.41, 31.0)]]",16
"[[(5.17, 9.01), (5.12, 8.96)]]",12
"[[(3.18, 7.02), (10.18, 14.02)]]",16
"[[(15.96, 19.8), (20.49, 24.33)]]",16
"[[(16.74, 20.58), (9.96, 13.8)]]",16
"[[(23.65, 27.49), (0.0, 3.4699999999999998)]]",16
"[[(13.22, 17.060000000000002), (24.05, 27.89)]]",12
"[[(5.05, 8.89), (22.73, 26.57)]]",12
"[[(23.92, 27.76), (11.69, 15.53)]]",16
"[[(0.46, 4.3), (3.25, 7.09)]]",16
"[[(27.56, 31.0), (2.38, 6.22)]]",16
"[[(3.96, 7.8), (18.56, 22.4)]]",16
"[[(26.22, 30.06), (11.98, 15.82)]]",16
"[[(4.04, 7.88), (20.9, 24.74)]]",12
"[[(17.42, 21.26), (16.58, 20.419999999999998)]]",16
"[[(0.35, 4.1899999999999995), (8.45, 12.29)]]",16
"[[(0.66, 4.5), (26.69, 30.53)]]",16
"[[(10.12, 13.959999999999999), (27.02, 30.86)]]",9
"[[(7.85, 11.69), (0.0, 3.76)]]",16
"[[(22.38, 26.22), (17.47, 21.31)]]",16
"[[(12.76, 16.6), (4.86, 8.7)]]",16
"[[(5.96, 9.8), (9.05, 12.89)]]",12
"[[(26.51, 30.35), (15.15, 18.990000000000002)]]",12
"[[(6.08, 9.92), (4.94, 8.780000000000001)]]",12
"[[(23.12, 26.96), (17.61, 21.45)]]",12
"[[(12.94, 16.78), (22.53, 26.37)]]",16
"[[(21.41, 25.25), (7.63, 11.469999999999999)]]",16
"[[(26.54, 30.38), (23.32, 27.16)]]",16
"[[(23.58, 27.419999999999998), (9.53, 13.37)]]",16
"[[(0.25, 4.09), (5.23, 9.07)]]",16
"[[(14.16, 18.0), (13.84, 17.68)]]",16
"[[(25.0, 28.84), (6.11, 9.95)]]",12
"[[(10.57, 14.41), (14.55, 18.39)]]",16
"[[(2.43, 6.27), (20.08, 23.919999999999998)]]",12
"[[(27.22, 31.0), (6.94, 10.780000000000001)]]",16
"[[(9.83, 13.67), (18.98, 22.82)]]",16
"[[(17.75, 21.59), (13.53, 17.369999999999997)]]",16
"[[(9.0, 12.84), (15.26, 19.1)]]",16
"[[(23.55, 27.39), (2.65, 6.49)]]",16
"[[(20.8, 24.64), (12.61, 16.45)]]",16
"[[(5.72, 9.559999999999999), (11.41, 15.25)]]",16
"[[(4.03, 7.87), (8.66, 12.5)]]",12
"[[(1.07, 4.91), (16.73, 20.57)]]",12
"[[(24.73, 28.57), (24.16, 28.0)]]",16
"[[(25.56, 29.4), (26.63, 30.47)]]",16
"[[(22.93, 26.77), (6.24, 10.08)]]",16
"[[(10.01, 13.85), (22.11, 25.95)]]",9
"[[(6.05, 9.89), (19.95, 23.79)]]",12
"[[(12.4, 16.240000000000002), (3.69, 7.529999999999999)]]",16
"[[(8.87, 12.709999999999999), (16.92, 20.76)]]",16
"[[(16.27, 20.11), (0.2, 4.04)]]",16
"[[(6.15, 9.99), (25.81, 29.65)]]",12
"[[(1.49, 5.33), (8.19, 12.03)]]",16
"[[(15.5, 19.34), (26.85, 30.69)]]",16
"[[(15.74, 19.58), (24.3, 28.14)]]",16
"[[(8.84, 12.68), (21.91, 25.75)]]",16
"[[(17.67, 21.51), (8.69, 12.53)]]",16
"[[(10.22, 14.06), (1.27, 5.109999999999999)]]",16
"[[(23.75, 27.59), (21.56, 25.4)]]",16
"[[(4.6, 8.44), (13.06, 16.9)]]",12
"[[(4.45, 8.29), (16.09, 19.93)]]",12
"[[(4.38, 8.219999999999999), (5.12, 8.96)]]",12
"[[(11.93, 15.77), (13.89, 17.73)]]",16
"[[(14.15, 17.990000000000002), (7.61, 11.45)]]",12
"[[(1.91, 5.75), (4.9, 8.74)]]",16
"[[(14.85, 18.689999999999998), (18.83, 22.669999999999998)]]",16
"[[(5.61, 9.45), (4.57, 8.41)]]",16
"[[(12.29, 16.13), (6.76, 10.6)]]",16
"[[(5.01, 8.85), (15.51, 19.35)]]",12
"[[(18.9, 22.74), (3.7, 7.54)]]",16
"[[(18.15, 21.99), (23.15, 26.99)]]",9
"[[(19.21, 23.05), (22.05, 25.89)]]",12
"[[(6.39, 10.23), (18.91, 22.75)]]",16
"[[(19.68, 23.52), (16.42, 20.26)]]",16
"[[(23.25, 27.09), (5.64, 9.48)]]",16
"[[(8.05, 11.89), (1.08, 4.92)]]",9
"[[(17.73, 21.57), (13.78, 17.619999999999997)]]",16
"[[(11.39, 15.23), (0.96, 4.8)]]",16
"[[(0.2, 4.04), (0.03, 3.8699999999999997)]]",12
"[[(1.2, 5.04), (4.79, 8.629999999999999)]]",16
"[[(22.12, 25.96), (7.37, 11.21)]]",12
"[[(6.39, 10.23), (13.59, 17.43)]]",16
"[[(23.09, 26.93), (16.11, 19.95)]]",9
"[[(20.49, 24.33), (6.51, 10.35)]]",16
"[[(0.0, 3.3899999999999997), (19.3, 23.14)]]",16
"[[(0.0, 3.48), (23.02, 26.86)]]",12
"[[(16.27, 20.11), (9.42, 13.26)]]",16
"[[(24.58, 28.419999999999998), (9.61, 13.45)]]",16
"[[(25.81, 29.65), (3.66, 7.5)]]",16
"[[(23.68, 27.52), (0.63, 4.47)]]",16
"[[(0.0, 3.77), (1.3, 5.14)]]",16
"[[(16.44, 20.28), (7.15, 10.99)]]",12
"[[(9.88, 13.72), (17.66, 21.5)]]",16
"[[(8.99, 12.83), (8.75, 12.59)]]",16
"[[(7.8, 11.64), (18.1, 21.94)]]",12
"[[(22.03, 25.87), (18.17, 22.01)]]",12
"[[(2.15, 5.99), (22.97, 26.81)]]",12
"[[(14.31, 18.15), (11.79, 15.629999999999999)]]",16
"[[(9.09, 12.93), (11.5, 15.34)]]",12
"[[(2.42, 6.26), (25.77, 29.61)]]",16
"[[(19.31, 23.15), (18.57, 22.41)]]",16
"[[(0.12, 3.96), (26.66, 30.5)]]",12
"[[(8.16, 12.0), (21.53, 25.37)]]",16
"[[(7.0, 10.84), (21.51, 25.35)]]",16
"[[(1.15, 4.99), (0.0, 3.38)]]",12
"[[(11.0, 14.84), (7.43, 11.27)]]",16
"[[(24.45, 28.29), (2.52, 6.359999999999999)]]",16
"[[(8.35, 12.19), (21.66, 25.5)]]",16
"[[(14.33, 18.17), (1.9, 5.74)]]",16
"[[(25.55, 29.39), (24.55, 28.39)]]",16
"[[(3.39, 7.23), (5.57, 9.41)]]",16
"[[(3.7, 7.54), (26.55, 30.39)]]",16
"[[(1.46, 5.3), (4.21, 8.05)]]",16
"[[(6.12, 9.96), (27.25, 31.0)]]",12
"[[(5.57, 9.41), (1.74, 5.58)]]",16
"[[(7.8, 11.64), (19.91, 23.75)]]",16
"[[(23.74, 27.58), (12.66, 16.5)]]",16
"[[(17.17, 21.01), (9.42, 13.26)]]",16
"[[(19.25, 23.09), (17.6, 21.44)]]",16
"[[(8.09, 11.93), (22.18, 26.02)]]",12
"[[(10.85, 14.69), (6.0, 9.84)]]",16
"[[(13.62, 17.46), (22.54, 26.38)]]",16
"[[(14.56, 18.4), (13.66, 17.5)]]",16
"[[(23.8, 27.64), (25.96, 29.8)]]",16
"[[(17.86, 21.7), (4.47, 8.309999999999999)]]",16
"[[(26.3, 30.14), (15.19, 19.03)]]",16
"[[(14.66, 18.5), (23.42, 27.26)]]",16
"[[(7.45, 11.29), (24.93, 28.77)]]",16
"[[(4.81, 8.649999999999999), (5.98, 9.82)]]",16
"[[(10.43, 14.27), (25.79, 29.63)]]",16
"[[(6.68, 10.52), (9.17, 13.01)]]",16
"[[(27.02, 30.86), (26.76, 30.6)]]",12
"[[(2.0, 5.84), (23.31, 27.15)]]",16
"[[(5.61, 9.45), (22.86, 26.7)]]",16
"[[(16.47, 20.31), (5.91, 9.75)]]",16
"[[(24.33, 28.169999999999998), (26.88, 30.72)]]",16
"[[(25.01, 28.85), (3.68, 7.52)]]",12
"[[(0.91, 4.75), (2.47, 6.3100000000000005)]]",16
"[[(27.38, 31.0), (9.33, 13.17)]]",16
"[[(8.55, 12.39), (16.24, 20.08)]]",16
"[[(13.17, 17.009999999999998), (13.92, 17.759999999999998)]]",16
"[[(0.0, 3.54), (21.69, 25.53)]]",16
"[[(0.99, 4.83), (8.33, 12.17)]]",16
"[[(7.8, 11.64), (22.56, 26.4)]]",16
"[[(18.95, 22.79), (23.1, 26.94)]]",12
"[[(7.94, 11.780000000000001), (20.2, 24.04)]]",16
"[[(5.87, 9.71), (2.17, 6.01)]]",16
"[[(15.14, 18.98), (2.5, 6.34)]]",12
"[[(4.92, 8.76), (2.99, 6.83)]]",16
"[[(4.51, 8.35), (3.52, 7.359999999999999)]]",16
"[[(17.48, 21.32), (20.04, 23.88)]]",12
"[[(16.95, 20.79), (2.32, 6.16)]]",16
"[[(23.99, 27.83), (6.14, 9.98)]]",12
"[[(25.26, 29.1), (4.39, 8.23)]]",16
"[[(4.83, 8.67), (27.66, 31.0)]]",16
"[[(13.77, 17.61), (22.64, 26.48)]]",16
"[[(21.88, 25.72), (20.25, 24.09)]]",16
"[[(7.19, 11.030000000000001), (2.03, 5.869999999999999)]]",12
"[[(16.46, 20.3), (21.13, 24.97)]]",12
"[[(12.19, 16.03), (16.75, 20.59)]]",16
"[[(14.12, 17.96), (21.95, 25.79)]]",12
"[[(21.81, 25.65), (27.58, 31.0)]]",16
"[[(24.13, 27.97), (19.71, 23.55)]]",12
"[[(15.96, 19.8), (16.41, 20.25)]]",16
"[[(15.42, 19.259999999999998), (12.18, 16.02)]]",16
"[[(26.14, 29.98), (14.26, 18.1)]]",12
"[[(8.26, 12.1), (0.0, 3.75)]]",16
"[[(18.76, 22.6), (12.74, 16.58)]]",16
"[[(3.48, 7.32), (8.0, 11.84)]]",16
"[[(17.26, 21.1), (2.96, 6.8)]]",16
"[[(19.8, 23.64), (1.0, 4.84)]]",16
"[[(21.85, 25.69), (20.51, 24.35)]]",16
"[[(15.32, 19.16), (10.08, 13.92)]]",12
"[[(16.12, 19.96), (10.14, 13.98)]]",9
"[[(1.88, 5.72), (16.07, 19.91)]]",12
"[[(27.59, 31.0), (7.16, 11.0)]]",16
"[[(8.83, 12.67), (8.82, 12.66)]]",16
"[[(11.91, 15.75), (22.65, 26.49)]]",16
"[[(22.31, 26.15), (2.64, 6.48)]]",16
"[[(15.11, 18.95), (0.0, 3.54)]]",12
"[[(15.26, 19.1), (0.0, 3.6199999999999997)]]",16
"[[(25.0, 28.84), (12.25, 16.09)]]",16
"[[(17.26, 21.1), (7.86, 11.7)]]",16
"[[(22.44, 26.28), (9.88, 13.72)]]",16
"[[(9.19, 13.03), (25.97, 29.81)]]",16
"[[(5.39, 9.23), (22.92, 26.76)]]",16
"[[(13.61, 17.45), (22.88, 26.72)]]",16
"[[(13.57, 17.41), (12.51, 16.35)]]",16
"[[(26.08, 29.919999999999998), (7.89, 11.73)]]",12
"[[(9.6, 13.44), (26.0, 29.84)]]",16
"[[(27.4, 31.0), (10.86, 14.7)]]",16
"[[(25.26, 29.1), (13.94, 17.78)]]",16
"[[(18.27, 22.11), (10.29, 14.129999999999999)]]",16
"[[(24.9, 28.74), (23.15, 26.99)]]",12
"[[(24.29, 28.13), (13.37, 17.21)]]",16
"[[(19.32, 23.16), (16.52, 20.36)]]",16
"[[(0.56, 4.4), (24.38, 28.22)]]",16
"[[(5.2, 9.04), (16.08, 19.919999999999998)]]",12
"[[(17.18, 21.02), (15.25, 19.09)]]",16
"[[(16.61, 20.45), (22.95, 26.79)]]",16
"[[(3.29, 7.13), (11.64, 15.48)]]",16
"[[(10.0, 13.84), (25.15, 28.99)]]",12
"[[(14.81, 18.65), (1.0, 4.84)]]",16
"[[(24.55, 28.39), (2.22, 6.0600000000000005)]]",16
"[[(9.49, 13.33), (16.45, 20.29)]]",16
"[[(26.16, 30.0), (24.74, 28.58)]]",16
"[[(13.5, 17.34), (9.01, 12.85)]]",12
"[[(22.17, 26.01), (3.82, 7.66)]]",16
"[[(23.34, 27.18), (1.65, 5.49)]]",16
"[[(27.65, 31.0), (6.29, 10.129999999999999)]]",16
"[[(10.07, 13.91), (13.86, 17.7)]]",12
"[[(26.83, 30.669999999999998), (7.55, 11.39)]]",16
"[[(26.32, 30.16), (27.35, 31.0)]]",16
"[[(23.74, 27.58), (18.9, 22.74)]]",16
"[[(12.66, 16.5), (2.72, 6.5600000000000005)]]",16
"[[(6.83, 10.67), (27.1, 30.94)]]",12
"[[(8.39, 12.23), (23.78, 27.62)]]",16
"[[(5.7, 9.54), (21.31, 25.15)]]",16
"[[(5.94, 9.780000000000001), (0.89, 4.7299999999999995)]]",16
"[[(1.5, 5.34), (23.83, 27.669999999999998)]]",16
"[[(3.61, 7.449999999999999), (2.84, 6.68)]]",16
"[[(18.42, 22.26), (25.54, 29.38)]]",16
"[[(12.19, 16.03), (10.57, 14.41)]]",16
"[[(10.93, 14.77), (9.55, 13.39)]]",16
"[[(19.17, 23.01), (18.65, 22.49)]]",16
"[[(16.78, 20.62), (16.92, 20.76)]]",16
"[[(8.52, 12.36), (1.01, 4.85)]]",12
"[[(13.73, 17.57), (1.51, 5.35)]]",16
"[[(13.03, 16.869999999999997), (12.95, 16.79)]]",12
"[[(0.47, 4.31), (25.97, 29.81)]]",16
"[[(2.08, 5.92), (5.49, 9.33)]]",12
"[[(20.67, 24.51), (7.96, 11.8)]]",16
"[[(11.52, 15.36), (1.05, 4.89)]]",12
"[[(4.4, 8.24), (23.1, 26.94)]]",12
"[[(0.84, 4.68), (0.42, 4.26)]]",16
"[[(13.58, 17.42), (25.85, 29.69)]]",16
"[[(21.23, 25.07), (8.83, 12.67)]]",16
"[[(2.73, 6.57), (2.59, 6.43)]]",16
"[[(14.68, 18.52), (12.5, 16.34)]]",16
"[[(15.09, 18.93), (17.94, 21.78)]]",12
"[[(11.19, 15.03), (18.41, 22.25)]]",16
"[[(5.28, 9.120000000000001), (1.11, 4.95)]]",12
"[[(17.49, 21.33), (3.27, 7.109999999999999)]]",16
"[[(25.26, 29.1), (15.6, 19.439999999999998)]]",16
"[[(6.52, 10.36), (4.04, 7.88)]]",12
"[[(25.15, 28.99), (27.01, 30.85)]]",9
"[[(10.15, 13.99), (21.99, 25.83)]]",12
"[[(13.15, 16.990000000000002), (1.11, 4.95)]]",9
"[[(24.38, 28.22), (13.88, 17.72)]]",16
"[[(4.41, 8.25), (5.05, 8.89)]]",12
"[[(18.23, 22.07), (11.44, 15.28)]]",16
"[[(11.36, 15.2), (6.94, 10.780000000000001)]]",16
"[[(27.39, 31.0), (25.92, 29.76)]]",16
"[[(9.9, 13.74), (20.77, 24.61)]]",16
"[[(13.08, 16.92), (12.12, 15.959999999999999)]]",9
"[[(6.74, 10.58), (22.64, 26.48)]]",16
"[[(17.38, 21.22), (8.98, 12.82)]]",16
"[[(26.93, 30.77), (19.08, 22.919999999999998)]]",12
"[[(15.57, 19.41), (14.05, 17.89)]]",12
"[[(22.93, 26.77), (14.69, 18.53)]]",16
"[[(17.58, 21.419999999999998), (20.03, 23.87)]]",12
"[[(3.77, 7.609999999999999), (2.68, 6.52)]]",16
"[[(8.3, 12.14), (7.79, 11.629999999999999)]]",16
"[[(12.99, 16.83), (4.85, 8.69)]]",16
"[[(24.49, 28.33), (26.7, 30.54)]]",16
"[[(6.22, 10.059999999999999), (24.37, 28.21)]]",16
"[[(17.95, 21.79), (20.37, 24.21)]]",16
"[[(25.45, 29.29), (20.61, 24.45)]]",16
"[[(0.42, 4.26), (18.24, 22.08)]]",16
"[[(8.21, 12.05), (0.79, 4.63)]]",16
"[[(3.76, 7.6), (19.12, 22.96)]]",12
"[[(25.67, 29.51), (6.62, 10.46)]]",16
"[[(14.31, 18.15), (8.67, 12.51)]]",16
"[[(14.09, 17.93), (23.89, 27.73)]]",12
"[[(0.7, 4.54), (18.23, 22.07)]]",16
"[[(17.96, 21.8), (22.47, 26.31)]]",16
"[[(8.64, 12.48), (15.26, 19.1)]]",16
"[[(3.07, 6.91), (11.11, 14.95)]]",9
"[[(27.52, 31.0), (17.33, 21.169999999999998)]]",16
"[[(13.12, 16.96), (20.1, 23.94)]]",9
"[[(16.19, 20.03), (13.67, 17.509999999999998)]]",16
"[[(4.03, 7.87), (16.57, 20.41)]]",12
"[[(6.36, 10.2), (9.6, 13.44)]]",16
"[[(3.65, 7.49), (25.42, 29.26)]]",16
"[[(9.74, 13.58), (23.38, 27.22)]]",16
"[[(19.88, 23.72), (15.39, 19.23)]]",16
"[[(5.33, 9.17), (0.09, 3.9299999999999997)]]",12
"[[(13.47, 17.310000000000002), (10.95, 14.79)]]",16
"[[(26.57, 30.41), (0.67, 4.51)]]",16
"[[(12.28, 16.119999999999997), (15.73, 19.57)]]",16
"[[(23.57, 27.41), (17.87, 21.71)]]",16
"[[(1.53, 5.37), (5.25, 9.09)]]",16
"[[(21.63, 25.47), (24.1, 27.94)]]",12
"[[(18.68, 22.52), (4.33, 8.17)]]",16
"[[(16.58, 20.419999999999998), (22.25, 26.09)]]",16
"[[(13.23, 17.07), (26.94, 30.78)]]",16
"[[(25.18, 29.02), (7.46, 11.3)]]",16
"[[(25.56, 29.4), (7.54, 11.379999999999999)]]",16
"[[(25.59, 29.43), (20.57, 24.41)]]",16
"[[(23.99, 27.83), (13.04, 16.88)]]",12
"[[(9.93, 13.77), (18.83, 22.669999999999998)]]",16
"[[(22.81, 26.65), (21.37, 25.21)]]",16
"[[(21.65, 25.49), (15.53, 19.369999999999997)]]",16
"[[(4.27, 8.11), (20.79, 24.63)]]",16
"[[(4.81, 8.649999999999999), (4.08, 7.92)]]",12
"[[(17.67, 21.51), (14.7, 18.54)]]",16
"[[(19.21, 23.05), (11.21, 15.05)]]",16
"[[(6.8, 10.64), (12.75, 16.59)]]",16
"[[(4.64, 8.48), (26.15, 29.99)]]",12
"[[(12.89, 16.73), (26.17, 30.01)]]",16
"[[(19.56, 23.4), (9.0, 12.84)]]",16
"[[(22.46, 26.3), (13.96, 17.8)]]",16
"[[(17.18, 21.02), (17.35, 21.19)]]",16
"[[(3.29, 7.13), (17.45, 21.29)]]",16
"[[(9.14, 12.98), (2.37, 6.21)]]",12
"[[(9.93, 13.77), (20.28, 24.12)]]",16
"[[(0.94, 4.779999999999999), (22.67, 26.51)]]",16
"[[(17.41, 21.25), (1.65, 5.49)]]",16
"[[(13.63, 17.47), (23.23, 27.07)]]",16
"[[(6.33, 10.17), (3.16, 7.0)]]",16
"[[(23.57, 27.41), (18.28, 22.12)]]",16
"[[(3.47, 7.3100000000000005), (16.19, 20.03)]]",16
"[[(2.39, 6.23), (11.46, 15.3)]]",16
"[[(10.88, 14.72), (4.23, 8.07)]]",16
"[[(9.15, 12.99), (18.21, 22.05)]]",12
"[[(4.62, 8.46), (19.95, 23.79)]]",16
"[[(19.88, 23.72), (17.53, 21.37)]]",16
"[[(21.03, 24.87), (1.17, 5.01)]]",12
"[[(3.35, 7.1899999999999995), (19.0, 22.84)]]",16
"[[(5.04, 8.879999999999999), (24.04, 27.88)]]",9
"[[(6.55, 10.39), (22.83, 26.669999999999998)]]",16
"[[(12.52, 16.36), (27.32, 31.0)]]",16
"[[(12.36, 16.2), (25.88, 29.72)]]",16
"[[(8.67, 12.51), (18.91, 22.75)]]",16
"[[(20.99, 24.83), (16.85, 20.69)]]",16
"[[(26.91, 30.75), (9.67, 13.51)]]",16
"[[(12.15, 15.99), (8.83, 12.67)]]",12
"[[(7.57, 11.41), (2.03, 5.869999999999999)]]",12
"[[(10.41, 14.25), (21.6, 25.44)]]",16
"[[(17.0, 20.84), (15.04, 18.88)]]",12
"[[(4.85, 8.69), (1.21, 5.05)]]",16
"[[(2.3, 6.14), (3.26, 7.1)]]",16
"[[(9.78, 13.62), (8.24, 12.08)]]",16
"[[(1.26, 5.1), (14.17, 18.009999999999998)]]",16
"[[(9.39, 13.23), (5.4, 9.24)]]",16
"[[(21.44, 25.28), (5.39, 9.23)]]",16
"[[(2.83, 6.67), (14.78, 18.619999999999997)]]",16
"[[(22.2, 26.04), (11.82, 15.66)]]",16
"[[(14.7, 18.54), (24.47, 28.31)]]",16
"[[(6.62, 10.46), (5.48, 9.32)]]",16
"[[(21.14, 24.98), (26.47, 30.31)]]",12
"[[(12.39, 16.23), (18.29, 22.13)]]",16
"[[(8.41, 12.25), (20.12, 23.96)]]",12
"[[(12.79, 16.63), (20.89, 24.73)]]",16
"[[(1.7, 5.54), (24.56, 28.4)]]",16
"[[(17.85, 21.69), (25.27, 29.11)]]",16
"[[(15.84, 19.68), (0.0, 3.6799999999999997)]]",16
"[[(7.94, 11.780000000000001), (7.31, 11.149999999999999)]]",16
"[[(18.18, 22.02), (16.93, 20.77)]]",16
"[[(4.24, 8.08), (3.98, 7.82)]]",16
"[[(18.47, 22.31), (21.32, 25.16)]]",16
"[[(24.71, 28.55), (11.84, 15.68)]]",16
"[[(25.82, 29.66), (9.71, 13.55)]]",16
"[[(18.43, 22.27), (19.65, 23.49)]]",16
"[[(20.98, 24.82), (12.64, 16.48)]]",16
"[[(9.9, 13.74), (0.0, 3.61)]]",16
"[[(21.26, 25.1), (0.29, 4.13)]]",16
"[[(20.55, 24.39), (0.63, 4.47)]]",16
"[[(15.09, 18.93), (9.82, 13.66)]]",12
"[[(12.75, 16.59), (12.35, 16.189999999999998)]]",16
"[[(2.12, 5.96), (2.1, 5.9399999999999995)]]",9
"[[(0.03, 3.8699999999999997), (14.83, 18.67)]]",12
"[[(12.33, 16.17), (9.97, 13.81)]]",16
"[[(10.68, 14.52), (3.9, 7.74)]]",16
"[[(14.25, 18.09), (10.42, 14.26)]]",16
"[[(15.99, 19.83), (18.1, 21.94)]]",12
"[[(27.22, 31.0), (24.27, 28.11)]]",16
"[[(5.54, 9.379999999999999), (12.51, 16.35)]]",16
"[[(20.51, 24.35), (2.9, 6.74)]]",16
"[[(3.1, 6.9399999999999995), (0.0, 3.6199999999999997)]]",12
"[[(22.82, 26.66), (21.41, 25.25)]]",16
"[[(19.77, 23.61), (0.55, 4.39)]]",16
"[[(4.44, 8.280000000000001), (9.41, 13.25)]]",16
"[[(24.24, 28.08), (18.71, 22.55)]]",16
"[[(7.53, 11.370000000000001), (9.33, 13.17)]]",16
"[[(1.56, 5.4), (9.23, 13.07)]]",16
"[[(24.28, 28.12), (17.35, 21.19)]]",16
"[[(7.46, 11.3), (22.33, 26.169999999999998)]]",16
"[[(6.52, 10.36), (7.26, 11.1)]]",16
"[[(26.83, 30.669999999999998), (11.41, 15.25)]]",16
"[[(21.28, 25.12), (17.03, 20.87)]]",12
"[[(13.16, 17.0), (12.46, 16.3)]]",16
"[[(13.25, 17.09), (4.99, 8.83)]]",16
"[[(10.87, 14.709999999999999), (21.82, 25.66)]]",16
"[[(23.56, 27.4), (11.65, 15.49)]]",16
"[[(26.26, 30.1), (26.35, 30.19)]]",16
"[[(4.84, 8.68), (18.09, 21.93)]]",12
"[[(19.45, 23.29), (15.04, 18.88)]]",12
"[[(1.65, 5.49), (7.18, 11.02)]]",16
"[[(20.44, 24.28), (4.03, 7.87)]]",12
"[[(2.43, 6.27), (0.0, 3.6199999999999997)]]",16
"[[(12.3, 16.14), (11.87, 15.709999999999999)]]",16
"[[(0.0, 3.6799999999999997), (20.9, 24.74)]]",16
"[[(3.17, 7.01), (23.35, 27.19)]]",16
"[[(2.9, 6.74), (22.97, 26.81)]]",16
"[[(15.58, 19.42), (3.27, 7.109999999999999)]]",16
"[[(20.5, 24.34), (13.59, 17.43)]]",16
"[[(25.87, 29.71), (2.39, 6.23)]]",16
"[[(20.04, 23.88), (0.74, 4.58)]]",12
"[[(21.5, 25.34), (3.17, 7.01)]]",16
"[[(1.59, 5.43), (2.97, 6.8100000000000005)]]",16
"[[(18.38, 22.22), (4.1, 7.9399999999999995)]]",12
"[[(0.64, 4.4799999999999995), (11.2, 15.04)]]",16
"[[(16.36, 20.2), (6.56, 10.399999999999999)]]",16
"[[(20.0, 23.84), (17.75, 21.59)]]",16
"[[(9.22, 13.06), (24.41, 28.25)]]",16
"[[(21.96, 25.8), (5.72, 9.559999999999999)]]",16
"[[(14.09, 17.93), (17.03, 20.87)]]",9
"[[(17.65, 21.49), (9.65, 13.49)]]",16
"[[(1.56, 5.4), (16.26, 20.1)]]",16
"[[(1.71, 5.55), (15.12, 18.96)]]",12
"[[(17.76, 21.6), (18.54, 22.38)]]",16
"[[(0.68, 4.52), (5.95, 9.79)]]",16
"[[(11.06, 14.9), (13.06, 16.9)]]",9
"[[(13.83, 17.67), (25.28, 29.12)]]",16
"[[(20.65, 24.49), (12.3, 16.14)]]",16
"[[(13.73, 17.57), (0.0, 3.8)]]",16
"[[(20.12, 23.96), (21.4, 25.24)]]",12
"[[(10.4, 14.24), (8.65, 12.49)]]",16
"[[(18.13, 21.97), (26.28, 30.12)]]",12
"[[(0.0, 3.34), (23.67, 27.51)]]",16
"[[(3.17, 7.01), (25.03, 28.87)]]",12
"[[(21.64, 25.48), (21.29, 25.13)]]",16
"[[(0.04, 3.88), (21.97, 25.81)]]",12
"[[(13.49, 17.33), (9.92, 13.76)]]",16
"[[(13.53, 17.369999999999997), (6.9, 10.74)]]",16
"[[(1.71, 5.55), (22.2, 26.04)]]",16
"[[(2.21, 6.05), (9.15, 12.99)]]",12
"[[(7.9, 11.74), (1.4, 5.24)]]",16
"[[(0.0, 3.79), (12.33, 16.17)]]",16
"[[(1.17, 5.01), (7.0, 10.84)]]",16
"[[(9.42, 13.26), (12.19, 16.03)]]",16
"[[(7.87, 11.71), (5.77, 9.61)]]",16
"[[(6.12, 9.96), (22.27, 26.11)]]",12
"[[(27.49, 31.0), (15.65, 19.490000000000002)]]",16
"[[(4.87, 8.71), (5.24, 9.08)]]",16
"[[(3.63, 7.47), (18.33, 22.169999999999998)]]",16
"[[(11.82, 15.66), (13.55, 17.39)]]",16
"[[(0.04, 3.88), (26.7, 30.54)]]",12
"[[(25.84, 29.68), (22.81, 26.65)]]",16
"[[(3.29, 7.13), (7.87, 11.71)]]",16
"[[(21.61, 25.45), (1.67, 5.51)]]",16
"[[(9.72, 13.56), (11.87, 15.709999999999999)]]",16
"[[(7.14, 10.98), (1.6, 5.4399999999999995)]]",12
"[[(7.88, 11.719999999999999), (9.12, 12.959999999999999)]]",12
"[[(1.39, 5.2299999999999995), (4.84, 8.68)]]",16
"[[(14.17, 18.009999999999998), (18.77, 22.61)]]",16
"[[(25.11, 28.95), (10.66, 14.5)]]",12
"[[(3.42, 7.26), (7.83, 11.67)]]",16
"[[(17.76, 21.6), (14.92, 18.759999999999998)]]",16
"[[(12.87, 16.71), (22.51, 26.35)]]",16
"[[(9.55, 13.39), (26.68, 30.52)]]",16
"[[(4.41, 8.25), (11.73, 15.57)]]",16
"[[(1.76, 5.6), (5.79, 9.629999999999999)]]",16
"[[(7.44, 11.280000000000001), (27.59, 31.0)]]",16
"[[(15.67, 19.509999999999998), (19.45, 23.29)]]",16
"[[(24.46, 28.3), (23.58, 27.419999999999998)]]",16
"[[(5.65, 9.49), (0.0, 3.4099999999999997)]]",16
"[[(20.09, 23.93), (10.42, 14.26)]]",12
"[[(10.28, 14.12), (3.51, 7.35)]]",16
"[[(14.72, 18.560000000000002), (10.83, 14.67)]]",16
"[[(26.38, 30.22), (9.94, 13.78)]]",16
"[[(3.69, 7.529999999999999), (11.86, 15.7)]]",16
"[[(22.75, 26.59), (16.27, 20.11)]]",16
"[[(0.93, 4.77), (26.35, 30.19)]]",16
"[[(13.92, 17.759999999999998), (8.67, 12.51)]]",16
"[[(20.23, 24.07), (1.39, 5.2299999999999995)]]",16
"[[(19.71, 23.55), (17.5, 21.34)]]",16
"[[(9.04, 12.879999999999999), (13.69, 17.53)]]",12
"[[(20.01, 23.85), (3.98, 7.82)]]",12
"[[(8.67, 12.51), (2.62, 6.46)]]",16
"[[(25.29, 29.13), (16.07, 19.91)]]",12
"[[(3.41, 7.25), (12.5, 16.34)]]",16
"[[(1.86, 5.7), (0.0, 3.4499999999999997)]]",16
"[[(12.0, 15.84), (26.43, 30.27)]]",16
"[[(13.03, 16.869999999999997), (5.25, 9.09)]]",12
"[[(26.86, 30.7), (10.07, 13.91)]]",12
"[[(15.72, 19.560000000000002), (4.96, 8.8)]]",16
"[[(14.08, 17.92), (18.76, 22.6)]]",12
"[[(3.74, 7.58), (10.54, 14.379999999999999)]]",16
"[[(9.52, 13.36), (19.24, 23.08)]]",16
"[[(16.83, 20.669999999999998), (3.77, 7.609999999999999)]]",16
"[[(18.05, 21.89), (10.82, 14.66)]]",12
"[[(5.85, 9.69), (23.95, 27.79)]]",16
"[[(16.52, 20.36), (17.66, 21.5)]]",16
"[[(23.41, 27.25), (12.08, 15.92)]]",12
"[[(22.08, 25.919999999999998), (26.25, 30.09)]]",12
"[[(16.63, 20.47), (6.52, 10.36)]]",16
"[[(23.85, 27.69), (11.64, 15.48)]]",16
"[[(7.59, 11.43), (22.26, 26.1)]]",16
"[[(5.41, 9.25), (20.99, 24.83)]]",16
"[[(6.21, 10.05), (4.0, 7.84)]]",16
"[[(19.67, 23.51), (22.43, 26.27)]]",16
"[[(14.39, 18.23), (5.03, 8.870000000000001)]]",12
"[[(16.86, 20.7), (24.27, 28.11)]]",16
"[[(6.14, 9.98), (2.47, 6.3100000000000005)]]",12
"[[(1.98, 5.82), (1.62, 5.46)]]",16
"[[(14.44, 18.28), (8.03, 11.87)]]",12
"[[(10.48, 14.32), (9.75, 13.59)]]",16
"[[(11.07, 14.91), (20.97, 24.81)]]",12
"[[(4.78, 8.620000000000001), (9.54, 13.379999999999999)]]",16
"[[(10.86, 14.7), (12.36, 16.2)]]",16
"[[(12.8, 16.64), (4.07, 7.91)]]",12
"[[(8.35, 12.19), (3.95, 7.79)]]",16
"[[(6.3, 10.14), (23.16, 27.0)]]",16
"[[(22.9, 26.74), (8.65, 12.49)]]",16
"[[(11.49, 15.33), (14.71, 18.55)]]",16
"[[(7.85, 11.69), (12.92, 16.759999999999998)]]",16
"[[(1.02, 4.859999999999999), (10.58, 14.42)]]",12
"[[(7.21, 11.05), (13.13, 16.97)]]",12
"[[(7.99, 11.83), (14.11, 17.95)]]",12
"[[(13.7, 17.54), (8.95, 12.79)]]",16
"[[(25.56, 29.4), (15.1, 18.939999999999998)]]",12
"[[(12.58, 16.42), (22.46, 26.3)]]",16
"[[(14.07, 17.91), (9.98, 13.82)]]",12
"[[(15.48, 19.32), (9.89, 13.73)]]",16
"[[(11.2, 15.04), (12.62, 16.46)]]",16
"[[(13.94, 17.78), (18.4, 22.24)]]",16
"[[(23.27, 27.11), (12.97, 16.810000000000002)]]",16
"[[(19.83, 23.669999999999998), (19.54, 23.38)]]",16
"[[(6.11, 9.95), (22.11, 25.95)]]",9
"[[(3.04, 6.88), (19.12, 22.96)]]",9
"[[(19.51, 23.35), (3.41, 7.25)]]",16
"[[(15.79, 19.63), (1.86, 5.7)]]",16
"[[(8.26, 12.1), (26.82, 30.66)]]",16
"[[(2.23, 6.07), (23.26, 27.1)]]",16
"[[(23.34, 27.18), (27.24, 31.0)]]",16
"[[(25.98, 29.82), (11.79, 15.629999999999999)]]",16
"[[(14.18, 18.02), (11.99, 15.83)]]",16
"[[(11.2, 15.04), (21.82, 25.66)]]",16
"[[(25.47, 29.31), (12.79, 16.63)]]",16
"[[(10.91, 14.75), (14.03, 17.869999999999997)]]",12
"[[(21.55, 25.39), (13.83, 17.67)]]",16
"[[(17.37, 21.21), (6.17, 10.01)]]",16
"[[(11.06, 14.9), (1.17, 5.01)]]",12
"[[(2.05, 5.89), (26.11, 29.95)]]",9
"[[(2.91, 6.75), (1.97, 5.81)]]",16
"[[(25.65, 29.49), (9.49, 13.33)]]",16
"[[(13.13, 16.97), (2.21, 6.05)]]",12
"[[(9.46, 13.3), (26.63, 30.47)]]",16
"[[(14.15, 17.990000000000002), (17.48, 21.32)]]",12
"[[(10.31, 14.15), (7.17, 11.01)]]",16
"[[(24.6, 28.44), (25.85, 29.69)]]",16
"[[(18.65, 22.49), (12.18, 16.02)]]",16
"[[(25.23, 29.07), (7.91, 11.75)]]",16
"[[(0.0, 3.67), (14.6, 18.439999999999998)]]",16
"[[(24.27, 28.11), (21.88, 25.72)]]",16
"[[(4.83, 8.67), (15.01, 18.85)]]",12
"[[(17.23, 21.07), (2.3, 6.14)]]",16
"[[(1.12, 4.96), (17.46, 21.3)]]",12
"[[(3.86, 7.699999999999999), (17.91, 21.75)]]",16
"[[(12.53, 16.369999999999997), (25.05, 28.89)]]",12
"[[(2.17, 6.01), (8.26, 12.1)]]",16
"[[(25.94, 29.78), (11.86, 15.7)]]",16
"[[(19.19, 23.03), (18.97, 22.81)]]",16
"[[(15.56, 19.4), (5.5, 9.34)]]",16
"[[(7.71, 11.55), (12.8, 16.64)]]",16
"[[(13.72, 17.560000000000002), (12.57, 16.41)]]",16
"[[(15.7, 19.54), (5.11, 8.95)]]",12
"[[(22.15, 25.99), (10.47, 14.31)]]",12
"[[(15.49, 19.33), (19.78, 23.62)]]",16
"[[(8.37, 12.209999999999999), (21.16, 25.0)]]",16
"[[(0.86, 4.7), (4.46, 8.3)]]",16
"[[(20.77, 24.61), (11.08, 14.92)]]",12
"[[(17.43, 21.27), (20.83, 24.669999999999998)]]",16
"[[(15.83, 19.67), (24.46, 28.3)]]",16
"[[(2.27, 6.109999999999999), (16.15, 19.99)]]",12
"[[(25.22, 29.06), (16.53, 20.37)]]",16
"[[(0.21, 4.05), (16.81, 20.65)]]",16
"[[(22.53, 26.37), (25.91, 29.75)]]",16
"[[(26.7, 30.54), (21.55, 25.39)]]",16
"[[(21.26, 25.1), (7.59, 11.43)]]",16
"[[(26.23, 30.07), (11.46, 15.3)]]",16
"[[(0.44, 4.28), (17.81, 21.65)]]",16
"[[(3.56, 7.4), (14.35, 18.189999999999998)]]",16
"[[(27.4, 31.0), (17.13, 20.97)]]",12
"[[(27.4, 31.0), (22.92, 26.76)]]",16
"[[(19.85, 23.69), (0.91, 4.75)]]",16
"[[(9.69, 13.53), (17.06, 20.9)]]",12
"[[(5.76, 9.6), (24.83, 28.669999999999998)]]",16
"[[(1.67, 5.51), (0.25, 4.09)]]",16
"[[(21.33, 25.169999999999998), (22.28, 26.12)]]",16
"[[(17.5, 21.34), (18.02, 21.86)]]",12
"[[(18.48, 22.32), (8.09, 11.93)]]",12
"[[(6.5, 10.34), (25.82, 29.66)]]",16
"[[(9.1, 12.94), (6.65, 10.49)]]",12
"[[(7.01, 10.85), (12.24, 16.08)]]",12
"[[(13.7, 17.54), (1.1, 4.9399999999999995)]]",12
"[[(16.84, 20.68), (23.45, 27.29)]]",16
"[[(9.75, 13.59), (7.33, 11.17)]]",16
"[[(13.7, 17.54), (9.43, 13.27)]]",16
"[[(6.48, 10.32), (20.15, 23.99)]]",12
"[[(10.3, 14.14), (10.0, 13.84)]]",16
"[[(21.41, 25.25), (24.25, 28.09)]]",16
"[[(26.93, 30.77), (1.21, 5.05)]]",16
"[[(16.31, 20.15), (7.86, 11.7)]]",16
"[[(24.28, 28.12), (1.2, 5.04)]]",16
"[[(13.41, 17.25), (23.62, 27.46)]]",16
"[[(23.66, 27.5), (13.06, 16.9)]]",12
"[[(14.17, 18.009999999999998), (19.22, 23.06)]]",16
"[[(12.11, 15.95), (22.51, 26.35)]]",12
"[[(10.26, 14.1), (15.47, 19.310000000000002)]]",16
"[[(10.18, 14.02), (22.53, 26.37)]]",16
"[[(13.7, 17.54), (2.74, 6.58)]]",16
"[[(12.29, 16.13), (27.5, 31.0)]]",16
"[[(6.81, 10.649999999999999), (2.77, 6.609999999999999)]]",16
"[[(9.64, 13.48), (13.48, 17.32)]]",16
"[[(22.31, 26.15), (18.66, 22.5)]]",16
"[[(12.66, 16.5), (27.27, 31.0)]]",16
"[[(22.09, 25.93), (3.9, 7.74)]]",12
"[[(20.28, 24.12), (2.98, 6.82)]]",16
"[[(22.04, 25.88), (18.3, 22.14)]]",12
"[[(5.84, 9.68), (27.49, 31.0)]]",16
"[[(23.23, 27.07), (1.83, 5.67)]]",16
"[[(24.88, 28.72), (12.86, 16.7)]]",16
"[[(1.91, 5.75), (26.31, 30.15)]]",16
"[[(8.25, 12.09), (1.13, 4.97)]]",12
"[[(17.54, 21.38), (25.18, 29.02)]]",16
"[[(19.3, 23.14), (17.07, 20.91)]]",12
"[[(4.48, 8.32), (19.87, 23.71)]]",16
"[[(8.41, 12.25), (2.54, 6.38)]]",16
"[[(23.42, 27.26), (25.41, 29.25)]]",16
"[[(4.04, 7.88), (12.89, 16.73)]]",12
"[[(8.53, 12.37), (2.3, 6.14)]]",16
"[[(10.13, 13.97), (22.27, 26.11)]]",12
"[[(17.13, 20.97), (21.39, 25.23)]]",12
"[[(2.34, 6.18), (17.29, 21.13)]]",16
"[[(7.39, 11.23), (6.63, 10.469999999999999)]]",16
"[[(10.45, 14.29), (3.26, 7.1)]]",16
"[[(18.68, 22.52), (18.59, 22.43)]]",16
"[[(22.48, 26.32), (4.39, 8.23)]]",16
"[[(3.15, 6.99), (21.26, 25.1)]]",12
"[[(3.97, 7.8100000000000005), (12.18, 16.02)]]",16
"[[(16.98, 20.82), (3.88, 7.72)]]",16
"[[(7.63, 11.469999999999999), (5.68, 9.52)]]",16
"[[(7.72, 11.559999999999999), (10.87, 14.709999999999999)]]",16
"[[(18.91, 22.75), (13.38, 17.22)]]",16
"[[(5.43, 9.27), (19.57, 23.41)]]",16
"[[(11.17, 15.01), (16.27, 20.11)]]",16
"[[(19.71, 23.55), (9.36, 13.2)]]",16
"[[(20.76, 24.6), (6.16, 10.0)]]",16
"[[(27.2, 31.0), (22.78, 26.62)]]",16
"[[(15.55, 19.39), (12.18, 16.02)]]",16
"[[(19.93, 23.77), (25.01, 28.85)]]",12
"[[(4.31, 8.149999999999999), (6.4, 10.24)]]",16
"[[(2.83, 6.67), (25.55, 29.39)]]",16
"[[(22.27, 26.11), (23.04, 26.88)]]",12
"[[(4.67, 8.51), (12.0, 15.84)]]",16
"[[(23.09, 26.93), (20.17, 24.01)]]",12
"[[(22.96, 26.8), (26.71, 30.55)]]",16
"[[(20.38, 24.22), (7.98, 11.82)]]",16
"[[(8.74, 12.58), (17.52, 21.36)]]",16
"[[(14.23, 18.07), (22.16, 26.0)]]",16
"[[(7.67, 11.51), (10.36, 14.2)]]",16
"[[(2.71, 6.55), (5.14, 8.98)]]",12
"[[(6.52, 10.36), (14.14, 17.98)]]",12
"[[(20.83, 24.669999999999998), (12.53, 16.369999999999997)]]",16
"[[(8.24, 12.08), (7.02, 10.86)]]",12
"[[(16.78, 20.62), (12.75, 16.59)]]",16
"[[(12.19, 16.03), (19.28, 23.12)]]",16
"[[(5.03, 8.870000000000001), (16.01, 19.85)]]",9
"[[(15.22, 19.060000000000002), (5.27, 9.11)]]",16
"[[(23.66, 27.5), (23.09, 26.93)]]",12
"[[(16.51, 20.35), (9.21, 13.05)]]",16
"[[(3.07, 6.91), (3.95, 7.79)]]",12
"[[(8.03, 11.87), (8.03, 11.87)]]",9
"[[(22.0, 25.84), (14.01, 17.85)]]",12
"[[(7.07, 10.91), (27.02, 30.86)]]",9
"[[(21.93, 25.77), (5.03, 8.870000000000001)]]",12
"[[(24.11, 27.95), (15.79, 19.63)]]",12
"[[(21.52, 25.36), (20.46, 24.3)]]",16
"[[(22.62, 26.46), (22.84, 26.68)]]",16
"[[(25.09, 28.93), (16.92, 20.76)]]",12
"[[(18.3, 22.14), (18.04, 21.88)]]",12
"[[(3.69, 7.529999999999999), (6.66, 10.5)]]",16
"[[(5.37, 9.21), (1.79, 5.63)]]",16
"[[(24.94, 28.78), (15.24, 19.08)]]",16
"[[(23.43, 27.27), (8.7, 12.54)]]",16
"[[(3.45, 7.29), (20.61, 24.45)]]",16
"[[(4.66, 8.5), (4.56, 8.399999999999999)]]",16
"[[(4.97, 8.809999999999999), (6.67, 10.51)]]",16
"[[(10.74, 14.58), (17.59, 21.43)]]",16
"[[(8.1, 11.94), (8.06, 11.9)]]",9
"[[(26.14, 29.98), (3.73, 7.57)]]",12
"[[(26.23, 30.07), (17.34, 21.18)]]",16
"[[(11.33, 15.17), (6.09, 9.93)]]",12
"[[(11.48, 15.32), (21.75, 25.59)]]",16
"[[(2.55, 6.39), (19.74, 23.58)]]",16
"[[(15.14, 18.98), (20.13, 23.97)]]",9
"[[(16.75, 20.59), (3.26, 7.1)]]",16
"[[(21.98, 25.82), (19.6, 23.44)]]",16
"[[(19.16, 23.0), (6.58, 10.42)]]",16
"[[(17.12, 20.96), (22.24, 26.08)]]",12
"[[(18.18, 22.02), (7.46, 11.3)]]",16
"[[(6.87, 10.71), (23.25, 27.09)]]",16
"[[(19.16, 23.0), (9.13, 12.97)]]",12
"[[(22.81, 26.65), (1.2, 5.04)]]",16
"[[(20.85, 24.69), (7.5, 11.34)]]",16
"[[(8.92, 12.76), (11.19, 15.03)]]",16
"[[(11.02, 14.86), (15.42, 19.259999999999998)]]",12
"[[(1.71, 5.55), (27.23, 31.0)]]",16
"[[(21.92, 25.76), (9.15, 12.99)]]",12
"[[(11.39, 15.23), (1.44, 5.279999999999999)]]",16
"[[(0.98, 4.82), (8.0, 11.84)]]",16
"[[(9.14, 12.98), (0.91, 4.75)]]",12
"[[(12.66, 16.5), (27.42, 31.0)]]",16
"[[(23.78, 27.62), (4.53, 8.370000000000001)]]",16
"[[(13.25, 17.09), (13.98, 17.82)]]",16
"[[(16.69, 20.53), (22.97, 26.81)]]",16
"[[(10.17, 14.01), (19.44, 23.28)]]",16
"[[(16.17, 20.01), (9.52, 13.36)]]",16
"[[(23.1, 26.94), (25.85, 29.69)]]",12
"[[(2.55, 6.39), (9.44, 13.28)]]",16
"[[(1.89, 5.7299999999999995), (21.69, 25.53)]]",16
"[[(9.01, 12.85), (10.22, 14.06)]]",12
"[[(9.49, 13.33), (0.0, 3.81)]]",16
"[[(19.47, 23.31), (1.87, 5.71)]]",16
"[[(25.84, 29.68), (15.86, 19.7)]]",16
"[[(20.51, 24.35), (25.55, 29.39)]]",16
"[[(10.16, 14.0), (5.03, 8.870000000000001)]]",12
"[[(4.16, 8.0), (23.56, 27.4)]]",16
"[[(7.32, 11.16), (22.57, 26.41)]]",16
"[[(18.84, 22.68), (5.66, 9.5)]]",16
"[[(12.43, 16.27), (2.62, 6.46)]]",16
"[[(19.56, 23.4), (10.6, 14.44)]]",16
"[[(27.26, 31.0), (0.0, 3.82)]]",16
"[[(27.36, 31.0), (1.64, 5.4799999999999995)]]",16
"[[(14.08, 17.92), (5.16, 9.0)]]",12
"[[(7.55, 11.39), (24.99, 28.83)]]",16
"[[(4.68, 8.52), (22.83, 26.669999999999998)]]",16
"[[(4.21, 8.05), (23.86, 27.7)]]",16
"[[(3.93, 7.77), (24.33, 28.169999999999998)]]",16
"[[(19.2, 23.04), (19.18, 23.02)]]",16
"[[(12.37, 16.21), (14.68, 18.52)]]",16
"[[(20.97, 24.81), (20.01, 23.85)]]",12
"[[(3.47, 7.3100000000000005), (8.19, 12.03)]]",16
"[[(19.32, 23.16), (3.39, 7.23)]]",16
"[[(9.44, 13.28), (13.78, 17.619999999999997)]]",16
"[[(10.69, 14.53), (4.1, 7.9399999999999995)]]",12
"[[(15.32, 19.16), (12.5, 16.34)]]",16
"[[(16.71, 20.55), (25.16, 29.0)]]",16
"[[(27.64, 31.0), (11.2, 15.04)]]",16
"[[(10.86, 14.7), (22.47, 26.31)]]",16
"[[(6.51, 10.35), (21.48, 25.32)]]",16
"[[(6.99, 10.83), (14.63, 18.47)]]",16
"[[(1.63, 5.47), (18.35, 22.19)]]",16
"[[(14.18, 18.02), (23.98, 27.82)]]",16
"[[(10.24, 14.08), (2.07, 5.91)]]",12
"[[(22.32, 26.16), (7.7, 11.54)]]",16
"[[(20.22, 24.06), (11.51, 15.35)]]",16
"[[(17.68, 21.52), (1.58, 5.42)]]",16
"[[(15.37, 19.21), (16.46, 20.3)]]",16
"[[(26.91, 30.75), (0.0, 3.67)]]",16
"[[(10.15, 13.99), (8.05, 11.89)]]",9
"[[(11.66, 15.5), (23.89, 27.73)]]",16
"[[(5.31, 9.149999999999999), (13.71, 17.55)]]",16
"[[(-0.0, 3.84), (14.02, 17.86)]]",12
"[[(3.93, 7.77), (1.55, 5.39)]]",16
"[[(15.28, 19.119999999999997), (20.8, 24.64)]]",16
"[[(27.56, 31.0), (14.26, 18.1)]]",16
"[[(26.26, 30.1), (3.28, 7.119999999999999)]]",16
"[[(23.93, 27.77), (13.52, 17.36)]]",16
"[[(11.74, 15.58), (19.19, 23.03)]]",16
"[[(14.54, 18.38), (26.69, 30.53)]]",16
"[[(24.17, 28.01), (6.45, 10.29)]]",16
"[[(1.39, 5.2299999999999995), (15.62, 19.46)]]",16
"[[(11.19, 15.03), (8.99, 12.83)]]",16
"[[(10.45, 14.29), (1.76, 5.6)]]",16
"[[(17.65, 21.49), (3.74, 7.58)]]",16
"[[(21.31, 25.15), (27.54, 31.0)]]",16
"[[(22.43, 26.27), (6.26, 10.1)]]",16
"[[(3.15, 6.99), (9.69, 13.53)]]",12
"[[(5.43, 9.27), (22.91, 26.75)]]",16
"[[(22.36, 26.2), (22.72, 26.56)]]",16
"[[(11.76, 15.6), (9.01, 12.85)]]",12
"[[(10.12, 13.959999999999999), (20.1, 23.94)]]",9
"[[(13.0, 16.84), (27.59, 31.0)]]",16
"[[(7.92, 11.76), (21.85, 25.69)]]",16
"[[(17.32, 21.16), (21.37, 25.21)]]",16
"[[(0.06, 3.9), (21.05, 24.89)]]",9
"[[(16.96, 20.8), (6.34, 10.18)]]",16
"[[(13.07, 16.91), (13.89, 17.73)]]",12
"[[(2.62, 6.46), (3.03, 6.869999999999999)]]",12
"[[(18.38, 22.22), (1.51, 5.35)]]",16
"[[(25.44, 29.28), (3.89, 7.73)]]",16
"[[(11.13, 14.97), (26.35, 30.19)]]",12
"[[(25.98, 29.82), (5.6, 9.44)]]",16
"[[(0.82, 4.66), (23.88, 27.72)]]",16
"[[(14.13, 17.97), (5.11, 8.95)]]",9
"[[(5.15, 8.99), (12.22, 16.060000000000002)]]",12
"[[(8.81, 12.65), (18.96, 22.8)]]",16
"[[(4.02, 7.859999999999999), (12.1, 15.94)]]",9
"[[(7.13, 10.969999999999999), (19.06, 22.9)]]",9
"[[(0.86, 4.7), (11.76, 15.6)]]",16
"[[(15.68, 19.52), (16.51, 20.35)]]",16
"[[(17.71, 21.55), (11.01, 14.85)]]",12
"[[(8.13, 11.97), (21.97, 25.81)]]",12
"[[(11.81, 15.65), (24.71, 28.55)]]",16
"[[(21.32, 25.16), (21.68, 25.52)]]",16
"[[(18.92, 22.76), (19.69, 23.53)]]",16
"[[(16.9, 20.74), (8.17, 12.01)]]",16
"[[(10.77, 14.61), (25.93, 29.77)]]",16
"[[(27.02, 30.86), (17.33, 21.169999999999998)]]",12
"[[(25.02, 28.86), (0.57, 4.41)]]",12
"[[(14.49, 18.33), (18.4, 22.24)]]",16
"[[(9.1, 12.94), (17.81, 21.65)]]",12
"[[(22.56, 26.4), (3.27, 7.109999999999999)]]",16
"[[(26.66, 30.5), (4.98, 8.82)]]",16
"[[(5.95, 9.79), (16.96, 20.8)]]",16
"[[(23.0, 26.84), (11.42, 15.26)]]",16
"[[(5.87, 9.71), (2.63, 6.47)]]",16
"[[(13.53, 17.369999999999997), (12.4, 16.240000000000002)]]",16
"[[(27.31, 31.0), (12.29, 16.13)]]",16
"[[(11.1, 14.94), (16.82, 20.66)]]",12
"[[(24.33, 28.169999999999998), (27.04, 30.88)]]",12
"[[(24.32, 28.16), (2.28, 6.119999999999999)]]",16
"[[(26.49, 30.33), (15.51, 19.35)]]",16
"[[(24.1, 27.94), (24.97, 28.81)]]",12
"[[(26.0, 29.84), (12.25, 16.09)]]",16
"[[(18.15, 21.99), (18.99, 22.83)]]",12
"[[(20.48, 24.32), (8.85, 12.69)]]",16
"[[(10.26, 14.1), (12.38, 16.22)]]",16
"[[(6.7, 10.54), (20.38, 24.22)]]",16
"[[(1.57, 5.41), (9.24, 13.08)]]",16
"[[(20.48, 24.32), (0.0, 3.3499999999999996)]]",16
"[[(15.5, 19.34), (15.07, 18.91)]]",12
"[[(7.32, 11.16), (0.67, 4.51)]]",16
"[[(6.52, 10.36), (20.0, 23.84)]]",16
"[[(23.14, 26.98), (12.86, 16.7)]]",12
"[[(13.69, 17.53), (9.41, 13.25)]]",16
"[[(14.68, 18.52), (24.76, 28.6)]]",16
"[[(24.61, 28.45), (26.0, 29.84)]]",16
"[[(20.01, 23.85), (5.59, 9.43)]]",12
"[[(10.47, 14.31), (1.86, 5.7)]]",16
"[[(10.45, 14.29), (27.65, 31.0)]]",16
"[[(8.38, 12.22), (21.7, 25.54)]]",16
"[[(12.04, 15.879999999999999), (14.66, 18.5)]]",12
"[[(13.7, 17.54), (7.31, 11.149999999999999)]]",16
"[[(2.58, 6.42), (11.48, 15.32)]]",16
"[[(9.81, 13.65), (19.35, 23.19)]]",16
"[[(25.37, 29.21), (0.48, 4.32)]]",16
"[[(23.04, 26.88), (15.25, 19.09)]]",12
"[[(11.4, 15.24), (6.52, 10.36)]]",16
"[[(8.12, 11.959999999999999), (0.22, 4.06)]]",12
"[[(14.0, 17.84), (23.29, 27.13)]]",16
"[[(9.73, 13.57), (25.38, 29.22)]]",16
"[[(15.64, 19.48), (15.16, 19.0)]]",16
"[[(3.5, 7.34), (24.79, 28.63)]]",16
"[[(15.56, 19.4), (23.28, 27.12)]]",16
"[[(7.94, 11.780000000000001), (21.35, 25.19)]]",16
"[[(13.35, 17.189999999999998), (13.1, 16.939999999999998)]]",12
"[[(13.09, 16.93), (7.06, 10.899999999999999)]]",9
"[[(5.02, 8.86), (17.34, 21.18)]]",12
"[[(20.5, 24.34), (2.19, 6.029999999999999)]]",16
"[[(6.2, 10.04), (26.88, 30.72)]]",16
"[[(14.89, 18.73), (25.49, 29.33)]]",16
"[[(10.46, 14.3), (11.48, 15.32)]]",16
"[[(8.99, 12.83), (12.24, 16.08)]]",16
"[[(11.1, 14.94), (26.11, 29.95)]]",9
"[[(25.04, 28.88), (17.43, 21.27)]]",12
"[[(18.47, 22.31), (8.04, 11.879999999999999)]]",12
"[[(1.12, 4.96), (13.29, 17.13)]]",12
"[[(2.07, 5.91), (16.4, 20.24)]]",12
"[[(16.1, 19.94), (14.9, 18.740000000000002)]]",12
"[[(6.35, 10.19), (5.55, 9.39)]]",16
"[[(21.72, 25.56), (13.43, 17.27)]]",16
"[[(3.71, 7.55), (26.46, 30.3)]]",16
"[[(24.47, 28.31), (8.68, 12.52)]]",16
"[[(14.6, 18.439999999999998), (2.82, 6.66)]]",16
"[[(17.92, 21.76), (2.63, 6.47)]]",16
"[[(19.35, 23.19), (4.05, 7.89)]]",12
"[[(12.35, 16.189999999999998), (0.57, 4.41)]]",16
"[[(19.88, 23.72), (12.78, 16.619999999999997)]]",16
"[[(6.67, 10.51), (11.14, 14.98)]]",12
"[[(20.36, 24.2), (5.39, 9.23)]]",16
"[[(10.38, 14.22), (8.2, 12.04)]]",16
"[[(22.68, 26.52), (26.3, 30.14)]]",16
"[[(6.29, 10.129999999999999), (4.41, 8.25)]]",16
"[[(14.15, 17.990000000000002), (14.53, 18.369999999999997)]]",12
"[[(18.15, 21.99), (21.56, 25.4)]]",12
"[[(13.71, 17.55), (4.37, 8.21)]]",16
"[[(6.98, 10.82), (6.1, 9.94)]]",12
"[[(16.88, 20.72), (15.55, 19.39)]]",16
"[[(10.29, 14.129999999999999), (9.34, 13.18)]]",16
"[[(21.96, 25.8), (24.66, 28.5)]]",16
"[[(12.04, 15.879999999999999), (7.13, 10.969999999999999)]]",9
"[[(10.23, 14.07), (3.4, 7.24)]]",16
"[[(12.4, 16.240000000000002), (0.0, 3.51)]]",16
"[[(10.11, 13.95), (2.34, 6.18)]]",12
"[[(16.33, 20.169999999999998), (15.86, 19.7)]]",16
"[[(22.54, 26.38), (20.52, 24.36)]]",16
"[[(16.54, 20.38), (7.33, 11.17)]]",16
"[[(11.2, 15.04), (3.66, 7.5)]]",16
"[[(19.01, 22.85), (12.45, 16.29)]]",12
"[[(11.57, 15.41), (3.18, 7.02)]]",16
"[[(23.69, 27.53), (26.14, 29.98)]]",12
"[[(12.49, 16.33), (17.83, 21.669999999999998)]]",16
"[[(25.37, 29.21), (4.18, 8.02)]]",16
"[[(21.62, 25.46), (7.75, 11.59)]]",16
"[[(14.51, 18.35), (19.32, 23.16)]]",16
"[[(26.67, 30.51), (1.83, 5.67)]]",16
"[[(4.62, 8.46), (6.67, 10.51)]]",16
"[[(18.38, 22.22), (11.1, 14.94)]]",12
"[[(11.16, 15.0), (11.81, 15.65)]]",16
"[[(3.11, 6.949999999999999), (5.88, 9.719999999999999)]]",12
"[[(19.77, 23.61), (9.21, 13.05)]]",16
"[[(5.58, 9.42), (23.73, 27.57)]]",16
"[[(5.62, 9.46), (5.91, 9.75)]]",16
"[[(15.39, 19.23), (4.58, 8.42)]]",16
"[[(23.03, 26.87), (15.28, 19.119999999999997)]]",12
"[[(5.6, 9.44), (5.77, 9.61)]]",16
"[[(12.16, 16.0), (15.13, 18.97)]]",12
"[[(1.63, 5.47), (5.66, 9.5)]]",16
"[[(7.31, 11.149999999999999), (0.6, 4.4399999999999995)]]",16
"[[(15.49, 19.33), (0.42, 4.26)]]",16
"[[(22.5, 26.34), (17.77, 21.61)]]",16
"[[(13.53, 17.369999999999997), (17.21, 21.05)]]",16
"[[(12.25, 16.09), (5.31, 9.149999999999999)]]",16
"[[(21.12, 24.96), (17.68, 21.52)]]",12
"[[(10.76, 14.6), (20.36, 24.2)]]",16
"[[(5.74, 9.58), (12.88, 16.72)]]",16
"[[(0.66, 4.5), (17.14, 20.98)]]",12
"[[(8.74, 12.58), (26.15, 29.99)]]",12
"[[(0.07, 3.9099999999999997), (24.74, 28.58)]]",12
"[[(18.85, 22.69), (9.69, 13.53)]]",16
"[[(24.09, 27.93), (3.31, 7.15)]]",12
"[[(22.42, 26.26), (27.39, 31.0)]]",16
"[[(1.96, 5.8), (8.39, 12.23)]]",16
"[[(0.0, 3.61), (23.23, 27.07)]]",16
"[[(23.48, 27.32), (5.42, 9.26)]]",16
"[[(22.55, 26.39), (24.91, 28.75)]]",16
"[[(9.61, 13.45), (5.14, 8.98)]]",12
"[[(17.69, 21.53), (10.95, 14.79)]]",16
"[[(24.23, 28.07), (2.58, 6.42)]]",16
"[[(20.58, 24.419999999999998), (14.04, 17.88)]]",12
"[[(6.3, 10.14), (15.87, 19.71)]]",16
"[[(27.35, 31.0), (22.5, 26.34)]]",16
"[[(7.76, 11.6), (21.69, 25.53)]]",16
"[[(5.55, 9.39), (19.99, 23.83)]]",16
"[[(21.97, 25.81), (4.73, 8.57)]]",16
"[[(20.35, 24.19), (14.93, 18.77)]]",16
"[[(14.07, 17.91), (16.72, 20.56)]]",12
"[[(23.29, 27.13), (25.31, 29.15)]]",16
"[[(15.43, 19.27), (7.64, 11.48)]]",16
"[[(9.51, 13.35), (7.53, 11.370000000000001)]]",16
"[[(2.37, 6.21), (19.87, 23.71)]]",16
"[[(1.23, 5.07), (11.97, 15.81)]]",16
"[[(6.07, 9.91), (5.2, 9.04)]]",12
"[[(11.71, 15.55), (25.14, 28.98)]]",12
"[[(14.97, 18.810000000000002), (21.76, 25.6)]]",16
"[[(21.76, 25.6), (23.83, 27.669999999999998)]]",16
"[[(7.24, 11.08), (1.19, 5.029999999999999)]]",16
"[[(16.88, 20.72), (1.76, 5.6)]]",16
"[[(18.99, 22.83), (13.74, 17.58)]]",16
"[[(10.83, 14.67), (18.7, 22.54)]]",16
"[[(26.05, 29.89), (16.83, 20.669999999999998)]]",12
"[[(21.16, 25.0), (18.72, 22.56)]]",16
"[[(12.08, 15.92), (25.86, 29.7)]]",12
"[[(19.78, 23.62), (17.7, 21.54)]]",16
"[[(8.85, 12.69), (9.37, 13.209999999999999)]]",16
"[[(0.0, 3.77), (26.4, 30.24)]]",16
"[[(26.74, 30.58), (26.82, 30.66)]]",16
"[[(14.45, 18.29), (2.5, 6.34)]]",16
"[[(11.25, 15.09), (6.41, 10.25)]]",16
"[[(10.85, 14.69), (21.49, 25.33)]]",16
"[[(17.83, 21.669999999999998), (18.59, 22.43)]]",16
"[[(1.13, 4.97), (3.75, 7.59)]]",12
"[[(20.59, 24.43), (25.44, 29.28)]]",16
"[[(15.62, 19.46), (10.05, 13.89)]]",12
"[[(3.45, 7.29), (13.29, 17.13)]]",16
"[[(26.94, 30.78), (5.66, 9.5)]]",16
"[[(17.17, 21.01), (7.74, 11.58)]]",16
"[[(14.56, 18.4), (22.38, 26.22)]]",16
"[[(20.33, 24.169999999999998), (9.15, 12.99)]]",12
"[[(7.2, 11.04), (1.37, 5.21)]]",16
"[[(26.91, 30.75), (5.56, 9.399999999999999)]]",16
"[[(17.42, 21.26), (24.04, 27.88)]]",12
"[[(19.5, 23.34), (25.84, 29.68)]]",16
"[[(5.2, 9.04), (6.44, 10.280000000000001)]]",16
"[[(8.76, 12.6), (24.67, 28.51)]]",16
"[[(17.36, 21.2), (2.76, 6.6)]]",16
"[[(13.07, 16.91), (27.65, 31.0)]]",12
"[[(7.99, 11.83), (4.8, 8.64)]]",16
"[[(18.28, 22.12), (25.95, 29.79)]]",16
"[[(4.15, 7.99), (12.98, 16.82)]]",12
"[[(2.94, 6.779999999999999), (13.92, 17.759999999999998)]]",16
"[[(9.3, 13.14), (18.93, 22.77)]]",16
"[[(21.72, 25.56), (16.88, 20.72)]]",16
"[[(0.63, 4.47), (3.18, 7.02)]]",16
"[[(11.85, 15.69), (15.85, 19.689999999999998)]]",16
"[[(12.88, 16.72), (25.47, 29.31)]]",16
"[[(9.29, 13.129999999999999), (6.28, 10.120000000000001)]]",16
"[[(10.35, 14.19), (10.11, 13.95)]]",12
"[[(5.74, 9.58), (4.29, 8.129999999999999)]]",16
"[[(21.64, 25.48), (17.51, 21.35)]]",16
"[[(13.19, 17.03), (6.01, 9.85)]]",12
"[[(17.97, 21.81), (5.44, 9.280000000000001)]]",16
"[[(18.67, 22.51), (22.03, 25.87)]]",12
"[[(5.36, 9.2), (3.91, 7.75)]]",16
"[[(16.83, 20.669999999999998), (16.7, 20.54)]]",16
"[[(15.46, 19.3), (9.67, 13.51)]]",16
"[[(5.63, 9.469999999999999), (6.37, 10.21)]]",16
"[[(0.0, 3.3499999999999996), (21.92, 25.76)]]",16
"[[(11.42, 15.26), (8.46, 12.3)]]",16
"[[(25.99, 29.83), (18.51, 22.35)]]",16
"[[(10.02, 13.86), (24.87, 28.71)]]",12
"[[(24.66, 28.5), (0.54, 4.38)]]",16
"[[(17.08, 20.919999999999998), (8.69, 12.53)]]",12
"[[(25.82, 29.66), (12.33, 16.17)]]",16
"[[(9.87, 13.709999999999999), (1.01, 4.85)]]",12
"[[(19.33, 23.169999999999998), (8.02, 11.86)]]",12
"[[(3.96, 7.8), (12.47, 16.310000000000002)]]",16
"[[(17.97, 21.81), (0.55, 4.39)]]",16
"[[(17.55, 21.39), (24.22, 28.06)]]",16
"[[(3.06, 6.9), (4.07, 7.91)]]",9
"[[(12.62, 16.46), (16.68, 20.52)]]",16
"[[(27.48, 31.0), (25.96, 29.8)]]",16
"[[(1.83, 5.67), (10.25, 14.09)]]",16
"[[(7.93, 11.77), (20.12, 23.96)]]",12
"[[(6.12, 9.96), (8.32, 12.16)]]",12
"[[(0.51, 4.35), (8.71, 12.55)]]",16
"[[(14.19, 18.03), (0.27, 4.109999999999999)]]",16
"[[(15.2, 19.04), (26.68, 30.52)]]",16
"[[(20.71, 24.55), (21.69, 25.53)]]",16
"[[(15.31, 19.15), (18.23, 22.07)]]",16
"[[(14.16, 18.0), (15.36, 19.2)]]",16
"[[(12.56, 16.4), (10.0, 13.84)]]",16
"[[(13.01, 16.85), (16.97, 20.81)]]",12
"[[(9.18, 13.02), (10.22, 14.06)]]",16
"[[(7.12, 10.96), (12.35, 16.189999999999998)]]",12
"[[(3.09, 6.93), (25.53, 29.37)]]",12
"[[(25.18, 29.02), (12.24, 16.08)]]",16
"[[(21.37, 25.21), (8.03, 11.87)]]",12
"[[(27.49, 31.0), (10.05, 13.89)]]",12
"[[(11.39, 15.23), (15.88, 19.72)]]",16
"[[(14.42, 18.259999999999998), (6.45, 10.29)]]",16
"[[(6.17, 10.01), (18.71, 22.55)]]",16
"[[(0.3, 4.14), (20.9, 24.74)]]",16
"[[(7.04, 10.879999999999999), (26.54, 30.38)]]",12
"[[(9.06, 12.9), (14.28, 18.119999999999997)]]",12
"[[(10.35, 14.19), (11.96, 15.8)]]",16
"[[(19.91, 23.75), (12.64, 16.48)]]",16
"[[(25.12, 28.96), (3.43, 7.27)]]",12
"[[(5.28, 9.120000000000001), (8.74, 12.58)]]",16
"[[(22.1, 25.94), (23.88, 27.72)]]",12
"[[(17.03, 20.87), (25.96, 29.8)]]",12
"[[(12.13, 15.97), (24.44, 28.28)]]",12
"[[(21.39, 25.23), (13.42, 17.259999999999998)]]",16
"[[(20.82, 24.66), (4.3, 8.14)]]",16
"[[(12.69, 16.53), (7.58, 11.42)]]",16
"[[(8.15, 11.99), (18.05, 21.89)]]",9
"[[(9.9, 13.74), (2.37, 6.21)]]",16
"[[(24.12, 27.96), (14.53, 18.369999999999997)]]",12
"[[(1.47, 5.31), (0.0, 3.57)]]",16
"[[(17.84, 21.68), (6.44, 10.280000000000001)]]",16
"[[(25.96, 29.8), (0.86, 4.7)]]",16
"[[(18.33, 22.169999999999998), (12.15, 15.99)]]",12
"[[(18.72, 22.56), (1.78, 5.62)]]",16
"[[(16.35, 20.19), (24.65, 28.49)]]",16
"[[(12.92, 16.759999999999998), (1.05, 4.89)]]",12
"[[(19.08, 22.919999999999998), (0.93, 4.77)]]",12
"[[(23.06, 26.9), (0.09, 3.9299999999999997)]]",9
"[[(6.11, 9.95), (2.02, 5.859999999999999)]]",9
"[[(25.81, 29.65), (25.13, 28.97)]]",12
"[[(3.05, 6.89), (22.88, 26.72)]]",12
"[[(17.88, 21.72), (12.76, 16.6)]]",16
"[[(13.42, 17.259999999999998), (18.38, 22.22)]]",16
"[[(18.27, 22.11), (10.74, 14.58)]]",16
"[[(16.35, 20.19), (24.63, 28.47)]]",16
"[[(8.38, 12.22), (22.37, 26.21)]]",16
"[[(21.15, 24.99), (4.19, 8.030000000000001)]]",12
"[[(3.55, 7.39), (14.53, 18.369999999999997)]]",16
"[[(17.1, 20.94), (8.74, 12.58)]]",12
"[[(18.18, 22.02), (2.16, 6.0)]]",16
"[[(6.4, 10.24), (9.02, 12.86)]]",12
"[[(14.22, 18.060000000000002), (4.87, 8.71)]]",16
"[[(5.43, 9.27), (1.16, 5.0)]]",16
"[[(21.84, 25.68), (12.13, 15.97)]]",12
"[[(11.26, 15.1), (23.81, 27.65)]]",16
"[[(24.74, 28.58), (2.35, 6.1899999999999995)]]",16
"[[(19.24, 23.08), (15.37, 19.21)]]",16
"[[(9.78, 13.62), (8.58, 12.42)]]",16
"[[(14.11, 17.95), (8.46, 12.3)]]",12
"[[(17.26, 21.1), (17.57, 21.41)]]",16
"[[(5.86, 9.7), (10.31, 14.15)]]",16
"[[(15.97, 19.810000000000002), (7.49, 11.33)]]",16
"[[(24.61, 28.45), (22.34, 26.18)]]",16
"[[(27.44, 31.0), (19.1, 22.94)]]",12
"[[(16.81, 20.65), (18.04, 21.88)]]",12
"[[(6.23, 10.07), (10.48, 14.32)]]",16
"[[(24.79, 28.63), (16.44, 20.28)]]",16
"[[(17.78, 21.62), (18.52, 22.36)]]",16
"[[(17.91, 21.75), (14.97, 18.810000000000002)]]",16
"[[(10.24, 14.08), (5.5, 9.34)]]",16
"[[(3.89, 7.73), (10.69, 14.53)]]",16
"[[(4.44, 8.280000000000001), (7.87, 11.71)]]",16
"[[(24.0, 27.84), (12.56, 16.4)]]",16
"[[(6.83, 10.67), (14.79, 18.63)]]",16
"[[(6.88, 10.719999999999999), (21.08, 24.919999999999998)]]",12
"[[(7.01, 10.85), (20.3, 24.14)]]",12
"[[(9.88, 13.72), (15.84, 19.68)]]",16
"[[(7.13, 10.969999999999999), (18.65, 22.49)]]",12
"[[(25.33, 29.169999999999998), (5.87, 9.71)]]",16
"[[(15.82, 19.66), (5.93, 9.77)]]",16
"[[(13.82, 17.66), (23.76, 27.6)]]",16
"[[(3.96, 7.8), (12.86, 16.7)]]",16
"[[(14.7, 18.54), (2.36, 6.199999999999999)]]",16
"[[(10.17, 14.01), (18.38, 22.22)]]",16
"[[(26.82, 30.66), (3.77, 7.609999999999999)]]",16
"[[(0.0, 3.51), (23.64, 27.48)]]",16
"[[(24.53, 28.37), (27.29, 31.0)]]",16
"[[(6.02, 9.86), (2.3, 6.14)]]",12
"[[(12.8, 16.64), (18.91, 22.75)]]",16
"[[(18.28, 22.12), (2.82, 6.66)]]",16
"[[(13.73, 17.57), (13.77, 17.61)]]",16
"[[(15.98, 19.82), (17.81, 21.65)]]",16
"[[(12.57, 16.41), (3.29, 7.13)]]",16
"[[(0.16, 4.0), (6.48, 10.32)]]",16
"[[(5.8, 9.64), (1.35, 5.1899999999999995)]]",16
"[[(21.67, 25.51), (12.65, 16.490000000000002)]]",16
"[[(9.42, 13.26), (11.81, 15.65)]]",16
"[[(14.71, 18.55), (12.53, 16.369999999999997)]]",16
"[[(19.22, 23.06), (2.16, 6.0)]]",16
"[[(17.98, 21.82), (15.29, 19.13)]]",16
"[[(18.57, 22.41), (6.73, 10.57)]]",16
"[[(12.21, 16.05), (9.04, 12.879999999999999)]]",12
"[[(25.75, 29.59), (26.09, 29.93)]]",12
"[[(22.03, 25.87), (24.43, 28.27)]]",12
"[[(15.67, 19.509999999999998), (19.0, 22.84)]]",16
"[[(11.6, 15.44), (14.9, 18.740000000000002)]]",16
"[[(1.72, 5.56), (26.44, 30.28)]]",16
"[[(23.41, 27.25), (14.26, 18.1)]]",16
"[[(22.34, 26.18), (22.4, 26.24)]]",16
"[[(11.49, 15.33), (2.53, 6.369999999999999)]]",16
"[[(16.25, 20.09), (18.96, 22.8)]]",16
"[[(20.39, 24.23), (25.56, 29.4)]]",16
"[[(5.58, 9.42), (19.47, 23.31)]]",16
"[[(0.89, 4.7299999999999995), (21.04, 24.88)]]",12
"[[(6.61, 10.45), (18.93, 22.77)]]",16
"[[(22.23, 26.07), (6.26, 10.1)]]",16
"[[(27.16, 31.0), (6.85, 10.69)]]",16
"[[(19.25, 23.09), (0.18, 4.02)]]",16
"[[(18.36, 22.2), (10.64, 14.48)]]",16
"[[(8.45, 12.29), (5.23, 9.07)]]",16
"[[(6.49, 10.33), (5.27, 9.11)]]",16
"[[(8.25, 12.09), (11.19, 15.03)]]",16
"[[(0.9, 4.74), (7.69, 11.530000000000001)]]",16
"[[(22.3, 26.14), (25.92, 29.76)]]",16
"[[(23.27, 27.11), (15.76, 19.6)]]",16
"[[(1.0, 4.84), (13.91, 17.75)]]",16
"[[(14.84, 18.68), (6.76, 10.6)]]",16
"[[(11.94, 15.78), (18.2, 22.04)]]",16
"[[(27.51, 31.0), (14.4, 18.240000000000002)]]",16
"[[(2.84, 6.68), (6.87, 10.71)]]",16
"[[(24.89, 28.73), (6.96, 10.8)]]",16
"[[(2.11, 5.949999999999999), (24.36, 28.2)]]",12
"[[(19.17, 23.01), (18.22, 22.06)]]",16
"[[(16.18, 20.02), (13.16, 17.0)]]",16
"[[(9.65, 13.49), (5.41, 9.25)]]",16
"[[(13.93, 17.77), (5.89, 9.73)]]",16
"[[(27.08, 30.919999999999998), (8.4, 12.24)]]",12
"[[(3.95, 7.79), (23.48, 27.32)]]",16
"[[(23.78, 27.62), (18.19, 22.03)]]",16
"[[(24.37, 28.21), (11.49, 15.33)]]",16
"[[(9.3, 13.14), (21.81, 25.65)]]",16
"[[(11.79, 15.629999999999999), (9.27, 13.11)]]",16
"[[(25.72, 29.56), (1.5, 5.34)]]",16
"[[(13.58, 17.42), (15.44, 19.28)]]",16
"[[(13.85, 17.689999999999998), (27.18, 31.0)]]",16
"[[(26.89, 30.73), (14.17, 18.009999999999998)]]",16
"[[(7.39, 11.23), (26.37, 30.21)]]",16
"[[(16.06, 19.9), (12.21, 16.05)]]",12
"[[(0.55, 4.39), (13.39, 17.23)]]",16
"[[(13.24, 17.08), (11.19, 15.03)]]",16
"[[(12.19, 16.03), (24.33, 28.169999999999998)]]",16
"[[(11.8, 15.64), (9.63, 13.47)]]",16
"[[(10.34, 14.18), (6.43, 10.27)]]",16
"[[(20.4, 24.24), (13.23, 17.07)]]",16
"[[(23.75, 27.59), (16.49, 20.33)]]",16
"[[(16.51, 20.35), (17.98, 21.82)]]",16
"[[(16.17, 20.01), (13.21, 17.05)]]",16
"[[(27.19, 31.0), (22.73, 26.57)]]",16
"[[(13.36, 17.2), (5.99, 9.83)]]",16
"[[(22.71, 26.55), (7.27, 11.11)]]",16
"[[(24.4, 28.24), (24.59, 28.43)]]",16
"[[(4.89, 8.73), (25.69, 29.53)]]",16
"[[(26.99, 30.83), (11.62, 15.459999999999999)]]",16
"[[(7.27, 11.11), (0.0, 3.78)]]",16
"[[(11.97, 15.81), (24.98, 28.82)]]",16
"[[(24.08, 27.919999999999998), (14.63, 18.47)]]",12
"[[(19.98, 23.82), (26.36, 30.2)]]",16
"[[(21.43, 25.27), (25.45, 29.29)]]",16
"[[(0.09, 3.9299999999999997), (22.12, 25.96)]]",9
"[[(1.91, 5.75), (16.31, 20.15)]]",16
"[[(20.23, 24.07), (26.74, 30.58)]]",16
"[[(18.81, 22.65), (17.49, 21.33)]]",16
"[[(7.92, 11.76), (27.48, 31.0)]]",16
"[[(13.56, 17.4), (12.57, 16.41)]]",16
"[[(0.61, 4.45), (22.59, 26.43)]]",16
"[[(8.17, 12.01), (10.43, 14.27)]]",16
"[[(12.87, 16.71), (17.92, 21.76)]]",16
"[[(15.96, 19.8), (0.7, 4.54)]]",16
"[[(16.25, 20.09), (25.02, 28.86)]]",12
"[[(25.86, 29.7), (3.62, 7.46)]]",16
"[[(7.14, 10.98), (10.74, 14.58)]]",12
"[[(21.78, 25.62), (9.76, 13.6)]]",16
"[[(20.0, 23.84), (2.53, 6.369999999999999)]]",16
"[[(10.73, 14.57), (11.29, 15.129999999999999)]]",16
"[[(22.63, 26.47), (25.7, 29.54)]]",16
"[[(11.42, 15.26), (9.16, 13.0)]]",16
"[[(3.87, 7.71), (27.17, 31.0)]]",16
"[[(15.14, 18.98), (27.24, 31.0)]]",12
"[[(16.88, 20.72), (2.42, 6.26)]]",16
"[[(6.33, 10.17), (20.0, 23.84)]]",16
"[[(9.25, 13.09), (10.78, 14.62)]]",16
"[[(27.25, 31.0), (7.76, 11.6)]]",16
"[[(6.89, 10.73), (20.51, 24.35)]]",16
"[[(2.68, 6.52), (10.62, 14.459999999999999)]]",16
"[[(2.2, 6.04), (12.86, 16.7)]]",16
"[[(6.3, 10.14), (24.57, 28.41)]]",16
"[[(3.6, 7.4399999999999995), (2.27, 6.109999999999999)]]",16
"[[(2.82, 6.66), (0.66, 4.5)]]",16
"[[(8.11, 11.95), (13.82, 17.66)]]",12
"[[(23.12, 26.96), (0.75, 4.59)]]",12
"[[(25.46, 29.3), (17.98, 21.82)]]",16
"[[(15.82, 19.66), (9.44, 13.28)]]",16
"[[(15.23, 19.07), (11.06, 14.9)]]",12
"[[(15.39, 19.23), (18.07, 21.91)]]",12
"[[(5.25, 9.09), (13.52, 17.36)]]",16
"[[(12.64, 16.48), (22.22, 26.06)]]",16
"[[(25.54, 29.38), (24.95, 28.79)]]",16
"[[(0.0, 3.42), (9.67, 13.51)]]",16
"[[(20.19, 24.03), (11.0, 14.84)]]",16
"[[(13.85, 17.689999999999998), (10.41, 14.25)]]",16
"[[(16.25, 20.09), (20.56, 24.4)]]",16
"[[(6.68, 10.52), (4.93, 8.77)]]",16
"[[(3.39, 7.23), (0.55, 4.39)]]",16
"[[(26.17, 30.01), (7.31, 11.149999999999999)]]",16
"[[(20.15, 23.99), (0.57, 4.41)]]",12
"[[(4.95, 8.79), (13.42, 17.259999999999998)]]",16
"[[(25.93, 29.77), (7.67, 11.51)]]",16
"[[(12.21, 16.05), (4.7, 8.54)]]",16
"[[(25.14, 28.98), (19.71, 23.55)]]",12
"[[(10.23, 14.07), (24.31, 28.15)]]",16
"[[(0.0, 3.4099999999999997), (0.02, 3.86)]]",12
"[[(12.12, 15.959999999999999), (23.75, 27.59)]]",12
"[[(6.91, 10.75), (18.89, 22.73)]]",16
"[[(13.16, 17.0), (3.87, 7.71)]]",16
"[[(2.51, 6.35), (16.19, 20.03)]]",16
"[[(4.49, 8.33), (8.25, 12.09)]]",16
"[[(0.52, 4.359999999999999), (8.66, 12.5)]]",16
"[[(13.87, 17.71), (25.89, 29.73)]]",16
"[[(27.07, 30.91), (9.4, 13.24)]]",12
"[[(23.63, 27.47), (24.96, 28.8)]]",16
"[[(15.37, 19.21), (26.6, 30.44)]]",16
"[[(23.16, 27.0), (21.8, 25.64)]]",16
"[[(20.56, 24.4), (10.7, 14.54)]]",16
"[[(25.84, 29.68), (2.14, 5.98)]]",12
"[[(25.32, 29.16), (13.4, 17.240000000000002)]]",16
"[[(21.99, 25.83), (16.26, 20.1)]]",16
"[[(7.19, 11.030000000000001), (16.6, 20.44)]]",16
"[[(25.98, 29.82), (17.59, 21.43)]]",16
"[[(14.95, 18.79), (23.11, 26.95)]]",12
"[[(8.78, 12.62), (25.61, 29.45)]]",16
"[[(10.63, 14.47), (19.82, 23.66)]]",16
"[[(22.75, 26.59), (6.14, 9.98)]]",12
"[[(3.54, 7.38), (13.7, 17.54)]]",16
"[[(0.4, 4.24), (24.45, 28.29)]]",16
"[[(13.57, 17.41), (18.62, 22.46)]]",16
"[[(22.14, 25.98), (5.99, 9.83)]]",12
"[[(3.06, 6.9), (15.58, 19.42)]]",12
"[[(21.18, 25.02), (2.9, 6.74)]]",16
"[[(15.84, 19.68), (3.5, 7.34)]]",16
"[[(4.28, 8.120000000000001), (3.56, 7.4)]]",16
"[[(15.77, 19.61), (4.39, 8.23)]]",16
"[[(10.25, 14.09), (18.04, 21.88)]]",12
"[[(19.76, 23.6), (20.23, 24.07)]]",16
"[[(22.15, 25.99), (6.19, 10.030000000000001)]]",12
"[[(22.29, 26.13), (18.09, 21.93)]]",12
"[[(26.26, 30.1), (10.11, 13.95)]]",12
"[[(13.63, 17.47), (23.68, 27.52)]]",16
"[[(16.33, 20.169999999999998), (16.23, 20.07)]]",16
"[[(5.15, 8.99), (21.69, 25.53)]]",12
"[[(10.16, 14.0), (16.26, 20.1)]]",16
"[[(27.28, 31.0), (1.78, 5.62)]]",16
"[[(26.89, 30.73), (0.63, 4.47)]]",16
"[[(0.76, 4.6), (4.87, 8.71)]]",16
"[[(8.89, 12.73), (13.46, 17.3)]]",16
"[[(9.79, 13.629999999999999), (13.85, 17.689999999999998)]]",16
"[[(7.38, 11.219999999999999), (5.92, 9.76)]]",16
"[[(3.63, 7.47), (22.87, 26.71)]]",16
"[[(18.0, 21.84), (14.54, 18.38)]]",16
"[[(7.28, 11.120000000000001), (8.91, 12.75)]]",16
"[[(6.34, 10.18), (12.89, 16.73)]]",16
"[[(5.03, 8.870000000000001), (15.03, 18.869999999999997)]]",9
"[[(14.89, 18.73), (2.38, 6.22)]]",16
"[[(19.12, 22.96), (6.4, 10.24)]]",12
"[[(7.86, 11.7), (16.38, 20.22)]]",16
"[[(14.67, 18.509999999999998), (16.48, 20.32)]]",16
"[[(10.0, 13.84), (14.3, 18.14)]]",16
"[[(18.84, 22.68), (11.51, 15.35)]]",16
"[[(17.38, 21.22), (0.0, 3.38)]]",16
"[[(7.32, 11.16), (4.69, 8.530000000000001)]]",16
"[[(18.83, 22.669999999999998), (23.97, 27.81)]]",16
"[[(18.95, 22.79), (11.18, 15.02)]]",16
"[[(1.74, 5.58), (5.13, 8.969999999999999)]]",12
"[[(22.53, 26.37), (26.03, 29.87)]]",12
"[[(9.04, 12.879999999999999), (17.52, 21.36)]]",12
"[[(9.62, 13.459999999999999), (24.8, 28.64)]]",16
"[[(25.55, 29.39), (11.53, 15.37)]]",16
"[[(19.68, 23.52), (12.94, 16.78)]]",16
"[[(3.31, 7.15), (0.0, 3.67)]]",16
"[[(26.74, 30.58), (9.9, 13.74)]]",16
"[[(15.98, 19.82), (15.11, 18.95)]]",12
"[[(5.09, 8.93), (10.68, 14.52)]]",12
"[[(3.32, 7.16), (3.13, 6.97)]]",12
"[[(6.23, 10.07), (15.99, 19.83)]]",16
"[[(10.86, 14.7), (7.91, 11.75)]]",16
"[[(21.75, 25.59), (21.16, 25.0)]]",16
"[[(18.39, 22.23), (7.1, 10.94)]]",12
"[[(26.61, 30.45), (24.85, 28.69)]]",16
"[[(18.7, 22.54), (18.75, 22.59)]]",16
"[[(14.41, 18.25), (7.62, 11.46)]]",16
"[[(0.11, 3.9499999999999997), (22.14, 25.98)]]",9
"[[(16.99, 20.83), (22.93, 26.77)]]",16
"[[(9.79, 13.629999999999999), (19.25, 23.09)]]",16
"[[(2.18, 6.02), (17.63, 21.47)]]",16
"[[(18.72, 22.56), (8.03, 11.87)]]",12
"[[(19.07, 22.91), (17.06, 20.9)]]",9
"[[(12.38, 16.22), (25.28, 29.12)]]",16
"[[(0.0, 3.75), (1.62, 5.46)]]",16
"[[(0.33, 4.17), (18.13, 21.97)]]",12
"[[(1.44, 5.279999999999999), (11.34, 15.18)]]",16
"[[(18.98, 22.82), (1.62, 5.46)]]",16
"[[(4.84, 8.68), (2.68, 6.52)]]",16
"[[(26.94, 30.78), (25.78, 29.62)]]",16
"[[(5.97, 9.809999999999999), (19.06, 22.9)]]",12
"[[(10.13, 13.97), (18.7, 22.54)]]",12
"[[(5.27, 9.11), (22.62, 26.46)]]",16
"[[(27.58, 31.0), (5.37, 9.21)]]",16
"[[(18.09, 21.93), (17.69, 21.53)]]",12
"[[(7.84, 11.68), (7.6, 11.44)]]",16
"[[(7.63, 11.469999999999999), (14.87, 18.71)]]",16
"[[(3.42, 7.26), (26.68, 30.52)]]",16
"[[(23.05, 26.89), (16.2, 20.04)]]",12
"[[(18.85, 22.69), (6.47, 10.309999999999999)]]",16
"[[(0.0, 3.73), (19.33, 23.169999999999998)]]",16
"[[(23.7, 27.54), (12.98, 16.82)]]",16
"[[(19.18, 23.02), (24.58, 28.419999999999998)]]",16
"[[(0.92, 4.76), (16.79, 20.63)]]",16
"[[(14.56, 18.4), (8.11, 11.95)]]",12
"[[(0.0, 3.58), (8.17, 12.01)]]",16
"[[(0.0, 3.4299999999999997), (2.15, 5.99)]]",12
"[[(11.2, 15.04), (12.94, 16.78)]]",16
"[[(10.63, 14.47), (17.4, 21.24)]]",16
"[[(16.74, 20.58), (5.45, 9.29)]]",16
"[[(13.14, 16.98), (16.09, 19.93)]]",9
"[[(24.72, 28.56), (17.72, 21.56)]]",16
"[[(8.06, 11.9), (6.73, 10.57)]]",12
"[[(11.23, 15.07), (21.37, 25.21)]]",16
"[[(19.23, 23.07), (0.7, 4.54)]]",16
"[[(2.03, 5.869999999999999), (10.62, 14.459999999999999)]]",12
"[[(4.84, 8.68), (6.63, 10.469999999999999)]]",16
"[[(2.33, 6.17), (8.87, 12.709999999999999)]]",16
"[[(22.17, 26.01), (5.96, 9.8)]]",16
"[[(19.67, 23.51), (20.79, 24.63)]]",16
"[[(1.41, 5.25), (6.91, 10.75)]]",16
"[[(12.71, 16.55), (12.83, 16.67)]]",16
"[[(26.71, 30.55), (8.74, 12.58)]]",16
"[[(8.83, 12.67), (7.74, 11.58)]]",16
"[[(24.22, 28.06), (6.7, 10.54)]]",16
"[[(22.33, 26.169999999999998), (15.44, 19.28)]]",16
"[[(20.55, 24.39), (13.48, 17.32)]]",16
"[[(13.37, 17.21), (25.07, 28.91)]]",12
"[[(24.22, 28.06), (25.66, 29.5)]]",16
"[[(8.73, 12.57), (21.35, 25.19)]]",16
"[[(14.59, 18.43), (8.48, 12.32)]]",16
"[[(25.78, 29.62), (17.27, 21.11)]]",16
"[[(12.46, 16.3), (20.79, 24.63)]]",16
"[[(1.42, 5.26), (3.9, 7.74)]]",16
"[[(6.44, 10.280000000000001), (9.43, 13.27)]]",16
"[[(10.47, 14.31), (16.31, 20.15)]]",16
"[[(15.79, 19.63), (19.84, 23.68)]]",16
"[[(22.06, 25.9), (2.51, 6.35)]]",12
"[[(20.68, 24.52), (26.97, 30.81)]]",16
"[[(6.5, 10.34), (6.36, 10.2)]]",16
"[[(18.88, 22.72), (9.65, 13.49)]]",16
"[[(26.74, 30.58), (0.0, 3.6399999999999997)]]",16
"[[(18.92, 22.76), (4.41, 8.25)]]",16
"[[(6.72, 10.559999999999999), (23.0, 26.84)]]",16
"[[(9.43, 13.27), (13.04, 16.88)]]",12
"[[(15.76, 19.6), (22.62, 26.46)]]",16
"[[(2.13, 5.97), (9.23, 13.07)]]",12
"[[(19.06, 22.9), (21.39, 25.23)]]",12
"[[(0.56, 4.4), (5.75, 9.59)]]",16
"[[(8.18, 12.02), (11.82, 15.66)]]",16
"[[(0.6, 4.4399999999999995), (23.7, 27.54)]]",16
"[[(2.33, 6.17), (15.05, 18.89)]]",12
"[[(5.34, 9.18), (13.0, 16.84)]]",16
"[[(25.25, 29.09), (13.16, 17.0)]]",16
"[[(25.82, 29.66), (15.73, 19.57)]]",16
"[[(17.88, 21.72), (26.9, 30.74)]]",16
"[[(26.82, 30.66), (16.1, 19.94)]]",12
"[[(10.35, 14.19), (14.53, 18.369999999999997)]]",16
"[[(9.49, 13.33), (13.91, 17.75)]]",16
"[[(25.17, 29.01), (23.73, 27.57)]]",16
"[[(1.87, 5.71), (15.96, 19.8)]]",16
"[[(22.18, 26.02), (7.5, 11.34)]]",16
"[[(14.52, 18.36), (26.53, 30.37)]]",16
"[[(10.26, 14.1), (2.0, 5.84)]]",16
"[[(20.84, 24.68), (13.97, 17.810000000000002)]]",16
"[[(15.09, 18.93), (25.87, 29.71)]]",12
"[[(23.83, 27.669999999999998), (17.97, 21.81)]]",16
"[[(26.3, 30.14), (4.66, 8.5)]]",16
"[[(3.34, 7.18), (20.56, 24.4)]]",16
"[[(20.65, 24.49), (0.4, 4.24)]]",16
"[[(5.24, 9.08), (14.76, 18.6)]]",16
"[[(3.44, 7.279999999999999), (8.48, 12.32)]]",16
"[[(0.33, 4.17), (26.35, 30.19)]]",16
"[[(7.72, 11.559999999999999), (20.83, 24.669999999999998)]]",16
"[[(21.72, 25.56), (22.6, 26.44)]]",16
"[[(22.61, 26.45), (23.0, 26.84)]]",16
"[[(23.56, 27.4), (1.13, 4.97)]]",12
"[[(3.67, 7.51), (19.89, 23.73)]]",16
"[[(19.79, 23.63), (22.34, 26.18)]]",16
"[[(20.07, 23.91), (4.95, 8.79)]]",12
"[[(21.36, 25.2), (13.47, 17.310000000000002)]]",16
"[[(27.48, 31.0), (19.73, 23.57)]]",16
"[[(20.32, 24.16), (9.32, 13.16)]]",16
"[[(4.09, 7.93), (12.97, 16.810000000000002)]]",12
"[[(5.22, 9.059999999999999), (15.73, 19.57)]]",16
"[[(6.86, 10.7), (21.57, 25.41)]]",16
"[[(0.89, 4.7299999999999995), (18.41, 22.25)]]",16
"[[(9.35, 13.19), (22.98, 26.82)]]",16
"[[(8.37, 12.209999999999999), (15.22, 19.060000000000002)]]",16
"[[(2.94, 6.779999999999999), (13.43, 17.27)]]",16
"[[(6.74, 10.58), (5.69, 9.530000000000001)]]",16
"[[(4.94, 8.780000000000001), (14.78, 18.619999999999997)]]",16
"[[(5.36, 9.2), (17.88, 21.72)]]",16
"[[(15.58, 19.42), (1.22, 5.06)]]",16
"[[(20.5, 24.34), (16.73, 20.57)]]",16
"[[(20.25, 24.09), (23.4, 27.24)]]",16
"[[(19.54, 23.38), (19.48, 23.32)]]",16
"[[(15.23, 19.07), (27.14, 30.98)]]",12
"[[(12.9, 16.740000000000002), (9.82, 13.66)]]",16
"[[(24.96, 28.8), (18.37, 22.21)]]",16
"[[(4.16, 8.0), (0.33, 4.17)]]",16
"[[(11.03, 14.87), (13.91, 17.75)]]",12
"[[(4.1, 7.9399999999999995), (16.93, 20.77)]]",12
"[[(0.33, 4.17), (23.55, 27.39)]]",16
"[[(23.88, 27.72), (19.0, 22.84)]]",16
"[[(8.64, 12.48), (5.21, 9.05)]]",16
"[[(26.57, 30.41), (17.49, 21.33)]]",16
"[[(15.52, 19.36), (23.41, 27.25)]]",16
"[[(17.16, 21.0), (2.48, 6.32)]]",16
"[[(3.76, 7.6), (22.01, 25.85)]]",12
"[[(14.27, 18.11), (16.72, 20.56)]]",16
"[[(13.94, 17.78), (12.87, 16.71)]]",16
"[[(0.45, 4.29), (19.9, 23.74)]]",16
"[[(18.88, 22.72), (24.92, 28.76)]]",16
"[[(8.81, 12.65), (22.58, 26.419999999999998)]]",16
"[[(5.88, 9.719999999999999), (5.03, 8.870000000000001)]]",12
"[[(4.42, 8.26), (21.6, 25.44)]]",16
"[[(8.02, 11.86), (19.13, 22.97)]]",9
"[[(18.0, 21.84), (25.25, 29.09)]]",16
"[[(12.77, 16.61), (20.33, 24.169999999999998)]]",16
"[[(2.83, 6.67), (25.46, 29.3)]]",16
"[[(2.62, 6.46), (19.64, 23.48)]]",16
"[[(2.68, 6.52), (7.54, 11.379999999999999)]]",16
"[[(27.0, 30.84), (0.87, 4.71)]]",16
"[[(6.55, 10.39), (15.66, 19.5)]]",16
"[[(5.16, 9.0), (4.22, 8.059999999999999)]]",16
"[[(19.47, 23.31), (16.9, 20.74)]]",16
"[[(5.53, 9.370000000000001), (22.28, 26.12)]]",16
"[[(26.0, 29.84), (26.65, 30.49)]]",16
"[[(7.42, 11.26), (5.61, 9.45)]]",16
"[[(3.54, 7.38), (21.58, 25.419999999999998)]]",16
"[[(21.83, 25.669999999999998), (11.72, 15.56)]]",16
"[[(6.7, 10.54), (24.31, 28.15)]]",16
"[[(7.5, 11.34), (19.31, 23.15)]]",16
"[[(2.18, 6.02), (24.48, 28.32)]]",16
"[[(13.84, 17.68), (18.2, 22.04)]]",16
"[[(21.2, 25.04), (25.35, 29.19)]]",16
"[[(17.75, 21.59), (24.1, 27.94)]]",12
"[[(27.23, 31.0), (5.61, 9.45)]]",16
"[[(6.6, 10.44), (1.99, 5.83)]]",16
"[[(1.38, 5.22), (20.92, 24.76)]]",16
"[[(8.73, 12.57), (24.69, 28.53)]]",16
"[[(9.11, 12.95), (5.85, 9.69)]]",12
"[[(14.96, 18.8), (1.52, 5.359999999999999)]]",16
"[[(0.94, 4.779999999999999), (18.56, 22.4)]]",16
"[[(19.36, 23.2), (12.1, 15.94)]]",12
"[[(18.07, 21.91), (4.27, 8.11)]]",12
"[[(13.84, 17.68), (23.87, 27.71)]]",16
"[[(17.42, 21.26), (0.21, 4.05)]]",16
"[[(9.11, 12.95), (23.31, 27.15)]]",12
"[[(23.82, 27.66), (27.5, 31.0)]]",16
"[[(25.18, 29.02), (4.73, 8.57)]]",16
"[[(13.09, 16.93), (6.32, 10.16)]]",12
"[[(2.3, 6.14), (10.15, 13.99)]]",12
"[[(8.08, 11.92), (15.94, 19.78)]]",12
"[[(6.32, 10.16), (0.0, 3.4499999999999997)]]",16
"[[(8.54, 12.379999999999999), (23.88, 27.72)]]",16
"[[(24.71, 28.55), (13.78, 17.619999999999997)]]",16
"[[(27.62, 31.0), (12.43, 16.27)]]",16
"[[(7.09, 10.93), (22.87, 26.71)]]",12
"[[(8.34, 12.18), (19.95, 23.79)]]",16
"[[(10.14, 13.98), (22.55, 26.39)]]",12
"[[(8.0, 11.84), (0.68, 4.52)]]",16
"[[(6.02, 9.86), (27.6, 31.0)]]",12
"[[(25.16, 29.0), (15.09, 18.93)]]",12
"[[(23.17, 27.01), (15.01, 18.85)]]",12
"[[(16.23, 20.07), (16.75, 20.59)]]",16
"[[(2.01, 5.85), (8.35, 12.19)]]",12
"[[(20.23, 24.07), (21.88, 25.72)]]",16
"[[(22.39, 26.23), (3.86, 7.699999999999999)]]",16
"[[(24.72, 28.56), (27.08, 30.919999999999998)]]",12
"[[(21.93, 25.77), (27.39, 31.0)]]",16
"[[(15.47, 19.310000000000002), (25.78, 29.62)]]",16
"[[(17.07, 20.91), (4.64, 8.48)]]",12
"[[(15.51, 19.35), (23.1, 26.94)]]",12
"[[(15.49, 19.33), (8.83, 12.67)]]",16
"[[(7.66, 11.5), (8.9, 12.74)]]",16
"[[(27.33, 31.0), (2.09, 5.93)]]",12
"[[(24.07, 27.91), (24.2, 28.04)]]",12
"[[(13.97, 17.810000000000002), (4.54, 8.379999999999999)]]",16
"[[(22.85, 26.69), (8.57, 12.41)]]",16
"[[(11.59, 15.43), (13.11, 16.95)]]",12
"[[(15.77, 19.61), (24.4, 28.24)]]",16
"[[(15.61, 19.45), (18.76, 22.6)]]",16
"[[(10.52, 14.36), (7.73, 11.57)]]",16
"[[(20.5, 24.34), (25.21, 29.05)]]",16
"[[(21.29, 25.13), (26.69, 30.53)]]",16
"[[(9.61, 13.45), (12.73, 16.57)]]",16
"[[(10.34, 14.18), (2.71, 6.55)]]",16
"[[(4.99, 8.83), (1.23, 5.07)]]",16
"[[(16.4, 20.24), (5.32, 9.16)]]",16
"[[(26.41, 30.25), (0.58, 4.42)]]",16
"[[(26.61, 30.45), (8.58, 12.42)]]",16
"[[(14.35, 18.189999999999998), (21.93, 25.77)]]",16
"[[(16.4, 20.24), (5.2, 9.04)]]",16
"[[(25.91, 29.75), (12.5, 16.34)]]",16
"[[(6.39, 10.23), (22.2, 26.04)]]",16
"[[(4.66, 8.5), (1.17, 5.01)]]",16
"[[(9.53, 13.37), (26.95, 30.79)]]",16
"[[(27.12, 30.96), (1.53, 5.37)]]",12
"[[(22.63, 26.47), (20.82, 24.66)]]",16
"[[(16.93, 20.77), (22.03, 25.87)]]",12
"[[(5.77, 9.61), (13.58, 17.42)]]",16
"[[(15.22, 19.060000000000002), (2.41, 6.25)]]",16
"[[(6.55, 10.39), (21.06, 24.9)]]",12
"[[(5.16, 9.0), (12.03, 15.87)]]",12
"[[(2.01, 5.85), (16.74, 20.58)]]",12
"[[(7.01, 10.85), (26.38, 30.22)]]",12
"[[(11.18, 15.02), (10.79, 14.629999999999999)]]",16
"[[(7.56, 11.399999999999999), (0.86, 4.7)]]",16
"[[(9.63, 13.47), (22.9, 26.74)]]",16
"[[(7.84, 11.68), (3.33, 7.17)]]",16
"[[(13.76, 17.6), (25.93, 29.77)]]",16
"[[(8.04, 11.879999999999999), (9.3, 13.14)]]",12
"[[(22.05, 25.89), (4.87, 8.71)]]",12
"[[(11.07, 14.91), (2.04, 5.88)]]",9
"[[(27.17, 31.0), (22.15, 25.99)]]",12
"[[(22.8, 26.64), (20.98, 24.82)]]",16
"[[(20.5, 24.34), (2.23, 6.07)]]",16
"[[(25.38, 29.22), (26.54, 30.38)]]",16
"[[(6.99, 10.83), (11.75, 15.59)]]",16
"[[(14.26, 18.1), (25.08, 28.919999999999998)]]",12
"[[(0.0, 3.81), (27.55, 31.0)]]",16
"[[(0.0, 3.61), (10.08, 13.92)]]",12
"[[(21.08, 24.919999999999998), (25.6, 29.44)]]",12
"[[(10.14, 13.98), (0.0, 3.4)]]",12
"[[(5.21, 9.05), (23.66, 27.5)]]",16
"[[(21.38, 25.22), (5.37, 9.21)]]",16
"[[(13.37, 17.21), (19.5, 23.34)]]",16
"[[(26.17, 30.01), (6.76, 10.6)]]",16
"[[(20.98, 24.82), (1.79, 5.63)]]",16
"[[(16.58, 20.419999999999998), (7.85, 11.69)]]",16
"[[(19.41, 23.25), (21.62, 25.46)]]",16
"[[(12.37, 16.21), (4.6, 8.44)]]",16
"[[(16.18, 20.02), (13.11, 16.95)]]",12
"[[(25.53, 29.37), (22.22, 26.06)]]",16
"[[(19.99, 23.83), (9.17, 13.01)]]",16
"[[(18.03, 21.87), (5.79, 9.629999999999999)]]",12
"[[(3.1, 6.9399999999999995), (0.22, 4.06)]]",12
"[[(21.73, 25.57), (25.99, 29.83)]]",16
"[[(21.72, 25.56), (7.65, 11.49)]]",16
"[[(7.32, 11.16), (6.09, 9.93)]]",12
"[[(1.96, 5.8), (6.96, 10.8)]]",16
"[[(20.14, 23.98), (3.0, 6.84)]]",12
"[[(21.0, 24.84), (18.53, 22.37)]]",16
"[[(11.08, 14.92), (7.9, 11.74)]]",12
"[[(6.73, 10.57), (1.43, 5.27)]]",16
"[[(19.78, 23.62), (20.77, 24.61)]]",16
"[[(17.74, 21.58), (18.31, 22.15)]]",16
"[[(16.37, 20.21), (11.98, 15.82)]]",16
"[[(5.25, 9.09), (18.45, 22.29)]]",16
"[[(19.15, 22.99), (7.57, 11.41)]]",12
"[[(20.82, 24.66), (17.82, 21.66)]]",16
"[[(6.14, 9.98), (5.04, 8.879999999999999)]]",9
"[[(10.68, 14.52), (25.23, 29.07)]]",16
"[[(26.84, 30.68), (25.14, 28.98)]]",12
"[[(3.28, 7.119999999999999), (26.01, 29.85)]]",12
"[[(15.74, 19.58), (1.36, 5.2)]]",16
"[[(0.38, 4.22), (2.64, 6.48)]]",16
"[[(0.42, 4.26), (24.22, 28.06)]]",16
"[[(27.3, 31.0), (4.6, 8.44)]]",16
"[[(20.36, 24.2), (14.75, 18.59)]]",16
"[[(0.02, 3.86), (5.07, 8.91)]]",9
"[[(21.53, 25.37), (7.76, 11.6)]]",16
"[[(26.16, 30.0), (6.22, 10.059999999999999)]]",16
"[[(6.81, 10.649999999999999), (3.3, 7.14)]]",16
"[[(24.46, 28.3), (4.89, 8.73)]]",16
"[[(7.35, 11.19), (17.34, 21.18)]]",16
"[[(19.3, 23.14), (15.48, 19.32)]]",16
"[[(5.07, 8.91), (27.22, 31.0)]]",12
"[[(10.54, 14.379999999999999), (10.57, 14.41)]]",16
"[[(16.65, 20.49), (4.31, 8.149999999999999)]]",16
"[[(1.48, 5.32), (11.01, 14.85)]]",12
"[[(6.2, 10.04), (1.7, 5.54)]]",16
"[[(18.38, 22.22), (1.99, 5.83)]]",16
"[[(24.89, 28.73), (8.87, 12.709999999999999)]]",16
"[[(0.47, 4.31), (5.2, 9.04)]]",16
"[[(22.98, 26.82), (22.7, 26.54)]]",16
"[[(24.29, 28.13), (15.07, 18.91)]]",12
"[[(25.45, 29.29), (26.35, 30.19)]]",16
"[[(24.8, 28.64), (14.37, 18.21)]]",16
"[[(3.99, 7.83), (24.22, 28.06)]]",16
"[[(4.24, 8.08), (27.58, 31.0)]]",16
"[[(2.76, 6.6), (27.31, 31.0)]]",16
"[[(4.54, 8.379999999999999), (20.07, 23.91)]]",12
"[[(10.4, 14.24), (8.61, 12.45)]]",16
"[[(15.14, 18.98), (8.67, 12.51)]]",12
"[[(22.21, 26.05), (5.4, 9.24)]]",16
"[[(10.59, 14.43), (11.34, 15.18)]]",16
"[[(22.98, 26.82), (6.95, 10.79)]]",16
"[[(26.9, 30.74), (0.0, 3.77)]]",16
"[[(25.72, 29.56), (21.24, 25.08)]]",16
"[[(0.6, 4.4399999999999995), (6.74, 10.58)]]",16
"[[(26.74, 30.58), (9.36, 13.2)]]",16
"[[(19.14, 22.98), (10.09, 13.93)]]",9
"[[(24.77, 28.61), (24.44, 28.28)]]",16
"[[(6.25, 10.09), (8.63, 12.47)]]",16
"[[(11.0, 14.84), (0.69, 4.529999999999999)]]",16
"[[(13.25, 17.09), (24.29, 28.13)]]",16
"[[(23.52, 27.36), (6.03, 9.870000000000001)]]",12
"[[(16.84, 20.68), (17.94, 21.78)]]",16
"[[(22.53, 26.37), (24.72, 28.56)]]",16
"[[(3.41, 7.25), (7.08, 10.92)]]",12
"[[(0.8, 4.64), (15.76, 19.6)]]",16
"[[(8.48, 12.32), (15.53, 19.369999999999997)]]",16
"[[(2.18, 6.02), (18.69, 22.53)]]",16
"[[(10.94, 14.78), (11.04, 14.879999999999999)]]",12
"[[(19.44, 23.28), (2.33, 6.17)]]",16
"[[(4.73, 8.57), (10.91, 14.75)]]",16
"[[(5.68, 9.52), (20.56, 24.4)]]",16
"[[(3.56, 7.4), (11.82, 15.66)]]",16
"[[(8.95, 12.79), (9.83, 13.67)]]",16
"[[(18.86, 22.7), (19.27, 23.11)]]",16
"[[(25.08, 28.919999999999998), (1.84, 5.68)]]",12
"[[(24.96, 28.8), (5.41, 9.25)]]",16
"[[(7.87, 11.71), (5.27, 9.11)]]",16
"[[(15.49, 19.33), (16.04, 19.88)]]",12
"[[(8.23, 12.07), (9.27, 13.11)]]",16
"[[(19.34, 23.18), (0.0, 3.5999999999999996)]]",16
"[[(1.54, 5.38), (3.79, 7.63)]]",16
"[[(7.86, 11.7), (7.97, 11.809999999999999)]]",16
"[[(15.7, 19.54), (11.24, 15.08)]]",16
"[[(0.0, 3.59), (20.23, 24.07)]]",16
"[[(24.09, 27.93), (6.05, 9.89)]]",9
"[[(12.79, 16.63), (16.13, 19.97)]]",12
"[[(22.67, 26.51), (21.88, 25.72)]]",16
"[[(1.13, 4.97), (8.42, 12.26)]]",12
"[[(14.62, 18.46), (11.55, 15.39)]]",16
"[[(10.09, 13.93), (5.21, 9.05)]]",12
"[[(3.05, 6.89), (25.42, 29.26)]]",12
"[[(25.83, 29.669999999999998), (8.98, 12.82)]]",16
"[[(5.63, 9.469999999999999), (3.7, 7.54)]]",16
"[[(17.78, 21.62), (25.57, 29.41)]]",16
"[[(23.96, 27.8), (12.14, 15.98)]]",12
"[[(16.54, 20.38), (22.58, 26.419999999999998)]]",16
"[[(16.79, 20.63), (23.09, 26.93)]]",12
"[[(15.41, 19.25), (24.86, 28.7)]]",16
"[[(23.39, 27.23), (1.88, 5.72)]]",16
"[[(26.27, 30.11), (4.33, 8.17)]]",16
"[[(15.83, 19.67), (25.42, 29.26)]]",16
"[[(10.8, 14.64), (25.04, 28.88)]]",12
"[[(6.47, 10.309999999999999), (14.25, 18.09)]]",16
"[[(24.85, 28.69), (6.06, 9.899999999999999)]]",12
"[[(7.52, 11.36), (0.85, 4.6899999999999995)]]",16
"[[(0.55, 4.39), (10.24, 14.08)]]",16
"[[(11.06, 14.9), (18.67, 22.51)]]",12
"[[(1.74, 5.58), (6.44, 10.280000000000001)]]",16
"[[(23.33, 27.169999999999998), (17.65, 21.49)]]",16
"[[(6.17, 10.01), (25.51, 29.35)]]",16
"[[(5.66, 9.5), (15.06, 18.9)]]",12
"[[(21.36, 25.2), (27.29, 31.0)]]",16
"[[(18.39, 22.23), (4.3, 8.14)]]",16
"[[(11.07, 14.91), (23.95, 27.79)]]",12
"[[(11.51, 15.35), (18.38, 22.22)]]",16
"[[(9.05, 12.89), (27.47, 31.0)]]",12
"[[(6.07, 9.91), (16.8, 20.64)]]",12
"[[(18.27, 22.11), (4.94, 8.780000000000001)]]",16
"[[(7.4, 11.24), (9.64, 13.48)]]",16
"[[(9.43, 13.27), (21.79, 25.63)]]",16
"[[(25.7, 29.54), (3.1, 6.9399999999999995)]]",12
"[[(26.32, 30.16), (13.91, 17.75)]]",16
"[[(26.9, 30.74), (26.03, 29.87)]]",12
"[[(10.19, 14.03), (9.04, 12.879999999999999)]]",12
"[[(13.13, 16.97), (14.92, 18.759999999999998)]]",12
"[[(24.68, 28.52), (1.28, 5.12)]]",16
"[[(20.14, 23.98), (6.25, 10.09)]]",12
"[[(15.24, 19.08), (21.81, 25.65)]]",16
"[[(6.75, 10.59), (17.16, 21.0)]]",16
"[[(11.31, 15.15), (2.45, 6.29)]]",16
"[[(10.39, 14.23), (6.47, 10.309999999999999)]]",16
"[[(9.63, 13.47), (11.87, 15.709999999999999)]]",16
"[[(15.41, 19.25), (3.25, 7.09)]]",16
"[[(15.26, 19.1), (15.81, 19.65)]]",16
"[[(22.43, 26.27), (23.41, 27.25)]]",16
"[[(25.03, 28.87), (24.82, 28.66)]]",12
"[[(15.82, 19.66), (26.62, 30.46)]]",16
"[[(3.12, 6.96), (9.75, 13.59)]]",12
"[[(18.05, 21.89), (27.18, 31.0)]]",12
"[[(13.44, 17.28), (4.65, 8.49)]]",16
"[[(4.38, 8.219999999999999), (15.02, 18.86)]]",12
"[[(7.42, 11.26), (23.28, 27.12)]]",16
"[[(24.41, 28.25), (12.85, 16.689999999999998)]]",16
"[[(11.57, 15.41), (16.5, 20.34)]]",16
"[[(21.46, 25.3), (27.65, 31.0)]]",16
"[[(19.03, 22.87), (7.69, 11.530000000000001)]]",12
"[[(0.49, 4.33), (27.16, 31.0)]]",16
"[[(25.93, 29.77), (10.33, 14.17)]]",16
"[[(14.22, 18.060000000000002), (23.08, 26.919999999999998)]]",12
"[[(13.63, 17.47), (19.43, 23.27)]]",16
"[[(27.54, 31.0), (24.2, 28.04)]]",16
"[[(10.82, 14.66), (22.48, 26.32)]]",16
"[[(4.89, 8.73), (7.37, 11.21)]]",16
"[[(9.64, 13.48), (5.3, 9.14)]]",16
"[[(8.63, 12.47), (25.06, 28.9)]]",12
"[[(5.62, 9.46), (0.28, 4.12)]]",16
"[[(22.42, 26.26), (1.52, 5.359999999999999)]]",16
"[[(22.22, 26.06), (5.4, 9.24)]]",16
"[[(5.84, 9.68), (4.35, 8.19)]]",16
"[[(20.39, 24.23), (14.53, 18.369999999999997)]]",16
"[[(19.48, 23.32), (14.22, 18.060000000000002)]]",16
"[[(26.61, 30.45), (2.71, 6.55)]]",16
"[[(8.52, 12.36), (4.66, 8.5)]]",16
"[[(27.48, 31.0), (21.7, 25.54)]]",16
"[[(7.73, 11.57), (5.54, 9.379999999999999)]]",16
"[[(0.0, 3.59), (15.5, 19.34)]]",16
"[[(11.39, 15.23), (11.55, 15.39)]]",16
"[[(14.61, 18.45), (22.8, 26.64)]]",16
"[[(21.67, 25.51), (11.13, 14.97)]]",12
"[[(19.0, 22.84), (25.15, 28.99)]]",12
"[[(8.77, 12.61), (13.38, 17.22)]]",16
"[[(9.88, 13.72), (2.21, 6.05)]]",16
"[[(13.54, 17.38), (7.79, 11.629999999999999)]]",16
"[[(13.45, 17.29), (21.71, 25.55)]]",16
"[[(20.24, 24.08), (10.22, 14.06)]]",16
"[[(17.04, 20.88), (5.95, 9.79)]]",12
"[[(3.25, 7.09), (0.0, 3.76)]]",16
"[[(5.06, 8.899999999999999), (16.62, 20.46)]]",12
"[[(25.75, 29.59), (2.63, 6.47)]]",16
"[[(15.68, 19.52), (20.29, 24.13)]]",16
"[[(20.66, 24.5), (11.68, 15.52)]]",16
"[[(22.36, 26.2), (10.69, 14.53)]]",16
"[[(21.47, 25.31), (12.23, 16.07)]]",16
"[[(27.47, 31.0), (8.98, 12.82)]]",16
"[[(1.97, 5.81), (24.08, 27.919999999999998)]]",12
"[[(22.72, 26.56), (11.82, 15.66)]]",16
"[[(10.76, 14.6), (0.0, 3.42)]]",16
"[[(1.24, 5.08), (3.9, 7.74)]]",16
"[[(23.6, 27.44), (3.05, 6.89)]]",12
"[[(11.72, 15.56), (22.06, 25.9)]]",12
"[[(9.75, 13.59), (18.34, 22.18)]]",16
"[[(2.25, 6.09), (14.48, 18.32)]]",16
"[[(21.67, 25.51), (16.13, 19.97)]]",12
"[[(26.34, 30.18), (5.41, 9.25)]]",16
"[[(15.3, 19.14), (11.65, 15.49)]]",16
"[[(20.76, 24.6), (22.5, 26.34)]]",16
"[[(11.71, 15.55), (8.16, 12.0)]]",16
"[[(10.95, 14.79), (25.35, 29.19)]]",16
"[[(10.37, 14.209999999999999), (9.73, 13.57)]]",16
"[[(1.95, 5.79), (0.65, 4.49)]]",16
"[[(1.18, 5.02), (0.2, 4.04)]]",16
"[[(9.49, 13.33), (6.1, 9.94)]]",12
"[[(22.99, 26.83), (7.97, 11.809999999999999)]]",16
"[[(27.2, 31.0), (18.54, 22.38)]]",16
"[[(5.68, 9.52), (26.74, 30.58)]]",16
"[[(2.87, 6.71), (14.2, 18.04)]]",16
"[[(5.69, 9.530000000000001), (22.61, 26.45)]]",16
"[[(4.94, 8.780000000000001), (24.0, 27.84)]]",16
"[[(26.61, 30.45), (27.18, 31.0)]]",16
"[[(9.71, 13.55), (11.16, 15.0)]]",16
"[[(4.43, 8.27), (24.02, 27.86)]]",12
"[[(14.72, 18.560000000000002), (22.12, 25.96)]]",12
"[[(26.57, 30.41), (14.48, 18.32)]]",16
"[[(9.74, 13.58), (25.98, 29.82)]]",16
"[[(22.7, 26.54), (16.97, 20.81)]]",16
"[[(9.97, 13.81), (1.73, 5.57)]]",16
"[[(3.08, 6.92), (5.5, 9.34)]]",12
"[[(20.97, 24.81), (21.13, 24.97)]]",12
"[[(19.88, 23.72), (16.34, 20.18)]]",16
"[[(15.47, 19.310000000000002), (7.97, 11.809999999999999)]]",16
"[[(2.41, 6.25), (2.46, 6.3)]]",16
"[[(0.0, 3.79), (10.89, 14.73)]]",16
"[[(5.49, 9.33), (1.02, 4.859999999999999)]]",12
"[[(10.53, 14.37), (24.94, 28.78)]]",16
"[[(6.68, 10.52), (16.85, 20.69)]]",16
"[[(14.04, 17.88), (27.15, 30.99)]]",9
"[[(26.51, 30.35), (0.0, 3.67)]]",16
"[[(2.74, 6.58), (2.82, 6.66)]]",16
"[[(16.96, 20.8), (10.44, 14.28)]]",16
"[[(9.21, 13.05), (1.69, 5.529999999999999)]]",16
"[[(14.64, 18.48), (21.68, 25.52)]]",16
"[[(17.68, 21.52), (26.51, 30.35)]]",16
"[[(11.33, 15.17), (11.14, 14.98)]]",12
"[[(27.22, 31.0), (11.5, 15.34)]]",16
"[[(7.64, 11.48), (20.25, 24.09)]]",16
"[[(19.39, 23.23), (15.0, 18.84)]]",16
"[[(17.11, 20.95), (17.7, 21.54)]]",12
"[[(19.45, 23.29), (17.6, 21.44)]]",16
"[[(24.24, 28.08), (5.97, 9.809999999999999)]]",16
"[[(6.9, 10.74), (3.78, 7.619999999999999)]]",16
"[[(14.14, 17.98), (14.36, 18.2)]]",12
"[[(18.59, 22.43), (0.4, 4.24)]]",16
"[[(18.36, 22.2), (20.2, 24.04)]]",16
"[[(4.07, 7.91), (23.35, 27.19)]]",12
"[[(18.54, 22.38), (11.39, 15.23)]]",16
"[[(26.1, 29.94), (3.81, 7.65)]]",12
"[[(22.98, 26.82), (20.37, 24.21)]]",16
"[[(9.96, 13.8), (10.99, 14.83)]]",16
"[[(20.36, 24.2), (7.49, 11.33)]]",16
"[[(17.09, 20.93), (15.8, 19.64)]]",12
"[[(27.42, 31.0), (5.65, 9.49)]]",16
"[[(5.69, 9.530000000000001), (2.86, 6.699999999999999)]]",16
"[[(24.98, 28.82), (17.4, 21.24)]]",16
"[[(14.23, 18.07), (9.53, 13.37)]]",16
"[[(14.18, 18.02), (15.71, 19.55)]]",16
"[[(17.02, 20.86), (5.03, 8.870000000000001)]]",9
"[[(14.04, 17.88), (12.58, 16.42)]]",12
"[[(5.46, 9.3), (22.98, 26.82)]]",16
"[[(10.13, 13.97), (3.94, 7.779999999999999)]]",12
"[[(20.04, 23.88), (19.08, 22.919999999999998)]]",9
"[[(3.97, 7.8100000000000005), (16.99, 20.83)]]",16
"[[(22.01, 25.85), (23.07, 26.91)]]",9
"[[(23.28, 27.12), (13.2, 17.04)]]",16
"[[(16.3, 20.14), (21.81, 25.65)]]",16
"[[(26.37, 30.21), (0.66, 4.5)]]",16
"[[(20.38, 24.22), (2.74, 6.58)]]",16
"[[(13.42, 17.259999999999998), (22.63, 26.47)]]",16
"[[(19.53, 23.37), (23.13, 26.97)]]",12
"[[(2.59, 6.43), (19.49, 23.33)]]",16
"[[(21.04, 24.88), (8.31, 12.15)]]",12
"[[(22.46, 26.3), (24.55, 28.39)]]",16
"[[(19.06, 22.9), (17.74, 21.58)]]",12
"[[(5.62, 9.46), (0.05, 3.8899999999999997)]]",12
"[[(7.29, 11.129999999999999), (8.98, 12.82)]]",16
"[[(16.24, 20.08), (22.67, 26.51)]]",16
"[[(0.18, 4.02), (3.09, 6.93)]]",12
"[[(8.8, 12.64), (5.94, 9.780000000000001)]]",16
"[[(4.85, 8.69), (27.65, 31.0)]]",16
"[[(26.46, 30.3), (6.88, 10.719999999999999)]]",16
"[[(10.47, 14.31), (14.37, 18.21)]]",16
"[[(8.84, 12.68), (22.46, 26.3)]]",16
"[[(18.52, 22.36), (21.56, 25.4)]]",16
"[[(10.14, 13.98), (22.83, 26.669999999999998)]]",12
"[[(1.39, 5.2299999999999995), (4.24, 8.08)]]",16
"[[(21.45, 25.29), (23.57, 27.41)]]",16
"[[(3.98, 7.82), (18.6, 22.44)]]",16
"[[(7.5, 11.34), (18.95, 22.79)]]",16
"[[(10.68, 14.52), (10.5, 14.34)]]",16
"[[(25.18, 29.02), (15.51, 19.35)]]",16
"[[(7.88, 11.719999999999999), (15.38, 19.22)]]",16
"[[(12.51, 16.35), (4.45, 8.29)]]",16
"[[(13.23, 17.07), (23.81, 27.65)]]",16
"[[(4.88, 8.719999999999999), (8.77, 12.61)]]",16
"[[(20.66, 24.5), (4.66, 8.5)]]",16
"[[(16.62, 20.46), (0.38, 4.22)]]",16
"[[(17.64, 21.48), (9.46, 13.3)]]",16
"[[(27.09, 30.93), (9.11, 12.95)]]",9
"[[(15.14, 18.98), (18.13, 21.97)]]",9
"[[(24.86, 28.7), (5.11, 8.95)]]",12
"[[(4.54, 8.379999999999999), (26.37, 30.21)]]",16
"[[(9.78, 13.62), (3.69, 7.529999999999999)]]",16
"[[(13.22, 17.060000000000002), (24.04, 27.88)]]",12
"[[(26.19, 30.03), (4.97, 8.809999999999999)]]",16
"[[(26.42, 30.26), (19.27, 23.11)]]",16
"[[(9.57, 13.41), (14.4, 18.240000000000002)]]",16
"[[(27.36, 31.0), (9.38, 13.22)]]",16
"[[(9.59, 13.43), (18.75, 22.59)]]",16
"[[(0.14, 3.98), (0.42, 4.26)]]",12
"[[(26.17, 30.01), (11.0, 14.84)]]",16
"[[(20.5, 24.34), (6.29, 10.129999999999999)]]",16
"[[(19.94, 23.78), (23.69, 27.53)]]",16
"[[(16.68, 20.52), (3.61, 7.449999999999999)]]",16
"[[(5.81, 9.649999999999999), (14.66, 18.5)]]",16
"[[(10.28, 14.12), (24.77, 28.61)]]",16
"[[(10.45, 14.29), (13.1, 16.939999999999998)]]",12
"[[(1.58, 5.42), (26.28, 30.12)]]",16
"[[(10.32, 14.16), (12.11, 15.95)]]",12
"[[(6.32, 10.16), (23.83, 27.669999999999998)]]",16
"[[(11.64, 15.48), (14.68, 18.52)]]",16
"[[(1.94, 5.779999999999999), (20.54, 24.38)]]",16
"[[(7.81, 11.649999999999999), (6.04, 9.879999999999999)]]",12
"[[(11.76, 15.6), (11.62, 15.459999999999999)]]",16
"[[(19.8, 23.64), (8.5, 12.34)]]",16
"[[(24.47, 28.31), (18.88, 22.72)]]",16
"[[(17.68, 21.52), (4.35, 8.19)]]",16
"[[(9.34, 13.18), (18.23, 22.07)]]",16
"[[(22.57, 26.41), (9.82, 13.66)]]",16
"[[(14.81, 18.65), (0.0, 3.75)]]",16
"[[(21.64, 25.48), (0.25, 4.09)]]",16
"[[(24.08, 27.919999999999998), (11.71, 15.55)]]",12
"[[(9.17, 13.01), (6.65, 10.49)]]",16
"[[(11.45, 15.29), (27.07, 30.91)]]",12
"[[(20.21, 24.05), (23.39, 27.23)]]",16
"[[(27.46, 31.0), (11.06, 14.9)]]",12
"[[(23.44, 27.28), (6.01, 9.85)]]",12
"[[(8.01, 11.85), (9.43, 13.27)]]",12
"[[(12.12, 15.959999999999999), (11.23, 15.07)]]",12
"[[(21.1, 24.94), (13.94, 17.78)]]",12
"[[(1.63, 5.47), (8.78, 12.62)]]",16
"[[(16.7, 20.54), (14.48, 18.32)]]",16
"[[(26.5, 30.34), (3.88, 7.72)]]",16
"[[(23.37, 27.21), (5.83, 9.67)]]",16
"[[(12.11, 15.95), (0.9, 4.74)]]",12
"[[(5.39, 9.23), (6.58, 10.42)]]",16
"[[(21.54, 25.38), (1.05, 4.89)]]",12
"[[(14.15, 17.990000000000002), (23.93, 27.77)]]",12
"[[(2.59, 6.43), (17.47, 21.31)]]",16
"[[(13.61, 17.45), (21.15, 24.99)]]",12
"[[(11.47, 15.31), (10.8, 14.64)]]",16
"[[(15.54, 19.38), (26.33, 30.169999999999998)]]",16
"[[(8.87, 12.709999999999999), (15.48, 19.32)]]",16
"[[(17.14, 20.98), (11.85, 15.69)]]",12
"[[(9.48, 13.32), (13.46, 17.3)]]",16
"[[(16.68, 20.52), (17.43, 21.27)]]",16
"[[(21.79, 25.63), (18.39, 22.23)]]",16
"[[(15.33, 19.17), (22.64, 26.48)]]",16
"[[(2.12, 5.96), (15.02, 18.86)]]",9
"[[(4.88, 8.719999999999999), (14.46, 18.3)]]",16
"[[(2.52, 6.359999999999999), (25.54, 29.38)]]",16
"[[(1.37, 5.21), (18.15, 21.99)]]",12
"[[(1.58, 5.42), (4.36, 8.2)]]",16
"[[(2.01, 5.85), (9.63, 13.47)]]",12
"[[(22.47, 26.31), (26.82, 30.66)]]",16
"[[(1.02, 4.859999999999999), (2.94, 6.779999999999999)]]",12
"[[(14.15, 17.990000000000002), (8.83, 12.67)]]",12
"[[(14.79, 18.63), (14.66, 18.5)]]",16
"[[(12.95, 16.79), (9.54, 13.379999999999999)]]",16
"[[(2.9, 6.74), (11.44, 15.28)]]",16
"[[(2.03, 5.869999999999999), (11.31, 15.15)]]",12
"[[(16.69, 20.53), (26.97, 30.81)]]",16
"[[(12.98, 16.82), (4.7, 8.54)]]",16
"[[(26.03, 29.87), (20.55, 24.39)]]",12
"[[(12.18, 16.02), (27.58, 31.0)]]",16
"[[(4.76, 8.6), (11.16, 15.0)]]",16
"[[(27.39, 31.0), (25.23, 29.07)]]",16
"[[(26.46, 30.3), (7.29, 11.129999999999999)]]",16
"[[(2.27, 6.109999999999999), (26.35, 30.19)]]",16
"[[(25.36, 29.2), (27.63, 31.0)]]",16
"[[(16.46, 20.3), (11.36, 15.2)]]",16
"[[(21.69, 25.53), (4.54, 8.379999999999999)]]",16
"[[(0.01, 3.8499999999999996), (12.11, 15.95)]]",9
"[[(3.14, 6.98), (2.66, 6.5)]]",12
"[[(25.48, 29.32), (5.35, 9.19)]]",16
"[[(10.82, 14.66), (3.08, 6.92)]]",12
"[[(21.28, 25.12), (27.01, 30.85)]]",12
"[[(0.45, 4.29), (12.25, 16.09)]]",16
"[[(13.96, 17.8), (15.48, 19.32)]]",16
"[[(14.6, 18.439999999999998), (15.51, 19.35)]]",16
"[[(4.86, 8.7), (25.64, 29.48)]]",16
"[[(4.73, 8.57), (10.68, 14.52)]]",16
"[[(7.98, 11.82), (21.71, 25.55)]]",16
"[[(12.28, 16.119999999999997), (12.77, 16.61)]]",16
"[[(0.0, 3.4499999999999997), (19.16, 23.0)]]",16
"[[(5.78, 9.620000000000001), (17.92, 21.76)]]",16
"[[(8.23, 12.07), (13.08, 16.92)]]",12
"[[(19.95, 23.79), (18.31, 22.15)]]",16
"[[(19.28, 23.12), (15.85, 19.689999999999998)]]",16
"[[(8.99, 12.83), (12.84, 16.68)]]",16
"[[(1.73, 5.57), (10.84, 14.68)]]",16
"[[(24.78, 28.62), (16.08, 19.919999999999998)]]",12
"[[(9.96, 13.8), (19.54, 23.38)]]",16
"[[(19.81, 23.65), (21.86, 25.7)]]",16
"[[(12.86, 16.7), (12.27, 16.11)]]",16
"[[(1.33, 5.17), (6.13, 9.969999999999999)]]",12
"[[(2.21, 6.05), (1.27, 5.109999999999999)]]",16
"[[(13.15, 16.990000000000002), (4.2, 8.04)]]",12
"[[(20.77, 24.61), (14.84, 18.68)]]",16
"[[(3.87, 7.71), (8.63, 12.47)]]",16
"[[(1.56, 5.4), (8.82, 12.66)]]",16
"[[(18.99, 22.83), (21.93, 25.77)]]",16
"[[(27.3, 31.0), (9.77, 13.61)]]",16
"[[(1.54, 5.38), (4.71, 8.55)]]",16
"[[(1.86, 5.7), (11.72, 15.56)]]",16
"[[(17.21, 21.05), (24.61, 28.45)]]",16
"[[(25.3, 29.14), (21.33, 25.169999999999998)]]",16
"[[(2.68, 6.52), (27.58, 31.0)]]",16
"[[(8.28, 12.12), (10.01, 13.85)]]",12
"[[(9.02, 12.86), (5.11, 8.95)]]",9
"[[(27.38, 31.0), (19.43, 23.27)]]",16
"[[(15.2, 19.04), (1.02, 4.859999999999999)]]",12
"[[(26.74, 30.58), (9.61, 13.45)]]",16
"[[(14.06, 17.9), (9.1, 12.94)]]",9
"[[(1.56, 5.4), (21.03, 24.87)]]",12
"[[(6.81, 10.649999999999999), (20.85, 24.69)]]",16
"[[(11.65, 15.49), (8.7, 12.54)]]",16
"[[(26.57, 30.41), (18.12, 21.96)]]",12
"[[(13.21, 17.05), (27.17, 31.0)]]",16
"[[(9.05, 12.89), (13.28, 17.119999999999997)]]",12
"[[(5.32, 9.16), (26.53, 30.37)]]",16
"[[(7.58, 11.42), (13.46, 17.3)]]",16
"[[(25.0, 28.84), (2.53, 6.369999999999999)]]",16
"[[(0.44, 4.28), (5.52, 9.36)]]",16
"[[(20.52, 24.36), (13.29, 17.13)]]",16
"[[(0.07, 3.9099999999999997), (22.6, 26.44)]]",12
"[[(19.13, 22.97), (11.36, 15.2)]]",12
"[[(16.44, 20.28), (17.8, 21.64)]]",16
"[[(15.79, 19.63), (22.88, 26.72)]]",16
"[[(19.32, 23.16), (6.67, 10.51)]]",16
"[[(10.05, 13.89), (22.8, 26.64)]]",12
"[[(15.78, 19.619999999999997), (12.59, 16.43)]]",16
"[[(15.34, 19.18), (3.48, 7.32)]]",16
"[[(16.03, 19.87), (10.98, 14.82)]]",12
"[[(6.44, 10.280000000000001), (21.03, 24.87)]]",12
"[[(11.41, 15.25), (5.81, 9.649999999999999)]]",16
"[[(23.83, 27.669999999999998), (4.45, 8.29)]]",16
"[[(10.36, 14.2), (20.46, 24.3)]]",16
"[[(14.48, 18.32), (9.78, 13.62)]]",16
"[[(21.59, 25.43), (0.0, 3.34)]]",16
"[[(12.23, 16.07), (19.94, 23.78)]]",16
"[[(23.33, 27.169999999999998), (11.69, 15.53)]]",16
"[[(4.73, 8.57), (1.57, 5.41)]]",16
"[[(7.98, 11.82), (13.76, 17.6)]]",16
"[[(4.01, 7.85), (23.48, 27.32)]]",12
"[[(0.0, 3.46), (23.22, 27.06)]]",16
"[[(19.65, 23.49), (23.64, 27.48)]]",16
"[[(13.97, 17.810000000000002), (14.58, 18.42)]]",16
"[[(5.92, 9.76), (13.33, 17.17)]]",16
"[[(3.58, 7.42), (13.47, 17.310000000000002)]]",16
"[[(19.99, 23.83), (15.21, 19.05)]]",16
"[[(11.03, 14.87), (5.2, 9.04)]]",12
"[[(7.06, 10.899999999999999), (2.55, 6.39)]]",12
"[[(24.86, 28.7), (19.62, 23.46)]]",16
"[[(19.92, 23.76), (26.77, 30.61)]]",16
"[[(4.1, 7.9399999999999995), (18.47, 22.31)]]",12
"[[(7.84, 11.68), (2.39, 6.23)]]",16
"[[(26.53, 30.37), (22.76, 26.6)]]",16
"[[(2.06, 5.9), (19.67, 23.51)]]",12
"[[(2.12, 5.96), (10.54, 14.379999999999999)]]",12
"[[(22.38, 26.22), (9.08, 12.92)]]",12
"[[(5.97, 9.809999999999999), (16.01, 19.85)]]",12
"[[(19.22, 23.06), (17.35, 21.19)]]",16
"[[(0.11, 3.9499999999999997), (3.99, 7.83)]]",12
"[[(5.68, 9.52), (0.0, 3.36)]]",16
"[[(5.47, 9.309999999999999), (18.68, 22.52)]]",16
"[[(12.75, 16.59), (9.47, 13.31)]]",16
"[[(26.73, 30.57), (7.27, 11.11)]]",16
"[[(0.0, 3.4099999999999997), (19.1, 22.94)]]",12
"[[(8.86, 12.7), (7.18, 11.02)]]",16
"[[(24.53, 28.37), (19.6, 23.44)]]",16
"[[(24.75, 28.59), (19.51, 23.35)]]",16
"[[(15.31, 19.15), (14.61, 18.45)]]",16
"[[(23.89, 27.73), (9.41, 13.25)]]",16
"[[(25.5, 29.34), (15.91, 19.75)]]",16
"[[(18.22, 22.06), (17.15, 20.99)]]",12
"[[(23.66, 27.5), (17.14, 20.98)]]",12
"[[(26.62, 30.46), (3.97, 7.8100000000000005)]]",16
"[[(11.47, 15.31), (10.48, 14.32)]]",16
"[[(20.5, 24.34), (7.29, 11.129999999999999)]]",16
"[[(9.15, 12.99), (13.06, 16.9)]]",9
"[[(26.02, 29.86), (23.11, 26.95)]]",9
"[[(18.8, 22.64), (1.36, 5.2)]]",16
"[[(9.1, 12.94), (25.66, 29.5)]]",12
"[[(0.56, 4.4), (25.67, 29.51)]]",16
"[[(2.94, 6.779999999999999), (13.29, 17.13)]]",16
"[[(21.0, 24.84), (4.59, 8.43)]]",16
"[[(4.67, 8.51), (13.83, 17.67)]]",16
"[[(19.44, 23.28), (24.73, 28.57)]]",16
"[[(6.87, 10.71), (10.42, 14.26)]]",16
"[[(20.04, 23.88), (13.75, 17.59)]]",12
"[[(12.85, 16.689999999999998), (19.9, 23.74)]]",16
"[[(5.84, 9.68), (18.17, 22.01)]]",16
"[[(0.18, 4.02), (0.0, 3.77)]]",16
"[[(17.26, 21.1), (16.22, 20.06)]]",16
"[[(7.87, 11.71), (6.45, 10.29)]]",16
"[[(3.79, 7.63), (22.38, 26.22)]]",16
"[[(17.78, 21.62), (2.6, 6.4399999999999995)]]",16
"[[(7.54, 11.379999999999999), (13.15, 16.990000000000002)]]",12
"[[(11.12, 14.959999999999999), (22.58, 26.419999999999998)]]",12
"[[(27.28, 31.0), (8.29, 12.129999999999999)]]",16
"[[(10.05, 13.89), (13.19, 17.03)]]",12
"[[(24.01, 27.85), (15.14, 18.98)]]",9
"[[(13.53, 17.369999999999997), (4.09, 7.93)]]",12
"[[(13.04, 16.88), (3.57, 7.41)]]",12
"[[(11.33, 15.17), (12.32, 16.16)]]",16
"[[(24.23, 28.07), (21.59, 25.43)]]",16
"[[(1.22, 5.06), (27.16, 31.0)]]",16
"[[(19.25, 23.09), (22.88, 26.72)]]",16
"[[(7.39, 11.23), (1.9, 5.74)]]",16
"[[(16.48, 20.32), (11.93, 15.77)]]",16
"[[(13.7, 17.54), (8.78, 12.62)]]",16
"[[(3.34, 7.18), (25.31, 29.15)]]",16
"[[(11.96, 15.8), (2.21, 6.05)]]",16
"[[(22.2, 26.04), (1.96, 5.8)]]",16
"[[(0.0, 3.57), (11.02, 14.86)]]",12
"[[(16.57, 20.41), (5.92, 9.76)]]",16
"[[(6.52, 10.36), (5.96, 9.8)]]",16
"[[(9.57, 13.41), (16.95, 20.79)]]",16
"[[(3.91, 7.75), (12.49, 16.33)]]",16
"[[(11.57, 15.41), (0.06, 3.9)]]",12
"[[(15.36, 19.2), (3.27, 7.109999999999999)]]",16
"[[(0.85, 4.6899999999999995), (8.56, 12.4)]]",16
"[[(21.08, 24.919999999999998), (4.74, 8.58)]]",12
"[[(22.65, 26.49), (23.4, 27.24)]]",16
"[[(10.63, 14.47), (9.64, 13.48)]]",16
"[[(11.62, 15.459999999999999), (13.37, 17.21)]]",16
"[[(25.26, 29.1), (20.34, 24.18)]]",16
"[[(3.79, 7.63), (16.42, 20.26)]]",16
"[[(10.47, 14.31), (17.74, 21.58)]]",16
"[[(16.17, 20.01), (4.92, 8.76)]]",16
"[[(6.54, 10.379999999999999), (11.64, 15.48)]]",16
"[[(8.19, 12.03), (19.18, 23.02)]]",16
"[[(5.37, 9.21), (8.77, 12.61)]]",16
"[[(1.65, 5.49), (11.05, 14.89)]]",12
"[[(0.0, 3.77), (17.65, 21.49)]]",16
"[[(12.02, 15.86), (24.28, 28.12)]]",12
"[[(3.23, 7.07), (4.42, 8.26)]]",16
"[[(8.51, 12.35), (23.07, 26.91)]]",12
"[[(6.08, 9.92), (17.31, 21.15)]]",12
"[[(18.93, 22.77), (18.02, 21.86)]]",12
"[[(15.37, 19.21), (2.83, 6.67)]]",16
"[[(1.24, 5.08), (11.67, 15.51)]]",16
"[[(27.0, 30.84), (2.82, 6.66)]]",16
"[[(9.77, 13.61), (8.09, 11.93)]]",12
"[[(14.31, 18.15), (26.08, 29.919999999999998)]]",12
"[[(18.33, 22.169999999999998), (11.64, 15.48)]]",16
"[[(10.12, 13.959999999999999), (4.84, 8.68)]]",12
"[[(25.43, 29.27), (3.01, 6.85)]]",12
"[[(18.65, 22.49), (16.71, 20.55)]]",16
"[[(16.43, 20.27), (9.11, 12.95)]]",12
"[[(19.07, 22.91), (26.76, 30.6)]]",12
"[[(15.77, 19.61), (8.66, 12.5)]]",16
"[[(24.14, 27.98), (8.94, 12.78)]]",12
"[[(8.36, 12.2), (10.9, 14.74)]]",16
"[[(27.16, 31.0), (15.67, 19.509999999999998)]]",16
"[[(5.21, 9.05), (20.28, 24.12)]]",16
"[[(0.27, 4.109999999999999), (23.59, 27.43)]]",16
"[[(14.19, 18.03), (19.88, 23.72)]]",16
"[[(17.88, 21.72), (7.21, 11.05)]]",16
"[[(6.64, 10.48), (6.81, 10.649999999999999)]]",16
"[[(4.02, 7.859999999999999), (27.32, 31.0)]]",12
"[[(16.54, 20.38), (6.4, 10.24)]]",16
"[[(14.17, 18.009999999999998), (22.71, 26.55)]]",16
"[[(11.98, 15.82), (12.77, 16.61)]]",16
"[[(25.97, 29.81), (26.85, 30.69)]]",16
"[[(9.73, 13.57), (20.13, 23.97)]]",12
"[[(22.23, 26.07), (19.19, 23.03)]]",16
"[[(11.17, 15.01), (16.53, 20.37)]]",16
"[[(14.96, 18.8), (12.87, 16.71)]]",16
"[[(21.98, 25.82), (9.47, 13.31)]]",16
"[[(25.37, 29.21), (14.68, 18.52)]]",16
"[[(6.37, 10.21), (11.8, 15.64)]]",16
"[[(10.16, 14.0), (23.08, 26.919999999999998)]]",12
"[[(16.21, 20.05), (22.17, 26.01)]]",16
"[[(8.24, 12.08), (16.08, 19.919999999999998)]]",12
"[[(24.05, 27.89), (6.13, 9.969999999999999)]]",9
"[[(16.31, 20.15), (2.42, 6.26)]]",16
"[[(21.68, 25.52), (22.04, 25.88)]]",12
"[[(15.23, 19.07), (19.56, 23.4)]]",16
"[[(26.6, 30.44), (9.89, 13.73)]]",16
"[[(19.6, 23.44), (0.01, 3.8499999999999996)]]",12
"[[(26.07, 29.91), (2.78, 6.619999999999999)]]",12
"[[(2.2, 6.04), (11.21, 15.05)]]",16
"[[(1.74, 5.58), (19.84, 23.68)]]",16
"[[(9.41, 13.25), (12.24, 16.08)]]",16
"[[(25.47, 29.31), (6.6, 10.44)]]",16
"[[(23.51, 27.35), (27.56, 31.0)]]",16
"[[(17.45, 21.29), (21.26, 25.1)]]",16
"[[(15.54, 19.38), (19.82, 23.66)]]",16
"[[(24.43, 28.27), (14.3, 18.14)]]",16
"[[(13.33, 17.17), (23.19, 27.03)]]",16
"[[(24.89, 28.73), (1.06, 4.9)]]",12
"[[(17.99, 21.83), (6.81, 10.649999999999999)]]",16
"[[(21.47, 25.31), (3.26, 7.1)]]",16
"[[(22.69, 26.53), (13.69, 17.53)]]",16
"[[(13.37, 17.21), (27.09, 30.93)]]",12
"[[(12.3, 16.14), (23.9, 27.74)]]",16
"[[(18.97, 22.81), (13.13, 16.97)]]",12
"[[(25.07, 28.91), (1.08, 4.92)]]",9
"[[(4.96, 8.8), (27.01, 30.85)]]",12
"[[(16.76, 20.6), (10.6, 14.44)]]",16
"[[(10.71, 14.55), (5.23, 9.07)]]",16
"[[(3.84, 7.68), (3.68, 7.52)]]",16
"[[(17.41, 21.25), (20.4, 24.24)]]",16
"[[(24.69, 28.53), (24.84, 28.68)]]",16
"[[(21.21, 25.05), (8.57, 12.41)]]",16
"[[(21.83, 25.669999999999998), (8.69, 12.53)]]",16
"[[(0.73, 4.57), (24.56, 28.4)]]",16
"[[(21.73, 25.57), (13.46, 17.3)]]",16
"[[(4.83, 8.67), (8.95, 12.79)]]",16
"[[(20.78, 24.62), (11.77, 15.61)]]",16
"[[(11.72, 15.56), (3.97, 7.8100000000000005)]]",16
"[[(24.16, 28.0), (12.2, 16.04)]]",16
"[[(3.41, 7.25), (5.58, 9.42)]]",16
"[[(23.41, 27.25), (24.55, 28.39)]]",16
"[[(13.94, 17.78), (18.67, 22.51)]]",16
"[[(15.71, 19.55), (23.66, 27.5)]]",16
"[[(18.42, 22.26), (11.62, 15.459999999999999)]]",16
"[[(11.97, 15.81), (20.36, 24.2)]]",16
"[[(7.45, 11.29), (8.93, 12.77)]]",16
"[[(15.23, 19.07), (14.04, 17.88)]]",12
"[[(26.02, 29.86), (14.99, 18.83)]]",12
"[[(24.67, 28.51), (6.43, 10.27)]]",16
"[[(10.27, 14.11), (8.68, 12.52)]]",16
"[[(25.28, 29.12), (5.18, 9.02)]]",16
"[[(8.04, 11.879999999999999), (21.45, 25.29)]]",12
"[[(3.4, 7.24), (6.12, 9.96)]]",12
"[[(13.62, 17.46), (8.55, 12.39)]]",16
"[[(14.19, 18.03), (20.1, 23.94)]]",12
"[[(5.88, 9.719999999999999), (14.54, 18.38)]]",16
"[[(23.91, 27.75), (17.84, 21.68)]]",16
"[[(24.05, 27.89), (7.57, 11.41)]]",12
"[[(8.78, 12.62), (17.12, 20.96)]]",12
"[[(7.18, 11.02), (0.0, 3.4499999999999997)]]",16
"[[(23.16, 27.0), (10.61, 14.45)]]",16
"[[(10.59, 14.43), (16.12, 19.96)]]",12
"[[(26.98, 30.82), (3.12, 6.96)]]",12
"[[(8.4, 12.24), (14.82, 18.66)]]",16
"[[(14.3, 18.14), (7.32, 11.16)]]",16
"[[(8.14, 11.98), (21.13, 24.97)]]",9
"[[(19.39, 23.23), (12.62, 16.46)]]",16
"[[(10.03, 13.87), (8.91, 12.75)]]",12
"[[(5.26, 9.1), (11.07, 14.91)]]",12
"[[(1.4, 5.24), (18.07, 21.91)]]",12
"[[(13.92, 17.759999999999998), (10.94, 14.78)]]",16
"[[(7.91, 11.75), (4.02, 7.859999999999999)]]",12
"[[(6.57, 10.41), (23.77, 27.61)]]",16
"[[(8.31, 12.15), (20.13, 23.97)]]",12
"[[(21.67, 25.51), (11.91, 15.75)]]",16
"[[(14.14, 17.98), (4.5, 8.34)]]",12
"[[(26.55, 30.39), (18.55, 22.39)]]",16
"[[(15.46, 19.3), (7.01, 10.85)]]",12
"[[(27.32, 31.0), (9.6, 13.44)]]",16
"[[(2.46, 6.3), (23.54, 27.38)]]",16
"[[(24.38, 28.22), (8.92, 12.76)]]",16
"[[(7.14, 10.98), (16.76, 20.6)]]",12
"[[(0.44, 4.28), (11.31, 15.15)]]",16
"[[(24.21, 28.05), (27.06, 30.9)]]",12
"[[(24.4, 28.24), (16.0, 19.84)]]",16
"[[(21.61, 25.45), (13.44, 17.28)]]",16
"[[(21.29, 25.13), (0.69, 4.529999999999999)]]",16
"[[(25.54, 29.38), (4.61, 8.45)]]",16
"[[(4.41, 8.25), (22.76, 26.6)]]",16
"[[(2.74, 6.58), (7.58, 11.42)]]",16
"[[(16.44, 20.28), (26.36, 30.2)]]",16
"[[(26.55, 30.39), (15.48, 19.32)]]",16
"[[(1.12, 4.96), (8.81, 12.65)]]",12
"[[(18.79, 22.63), (0.0, 3.5)]]",16
"[[(1.23, 5.07), (9.11, 12.95)]]",12
"[[(1.92, 5.76), (21.88, 25.72)]]",16
"[[(8.6, 12.44), (25.95, 29.79)]]",16
"[[(18.03, 21.87), (7.72, 11.559999999999999)]]",12
"[[(10.47, 14.31), (22.02, 25.86)]]",12
"[[(18.62, 22.46), (24.63, 28.47)]]",16
"[[(19.31, 23.15), (2.03, 5.869999999999999)]]",12
"[[(4.15, 7.99), (4.51, 8.35)]]",12
"[[(0.88, 4.72), (2.75, 6.59)]]",16
"[[(15.57, 19.41), (4.7, 8.54)]]",16
"[[(6.31, 10.149999999999999), (26.88, 30.72)]]",16
"[[(3.51, 7.35), (27.6, 31.0)]]",16
"[[(4.56, 8.399999999999999), (16.8, 20.64)]]",16
"[[(21.89, 25.73), (27.11, 30.95)]]",12
"[[(26.16, 30.0), (11.75, 15.59)]]",16
"[[(6.59, 10.43), (9.75, 13.59)]]",16
"[[(21.35, 25.19), (9.42, 13.26)]]",16
"[[(2.4, 6.24), (18.94, 22.78)]]",16
"[[(26.39, 30.23), (13.65, 17.490000000000002)]]",16
"[[(10.17, 14.01), (9.07, 12.91)]]",12
"[[(10.98, 14.82), (22.19, 26.03)]]",16
"[[(3.72, 7.5600000000000005), (14.08, 17.92)]]",12
"[[(21.82, 25.66), (3.69, 7.529999999999999)]]",16
"[[(18.64, 22.48), (21.51, 25.35)]]",16
"[[(20.2, 24.04), (13.61, 17.45)]]",16
"[[(27.33, 31.0), (11.62, 15.459999999999999)]]",16
"[[(24.76, 28.6), (4.13, 7.97)]]",12
"[[(7.47, 11.309999999999999), (27.2, 31.0)]]",16
"[[(26.93, 30.77), (8.03, 11.87)]]",12
"[[(13.23, 17.07), (26.49, 30.33)]]",16
"[[(3.67, 7.51), (18.81, 22.65)]]",16
"[[(10.4, 14.24), (16.75, 20.59)]]",16
"[[(3.67, 7.51), (6.86, 10.7)]]",16
"[[(7.78, 11.620000000000001), (15.02, 18.86)]]",12
"[[(22.57, 26.41), (23.55, 27.39)]]",16
"[[(14.43, 18.27), (1.15, 4.99)]]",12
"[[(20.81, 24.65), (24.63, 28.47)]]",16
"[[(5.93, 9.77), (5.64, 9.48)]]",16
"[[(27.63, 31.0), (22.49, 26.33)]]",16
"[[(1.77, 5.609999999999999), (17.67, 21.51)]]",16
"[[(23.67, 27.51), (25.3, 29.14)]]",16
"[[(18.27, 22.11), (19.01, 22.85)]]",12
"[[(13.24, 17.08), (15.86, 19.7)]]",16
"[[(26.93, 30.77), (8.92, 12.76)]]",16
"[[(9.06, 12.9), (17.84, 21.68)]]",12
"[[(17.1, 20.94), (18.88, 22.72)]]",12
"[[(20.49, 24.33), (13.24, 17.08)]]",16
"[[(3.0, 6.84), (27.21, 31.0)]]",16
"[[(13.56, 17.4), (24.46, 28.3)]]",16
"[[(8.31, 12.15), (16.4, 20.24)]]",16
"[[(23.36, 27.2), (7.2, 11.04)]]",16
"[[(10.02, 13.86), (16.31, 20.15)]]",12
"[[(19.13, 22.97), (27.12, 30.96)]]",9
"[[(5.48, 9.32), (3.46, 7.3)]]",16
"[[(10.43, 14.27), (7.41, 11.25)]]",16
"[[(20.19, 24.03), (18.06, 21.9)]]",12
"[[(14.98, 18.82), (17.05, 20.89)]]",12
"[[(1.66, 5.5), (15.32, 19.16)]]",16
"[[(24.47, 28.31), (7.54, 11.379999999999999)]]",16
"[[(24.93, 28.77), (19.74, 23.58)]]",16
"[[(10.59, 14.43), (6.27, 10.11)]]",16
"[[(19.84, 23.68), (27.27, 31.0)]]",16
"[[(0.08, 3.92), (25.4, 29.24)]]",12
"[[(0.1, 3.94), (7.98, 11.82)]]",12
"[[(6.47, 10.309999999999999), (17.4, 21.24)]]",16
"[[(7.17, 11.01), (13.85, 17.689999999999998)]]",16
"[[(26.37, 30.21), (13.19, 17.03)]]",16
"[[(9.94, 13.78), (2.16, 6.0)]]",16
"[[(0.54, 4.38), (20.85, 24.69)]]",16
"[[(7.23, 11.07), (5.41, 9.25)]]",16
"[[(7.75, 11.59), (15.3, 19.14)]]",16
"[[(19.22, 23.06), (26.84, 30.68)]]",16
"[[(24.99, 28.83), (19.19, 23.03)]]",16
"[[(11.8, 15.64), (19.98, 23.82)]]",16
"[[(22.35, 26.19), (17.51, 21.35)]]",16
"[[(14.25, 18.09), (27.06, 30.9)]]",12
"[[(8.3, 12.14), (3.0, 6.84)]]",16
"[[(21.46, 25.3), (23.73, 27.57)]]",16
"[[(2.49, 6.33), (1.67, 5.51)]]",16
"[[(11.63, 15.47), (19.97, 23.81)]]",16
"[[(4.58, 8.42), (27.36, 31.0)]]",16
"[[(7.54, 11.379999999999999), (10.8, 14.64)]]",16
"[[(1.75, 5.59), (12.6, 16.439999999999998)]]",16
"[[(9.21, 13.05), (13.07, 16.91)]]",12
"[[(16.25, 20.09), (27.07, 30.91)]]",12
"[[(10.85, 14.69), (12.96, 16.8)]]",16
"[[(13.4, 17.240000000000002), (1.68, 5.52)]]",16
"[[(0.0, 3.57), (10.44, 14.28)]]",16
"[[(2.9, 6.74), (8.22, 12.06)]]",16
"[[(3.93, 7.77), (18.73, 22.57)]]",16
"[[(7.77, 11.61), (17.56, 21.4)]]",16
"[[(4.55, 8.39), (21.29, 25.13)]]",16
"[[(1.2, 5.04), (24.35, 28.19)]]",16
"[[(5.77, 9.61), (17.74, 21.58)]]",16
"[[(24.51, 28.35), (0.27, 4.109999999999999)]]",16
"[[(0.26, 4.1), (11.81, 15.65)]]",16
"[[(0.12, 3.96), (1.21, 5.05)]]",12
"[[(22.14, 25.98), (25.29, 29.13)]]",12
"[[(11.95, 15.79), (16.14, 19.98)]]",12
"[[(17.84, 21.68), (15.82, 19.66)]]",16
"[[(13.66, 17.5), (5.03, 8.870000000000001)]]",12
"[[(16.03, 19.87), (0.0, 3.78)]]",12
"[[(6.53, 10.370000000000001), (14.62, 18.46)]]",16
"[[(11.18, 15.02), (3.15, 6.99)]]",12
"[[(25.07, 28.91), (12.77, 16.61)]]",12
"[[(14.64, 18.48), (25.26, 29.1)]]",16
"[[(23.77, 27.61), (0.44, 4.28)]]",16
"[[(26.25, 30.09), (26.93, 30.77)]]",16
"[[(1.16, 5.0), (27.24, 31.0)]]",16
"[[(24.35, 28.19), (15.41, 19.25)]]",16
"[[(25.6, 29.44), (4.31, 8.149999999999999)]]",16
"[[(21.44, 25.28), (13.3, 17.14)]]",16
"[[(20.44, 24.28), (10.91, 14.75)]]",16
"[[(0.13, 3.9699999999999998), (8.08, 11.92)]]",9
"[[(26.63, 30.47), (16.42, 20.26)]]",16
"[[(27.3, 31.0), (7.68, 11.52)]]",16
"[[(0.35, 4.1899999999999995), (16.77, 20.61)]]",16
"[[(3.41, 7.25), (16.32, 20.16)]]",16
"[[(15.86, 19.7), (11.95, 15.79)]]",16
"[[(26.01, 29.85), (23.64, 27.48)]]",12
"[[(11.34, 15.18), (14.2, 18.04)]]",16
"[[(22.12, 25.96), (11.46, 15.3)]]",12
"[[(22.75, 26.59), (0.14, 3.98)]]",12
"[[(8.74, 12.58), (3.02, 6.859999999999999)]]",12
"[[(18.85, 22.69), (12.5, 16.34)]]",16
"[[(24.51, 28.35), (22.89, 26.73)]]",16
"[[(11.39, 15.23), (18.24, 22.08)]]",16
"[[(0.82, 4.66), (24.28, 28.12)]]",16
"[[(0.0, 3.51), (1.53, 5.37)]]",16
"[[(7.51, 11.35), (14.81, 18.65)]]",16
"[[(9.83, 13.67), (4.55, 8.39)]]",16
"[[(13.72, 17.560000000000002), (1.27, 5.109999999999999)]]",16
"[[(25.08, 28.919999999999998), (8.63, 12.47)]]",12
"[[(5.28, 9.120000000000001), (26.48, 30.32)]]",16
"[[(24.52, 28.36), (24.06, 27.9)]]",12
"[[(14.05, 17.89), (0.79, 4.63)]]",12
"[[(0.0, 3.36), (3.65, 7.49)]]",16
"[[(24.12, 27.96), (12.81, 16.65)]]",12
"[[(5.77, 9.61), (0.21, 4.05)]]",16
"[[(27.59, 31.0), (7.12, 10.96)]]",12
"[[(8.13, 11.97), (6.69, 10.530000000000001)]]",12
"[[(12.82, 16.66), (3.55, 7.39)]]",16
"[[(7.52, 11.36), (21.63, 25.47)]]",16
"[[(1.13, 4.97), (14.19, 18.03)]]",12
"[[(25.82, 29.66), (21.7, 25.54)]]",16
"[[(17.01, 20.85), (10.09, 13.93)]]",9
"[[(3.27, 7.109999999999999), (10.08, 13.92)]]",12
"[[(20.89, 24.73), (3.42, 7.26)]]",16
"[[(4.89, 8.73), (12.89, 16.73)]]",16
"[[(5.31, 9.149999999999999), (3.27, 7.109999999999999)]]",16
"[[(2.11, 5.949999999999999), (19.08, 22.919999999999998)]]",9
"[[(3.5, 7.34), (0.0, 3.7199999999999998)]]",16
"[[(3.88, 7.72), (2.73, 6.57)]]",16
"[[(15.07, 18.91), (24.35, 28.19)]]",12
"[[(0.33, 4.17), (16.85, 20.69)]]",16
"[[(0.02, 3.86), (8.27, 12.11)]]",12
"[[(26.93, 30.77), (17.04, 20.88)]]",12
"[[(0.0, 3.81), (20.48, 24.32)]]",16
"[[(23.4, 27.24), (7.5, 11.34)]]",16
"[[(10.58, 14.42), (11.23, 15.07)]]",16
"[[(7.62, 11.46), (16.91, 20.75)]]",16
"[[(9.73, 13.57), (26.0, 29.84)]]",16
"[[(5.06, 8.899999999999999), (5.26, 9.1)]]",12
"[[(20.81, 24.65), (12.97, 16.810000000000002)]]",16
"[[(5.07, 8.91), (18.07, 21.91)]]",9
"[[(15.98, 19.82), (4.63, 8.469999999999999)]]",16
"[[(3.18, 7.02), (4.19, 8.030000000000001)]]",16
"[[(3.18, 7.02), (0.72, 4.56)]]",16
"[[(3.3, 7.14), (0.56, 4.4)]]",16
"[[(3.48, 7.32), (15.05, 18.89)]]",12
"[[(2.41, 6.25), (15.39, 19.23)]]",16
"[[(27.52, 31.0), (21.18, 25.02)]]",16
"[[(16.47, 20.31), (23.51, 27.35)]]",16
"[[(17.02, 20.86), (27.06, 30.9)]]",9
"[[(17.55, 21.39), (10.56, 14.4)]]",16
"[[(4.05, 7.89), (22.19, 26.03)]]",12
"[[(12.7, 16.54), (27.46, 31.0)]]",16
"[[(7.8, 11.64), (0.7, 4.54)]]",16
"[[(26.82, 30.66), (7.37, 11.21)]]",16
"[[(9.2, 13.04), (6.66, 10.5)]]",16
"[[(23.95, 27.79), (16.82, 20.66)]]",16
"[[(16.23, 20.07), (4.58, 8.42)]]",16
"[[(21.32, 25.16), (15.31, 19.15)]]",16
"[[(10.2, 14.04), (6.11, 9.95)]]",12
"[[(12.39, 16.23), (20.48, 24.32)]]",16
"[[(16.32, 20.16), (14.38, 18.22)]]",16
"[[(18.64, 22.48), (4.73, 8.57)]]",16
"[[(22.35, 26.19), (12.57, 16.41)]]",16
"[[(13.88, 17.72), (23.35, 27.19)]]",16
"[[(15.48, 19.32), (0.98, 4.82)]]",16
"[[(1.25, 5.09), (19.36, 23.2)]]",16
"[[(24.16, 28.0), (8.45, 12.29)]]",16
"[[(27.57, 31.0), (19.87, 23.71)]]",16
"[[(26.14, 29.98), (10.65, 14.49)]]",12
"[[(26.38, 30.22), (14.49, 18.33)]]",16
"[[(27.06, 30.9), (17.03, 20.87)]]",9
"[[(11.86, 15.7), (16.56, 20.4)]]",16
"[[(6.51, 10.35), (13.45, 17.29)]]",16
"[[(25.17, 29.01), (21.93, 25.77)]]",16
"[[(17.76, 21.6), (5.48, 9.32)]]",16
"[[(13.91, 17.75), (24.28, 28.12)]]",16
"[[(15.48, 19.32), (5.27, 9.11)]]",16
"[[(19.4, 23.24), (12.88, 16.72)]]",16
"[[(22.54, 26.38), (19.03, 22.87)]]",12
"[[(12.4, 16.240000000000002), (25.98, 29.82)]]",16
"[[(22.1, 25.94), (10.12, 13.959999999999999)]]",9
"[[(13.56, 17.4), (5.4, 9.24)]]",16
"[[(18.69, 22.53), (25.77, 29.61)]]",16
"[[(21.58, 25.419999999999998), (20.01, 23.85)]]",12
"[[(6.93, 10.77), (1.02, 4.859999999999999)]]",12
"[[(17.61, 21.45), (8.22, 12.06)]]",16
"[[(2.88, 6.72), (2.06, 5.9)]]",12
"[[(13.56, 17.4), (12.42, 16.259999999999998)]]",16
"[[(20.61, 24.45), (18.38, 22.22)]]",16
"[[(15.8, 19.64), (16.11, 19.95)]]",12
"[[(19.48, 23.32), (0.75, 4.59)]]",16
"[[(19.41, 23.25), (13.05, 16.89)]]",12
"[[(8.24, 12.08), (26.46, 30.3)]]",16
"[[(15.26, 19.1), (19.9, 23.74)]]",16
"[[(27.32, 31.0), (0.0, 3.55)]]",16
"[[(26.75, 30.59), (20.94, 24.78)]]",16
"[[(0.0, 3.7399999999999998), (18.46, 22.3)]]",16
"[[(0.0, 3.4), (24.83, 28.669999999999998)]]",16
"[[(17.17, 21.01), (1.76, 5.6)]]",16
"[[(3.92, 7.76), (5.39, 9.23)]]",16
"[[(18.84, 22.68), (23.02, 26.86)]]",12
"[[(12.63, 16.47), (0.0, 3.67)]]",16
"[[(0.56, 4.4), (0.0, 3.53)]]",16
"[[(21.4, 25.24), (1.81, 5.65)]]",16
"[[(5.89, 9.73), (13.69, 17.53)]]",16
"[[(3.26, 7.1), (4.25, 8.09)]]",16
"[[(21.03, 24.87), (21.61, 25.45)]]",12
"[[(5.12, 8.96), (10.04, 13.879999999999999)]]",9
"[[(2.46, 6.3), (20.53, 24.37)]]",16
"[[(16.68, 20.52), (24.35, 28.19)]]",16
"[[(19.67, 23.51), (16.59, 20.43)]]",16
"[[(6.51, 10.35), (25.39, 29.23)]]",16
"[[(22.63, 26.47), (17.04, 20.88)]]",12
"[[(0.48, 4.32), (0.96, 4.8)]]",16
"[[(7.15, 10.99), (9.36, 13.2)]]",12
"[[(25.41, 29.25), (19.63, 23.47)]]",16
"[[(12.46, 16.3), (18.16, 22.0)]]",16
"[[(21.1, 24.94), (3.93, 7.77)]]",12
"[[(17.23, 21.07), (27.12, 30.96)]]",12
"[[(23.25, 27.09), (14.83, 18.67)]]",16
"[[(1.14, 4.9799999999999995), (8.52, 12.36)]]",12
"[[(5.52, 9.36), (1.11, 4.95)]]",12
"[[(12.38, 16.22), (10.13, 13.97)]]",12
"[[(0.24, 4.08), (27.33, 31.0)]]",16
"[[(0.42, 4.26), (26.96, 30.8)]]",16
"[[(26.62, 30.46), (21.9, 25.74)]]",16
"[[(11.33, 15.17), (23.23, 27.07)]]",16
"[[(7.93, 11.77), (2.5, 6.34)]]",16
"[[(25.7, 29.54), (0.14, 3.98)]]",12
"[[(13.47, 17.310000000000002), (16.9, 20.74)]]",16
"[[(1.18, 5.02), (13.53, 17.369999999999997)]]",16
"[[(0.59, 4.43), (6.9, 10.74)]]",16
"[[(8.56, 12.4), (23.57, 27.41)]]",16
"[[(23.88, 27.72), (26.72, 30.56)]]",16
"[[(5.41, 9.25), (26.41, 30.25)]]",16
"[[(25.86, 29.7), (4.5, 8.34)]]",16
"[[(18.37, 22.21), (11.73, 15.57)]]",16
"[[(25.71, 29.55), (18.36, 22.2)]]",16
"[[(23.16, 27.0), (9.0, 12.84)]]",16
"[[(1.02, 4.859999999999999), (8.39, 12.23)]]",12
"[[(21.83, 25.669999999999998), (21.5, 25.34)]]",16
"[[(26.42, 30.26), (12.19, 16.03)]]",16
"[[(9.42, 13.26), (23.98, 27.82)]]",16
"[[(10.26, 14.1), (2.81, 6.65)]]",16
"[[(25.54, 29.38), (2.61, 6.449999999999999)]]",16
"[[(18.91, 22.75), (2.92, 6.76)]]",16
"[[(12.74, 16.58), (3.49, 7.33)]]",16
"[[(14.85, 18.689999999999998), (19.31, 23.15)]]",16
"[[(24.06, 27.9), (16.82, 20.66)]]",12
"[[(21.62, 25.46), (19.41, 23.25)]]",16
"[[(13.18, 17.02), (5.37, 9.21)]]",16
"[[(15.86, 19.7), (2.54, 6.38)]]",16
"[[(21.77, 25.61), (19.48, 23.32)]]",16
"[[(3.62, 7.46), (21.0, 24.84)]]",16
"[[(25.23, 29.07), (20.61, 24.45)]]",16
"[[(23.97, 27.81), (27.17, 31.0)]]",16
"[[(20.68, 24.52), (9.02, 12.86)]]",12
"[[(1.12, 4.96), (15.62, 19.46)]]",12
"[[(18.82, 22.66), (27.03, 30.87)]]",12
"[[(6.97, 10.809999999999999), (3.82, 7.66)]]",16
"[[(14.81, 18.65), (6.71, 10.55)]]",16
"[[(18.92, 22.76), (7.14, 10.98)]]",12
"[[(0.3, 4.14), (7.97, 11.809999999999999)]]",16
"[[(0.0, 3.73), (3.0, 6.84)]]",16
"[[(5.79, 9.629999999999999), (6.73, 10.57)]]",16
"[[(18.48, 22.32), (24.99, 28.83)]]",16
"[[(2.88, 6.72), (27.23, 31.0)]]",16
"[[(18.27, 22.11), (13.97, 17.810000000000002)]]",16
"[[(22.89, 26.73), (12.89, 16.73)]]",16
"[[(3.08, 6.92), (4.3, 8.14)]]",12
"[[(18.28, 22.12), (20.12, 23.96)]]",12
"[[(15.07, 18.91), (8.69, 12.53)]]",12
"[[(10.46, 14.3), (18.03, 21.87)]]",12
"[[(3.43, 7.27), (1.12, 4.96)]]",12
"[[(14.12, 17.96), (14.27, 18.11)]]",12
"[[(10.63, 14.47), (9.94, 13.78)]]",16
"[[(12.2, 16.04), (19.35, 23.19)]]",16
"[[(19.99, 23.83), (6.94, 10.780000000000001)]]",16
"[[(26.29, 30.13), (3.92, 7.76)]]",16
"[[(0.0, 3.6399999999999997), (15.8, 19.64)]]",16
"[[(17.41, 21.25), (3.89, 7.73)]]",16
"[[(11.61, 15.45), (0.95, 4.79)]]",16
"[[(6.62, 10.46), (7.25, 11.09)]]",16
"[[(14.82, 18.66), (21.81, 25.65)]]",16
"[[(1.0, 4.84), (25.5, 29.34)]]",16
"[[(1.26, 5.1), (19.59, 23.43)]]",16
"[[(0.46, 4.3), (17.45, 21.29)]]",16
"[[(22.59, 26.43), (13.78, 17.619999999999997)]]",16
"[[(5.44, 9.280000000000001), (24.08, 27.919999999999998)]]",12
"[[(22.2, 26.04), (16.24, 20.08)]]",16
"[[(24.79, 28.63), (25.99, 29.83)]]",16
"[[(23.51, 27.35), (12.22, 16.060000000000002)]]",16
"[[(14.01, 17.85), (1.87, 5.71)]]",12
"[[(18.22, 22.06), (22.68, 26.52)]]",16
"[[(9.24, 13.08), (6.87, 10.71)]]",16
"[[(5.23, 9.07), (2.21, 6.05)]]",16
"[[(13.12, 16.96), (22.86, 26.7)]]",12
"[[(20.94, 24.78), (13.42, 17.259999999999998)]]",16
"[[(3.67, 7.51), (19.51, 23.35)]]",16
"[[(1.7, 5.54), (16.07, 19.91)]]",12
"[[(4.48, 8.32), (4.63, 8.469999999999999)]]",16
"[[(2.94, 6.779999999999999), (25.5, 29.34)]]",16
"[[(24.39, 28.23), (11.09, 14.93)]]",12
"[[(21.4, 25.24), (6.84, 10.68)]]",16
"[[(24.37, 28.21), (20.25, 24.09)]]",16
"[[(16.23, 20.07), (2.57, 6.41)]]",16
"[[(9.39, 13.23), (7.04, 10.879999999999999)]]",12
"[[(15.84, 19.68), (11.32, 15.16)]]",16
"[[(13.77, 17.61), (19.05, 22.89)]]",12
"[[(25.86, 29.7), (6.24, 10.08)]]",16
"[[(6.71, 10.55), (24.69, 28.53)]]",16
"[[(13.53, 17.369999999999997), (18.47, 22.31)]]",16
"[[(23.49, 27.33), (21.9, 25.74)]]",16
"[[(16.22, 20.06), (20.54, 24.38)]]",16
"[[(21.74, 25.58), (15.51, 19.35)]]",16
"[[(15.11, 18.95), (18.68, 22.52)]]",12
"[[(27.16, 31.0), (4.66, 8.5)]]",16
"[[(14.26, 18.1), (18.11, 21.95)]]",12
"[[(20.39, 24.23), (21.82, 25.66)]]",16
"[[(1.09, 4.93), (1.68, 5.52)]]",12
"[[(9.79, 13.629999999999999), (0.61, 4.45)]]",16
"[[(18.47, 22.31), (15.97, 19.810000000000002)]]",16
"[[(1.05, 4.89), (20.55, 24.39)]]",12
"[[(8.0, 11.84), (20.39, 24.23)]]",16
"[[(12.4, 16.240000000000002), (12.52, 16.36)]]",16
"[[(20.68, 24.52), (26.24, 30.08)]]",16
"[[(15.97, 19.810000000000002), (8.25, 12.09)]]",16
"[[(27.39, 31.0), (12.77, 16.61)]]",16
"[[(26.54, 30.38), (20.62, 24.46)]]",16
"[[(3.67, 7.51), (15.71, 19.55)]]",16
"[[(8.09, 11.93), (23.01, 26.85)]]",9
"[[(22.15, 25.99), (14.93, 18.77)]]",12
"[[(7.82, 11.66), (27.41, 31.0)]]",16
"[[(22.18, 26.02), (0.0, 3.52)]]",16
"[[(16.68, 20.52), (25.35, 29.19)]]",16
"[[(25.15, 28.99), (2.35, 6.1899999999999995)]]",12
"[[(2.97, 6.8100000000000005), (6.65, 10.49)]]",16
"[[(13.86, 17.7), (18.77, 22.61)]]",16
"[[(17.6, 21.44), (27.22, 31.0)]]",16
"[[(4.16, 8.0), (5.84, 9.68)]]",16
"[[(7.7, 11.54), (25.28, 29.12)]]",16
"[[(7.2, 11.04), (11.82, 15.66)]]",16
"[[(20.39, 24.23), (0.43, 4.27)]]",16
"[[(3.86, 7.699999999999999), (18.19, 22.03)]]",16
"[[(0.0, 3.7399999999999998), (20.26, 24.1)]]",16
"[[(22.8, 26.64), (25.9, 29.74)]]",16
"[[(7.47, 11.309999999999999), (24.24, 28.08)]]",16
"[[(20.7, 24.54), (10.6, 14.44)]]",16
"[[(7.14, 10.98), (15.74, 19.58)]]",12
"[[(17.58, 21.419999999999998), (25.91, 29.75)]]",16
"[[(27.5, 31.0), (5.84, 9.68)]]",16
"[[(22.78, 26.62), (15.02, 18.86)]]",12
"[[(0.0, 3.83), (16.6, 20.44)]]",16
"[[(25.74, 29.58), (19.9, 23.74)]]",16
"[[(26.07, 29.91), (22.42, 26.26)]]",12
"[[(4.78, 8.620000000000001), (19.21, 23.05)]]",16
"[[(0.15, 3.9899999999999998), (16.3, 20.14)]]",12
"[[(0.14, 3.98), (19.95, 23.79)]]",12
"[[(1.37, 5.21), (4.39, 8.23)]]",16
"[[(15.85, 19.689999999999998), (7.88, 11.719999999999999)]]",16
"[[(6.16, 10.0), (5.58, 9.42)]]",16
"[[(22.84, 26.68), (7.86, 11.7)]]",16
"[[(9.58, 13.42), (26.73, 30.57)]]",16
"[[(10.56, 14.4), (13.64, 17.48)]]",16
"[[(21.61, 25.45), (24.77, 28.61)]]",16
"[[(15.2, 19.04), (6.36, 10.2)]]",16
"[[(7.13, 10.969999999999999), (2.65, 6.49)]]",12
"[[(5.62, 9.46), (8.36, 12.2)]]",16
"[[(13.26, 17.1), (14.47, 18.310000000000002)]]",16
"[[(10.53, 14.37), (2.05, 5.89)]]",12
"[[(10.94, 14.78), (7.33, 11.17)]]",16
"[[(5.03, 8.870000000000001), (9.66, 13.5)]]",12
"[[(12.99, 16.83), (17.18, 21.02)]]",16
"[[(19.85, 23.69), (26.7, 30.54)]]",16
"[[(22.94, 26.78), (2.22, 6.0600000000000005)]]",16
"[[(25.48, 29.32), (3.35, 7.1899999999999995)]]",16
"[[(20.07, 23.91), (14.6, 18.439999999999998)]]",12
"[[(4.0, 7.84), (13.67, 17.509999999999998)]]",16
"[[(6.85, 10.69), (10.94, 14.78)]]",16
"[[(10.64, 14.48), (26.34, 30.18)]]",16
"[[(0.48, 4.32), (15.55, 19.39)]]",16
"[[(4.61, 8.45), (13.58, 17.42)]]",16
"[[(8.56, 12.4), (22.17, 26.01)]]",16
"[[(23.76, 27.6), (11.5, 15.34)]]",16
"[[(4.72, 8.559999999999999), (4.88, 8.719999999999999)]]",16
"[[(14.02, 17.86), (6.1, 9.94)]]",9
"[[(24.97, 28.81), (23.9, 27.74)]]",16
"[[(19.97, 23.81), (11.54, 15.379999999999999)]]",16
"[[(6.1, 9.94), (0.09, 3.9299999999999997)]]",9
"[[(2.7, 6.54), (26.49, 30.33)]]",16
"[[(23.71, 27.55), (15.33, 19.17)]]",16
"[[(10.05, 13.89), (11.44, 15.28)]]",12
"[[(18.64, 22.48), (5.11, 8.95)]]",12
"[[(4.31, 8.149999999999999), (22.43, 26.27)]]",16
"[[(24.25, 28.09), (13.81, 17.65)]]",16
"[[(26.43, 30.27), (8.26, 12.1)]]",16
"[[(16.9, 20.74), (15.5, 19.34)]]",16
"[[(5.69, 9.530000000000001), (7.66, 11.5)]]",16
"[[(15.32, 19.16), (18.27, 22.11)]]",16
"[[(21.66, 25.5), (7.26, 11.1)]]",16
"[[(18.05, 21.89), (4.59, 8.43)]]",12
"[[(3.73, 7.57), (14.23, 18.07)]]",16
"[[(25.39, 29.23), (1.02, 4.859999999999999)]]",12
"[[(1.17, 5.01), (14.42, 18.259999999999998)]]",16
"[[(4.64, 8.48), (6.45, 10.29)]]",16
"[[(7.86, 11.7), (8.15, 11.99)]]",12
"[[(17.35, 21.19), (12.66, 16.5)]]",16
"[[(16.46, 20.3), (19.83, 23.669999999999998)]]",16
"[[(9.94, 13.78), (26.93, 30.77)]]",16
"[[(8.72, 12.56), (26.74, 30.58)]]",16
"[[(3.21, 7.05), (26.19, 30.03)]]",16
"[[(15.51, 19.35), (19.07, 22.91)]]",12
"[[(5.45, 9.29), (5.65, 9.49)]]",16
"[[(13.9, 17.740000000000002), (17.8, 21.64)]]",16
"[[(18.78, 22.62), (7.12, 10.96)]]",12
"[[(12.39, 16.23), (8.91, 12.75)]]",16
"[[(13.29, 17.13), (15.33, 19.17)]]",16
"[[(1.69, 5.529999999999999), (7.86, 11.7)]]",16
"[[(1.01, 4.85), (0.0, 3.46)]]",12
"[[(22.27, 26.11), (11.47, 15.31)]]",16
"[[(14.39, 18.23), (14.68, 18.52)]]",16
"[[(27.3, 31.0), (7.2, 11.04)]]",16
"[[(26.36, 30.2), (0.44, 4.28)]]",16
"[[(23.83, 27.669999999999998), (20.51, 24.35)]]",16
"[[(18.77, 22.61), (27.49, 31.0)]]",16
"[[(18.78, 22.62), (13.22, 17.060000000000002)]]",16
"[[(26.65, 30.49), (10.8, 14.64)]]",16
"[[(19.55, 23.39), (15.54, 19.38)]]",16
"[[(20.41, 24.25), (16.87, 20.71)]]",16
"[[(21.86, 25.7), (21.83, 25.669999999999998)]]",16
"[[(20.43, 24.27), (14.33, 18.17)]]",16
"[[(0.11, 3.9499999999999997), (3.61, 7.449999999999999)]]",12
"[[(13.3, 17.14), (20.37, 24.21)]]",16
"[[(12.69, 16.53), (7.1, 10.94)]]",12
"[[(22.18, 26.02), (22.82, 26.66)]]",16
"[[(6.96, 10.8), (22.78, 26.62)]]",16
"[[(15.78, 19.619999999999997), (20.43, 24.27)]]",16
"[[(8.16, 12.0), (20.1, 23.94)]]",12
"[[(4.75, 8.59), (10.87, 14.709999999999999)]]",16
"[[(1.39, 5.2299999999999995), (14.03, 17.869999999999997)]]",12
"[[(24.06, 27.9), (25.78, 29.62)]]",12
"[[(12.38, 16.22), (1.05, 4.89)]]",12
"[[(18.59, 22.43), (11.67, 15.51)]]",16
"[[(26.63, 30.47), (2.72, 6.5600000000000005)]]",16
"[[(22.12, 25.96), (20.58, 24.419999999999998)]]",12
"[[(14.94, 18.78), (1.73, 5.57)]]",16
"[[(20.36, 24.2), (25.58, 29.419999999999998)]]",16
"[[(9.81, 13.65), (13.53, 17.369999999999997)]]",16
"[[(26.69, 30.53), (20.95, 24.79)]]",16
"[[(1.69, 5.529999999999999), (10.67, 14.51)]]",16
"[[(11.46, 15.3), (12.35, 16.189999999999998)]]",16
"[[(16.14, 19.98), (18.07, 21.91)]]",9
"[[(12.47, 16.310000000000002), (9.75, 13.59)]]",16
"[[(9.88, 13.72), (17.46, 21.3)]]",16
"[[(20.16, 24.0), (9.55, 13.39)]]",16
"[[(20.68, 24.52), (18.83, 22.669999999999998)]]",16
"[[(26.04, 29.88), (9.04, 12.879999999999999)]]",9
"[[(13.66, 17.5), (0.45, 4.29)]]",16
"[[(8.13, 11.97), (19.28, 23.12)]]",12
"[[(21.88, 25.72), (24.7, 28.54)]]",16
"[[(6.68, 10.52), (14.6, 18.439999999999998)]]",16
"[[(2.57, 6.41), (0.21, 4.05)]]",16
"[[(24.0, 27.84), (25.88, 29.72)]]",16
"[[(17.3, 21.14), (18.41, 22.25)]]",16
"[[(11.51, 15.35), (25.62, 29.46)]]",16
"[[(2.35, 6.1899999999999995), (11.91, 15.75)]]",16
"[[(6.0, 9.84), (0.0, 3.38)]]",16
"[[(4.48, 8.32), (12.82, 16.66)]]",16
"[[(24.24, 28.08), (26.33, 30.169999999999998)]]",16
"[[(2.02, 5.859999999999999), (26.57, 30.41)]]",12
"[[(21.86, 25.7), (13.14, 16.98)]]",12
"[[(5.7, 9.54), (6.31, 10.149999999999999)]]",16
"[[(19.9, 23.74), (14.25, 18.09)]]",16
"[[(4.63, 8.469999999999999), (7.54, 11.379999999999999)]]",16
"[[(21.31, 25.15), (11.51, 15.35)]]",16
"[[(6.72, 10.559999999999999), (18.78, 22.62)]]",16
"[[(10.15, 13.99), (18.28, 22.12)]]",12
"[[(12.77, 16.61), (4.68, 8.52)]]",16
"[[(22.29, 26.13), (10.22, 14.06)]]",16
"[[(10.32, 14.16), (20.1, 23.94)]]",12
"[[(19.19, 23.03), (17.79, 21.63)]]",16
"[[(5.22, 9.059999999999999), (15.39, 19.23)]]",16
"[[(5.28, 9.120000000000001), (15.93, 19.77)]]",16
"[[(4.82, 8.66), (14.13, 17.97)]]",12
"[[(13.58, 17.42), (25.12, 28.96)]]",12
"[[(6.97, 10.809999999999999), (7.57, 11.41)]]",16
"[[(3.18, 7.02), (24.76, 28.6)]]",16
"[[(11.8, 15.64), (12.77, 16.61)]]",16
"[[(24.89, 28.73), (13.67, 17.509999999999998)]]",16
"[[(9.68, 13.52), (17.28, 21.12)]]",16
"[[(24.42, 28.26), (27.43, 31.0)]]",16
"[[(0.93, 4.77), (10.19, 14.03)]]",16
"[[(3.92, 7.76), (2.8, 6.64)]]",16
"[[(22.44, 26.28), (23.48, 27.32)]]",16
"[[(22.01, 25.85), (19.37, 23.21)]]",12
"[[(17.48, 21.32), (4.26, 8.1)]]",16
"[[(19.37, 23.21), (4.1, 7.9399999999999995)]]",12
"[[(0.0, 3.36), (10.0, 13.84)]]",16
"[[(0.82, 4.66), (17.38, 21.22)]]",16
"[[(0.0, 3.73), (15.05, 18.89)]]",12
"[[(27.41, 31.0), (4.89, 8.73)]]",16
"[[(13.3, 17.14), (13.73, 17.57)]]",16
"[[(4.24, 8.08), (17.11, 20.95)]]",12
"[[(23.85, 27.69), (15.73, 19.57)]]",16
"[[(8.49, 12.33), (17.63, 21.47)]]",16
"[[(19.87, 23.71), (26.8, 30.64)]]",16
"[[(21.11, 24.95), (2.7, 6.54)]]",12
"[[(2.94, 6.779999999999999), (0.69, 4.529999999999999)]]",16
"[[(10.32, 14.16), (14.25, 18.09)]]",16
"[[(0.06, 3.9), (27.01, 30.85)]]",9
"[[(0.71, 4.55), (7.75, 11.59)]]",16
"[[(1.51, 5.35), (8.8, 12.64)]]",16
"[[(26.6, 30.44), (15.69, 19.53)]]",16
"[[(21.85, 25.69), (13.35, 17.189999999999998)]]",16
"[[(0.0, 3.58), (17.26, 21.1)]]",16
"[[(15.92, 19.759999999999998), (22.39, 26.23)]]",16
"[[(26.84, 30.68), (11.43, 15.27)]]",16
"[[(17.37, 21.21), (16.56, 20.4)]]",16
"[[(5.12, 8.96), (7.16, 11.0)]]",12
"[[(12.94, 16.78), (22.41, 26.25)]]",16
"[[(3.83, 7.67), (18.95, 22.79)]]",16
"[[(25.04, 28.88), (26.31, 30.15)]]",12
"[[(11.63, 15.47), (12.71, 16.55)]]",16
"[[(17.48, 21.32), (19.76, 23.6)]]",16
"[[(19.76, 23.6), (26.27, 30.11)]]",16
"[[(26.15, 29.99), (23.84, 27.68)]]",12
"[[(15.2, 19.04), (26.15, 29.99)]]",12
"[[(0.87, 4.71), (15.97, 19.810000000000002)]]",16
"[[(13.53, 17.369999999999997), (27.32, 31.0)]]",16
"[[(21.3, 25.14), (21.02, 24.86)]]",12
"[[(23.09, 26.93), (4.59, 8.43)]]",12
"[[(10.59, 14.43), (0.0, 3.36)]]",16
"[[(21.03, 24.87), (16.0, 19.84)]]",12
"[[(3.26, 7.1), (25.71, 29.55)]]",16
"[[(20.46, 24.3), (2.81, 6.65)]]",16
"[[(13.22, 17.060000000000002), (21.49, 25.33)]]",16
"[[(2.07, 5.91), (9.24, 13.08)]]",12
"[[(13.72, 17.560000000000002), (8.09, 11.93)]]",12
"[[(19.19, 23.03), (0.88, 4.72)]]",16
"[[(20.93, 24.77), (17.04, 20.88)]]",12
"[[(22.79, 26.63), (26.34, 30.18)]]",16
"[[(21.84, 25.68), (4.5, 8.34)]]",16
"[[(24.97, 28.81), (16.55, 20.39)]]",16
"[[(6.26, 10.1), (19.43, 23.27)]]",16
"[[(10.59, 14.43), (12.57, 16.41)]]",16
"[[(19.86, 23.7), (16.54, 20.38)]]",16
"[[(21.96, 25.8), (17.39, 21.23)]]",16
"[[(9.19, 13.03), (9.41, 13.25)]]",16
"[[(19.56, 23.4), (25.98, 29.82)]]",16
"[[(12.59, 16.43), (27.0, 30.84)]]",16
"[[(12.35, 16.189999999999998), (24.42, 28.26)]]",16
"[[(26.56, 30.4), (21.71, 25.55)]]",16
"[[(4.22, 8.059999999999999), (16.41, 20.25)]]",16
"[[(18.54, 22.38), (26.2, 30.04)]]",16
"[[(4.38, 8.219999999999999), (10.06, 13.9)]]",12
"[[(18.71, 22.55), (14.59, 18.43)]]",16
"[[(4.58, 8.42), (5.39, 9.23)]]",16
"[[(18.5, 22.34), (19.31, 23.15)]]",16
"[[(11.1, 14.94), (10.17, 14.01)]]",12
"[[(19.23, 23.07), (14.13, 17.97)]]",12
"[[(4.71, 8.55), (8.13, 11.97)]]",12
"[[(13.89, 17.73), (10.0, 13.84)]]",16
"[[(22.63, 26.47), (2.32, 6.16)]]",16
"[[(22.93, 26.77), (3.47, 7.3100000000000005)]]",16
"[[(21.51, 25.35), (15.29, 19.13)]]",16
"[[(9.52, 13.36), (26.71, 30.55)]]",16
"[[(0.43, 4.27), (11.92, 15.76)]]",16
"[[(4.68, 8.52), (11.89, 15.73)]]",16
"[[(19.98, 23.82), (7.63, 11.469999999999999)]]",16
"[[(2.07, 5.91), (3.99, 7.83)]]",12
"[[(4.99, 8.83), (27.12, 30.96)]]",12
"[[(26.82, 30.66), (15.58, 19.42)]]",16
"[[(10.27, 14.11), (25.02, 28.86)]]",12
"[[(25.6, 29.44), (9.92, 13.76)]]",16
"[[(19.07, 22.91), (16.12, 19.96)]]",9
"[[(12.69, 16.53), (0.27, 4.109999999999999)]]",16
"[[(11.56, 15.4), (11.3, 15.14)]]",16
"[[(26.96, 30.8), (19.59, 23.43)]]",16
"[[(9.26, 13.1), (19.88, 23.72)]]",16
"[[(22.51, 26.35), (21.8, 25.64)]]",16
"[[(12.97, 16.810000000000002), (7.9, 11.74)]]",16
"[[(2.29, 6.13), (20.38, 24.22)]]",16
"[[(3.72, 7.5600000000000005), (25.86, 29.7)]]",16
"[[(14.07, 17.91), (23.3, 27.14)]]",12
"[[(0.46, 4.3), (15.47, 19.310000000000002)]]",16
"[[(21.23, 25.07), (1.04, 4.88)]]",12
"[[(26.35, 30.19), (1.97, 5.81)]]",16
"[[(24.99, 28.83), (7.71, 11.55)]]",16
"[[(7.36, 11.2), (16.92, 20.76)]]",16
"[[(7.91, 11.75), (20.23, 24.07)]]",16
"[[(0.42, 4.26), (10.87, 14.709999999999999)]]",16
"[[(18.84, 22.68), (8.47, 12.31)]]",16
"[[(1.47, 5.31), (3.44, 7.279999999999999)]]",16
"[[(9.67, 13.51), (13.84, 17.68)]]",16
"[[(22.91, 26.75), (14.53, 18.369999999999997)]]",16
"[[(10.31, 14.15), (6.02, 9.86)]]",12
"[[(26.04, 29.88), (26.89, 30.73)]]",12
"[[(15.14, 18.98), (19.06, 22.9)]]",9
"[[(26.86, 30.7), (11.51, 15.35)]]",16
"[[(5.24, 9.08), (9.15, 12.99)]]",12
"[[(5.5, 9.34), (26.57, 30.41)]]",16
"[[(0.0, 3.53), (18.21, 22.05)]]",16
"[[(6.71, 10.55), (25.07, 28.91)]]",12
"[[(0.0, 3.36), (7.54, 11.379999999999999)]]",16
"[[(6.63, 10.469999999999999), (11.37, 15.209999999999999)]]",16
"[[(22.95, 26.79), (9.93, 13.77)]]",16
"[[(3.36, 7.199999999999999), (12.96, 16.8)]]",16
"[[(12.93, 16.77), (0.0, 3.75)]]",16
"[[(18.58, 22.419999999999998), (0.0, 3.82)]]",16
"[[(10.84, 14.68), (5.34, 9.18)]]",16
"[[(12.88, 16.72), (13.58, 17.42)]]",16
"[[(8.29, 12.129999999999999), (21.78, 25.62)]]",16
"[[(1.23, 5.07), (26.19, 30.03)]]",16
"[[(22.09, 25.93), (11.35, 15.19)]]",12
"[[(3.87, 7.71), (1.62, 5.46)]]",16
"[[(0.16, 4.0), (12.76, 16.6)]]",16
"[[(9.23, 13.07), (22.73, 26.57)]]",16
"[[(25.05, 28.89), (24.32, 28.16)]]",12
"[[(5.49, 9.33), (19.21, 23.05)]]",16
"[[(5.59, 9.43), (13.62, 17.46)]]",16
"[[(1.51, 5.35), (6.66, 10.5)]]",16
"[[(18.02, 21.86), (14.21, 18.05)]]",12
"[[(5.68, 9.52), (9.52, 13.36)]]",16
"[[(2.32, 6.16), (19.09, 22.93)]]",12
"[[(5.12, 8.96), (25.88, 29.72)]]",12
"[[(1.68, 5.52), (1.94, 5.779999999999999)]]",16
"[[(19.41, 23.25), (1.92, 5.76)]]",16
"[[(21.6, 25.44), (17.73, 21.57)]]",16
"[[(14.89, 18.73), (18.13, 21.97)]]",12
"[[(9.65, 13.49), (1.32, 5.16)]]",16
"[[(6.61, 10.45), (10.26, 14.1)]]",16
"[[(0.16, 4.0), (11.5, 15.34)]]",16
"[[(6.46, 10.3), (2.77, 6.609999999999999)]]",16
"[[(16.96, 20.8), (10.86, 14.7)]]",16
"[[(23.5, 27.34), (22.92, 26.76)]]",16
"[[(21.95, 25.79), (24.33, 28.169999999999998)]]",16
"[[(23.49, 27.33), (4.09, 7.93)]]",12
"[[(16.74, 20.58), (24.56, 28.4)]]",16
"[[(11.97, 15.81), (0.0, 3.4)]]",16
"[[(1.77, 5.609999999999999), (12.32, 16.16)]]",16
"[[(12.52, 16.36), (9.83, 13.67)]]",16
"[[(12.91, 16.75), (26.07, 29.91)]]",12
"[[(24.46, 28.3), (13.5, 17.34)]]",16
"[[(22.66, 26.5), (24.76, 28.6)]]",16
"[[(12.29, 16.13), (20.75, 24.59)]]",16
"[[(25.86, 29.7), (8.17, 12.01)]]",16
"[[(1.89, 5.7299999999999995), (24.92, 28.76)]]",16
"[[(7.05, 10.89), (19.89, 23.73)]]",12
"[[(1.52, 5.359999999999999), (3.18, 7.02)]]",16
"[[(8.93, 12.77), (17.41, 21.25)]]",16
"[[(8.02, 11.86), (11.83, 15.67)]]",12
"[[(21.34, 25.18), (20.09, 23.93)]]",12
"[[(4.86, 8.7), (11.22, 15.06)]]",16
"[[(20.24, 24.08), (24.94, 28.78)]]",16
"[[(0.77, 4.609999999999999), (10.75, 14.59)]]",16
"[[(25.42, 29.26), (8.96, 12.8)]]",16
"[[(5.58, 9.42), (5.93, 9.77)]]",16
"[[(2.09, 5.93), (20.3, 24.14)]]",12
"[[(17.5, 21.34), (2.19, 6.029999999999999)]]",16
"[[(16.07, 19.91), (4.03, 7.87)]]",9
"[[(14.31, 18.15), (13.96, 17.8)]]",16
"[[(2.91, 6.75), (26.84, 30.68)]]",16
"[[(25.51, 29.35), (6.48, 10.32)]]",16
"[[(13.32, 17.16), (27.61, 31.0)]]",16
"[[(25.32, 29.16), (9.82, 13.66)]]",16
"[[(3.4, 7.24), (0.46, 4.3)]]",16
"[[(24.05, 27.89), (18.5, 22.34)]]",12
"[[(18.99, 22.83), (12.55, 16.39)]]",16
"[[(9.94, 13.78), (0.0, 3.81)]]",16
"[[(8.75, 12.59), (4.27, 8.11)]]",16
"[[(18.68, 22.52), (0.17, 4.01)]]",16
"[[(4.62, 8.46), (12.84, 16.68)]]",16
"[[(25.33, 29.169999999999998), (21.17, 25.01)]]",16
"[[(15.79, 19.63), (20.4, 24.24)]]",16
"[[(3.28, 7.119999999999999), (22.98, 26.82)]]",16
"[[(11.92, 15.76), (13.46, 17.3)]]",16
"[[(9.01, 12.85), (1.18, 5.02)]]",12
"[[(14.95, 18.79), (18.72, 22.56)]]",16
"[[(1.97, 5.81), (24.17, 28.01)]]",16
"[[(17.48, 21.32), (4.39, 8.23)]]",16
"[[(24.14, 27.98), (19.61, 23.45)]]",12
"[[(16.96, 20.8), (3.43, 7.27)]]",16
"[[(23.3, 27.14), (16.97, 20.81)]]",16
"[[(21.28, 25.12), (20.14, 23.98)]]",12
"[[(3.06, 6.9), (26.05, 29.89)]]",9
"[[(12.3, 16.14), (11.07, 14.91)]]",12
"[[(12.86, 16.7), (22.02, 25.86)]]",12
"[[(13.04, 16.88), (7.12, 10.96)]]",9
"[[(5.01, 8.85), (5.57, 9.41)]]",12
"[[(0.0, 3.53), (18.83, 22.669999999999998)]]",16
"[[(15.7, 19.54), (2.79, 6.63)]]",16
"[[(12.71, 16.55), (20.17, 24.01)]]",16
"[[(9.56, 13.4), (0.16, 4.0)]]",16
"[[(16.26, 20.1), (7.15, 10.99)]]",12
"[[(3.18, 7.02), (21.54, 25.38)]]",16
"[[(19.61, 23.45), (22.35, 26.19)]]",16
"[[(23.76, 27.6), (8.35, 12.19)]]",16
"[[(22.96, 26.8), (16.77, 20.61)]]",16
"[[(18.82, 22.66), (20.0, 23.84)]]",16
"[[(7.71, 11.55), (6.61, 10.45)]]",16
"[[(26.3, 30.14), (15.1, 18.939999999999998)]]",12
"[[(15.82, 19.66), (0.22, 4.06)]]",16
"[[(10.27, 14.11), (2.87, 6.71)]]",16
"[[(18.88, 22.72), (5.84, 9.68)]]",16
"[[(17.35, 21.19), (24.28, 28.12)]]",16
"[[(6.8, 10.64), (19.73, 23.57)]]",16
"[[(24.05, 27.89), (17.98, 21.82)]]",12
"[[(8.18, 12.02), (14.04, 17.88)]]",12
"[[(27.1, 30.94), (8.59, 12.43)]]",12
"[[(27.04, 30.88), (19.29, 23.13)]]",12
"[[(4.19, 8.030000000000001), (24.09, 27.93)]]",12
"[[(25.92, 29.76), (7.07, 10.91)]]",12
"[[(22.91, 26.75), (0.0, 3.52)]]",16
"[[(21.81, 25.65), (14.89, 18.73)]]",16
"[[(14.39, 18.23), (4.06, 7.8999999999999995)]]",12
"[[(5.76, 9.6), (12.71, 16.55)]]",16
"[[(6.5, 10.34), (24.58, 28.419999999999998)]]",16
"[[(13.97, 17.810000000000002), (16.51, 20.35)]]",16
"[[(13.78, 17.619999999999997), (16.08, 19.919999999999998)]]",12
"[[(25.65, 29.49), (14.46, 18.3)]]",16
"[[(26.57, 30.41), (6.39, 10.23)]]",16
"[[(1.25, 5.09), (16.94, 20.78)]]",16
"[[(24.1, 27.94), (15.71, 19.55)]]",12
"[[(14.67, 18.509999999999998), (4.5, 8.34)]]",16
"[[(1.02, 4.859999999999999), (15.41, 19.25)]]",12
"[[(26.47, 30.31), (22.84, 26.68)]]",16
"[[(10.79, 14.629999999999999), (20.18, 24.02)]]",16
"[[(14.62, 18.46), (21.34, 25.18)]]",16
"[[(4.42, 8.26), (21.44, 25.28)]]",16
"[[(20.88, 24.72), (24.5, 28.34)]]",16
"[[(0.36, 4.2), (20.11, 23.95)]]",12
"[[(19.7, 23.54), (19.81, 23.65)]]",16
"[[(6.7, 10.54), (19.38, 23.22)]]",16
"[[(14.31, 18.15), (6.48, 10.32)]]",16
"[[(12.87, 16.71), (0.24, 4.08)]]",16
"[[(12.59, 16.43), (15.15, 18.990000000000002)]]",12
"[[(5.84, 9.68), (9.96, 13.8)]]",16
"[[(6.92, 10.76), (19.03, 22.87)]]",12
"[[(24.23, 28.07), (6.39, 10.23)]]",16
"[[(21.06, 24.9), (26.0, 29.84)]]",12
"[[(10.08, 13.92), (20.67, 24.51)]]",12
"[[(1.79, 5.63), (22.41, 26.25)]]",16
"[[(11.28, 15.12), (23.6, 27.44)]]",16
"[[(14.82, 18.66), (21.35, 25.19)]]",16
"[[(18.41, 22.25), (17.71, 21.55)]]",16
"[[(16.46, 20.3), (5.18, 9.02)]]",16
"[[(10.26, 14.1), (2.51, 6.35)]]",16
"[[(23.46, 27.3), (20.12, 23.96)]]",12
"[[(18.23, 22.07), (19.71, 23.55)]]",16
"[[(19.34, 23.18), (18.61, 22.45)]]",16
"[[(24.88, 28.72), (10.49, 14.33)]]",16
"[[(7.8, 11.64), (18.36, 22.2)]]",16
"[[(0.87, 4.71), (22.09, 25.93)]]",12
"[[(23.49, 27.33), (17.46, 21.3)]]",16
"[[(11.99, 15.83), (11.23, 15.07)]]",16
"[[(3.7, 7.54), (0.1, 3.94)]]",12
"[[(11.85, 15.69), (21.62, 25.46)]]",16
"[[(16.4, 20.24), (7.21, 11.05)]]",16
"[[(13.34, 17.18), (16.2, 20.04)]]",16
"[[(13.86, 17.7), (6.2, 10.04)]]",16
"[[(3.89, 7.73), (19.97, 23.81)]]",16
"[[(18.34, 22.18), (24.15, 27.99)]]",12
"[[(16.11, 19.95), (20.2, 24.04)]]",12
"[[(2.4, 6.24), (1.9, 5.74)]]",16
"[[(5.72, 9.559999999999999), (12.06, 15.9)]]",12
"[[(14.9, 18.740000000000002), (4.97, 8.809999999999999)]]",16
"[[(2.42, 6.26), (4.1, 7.9399999999999995)]]",12
"[[(1.12, 4.96), (6.82, 10.66)]]",12
"[[(8.34, 12.18), (14.64, 18.48)]]",16
"[[(14.68, 18.52), (12.1, 15.94)]]",12
"[[(10.74, 14.58), (4.35, 8.19)]]",16
"[[(6.51, 10.35), (8.15, 11.99)]]",12
"[[(11.82, 15.66), (20.03, 23.87)]]",12
"[[(11.33, 15.17), (9.47, 13.31)]]",16
"[[(11.32, 15.16), (13.65, 17.490000000000002)]]",16
"[[(19.32, 23.16), (7.87, 11.71)]]",16
"[[(9.91, 13.75), (18.89, 22.73)]]",16
"[[(11.51, 15.35), (13.73, 17.57)]]",16
"[[(18.96, 22.8), (13.47, 17.310000000000002)]]",16
"[[(24.96, 28.8), (20.58, 24.419999999999998)]]",16
"[[(1.69, 5.529999999999999), (16.18, 20.02)]]",16
"[[(10.37, 14.209999999999999), (27.21, 31.0)]]",16
"[[(7.45, 11.29), (6.31, 10.149999999999999)]]",16
"[[(26.67, 30.51), (22.01, 25.85)]]",12
"[[(14.54, 18.38), (20.11, 23.95)]]",12
"[[(11.13, 14.97), (15.9, 19.740000000000002)]]",12
"[[(0.91, 4.75), (16.37, 20.21)]]",16
"[[(4.06, 7.8999999999999995), (24.04, 27.88)]]",9
"[[(25.68, 29.52), (0.0, 3.55)]]",16
"[[(11.18, 15.02), (10.79, 14.629999999999999)]]",16
"[[(2.88, 6.72), (15.2, 19.04)]]",16
"[[(25.41, 29.25), (12.14, 15.98)]]",12
"[[(4.5, 8.34), (13.22, 17.060000000000002)]]",16
"[[(17.28, 21.12), (27.5, 31.0)]]",16
"[[(6.78, 10.620000000000001), (10.4, 14.24)]]",16
"[[(20.95, 24.79), (12.46, 16.3)]]",16
"[[(4.88, 8.719999999999999), (1.41, 5.25)]]",16
"[[(21.4, 25.24), (20.2, 24.04)]]",16
"[[(27.38, 31.0), (16.54, 20.38)]]",16
"[[(18.72, 22.56), (19.82, 23.66)]]",16
"[[(1.73, 5.57), (22.82, 26.66)]]",16
"[[(6.02, 9.86), (6.6, 10.44)]]",12
"[[(7.79, 11.629999999999999), (13.39, 17.23)]]",16
"[[(18.11, 21.95), (27.45, 31.0)]]",12
"[[(7.84, 11.68), (14.37, 18.21)]]",16
"[[(1.04, 4.88), (9.49, 13.33)]]",12
"[[(17.25, 21.09), (14.87, 18.71)]]",16
"[[(19.8, 23.64), (15.08, 18.92)]]",12
"[[(22.76, 26.6), (9.81, 13.65)]]",16
"[[(4.81, 8.649999999999999), (15.2, 19.04)]]",16
"[[(0.62, 4.46), (1.5, 5.34)]]",16
"[[(2.65, 6.49), (17.28, 21.12)]]",16
"[[(18.35, 22.19), (8.84, 12.68)]]",16
"[[(21.74, 25.58), (3.83, 7.67)]]",16
"[[(14.2, 18.04), (11.43, 15.27)]]",16
"[[(19.02, 22.86), (21.34, 25.18)]]",12
"[[(10.04, 13.879999999999999), (12.07, 15.91)]]",9
"[[(17.84, 21.68), (16.85, 20.69)]]",16
"[[(1.75, 5.59), (1.02, 4.859999999999999)]]",12
"[[(17.9, 21.74), (25.66, 29.5)]]",16
"[[(8.13, 11.97), (4.67, 8.51)]]",12
"[[(20.17, 24.01), (16.98, 20.82)]]",16
"[[(24.61, 28.45), (7.33, 11.17)]]",16
"[[(25.76, 29.6), (12.58, 16.42)]]",16
"[[(11.5, 15.34), (4.0, 7.84)]]",16
"[[(17.1, 20.94), (22.5, 26.34)]]",12
"[[(15.23, 19.07), (23.96, 27.8)]]",16
"[[(9.27, 13.11), (12.68, 16.52)]]",16
"[[(0.17, 4.01), (21.33, 25.169999999999998)]]",16
"[[(18.07, 21.91), (10.42, 14.26)]]",12
"[[(14.21, 18.05), (14.88, 18.72)]]",16
"[[(26.23, 30.07), (10.64, 14.48)]]",16
"[[(3.55, 7.39), (18.5, 22.34)]]",16
"[[(0.95, 4.79), (23.01, 26.85)]]",12
"[[(20.3, 24.14), (24.62, 28.46)]]",16
"[[(6.22, 10.059999999999999), (10.07, 13.91)]]",12
"[[(21.6, 25.44), (7.11, 10.95)]]",12
"[[(11.24, 15.08), (27.19, 31.0)]]",16
"[[(12.23, 16.07), (16.74, 20.58)]]",16
"[[(25.63, 29.47), (4.4, 8.24)]]",16
"[[(0.42, 4.26), (2.92, 6.76)]]",16
"[[(15.32, 19.16), (19.86, 23.7)]]",16
"[[(22.19, 26.03), (9.62, 13.459999999999999)]]",16
"[[(24.39, 28.23), (16.1, 19.94)]]",12
"[[(4.06, 7.8999999999999995), (24.82, 28.66)]]",12
"[[(12.66, 16.5), (15.2, 19.04)]]",16
"[[(19.93, 23.77), (15.08, 18.92)]]",12
"[[(6.88, 10.719999999999999), (12.34, 16.18)]]",16
"[[(17.68, 21.52), (26.15, 29.99)]]",12
"[[(19.95, 23.79), (22.95, 26.79)]]",16
"[[(16.23, 20.07), (11.92, 15.76)]]",16
"[[(0.99, 4.83), (3.06, 6.9)]]",12
"[[(8.72, 12.56), (17.23, 21.07)]]",16
"[[(21.97, 25.81), (4.99, 8.83)]]",16
"[[(17.97, 21.81), (8.57, 12.41)]]",16
"[[(4.58, 8.42), (22.16, 26.0)]]",16
"[[(25.66, 29.5), (5.52, 9.36)]]",16
"[[(10.76, 14.6), (7.28, 11.120000000000001)]]",16
"[[(3.61, 7.449999999999999), (0.8, 4.64)]]",16
"[[(13.85, 17.689999999999998), (5.65, 9.49)]]",16
"[[(27.11, 30.95), (27.17, 31.0)]]",12
"[[(15.83, 19.67), (27.16, 31.0)]]",16
"[[(5.49, 9.33), (21.93, 25.77)]]",16
"[[(26.79, 30.63), (18.2, 22.04)]]",16
"[[(12.48, 16.32), (21.93, 25.77)]]",16
"[[(3.11, 6.949999999999999), (12.29, 16.13)]]",12
"[[(11.63, 15.47), (26.54, 30.38)]]",16
"[[(2.33, 6.17), (8.71, 12.55)]]",16
"[[(0.26, 4.1), (1.04, 4.88)]]",12
"[[(22.3, 26.14), (9.63, 13.47)]]",16
"[[(5.87, 9.71), (3.56, 7.4)]]",16
"[[(21.5, 25.34), (0.0, 3.42)]]",16
"[[(17.89, 21.73), (20.14, 23.98)]]",12
"[[(2.51, 6.35), (14.09, 17.93)]]",12
"[[(14.0, 17.84), (3.97, 7.8100000000000005)]]",16
"[[(16.03, 19.87), (6.97, 10.809999999999999)]]",12
"[[(22.31, 26.15), (13.52, 17.36)]]",16
"[[(18.03, 21.87), (12.12, 15.959999999999999)]]",9
"[[(14.74, 18.58), (1.25, 5.09)]]",16
"[[(23.38, 27.22), (12.91, 16.75)]]",16
"[[(23.26, 27.1), (7.56, 11.399999999999999)]]",16
"[[(22.58, 26.419999999999998), (1.15, 4.99)]]",12
"[[(22.92, 26.76), (8.93, 12.77)]]",16
"[[(12.14, 15.98), (9.31, 13.15)]]",12
"[[(16.74, 20.58), (16.65, 20.49)]]",16
"[[(14.13, 17.97), (23.22, 27.06)]]",12
"[[(12.06, 15.9), (2.74, 6.58)]]",12
"[[(11.66, 15.5), (10.94, 14.78)]]",16
"[[(26.68, 30.52), (3.21, 7.05)]]",16
"[[(13.44, 17.28), (20.35, 24.19)]]",16
"[[(16.24, 20.08), (27.45, 31.0)]]",16
"[[(18.98, 22.82), (25.24, 29.08)]]",16
"[[(17.13, 20.97), (1.27, 5.109999999999999)]]",12
"[[(20.63, 24.47), (2.25, 6.09)]]",16
"[[(23.59, 27.43), (5.39, 9.23)]]",16
"[[(11.2, 15.04), (12.61, 16.45)]]",16
"[[(0.32, 4.16), (5.77, 9.61)]]",16
"[[(0.0, 3.57), (20.51, 24.35)]]",16
"[[(24.58, 28.419999999999998), (10.72, 14.56)]]",16
"[[(23.24, 27.08), (19.95, 23.79)]]",16
"[[(25.4, 29.24), (23.73, 27.57)]]",16
"[[(20.08, 23.919999999999998), (17.71, 21.55)]]",12
"[[(1.91, 5.75), (22.66, 26.5)]]",16
"[[(23.9, 27.74), (22.97, 26.81)]]",16
"[[(2.11, 5.949999999999999), (26.76, 30.6)]]",12
"[[(16.98, 20.82), (24.51, 28.35)]]",16
"[[(25.19, 29.03), (8.31, 12.15)]]",16
"[[(15.06, 18.9), (27.24, 31.0)]]",12
"[[(13.89, 17.73), (18.87, 22.71)]]",16
"[[(10.95, 14.79), (0.97, 4.81)]]",16
"[[(8.43, 12.27), (16.89, 20.73)]]",16
"[[(6.83, 10.67), (1.27, 5.109999999999999)]]",16
"[[(4.01, 7.85), (7.68, 11.52)]]",12
"[[(7.1, 10.94), (1.63, 5.47)]]",12
"[[(12.35, 16.189999999999998), (27.11, 30.95)]]",12
"[[(8.52, 12.36), (19.28, 23.12)]]",16
"[[(24.75, 28.59), (9.14, 12.98)]]",12
"[[(6.02, 9.86), (11.76, 15.6)]]",12
"[[(21.94, 25.78), (2.3, 6.14)]]",16
"[[(2.96, 6.8), (19.27, 23.11)]]",16
"[[(24.08, 27.919999999999998), (22.38, 26.22)]]",12
"[[(17.78, 21.62), (12.55, 16.39)]]",16
"[[(9.24, 13.08), (24.03, 27.87)]]",12
"[[(13.14, 16.98), (16.76, 20.6)]]",12
"[[(16.1, 19.94), (1.33, 5.17)]]",12
"[[(3.15, 6.99), (10.24, 14.08)]]",12
"[[(6.48, 10.32), (22.44, 26.28)]]",16
"[[(16.96, 20.8), (19.59, 23.43)]]",16
"[[(27.37, 31.0), (23.56, 27.4)]]",16
"[[(9.22, 13.06), (22.72, 26.56)]]",16
"[[(24.37, 28.21), (13.66, 17.5)]]",16
"[[(21.35, 25.19), (20.81, 24.65)]]",16
"[[(16.4, 20.24), (8.5, 12.34)]]",16
"[[(7.84, 11.68), (19.73, 23.57)]]",16
"[[(18.49, 22.33), (12.62, 16.46)]]",16
"[[(3.42, 7.26), (10.9, 14.74)]]",16
"[[(7.44, 11.280000000000001), (12.02, 15.86)]]",12
"[[(14.26, 18.1), (4.99, 8.83)]]",16
"[[(26.9, 30.74), (16.06, 19.9)]]",12
"[[(12.61, 16.45), (15.8, 19.64)]]",16
"[[(8.99, 12.83), (23.63, 27.47)]]",16
"[[(19.66, 23.5), (22.99, 26.83)]]",16
"[[(11.57, 15.41), (18.56, 22.4)]]",16
"[[(16.36, 20.2), (23.11, 26.95)]]",12
"[[(26.42, 30.26), (22.92, 26.76)]]",16
"[[(2.81, 6.65), (19.29, 23.13)]]",16
"[[(17.51, 21.35), (0.16, 4.0)]]",16
"[[(2.64, 6.48), (8.87, 12.709999999999999)]]",16
"[[(10.32, 14.16), (20.71, 24.55)]]",16
"[[(19.89, 23.73), (8.51, 12.35)]]",16
"[[(18.49, 22.33), (3.39, 7.23)]]",16
"[[(23.63, 27.47), (22.92, 26.76)]]",16
"[[(1.02, 4.859999999999999), (1.37, 5.21)]]",12
"[[(26.47, 30.31), (4.99, 8.83)]]",16
"[[(10.5, 14.34), (14.5, 18.34)]]",16
"[[(12.83, 16.67), (0.0, 3.37)]]",16
"[[(12.03, 15.87), (20.91, 24.75)]]",12
"[[(22.56, 26.4), (27.59, 31.0)]]",16
"[[(27.5, 31.0), (18.48, 22.32)]]",16
"[[(9.69, 13.53), (19.07, 22.91)]]",12
"[[(0.0, 3.78), (20.41, 24.25)]]",16
"[[(26.22, 30.06), (3.67, 7.51)]]",16
"[[(25.42, 29.26), (27.05, 30.89)]]",12
"[[(1.93, 5.77), (25.07, 28.91)]]",12
"[[(13.84, 17.68), (0.97, 4.81)]]",16
"[[(22.56, 26.4), (14.26, 18.1)]]",16
"[[(6.87, 10.71), (2.22, 6.0600000000000005)]]",16
"[[(12.53, 16.369999999999997), (25.38, 29.22)]]",16
"[[(8.2, 12.04), (8.61, 12.45)]]",16
"[[(10.36, 14.2), (12.4, 16.240000000000002)]]",16
"[[(13.98, 17.82), (26.41, 30.25)]]",16
"[[(8.25, 12.09), (3.71, 7.55)]]",16
"[[(27.65, 31.0), (0.66, 4.5)]]",16
"[[(24.22, 28.06), (16.93, 20.77)]]",16
"[[(12.21, 16.05), (0.0, 3.75)]]",16
"[[(18.71, 22.55), (26.21, 30.05)]]",16
"[[(22.71, 26.55), (11.88, 15.72)]]",16
"[[(13.87, 17.71), (11.57, 15.41)]]",16
"[[(9.31, 13.15), (3.3, 7.14)]]",16
"[[(21.41, 25.25), (17.47, 21.31)]]",16
"[[(0.52, 4.359999999999999), (15.31, 19.15)]]",16
"[[(13.4, 17.240000000000002), (16.86, 20.7)]]",16
"[[(22.95, 26.79), (21.04, 24.88)]]",12
"[[(8.95, 12.79), (23.92, 27.76)]]",16
"[[(7.48, 11.32), (23.45, 27.29)]]",16
"[[(4.85, 8.69), (5.4, 9.24)]]",16
"[[(3.52, 7.359999999999999), (15.24, 19.08)]]",16
"[[(15.44, 19.28), (27.15, 30.99)]]",12
"[[(25.01, 28.85), (7.38, 11.219999999999999)]]",12
"[[(6.55, 10.39), (22.11, 25.95)]]",12
"[[(10.41, 14.25), (19.57, 23.41)]]",16
"[[(8.29, 12.129999999999999), (4.69, 8.530000000000001)]]",16
"[[(10.04, 13.879999999999999), (10.77, 14.61)]]",12
"[[(5.82, 9.66), (19.35, 23.19)]]",16
"[[(11.37, 15.209999999999999), (4.72, 8.559999999999999)]]",16
"[[(24.3, 28.14), (6.3, 10.14)]]",16
"[[(23.34, 27.18), (4.9, 8.74)]]",16
"[[(26.29, 30.13), (22.97, 26.81)]]",16
"[[(0.76, 4.6), (5.59, 9.43)]]",16
"[[(24.3, 28.14), (4.68, 8.52)]]",16
"[[(8.67, 12.51), (26.24, 30.08)]]",16
"[[(14.79, 18.63), (26.95, 30.79)]]",16
"[[(23.07, 26.91), (8.48, 12.32)]]",12
"[[(10.95, 14.79), (10.14, 13.98)]]",12
"[[(13.94, 17.78), (11.94, 15.78)]]",16
"[[(25.05, 28.89), (27.38, 31.0)]]",12
"[[(26.88, 30.72), (8.7, 12.54)]]",16
"[[(11.57, 15.41), (19.61, 23.45)]]",16
"[[(13.72, 17.560000000000002), (5.89, 9.73)]]",16
"[[(21.38, 25.22), (22.27, 26.11)]]",16
"[[(12.34, 16.18), (19.74, 23.58)]]",16
"[[(0.0, 3.71), (1.47, 5.31)]]",16
"[[(11.84, 15.68), (6.98, 10.82)]]",16
"[[(19.89, 23.73), (7.2, 11.04)]]",16
"[[(18.56, 22.4), (7.37, 11.21)]]",16
"[[(21.92, 25.76), (1.18, 5.02)]]",16
"[[(0.0, 3.71), (15.14, 18.98)]]",12
"[[(17.83, 21.669999999999998), (22.52, 26.36)]]",16
"[[(17.1, 20.94), (6.78, 10.620000000000001)]]",12
"[[(9.26, 13.1), (18.68, 22.52)]]",16
"[[(3.69, 7.529999999999999), (12.34, 16.18)]]",16
"[[(3.34, 7.18), (3.29, 7.13)]]",16
"[[(7.48, 11.32), (6.35, 10.19)]]",16
"[[(9.26, 13.1), (22.67, 26.51)]]",16
"[[(15.82, 19.66), (6.13, 9.969999999999999)]]",12
"[[(4.35, 8.19), (3.48, 7.32)]]",16
"[[(24.02, 27.86), (3.98, 7.82)]]",12
"[[(26.54, 30.38), (6.59, 10.43)]]",16
"[[(25.01, 28.85), (12.06, 15.9)]]",9
"[[(22.17, 26.01), (27.27, 31.0)]]",16
"[[(2.47, 6.3100000000000005), (27.21, 31.0)]]",16
"[[(9.74, 13.58), (12.92, 16.759999999999998)]]",16
"[[(14.42, 18.259999999999998), (6.24, 10.08)]]",16
"[[(20.62, 24.46), (14.32, 18.16)]]",16
"[[(27.65, 31.0), (10.4, 14.24)]]",16
"[[(24.38, 28.22), (12.29, 16.13)]]",16
"[[(2.52, 6.359999999999999), (8.64, 12.48)]]",16
"[[(4.99, 8.83), (26.62, 30.46)]]",16
"[[(19.6, 23.44), (27.43, 31.0)]]",16
"[[(4.68, 8.52), (2.16, 6.0)]]",16
"[[(14.19, 18.03), (11.33, 15.17)]]",16
"[[(4.14, 7.9799999999999995), (17.5, 21.34)]]",12
"[[(18.59, 22.43), (5.31, 9.149999999999999)]]",16
"[[(8.31, 12.15), (10.25, 14.09)]]",16
"[[(16.42, 20.26), (23.34, 27.18)]]",16
"[[(3.33, 7.17), (17.42, 21.26)]]",16
"[[(12.34, 16.18), (1.61, 5.45)]]",16
"[[(17.56, 21.4), (18.76, 22.6)]]",16
"[[(20.2, 24.04), (17.19, 21.03)]]",16
"[[(24.25, 28.09), (21.33, 25.169999999999998)]]",16
"[[(8.99, 12.83), (15.92, 19.759999999999998)]]",16
"[[(14.41, 18.25), (23.37, 27.21)]]",16
"[[(13.58, 17.42), (21.49, 25.33)]]",16
"[[(10.04, 13.879999999999999), (24.93, 28.77)]]",12
"[[(27.43, 31.0), (19.24, 23.08)]]",16
"[[(2.81, 6.65), (20.53, 24.37)]]",16
"[[(0.54, 4.38), (16.39, 20.23)]]",16
"[[(13.9, 17.740000000000002), (26.37, 30.21)]]",16
"[[(22.49, 26.33), (2.14, 5.98)]]",12
"[[(9.27, 13.11), (18.93, 22.77)]]",16
"[[(19.09, 22.93), (3.57, 7.41)]]",12
"[[(8.24, 12.08), (22.49, 26.33)]]",16
"[[(9.44, 13.28), (16.64, 20.48)]]",16
"[[(15.06, 18.9), (20.89, 24.73)]]",12
"[[(22.7, 26.54), (19.05, 22.89)]]",12
"[[(27.06, 30.9), (7.45, 11.29)]]",12
"[[(19.51, 23.35), (20.04, 23.88)]]",12
"[[(27.1, 30.94), (7.33, 11.17)]]",12
"[[(23.62, 27.46), (1.04, 4.88)]]",12
"[[(6.16, 10.0), (23.77, 27.61)]]",16
"[[(24.85, 28.69), (5.1, 8.94)]]",12
"[[(4.19, 8.030000000000001), (13.61, 17.45)]]",16
"[[(7.6, 11.44), (1.55, 5.39)]]",16
"[[(7.26, 11.1), (4.15, 7.99)]]",12
"[[(0.0, 3.3899999999999997), (26.31, 30.15)]]",16
"[[(7.02, 10.86), (24.15, 27.99)]]",9
"[[(10.04, 13.879999999999999), (23.76, 27.6)]]",12
"[[(2.71, 6.55), (24.85, 28.69)]]",16
"[[(20.67, 24.51), (10.24, 14.08)]]",16
"[[(0.0, 3.58), (4.18, 8.02)]]",16
"[[(10.52, 14.36), (11.66, 15.5)]]",16
"[[(19.6, 23.44), (9.53, 13.37)]]",16
"[[(18.75, 22.59), (3.47, 7.3100000000000005)]]",16
"[[(0.79, 4.63), (4.09, 7.93)]]",12
"[[(8.04, 11.879999999999999), (12.65, 16.490000000000002)]]",12
"[[(13.88, 17.72), (22.41, 26.25)]]",16
"[[(22.88, 26.72), (20.5, 24.34)]]",16
"[[(2.19, 6.029999999999999), (0.0, 3.6599999999999997)]]",16
"[[(1.54, 5.38), (0.35, 4.1899999999999995)]]",16
"[[(27.26, 31.0), (24.22, 28.06)]]",16
"[[(17.05, 20.89), (17.87, 21.71)]]",12
"[[(23.58, 27.419999999999998), (16.3, 20.14)]]",16
"[[(18.21, 22.05), (1.28, 5.12)]]",16
"[[(22.12, 25.96), (22.04, 25.88)]]",9
"[[(16.97, 20.81), (15.45, 19.29)]]",16
"[[(18.04, 21.88), (2.72, 6.5600000000000005)]]",12
"[[(10.22, 14.06), (19.11, 22.95)]]",12
"[[(11.93, 15.77), (4.47, 8.309999999999999)]]",16
"[[(1.97, 5.81), (15.19, 19.03)]]",16
"[[(23.36, 27.2), (4.61, 8.45)]]",16
"[[(18.37, 22.21), (21.23, 25.07)]]",16
"[[(0.0, 3.5999999999999996), (2.61, 6.449999999999999)]]",16
"[[(12.07, 15.91), (0.0, 3.84)]]",12
"[[(4.49, 8.33), (2.77, 6.609999999999999)]]",16
"[[(16.55, 20.39), (16.84, 20.68)]]",16
"[[(21.3, 25.14), (18.85, 22.69)]]",16
"[[(8.12, 11.959999999999999), (2.64, 6.48)]]",12
"[[(20.44, 24.28), (12.57, 16.41)]]",16
"[[(26.09, 29.93), (14.82, 18.66)]]",12
"[[(5.71, 9.55), (13.89, 17.73)]]",16
"[[(10.14, 13.98), (25.99, 29.83)]]",12
"[[(3.7, 7.54), (4.32, 8.16)]]",16
"[[(14.18, 18.02), (4.17, 8.01)]]",16
"[[(21.74, 25.58), (20.02, 23.86)]]",12
"[[(5.14, 8.98), (24.89, 28.73)]]",12
"[[(0.54, 4.38), (2.94, 6.779999999999999)]]",16
"[[(3.49, 7.33), (12.93, 16.77)]]",16
"[[(2.16, 6.0), (6.15, 9.99)]]",12
"[[(26.14, 29.98), (15.25, 19.09)]]",12
"[[(26.15, 29.99), (0.62, 4.46)]]",12
"[[(15.79, 19.63), (23.73, 27.57)]]",16
"[[(19.01, 22.85), (24.06, 27.9)]]",9
"[[(20.06, 23.9), (12.68, 16.52)]]",12
"[[(0.0, 3.59), (11.13, 14.97)]]",12
"[[(25.71, 29.55), (24.73, 28.57)]]",16
"[[(15.8, 19.64), (19.93, 23.77)]]",16
"[[(12.63, 16.47), (14.56, 18.4)]]",16
"[[(7.29, 11.129999999999999), (11.75, 15.59)]]",16
"[[(8.69, 12.53), (1.43, 5.27)]]",16
"[[(20.64, 24.48), (25.95, 29.79)]]",16
"[[(1.22, 5.06), (25.19, 29.03)]]",16
"[[(1.18, 5.02), (6.89, 10.73)]]",16
"[[(22.07, 25.91), (5.08, 8.92)]]",9
"[[(23.73, 27.57), (1.68, 5.52)]]",16
"[[(6.67, 10.51), (20.75, 24.59)]]",16
"[[(22.4, 26.24), (19.12, 22.96)]]",12
"[[(21.38, 25.22), (16.0, 19.84)]]",16
"[[(15.65, 19.490000000000002), (14.15, 17.990000000000002)]]",12
"[[(5.66, 9.5), (13.13, 16.97)]]",12
"[[(25.03, 28.87), (24.85, 28.69)]]",12
"[[(10.17, 14.01), (17.56, 21.4)]]",16
"[[(27.22, 31.0), (19.36, 23.2)]]",16
"[[(24.43, 28.27), (14.58, 18.42)]]",16
"[[(6.37, 10.21), (5.32, 9.16)]]",16
"[[(3.88, 7.72), (27.35, 31.0)]]",16
"[[(21.42, 25.26), (3.47, 7.3100000000000005)]]",16
"[[(6.38, 10.219999999999999), (16.77, 20.61)]]",16
"[[(24.56, 28.4), (7.48, 11.32)]]",16
"[[(22.07, 25.91), (18.33, 22.169999999999998)]]",12
"[[(20.14, 23.98), (20.66, 24.5)]]",12
"[[(24.24, 28.08), (27.54, 31.0)]]",16
"[[(20.95, 24.79), (23.55, 27.39)]]",16
"[[(13.29, 17.13), (15.27, 19.11)]]",16
"[[(16.41, 20.25), (7.74, 11.58)]]",16
"[[(5.64, 9.48), (20.26, 24.1)]]",16
"[[(0.0, 3.7399999999999998), (19.58, 23.419999999999998)]]",16
"[[(24.77, 28.61), (11.81, 15.65)]]",16
"[[(9.63, 13.47), (5.86, 9.7)]]",16
"[[(22.59, 26.43), (0.8, 4.64)]]",16
"[[(10.74, 14.58), (20.37, 24.21)]]",16
"[[(17.95, 21.79), (15.69, 19.53)]]",16
"[[(6.18, 10.02), (18.35, 22.19)]]",16
"[[(26.94, 30.78), (0.0, 3.53)]]",16
"[[(4.14, 7.9799999999999995), (11.93, 15.77)]]",12
"[[(17.98, 21.82), (4.26, 8.1)]]",16
"[[(10.4, 14.24), (8.52, 12.36)]]",16
"[[(5.24, 9.08), (26.77, 30.61)]]",16
"[[(24.43, 28.27), (4.05, 7.89)]]",12
"[[(2.86, 6.699999999999999), (4.1, 7.9399999999999995)]]",12
"[[(22.35, 26.19), (24.53, 28.37)]]",16
"[[(24.99, 28.83), (10.32, 14.16)]]",16
"[[(8.5, 12.34), (6.2, 10.04)]]",16
"[[(16.52, 20.36), (23.51, 27.35)]]",16
"[[(24.67, 28.51), (25.61, 29.45)]]",16
"[[(10.78, 14.62), (16.65, 20.49)]]",16
"[[(25.22, 29.06), (16.61, 20.45)]]",16
"[[(2.2, 6.04), (1.62, 5.46)]]",16
"[[(20.5, 24.34), (25.67, 29.51)]]",16
"[[(3.72, 7.5600000000000005), (21.75, 25.59)]]",16
"[[(3.38, 7.22), (26.01, 29.85)]]",12
"[[(12.83, 16.67), (21.36, 25.2)]]",16
"[[(20.71, 24.55), (1.72, 5.56)]]",16
"[[(11.07, 14.91), (21.98, 25.82)]]",12
"[[(9.49, 13.33), (5.59, 9.43)]]",16
"[[(24.76, 28.6), (11.59, 15.43)]]",16
"[[(4.96, 8.8), (0.55, 4.39)]]",16
"[[(10.29, 14.129999999999999), (9.17, 13.01)]]",16
"[[(5.2, 9.04), (27.47, 31.0)]]",16
"[[(21.6, 25.44), (12.42, 16.259999999999998)]]",16
"[[(24.4, 28.24), (18.43, 22.27)]]",16
"[[(11.48, 15.32), (1.24, 5.08)]]",16
"[[(11.35, 15.19), (26.57, 30.41)]]",16
"[[(24.01, 27.85), (23.98, 27.82)]]",12
"[[(2.36, 6.199999999999999), (10.16, 14.0)]]",16
"[[(24.61, 28.45), (2.11, 5.949999999999999)]]",12
"[[(1.85, 5.6899999999999995), (1.57, 5.41)]]",16
"[[(1.1, 4.9399999999999995), (15.5, 19.34)]]",12
"[[(0.93, 4.77), (15.58, 19.42)]]",16
"[[(13.48, 17.32), (9.25, 13.09)]]",16
"[[(18.54, 22.38), (18.36, 22.2)]]",16
"[[(23.8, 27.64), (22.46, 26.3)]]",16
"[[(5.23, 9.07), (14.72, 18.560000000000002)]]",16
"[[(11.57, 15.41), (9.57, 13.41)]]",16
"[[(4.03, 7.87), (20.93, 24.77)]]",12
"[[(27.01, 30.85), (23.22, 27.06)]]",12
"[[(15.51, 19.35), (9.4, 13.24)]]",16
"[[(13.68, 17.52), (17.11, 20.95)]]",12
"[[(26.5, 30.34), (25.28, 29.12)]]",16
"[[(2.4, 6.24), (0.38, 4.22)]]",16
"[[(24.5, 28.34), (15.58, 19.42)]]",16
"[[(22.78, 26.62), (6.22, 10.059999999999999)]]",16
"[[(21.62, 25.46), (23.62, 27.46)]]",16
"[[(17.44, 21.28), (19.78, 23.62)]]",16
"[[(25.07, 28.91), (6.58, 10.42)]]",12
"[[(18.58, 22.419999999999998), (23.59, 27.43)]]",16
"[[(11.05, 14.89), (3.3, 7.14)]]",12
"[[(4.77, 8.61), (23.1, 26.94)]]",12
"[[(17.71, 21.55), (19.02, 22.86)]]",12
"[[(11.05, 14.89), (6.28, 10.120000000000001)]]",12
"[[(25.46, 29.3), (11.83, 15.67)]]",16
"[[(6.15, 9.99), (23.48, 27.32)]]",12
"[[(10.95, 14.79), (4.33, 8.17)]]",16
"[[(8.43, 12.27), (24.21, 28.05)]]",16
"[[(0.95, 4.79), (25.76, 29.6)]]",16
"[[(1.61, 5.45), (20.13, 23.97)]]",12
"[[(11.86, 15.7), (12.78, 16.619999999999997)]]",16
"[[(23.87, 27.71), (4.72, 8.559999999999999)]]",16
"[[(27.49, 31.0), (10.0, 13.84)]]",16
"[[(16.32, 20.16), (11.07, 14.91)]]",12
"[[(25.15, 28.99), (20.27, 24.11)]]",12
"[[(20.24, 24.08), (23.96, 27.8)]]",16
"[[(14.62, 18.46), (3.8, 7.64)]]",16
"[[(8.49, 12.33), (3.1, 6.9399999999999995)]]",12
"[[(2.0, 5.84), (4.98, 8.82)]]",16
"[[(22.9, 26.74), (11.13, 14.97)]]",12
"[[(24.01, 27.85), (16.11, 19.95)]]",9
"[[(1.9, 5.74), (27.26, 31.0)]]",16
"[[(21.33, 25.169999999999998), (15.28, 19.119999999999997)]]",16
"[[(8.63, 12.47), (0.29, 4.13)]]",16
"[[(20.96, 24.8), (13.89, 17.73)]]",16
"[[(24.15, 27.99), (7.34, 11.18)]]",12
"[[(27.62, 31.0), (8.52, 12.36)]]",16
"[[(3.87, 7.71), (3.44, 7.279999999999999)]]",16
"[[(11.57, 15.41), (17.17, 21.01)]]",16
"[[(22.23, 26.07), (22.35, 26.19)]]",16
"[[(19.69, 23.53), (26.82, 30.66)]]",16
"[[(13.23, 17.07), (16.24, 20.08)]]",16
"[[(6.46, 10.3), (10.87, 14.709999999999999)]]",16
"[[(4.4, 8.24), (0.88, 4.72)]]",16
"[[(18.05, 21.89), (0.24, 4.08)]]",12
"[[(21.34, 25.18), (19.31, 23.15)]]",16
"[[(6.85, 10.69), (19.09, 22.93)]]",12
"[[(10.86, 14.7), (11.69, 15.53)]]",16
"[[(10.45, 14.29), (0.64, 4.4799999999999995)]]",16
"[[(27.13, 30.97), (21.45, 25.29)]]",12
"[[(22.02, 25.86), (18.56, 22.4)]]",12
"[[(12.38, 16.22), (18.98, 22.82)]]",16
"[[(8.03, 11.87), (15.0, 18.84)]]",12
"[[(6.19, 10.030000000000001), (9.23, 13.07)]]",16
"[[(21.17, 25.01), (21.32, 25.16)]]",16
"[[(21.96, 25.8), (2.2, 6.04)]]",16
"[[(2.81, 6.65), (21.15, 24.99)]]",12
"[[(26.96, 30.8), (14.64, 18.48)]]",16
"[[(9.93, 13.77), (25.32, 29.16)]]",16
"[[(18.14, 21.98), (17.61, 21.45)]]",12
"[[(16.39, 20.23), (7.22, 11.059999999999999)]]",16
"[[(26.56, 30.4), (11.04, 14.879999999999999)]]",12
"[[(23.46, 27.3), (4.11, 7.95)]]",12
"[[(12.22, 16.060000000000002), (6.07, 9.91)]]",12
"[[(8.03, 11.87), (2.27, 6.109999999999999)]]",12
"[[(10.35, 14.19), (5.09, 8.93)]]",12
"[[(2.04, 5.88), (0.11, 3.9499999999999997)]]",9
"[[(3.9, 7.74), (0.36, 4.2)]]",16
"[[(1.25, 5.09), (6.06, 9.899999999999999)]]",12
"[[(0.61, 4.45), (5.05, 8.89)]]",12
"[[(8.53, 12.37), (12.7, 16.54)]]",16
"[[(24.6, 28.44), (4.98, 8.82)]]",16
"[[(8.46, 12.3), (10.17, 14.01)]]",16
"[[(26.31, 30.15), (27.37, 31.0)]]",16
"[[(8.97, 12.81), (5.92, 9.76)]]",16
"[[(18.65, 22.49), (23.16, 27.0)]]",16
"[[(20.86, 24.7), (9.53, 13.37)]]",16
"[[(23.78, 27.62), (20.89, 24.73)]]",16
"[[(17.57, 21.41), (0.43, 4.27)]]",16
"[[(7.87, 11.71), (21.98, 25.82)]]",16
"[[(25.74, 29.58), (20.03, 23.87)]]",12
"[[(22.62, 26.46), (3.53, 7.369999999999999)]]",16
"[[(19.51, 23.35), (12.97, 16.810000000000002)]]",16
"[[(15.12, 18.96), (1.46, 5.3)]]",12
"[[(24.05, 27.89), (11.02, 14.86)]]",9
"[[(8.1, 11.94), (26.89, 30.73)]]",12
"[[(3.45, 7.29), (9.84, 13.68)]]",16
"[[(0.09, 3.9299999999999997), (9.99, 13.83)]]",12
"[[(26.32, 30.16), (11.58, 15.42)]]",16
"[[(1.07, 4.91), (4.37, 8.21)]]",12
"[[(1.99, 5.83), (26.0, 29.84)]]",16
"[[(1.8, 5.64), (18.69, 22.53)]]",16
"[[(13.13, 16.97), (23.98, 27.82)]]",12
"[[(11.18, 15.02), (4.63, 8.469999999999999)]]",16
"[[(3.81, 7.65), (11.07, 14.91)]]",12
"[[(21.77, 25.61), (5.96, 9.8)]]",16
"[[(16.29, 20.13), (6.44, 10.280000000000001)]]",16
"[[(18.53, 22.37), (3.68, 7.52)]]",16
"[[(1.48, 5.32), (7.13, 10.969999999999999)]]",12
"[[(25.88, 29.72), (13.98, 17.82)]]",16
"[[(8.34, 12.18), (5.26, 9.1)]]",16
"[[(0.92, 4.76), (4.02, 7.859999999999999)]]",12
"[[(10.53, 14.37), (2.73, 6.57)]]",16
"[[(1.05, 4.89), (23.06, 26.9)]]",9
"[[(14.71, 18.55), (7.06, 10.899999999999999)]]",12
"[[(9.64, 13.48), (26.05, 29.89)]]",12
"[[(20.87, 24.71), (5.17, 9.01)]]",16
"[[(16.2, 20.04), (22.52, 26.36)]]",16
"[[(13.82, 17.66), (17.22, 21.06)]]",16
"[[(21.33, 25.169999999999998), (14.28, 18.119999999999997)]]",16
"[[(3.44, 7.279999999999999), (16.16, 20.0)]]",16
"[[(12.44, 16.28), (16.04, 19.88)]]",12
"[[(8.29, 12.129999999999999), (4.64, 8.48)]]",16
"[[(23.83, 27.669999999999998), (15.06, 18.9)]]",12
"[[(7.27, 11.11), (14.28, 18.119999999999997)]]",16
"[[(23.85, 27.69), (21.1, 24.94)]]",12
"[[(18.38, 22.22), (14.98, 18.82)]]",16
"[[(0.34, 4.18), (13.11, 16.95)]]",12
"[[(15.99, 19.83), (12.79, 16.63)]]",16
"[[(13.63, 17.47), (21.13, 24.97)]]",12
"[[(9.12, 12.959999999999999), (12.62, 16.46)]]",12
"[[(4.75, 8.59), (14.88, 18.72)]]",16
"[[(4.23, 8.07), (7.47, 11.309999999999999)]]",16
"[[(14.63, 18.47), (6.51, 10.35)]]",16
"[[(14.91, 18.75), (7.08, 10.92)]]",12
"[[(3.55, 7.39), (10.92, 14.76)]]",16
"[[(17.26, 21.1), (7.37, 11.21)]]",16
"[[(25.81, 29.65), (20.92, 24.76)]]",16
"[[(7.02, 10.86), (4.57, 8.41)]]",12
"[[(26.84, 30.68), (14.55, 18.39)]]",16
"[[(15.02, 18.86), (16.89, 20.73)]]",12
"[[(18.08, 21.919999999999998), (2.7, 6.54)]]",12
"[[(17.44, 21.28), (13.11, 16.95)]]",12
"[[(15.34, 19.18), (2.05, 5.89)]]",12
"[[(4.87, 8.71), (14.62, 18.46)]]",16
"[[(0.0, 3.3499999999999996), (19.66, 23.5)]]",16
"[[(24.38, 28.22), (14.28, 18.119999999999997)]]",16
"[[(26.05, 29.89), (24.1, 27.94)]]",9
"[[(5.34, 9.18), (1.16, 5.0)]]",16
"[[(3.39, 7.23), (0.16, 4.0)]]",16
"[[(13.83, 17.67), (12.45, 16.29)]]",16
"[[(12.42, 16.259999999999998), (27.14, 30.98)]]",12
"[[(13.15, 16.990000000000002), (16.26, 20.1)]]",12
"[[(20.38, 24.22), (22.64, 26.48)]]",16
"[[(8.59, 12.43), (11.57, 15.41)]]",16
"[[(14.49, 18.33), (26.0, 29.84)]]",16
"[[(20.62, 24.46), (13.02, 16.86)]]",12
"[[(6.05, 9.89), (4.43, 8.27)]]",12
"[[(18.5, 22.34), (2.16, 6.0)]]",16
"[[(1.12, 4.96), (1.67, 5.51)]]",12
"[[(16.38, 20.22), (20.02, 23.86)]]",12
"[[(8.02, 11.86), (11.35, 15.19)]]",12
"[[(23.71, 27.55), (2.02, 5.859999999999999)]]",12
"[[(25.2, 29.04), (25.97, 29.81)]]",16
"[[(19.56, 23.4), (25.11, 28.95)]]",12
"[[(27.46, 31.0), (22.7, 26.54)]]",16
"[[(23.32, 27.16), (17.07, 20.91)]]",12
"[[(2.38, 6.22), (6.2, 10.04)]]",16
"[[(9.83, 13.67), (11.36, 15.2)]]",16
"[[(1.67, 5.51), (2.45, 6.29)]]",16
"[[(26.8, 30.64), (19.36, 23.2)]]",16
"[[(15.01, 18.85), (7.74, 11.58)]]",12
"[[(15.88, 19.72), (23.94, 27.78)]]",16
"[[(14.52, 18.36), (1.71, 5.55)]]",16
"[[(21.35, 25.19), (26.76, 30.6)]]",16
"[[(20.35, 24.19), (6.41, 10.25)]]",16
"[[(16.32, 20.16), (14.04, 17.88)]]",12
"[[(0.0, 3.4899999999999998), (8.59, 12.43)]]",16
"[[(0.23, 4.07), (10.36, 14.2)]]",16
"[[(17.99, 21.83), (25.91, 29.75)]]",16
"[[(27.01, 30.85), (7.52, 11.36)]]",12
"[[(22.08, 25.919999999999998), (11.72, 15.56)]]",12
"[[(18.78, 22.62), (15.06, 18.9)]]",12
"[[(10.44, 14.28), (12.01, 15.85)]]",12
"[[(4.78, 8.620000000000001), (5.35, 9.19)]]",16
"[[(13.2, 17.04), (9.94, 13.78)]]",16
"[[(21.44, 25.28), (19.39, 23.23)]]",16
"[[(2.81, 6.65), (2.22, 6.0600000000000005)]]",16
"[[(16.63, 20.47), (3.19, 7.029999999999999)]]",16
"[[(0.0, 3.61), (18.71, 22.55)]]",16
"[[(24.39, 28.23), (13.66, 17.5)]]",16
"[[(17.58, 21.419999999999998), (27.0, 30.84)]]",16
"[[(6.38, 10.219999999999999), (15.8, 19.64)]]",16
"[[(20.72, 24.56), (0.74, 4.58)]]",16
"[[(13.28, 17.119999999999997), (22.95, 26.79)]]",16
"[[(8.33, 12.17), (27.32, 31.0)]]",16
"[[(26.25, 30.09), (18.43, 22.27)]]",16
"[[(16.1, 19.94), (14.33, 18.17)]]",12
"[[(18.66, 22.5), (9.39, 13.23)]]",16
"[[(18.0, 21.84), (21.44, 25.28)]]",16
"[[(22.52, 26.36), (11.71, 15.55)]]",16
"[[(2.36, 6.199999999999999), (0.89, 4.7299999999999995)]]",16
"[[(5.74, 9.58), (8.11, 11.95)]]",12
"[[(3.44, 7.279999999999999), (25.0, 28.84)]]",16
"[[(0.09, 3.9299999999999997), (15.11, 18.95)]]",9
"[[(0.75, 4.59), (22.95, 26.79)]]",16
"[[(8.05, 11.89), (22.77, 26.61)]]",12
"[[(26.14, 29.98), (6.75, 10.59)]]",12
"[[(18.81, 22.65), (19.05, 22.89)]]",12
"[[(7.44, 11.280000000000001), (3.43, 7.27)]]",16
"[[(2.87, 6.71), (9.76, 13.6)]]",16
"[[(21.92, 25.76), (25.32, 29.16)]]",16
"[[(2.94, 6.779999999999999), (0.73, 4.57)]]",16
"[[(23.21, 27.05), (16.37, 20.21)]]",16
"[[(16.51, 20.35), (7.14, 10.98)]]",12
"[[(18.84, 22.68), (1.53, 5.37)]]",16
"[[(13.77, 17.61), (2.68, 6.52)]]",16
"[[(24.38, 28.22), (22.28, 26.12)]]",16
"[[(27.43, 31.0), (18.57, 22.41)]]",16
"[[(19.88, 23.72), (24.01, 27.85)]]",12
"[[(23.01, 26.85), (4.69, 8.530000000000001)]]",12
"[[(16.58, 20.419999999999998), (10.68, 14.52)]]",16
"[[(13.94, 17.78), (0.0, 3.46)]]",16
"[[(11.02, 14.86), (22.12, 25.96)]]",9
"[[(8.57, 12.41), (6.54, 10.379999999999999)]]",16
"[[(8.56, 12.4), (1.44, 5.279999999999999)]]",16
"[[(26.11, 29.95), (3.94, 7.779999999999999)]]",12
"[[(20.09, 23.93), (13.65, 17.490000000000002)]]",12
"[[(8.65, 12.49), (18.45, 22.29)]]",16
"[[(27.37, 31.0), (7.16, 11.0)]]",16
"[[(20.33, 24.169999999999998), (12.98, 16.82)]]",16
"[[(27.5, 31.0), (9.65, 13.49)]]",16
"[[(5.08, 8.92), (12.43, 16.27)]]",12
"[[(13.99, 17.83), (18.13, 21.97)]]",12
"[[(9.13, 12.97), (5.33, 9.17)]]",12
"[[(24.18, 28.02), (13.78, 17.619999999999997)]]",16
"[[(19.15, 22.99), (5.11, 8.95)]]",9
"[[(9.47, 13.31), (7.91, 11.75)]]",16
"[[(17.16, 21.0), (19.64, 23.48)]]",16
"[[(6.53, 10.370000000000001), (11.81, 15.65)]]",16
"[[(20.57, 24.41), (26.4, 30.24)]]",16
"[[(9.78, 13.62), (0.34, 4.18)]]",16
"[[(15.17, 19.009999999999998), (15.99, 19.83)]]",16
"[[(27.37, 31.0), (23.04, 26.88)]]",12
"[[(25.99, 29.83), (2.46, 6.3)]]",16
"[[(15.77, 19.61), (27.02, 30.86)]]",12
"[[(18.32, 22.16), (4.36, 8.2)]]",16
"[[(15.57, 19.41), (2.99, 6.83)]]",16
"[[(26.56, 30.4), (25.73, 29.57)]]",16
"[[(11.43, 15.27), (14.91, 18.75)]]",16
"[[(7.87, 11.71), (4.25, 8.09)]]",16
"[[(9.11, 12.95), (7.04, 10.879999999999999)]]",9
"[[(26.72, 30.56), (0.0, 3.81)]]",16
"[[(1.23, 5.07), (21.81, 25.65)]]",16
"[[(7.83, 11.67), (14.05, 17.89)]]",12
"[[(10.63, 14.47), (21.61, 25.45)]]",16
"[[(10.65, 14.49), (20.25, 24.09)]]",16
"[[(11.49, 15.33), (6.0, 9.84)]]",16
"[[(26.6, 30.44), (1.73, 5.57)]]",16
"[[(14.95, 18.79), (23.91, 27.75)]]",16
"[[(12.97, 16.810000000000002), (26.23, 30.07)]]",16
"[[(21.28, 25.12), (6.27, 10.11)]]",16
"[[(16.49, 20.33), (9.44, 13.28)]]",16
"[[(23.53, 27.37), (1.61, 5.45)]]",16
"[[(25.06, 28.9), (5.87, 9.71)]]",12
"[[(3.62, 7.46), (14.53, 18.369999999999997)]]",16
"[[(6.13, 9.969999999999999), (1.57, 5.41)]]",12
"[[(27.44, 31.0), (16.84, 20.68)]]",16
"[[(3.71, 7.55), (26.04, 29.88)]]",12
"[[(23.77, 27.61), (15.1, 18.939999999999998)]]",12
"[[(27.6, 31.0), (23.71, 27.55)]]",16
"[[(0.44, 4.28), (11.29, 15.129999999999999)]]",16
"[[(7.02, 10.86), (1.69, 5.529999999999999)]]",12
"[[(7.76, 11.6), (6.59, 10.43)]]",16
"[[(10.36, 14.2), (9.95, 13.79)]]",16
"[[(18.14, 21.98), (3.0, 6.84)]]",12
"[[(6.34, 10.18), (11.7, 15.54)]]",16
"[[(0.0, 3.65), (18.28, 22.12)]]",16
"[[(25.39, 29.23), (22.29, 26.13)]]",16
"[[(5.47, 9.309999999999999), (6.4, 10.24)]]",16
"[[(8.58, 12.42), (2.64, 6.48)]]",16
"[[(8.63, 12.47), (8.33, 12.17)]]",16
"[[(5.25, 9.09), (10.24, 14.08)]]",16
"[[(23.41, 27.25), (9.72, 13.56)]]",16
"[[(3.11, 6.949999999999999), (15.92, 19.759999999999998)]]",12
"[[(7.6, 11.44), (4.1, 7.9399999999999995)]]",12
"[[(6.36, 10.2), (0.0, 3.63)]]",16
"[[(1.56, 5.4), (21.7, 25.54)]]",16
"[[(0.0, 3.4499999999999997), (9.32, 13.16)]]",16
"[[(13.85, 17.689999999999998), (20.63, 24.47)]]",16
"[[(26.79, 30.63), (6.37, 10.21)]]",16
"[[(14.77, 18.61), (23.0, 26.84)]]",16
"[[(4.65, 8.49), (20.12, 23.96)]]",12
"[[(19.11, 22.95), (26.34, 30.18)]]",12
"[[(23.6, 27.44), (19.37, 23.21)]]",16
"[[(22.65, 26.49), (8.04, 11.879999999999999)]]",12
"[[(22.22, 26.06), (24.79, 28.63)]]",16
"[[(8.68, 12.52), (18.31, 22.15)]]",16
"[[(9.05, 12.89), (17.04, 20.88)]]",9
"[[(23.26, 27.1), (16.88, 20.72)]]",16
"[[(8.13, 11.97), (17.58, 21.419999999999998)]]",12
"[[(13.16, 17.0), (8.23, 12.07)]]",16
"[[(12.53, 16.369999999999997), (3.6, 7.4399999999999995)]]",16
"[[(24.96, 28.8), (18.09, 21.93)]]",12
"[[(3.79, 7.63), (12.12, 15.959999999999999)]]",12
"[[(16.48, 20.32), (2.52, 6.359999999999999)]]",16
"[[(0.0, 3.7399999999999998), (22.5, 26.34)]]",16
"[[(20.82, 24.66), (0.91, 4.75)]]",16
"[[(4.78, 8.620000000000001), (13.15, 16.990000000000002)]]",12
"[[(1.99, 5.83), (14.62, 18.46)]]",16
"[[(14.0, 17.84), (0.87, 4.71)]]",16
"[[(17.13, 20.97), (4.22, 8.059999999999999)]]",12
"[[(5.52, 9.36), (24.81, 28.65)]]",16
"[[(3.06, 6.9), (5.18, 9.02)]]",12
"[[(8.04, 11.879999999999999), (19.2, 23.04)]]",12
"[[(9.97, 13.81), (6.43, 10.27)]]",16
"[[(2.25, 6.09), (2.1, 5.9399999999999995)]]",12
"[[(14.74, 18.58), (16.67, 20.51)]]",16
"[[(4.08, 7.92), (3.27, 7.109999999999999)]]",12
"[[(19.94, 23.78), (3.15, 6.99)]]",12
"[[(15.55, 19.39), (24.19, 28.03)]]",16
"[[(10.33, 14.17), (10.16, 14.0)]]",16
"[[(27.04, 30.88), (5.08, 8.92)]]",9
"[[(14.7, 18.54), (0.0, 3.37)]]",16
"[[(23.03, 26.87), (19.03, 22.87)]]",9
"[[(11.04, 14.879999999999999), (11.49, 15.33)]]",12
"[[(23.71, 27.55), (21.46, 25.3)]]",16
"[[(1.51, 5.35), (17.76, 21.6)]]",16
"[[(9.11, 12.95), (10.55, 14.39)]]",12
"[[(13.93, 17.77), (3.7, 7.54)]]",16
"[[(13.57, 17.41), (2.17, 6.01)]]",16
"[[(16.62, 20.46), (10.91, 14.75)]]",16
"[[(26.66, 30.5), (1.93, 5.77)]]",16
"[[(21.16, 25.0), (6.28, 10.120000000000001)]]",16
"[[(14.45, 18.29), (26.08, 29.919999999999998)]]",12
"[[(6.68, 10.52), (2.61, 6.449999999999999)]]",16
"[[(12.93, 16.77), (24.86, 28.7)]]",16
"[[(14.85, 18.689999999999998), (25.53, 29.37)]]",16
"[[(2.28, 6.119999999999999), (5.34, 9.18)]]",16
"[[(24.21, 28.05), (10.16, 14.0)]]",16
"[[(12.79, 16.63), (13.72, 17.560000000000002)]]",16
"[[(11.09, 14.93), (17.29, 21.13)]]",12
"[[(4.88, 8.719999999999999), (3.86, 7.699999999999999)]]",16
"[[(24.19, 28.03), (5.85, 9.69)]]",16
"[[(21.44, 25.28), (12.37, 16.21)]]",16
"[[(14.86, 18.7), (20.58, 24.419999999999998)]]",16
"[[(19.68, 23.52), (2.65, 6.49)]]",16
"[[(27.59, 31.0), (3.37, 7.21)]]",16
"[[(21.98, 25.82), (15.29, 19.13)]]",16
"[[(22.48, 26.32), (8.69, 12.53)]]",16
"[[(20.34, 24.18), (9.11, 12.95)]]",12
"[[(16.09, 19.93), (13.48, 17.32)]]",12
"[[(6.14, 9.98), (13.68, 17.52)]]",12
"[[(2.21, 6.05), (6.29, 10.129999999999999)]]",16
"[[(26.33, 30.169999999999998), (0.9, 4.74)]]",16
"[[(12.32, 16.16), (26.98, 30.82)]]",16
"[[(25.61, 29.45), (3.42, 7.26)]]",16
"[[(15.6, 19.439999999999998), (11.4, 15.24)]]",16
"[[(14.03, 17.869999999999997), (23.24, 27.08)]]",12
"[[(0.0, 3.77), (5.53, 9.370000000000001)]]",16
"[[(10.6, 14.44), (22.21, 26.05)]]",16
"[[(25.64, 29.48), (25.35, 29.19)]]",16
"[[(2.72, 6.5600000000000005), (19.77, 23.61)]]",16
"[[(11.45, 15.29), (9.01, 12.85)]]",12
"[[(9.77, 13.61), (15.77, 19.61)]]",16
"[[(12.81, 16.65), (5.12, 8.96)]]",12
"[[(8.73, 12.57), (13.58, 17.42)]]",16
"[[(10.73, 14.57), (26.13, 29.97)]]",12
"[[(8.92, 12.76), (11.56, 15.4)]]",16
"[[(12.59, 16.43), (0.7, 4.54)]]",16
"[[(8.64, 12.48), (21.62, 25.46)]]",16
"[[(18.65, 22.49), (4.37, 8.21)]]",16
"[[(15.65, 19.490000000000002), (20.36, 24.2)]]",16
"[[(14.6, 18.439999999999998), (0.96, 4.8)]]",16
"[[(25.08, 28.919999999999998), (21.6, 25.44)]]",12
"[[(19.23, 23.07), (25.77, 29.61)]]",16
"[[(24.53, 28.37), (15.2, 19.04)]]",16
"[[(8.76, 12.6), (21.05, 24.89)]]",12
"[[(11.41, 15.25), (13.39, 17.23)]]",16
"[[(5.31, 9.149999999999999), (17.54, 21.38)]]",16
"[[(3.21, 7.05), (24.52, 28.36)]]",16
"[[(5.25, 9.09), (23.44, 27.28)]]",16
"[[(11.29, 15.129999999999999), (9.76, 13.6)]]",16
"[[(2.24, 6.08), (23.26, 27.1)]]",16
"[[(10.49, 14.33), (15.01, 18.85)]]",12
"[[(2.53, 6.369999999999999), (26.18, 30.02)]]",16
"[[(9.37, 13.209999999999999), (2.86, 6.699999999999999)]]",16
"[[(18.62, 22.46), (6.77, 10.61)]]",16
"[[(3.45, 7.29), (2.94, 6.779999999999999)]]",16
"[[(20.45, 24.29), (8.34, 12.18)]]",16
"[[(23.0, 26.84), (10.47, 14.31)]]",16
"[[(2.68, 6.52), (6.98, 10.82)]]",16
"[[(7.35, 11.19), (2.49, 6.33)]]",16
"[[(7.09, 10.93), (25.83, 29.669999999999998)]]",12
"[[(16.7, 20.54), (11.05, 14.89)]]",12
"[[(5.57, 9.41), (0.6, 4.4399999999999995)]]",16
"[[(8.18, 12.02), (21.17, 25.01)]]",16
"[[(8.68, 12.52), (26.31, 30.15)]]",16
"[[(7.12, 10.96), (8.62, 12.459999999999999)]]",12
"[[(0.8, 4.64), (19.51, 23.35)]]",16
"[[(18.28, 22.12), (5.08, 8.92)]]",12
"[[(11.64, 15.48), (1.52, 5.359999999999999)]]",16
"[[(16.04, 19.88), (24.34, 28.18)]]",12
"[[(18.05, 21.89), (5.05, 8.89)]]",9
"[[(10.04, 13.879999999999999), (1.63, 5.47)]]",12
"[[(27.2, 31.0), (24.93, 28.77)]]",16
"[[(26.08, 29.919999999999998), (12.69, 16.53)]]",12
"[[(1.3, 5.14), (19.75, 23.59)]]",16
"[[(9.22, 13.06), (21.19, 25.03)]]",16
"[[(1.52, 5.359999999999999), (2.11, 5.949999999999999)]]",12
"[[(5.58, 9.42), (13.67, 17.509999999999998)]]",16
"[[(16.99, 20.83), (27.4, 31.0)]]",16
"[[(10.81, 14.65), (7.82, 11.66)]]",16
"[[(21.91, 25.75), (25.38, 29.22)]]",16
"[[(7.88, 11.719999999999999), (4.98, 8.82)]]",16
"[[(7.64, 11.48), (9.94, 13.78)]]",16
"[[(12.71, 16.55), (25.5, 29.34)]]",16
"[[(15.46, 19.3), (1.01, 4.85)]]",12
"[[(16.98, 20.82), (9.98, 13.82)]]",16
"[[(6.75, 10.59), (0.32, 4.16)]]",16
"[[(5.07, 8.91), (3.59, 7.43)]]",12
"[[(1.45, 5.29), (17.32, 21.16)]]",16
"[[(3.8, 7.64), (6.95, 10.79)]]",16
"[[(24.84, 28.68), (10.28, 14.12)]]",16
"[[(24.02, 27.86), (25.1, 28.94)]]",9
"[[(7.4, 11.24), (27.59, 31.0)]]",16
"[[(26.82, 30.66), (16.45, 20.29)]]",16
"[[(11.76, 15.6), (25.16, 29.0)]]",16
"[[(22.89, 26.73), (13.4, 17.240000000000002)]]",16
"[[(13.54, 17.38), (4.41, 8.25)]]",16
"[[(8.62, 12.459999999999999), (15.51, 19.35)]]",16
"[[(26.77, 30.61), (1.58, 5.42)]]",16
"[[(27.65, 31.0), (0.89, 4.7299999999999995)]]",16
"[[(26.25, 30.09), (26.82, 30.66)]]",16
"[[(8.0, 11.84), (23.57, 27.41)]]",16
"[[(26.36, 30.2), (11.05, 14.89)]]",12
"[[(15.6, 19.439999999999998), (7.33, 11.17)]]",16
"[[(22.56, 26.4), (13.94, 17.78)]]",16
"[[(17.38, 21.22), (7.47, 11.309999999999999)]]",16
"[[(9.76, 13.6), (24.47, 28.31)]]",16
"[[(9.2, 13.04), (19.52, 23.36)]]",16
"[[(2.78, 6.619999999999999), (13.79, 17.63)]]",16
"[[(0.15, 3.9899999999999998), (11.92, 15.76)]]",12
"[[(0.79, 4.63), (23.27, 27.11)]]",16
"[[(6.66, 10.5), (24.46, 28.3)]]",16
"[[(15.06, 18.9), (16.21, 20.05)]]",12
"[[(17.51, 21.35), (13.62, 17.46)]]",16
"[[(20.61, 24.45), (14.65, 18.490000000000002)]]",16
"[[(5.28, 9.120000000000001), (14.92, 18.759999999999998)]]",16
"[[(7.51, 11.35), (8.99, 12.83)]]",16
"[[(5.78, 9.620000000000001), (25.54, 29.38)]]",16
"[[(7.01, 10.85), (20.42, 24.26)]]",12
"[[(9.14, 12.98), (20.41, 24.25)]]",12
"[[(24.66, 28.5), (24.25, 28.09)]]",16
"[[(23.95, 27.79), (8.68, 12.52)]]",16
"[[(24.41, 28.25), (6.38, 10.219999999999999)]]",16
"[[(12.28, 16.119999999999997), (3.65, 7.49)]]",16
"[[(0.6, 4.4399999999999995), (11.89, 15.73)]]",16
"[[(4.29, 8.129999999999999), (5.33, 9.17)]]",16
"[[(2.19, 6.029999999999999), (2.88, 6.72)]]",16
"[[(6.01, 9.85), (17.98, 21.82)]]",12
"[[(25.48, 29.32), (25.17, 29.01)]]",16
"[[(23.56, 27.4), (15.48, 19.32)]]",16
"[[(19.07, 22.91), (0.0, 3.84)]]",12
"[[(27.2, 31.0), (9.12, 12.959999999999999)]]",12
"[[(17.69, 21.53), (13.4, 17.240000000000002)]]",16
"[[(10.77, 14.61), (0.0, 3.6199999999999997)]]",16
"[[(6.5, 10.34), (13.68, 17.52)]]",16
"[[(16.26, 20.1), (7.13, 10.969999999999999)]]",12
"[[(4.92, 8.76), (21.58, 25.419999999999998)]]",16
"[[(10.27, 14.11), (6.74, 10.58)]]",16
"[[(0.63, 4.47), (25.49, 29.33)]]",16
"[[(0.44, 4.28), (2.18, 6.02)]]",16
"[[(7.66, 11.5), (1.49, 5.33)]]",16
"[[(14.3, 18.14), (21.29, 25.13)]]",16
"[[(7.5, 11.34), (13.82, 17.66)]]",16
"[[(22.05, 25.89), (20.18, 24.02)]]",12
"[[(20.71, 24.55), (10.43, 14.27)]]",16
"[[(17.83, 21.669999999999998), (3.7, 7.54)]]",16
"[[(16.5, 20.34), (8.53, 12.37)]]",16
"[[(13.86, 17.7), (20.31, 24.15)]]",16
"[[(0.0, 3.4499999999999997), (22.66, 26.5)]]",16
"[[(21.3, 25.14), (27.62, 31.0)]]",16
"[[(20.62, 24.46), (26.62, 30.46)]]",16
"[[(1.68, 5.52), (8.04, 11.879999999999999)]]",12
"[[(21.61, 25.45), (7.4, 11.24)]]",16
"[[(10.57, 14.41), (2.62, 6.46)]]",16
"[[(21.38, 25.22), (17.4, 21.24)]]",16
"[[(23.62, 27.46), (19.11, 22.95)]]",12
"[[(9.54, 13.379999999999999), (15.2, 19.04)]]",16
"[[(4.7, 8.54), (16.53, 20.37)]]",16
"[[(25.28, 29.12), (0.05, 3.8899999999999997)]]",12
"[[(17.51, 21.35), (0.0, 3.36)]]",16
"[[(25.17, 29.01), (17.7, 21.54)]]",16
"[[(6.94, 10.780000000000001), (18.27, 22.11)]]",16
"[[(20.21, 24.05), (0.5, 4.34)]]",16
"[[(9.26, 13.1), (21.16, 25.0)]]",16
"[[(0.42, 4.26), (0.68, 4.52)]]",16
"[[(5.56, 9.399999999999999), (12.06, 15.9)]]",12
"[[(16.32, 20.16), (12.95, 16.79)]]",16
"[[(11.4, 15.24), (26.72, 30.56)]]",16
"[[(7.12, 10.96), (11.65, 15.49)]]",12
"[[(19.74, 23.58), (27.16, 31.0)]]",16
"[[(8.4, 12.24), (21.71, 25.55)]]",16
"[[(1.94, 5.779999999999999), (12.99, 16.83)]]",16
"[[(25.97, 29.81), (23.89, 27.73)]]",16
"[[(12.41, 16.25), (15.24, 19.08)]]",16
"[[(26.91, 30.75), (7.5, 11.34)]]",16
"[[(26.37, 30.21), (3.9, 7.74)]]",16
"[[(9.2, 13.04), (3.35, 7.1899999999999995)]]",16
"[[(21.01, 24.85), (2.47, 6.3100000000000005)]]",12
"[[(14.1, 17.939999999999998), (24.32, 28.16)]]",12
"[[(4.25, 8.09), (14.37, 18.21)]]",16
"[[(24.37, 28.21), (27.42, 31.0)]]",16
"[[(1.55, 5.39), (18.59, 22.43)]]",16
"[[(8.95, 12.79), (4.17, 8.01)]]",16
"[[(17.14, 20.98), (21.28, 25.12)]]",12
"[[(26.65, 30.49), (17.5, 21.34)]]",16
"[[(5.69, 9.530000000000001), (13.94, 17.78)]]",16
"[[(5.79, 9.629999999999999), (17.49, 21.33)]]",16
"[[(24.98, 28.82), (20.29, 24.13)]]",16
"[[(3.65, 7.49), (20.0, 23.84)]]",16
"[[(11.28, 15.12), (11.15, 14.99)]]",12
"[[(22.39, 26.23), (10.09, 13.93)]]",12
"[[(0.18, 4.02), (9.29, 13.129999999999999)]]",16
"[[(20.96, 24.8), (4.16, 8.0)]]",16
"[[(1.56, 5.4), (16.91, 20.75)]]",16
"[[(15.74, 19.58), (26.05, 29.89)]]",12
"[[(2.41, 6.25), (8.18, 12.02)]]",16
"[[(15.29, 19.13), (10.74, 14.58)]]",16
"[[(14.43, 18.27), (26.28, 30.12)]]",16
"[[(0.76, 4.6), (7.46, 11.3)]]",16
"[[(12.75, 16.59), (1.1, 4.9399999999999995)]]",12
"[[(8.43, 12.27), (10.1, 13.94)]]",12
"[[(1.04, 4.88), (23.27, 27.11)]]",12
"[[(10.13, 13.97), (19.37, 23.21)]]",12
"[[(19.91, 23.75), (14.24, 18.08)]]",16
"[[(3.83, 7.67), (3.26, 7.1)]]",16
"[[(2.9, 6.74), (2.0, 5.84)]]",16
"[[(26.65, 30.49), (11.44, 15.28)]]",16
"[[(12.63, 16.47), (6.43, 10.27)]]",16
"[[(18.39, 22.23), (14.32, 18.16)]]",16
"[[(2.85, 6.6899999999999995), (0.0, 3.61)]]",16
"[[(8.07, 11.91), (4.11, 7.95)]]",9
"[[(5.32, 9.16), (12.18, 16.02)]]",16
"[[(14.32, 18.16), (25.19, 29.03)]]",16
"[[(3.62, 7.46), (25.27, 29.11)]]",16
"[[(15.19, 19.03), (9.99, 13.83)]]",16
"[[(0.0, 3.6999999999999997), (1.01, 4.85)]]",12
"[[(16.23, 20.07), (11.69, 15.53)]]",16
"[[(26.65, 30.49), (14.0, 17.84)]]",16
"[[(8.84, 12.68), (22.64, 26.48)]]",16
"[[(7.43, 11.27), (11.62, 15.459999999999999)]]",16
"[[(2.31, 6.15), (8.39, 12.23)]]",16
"[[(26.66, 30.5), (7.97, 11.809999999999999)]]",16
"[[(26.48, 30.32), (1.69, 5.529999999999999)]]",16
"[[(9.65, 13.49), (12.58, 16.42)]]",16
"[[(5.43, 9.27), (4.99, 8.83)]]",16
"[[(0.22, 4.06), (19.63, 23.47)]]",16
"[[(3.68, 7.52), (20.18, 24.02)]]",16
"[[(16.8, 20.64), (19.93, 23.77)]]",16
"[[(0.54, 4.38), (15.01, 18.85)]]",12
"[[(13.19, 17.03), (13.38, 17.22)]]",16
"[[(14.3, 18.14), (19.39, 23.23)]]",16
"[[(17.07, 20.91), (18.59, 22.43)]]",12
"[[(2.17, 6.01), (23.55, 27.39)]]",16
"[[(26.55, 30.39), (13.39, 17.23)]]",16
"[[(23.85, 27.69), (16.16, 20.0)]]",16
"[[(18.97, 22.81), (11.02, 14.86)]]",12
"[[(7.9, 11.74), (22.29, 26.13)]]",16
"[[(21.74, 25.58), (11.63, 15.47)]]",16
"[[(15.2, 19.04), (23.74, 27.58)]]",16
"[[(7.65, 11.49), (27.56, 31.0)]]",16
"[[(0.71, 4.55), (6.84, 10.68)]]",16
"[[(8.76, 12.6), (27.6, 31.0)]]",16
"[[(14.4, 18.240000000000002), (22.78, 26.62)]]",16
"[[(23.92, 27.76), (9.79, 13.629999999999999)]]",16
"[[(6.44, 10.280000000000001), (5.2, 9.04)]]",16
"[[(6.15, 9.99), (15.94, 19.78)]]",12
"[[(4.43, 8.27), (9.44, 13.28)]]",16
"[[(11.97, 15.81), (22.06, 25.9)]]",12
"[[(24.18, 28.02), (21.37, 25.21)]]",16
"[[(3.73, 7.57), (25.61, 29.45)]]",16
"[[(17.37, 21.21), (18.24, 22.08)]]",16
"[[(5.29, 9.129999999999999), (13.27, 17.11)]]",16
"[[(5.26, 9.1), (19.08, 22.919999999999998)]]",12
"[[(15.92, 19.759999999999998), (18.11, 21.95)]]",12
"[[(25.58, 29.419999999999998), (21.29, 25.13)]]",16
"[[(7.04, 10.879999999999999), (20.2, 24.04)]]",12
"[[(5.08, 8.92), (15.08, 18.92)]]",9
"[[(3.19, 7.029999999999999), (5.5, 9.34)]]",16
"[[(13.8, 17.64), (24.03, 27.87)]]",12
"[[(8.58, 12.42), (6.11, 9.95)]]",12
"[[(10.87, 14.709999999999999), (15.48, 19.32)]]",16
"[[(25.11, 28.95), (11.26, 15.1)]]",12
"[[(12.8, 16.64), (26.14, 29.98)]]",12
"[[(22.15, 25.99), (25.4, 29.24)]]",12
"[[(16.51, 20.35), (1.39, 5.2299999999999995)]]",16
"[[(23.81, 27.65), (8.75, 12.59)]]",16
"[[(24.5, 28.34), (7.54, 11.379999999999999)]]",16
"[[(1.68, 5.52), (6.28, 10.120000000000001)]]",16
"[[(5.91, 9.75), (9.34, 13.18)]]",16
"[[(17.38, 21.22), (8.62, 12.459999999999999)]]",16
"[[(27.09, 30.93), (6.21, 10.05)]]",12
"[[(6.43, 10.27), (5.95, 9.79)]]",16
"[[(20.44, 24.28), (2.98, 6.82)]]",16
"[[(22.09, 25.93), (8.48, 12.32)]]",12
"[[(17.77, 21.61), (16.32, 20.16)]]",16
"[[(26.39, 30.23), (1.79, 5.63)]]",16
"[[(15.21, 19.05), (15.68, 19.52)]]",16
"[[(21.13, 24.97), (6.06, 9.899999999999999)]]",9
"[[(11.78, 15.62), (19.58, 23.419999999999998)]]",16
"[[(3.45, 7.29), (3.56, 7.4)]]",16
"[[(5.24, 9.08), (4.97, 8.809999999999999)]]",16
"[[(2.27, 6.109999999999999), (4.16, 8.0)]]",16
"[[(25.6, 29.44), (18.41, 22.25)]]",16
"[[(24.72, 28.56), (7.06, 10.899999999999999)]]",12
"[[(26.63, 30.47), (24.7, 28.54)]]",16
"[[(10.51, 14.35), (23.72, 27.56)]]",16
"[[(13.33, 17.17), (21.3, 25.14)]]",16
"[[(24.87, 28.71), (9.92, 13.76)]]",16
"[[(22.76, 26.6), (8.37, 12.209999999999999)]]",16
"[[(20.17, 24.01), (2.92, 6.76)]]",16
"[[(12.67, 16.509999999999998), (24.77, 28.61)]]",16
"[[(13.19, 17.03), (12.02, 15.86)]]",12
"[[(7.02, 10.86), (23.11, 26.95)]]",9
"[[(24.7, 28.54), (27.27, 31.0)]]",16
"[[(22.56, 26.4), (26.53, 30.37)]]",16
"[[(25.7, 29.54), (11.73, 15.57)]]",16
"[[(2.0, 5.84), (26.59, 30.43)]]",16
"[[(22.59, 26.43), (6.51, 10.35)]]",16
"[[(0.39, 4.2299999999999995), (23.74, 27.58)]]",16
"[[(6.65, 10.49), (0.0, 3.59)]]",16
"[[(27.62, 31.0), (17.72, 21.56)]]",16
"[[(13.97, 17.810000000000002), (3.55, 7.39)]]",16
"[[(2.47, 6.3100000000000005), (10.48, 14.32)]]",16
"[[(26.0, 29.84), (1.09, 4.93)]]",12
"[[(22.23, 26.07), (14.49, 18.33)]]",16
"[[(7.24, 11.08), (6.22, 10.059999999999999)]]",16
"[[(19.42, 23.26), (25.61, 29.45)]]",16
"[[(6.28, 10.120000000000001), (6.53, 10.370000000000001)]]",16
"[[(21.74, 25.58), (22.26, 26.1)]]",16
"[[(18.63, 22.47), (11.48, 15.32)]]",16
"[[(11.15, 14.99), (11.19, 15.03)]]",12
"[[(7.14, 10.98), (16.45, 20.29)]]",12
"[[(14.41, 18.25), (8.37, 12.209999999999999)]]",16
"[[(25.76, 29.6), (9.61, 13.45)]]",16
"[[(10.73, 14.57), (4.74, 8.58)]]",16
"[[(1.02, 4.859999999999999), (20.72, 24.56)]]",12
"[[(8.63, 12.47), (18.65, 22.49)]]",16
"[[(8.62, 12.459999999999999), (16.7, 20.54)]]",16
"[[(2.62, 6.46), (5.36, 9.2)]]",16
"[[(20.64, 24.48), (12.9, 16.740000000000002)]]",16
"[[(0.3, 4.14), (21.93, 25.77)]]",16
"[[(18.05, 21.89), (4.37, 8.21)]]",12
"[[(18.56, 22.4), (7.24, 11.08)]]",16
"[[(20.45, 24.29), (17.86, 21.7)]]",16
"[[(2.59, 6.43), (12.7, 16.54)]]",16
"[[(9.1, 12.94), (10.61, 14.45)]]",12
"[[(12.93, 16.77), (20.24, 24.08)]]",16
"[[(20.42, 24.26), (21.49, 25.33)]]",16
"[[(12.56, 16.4), (10.88, 14.72)]]",16
"[[(12.04, 15.879999999999999), (21.38, 25.22)]]",12
"[[(23.12, 26.96), (11.37, 15.209999999999999)]]",12
"[[(5.95, 9.79), (11.67, 15.51)]]",16
"[[(23.7, 27.54), (9.48, 13.32)]]",16
"[[(5.8, 9.64), (7.64, 11.48)]]",16
"[[(2.76, 6.6), (11.52, 15.36)]]",16
"[[(6.16, 10.0), (21.66, 25.5)]]",16
"[[(25.27, 29.11), (10.36, 14.2)]]",16
"[[(1.04, 4.88), (19.39, 23.23)]]",12
"[[(22.51, 26.35), (26.33, 30.169999999999998)]]",16
"[[(26.16, 30.0), (7.51, 11.35)]]",16
"[[(23.29, 27.13), (11.84, 15.68)]]",16
"[[(19.61, 23.45), (20.54, 24.38)]]",16
"[[(9.78, 13.62), (9.9, 13.74)]]",16
"[[(24.0, 27.84), (14.48, 18.32)]]",16
"[[(10.81, 14.65), (22.07, 25.91)]]",12
"[[(4.59, 8.43), (11.34, 15.18)]]",16
"[[(0.6, 4.4399999999999995), (12.3, 16.14)]]",16
"[[(17.84, 21.68), (7.13, 10.969999999999999)]]",12
"[[(26.02, 29.86), (18.51, 22.35)]]",12
"[[(19.24, 23.08), (3.23, 7.07)]]",16
"[[(11.43, 15.27), (9.64, 13.48)]]",16
"[[(24.94, 28.78), (2.82, 6.66)]]",16
"[[(25.62, 29.46), (0.29, 4.13)]]",16
"[[(0.41, 4.25), (19.78, 23.62)]]",16
"[[(1.36, 5.2), (20.84, 24.68)]]",16
"[[(11.49, 15.33), (11.8, 15.64)]]",16
"[[(12.39, 16.23), (17.27, 21.11)]]",16
"[[(21.86, 25.7), (21.96, 25.8)]]",16
"[[(21.79, 25.63), (8.48, 12.32)]]",16
"[[(5.59, 9.43), (22.42, 26.26)]]",16
"[[(6.43, 10.27), (11.84, 15.68)]]",16
"[[(5.49, 9.33), (17.01, 20.85)]]",12
"[[(16.9, 20.74), (11.04, 14.879999999999999)]]",12
"[[(22.84, 26.68), (20.22, 24.06)]]",16
"[[(8.28, 12.12), (26.29, 30.13)]]",16
"[[(16.03, 19.87), (21.08, 24.919999999999998)]]",9
"[[(26.43, 30.27), (1.63, 5.47)]]",16
"[[(27.46, 31.0), (15.51, 19.35)]]",16
"[[(13.0, 16.84), (0.29, 4.13)]]",16
"[[(26.75, 30.59), (2.86, 6.699999999999999)]]",16
"[[(27.59, 31.0), (4.94, 8.780000000000001)]]",16
"[[(19.33, 23.169999999999998), (3.38, 7.22)]]",16
"[[(2.79, 6.63), (1.15, 4.99)]]",12
"[[(7.11, 10.95), (10.94, 14.78)]]",12
"[[(23.24, 27.08), (25.16, 29.0)]]",16
"[[(21.93, 25.77), (11.15, 14.99)]]",12
"[[(16.99, 20.83), (26.26, 30.1)]]",16
"[[(5.5, 9.34), (15.02, 18.86)]]",12
"[[(22.4, 26.24), (27.63, 31.0)]]",16
"[[(5.47, 9.309999999999999), (3.22, 7.0600000000000005)]]",16
"[[(19.43, 23.27), (11.39, 15.23)]]",16
"[[(19.85, 23.69), (21.63, 25.47)]]",16
"[[(0.38, 4.22), (13.71, 17.55)]]",16
"[[(8.12, 11.959999999999999), (11.23, 15.07)]]",12
"[[(23.91, 27.75), (10.74, 14.58)]]",16
"[[(5.85, 9.69), (19.83, 23.669999999999998)]]",16
"[[(12.79, 16.63), (19.69, 23.53)]]",16
"[[(23.53, 27.37), (10.66, 14.5)]]",16
"[[(21.23, 25.07), (24.23, 28.07)]]",16
"[[(10.08, 13.92), (0.16, 4.0)]]",12
"[[(2.53, 6.369999999999999), (8.58, 12.42)]]",16
"[[(25.22, 29.06), (19.65, 23.49)]]",16
"[[(20.68, 24.52), (12.15, 15.99)]]",12
"[[(6.72, 10.559999999999999), (0.31, 4.1499999999999995)]]",16
"[[(14.0, 17.84), (3.05, 6.89)]]",12
"[[(13.44, 17.28), (13.11, 16.95)]]",12
"[[(10.15, 13.99), (18.42, 22.26)]]",12
"[[(10.95, 14.79), (10.58, 14.42)]]",16
"[[(1.32, 5.16), (20.6, 24.44)]]",16
"[[(2.24, 6.08), (15.95, 19.79)]]",16
"[[(10.32, 14.16), (4.99, 8.83)]]",16
"[[(7.22, 11.059999999999999), (10.93, 14.77)]]",16
"[[(11.88, 15.72), (16.57, 20.41)]]",16
"[[(7.04, 10.879999999999999), (4.72, 8.559999999999999)]]",12
"[[(25.86, 29.7), (5.3, 9.14)]]",16
"[[(9.93, 13.77), (12.49, 16.33)]]",16
"[[(2.63, 6.47), (22.98, 26.82)]]",16
"[[(22.91, 26.75), (12.67, 16.509999999999998)]]",16
"[[(26.54, 30.38), (17.55, 21.39)]]",16
"[[(3.2, 7.04), (1.42, 5.26)]]",16
"[[(22.59, 26.43), (21.02, 24.86)]]",12
"[[(14.22, 18.060000000000002), (0.0, 3.76)]]",16
"[[(8.61, 12.45), (25.94, 29.78)]]",16
"[[(10.84, 14.68), (13.11, 16.95)]]",12
"[[(4.1, 7.9399999999999995), (5.66, 9.5)]]",12
"[[(12.36, 16.2), (23.68, 27.52)]]",16
"[[(10.81, 14.65), (10.44, 14.28)]]",16
"[[(19.2, 23.04), (22.63, 26.47)]]",16
"[[(2.4, 6.24), (2.01, 5.85)]]",12
"[[(15.75, 19.59), (3.99, 7.83)]]",16
"[[(9.83, 13.67), (14.68, 18.52)]]",16
"[[(1.19, 5.029999999999999), (11.2, 15.04)]]",16
"[[(8.12, 11.959999999999999), (25.46, 29.3)]]",12
"[[(9.28, 13.12), (7.02, 10.86)]]",12
"[[(26.44, 30.28), (14.68, 18.52)]]",16
"[[(21.47, 25.31), (27.54, 31.0)]]",16
"[[(21.98, 25.82), (16.7, 20.54)]]",16
"[[(8.49, 12.33), (16.8, 20.64)]]",16
"[[(17.91, 21.75), (0.0, 3.4499999999999997)]]",16
"[[(15.52, 19.36), (3.41, 7.25)]]",16
"[[(0.95, 4.79), (17.27, 21.11)]]",16
"[[(14.21, 18.05), (10.42, 14.26)]]",16
"[[(14.11, 17.95), (3.44, 7.279999999999999)]]",12
"[[(1.42, 5.26), (18.48, 22.32)]]",16
"[[(6.1, 9.94), (26.47, 30.31)]]",12
"[[(4.58, 8.42), (12.86, 16.7)]]",16
"[[(14.61, 18.45), (12.43, 16.27)]]",16
"[[(6.2, 10.04), (19.14, 22.98)]]",12
"[[(16.61, 20.45), (6.01, 9.85)]]",12
"[[(20.16, 24.0), (25.91, 29.75)]]",16
"[[(16.12, 19.96), (10.18, 14.02)]]",12
"[[(27.11, 30.95), (27.38, 31.0)]]",12
"[[(15.72, 19.560000000000002), (6.71, 10.55)]]",16
"[[(27.59, 31.0), (25.28, 29.12)]]",16
"[[(10.74, 14.58), (20.33, 24.169999999999998)]]",16
"[[(27.3, 31.0), (11.75, 15.59)]]",16
"[[(13.75, 17.59), (11.87, 15.709999999999999)]]",16
"[[(8.11, 11.95), (20.74, 24.58)]]",12
"[[(3.91, 7.75), (17.4, 21.24)]]",16
"[[(9.96, 13.8), (3.53, 7.369999999999999)]]",16
"[[(24.66, 28.5), (17.36, 21.2)]]",16
"[[(26.28, 30.12), (22.74, 26.58)]]",16
"[[(4.27, 8.11), (26.74, 30.58)]]",16
"[[(20.63, 24.47), (14.24, 18.08)]]",16
"[[(6.39, 10.23), (3.91, 7.75)]]",16
"[[(10.04, 13.879999999999999), (4.73, 8.57)]]",12
"[[(12.8, 16.64), (21.02, 24.86)]]",12
"[[(25.4, 29.24), (7.89, 11.73)]]",16
"[[(17.58, 21.419999999999998), (5.81, 9.649999999999999)]]",16
"[[(10.75, 14.59), (15.08, 18.92)]]",12
"[[(24.04, 27.88), (2.02, 5.859999999999999)]]",9
"[[(11.23, 15.07), (7.35, 11.19)]]",16
"[[(5.15, 8.99), (5.31, 9.149999999999999)]]",12
"[[(11.63, 15.47), (18.36, 22.2)]]",16
"[[(8.93, 12.77), (2.3, 6.14)]]",16
"[[(15.84, 19.68), (25.13, 28.97)]]",12
"[[(12.19, 16.03), (22.94, 26.78)]]",16
"[[(19.98, 23.82), (10.65, 14.49)]]",16
"[[(7.62, 11.46), (12.55, 16.39)]]",16
"[[(22.26, 26.1), (14.24, 18.08)]]",16
"[[(8.19, 12.03), (26.25, 30.09)]]",16
"[[(18.46, 22.3), (15.57, 19.41)]]",16
"[[(2.86, 6.699999999999999), (14.09, 17.93)]]",12
"[[(26.46, 30.3), (10.0, 13.84)]]",16
"[[(3.12, 6.96), (6.09, 9.93)]]",9
"[[(2.29, 6.13), (8.67, 12.51)]]",16
"[[(22.93, 26.77), (21.63, 25.47)]]",16
"[[(17.02, 20.86), (2.88, 6.72)]]",12
"[[(9.32, 13.16), (23.46, 27.3)]]",16
"[[(16.19, 20.03), (19.59, 23.43)]]",16
"[[(22.81, 26.65), (26.74, 30.58)]]",16
"[[(15.69, 19.53), (16.67, 20.51)]]",16
"[[(4.77, 8.61), (21.03, 24.87)]]",12
"[[(0.0, 3.46), (1.42, 5.26)]]",16
"[[(24.7, 28.54), (23.43, 27.27)]]",16
"[[(13.77, 17.61), (0.0, 3.6599999999999997)]]",16
"[[(9.71, 13.55), (18.44, 22.28)]]",16
"[[(9.96, 13.8), (25.64, 29.48)]]",16
"[[(11.38, 15.22), (5.33, 9.17)]]",16
"[[(3.95, 7.79), (11.3, 15.14)]]",16
"[[(0.0, 3.73), (23.97, 27.81)]]",16
"[[(11.35, 15.19), (16.91, 20.75)]]",16
"[[(4.79, 8.629999999999999), (21.16, 25.0)]]",16
"[[(27.58, 31.0), (22.02, 25.86)]]",12
"[[(8.44, 12.28), (4.14, 7.9799999999999995)]]",12
"[[(21.24, 25.08), (14.27, 18.11)]]",16
"[[(12.62, 16.46), (12.55, 16.39)]]",16
"[[(9.85, 13.69), (6.64, 10.48)]]",16
"[[(5.21, 9.05), (4.15, 7.99)]]",12
"[[(5.15, 8.99), (11.66, 15.5)]]",12
"[[(21.12, 24.96), (13.16, 17.0)]]",12
"[[(10.06, 13.9), (20.58, 24.419999999999998)]]",12
"[[(20.92, 24.76), (3.67, 7.51)]]",16
"[[(9.87, 13.709999999999999), (20.66, 24.5)]]",16
"[[(10.09, 13.93), (3.07, 6.91)]]",9
"[[(16.07, 19.91), (5.93, 9.77)]]",12
"[[(2.01, 5.85), (1.67, 5.51)]]",12
"[[(25.62, 29.46), (20.32, 24.16)]]",16
"[[(3.99, 7.83), (25.55, 29.39)]]",16
"[[(4.75, 8.59), (23.06, 26.9)]]",12
"[[(23.92, 27.76), (9.21, 13.05)]]",16
"[[(15.25, 19.09), (0.0, 3.48)]]",16
"[[(5.01, 8.85), (16.08, 19.919999999999998)]]",9
"[[(21.12, 24.96), (13.45, 17.29)]]",12
"[[(3.64, 7.48), (26.71, 30.55)]]",16
"[[(8.23, 12.07), (3.54, 7.38)]]",16
"[[(17.34, 21.18), (6.36, 10.2)]]",16
"[[(9.46, 13.3), (7.72, 11.559999999999999)]]",16
"[[(14.26, 18.1), (7.03, 10.870000000000001)]]",12
"[[(27.17, 31.0), (19.08, 22.919999999999998)]]",12
"[[(12.7, 16.54), (0.0, 3.73)]]",16
"[[(13.09, 16.93), (5.35, 9.19)]]",12
"[[(16.27, 20.11), (13.82, 17.66)]]",16
"[[(12.32, 16.16), (10.61, 14.45)]]",16
"[[(6.18, 10.02), (8.61, 12.45)]]",16
"[[(6.7, 10.54), (21.29, 25.13)]]",16
"[[(17.27, 21.11), (22.45, 26.29)]]",16
"[[(15.59, 19.43), (4.84, 8.68)]]",16
"[[(21.28, 25.12), (12.09, 15.93)]]",12
"[[(26.22, 30.06), (24.38, 28.22)]]",16
"[[(10.1, 13.94), (4.75, 8.59)]]",12
"[[(16.95, 20.79), (22.89, 26.73)]]",16
"[[(9.45, 13.29), (9.65, 13.49)]]",16
"[[(8.1, 11.94), (19.86, 23.7)]]",12
"[[(12.21, 16.05), (6.63, 10.469999999999999)]]",16
"[[(14.79, 18.63), (13.15, 16.990000000000002)]]",12
"[[(14.91, 18.75), (1.79, 5.63)]]",16
"[[(3.56, 7.4), (21.93, 25.77)]]",16
"[[(3.73, 7.57), (10.4, 14.24)]]",16
"[[(0.0, 3.73), (8.72, 12.56)]]",16
"[[(3.87, 7.71), (10.07, 13.91)]]",12
"[[(0.11, 3.9499999999999997), (25.04, 28.88)]]",9
"[[(13.1, 16.939999999999998), (20.96, 24.8)]]",12
"[[(13.56, 17.4), (2.1, 5.9399999999999995)]]",12
"[[(27.0, 30.84), (12.91, 16.75)]]",16
"[[(17.62, 21.46), (5.35, 9.19)]]",16
"[[(3.18, 7.02), (23.88, 27.72)]]",16
"[[(5.53, 9.370000000000001), (3.78, 7.619999999999999)]]",16
"[[(22.72, 26.56), (4.41, 8.25)]]",16
"[[(4.94, 8.780000000000001), (26.98, 30.82)]]",16
"[[(4.06, 7.8999999999999995), (5.55, 9.39)]]",12
"[[(20.57, 24.41), (21.74, 25.58)]]",16
"[[(12.98, 16.82), (19.63, 23.47)]]",16
"[[(14.67, 18.509999999999998), (15.6, 19.439999999999998)]]",16
"[[(22.82, 26.66), (24.58, 28.419999999999998)]]",16
"[[(4.38, 8.219999999999999), (3.6, 7.4399999999999995)]]",16
"[[(19.91, 23.75), (5.57, 9.41)]]",16
"[[(6.54, 10.379999999999999), (21.0, 24.84)]]",16
"[[(23.49, 27.33), (10.69, 14.53)]]",16
"[[(14.71, 18.55), (21.71, 25.55)]]",16
"[[(5.76, 9.6), (24.43, 28.27)]]",16
"[[(24.18, 28.02), (16.09, 19.93)]]",12
"[[(25.54, 29.38), (4.59, 8.43)]]",16
"[[(1.72, 5.56), (5.91, 9.75)]]",16
"[[(0.0, 3.57), (15.17, 19.009999999999998)]]",16
"[[(12.81, 16.65), (6.08, 9.92)]]",12
"[[(7.25, 11.09), (23.8, 27.64)]]",16
"[[(0.06, 3.9), (12.52, 16.36)]]",12
"[[(4.19, 8.030000000000001), (13.69, 17.53)]]",16
"[[(5.83, 9.67), (19.16, 23.0)]]",16
"[[(22.89, 26.73), (2.7, 6.54)]]",16
"[[(18.29, 22.13), (6.66, 10.5)]]",16
"[[(26.69, 30.53), (19.55, 23.39)]]",16
"[[(27.62, 31.0), (7.88, 11.719999999999999)]]",16
"[[(15.16, 19.0), (22.57, 26.41)]]",16
"[[(24.37, 28.21), (21.13, 24.97)]]",12
"[[(10.31, 14.15), (17.09, 20.93)]]",12
"[[(13.15, 16.990000000000002), (15.84, 19.68)]]",12
"[[(22.61, 26.45), (18.03, 21.87)]]",12
"[[(12.27, 16.11), (6.2, 10.04)]]",16
"[[(13.55, 17.39), (0.0, 3.51)]]",16
"[[(4.64, 8.48), (8.57, 12.41)]]",16
"[[(24.83, 28.669999999999998), (10.42, 14.26)]]",16
"[[(1.48, 5.32), (22.23, 26.07)]]",16
"[[(25.2, 29.04), (27.64, 31.0)]]",16
"[[(12.16, 16.0), (24.3, 28.14)]]",16
"[[(21.65, 25.49), (22.25, 26.09)]]",16
"[[(22.44, 26.28), (1.49, 5.33)]]",16
"[[(25.85, 29.69), (14.11, 17.95)]]",12
"[[(25.95, 29.79), (12.26, 16.1)]]",16
"[[(23.55, 27.39), (24.09, 27.93)]]",12
"[[(4.81, 8.649999999999999), (11.71, 15.55)]]",16
"[[(3.16, 7.0), (20.82, 24.66)]]",16
"[[(22.21, 26.05), (1.53, 5.37)]]",16
"[[(25.09, 28.93), (16.1, 19.94)]]",9
"[[(7.58, 11.42), (1.65, 5.49)]]",16
"[[(0.0, 3.5), (4.29, 8.129999999999999)]]",16
"[[(16.03, 19.87), (10.15, 13.99)]]",9
"[[(13.03, 16.869999999999997), (8.15, 11.99)]]",9
"[[(8.87, 12.709999999999999), (10.85, 14.69)]]",16
"[[(9.86, 13.7), (9.45, 13.29)]]",16
"[[(14.36, 18.2), (21.52, 25.36)]]",16
"[[(23.71, 27.55), (10.52, 14.36)]]",16
"[[(19.1, 22.94), (11.08, 14.92)]]",9
"[[(24.38, 28.22), (15.65, 19.490000000000002)]]",16
"[[(8.75, 12.59), (25.38, 29.22)]]",16
"[[(8.27, 12.11), (0.0, 3.48)]]",16
"[[(18.63, 22.47), (15.63, 19.47)]]",16
"[[(12.44, 16.28), (6.31, 10.149999999999999)]]",16
"[[(17.37, 21.21), (19.68, 23.52)]]",16
"[[(2.84, 6.68), (17.36, 21.2)]]",16
"[[(19.12, 22.96), (3.9, 7.74)]]",12
"[[(13.9, 17.740000000000002), (17.77, 21.61)]]",16
"[[(5.35, 9.19), (2.68, 6.52)]]",16
"[[(16.03, 19.87), (4.83, 8.67)]]",12
"[[(15.0, 18.84), (2.67, 6.51)]]",16
"[[(1.56, 5.4), (9.92, 13.76)]]",16
"[[(26.42, 30.26), (21.19, 25.03)]]",16
"[[(11.84, 15.68), (10.67, 14.51)]]",16
"[[(18.04, 21.88), (3.71, 7.55)]]",12
"[[(13.19, 17.03), (3.43, 7.27)]]",16
"[[(16.03, 19.87), (9.74, 13.58)]]",12
"[[(23.27, 27.11), (2.4, 6.24)]]",16
"[[(10.32, 14.16), (23.28, 27.12)]]",16
"[[(17.8, 21.64), (19.19, 23.03)]]",16
"[[(25.07, 28.91), (2.58, 6.42)]]",12
"[[(9.55, 13.39), (10.12, 13.959999999999999)]]",12
"[[(0.0, 3.38), (10.82, 14.66)]]",16
"[[(7.96, 11.8), (26.71, 30.55)]]",16
"[[(20.42, 24.26), (0.95, 4.79)]]",16
"[[(16.64, 20.48), (13.68, 17.52)]]",16
"[[(8.38, 12.22), (27.51, 31.0)]]",16
"[[(10.17, 14.01), (8.83, 12.67)]]",16
"[[(9.65, 13.49), (1.23, 5.07)]]",16
"[[(14.27, 18.11), (0.46, 4.3)]]",16
"[[(4.85, 8.69), (9.68, 13.52)]]",16
"[[(17.6, 21.44), (23.94, 27.78)]]",16
"[[(7.79, 11.629999999999999), (20.6, 24.44)]]",16
"[[(11.93, 15.77), (16.47, 20.31)]]",16
"[[(24.77, 28.61), (19.33, 23.169999999999998)]]",16
"[[(2.11, 5.949999999999999), (19.63, 23.47)]]",12
"[[(24.18, 28.02), (25.78, 29.62)]]",16
"[[(27.41, 31.0), (16.66, 20.5)]]",16
"[[(8.94, 12.78), (0.25, 4.09)]]",16
"[[(4.16, 8.0), (17.66, 21.5)]]",16
"[[(23.07, 26.91), (20.0, 23.84)]]",12
"[[(25.58, 29.419999999999998), (25.52, 29.36)]]",16
"[[(10.04, 13.879999999999999), (5.7, 9.54)]]",12
"[[(11.41, 15.25), (11.01, 14.85)]]",12
"[[(1.0, 4.84), (26.14, 29.98)]]",12
"[[(13.39, 17.23), (3.6, 7.4399999999999995)]]",16
"[[(11.15, 14.99), (0.0, 3.78)]]",12
"[[(27.28, 31.0), (3.45, 7.29)]]",16
"[[(22.24, 26.08), (8.03, 11.87)]]",12
"[[(4.18, 8.02), (21.66, 25.5)]]",16
"[[(5.66, 9.5), (27.26, 31.0)]]",16
"[[(1.2, 5.04), (13.11, 16.95)]]",12
"[[(4.62, 8.46), (23.45, 27.29)]]",16
"[[(10.1, 13.94), (16.78, 20.62)]]",12
"[[(23.62, 27.46), (0.34, 4.18)]]",16
"[[(15.49, 19.33), (5.53, 9.370000000000001)]]",16
"[[(22.98, 26.82), (21.16, 25.0)]]",16
"[[(16.1, 19.94), (2.67, 6.51)]]",12
"[[(3.74, 7.58), (8.02, 11.86)]]",12
"[[(26.07, 29.91), (12.94, 16.78)]]",12
"[[(20.14, 23.98), (16.75, 20.59)]]",12
"[[(15.49, 19.33), (11.11, 14.95)]]",12
"[[(11.52, 15.36), (19.1, 22.94)]]",12
"[[(8.96, 12.8), (17.82, 21.66)]]",16
"[[(12.92, 16.759999999999998), (24.0, 27.84)]]",16
"[[(23.0, 26.84), (11.69, 15.53)]]",16
"[[(20.63, 24.47), (19.94, 23.78)]]",16
"[[(11.58, 15.42), (9.14, 12.98)]]",12
"[[(7.78, 11.620000000000001), (5.76, 9.6)]]",16
"[[(20.09, 23.93), (2.52, 6.359999999999999)]]",12
"[[(0.42, 4.26), (5.11, 8.95)]]",12
"[[(24.95, 28.79), (19.11, 22.95)]]",12
"[[(13.92, 17.759999999999998), (13.09, 16.93)]]",12
"[[(0.42, 4.26), (2.75, 6.59)]]",16
"[[(22.74, 26.58), (13.99, 17.83)]]",16
"[[(25.34, 29.18), (20.84, 24.68)]]",16
"[[(0.0, 3.57), (25.71, 29.55)]]",16
"[[(16.31, 20.15), (13.77, 17.61)]]",16
"[[(19.91, 23.75), (1.23, 5.07)]]",16
"[[(25.31, 29.15), (23.87, 27.71)]]",16
"[[(9.9, 13.74), (13.88, 17.72)]]",16
"[[(16.73, 20.57), (10.96, 14.8)]]",16
"[[(10.27, 14.11), (17.12, 20.96)]]",12
"[[(21.29, 25.13), (17.28, 21.12)]]",16
"[[(5.0, 8.84), (24.07, 27.91)]]",12
"[[(2.94, 6.779999999999999), (4.96, 8.8)]]",16
"[[(13.42, 17.259999999999998), (15.4, 19.240000000000002)]]",16
"[[(14.74, 18.58), (22.42, 26.26)]]",16
"[[(21.89, 25.73), (19.8, 23.64)]]",16
"[[(0.0, 3.6599999999999997), (26.56, 30.4)]]",16
"[[(12.89, 16.73), (27.45, 31.0)]]",16
"[[(7.35, 11.19), (1.05, 4.89)]]",12
"[[(4.21, 8.05), (19.89, 23.73)]]",16
"[[(18.66, 22.5), (20.65, 24.49)]]",16
"[[(19.05, 22.89), (18.33, 22.169999999999998)]]",12
"[[(18.3, 22.14), (5.92, 9.76)]]",16
"[[(5.5, 9.34), (13.79, 17.63)]]",16
"[[(13.3, 17.14), (2.81, 6.65)]]",16
"[[(5.01, 8.85), (13.27, 17.11)]]",12
"[[(6.82, 10.66), (20.94, 24.78)]]",16
"[[(13.45, 17.29), (1.98, 5.82)]]",16
"[[(5.35, 9.19), (9.09, 12.93)]]",12
"[[(9.38, 13.22), (13.15, 16.990000000000002)]]",12
"[[(9.67, 13.51), (19.69, 23.53)]]",16
"[[(11.82, 15.66), (19.22, 23.06)]]",16
"[[(24.94, 28.78), (5.44, 9.280000000000001)]]",16
"[[(24.97, 28.81), (4.23, 8.07)]]",16
"[[(9.87, 13.709999999999999), (10.78, 14.62)]]",16
"[[(7.29, 11.129999999999999), (18.78, 22.62)]]",16
"[[(23.51, 27.35), (25.72, 29.56)]]",16
"[[(6.6, 10.44), (7.88, 11.719999999999999)]]",16
"[[(24.11, 27.95), (5.05, 8.89)]]",9
"[[(21.85, 25.69), (3.44, 7.279999999999999)]]",16
"[[(25.95, 29.79), (8.85, 12.69)]]",16
"[[(7.34, 11.18), (16.96, 20.8)]]",16
"[[(12.5, 16.34), (21.88, 25.72)]]",16
"[[(6.08, 9.92), (14.74, 18.58)]]",12
"[[(7.23, 11.07), (27.46, 31.0)]]",16
"[[(16.97, 20.81), (5.44, 9.280000000000001)]]",16
"[[(9.5, 13.34), (24.44, 28.28)]]",16
"[[(14.77, 18.61), (5.18, 9.02)]]",16
"[[(20.76, 24.6), (4.29, 8.129999999999999)]]",16
"[[(3.61, 7.449999999999999), (0.24, 4.08)]]",16
"[[(22.66, 26.5), (13.05, 16.89)]]",12
"[[(16.59, 20.43), (17.59, 21.43)]]",16
"[[(13.87, 17.71), (3.09, 6.93)]]",12
"[[(7.92, 11.76), (14.93, 18.77)]]",16
"[[(22.21, 26.05), (20.64, 24.48)]]",16
"[[(16.01, 19.85), (19.49, 23.33)]]",12
"[[(14.21, 18.05), (24.91, 28.75)]]",16
"[[(11.47, 15.31), (1.32, 5.16)]]",16
"[[(25.45, 29.29), (25.18, 29.02)]]",16
"[[(4.06, 7.8999999999999995), (1.87, 5.71)]]",12
"[[(1.76, 5.6), (18.74, 22.58)]]",16
"[[(24.55, 28.39), (14.19, 18.03)]]",16
"[[(6.66, 10.5), (8.9, 12.74)]]",16
"[[(22.33, 26.169999999999998), (15.65, 19.490000000000002)]]",16
"[[(13.29, 17.13), (10.09, 13.93)]]",12
"[[(23.51, 27.35), (13.67, 17.509999999999998)]]",16
"[[(19.85, 23.69), (23.12, 26.96)]]",12
"[[(27.61, 31.0), (18.39, 22.23)]]",16
"[[(5.56, 9.399999999999999), (18.69, 22.53)]]",16
"[[(13.84, 17.68), (1.51, 5.35)]]",16
"[[(23.47, 27.31), (11.88, 15.72)]]",16
"[[(1.24, 5.08), (20.79, 24.63)]]",16
"[[(4.89, 8.73), (26.89, 30.73)]]",16
"[[(7.82, 11.66), (14.31, 18.15)]]",16
"[[(19.88, 23.72), (26.36, 30.2)]]",16
"[[(23.58, 27.419999999999998), (5.99, 9.83)]]",16
"[[(27.32, 31.0), (22.45, 26.29)]]",16
"[[(9.74, 13.58), (18.05, 21.89)]]",12
"[[(6.32, 10.16), (26.37, 30.21)]]",16
"[[(24.66, 28.5), (21.35, 25.19)]]",16
"[[(15.85, 19.689999999999998), (0.0, 3.55)]]",16
"[[(1.0, 4.84), (17.93, 21.77)]]",16
"[[(13.18, 17.02), (15.76, 19.6)]]",16
"[[(3.76, 7.6), (24.14, 27.98)]]",12
"[[(14.77, 18.61), (16.18, 20.02)]]",16
"[[(15.57, 19.41), (7.74, 11.58)]]",16
"[[(11.28, 15.12), (3.12, 6.96)]]",12
"[[(7.36, 11.2), (27.23, 31.0)]]",16
"[[(11.48, 15.32), (14.46, 18.3)]]",16
"[[(20.91, 24.75), (8.01, 11.85)]]",12
"[[(22.32, 26.16), (1.28, 5.12)]]",16
"[[(5.67, 9.51), (25.58, 29.419999999999998)]]",16
"[[(13.43, 17.27), (15.24, 19.08)]]",16
"[[(16.45, 20.29), (16.17, 20.01)]]",16
"[[(19.36, 23.2), (16.37, 20.21)]]",16
"[[(22.49, 26.33), (14.4, 18.240000000000002)]]",16
"[[(27.54, 31.0), (22.48, 26.32)]]",16
"[[(12.84, 16.68), (19.34, 23.18)]]",16
"[[(24.94, 28.78), (20.94, 24.78)]]",16
"[[(26.21, 30.05), (18.11, 21.95)]]",12
"[[(16.97, 20.81), (7.92, 11.76)]]",16
"[[(0.61, 4.45), (4.97, 8.809999999999999)]]",16
"[[(22.53, 26.37), (19.54, 23.38)]]",16
"[[(23.18, 27.02), (14.14, 17.98)]]",12
"[[(25.29, 29.13), (19.45, 23.29)]]",16
"[[(26.34, 30.18), (10.93, 14.77)]]",16
"[[(9.84, 13.68), (26.55, 30.39)]]",16
"[[(23.16, 27.0), (19.44, 23.28)]]",16
"[[(3.32, 7.16), (17.79, 21.63)]]",16
"[[(6.25, 10.09), (23.36, 27.2)]]",16
"[[(24.14, 27.98), (24.5, 28.34)]]",12
"[[(19.1, 22.94), (14.29, 18.13)]]",12
"[[(12.33, 16.17), (14.04, 17.88)]]",12
"[[(24.85, 28.69), (8.87, 12.709999999999999)]]",16
"[[(23.3, 27.14), (21.87, 25.71)]]",16
"[[(9.83, 13.67), (9.3, 13.14)]]",16
"[[(8.44, 12.28), (19.09, 22.93)]]",12
"[[(21.31, 25.15), (6.01, 9.85)]]",12
"[[(26.5, 30.34), (2.17, 6.01)]]",16
"[[(9.87, 13.709999999999999), (21.02, 24.86)]]",12
"[[(20.54, 24.38), (23.08, 26.919999999999998)]]",12
"[[(1.9, 5.74), (2.26, 6.1)]]",16
"[[(3.45, 7.29), (7.71, 11.55)]]",16
"[[(11.63, 15.47), (15.08, 18.92)]]",12
"[[(17.43, 21.27), (6.31, 10.149999999999999)]]",16
"[[(25.13, 28.97), (21.89, 25.73)]]",12
"[[(9.54, 13.379999999999999), (16.3, 20.14)]]",16
"[[(13.76, 17.6), (18.74, 22.58)]]",16
"[[(8.98, 12.82), (7.12, 10.96)]]",12
"[[(12.22, 16.060000000000002), (25.11, 28.95)]]",12
"[[(10.54, 14.379999999999999), (20.06, 23.9)]]",12
"[[(10.82, 14.66), (14.78, 18.619999999999997)]]",16
"[[(20.78, 24.62), (1.39, 5.2299999999999995)]]",16
"[[(1.93, 5.77), (21.63, 25.47)]]",16
"[[(15.86, 19.7), (2.26, 6.1)]]",16
"[[(5.59, 9.43), (26.54, 30.38)]]",16
"[[(2.83, 6.67), (20.53, 24.37)]]",16
"[[(26.33, 30.169999999999998), (1.71, 5.55)]]",16
"[[(9.5, 13.34), (12.09, 15.93)]]",12
"[[(0.0, 3.6199999999999997), (22.47, 26.31)]]",16
"[[(4.24, 8.08), (17.66, 21.5)]]",16
"[[(24.7, 28.54), (19.21, 23.05)]]",16
"[[(11.26, 15.1), (10.19, 14.03)]]",16
"[[(21.5, 25.34), (1.94, 5.779999999999999)]]",16
"[[(4.99, 8.83), (3.68, 7.52)]]",16
"[[(5.82, 9.66), (22.98, 26.82)]]",16
"[[(15.44, 19.28), (2.46, 6.3)]]",16
"[[(19.19, 23.03), (16.42, 20.26)]]",16
"[[(13.62, 17.46), (18.28, 22.12)]]",16
"[[(0.0, 3.84), (10.34, 14.18)]]",16
"[[(0.38, 4.22), (7.87, 11.71)]]",16
"[[(14.0, 17.84), (18.64, 22.48)]]",16
"[[(10.13, 13.97), (5.5, 9.34)]]",12
"[[(6.63, 10.469999999999999), (17.64, 21.48)]]",16
"[[(18.48, 22.32), (26.91, 30.75)]]",16
"[[(15.1, 18.939999999999998), (22.94, 26.78)]]",12
"[[(24.2, 28.04), (24.52, 28.36)]]",16
"[[(4.86, 8.7), (17.95, 21.79)]]",16
"[[(12.78, 16.619999999999997), (3.33, 7.17)]]",16
"[[(11.35, 15.19), (13.28, 17.119999999999997)]]",16
"[[(6.3, 10.14), (13.91, 17.75)]]",16
"[[(20.36, 24.2), (21.49, 25.33)]]",16
"[[(22.77, 26.61), (14.68, 18.52)]]",16
"[[(0.0, 3.63), (26.75, 30.59)]]",16
"[[(21.11, 24.95), (21.84, 25.68)]]",12
"[[(11.75, 15.59), (6.79, 10.629999999999999)]]",16
"[[(6.27, 10.11), (2.16, 6.0)]]",16
"[[(18.45, 22.29), (0.62, 4.46)]]",16
"[[(18.07, 21.91), (13.67, 17.509999999999998)]]",12
"[[(14.9, 18.740000000000002), (14.97, 18.810000000000002)]]",16
"[[(19.02, 22.86), (1.74, 5.58)]]",12
"[[(27.49, 31.0), (16.72, 20.56)]]",16
"[[(25.89, 29.73), (1.95, 5.79)]]",16
"[[(6.71, 10.55), (20.13, 23.97)]]",12
"[[(18.52, 22.36), (7.89, 11.73)]]",16
"[[(4.19, 8.030000000000001), (9.27, 13.11)]]",16
"[[(11.02, 14.86), (11.36, 15.2)]]",12
"[[(13.14, 16.98), (8.21, 12.05)]]",12
"[[(10.21, 14.05), (20.87, 24.71)]]",16
"[[(15.72, 19.560000000000002), (13.39, 17.23)]]",16
"[[(13.5, 17.34), (5.41, 9.25)]]",16
"[[(13.06, 16.9), (9.16, 13.0)]]",12
"[[(6.14, 9.98), (9.2, 13.04)]]",12
"[[(21.7, 25.54), (3.87, 7.71)]]",16
"[[(5.45, 9.29), (26.63, 30.47)]]",16
"[[(13.63, 17.47), (7.45, 11.29)]]",16
"[[(11.35, 15.19), (4.5, 8.34)]]",16
"[[(14.69, 18.53), (15.69, 19.53)]]",16
"[[(26.11, 29.95), (-0.0, 3.84)]]",12
"[[(24.34, 28.18), (10.68, 14.52)]]",16
"[[(2.11, 5.949999999999999), (15.18, 19.02)]]",12
"[[(1.83, 5.67), (14.68, 18.52)]]",16
"[[(9.72, 13.56), (3.61, 7.449999999999999)]]",16
"[[(25.51, 29.35), (11.65, 15.49)]]",16
"[[(23.97, 27.81), (23.28, 27.12)]]",16
"[[(15.59, 19.43), (0.21, 4.05)]]",16
"[[(26.11, 29.95), (11.71, 15.55)]]",12
"[[(22.33, 26.169999999999998), (11.77, 15.61)]]",16
"[[(4.69, 8.530000000000001), (27.13, 30.97)]]",12
"[[(17.04, 20.88), (22.48, 26.32)]]",12
"[[(19.74, 23.58), (9.56, 13.4)]]",16
"[[(0.8, 4.64), (15.01, 18.85)]]",12
"[[(12.85, 16.689999999999998), (7.1, 10.94)]]",12
"[[(11.48, 15.32), (12.19, 16.03)]]",16
"[[(7.93, 11.77), (13.36, 17.2)]]",16
"[[(9.39, 13.23), (12.78, 16.619999999999997)]]",16
"[[(16.83, 20.669999999999998), (3.5, 7.34)]]",16
"[[(18.35, 22.19), (20.88, 24.72)]]",16
"[[(24.33, 28.169999999999998), (18.05, 21.89)]]",12
"[[(5.84, 9.68), (12.56, 16.4)]]",16
"[[(21.19, 25.03), (24.42, 28.26)]]",16
"[[(7.86, 11.7), (7.17, 11.01)]]",16
"[[(16.59, 20.43), (1.71, 5.55)]]",16
"[[(6.23, 10.07), (18.56, 22.4)]]",16
"[[(0.81, 4.65), (27.35, 31.0)]]",16
"[[(6.02, 9.86), (9.22, 13.06)]]",12
"[[(2.23, 6.07), (5.06, 8.899999999999999)]]",12
"[[(23.45, 27.29), (3.0, 6.84)]]",16
"[[(10.23, 14.07), (12.69, 16.53)]]",16
"[[(9.88, 13.72), (4.65, 8.49)]]",16
"[[(5.79, 9.629999999999999), (8.35, 12.19)]]",16
"[[(15.93, 19.77), (20.58, 24.419999999999998)]]",16
"[[(11.0, 14.84), (11.21, 15.05)]]",16
"[[(9.1, 12.94), (26.58, 30.419999999999998)]]",12
"[[(21.09, 24.93), (23.97, 27.81)]]",12
"[[(5.41, 9.25), (1.92, 5.76)]]",16
"[[(12.08, 15.92), (16.63, 20.47)]]",12
"[[(5.4, 9.24), (6.84, 10.68)]]",16
"[[(9.76, 13.6), (3.98, 7.82)]]",16
"[[(11.25, 15.09), (13.32, 17.16)]]",16
"[[(6.32, 10.16), (6.2, 10.04)]]",16
"[[(8.58, 12.42), (2.94, 6.779999999999999)]]",16
"[[(0.65, 4.49), (21.15, 24.99)]]",12
"[[(21.53, 25.37), (3.67, 7.51)]]",16
"[[(16.56, 20.4), (14.92, 18.759999999999998)]]",16
"[[(23.42, 27.26), (13.68, 17.52)]]",16
"[[(15.24, 19.08), (13.48, 17.32)]]",16
"[[(14.95, 18.79), (6.79, 10.629999999999999)]]",16
"[[(18.73, 22.57), (4.09, 7.93)]]",12
"[[(14.12, 17.96), (7.25, 11.09)]]",12
"[[(23.17, 27.01), (2.23, 6.07)]]",16
"[[(17.77, 21.61), (21.19, 25.03)]]",16
"[[(9.98, 13.82), (20.23, 24.07)]]",16
"[[(24.45, 28.29), (5.98, 9.82)]]",16
"[[(0.55, 4.39), (0.0, 3.57)]]",16
"[[(12.17, 16.009999999999998), (27.18, 31.0)]]",16
"[[(1.87, 5.71), (10.39, 14.23)]]",16
"[[(5.07, 8.91), (25.79, 29.63)]]",12
"[[(3.72, 7.5600000000000005), (9.12, 12.959999999999999)]]",12
"[[(12.08, 15.92), (2.82, 6.66)]]",12
"[[(1.09, 4.93), (13.71, 17.55)]]",12
"[[(9.76, 13.6), (4.85, 8.69)]]",16
"[[(16.15, 19.99), (6.12, 9.96)]]",9
"[[(0.0, 3.46), (22.33, 26.169999999999998)]]",16
"[[(18.02, 21.86), (13.5, 17.34)]]",12
"[[(27.12, 30.96), (9.52, 13.36)]]",12
"[[(14.64, 18.48), (20.12, 23.96)]]",12
"[[(0.94, 4.779999999999999), (17.83, 21.669999999999998)]]",16
"[[(22.55, 26.39), (6.72, 10.559999999999999)]]",16
"[[(18.96, 22.8), (7.56, 11.399999999999999)]]",16
"[[(2.49, 6.33), (13.43, 17.27)]]",16
"[[(14.23, 18.07), (16.82, 20.66)]]",16
"[[(18.34, 22.18), (9.56, 13.4)]]",16
"[[(18.5, 22.34), (5.18, 9.02)]]",16
"[[(27.4, 31.0), (3.79, 7.63)]]",16
"[[(7.6, 11.44), (18.55, 22.39)]]",16
"[[(19.55, 23.39), (27.44, 31.0)]]",16
"[[(19.04, 22.88), (9.38, 13.22)]]",12
"[[(16.19, 20.03), (24.24, 28.08)]]",16
"[[(10.7, 14.54), (16.32, 20.16)]]",16
"[[(13.41, 17.25), (18.01, 21.85)]]",12
"[[(5.2, 9.04), (7.46, 11.3)]]",16
"[[(0.37, 4.21), (18.84, 22.68)]]",16
"[[(16.32, 20.16), (20.07, 23.91)]]",12
"[[(26.95, 30.79), (0.36, 4.2)]]",16
"[[(6.55, 10.39), (7.78, 11.620000000000001)]]",16
"[[(4.99, 8.83), (19.69, 23.53)]]",16
"[[(23.47, 27.31), (17.93, 21.77)]]",16
"[[(25.94, 29.78), (17.28, 21.12)]]",16
"[[(12.84, 16.68), (1.18, 5.02)]]",16
"[[(13.32, 17.16), (0.77, 4.609999999999999)]]",16
"[[(8.16, 12.0), (16.97, 20.81)]]",16
"[[(19.29, 23.13), (0.29, 4.13)]]",16
"[[(6.12, 9.96), (17.98, 21.82)]]",12
"[[(18.99, 22.83), (0.0, 3.78)]]",16
"[[(20.56, 24.4), (22.03, 25.87)]]",12
"[[(24.79, 28.63), (16.08, 19.919999999999998)]]",12
"[[(15.82, 19.66), (20.86, 24.7)]]",16
"[[(26.83, 30.669999999999998), (4.15, 7.99)]]",12
"[[(9.4, 13.24), (7.04, 10.879999999999999)]]",12
"[[(26.75, 30.59), (1.93, 5.77)]]",16
"[[(10.84, 14.68), (13.12, 16.96)]]",12
"[[(0.79, 4.63), (23.87, 27.71)]]",16
"[[(16.53, 20.37), (24.55, 28.39)]]",16
"[[(17.13, 20.97), (5.57, 9.41)]]",12
"[[(3.97, 7.8100000000000005), (4.16, 8.0)]]",16
"[[(26.73, 30.57), (14.04, 17.88)]]",12
"[[(22.15, 25.99), (24.45, 28.29)]]",12
"[[(7.7, 11.54), (4.22, 8.059999999999999)]]",16
"[[(7.11, 10.95), (20.5, 24.34)]]",12
"[[(6.85, 10.69), (10.55, 14.39)]]",16
"[[(17.26, 21.1), (21.42, 25.26)]]",16
"[[(17.6, 21.44), (25.49, 29.33)]]",16
"[[(4.29, 8.129999999999999), (19.21, 23.05)]]",16
"[[(0.12, 3.96), (4.51, 8.35)]]",12
"[[(25.04, 28.88), (19.07, 22.91)]]",9
"[[(2.67, 6.51), (20.42, 24.26)]]",16
"[[(0.16, 4.0), (17.57, 21.41)]]",16
"[[(24.54, 28.38), (15.38, 19.22)]]",16
"[[(18.9, 22.74), (16.46, 20.3)]]",16
"[[(16.33, 20.169999999999998), (3.06, 6.9)]]",12
"[[(7.96, 11.8), (23.17, 27.01)]]",16
"[[(27.43, 31.0), (4.94, 8.780000000000001)]]",16
"[[(10.57, 14.41), (18.56, 22.4)]]",16
"[[(11.37, 15.209999999999999), (16.08, 19.919999999999998)]]",12
"[[(25.04, 28.88), (4.11, 7.95)]]",9
"[[(8.94, 12.78), (10.52, 14.36)]]",16
"[[(17.85, 21.69), (13.81, 17.65)]]",16
"[[(5.98, 9.82), (11.18, 15.02)]]",16
"[[(14.74, 18.58), (11.83, 15.67)]]",16
"[[(4.59, 8.43), (16.94, 20.78)]]",16
"[[(13.1, 16.939999999999998), (22.06, 25.9)]]",9
"[[(11.74, 15.58), (12.22, 16.060000000000002)]]",16
"[[(8.19, 12.03), (4.95, 8.79)]]",16
"[[(9.42, 13.26), (9.73, 13.57)]]",16
"[[(6.96, 10.8), (11.64, 15.48)]]",16
"[[(0.0, 3.46), (7.89, 11.73)]]",16
"[[(5.87, 9.71), (9.18, 13.02)]]",16
"[[(11.3, 15.14), (22.93, 26.77)]]",16
"[[(24.95, 28.79), (14.28, 18.119999999999997)]]",16
"[[(12.82, 16.66), (15.09, 18.93)]]",12
"[[(27.03, 30.87), (5.25, 9.09)]]",12
"[[(19.95, 23.79), (3.89, 7.73)]]",16
"[[(6.68, 10.52), (10.16, 14.0)]]",16
"[[(27.15, 30.99), (19.55, 23.39)]]",12
"[[(7.53, 11.370000000000001), (8.51, 12.35)]]",16
"[[(12.07, 15.91), (24.48, 28.32)]]",12
"[[(23.11, 26.95), (0.72, 4.56)]]",12
"[[(10.13, 13.97), (8.81, 12.65)]]",12
"[[(0.27, 4.109999999999999), (7.14, 10.98)]]",12
"[[(7.4, 11.24), (20.4, 24.24)]]",16
"[[(1.89, 5.7299999999999995), (9.86, 13.7)]]",16
"[[(19.94, 23.78), (21.41, 25.25)]]",16
"[[(8.1, 11.94), (14.78, 18.619999999999997)]]",12
"[[(9.29, 13.129999999999999), (12.38, 16.22)]]",16
"[[(21.57, 25.41), (20.69, 24.53)]]",16
"[[(6.0, 9.84), (7.45, 11.29)]]",16
"[[(23.79, 27.63), (1.02, 4.859999999999999)]]",12
"[[(13.76, 17.6), (12.39, 16.23)]]",16
"[[(3.19, 7.029999999999999), (13.6, 17.439999999999998)]]",16
"[[(15.13, 18.97), (15.37, 19.21)]]",12
"[[(17.98, 21.82), (26.57, 30.41)]]",16
"[[(12.97, 16.810000000000002), (20.31, 24.15)]]",16
"[[(10.16, 14.0), (9.08, 12.92)]]",12
"[[(22.61, 26.45), (3.56, 7.4)]]",16
"[[(9.48, 13.32), (15.48, 19.32)]]",16
"[[(9.67, 13.51), (23.32, 27.16)]]",16
"[[(13.68, 17.52), (0.99, 4.83)]]",16
"[[(9.78, 13.62), (1.1, 4.9399999999999995)]]",12
"[[(24.88, 28.72), (15.55, 19.39)]]",16
"[[(18.51, 22.35), (11.57, 15.41)]]",16
"[[(6.35, 10.19), (5.46, 9.3)]]",16
"[[(14.23, 18.07), (27.58, 31.0)]]",16
"[[(26.66, 30.5), (4.24, 8.08)]]",16
"[[(0.52, 4.359999999999999), (25.5, 29.34)]]",16
"[[(0.35, 4.1899999999999995), (9.53, 13.37)]]",16
"[[(0.0, 3.6999999999999997), (14.31, 18.15)]]",16
"[[(4.68, 8.52), (11.52, 15.36)]]",16
"[[(19.41, 23.25), (22.32, 26.16)]]",16
"[[(19.9, 23.74), (5.06, 8.899999999999999)]]",12
"[[(26.21, 30.05), (7.7, 11.54)]]",16
"[[(7.98, 11.82), (20.98, 24.82)]]",16
"[[(17.7, 21.54), (16.03, 19.87)]]",12
"[[(22.41, 26.25), (3.44, 7.279999999999999)]]",16
"[[(8.04, 11.879999999999999), (23.39, 27.23)]]",12
"[[(12.84, 16.68), (22.19, 26.03)]]",16
"[[(26.58, 30.419999999999998), (10.55, 14.39)]]",16
"[[(8.7, 12.54), (6.1, 9.94)]]",12
"[[(0.9, 4.74), (12.73, 16.57)]]",16
"[[(25.57, 29.41), (10.91, 14.75)]]",16
"[[(9.92, 13.76), (4.09, 7.93)]]",12
"[[(18.93, 22.77), (21.33, 25.169999999999998)]]",16
"[[(2.03, 5.869999999999999), (24.11, 27.95)]]",9
"[[(8.08, 11.92), (11.76, 15.6)]]",12
"[[(10.93, 14.77), (25.35, 29.19)]]",16
"[[(10.44, 14.28), (23.34, 27.18)]]",16
"[[(12.39, 16.23), (7.76, 11.6)]]",16
"[[(27.65, 31.0), (14.2, 18.04)]]",16
"[[(6.59, 10.43), (21.64, 25.48)]]",16
"[[(7.05, 10.89), (24.92, 28.76)]]",12
"[[(8.51, 12.35), (21.37, 25.21)]]",16
"[[(2.37, 6.21), (2.35, 6.1899999999999995)]]",16
"[[(14.53, 18.369999999999997), (10.97, 14.81)]]",16
"[[(24.0, 27.84), (13.07, 16.91)]]",12
"[[(19.2, 23.04), (9.13, 12.97)]]",12
"[[(20.31, 24.15), (4.8, 8.64)]]",16
"[[(26.79, 30.63), (0.51, 4.35)]]",16
"[[(1.5, 5.34), (1.96, 5.8)]]",16
"[[(7.01, 10.85), (16.06, 19.9)]]",9
"[[(23.6, 27.44), (4.41, 8.25)]]",16
"[[(13.81, 17.65), (23.86, 27.7)]]",16
"[[(19.06, 22.9), (11.82, 15.66)]]",12
"[[(20.8, 24.64), (9.38, 13.22)]]",16
"[[(3.93, 7.77), (6.12, 9.96)]]",12
"[[(20.57, 24.41), (11.04, 14.879999999999999)]]",12
"[[(3.24, 7.08), (2.57, 6.41)]]",16
"[[(3.51, 7.35), (15.57, 19.41)]]",16
"[[(22.15, 25.99), (23.22, 27.06)]]",12
"[[(9.46, 13.3), (22.66, 26.5)]]",16
"[[(16.19, 20.03), (0.25, 4.09)]]",16
"[[(4.48, 8.32), (16.53, 20.37)]]",16
"[[(22.86, 26.7), (14.82, 18.66)]]",16
"[[(5.31, 9.149999999999999), (11.53, 15.37)]]",16
"[[(9.58, 13.42), (16.29, 20.13)]]",16
"[[(1.93, 5.77), (20.59, 24.43)]]",16
"[[(21.47, 25.31), (23.52, 27.36)]]",16
"[[(8.04, 11.879999999999999), (0.0, 3.65)]]",12
"[[(8.1, 11.94), (4.64, 8.48)]]",12
"[[(2.71, 6.55), (25.95, 29.79)]]",16
"[[(1.57, 5.41), (21.17, 25.01)]]",16
"[[(4.11, 7.95), (11.43, 15.27)]]",12
"[[(2.81, 6.65), (6.73, 10.57)]]",16
"[[(15.24, 19.08), (0.32, 4.16)]]",16
"[[(23.42, 27.26), (6.15, 9.99)]]",12
"[[(7.07, 10.91), (14.16, 18.0)]]",12
"[[(17.45, 21.29), (16.65, 20.49)]]",16
"[[(25.12, 28.96), (13.86, 17.7)]]",12
"[[(25.87, 29.71), (9.91, 13.75)]]",16
"[[(0.0, 3.7399999999999998), (2.13, 5.97)]]",12
"[[(14.24, 18.08), (24.02, 27.86)]]",12
"[[(3.99, 7.83), (11.17, 15.01)]]",16
"[[(2.39, 6.23), (21.27, 25.11)]]",16
"[[(0.0, 3.61), (13.49, 17.33)]]",16
"[[(8.73, 12.57), (14.25, 18.09)]]",16
"[[(13.24, 17.08), (22.88, 26.72)]]",16
"[[(9.45, 13.29), (26.3, 30.14)]]",16
"[[(15.8, 19.64), (14.54, 18.38)]]",16
"[[(20.65, 24.49), (21.14, 24.98)]]",12
"[[(3.06, 6.9), (14.14, 17.98)]]",9
"[[(18.03, 21.87), (11.62, 15.459999999999999)]]",12
"[[(3.74, 7.58), (17.13, 20.97)]]",12
"[[(6.53, 10.370000000000001), (15.35, 19.189999999999998)]]",16
"[[(12.27, 16.11), (4.42, 8.26)]]",16
"[[(17.06, 20.9), (11.83, 15.67)]]",12
"[[(24.79, 28.63), (11.11, 14.95)]]",12
"[[(21.71, 25.55), (11.61, 15.45)]]",16
"[[(11.73, 15.57), (16.77, 20.61)]]",16
"[[(8.48, 12.32), (9.92, 13.76)]]",16
"[[(3.36, 7.199999999999999), (25.95, 29.79)]]",16
"[[(23.83, 27.669999999999998), (4.21, 8.05)]]",16
"[[(26.93, 30.77), (20.93, 24.77)]]",16
"[[(15.03, 18.869999999999997), (9.67, 13.51)]]",12
"[[(6.46, 10.3), (7.2, 11.04)]]",16
"[[(13.24, 17.08), (16.59, 20.43)]]",16
"[[(13.43, 17.27), (0.51, 4.35)]]",16
"[[(7.36, 11.2), (17.04, 20.88)]]",12
"[[(24.72, 28.56), (24.61, 28.45)]]",16
"[[(5.02, 8.86), (1.7, 5.54)]]",12
"[[(10.58, 14.42), (12.68, 16.52)]]",16
"[[(23.99, 27.83), (12.85, 16.689999999999998)]]",16
"[[(24.28, 28.12), (11.45, 15.29)]]",16
"[[(13.54, 17.38), (4.72, 8.559999999999999)]]",16
"[[(2.01, 5.85), (0.0, 3.38)]]",12
"[[(24.26, 28.1), (1.35, 5.1899999999999995)]]",16
"[[(4.79, 8.629999999999999), (17.09, 20.93)]]",12
"[[(22.62, 26.46), (4.09, 7.93)]]",12
"[[(19.65, 23.49), (24.7, 28.54)]]",16
"[[(22.07, 25.91), (5.69, 9.530000000000001)]]",12
"[[(6.66, 10.5), (5.44, 9.280000000000001)]]",16
"[[(8.51, 12.35), (27.32, 31.0)]]",16
"[[(16.07, 19.91), (3.89, 7.73)]]",12
"[[(15.18, 19.02), (2.64, 6.48)]]",16
"[[(25.43, 29.27), (3.76, 7.6)]]",16
"[[(22.82, 26.66), (6.43, 10.27)]]",16
"[[(7.96, 11.8), (2.51, 6.35)]]",16
"[[(11.14, 14.98), (19.08, 22.919999999999998)]]",9
"[[(18.11, 21.95), (13.89, 17.73)]]",12
"[[(9.0, 12.84), (23.89, 27.73)]]",16
"[[(26.06, 29.9), (2.8, 6.64)]]",12
"[[(18.78, 22.62), (12.08, 15.92)]]",12
"[[(24.48, 28.32), (14.6, 18.439999999999998)]]",16
"[[(10.37, 14.209999999999999), (2.85, 6.6899999999999995)]]",16
"[[(21.23, 25.07), (26.89, 30.73)]]",16
"[[(13.45, 17.29), (21.32, 25.16)]]",16
"[[(11.45, 15.29), (26.84, 30.68)]]",16
"[[(14.37, 18.21), (1.95, 5.79)]]",16
"[[(13.01, 16.85), (22.11, 25.95)]]",9
"[[(24.0, 27.84), (14.09, 17.93)]]",12
"[[(0.25, 4.09), (25.9, 29.74)]]",16
"[[(18.36, 22.2), (8.11, 11.95)]]",12
"[[(11.09, 14.93), (17.83, 21.669999999999998)]]",12
"[[(1.35, 5.1899999999999995), (15.27, 19.11)]]",16
"[[(11.12, 14.959999999999999), (3.48, 7.32)]]",12
"[[(9.11, 12.95), (23.43, 27.27)]]",12
"[[(10.0, 13.84), (17.08, 20.919999999999998)]]",12
"[[(19.83, 23.669999999999998), (10.56, 14.4)]]",16
"[[(25.12, 28.96), (10.11, 13.95)]]",9
"[[(20.94, 24.78), (20.9, 24.74)]]",16
"[[(14.56, 18.4), (17.54, 21.38)]]",16
"[[(23.19, 27.03), (23.66, 27.5)]]",16
"[[(22.33, 26.169999999999998), (25.84, 29.68)]]",16
"[[(18.03, 21.87), (0.31, 4.1499999999999995)]]",12
"[[(26.87, 30.71), (12.83, 16.67)]]",16
"[[(18.05, 21.89), (20.61, 24.45)]]",12
"[[(2.74, 6.58), (26.58, 30.419999999999998)]]",16
"[[(1.01, 4.85), (10.4, 14.24)]]",12
"[[(16.66, 20.5), (8.16, 12.0)]]",16
"[[(15.84, 19.68), (24.9, 28.74)]]",16
"[[(25.44, 29.28), (25.78, 29.62)]]",16
"[[(0.61, 4.45), (11.67, 15.51)]]",16
"[[(21.7, 25.54), (11.58, 15.42)]]",16
"[[(16.66, 20.5), (26.53, 30.37)]]",16
"[[(11.22, 15.06), (26.96, 30.8)]]",16
"[[(13.79, 17.63), (13.29, 17.13)]]",16
"[[(15.98, 19.82), (5.84, 9.68)]]",16
"[[(18.01, 21.85), (13.53, 17.369999999999997)]]",12
"[[(10.27, 14.11), (26.78, 30.62)]]",16
"[[(16.68, 20.52), (17.66, 21.5)]]",16
"[[(13.43, 17.27), (26.62, 30.46)]]",16
"[[(3.8, 7.64), (16.58, 20.419999999999998)]]",16
"[[(13.96, 17.8), (11.75, 15.59)]]",16
"[[(3.12, 6.96), (8.83, 12.67)]]",12
"[[(11.64, 15.48), (19.99, 23.83)]]",16
"[[(20.21, 24.05), (2.84, 6.68)]]",16
"[[(7.92, 11.76), (10.85, 14.69)]]",16
"[[(20.03, 23.87), (24.18, 28.02)]]",12
"[[(17.74, 21.58), (23.4, 27.24)]]",16
"[[(3.81, 7.65), (4.85, 8.69)]]",16
"[[(22.16, 26.0), (6.21, 10.05)]]",16
"[[(2.29, 6.13), (13.31, 17.15)]]",16
"[[(7.19, 11.030000000000001), (20.05, 23.89)]]",12
"[[(26.02, 29.86), (20.31, 24.15)]]",12
"[[(13.13, 16.97), (4.76, 8.6)]]",12
"[[(26.65, 30.49), (13.65, 17.490000000000002)]]",16
"[[(27.1, 30.94), (20.38, 24.22)]]",12
"[[(0.93, 4.77), (4.98, 8.82)]]",16
"[[(3.16, 7.0), (19.53, 23.37)]]",16
"[[(19.95, 23.79), (24.23, 28.07)]]",16
"[[(9.27, 13.11), (10.46, 14.3)]]",16
"[[(17.25, 21.09), (25.28, 29.12)]]",16
"[[(10.89, 14.73), (1.82, 5.66)]]",16
"[[(12.76, 16.6), (21.86, 25.7)]]",16
"[[(12.95, 16.79), (14.12, 17.96)]]",12
"[[(19.14, 22.98), (3.48, 7.32)]]",12
"[[(5.78, 9.620000000000001), (4.83, 8.67)]]",16
"[[(11.32, 15.16), (12.32, 16.16)]]",16
"[[(4.97, 8.809999999999999), (0.02, 3.86)]]",12
"[[(15.87, 19.71), (12.68, 16.52)]]",16
"[[(4.35, 8.19), (9.94, 13.78)]]",16
"[[(0.0, 3.38), (15.48, 19.32)]]",16
"[[(24.04, 27.88), (7.55, 11.39)]]",12
"[[(3.89, 7.73), (9.18, 13.02)]]",16
"[[(16.57, 20.41), (7.82, 11.66)]]",16
"[[(27.57, 31.0), (17.52, 21.36)]]",16
"[[(16.3, 20.14), (13.96, 17.8)]]",16
"[[(24.77, 28.61), (18.5, 22.34)]]",16
"[[(15.67, 19.509999999999998), (16.79, 20.63)]]",16
"[[(14.67, 18.509999999999998), (6.76, 10.6)]]",16
"[[(12.15, 15.99), (25.52, 29.36)]]",12
"[[(4.38, 8.219999999999999), (12.02, 15.86)]]",12
"[[(7.85, 11.69), (23.13, 26.97)]]",12
"[[(20.19, 24.03), (11.73, 15.57)]]",16
"[[(7.49, 11.33), (3.85, 7.6899999999999995)]]",16
"[[(12.74, 16.58), (26.18, 30.02)]]",16
"[[(22.66, 26.5), (25.65, 29.49)]]",16
"[[(19.89, 23.73), (5.04, 8.879999999999999)]]",12
"[[(15.0, 18.84), (6.88, 10.719999999999999)]]",16
"[[(0.0, 3.3499999999999996), (11.55, 15.39)]]",16
"[[(5.95, 9.79), (5.48, 9.32)]]",16
"[[(9.45, 13.29), (18.22, 22.06)]]",16
"[[(17.87, 21.71), (1.0, 4.84)]]",16
"[[(3.62, 7.46), (4.86, 8.7)]]",16
"[[(17.28, 21.12), (7.18, 11.02)]]",16
"[[(19.24, 23.08), (10.25, 14.09)]]",16
"[[(0.0, 3.54), (17.67, 21.51)]]",16
"[[(25.36, 29.2), (26.2, 30.04)]]",16
"[[(10.52, 14.36), (14.71, 18.55)]]",16
"[[(8.56, 12.4), (4.78, 8.620000000000001)]]",16
"[[(16.16, 20.0), (14.11, 17.95)]]",12
"[[(23.12, 26.96), (0.0, 3.4499999999999997)]]",12
"[[(8.95, 12.79), (22.55, 26.39)]]",16
"[[(4.6, 8.44), (0.84, 4.68)]]",16
"[[(11.04, 14.879999999999999), (13.5, 17.34)]]",12
"[[(9.11, 12.95), (19.05, 22.89)]]",9
"[[(4.76, 8.6), (18.98, 22.82)]]",16
"[[(11.65, 15.49), (9.17, 13.01)]]",16
"[[(27.3, 31.0), (12.63, 16.47)]]",16
"[[(1.75, 5.59), (7.03, 10.870000000000001)]]",12
"[[(21.8, 25.64), (16.5, 20.34)]]",16
"[[(2.59, 6.43), (3.06, 6.9)]]",12
"[[(14.31, 18.15), (25.45, 29.29)]]",16
"[[(15.28, 19.119999999999997), (18.48, 22.32)]]",16
"[[(5.63, 9.469999999999999), (9.58, 13.42)]]",16
"[[(25.58, 29.419999999999998), (22.7, 26.54)]]",16
"[[(0.0, 3.7399999999999998), (15.62, 19.46)]]",16
"[[(13.34, 17.18), (18.07, 21.91)]]",12
"[[(24.01, 27.85), (25.94, 29.78)]]",12
"[[(26.57, 30.41), (3.68, 7.52)]]",16
"[[(4.88, 8.719999999999999), (7.61, 11.45)]]",16
"[[(26.65, 30.49), (10.03, 13.87)]]",12
"[[(12.89, 16.73), (19.49, 23.33)]]",16
"[[(17.52, 21.36), (2.55, 6.39)]]",16
"[[(15.06, 18.9), (17.56, 21.4)]]",12
"[[(0.0, 3.6799999999999997), (15.59, 19.43)]]",16
"[[(7.43, 11.27), (15.47, 19.310000000000002)]]",16
"[[(19.71, 23.55), (18.98, 22.82)]]",16
"[[(16.26, 20.1), (25.73, 29.57)]]",16
"[[(3.4, 7.24), (17.98, 21.82)]]",16
"[[(10.45, 14.29), (2.03, 5.869999999999999)]]",12
"[[(17.46, 21.3), (10.91, 14.75)]]",16
"[[(17.1, 20.94), (10.36, 14.2)]]",12
"[[(14.39, 18.23), (3.57, 7.41)]]",16
"[[(21.17, 25.01), (20.13, 23.97)]]",12
"[[(18.28, 22.12), (10.58, 14.42)]]",16
"[[(22.68, 26.52), (11.13, 14.97)]]",12
"[[(7.26, 11.1), (4.47, 8.309999999999999)]]",16
"[[(0.0, 3.51), (3.05, 6.89)]]",12
"[[(9.01, 12.85), (19.98, 23.82)]]",12
"[[(3.21, 7.05), (19.75, 23.59)]]",16
"[[(3.19, 7.029999999999999), (2.17, 6.01)]]",16
"[[(10.83, 14.67), (14.69, 18.53)]]",16
"[[(23.66, 27.5), (1.83, 5.67)]]",16
"[[(24.16, 28.0), (18.56, 22.4)]]",16
"[[(19.99, 23.83), (20.64, 24.48)]]",16
"[[(1.96, 5.8), (12.29, 16.13)]]",16
"[[(6.09, 9.93), (11.29, 15.129999999999999)]]",12
"[[(3.99, 7.83), (23.77, 27.61)]]",16
"[[(9.99, 13.83), (23.29, 27.13)]]",16
"[[(19.75, 23.59), (11.52, 15.36)]]",16
"[[(17.64, 21.48), (2.23, 6.07)]]",16
"[[(9.36, 13.2), (20.66, 24.5)]]",16
"[[(23.66, 27.5), (1.28, 5.12)]]",16
"[[(13.62, 17.46), (15.85, 19.689999999999998)]]",16
"[[(2.28, 6.119999999999999), (7.62, 11.46)]]",16
"[[(20.27, 24.11), (26.29, 30.13)]]",16
"[[(24.92, 28.76), (5.91, 9.75)]]",16
"[[(12.51, 16.35), (16.04, 19.88)]]",12
"[[(24.51, 28.35), (8.9, 12.74)]]",16
"[[(21.48, 25.32), (22.11, 25.95)]]",12
"[[(15.1, 18.939999999999998), (25.79, 29.63)]]",12
"[[(23.31, 27.15), (7.55, 11.39)]]",16
"[[(4.85, 8.69), (8.19, 12.03)]]",16
"[[(4.07, 7.91), (23.82, 27.66)]]",12
"[[(15.34, 19.18), (26.14, 29.98)]]",12
"[[(15.44, 19.28), (1.42, 5.26)]]",16
"[[(26.05, 29.89), (22.79, 26.63)]]",12
"[[(8.23, 12.07), (17.16, 21.0)]]",16
"[[(4.52, 8.36), (21.03, 24.87)]]",12
"[[(17.11, 20.95), (22.81, 26.65)]]",12
"[[(12.75, 16.59), (11.59, 15.43)]]",16
"[[(5.66, 9.5), (0.65, 4.49)]]",16
"[[(16.63, 20.47), (11.77, 15.61)]]",16
"[[(16.97, 20.81), (24.75, 28.59)]]",16
"[[(22.31, 26.15), (8.97, 12.81)]]",16
"[[(23.38, 27.22), (1.34, 5.18)]]",16
"[[(14.46, 18.3), (10.27, 14.11)]]",16
"[[(4.68, 8.52), (6.0, 9.84)]]",16
"[[(17.96, 21.8), (26.31, 30.15)]]",16
"[[(22.87, 26.71), (1.08, 4.92)]]",12
"[[(16.03, 19.87), (13.77, 17.61)]]",12
"[[(6.69, 10.530000000000001), (25.8, 29.64)]]",16
"[[(23.16, 27.0), (3.12, 6.96)]]",12
"[[(19.67, 23.51), (7.72, 11.559999999999999)]]",16
"[[(14.89, 18.73), (7.06, 10.899999999999999)]]",12
"[[(13.81, 17.65), (3.01, 6.85)]]",12
"[[(2.11, 5.949999999999999), (15.91, 19.75)]]",12
"[[(26.56, 30.4), (21.25, 25.09)]]",16
"[[(4.07, 7.91), (8.89, 12.73)]]",12
"[[(15.38, 19.22), (24.03, 27.87)]]",12
"[[(24.43, 28.27), (22.9, 26.74)]]",16
"[[(7.14, 10.98), (10.59, 14.43)]]",12
"[[(19.21, 23.05), (23.99, 27.83)]]",16
"[[(10.31, 14.15), (15.26, 19.1)]]",16
"[[(25.13, 28.97), (1.69, 5.529999999999999)]]",12
"[[(3.29, 7.13), (26.54, 30.38)]]",16
"[[(20.65, 24.49), (23.31, 27.15)]]",16
"[[(3.5, 7.34), (22.37, 26.21)]]",16
"[[(20.03, 23.87), (11.69, 15.53)]]",12
"[[(10.5, 14.34), (24.53, 28.37)]]",16
"[[(10.27, 14.11), (24.19, 28.03)]]",16
"[[(24.09, 27.93), (3.16, 7.0)]]",12
"[[(3.69, 7.529999999999999), (23.28, 27.12)]]",16
"[[(20.99, 24.83), (20.83, 24.669999999999998)]]",16
"[[(15.57, 19.41), (10.96, 14.8)]]",16
"[[(10.76, 14.6), (19.78, 23.62)]]",16
"[[(21.89, 25.73), (12.81, 16.65)]]",16
"[[(17.75, 21.59), (0.07, 3.9099999999999997)]]",12
"[[(16.72, 20.56), (16.44, 20.28)]]",16
"[[(23.58, 27.419999999999998), (10.09, 13.93)]]",12
"[[(25.33, 29.169999999999998), (5.65, 9.49)]]",16
"[[(25.17, 29.01), (17.13, 20.97)]]",12
"[[(24.23, 28.07), (20.55, 24.39)]]",16
"[[(3.78, 7.619999999999999), (3.84, 7.68)]]",16
"[[(0.54, 4.38), (6.67, 10.51)]]",16
"[[(9.26, 13.1), (27.36, 31.0)]]",16
"[[(20.43, 24.27), (11.31, 15.15)]]",16
"[[(7.03, 10.870000000000001), (23.82, 27.66)]]",12
"[[(3.92, 7.76), (15.33, 19.17)]]",16
"[[(0.75, 4.59), (22.68, 26.52)]]",16
"[[(24.55, 28.39), (25.15, 28.99)]]",12
"[[(2.02, 5.859999999999999), (0.7, 4.54)]]",12
"[[(13.55, 17.39), (20.15, 23.99)]]",12
"[[(26.63, 30.47), (0.0, 3.3499999999999996)]]",16
"[[(10.33, 14.17), (10.47, 14.31)]]",16
"[[(6.51, 10.35), (16.96, 20.8)]]",16
"[[(27.05, 30.89), (7.96, 11.8)]]",12
"[[(11.59, 15.43), (24.81, 28.65)]]",16
"[[(13.34, 17.18), (8.23, 12.07)]]",16
"[[(18.43, 22.27), (10.99, 14.83)]]",16
"[[(11.37, 15.209999999999999), (17.56, 21.4)]]",16
"[[(2.17, 6.01), (22.89, 26.73)]]",16
"[[(16.61, 20.45), (11.62, 15.459999999999999)]]",16
"[[(27.6, 31.0), (18.5, 22.34)]]",16
"[[(26.82, 30.66), (9.83, 13.67)]]",16
"[[(6.56, 10.399999999999999), (19.57, 23.41)]]",16
"[[(16.43, 20.27), (22.65, 26.49)]]",16
"[[(6.46, 10.3), (9.14, 12.98)]]",12
"[[(25.84, 29.68), (6.22, 10.059999999999999)]]",16
"[[(23.09, 26.93), (2.51, 6.35)]]",12
"[[(27.35, 31.0), (10.76, 14.6)]]",16
"[[(23.81, 27.65), (11.38, 15.22)]]",16
"[[(27.49, 31.0), (20.5, 24.34)]]",16
"[[(7.46, 11.3), (26.39, 30.23)]]",16
"[[(2.42, 6.26), (25.67, 29.51)]]",16
"[[(21.48, 25.32), (21.27, 25.11)]]",16
"[[(7.35, 11.19), (9.94, 13.78)]]",16
"[[(15.72, 19.560000000000002), (23.12, 26.96)]]",12
"[[(9.01, 12.85), (2.48, 6.32)]]",12
"[[(21.02, 24.86), (19.75, 23.59)]]",12
"[[(11.32, 15.16), (12.61, 16.45)]]",16
"[[(18.97, 22.81), (5.9, 9.74)]]",16
"[[(6.99, 10.83), (13.63, 17.47)]]",16
"[[(7.64, 11.48), (26.45, 30.29)]]",16
"[[(26.85, 30.69), (21.77, 25.61)]]",16
"[[(22.34, 26.18), (10.47, 14.31)]]",16
"[[(14.82, 18.66), (23.73, 27.57)]]",16
"[[(11.13, 14.97), (1.2, 5.04)]]",12
"[[(20.87, 24.71), (12.01, 15.85)]]",12
"[[(14.91, 18.75), (1.22, 5.06)]]",16
"[[(5.25, 9.09), (4.43, 8.27)]]",16
"[[(27.07, 30.91), (14.22, 18.060000000000002)]]",12
"[[(21.79, 25.63), (8.43, 12.27)]]",16
"[[(22.76, 26.6), (19.74, 23.58)]]",16
"[[(10.58, 14.42), (19.94, 23.78)]]",16
"[[(7.27, 11.11), (1.08, 4.92)]]",12
"[[(24.53, 28.37), (1.17, 5.01)]]",16
"[[(22.63, 26.47), (14.97, 18.810000000000002)]]",16
"[[(20.08, 23.919999999999998), (23.3, 27.14)]]",12
"[[(13.63, 17.47), (5.36, 9.2)]]",16
"[[(27.18, 31.0), (24.28, 28.12)]]",16
"[[(16.22, 20.06), (22.02, 25.86)]]",12
"[[(13.21, 17.05), (21.96, 25.8)]]",16
"[[(20.41, 24.25), (7.73, 11.57)]]",16
"[[(21.91, 25.75), (3.05, 6.89)]]",12
"[[(17.97, 21.81), (16.59, 20.43)]]",16
"[[(25.79, 29.63), (17.49, 21.33)]]",16
"[[(18.4, 22.24), (12.28, 16.119999999999997)]]",16
"[[(7.66, 11.5), (8.86, 12.7)]]",16
"[[(19.35, 23.19), (13.57, 17.41)]]",16
"[[(18.1, 21.94), (20.17, 24.01)]]",12
"[[(13.19, 17.03), (21.56, 25.4)]]",16
"[[(27.52, 31.0), (2.3, 6.14)]]",16
"[[(24.07, 27.91), (27.02, 30.86)]]",9
"[[(4.85, 8.69), (24.31, 28.15)]]",16
"[[(4.47, 8.309999999999999), (26.56, 30.4)]]",16
"[[(21.58, 25.419999999999998), (11.61, 15.45)]]",16
"[[(5.63, 9.469999999999999), (20.29, 24.13)]]",16
"[[(3.86, 7.699999999999999), (15.12, 18.96)]]",12
"[[(24.07, 27.91), (16.0, 19.84)]]",12
"[[(2.23, 6.07), (3.61, 7.449999999999999)]]",16
"[[(2.0, 5.84), (23.38, 27.22)]]",16
"[[(12.55, 16.39), (15.42, 19.259999999999998)]]",16
"[[(8.82, 12.66), (14.52, 18.36)]]",16
"[[(7.43, 11.27), (26.18, 30.02)]]",16
"[[(8.42, 12.26), (1.51, 5.35)]]",16
"[[(26.99, 30.83), (9.92, 13.76)]]",16
"[[(16.03, 19.87), (12.13, 15.97)]]",9
"[[(0.0, 3.8), (20.31, 24.15)]]",16
"[[(26.04, 29.88), (20.58, 24.419999999999998)]]",12
"[[(15.14, 18.98), (12.46, 16.3)]]",12
"[[(3.18, 7.02), (16.0, 19.84)]]",16
"[[(17.71, 21.55), (15.93, 19.77)]]",16
"[[(13.42, 17.259999999999998), (1.88, 5.72)]]",16
"[[(7.69, 11.530000000000001), (13.28, 17.119999999999997)]]",16
"[[(24.16, 28.0), (10.09, 13.93)]]",12
"[[(14.99, 18.83), (11.53, 15.37)]]",16
"[[(5.97, 9.809999999999999), (25.78, 29.62)]]",16
"[[(0.04, 3.88), (15.97, 19.810000000000002)]]",12
"[[(19.56, 23.4), (6.5, 10.34)]]",16
"[[(13.55, 17.39), (20.47, 24.31)]]",16
"[[(17.76, 21.6), (3.42, 7.26)]]",16
"[[(5.58, 9.42), (11.48, 15.32)]]",16
"[[(25.68, 29.52), (20.3, 24.14)]]",16
"[[(27.3, 31.0), (8.08, 11.92)]]",12
"[[(17.56, 21.4), (15.45, 19.29)]]",16
"[[(2.99, 6.83), (24.34, 28.18)]]",16
"[[(20.93, 24.77), (15.85, 19.689999999999998)]]",16
"[[(22.98, 26.82), (5.04, 8.879999999999999)]]",12
"[[(18.53, 22.37), (10.65, 14.49)]]",16
"[[(11.17, 15.01), (0.9, 4.74)]]",16
"[[(0.6, 4.4399999999999995), (21.27, 25.11)]]",16
"[[(9.92, 13.76), (3.53, 7.369999999999999)]]",16
"[[(7.6, 11.44), (8.47, 12.31)]]",16
"[[(27.17, 31.0), (8.44, 12.28)]]",16
"[[(19.63, 23.47), (2.93, 6.77)]]",16
"[[(8.02, 11.86), (26.95, 30.79)]]",12
"[[(26.47, 30.31), (4.11, 7.95)]]",12
"[[(0.0, 3.6199999999999997), (21.94, 25.78)]]",16
"[[(14.81, 18.65), (26.3, 30.14)]]",16
"[[(24.29, 28.13), (11.18, 15.02)]]",16
"[[(2.92, 6.76), (13.7, 17.54)]]",16
"[[(22.29, 26.13), (19.26, 23.1)]]",16
"[[(2.09, 5.93), (17.8, 21.64)]]",12
"[[(10.78, 14.62), (4.15, 7.99)]]",12
"[[(19.58, 23.419999999999998), (4.13, 7.97)]]",12
"[[(20.67, 24.51), (3.11, 6.949999999999999)]]",12
"[[(5.22, 9.059999999999999), (25.87, 29.71)]]",16
"[[(7.89, 11.73), (15.76, 19.6)]]",16
"[[(10.41, 14.25), (4.78, 8.620000000000001)]]",16
"[[(25.44, 29.28), (9.96, 13.8)]]",16
"[[(7.97, 11.809999999999999), (26.92, 30.76)]]",16
"[[(4.71, 8.55), (13.95, 17.79)]]",16
"[[(19.03, 22.87), (6.92, 10.76)]]",12
"[[(20.44, 24.28), (18.8, 22.64)]]",16
"[[(13.02, 16.86), (7.45, 11.29)]]",12
"[[(22.15, 25.99), (10.06, 13.9)]]",9
"[[(24.98, 28.82), (14.29, 18.13)]]",16
"[[(10.35, 14.19), (15.92, 19.759999999999998)]]",16
"[[(15.59, 19.43), (24.31, 28.15)]]",16
"[[(10.89, 14.73), (25.47, 29.31)]]",16
"[[(4.52, 8.36), (21.36, 25.2)]]",16
"[[(14.3, 18.14), (15.4, 19.240000000000002)]]",16
"[[(18.36, 22.2), (23.65, 27.49)]]",16
"[[(23.29, 27.13), (7.28, 11.120000000000001)]]",16
"[[(15.1, 18.939999999999998), (0.48, 4.32)]]",12
"[[(4.5, 8.34), (12.79, 16.63)]]",16
"[[(18.09, 21.93), (5.49, 9.33)]]",12
"[[(12.65, 16.490000000000002), (21.96, 25.8)]]",16
"[[(24.7, 28.54), (17.71, 21.55)]]",16
"[[(20.97, 24.81), (23.32, 27.16)]]",16
"[[(6.89, 10.73), (14.04, 17.88)]]",12
"[[(23.85, 27.69), (22.99, 26.83)]]",16
"[[(15.97, 19.810000000000002), (21.3, 25.14)]]",16
"[[(25.68, 29.52), (12.4, 16.240000000000002)]]",16
"[[(17.61, 21.45), (10.56, 14.4)]]",16
"[[(20.53, 24.37), (0.08, 3.92)]]",12
"[[(8.26, 12.1), (26.1, 29.94)]]",12
"[[(23.58, 27.419999999999998), (5.36, 9.2)]]",16
"[[(13.32, 17.16), (25.98, 29.82)]]",16
"[[(17.53, 21.37), (17.01, 20.85)]]",12
"[[(24.37, 28.21), (13.47, 17.310000000000002)]]",16
"[[(10.74, 14.58), (2.94, 6.779999999999999)]]",16
"[[(4.73, 8.57), (10.5, 14.34)]]",16
"[[(18.58, 22.419999999999998), (24.9, 28.74)]]",16
"[[(1.3, 5.14), (5.57, 9.41)]]",16
"[[(20.95, 24.79), (16.1, 19.94)]]",12
"[[(7.8, 11.64), (8.47, 12.31)]]",16
"[[(22.69, 26.53), (0.13, 3.9699999999999998)]]",12
"[[(4.53, 8.370000000000001), (3.8, 7.64)]]",16
"[[(16.46, 20.3), (21.39, 25.23)]]",16
"[[(6.97, 10.809999999999999), (5.28, 9.120000000000001)]]",16
"[[(1.0, 4.84), (8.26, 12.1)]]",16
"[[(12.02, 15.86), (10.46, 14.3)]]",12
"[[(23.14, 26.98), (14.39, 18.23)]]",12
"[[(4.89, 8.73), (8.52, 12.36)]]",16
"[[(5.96, 9.8), (27.27, 31.0)]]",16
"[[(0.0, 3.6199999999999997), (13.24, 17.08)]]",16
"[[(6.31, 10.149999999999999), (18.78, 22.62)]]",16
"[[(4.02, 7.859999999999999), (0.0, 3.6399999999999997)]]",12
"[[(15.79, 19.63), (9.8, 13.64)]]",16
"[[(19.58, 23.419999999999998), (27.61, 31.0)]]",16
"[[(7.99, 11.83), (17.62, 21.46)]]",16
"[[(8.73, 12.57), (12.05, 15.89)]]",12
"[[(25.97, 29.81), (4.18, 8.02)]]",16
"[[(0.0, 3.71), (25.92, 29.76)]]",16
"[[(5.88, 9.719999999999999), (21.73, 25.57)]]",16
"[[(22.5, 26.34), (23.94, 27.78)]]",16
"[[(10.17, 14.01), (20.08, 23.919999999999998)]]",12
"[[(4.77, 8.61), (2.57, 6.41)]]",16
"[[(21.66, 25.5), (11.69, 15.53)]]",16
"[[(18.92, 22.76), (18.43, 22.27)]]",16
"[[(22.68, 26.52), (5.59, 9.43)]]",16
"[[(4.7, 8.54), (15.66, 19.5)]]",16
"[[(19.82, 23.66), (20.01, 23.85)]]",12
"[[(9.42, 13.26), (13.51, 17.35)]]",16
"[[(26.11, 29.95), (26.08, 29.919999999999998)]]",9
"[[(7.64, 11.48), (24.11, 27.95)]]",12
"[[(1.08, 4.92), (23.28, 27.12)]]",12
"[[(10.89, 14.73), (11.49, 15.33)]]",16
"[[(19.61, 23.45), (6.34, 10.18)]]",16
"[[(5.34, 9.18), (22.0, 25.84)]]",16
"[[(19.11, 22.95), (15.85, 19.689999999999998)]]",12
"[[(7.37, 11.21), (27.11, 30.95)]]",12
"[[(23.59, 27.43), (6.77, 10.61)]]",16
"[[(21.31, 25.15), (5.83, 9.67)]]",16
"[[(25.4, 29.24), (14.67, 18.509999999999998)]]",16
"[[(15.48, 19.32), (8.63, 12.47)]]",16
"[[(10.18, 14.02), (11.07, 14.91)]]",12
"[[(10.0, 13.84), (27.58, 31.0)]]",16
"[[(11.81, 15.65), (0.14, 3.98)]]",12
"[[(17.53, 21.37), (0.0, 3.38)]]",16
"[[(26.31, 30.15), (14.32, 18.16)]]",16
"[[(23.54, 27.38), (19.64, 23.48)]]",16
"[[(5.29, 9.129999999999999), (16.54, 20.38)]]",16
"[[(22.76, 26.6), (13.68, 17.52)]]",16
"[[(24.79, 28.63), (8.72, 12.56)]]",16
"[[(21.12, 24.96), (11.87, 15.709999999999999)]]",12
"[[(23.77, 27.61), (6.91, 10.75)]]",16
"[[(1.43, 5.27), (1.02, 4.859999999999999)]]",12
"[[(20.4, 24.24), (14.65, 18.490000000000002)]]",16
"[[(26.92, 30.76), (17.86, 21.7)]]",16
"[[(15.42, 19.259999999999998), (19.59, 23.43)]]",16
"[[(0.59, 4.43), (24.13, 27.97)]]",12
"[[(5.65, 9.49), (11.33, 15.17)]]",16
"[[(0.36, 4.2), (2.59, 6.43)]]",16
"[[(13.4, 17.240000000000002), (10.23, 14.07)]]",16
"[[(20.29, 24.13), (2.4, 6.24)]]",16
"[[(5.14, 8.98), (19.01, 22.85)]]",9
"[[(20.57, 24.41), (6.7, 10.54)]]",16
"[[(20.88, 24.72), (25.49, 29.33)]]",16
"[[(7.24, 11.08), (6.81, 10.649999999999999)]]",16
"[[(17.69, 21.53), (25.9, 29.74)]]",16
"[[(16.61, 20.45), (22.94, 26.78)]]",16
"[[(11.91, 15.75), (4.85, 8.69)]]",16
"[[(9.72, 13.56), (19.19, 23.03)]]",16
"[[(22.84, 26.68), (19.29, 23.13)]]",16
"[[(15.4, 19.240000000000002), (15.33, 19.17)]]",16
"[[(16.99, 20.83), (22.52, 26.36)]]",16
"[[(24.94, 28.78), (0.47, 4.31)]]",16
"[[(16.79, 20.63), (13.82, 17.66)]]",16
"[[(17.12, 20.96), (20.22, 24.06)]]",12
"[[(18.2, 22.04), (11.14, 14.98)]]",12
"[[(26.38, 30.22), (11.75, 15.59)]]",16
"[[(21.44, 25.28), (1.99, 5.83)]]",16
"[[(11.85, 15.69), (21.43, 25.27)]]",16
"[[(5.35, 9.19), (16.22, 20.06)]]",16
"[[(19.33, 23.169999999999998), (27.59, 31.0)]]",16
"[[(12.76, 16.6), (4.03, 7.87)]]",12
"[[(23.33, 27.169999999999998), (0.0, 3.59)]]",16
"[[(24.39, 28.23), (24.32, 28.16)]]",16
"[[(0.0, 3.6399999999999997), (0.34, 4.18)]]",16
"[[(17.13, 20.97), (3.31, 7.15)]]",12
"[[(23.85, 27.69), (14.66, 18.5)]]",16
"[[(5.35, 9.19), (1.48, 5.32)]]",16
"[[(12.49, 16.33), (23.68, 27.52)]]",16
"[[(14.68, 18.52), (18.26, 22.1)]]",16
"[[(24.7, 28.54), (15.37, 19.21)]]",16
"[[(7.62, 11.46), (27.37, 31.0)]]",16
"[[(1.25, 5.09), (26.36, 30.2)]]",16
"[[(13.97, 17.810000000000002), (16.7, 20.54)]]",16
"[[(12.52, 16.36), (25.1, 28.94)]]",12
"[[(7.55, 11.39), (11.43, 15.27)]]",16
"[[(18.18, 22.02), (16.8, 20.64)]]",16
"[[(10.03, 13.87), (11.94, 15.78)]]",12
"[[(3.08, 6.92), (1.02, 4.859999999999999)]]",9
"[[(8.34, 12.18), (8.89, 12.73)]]",16
"[[(4.32, 8.16), (16.68, 20.52)]]",16
"[[(24.78, 28.62), (18.49, 22.33)]]",16
"[[(18.84, 22.68), (10.16, 14.0)]]",16
"[[(20.13, 23.97), (20.38, 24.22)]]",12
"[[(18.02, 21.86), (7.74, 11.58)]]",12
"[[(20.03, 23.87), (18.33, 22.169999999999998)]]",12
"[[(26.49, 30.33), (14.41, 18.25)]]",16
"[[(24.32, 28.16), (8.68, 12.52)]]",16
"[[(27.16, 31.0), (18.05, 21.89)]]",12
"[[(6.81, 10.649999999999999), (8.16, 12.0)]]",16
"[[(13.62, 17.46), (23.2, 27.04)]]",16
"[[(10.7, 14.54), (16.18, 20.02)]]",16
"[[(14.9, 18.740000000000002), (25.47, 29.31)]]",16
"[[(10.48, 14.32), (5.81, 9.649999999999999)]]",16
"[[(4.8, 8.64), (25.52, 29.36)]]",16
"[[(14.48, 18.32), (13.44, 17.28)]]",16
"[[(14.89, 18.73), (0.22, 4.06)]]",16
"[[(1.69, 5.529999999999999), (25.31, 29.15)]]",16
"[[(20.48, 24.32), (5.1, 8.94)]]",12
"[[(0.82, 4.66), (12.37, 16.21)]]",16
"[[(3.92, 7.76), (22.18, 26.02)]]",16
"[[(26.27, 30.11), (17.23, 21.07)]]",16
"[[(8.83, 12.67), (21.75, 25.59)]]",16
"[[(22.32, 26.16), (23.29, 27.13)]]",16
"[[(9.02, 12.86), (3.51, 7.35)]]",12
"[[(1.1, 4.9399999999999995), (0.51, 4.35)]]",12
"[[(4.3, 8.14), (18.8, 22.64)]]",16
"[[(3.58, 7.42), (13.99, 17.83)]]",16
"[[(11.01, 14.85), (17.59, 21.43)]]",12
"[[(5.68, 9.52), (14.06, 17.9)]]",12
"[[(16.82, 20.66), (6.08, 9.92)]]",12
"[[(7.17, 11.01), (16.57, 20.41)]]",16
"[[(4.4, 8.24), (24.89, 28.73)]]",16
"[[(13.44, 17.28), (15.71, 19.55)]]",16
"[[(0.84, 4.68), (1.82, 5.66)]]",16
"[[(21.25, 25.09), (9.51, 13.35)]]",16
"[[(26.69, 30.53), (15.19, 19.03)]]",16
"[[(4.47, 8.309999999999999), (11.14, 14.98)]]",12
"[[(1.65, 5.49), (13.4, 17.240000000000002)]]",16
"[[(2.26, 6.1), (22.98, 26.82)]]",16
"[[(10.7, 14.54), (10.96, 14.8)]]",16
"[[(2.29, 6.13), (5.62, 9.46)]]",16
"[[(8.53, 12.37), (14.09, 17.93)]]",12
"[[(8.8, 12.64), (15.59, 19.43)]]",16
"[[(10.63, 14.47), (10.57, 14.41)]]",16
"[[(25.44, 29.28), (10.28, 14.12)]]",16
"[[(23.52, 27.36), (26.32, 30.16)]]",16
"[[(1.06, 4.9), (15.05, 18.89)]]",9
"[[(15.41, 19.25), (20.83, 24.669999999999998)]]",16
"[[(26.34, 30.18), (12.66, 16.5)]]",16
"[[(6.53, 10.370000000000001), (3.78, 7.619999999999999)]]",16
"[[(14.54, 18.38), (27.38, 31.0)]]",16
"[[(10.03, 13.87), (27.54, 31.0)]]",12
"[[(8.73, 12.57), (8.13, 11.97)]]",12
"[[(0.13, 3.9699999999999998), (5.42, 9.26)]]",12
"[[(11.88, 15.72), (9.85, 13.69)]]",16
"[[(15.66, 19.5), (27.66, 31.0)]]",16
"[[(22.27, 26.11), (25.23, 29.07)]]",16
"[[(24.84, 28.68), (16.71, 20.55)]]",16
"[[(18.39, 22.23), (10.3, 14.14)]]",16
"[[(11.19, 15.03), (14.36, 18.2)]]",16
"[[(18.73, 22.57), (2.44, 6.279999999999999)]]",16
"[[(3.95, 7.79), (12.55, 16.39)]]",16
"[[(24.75, 28.59), (3.76, 7.6)]]",16
"[[(4.43, 8.27), (16.52, 20.36)]]",16
"[[(12.52, 16.36), (8.21, 12.05)]]",16
"[[(6.67, 10.51), (18.26, 22.1)]]",16
"[[(9.69, 13.53), (7.71, 11.55)]]",16
"[[(11.31, 15.15), (10.27, 14.11)]]",16
"[[(13.84, 17.68), (3.72, 7.5600000000000005)]]",16
"[[(27.07, 30.91), (19.84, 23.68)]]",12
"[[(7.81, 11.649999999999999), (21.37, 25.21)]]",16
"[[(15.99, 19.83), (15.25, 19.09)]]",16
"[[(18.35, 22.19), (27.33, 31.0)]]",16
"[[(27.53, 31.0), (3.59, 7.43)]]",16
"[[(6.74, 10.58), (19.37, 23.21)]]",16
"[[(26.93, 30.77), (3.76, 7.6)]]",16
"[[(23.67, 27.51), (5.71, 9.55)]]",16
"[[(25.2, 29.04), (4.72, 8.559999999999999)]]",16
"[[(26.07, 29.91), (16.42, 20.26)]]",12
"[[(2.84, 6.68), (27.6, 31.0)]]",16
"[[(16.24, 20.08), (16.56, 20.4)]]",16
"[[(8.54, 12.379999999999999), (17.51, 21.35)]]",16
"[[(9.11, 12.95), (13.7, 17.54)]]",12
"[[(27.06, 30.9), (9.65, 13.49)]]",12
"[[(17.62, 21.46), (7.96, 11.8)]]",16
"[[(6.11, 9.95), (11.88, 15.72)]]",12
"[[(12.23, 16.07), (21.84, 25.68)]]",16
"[[(8.55, 12.39), (5.26, 9.1)]]",16
"[[(1.41, 5.25), (14.41, 18.25)]]",16
"[[(6.29, 10.129999999999999), (4.02, 7.859999999999999)]]",12
"[[(7.99, 11.83), (23.01, 26.85)]]",12
"[[(19.46, 23.3), (12.82, 16.66)]]",16
"[[(5.45, 9.29), (25.24, 29.08)]]",16
"[[(4.47, 8.309999999999999), (18.34, 22.18)]]",16
"[[(22.55, 26.39), (26.63, 30.47)]]",16
"[[(12.13, 15.97), (16.03, 19.87)]]",9
"[[(11.75, 15.59), (14.83, 18.67)]]",16
"[[(8.98, 12.82), (3.55, 7.39)]]",16
"[[(12.43, 16.27), (10.53, 14.37)]]",16
"[[(11.47, 15.31), (20.03, 23.87)]]",12
"[[(24.91, 28.75), (22.14, 25.98)]]",12
"[[(26.63, 30.47), (4.67, 8.51)]]",16
"[[(18.8, 22.64), (9.71, 13.55)]]",16
"[[(7.21, 11.05), (24.52, 28.36)]]",16
"[[(27.62, 31.0), (4.85, 8.69)]]",16
"[[(4.57, 8.41), (17.21, 21.05)]]",16
"[[(4.6, 8.44), (13.06, 16.9)]]",12
"[[(24.08, 27.919999999999998), (6.3, 10.14)]]",12
"[[(9.28, 13.12), (9.41, 13.25)]]",16
"[[(3.84, 7.68), (16.13, 19.97)]]",12
"[[(22.83, 26.669999999999998), (19.98, 23.82)]]",16
"[[(25.68, 29.52), (23.9, 27.74)]]",16
"[[(7.42, 11.26), (5.2, 9.04)]]",16
"[[(10.46, 14.3), (13.47, 17.310000000000002)]]",16
"[[(2.1, 5.9399999999999995), (1.04, 4.88)]]",9
"[[(11.12, 14.959999999999999), (18.73, 22.57)]]",12
"[[(22.07, 25.91), (6.46, 10.3)]]",12
"[[(1.14, 4.9799999999999995), (24.1, 27.94)]]",9
"[[(26.41, 30.25), (5.85, 9.69)]]",16
"[[(13.57, 17.41), (14.84, 18.68)]]",16
"[[(16.15, 19.99), (0.3, 4.14)]]",12
"[[(25.16, 29.0), (27.57, 31.0)]]",16
"[[(7.21, 11.05), (1.72, 5.56)]]",16
"[[(11.14, 14.98), (6.58, 10.42)]]",12
"[[(11.95, 15.79), (26.06, 29.9)]]",12
"[[(2.47, 6.3100000000000005), (0.0, 3.52)]]",16
"[[(21.92, 25.76), (23.28, 27.12)]]",16
"[[(25.46, 29.3), (19.41, 23.25)]]",16
"[[(8.21, 12.05), (12.81, 16.65)]]",16
"[[(5.6, 9.44), (18.57, 22.41)]]",16
"[[(26.5, 30.34), (7.18, 11.02)]]",16
"[[(3.8, 7.64), (9.51, 13.35)]]",16
"[[(11.04, 14.879999999999999), (22.75, 26.59)]]",12
"[[(26.56, 30.4), (0.0, 3.8)]]",16
"[[(19.25, 23.09), (7.13, 10.969999999999999)]]",12
"[[(2.14, 5.98), (11.91, 15.75)]]",12
"[[(4.57, 8.41), (15.46, 19.3)]]",16
"[[(26.4, 30.24), (4.76, 8.6)]]",16
"[[(22.22, 26.06), (4.88, 8.719999999999999)]]",16
"[[(0.22, 4.06), (4.33, 8.17)]]",16
"[[(19.49, 23.33), (27.19, 31.0)]]",16
"[[(10.98, 14.82), (10.66, 14.5)]]",16
"[[(7.66, 11.5), (12.18, 16.02)]]",16
"[[(8.31, 12.15), (2.47, 6.3100000000000005)]]",16
"[[(17.44, 21.28), (0.81, 4.65)]]",16
"[[(18.87, 22.71), (10.05, 13.89)]]",12
"[[(25.19, 29.03), (15.46, 19.3)]]",16
"[[(11.15, 14.99), (21.38, 25.22)]]",12
"[[(20.97, 24.81), (27.24, 31.0)]]",16
"[[(18.34, 22.18), (4.67, 8.51)]]",16
"[[(11.02, 14.86), (17.35, 21.19)]]",12
"[[(18.12, 21.96), (3.57, 7.41)]]",12
"[[(13.04, 16.88), (2.1, 5.9399999999999995)]]",9
"[[(8.49, 12.33), (13.59, 17.43)]]",16
"[[(17.61, 21.45), (20.23, 24.07)]]",16
"[[(22.79, 26.63), (8.97, 12.81)]]",16
"[[(25.63, 29.47), (22.56, 26.4)]]",16
"[[(18.06, 21.9), (21.03, 24.87)]]",9
"[[(7.29, 11.129999999999999), (27.12, 30.96)]]",12
"[[(25.8, 29.64), (3.66, 7.5)]]",16
"[[(7.81, 11.649999999999999), (11.25, 15.09)]]",16
"[[(17.52, 21.36), (2.62, 6.46)]]",16
"[[(15.5, 19.34), (20.32, 24.16)]]",16
"[[(4.73, 8.57), (25.63, 29.47)]]",16
"[[(25.19, 29.03), (3.05, 6.89)]]",12
"[[(20.63, 24.47), (17.99, 21.83)]]",16
"[[(8.23, 12.07), (7.15, 10.99)]]",12
"[[(6.86, 10.7), (24.33, 28.169999999999998)]]",16
"[[(19.5, 23.34), (12.42, 16.259999999999998)]]",16
"[[(17.62, 21.46), (0.4, 4.24)]]",16
"[[(20.42, 24.26), (15.62, 19.46)]]",16
"[[(7.43, 11.27), (8.79, 12.629999999999999)]]",16
"[[(12.71, 16.55), (25.84, 29.68)]]",16
"[[(17.43, 21.27), (21.5, 25.34)]]",16
"[[(18.18, 22.02), (20.5, 24.34)]]",16
"[[(9.68, 13.52), (17.41, 21.25)]]",16
"[[(21.74, 25.58), (22.53, 26.37)]]",16
"[[(22.65, 26.49), (8.73, 12.57)]]",16
"[[(23.05, 26.89), (15.66, 19.5)]]",12
"[[(12.9, 16.740000000000002), (25.45, 29.29)]]",16
"[[(2.96, 6.8), (10.04, 13.879999999999999)]]",12
"[[(22.98, 26.82), (26.97, 30.81)]]",16
"[[(0.35, 4.1899999999999995), (17.52, 21.36)]]",16
"[[(5.0, 8.84), (20.9, 24.74)]]",16
"[[(23.15, 26.99), (2.93, 6.77)]]",12
"[[(0.0, 3.38), (9.99, 13.83)]]",16
"[[(18.08, 21.919999999999998), (18.36, 22.2)]]",12
"[[(25.23, 29.07), (10.89, 14.73)]]",16
"[[(8.89, 12.73), (13.35, 17.189999999999998)]]",16
"[[(26.0, 29.84), (15.07, 18.91)]]",12
"[[(21.99, 25.83), (7.3, 11.14)]]",16
"[[(25.64, 29.48), (1.96, 5.8)]]",16
"[[(24.41, 28.25), (0.0, 3.34)]]",16
"[[(5.13, 8.969999999999999), (5.27, 9.11)]]",12
"[[(18.58, 22.419999999999998), (9.98, 13.82)]]",16
"[[(9.38, 13.22), (20.68, 24.52)]]",16
"[[(17.34, 21.18), (25.28, 29.12)]]",16
"[[(13.09, 16.93), (24.03, 27.87)]]",9
"[[(10.85, 14.69), (8.37, 12.209999999999999)]]",16
"[[(7.33, 11.17), (13.51, 17.35)]]",16
"[[(15.2, 19.04), (3.65, 7.49)]]",16
"[[(1.32, 5.16), (1.56, 5.4)]]",16
"[[(26.73, 30.57), (4.92, 8.76)]]",16
"[[(9.68, 13.52), (11.21, 15.05)]]",16
"[[(0.46, 4.3), (1.94, 5.779999999999999)]]",16
"[[(25.37, 29.21), (8.43, 12.27)]]",16
"[[(27.11, 30.95), (4.66, 8.5)]]",12
"[[(7.56, 11.399999999999999), (10.16, 14.0)]]",16
"[[(10.88, 14.72), (12.45, 16.29)]]",16
"[[(24.38, 28.22), (25.27, 29.11)]]",16
"[[(8.5, 12.34), (20.05, 23.89)]]",12
"[[(14.77, 18.61), (4.69, 8.530000000000001)]]",16
"[[(10.31, 14.15), (4.31, 8.149999999999999)]]",16
"[[(6.08, 9.92), (19.61, 23.45)]]",12
"[[(18.54, 22.38), (8.81, 12.65)]]",16
"[[(16.29, 20.13), (23.82, 27.66)]]",16
"[[(0.0, 3.48), (26.96, 30.8)]]",16
"[[(9.19, 13.03), (25.16, 29.0)]]",16
"[[(6.23, 10.07), (8.37, 12.209999999999999)]]",16
"[[(24.94, 28.78), (0.12, 3.96)]]",12
"[[(21.49, 25.33), (6.18, 10.02)]]",16
"[[(16.78, 20.62), (10.19, 14.03)]]",16
"[[(9.88, 13.72), (0.98, 4.82)]]",16
"[[(16.91, 20.75), (9.76, 13.6)]]",16
"[[(0.76, 4.6), (21.64, 25.48)]]",16
"[[(26.11, 29.95), (13.75, 17.59)]]",12
"[[(11.4, 15.24), (17.85, 21.69)]]",16
"[[(16.9, 20.74), (12.87, 16.71)]]",16
"[[(9.44, 13.28), (1.95, 5.79)]]",16
"[[(9.2, 13.04), (14.6, 18.439999999999998)]]",16
"[[(13.21, 17.05), (20.11, 23.95)]]",12
"[[(22.28, 26.12), (26.38, 30.22)]]",16
"[[(15.81, 19.65), (20.94, 24.78)]]",16
"[[(15.25, 19.09), (21.94, 25.78)]]",16
"[[(3.62, 7.46), (4.46, 8.3)]]",16
"[[(19.29, 23.13), (14.55, 18.39)]]",16
"[[(19.36, 23.2), (22.85, 26.69)]]",16
"[[(5.36, 9.2), (24.22, 28.06)]]",16
"[[(14.06, 17.9), (9.36, 13.2)]]",12
"[[(10.87, 14.709999999999999), (12.39, 16.23)]]",16
"[[(13.32, 17.16), (12.76, 16.6)]]",16
"[[(1.88, 5.72), (10.38, 14.22)]]",16
"[[(21.33, 25.169999999999998), (15.05, 18.89)]]",12
"[[(21.05, 24.89), (12.04, 15.879999999999999)]]",9
"[[(24.95, 28.79), (27.02, 30.86)]]",12
"[[(4.21, 8.05), (13.52, 17.36)]]",16
"[[(8.48, 12.32), (0.6, 4.4399999999999995)]]",16
"[[(15.72, 19.560000000000002), (4.7, 8.54)]]",16
"[[(20.82, 24.66), (6.59, 10.43)]]",16
"[[(13.79, 17.63), (11.09, 14.93)]]",12
"[[(9.84, 13.68), (2.45, 6.29)]]",16
"[[(16.47, 20.31), (22.31, 26.15)]]",16
"[[(23.85, 27.69), (21.58, 25.419999999999998)]]",16
"[[(5.21, 9.05), (21.42, 25.26)]]",16
"[[(11.78, 15.62), (10.78, 14.62)]]",16
"[[(23.87, 27.71), (17.24, 21.08)]]",16
"[[(9.59, 13.43), (0.0, 3.7399999999999998)]]",16
"[[(22.84, 26.68), (12.53, 16.369999999999997)]]",16
"[[(21.15, 24.99), (23.39, 27.23)]]",12
"[[(20.97, 24.81), (0.37, 4.21)]]",16
"[[(0.0, 3.42), (27.58, 31.0)]]",16
"[[(21.47, 25.31), (9.89, 13.73)]]",16
"[[(0.79, 4.63), (7.55, 11.39)]]",16
"[[(13.52, 17.36), (6.22, 10.059999999999999)]]",16
"[[(13.14, 16.98), (2.0, 5.84)]]",12
"[[(3.09, 6.93), (20.34, 24.18)]]",12
"[[(24.7, 28.54), (26.69, 30.53)]]",16
"[[(15.13, 18.97), (8.64, 12.48)]]",12
"[[(0.5, 4.34), (27.38, 31.0)]]",16
"[[(16.41, 20.25), (14.08, 17.92)]]",12
"[[(24.15, 27.99), (11.33, 15.17)]]",12
"[[(13.2, 17.04), (9.85, 13.69)]]",16
"[[(0.68, 4.52), (19.53, 23.37)]]",16
"[[(22.3, 26.14), (21.03, 24.87)]]",12
"[[(8.61, 12.45), (24.99, 28.83)]]",16
"[[(7.29, 11.129999999999999), (15.69, 19.53)]]",16
"[[(9.58, 13.42), (25.14, 28.98)]]",12
"[[(26.59, 30.43), (7.48, 11.32)]]",16
"[[(17.44, 21.28), (24.75, 28.59)]]",16
"[[(9.87, 13.709999999999999), (8.07, 11.91)]]",12
"[[(21.43, 25.27), (6.5, 10.34)]]",16
"[[(26.04, 29.88), (26.97, 30.81)]]",12
"[[(25.63, 29.47), (5.13, 8.969999999999999)]]",12
"[[(17.75, 21.59), (20.79, 24.63)]]",16
"[[(7.74, 11.58), (7.7, 11.54)]]",16
"[[(19.33, 23.169999999999998), (9.79, 13.629999999999999)]]",16
"[[(24.21, 28.05), (11.79, 15.629999999999999)]]",16
"[[(24.11, 27.95), (12.63, 16.47)]]",12
"[[(3.73, 7.57), (13.42, 17.259999999999998)]]",16
"[[(20.59, 24.43), (9.95, 13.79)]]",16
"[[(7.12, 10.96), (9.77, 13.61)]]",12
"[[(6.25, 10.09), (7.9, 11.74)]]",16
"[[(1.49, 5.33), (22.26, 26.1)]]",16
"[[(18.81, 22.65), (9.33, 13.17)]]",16
"[[(1.56, 5.4), (19.16, 23.0)]]",16
"[[(11.35, 15.19), (13.78, 17.619999999999997)]]",16
"[[(21.18, 25.02), (8.07, 11.91)]]",12
"[[(18.02, 21.86), (5.35, 9.19)]]",12
"[[(2.03, 5.869999999999999), (17.34, 21.18)]]",12
"[[(27.53, 31.0), (17.62, 21.46)]]",16
"[[(14.51, 18.35), (24.84, 28.68)]]",16
"[[(24.36, 28.2), (1.93, 5.77)]]",16
"[[(0.0, 3.55), (2.32, 6.16)]]",16
"[[(5.32, 9.16), (12.16, 16.0)]]",16
"[[(1.81, 5.65), (25.31, 29.15)]]",16
"[[(7.4, 11.24), (20.26, 24.1)]]",16
"[[(19.35, 23.19), (9.92, 13.76)]]",16
"[[(20.66, 24.5), (10.37, 14.209999999999999)]]",16
"[[(8.75, 12.59), (15.24, 19.08)]]",16
"[[(17.93, 21.77), (7.22, 11.059999999999999)]]",16
"[[(22.55, 26.39), (27.15, 30.99)]]",12
"[[(7.14, 10.98), (8.49, 12.33)]]",12
"[[(14.44, 18.28), (16.19, 20.03)]]",16
"[[(17.57, 21.41), (1.3, 5.14)]]",16
"[[(1.17, 5.01), (18.2, 22.04)]]",16
"[[(9.04, 12.879999999999999), (11.84, 15.68)]]",12
"[[(5.86, 9.7), (26.05, 29.89)]]",12
"[[(6.9, 10.74), (16.5, 20.34)]]",16
"[[(9.77, 13.61), (15.96, 19.8)]]",16
"[[(13.19, 17.03), (26.37, 30.21)]]",16
"[[(11.8, 15.64), (25.93, 29.77)]]",16
"[[(21.61, 25.45), (24.85, 28.69)]]",16
"[[(4.4, 8.24), (18.06, 21.9)]]",12
"[[(6.44, 10.280000000000001), (9.76, 13.6)]]",16
"[[(0.03, 3.8699999999999997), (7.41, 11.25)]]",12
"[[(3.03, 6.869999999999999), (8.78, 12.62)]]",12
"[[(15.77, 19.61), (2.3, 6.14)]]",16
"[[(26.63, 30.47), (3.8, 7.64)]]",16
"[[(5.72, 9.559999999999999), (15.84, 19.68)]]",16
"[[(11.79, 15.629999999999999), (26.57, 30.41)]]",16
"[[(12.68, 16.52), (26.68, 30.52)]]",16
"[[(15.93, 19.77), (1.63, 5.47)]]",16
"[[(2.47, 6.3100000000000005), (14.34, 18.18)]]",16
"[[(11.04, 14.879999999999999), (19.94, 23.78)]]",12
"[[(0.81, 4.65), (18.58, 22.419999999999998)]]",16
"[[(13.99, 17.83), (4.24, 8.08)]]",16
"[[(1.16, 5.0), (19.19, 23.03)]]",16
"[[(6.78, 10.620000000000001), (8.33, 12.17)]]",16
"[[(19.51, 23.35), (9.92, 13.76)]]",16
"[[(26.15, 29.99), (18.24, 22.08)]]",12
"[[(24.4, 28.24), (21.93, 25.77)]]",16
"[[(2.9, 6.74), (15.79, 19.63)]]",16
"[[(7.36, 11.2), (5.65, 9.49)]]",16
"[[(25.9, 29.74), (26.4, 30.24)]]",16
"[[(22.02, 25.86), (1.03, 4.87)]]",9
"[[(23.21, 27.05), (25.97, 29.81)]]",16
"[[(5.82, 9.66), (17.49, 21.33)]]",16
"[[(20.16, 24.0), (8.21, 12.05)]]",16
"[[(17.56, 21.4), (4.12, 7.96)]]",12
"[[(26.93, 30.77), (9.78, 13.62)]]",16
"[[(20.1, 23.94), (16.06, 19.9)]]",9
"[[(14.66, 18.5), (17.67, 21.51)]]",16
"[[(5.99, 9.83), (23.13, 26.97)]]",12
"[[(27.32, 31.0), (8.68, 12.52)]]",16
"[[(6.75, 10.59), (14.87, 18.71)]]",16
"[[(21.2, 25.04), (6.03, 9.870000000000001)]]",12
"[[(21.29, 25.13), (23.24, 27.08)]]",16
"[[(20.52, 24.36), (2.64, 6.48)]]",16
"[[(15.9, 19.740000000000002), (23.11, 26.95)]]",12
"[[(26.92, 30.76), (10.68, 14.52)]]",16
"[[(17.32, 21.16), (21.45, 25.29)]]",16
"[[(11.67, 15.51), (19.3, 23.14)]]",16
"[[(15.13, 18.97), (1.55, 5.39)]]",12
"[[(6.32, 10.16), (27.02, 30.86)]]",12
"[[(20.7, 24.54), (4.67, 8.51)]]",16
"[[(1.86, 5.7), (20.64, 24.48)]]",16
"[[(17.46, 21.3), (10.41, 14.25)]]",16
"[[(23.69, 27.53), (5.03, 8.870000000000001)]]",12
"[[(15.29, 19.13), (27.65, 31.0)]]",16
"[[(10.48, 14.32), (15.21, 19.05)]]",16
"[[(13.28, 17.119999999999997), (15.74, 19.58)]]",16
"[[(12.32, 16.16), (0.52, 4.359999999999999)]]",16
"[[(21.18, 25.02), (15.38, 19.22)]]",16
"[[(0.21, 4.05), (25.7, 29.54)]]",16
"[[(17.28, 21.12), (8.02, 11.86)]]",12
"[[(19.6, 23.44), (16.5, 20.34)]]",16
"[[(13.82, 17.66), (12.08, 15.92)]]",12
"[[(14.39, 18.23), (10.45, 14.29)]]",16
"[[(0.75, 4.59), (25.1, 28.94)]]",12
"[[(11.86, 15.7), (8.16, 12.0)]]",16
"[[(26.48, 30.32), (25.75, 29.59)]]",16
"[[(13.38, 17.22), (24.15, 27.99)]]",12
"[[(26.42, 30.26), (7.83, 11.67)]]",16
"[[(25.51, 29.35), (26.45, 30.29)]]",16
"[[(0.0, 3.79), (2.19, 6.029999999999999)]]",16
"[[(14.33, 18.17), (3.79, 7.63)]]",16
"[[(12.36, 16.2), (16.74, 20.58)]]",16
"[[(26.37, 30.21), (19.72, 23.56)]]",16
"[[(20.61, 24.45), (14.1, 17.939999999999998)]]",12
"[[(5.73, 9.57), (0.78, 4.62)]]",16
"[[(26.71, 30.55), (7.56, 11.399999999999999)]]",16
"[[(12.16, 16.0), (24.15, 27.99)]]",12
"[[(11.56, 15.4), (7.1, 10.94)]]",12
"[[(26.21, 30.05), (7.8, 11.64)]]",16
"[[(12.33, 16.17), (16.87, 20.71)]]",16
"[[(7.38, 11.219999999999999), (1.69, 5.529999999999999)]]",16
"[[(12.35, 16.189999999999998), (11.62, 15.459999999999999)]]",16
"[[(13.23, 17.07), (22.29, 26.13)]]",16
"[[(14.62, 18.46), (21.32, 25.16)]]",16
"[[(11.63, 15.47), (13.33, 17.17)]]",16
"[[(20.56, 24.4), (17.51, 21.35)]]",16
"[[(9.42, 13.26), (17.85, 21.69)]]",16
"[[(19.73, 23.57), (18.06, 21.9)]]",12
"[[(0.25, 4.09), (10.54, 14.379999999999999)]]",16
"[[(23.68, 27.52), (0.33, 4.17)]]",16
"[[(3.82, 7.66), (16.7, 20.54)]]",16
"[[(21.3, 25.14), (25.46, 29.3)]]",16
"[[(23.83, 27.669999999999998), (20.06, 23.9)]]",12
"[[(1.1, 4.9399999999999995), (8.98, 12.82)]]",12
"[[(11.15, 14.99), (3.72, 7.5600000000000005)]]",12
"[[(10.93, 14.77), (22.36, 26.2)]]",16
"[[(17.96, 21.8), (6.18, 10.02)]]",16
"[[(20.42, 24.26), (8.45, 12.29)]]",16
"[[(4.86, 8.7), (4.7, 8.54)]]",16
"[[(4.96, 8.8), (27.35, 31.0)]]",16
"[[(9.06, 12.9), (25.1, 28.94)]]",9
"[[(2.21, 6.05), (18.29, 22.13)]]",16
"[[(13.14, 16.98), (5.69, 9.530000000000001)]]",12
"[[(14.04, 17.88), (17.59, 21.43)]]",12
"[[(19.34, 23.18), (3.85, 7.6899999999999995)]]",16
"[[(17.82, 21.66), (23.71, 27.55)]]",16
"[[(4.3, 8.14), (3.2, 7.04)]]",16
"[[(23.81, 27.65), (14.35, 18.189999999999998)]]",16
"[[(21.79, 25.63), (20.79, 24.63)]]",16
"[[(26.52, 30.36), (5.46, 9.3)]]",16
"[[(21.17, 25.01), (20.93, 24.77)]]",16
"[[(1.0, 4.84), (23.27, 27.11)]]",16
"[[(23.66, 27.5), (15.89, 19.73)]]",16
"[[(19.89, 23.73), (18.54, 22.38)]]",16
"[[(23.48, 27.32), (18.23, 22.07)]]",16
"[[(24.08, 27.919999999999998), (11.09, 14.93)]]",9
"[[(4.03, 7.87), (20.71, 24.55)]]",12
"[[(6.85, 10.69), (24.3, 28.14)]]",16
"[[(7.44, 11.280000000000001), (19.48, 23.32)]]",16
"[[(10.92, 14.76), (19.08, 22.919999999999998)]]",12
"[[(24.23, 28.07), (17.71, 21.55)]]",16
"[[(17.33, 21.169999999999998), (17.68, 21.52)]]",16
"[[(0.0, 3.82), (21.88, 25.72)]]",16
"[[(9.14, 12.98), (26.58, 30.419999999999998)]]",12
"[[(3.96, 7.8), (14.22, 18.060000000000002)]]",16
"[[(15.74, 19.58), (21.51, 25.35)]]",16
"[[(14.69, 18.53), (0.0, 3.78)]]",16
"[[(1.7, 5.54), (6.65, 10.49)]]",16
"[[(2.31, 6.15), (1.93, 5.77)]]",16
"[[(0.0, 3.7199999999999998), (1.13, 4.97)]]",12
"[[(4.55, 8.39), (0.23, 4.07)]]",16
"[[(25.82, 29.66), (14.33, 18.17)]]",16
"[[(23.31, 27.15), (22.83, 26.669999999999998)]]",16
"[[(15.85, 19.689999999999998), (4.58, 8.42)]]",16
"[[(19.7, 23.54), (3.54, 7.38)]]",16
"[[(15.93, 19.77), (11.41, 15.25)]]",16
"[[(13.97, 17.810000000000002), (16.44, 20.28)]]",16
"[[(21.71, 25.55), (7.64, 11.48)]]",16
"[[(4.91, 8.75), (14.15, 17.990000000000002)]]",12
"[[(13.99, 17.83), (7.2, 11.04)]]",16
"[[(7.45, 11.29), (0.75, 4.59)]]",16
"[[(13.5, 17.34), (9.74, 13.58)]]",16
"[[(24.82, 28.66), (20.94, 24.78)]]",16
"[[(22.63, 26.47), (17.78, 21.62)]]",16
"[[(3.41, 7.25), (21.27, 25.11)]]",16
"[[(0.34, 4.18), (2.69, 6.529999999999999)]]",16
"[[(23.78, 27.62), (11.24, 15.08)]]",16
"[[(8.98, 12.82), (25.87, 29.71)]]",16
"[[(27.05, 30.89), (16.94, 20.78)]]",12
"[[(5.25, 9.09), (12.31, 16.15)]]",16
"[[(2.26, 6.1), (26.48, 30.32)]]",16
"[[(17.62, 21.46), (6.76, 10.6)]]",16
"[[(26.65, 30.49), (2.26, 6.1)]]",16
"[[(25.79, 29.63), (23.33, 27.169999999999998)]]",16
"[[(6.1, 9.94), (7.82, 11.66)]]",12
"[[(17.29, 21.13), (15.53, 19.369999999999997)]]",16
"[[(23.55, 27.39), (24.15, 27.99)]]",12
"[[(21.53, 25.37), (19.45, 23.29)]]",16
"[[(24.71, 28.55), (7.29, 11.129999999999999)]]",16
"[[(26.98, 30.82), (12.59, 16.43)]]",16
"[[(16.14, 19.98), (17.77, 21.61)]]",12
"[[(9.48, 13.32), (0.53, 4.37)]]",16
"[[(13.42, 17.259999999999998), (23.35, 27.19)]]",16
"[[(16.2, 20.04), (2.56, 6.4)]]",16
"[[(9.43, 13.27), (11.45, 15.29)]]",16
"[[(6.56, 10.399999999999999), (7.75, 11.59)]]",16
"[[(0.33, 4.17), (7.77, 11.61)]]",16
"[[(10.09, 13.93), (6.37, 10.21)]]",12
"[[(15.41, 19.25), (0.06, 3.9)]]",12
"[[(21.19, 25.03), (2.85, 6.6899999999999995)]]",16
"[[(15.48, 19.32), (19.65, 23.49)]]",16
"[[(25.4, 29.24), (21.07, 24.91)]]",12
"[[(16.36, 20.2), (18.29, 22.13)]]",16
"[[(8.81, 12.65), (1.9, 5.74)]]",16
"[[(14.64, 18.48), (14.32, 18.16)]]",16
"[[(16.31, 20.15), (27.38, 31.0)]]",16
"[[(14.32, 18.16), (12.2, 16.04)]]",16
"[[(7.4, 11.24), (23.69, 27.53)]]",16
"[[(6.24, 10.08), (1.97, 5.81)]]",16
"[[(1.91, 5.75), (0.0, 3.51)]]",16
"[[(26.07, 29.91), (21.22, 25.06)]]",12
"[[(0.32, 4.16), (1.43, 5.27)]]",16
"[[(9.54, 13.379999999999999), (16.28, 20.12)]]",16
"[[(18.29, 22.13), (8.47, 12.31)]]",16
"[[(4.76, 8.6), (8.93, 12.77)]]",16
"[[(7.77, 11.61), (6.13, 9.969999999999999)]]",12
"[[(5.67, 9.51), (21.87, 25.71)]]",16
"[[(23.02, 26.86), (9.13, 12.97)]]",9
"[[(0.6, 4.4399999999999995), (17.56, 21.4)]]",16
"[[(6.55, 10.39), (10.1, 13.94)]]",12
"[[(0.07, 3.9099999999999997), (15.1, 18.939999999999998)]]",9
"[[(12.77, 16.61), (19.82, 23.66)]]",16
"[[(6.71, 10.55), (11.5, 15.34)]]",16
"[[(0.0, 3.52), (4.31, 8.149999999999999)]]",16
"[[(5.71, 9.55), (8.39, 12.23)]]",16
"[[(4.42, 8.26), (8.39, 12.23)]]",16
"[[(2.42, 6.26), (16.5, 20.34)]]",16
"[[(13.56, 17.4), (15.45, 19.29)]]",16
"[[(10.68, 14.52), (27.23, 31.0)]]",16
"[[(7.91, 11.75), (9.76, 13.6)]]",16
"[[(12.33, 16.17), (27.3, 31.0)]]",16
"[[(2.57, 6.41), (26.2, 30.04)]]",16
"[[(25.58, 29.419999999999998), (0.95, 4.79)]]",16
"[[(27.54, 31.0), (13.53, 17.369999999999997)]]",16
"[[(19.71, 23.55), (17.93, 21.77)]]",16
"[[(0.82, 4.66), (5.17, 9.01)]]",16
"[[(0.1, 3.94), (24.39, 28.23)]]",12
"[[(5.56, 9.399999999999999), (17.33, 21.169999999999998)]]",16
"[[(21.89, 25.73), (7.82, 11.66)]]",16
"[[(3.09, 6.93), (21.15, 24.99)]]",9
"[[(1.69, 5.529999999999999), (4.1, 7.9399999999999995)]]",12
"[[(21.12, 24.96), (12.63, 16.47)]]",12
"[[(16.62, 20.46), (14.47, 18.310000000000002)]]",16
"[[(25.78, 29.62), (19.98, 23.82)]]",16
"[[(20.74, 24.58), (0.0, 3.4099999999999997)]]",16
"[[(24.1, 27.94), (9.24, 13.08)]]",12
"[[(11.29, 15.129999999999999), (10.0, 13.84)]]",16
"[[(22.86, 26.7), (27.12, 30.96)]]",12
"[[(19.43, 23.27), (13.71, 17.55)]]",16
"[[(22.69, 26.53), (26.14, 29.98)]]",12
"[[(21.96, 25.8), (21.67, 25.51)]]",16
"[[(14.27, 18.11), (4.65, 8.49)]]",16
"[[(0.14, 3.98), (26.54, 30.38)]]",12
"[[(8.9, 12.74), (22.34, 26.18)]]",16
"[[(13.1, 16.939999999999998), (0.48, 4.32)]]",12
"[[(4.88, 8.719999999999999), (4.61, 8.45)]]",16
"[[(0.73, 4.57), (22.37, 26.21)]]",16
"[[(12.51, 16.35), (5.02, 8.86)]]",12
"[[(19.94, 23.78), (16.47, 20.31)]]",16
"[[(14.1, 17.939999999999998), (7.01, 10.85)]]",9
"[[(2.87, 6.71), (23.43, 27.27)]]",16
"[[(22.65, 26.49), (25.36, 29.2)]]",16
"[[(21.96, 25.8), (25.3, 29.14)]]",16
"[[(11.74, 15.58), (19.95, 23.79)]]",16
"[[(21.63, 25.47), (20.5, 24.34)]]",16
"[[(21.25, 25.09), (12.39, 16.23)]]",16
"[[(11.95, 15.79), (9.98, 13.82)]]",16
"[[(18.85, 22.69), (13.39, 17.23)]]",16
"[[(22.82, 26.66), (0.0, 3.42)]]",16
"[[(27.3, 31.0), (15.44, 19.28)]]",16
"[[(16.5, 20.34), (0.19, 4.03)]]",16
"[[(21.51, 25.35), (6.95, 10.79)]]",16
"[[(17.02, 20.86), (21.18, 25.02)]]",12
"[[(19.34, 23.18), (4.62, 8.46)]]",16
"[[(10.14, 13.98), (15.5, 19.34)]]",12
"[[(0.35, 4.1899999999999995), (24.46, 28.3)]]",16
"[[(16.02, 19.86), (4.31, 8.149999999999999)]]",12
"[[(21.56, 25.4), (0.65, 4.49)]]",16
"[[(22.73, 26.57), (16.55, 20.39)]]",16
"[[(24.87, 28.71), (13.96, 17.8)]]",16
"[[(16.59, 20.43), (21.17, 25.01)]]",16
"[[(1.1, 4.9399999999999995), (23.5, 27.34)]]",12
"[[(10.98, 14.82), (18.46, 22.3)]]",16
"[[(4.09, 7.93), (17.52, 21.36)]]",12
"[[(24.67, 28.51), (15.96, 19.8)]]",16
"[[(15.18, 19.02), (7.25, 11.09)]]",16
"[[(27.01, 30.85), (26.45, 30.29)]]",12
"[[(27.38, 31.0), (1.88, 5.72)]]",16
"[[(21.15, 24.99), (0.0, 3.4699999999999998)]]",12
"[[(5.86, 9.7), (21.28, 25.12)]]",16
"[[(19.62, 23.46), (27.31, 31.0)]]",16
"[[(21.79, 25.63), (27.09, 30.93)]]",12
"[[(21.09, 24.93), (27.56, 31.0)]]",12
"[[(22.05, 25.89), (6.67, 10.51)]]",12
"[[(25.32, 29.16), (3.22, 7.0600000000000005)]]",16
"[[(25.12, 28.96), (10.11, 13.95)]]",9
"[[(15.64, 19.48), (9.54, 13.379999999999999)]]",16
"[[(19.36, 23.2), (18.98, 22.82)]]",16
"[[(6.1, 9.94), (26.02, 29.86)]]",9
"[[(17.35, 21.19), (16.52, 20.36)]]",16
"[[(22.39, 26.23), (9.07, 12.91)]]",12
"[[(14.4, 18.240000000000002), (18.35, 22.19)]]",16
"[[(22.24, 26.08), (8.81, 12.65)]]",16
"[[(10.44, 14.28), (15.39, 19.23)]]",16
"[[(25.82, 29.66), (0.0, 3.63)]]",16
"[[(23.7, 27.54), (4.01, 7.85)]]",12
"[[(7.06, 10.899999999999999), (0.54, 4.38)]]",12
"[[(6.23, 10.07), (12.33, 16.17)]]",16
"[[(26.23, 30.07), (19.29, 23.13)]]",16
"[[(1.34, 5.18), (6.56, 10.399999999999999)]]",16
"[[(12.28, 16.119999999999997), (14.2, 18.04)]]",16
"[[(25.67, 29.51), (20.55, 24.39)]]",16
"[[(24.66, 28.5), (7.18, 11.02)]]",16
"[[(26.02, 29.86), (25.14, 28.98)]]",9
"[[(21.5, 25.34), (24.33, 28.169999999999998)]]",16
"[[(22.64, 26.48), (15.03, 18.869999999999997)]]",12
"[[(20.79, 24.63), (22.94, 26.78)]]",16
"[[(11.73, 15.57), (6.72, 10.559999999999999)]]",16
"[[(1.74, 5.58), (22.36, 26.2)]]",16
"[[(7.26, 11.1), (19.26, 23.1)]]",16
"[[(21.92, 25.76), (14.24, 18.08)]]",16
"[[(13.02, 16.86), (6.59, 10.43)]]",12
"[[(14.07, 17.91), (8.41, 12.25)]]",12
"[[(12.3, 16.14), (16.69, 20.53)]]",16
"[[(8.05, 11.89), (19.89, 23.73)]]",12
"[[(25.2, 29.04), (15.12, 18.96)]]",12
"[[(4.84, 8.68), (12.21, 16.05)]]",16
"[[(6.41, 10.25), (18.81, 22.65)]]",16
"[[(2.26, 6.1), (8.38, 12.22)]]",16
"[[(0.0, 3.36), (23.83, 27.669999999999998)]]",16
"[[(14.38, 18.22), (24.69, 28.53)]]",16
"[[(9.29, 13.129999999999999), (0.0, 3.67)]]",16
"[[(18.58, 22.419999999999998), (23.27, 27.11)]]",16
"[[(10.94, 14.78), (12.36, 16.2)]]",16
"[[(15.72, 19.560000000000002), (0.54, 4.38)]]",16
"[[(4.62, 8.46), (12.54, 16.38)]]",16
"[[(15.28, 19.119999999999997), (17.26, 21.1)]]",16
"[[(1.39, 5.2299999999999995), (5.21, 9.05)]]",16
"[[(6.53, 10.370000000000001), (3.28, 7.119999999999999)]]",16
"[[(1.78, 5.62), (12.4, 16.240000000000002)]]",16
"[[(6.89, 10.73), (16.03, 19.87)]]",12
"[[(22.17, 26.01), (27.53, 31.0)]]",16
"[[(23.66, 27.5), (0.8, 4.64)]]",16
"[[(24.76, 28.6), (1.95, 5.79)]]",16
"[[(13.12, 16.96), (3.74, 7.58)]]",12
"[[(12.37, 16.21), (25.67, 29.51)]]",16
"[[(27.05, 30.89), (16.38, 20.22)]]",12
"[[(9.55, 13.39), (18.9, 22.74)]]",16
"[[(0.31, 4.1499999999999995), (16.68, 20.52)]]",16
"[[(9.4, 13.24), (6.57, 10.41)]]",16
"[[(18.95, 22.79), (11.0, 14.84)]]",16
"[[(15.3, 19.14), (8.29, 12.129999999999999)]]",16
"[[(0.24, 4.08), (17.04, 20.88)]]",12
"[[(13.96, 17.8), (26.85, 30.69)]]",16
"[[(20.48, 24.32), (9.8, 13.64)]]",16
"[[(6.53, 10.370000000000001), (9.67, 13.51)]]",16
"[[(1.52, 5.359999999999999), (26.4, 30.24)]]",16
"[[(27.4, 31.0), (0.0, 3.52)]]",16
"[[(13.17, 17.009999999999998), (18.61, 22.45)]]",16
"[[(14.68, 18.52), (5.2, 9.04)]]",16
"[[(11.72, 15.56), (23.84, 27.68)]]",16
"[[(7.41, 11.25), (24.27, 28.11)]]",16
"[[(24.81, 28.65), (18.29, 22.13)]]",16
"[[(16.16, 20.0), (6.52, 10.36)]]",16
"[[(8.6, 12.44), (21.8, 25.64)]]",16
"[[(6.78, 10.620000000000001), (16.71, 20.55)]]",16
"[[(19.23, 23.07), (0.35, 4.1899999999999995)]]",16
"[[(20.56, 24.4), (0.0, 3.83)]]",16
"[[(0.0, 3.84), (0.0, 3.55)]]",16
"[[(15.87, 19.71), (11.84, 15.68)]]",16
"[[(4.3, 8.14), (17.33, 21.169999999999998)]]",16
"[[(6.0, 9.84), (24.02, 27.86)]]",12
"[[(0.82, 4.66), (15.96, 19.8)]]",16
"[[(12.32, 16.16), (14.24, 18.08)]]",16
"[[(15.47, 19.310000000000002), (21.98, 25.82)]]",16
"[[(16.73, 20.57), (26.48, 30.32)]]",16
"[[(15.46, 19.3), (20.74, 24.58)]]",16
"[[(4.91, 8.75), (4.03, 7.87)]]",12
"[[(22.14, 25.98), (18.49, 22.33)]]",12
"[[(5.75, 9.59), (4.42, 8.26)]]",16
"[[(22.23, 26.07), (2.41, 6.25)]]",16
"[[(9.11, 12.95), (11.84, 15.68)]]",12
"[[(16.48, 20.32), (16.03, 19.87)]]",12
"[[(14.66, 18.5), (24.81, 28.65)]]",16
"[[(0.53, 4.37), (16.48, 20.32)]]",16
"[[(8.1, 11.94), (7.9, 11.74)]]",12
"[[(19.99, 23.83), (19.19, 23.03)]]",16
"[[(10.99, 14.83), (1.22, 5.06)]]",16
"[[(24.78, 28.62), (1.92, 5.76)]]",16
"[[(14.89, 18.73), (12.41, 16.25)]]",16
"[[(2.04, 5.88), (16.38, 20.22)]]",12
"[[(15.48, 19.32), (11.15, 14.99)]]",12
"[[(5.76, 9.6), (15.73, 19.57)]]",16
"[[(17.2, 21.04), (22.71, 26.55)]]",16
"[[(2.29, 6.13), (7.15, 10.99)]]",12
"[[(26.37, 30.21), (0.0, 3.38)]]",16
"[[(0.65, 4.49), (11.3, 15.14)]]",16
"[[(12.13, 15.97), (10.52, 14.36)]]",12
"[[(14.75, 18.59), (2.28, 6.119999999999999)]]",16
"[[(2.92, 6.76), (13.47, 17.310000000000002)]]",16
"[[(3.92, 7.76), (17.33, 21.169999999999998)]]",16
"[[(7.24, 11.08), (4.54, 8.379999999999999)]]",16
"[[(8.15, 11.99), (25.27, 29.11)]]",12
"[[(14.68, 18.52), (0.0, 3.65)]]",16
"[[(4.2, 8.04), (16.91, 20.75)]]",16
"[[(0.0, 3.75), (9.2, 13.04)]]",16
"[[(24.33, 28.169999999999998), (13.24, 17.08)]]",16
"[[(24.1, 27.94), (24.19, 28.03)]]",12
"[[(15.82, 19.66), (17.76, 21.6)]]",16
"[[(7.07, 10.91), (14.96, 18.8)]]",12
"[[(16.79, 20.63), (13.1, 16.939999999999998)]]",12
"[[(23.36, 27.2), (10.59, 14.43)]]",16
"[[(1.69, 5.529999999999999), (22.36, 26.2)]]",16
"[[(16.01, 19.85), (5.36, 9.2)]]",12
"[[(14.95, 18.79), (15.86, 19.7)]]",16
"[[(16.44, 20.28), (27.28, 31.0)]]",16
"[[(17.13, 20.97), (0.54, 4.38)]]",12
"[[(8.61, 12.45), (12.1, 15.94)]]",12
"[[(5.41, 9.25), (26.79, 30.63)]]",16
"[[(4.58, 8.42), (1.74, 5.58)]]",16
"[[(20.74, 24.58), (12.25, 16.09)]]",16
"[[(8.64, 12.48), (8.32, 12.16)]]",16
"[[(0.04, 3.88), (23.01, 26.85)]]",9
"[[(10.02, 13.86), (21.67, 25.51)]]",12
"[[(24.78, 28.62), (20.55, 24.39)]]",16
"[[(18.74, 22.58), (16.56, 20.4)]]",16
"[[(20.26, 24.1), (14.16, 18.0)]]",16
"[[(26.79, 30.63), (5.6, 9.44)]]",16
"[[(25.72, 29.56), (14.22, 18.060000000000002)]]",16
"[[(1.49, 5.33), (23.0, 26.84)]]",16
"[[(27.24, 31.0), (24.86, 28.7)]]",16
"[[(8.93, 12.77), (4.12, 7.96)]]",12
"[[(18.35, 22.19), (23.14, 26.98)]]",12
"[[(1.0, 4.84), (26.82, 30.66)]]",16
"[[(1.56, 5.4), (14.62, 18.46)]]",16
"[[(15.33, 19.17), (26.01, 29.85)]]",12
"[[(14.63, 18.47), (10.89, 14.73)]]",16
"[[(16.83, 20.669999999999998), (21.63, 25.47)]]",16
"[[(14.67, 18.509999999999998), (9.66, 13.5)]]",16
"[[(26.69, 30.53), (26.85, 30.69)]]",16
"[[(26.53, 30.37), (9.3, 13.14)]]",16
"[[(14.89, 18.73), (0.98, 4.82)]]",16
"[[(6.19, 10.030000000000001), (21.85, 25.69)]]",16
"[[(6.3, 10.14), (5.62, 9.46)]]",16
"[[(15.34, 19.18), (18.15, 21.99)]]",12
"[[(17.1, 20.94), (13.28, 17.119999999999997)]]",12
"[[(20.12, 23.96), (5.54, 9.379999999999999)]]",12
"[[(2.4, 6.24), (4.23, 8.07)]]",16
"[[(0.67, 4.51), (22.78, 26.62)]]",16
"[[(9.3, 13.14), (3.5, 7.34)]]",16
"[[(25.69, 29.53), (24.11, 27.95)]]",12
"[[(15.72, 19.560000000000002), (13.53, 17.369999999999997)]]",16
"[[(18.39, 22.23), (27.44, 31.0)]]",16
"[[(21.8, 25.64), (12.39, 16.23)]]",16
"[[(20.97, 24.81), (2.06, 5.9)]]",12
"[[(23.22, 27.06), (22.31, 26.15)]]",16
"[[(10.26, 14.1), (17.79, 21.63)]]",16
"[[(23.83, 27.669999999999998), (18.78, 22.62)]]",16
"[[(0.37, 4.21), (11.96, 15.8)]]",16
"[[(15.74, 19.58), (17.33, 21.169999999999998)]]",16
"[[(5.51, 9.35), (25.6, 29.44)]]",16
"[[(13.75, 17.59), (0.64, 4.4799999999999995)]]",16
"[[(7.07, 10.91), (7.95, 11.79)]]",12
"[[(11.86, 15.7), (15.16, 19.0)]]",16
"[[(11.17, 15.01), (11.84, 15.68)]]",16
"[[(15.03, 18.869999999999997), (3.95, 7.79)]]",12
"[[(23.18, 27.02), (24.16, 28.0)]]",16
"[[(23.62, 27.46), (24.2, 28.04)]]",16
"[[(22.71, 26.55), (1.02, 4.859999999999999)]]",12
"[[(12.62, 16.46), (19.63, 23.47)]]",16
"[[(3.01, 6.85), (22.07, 25.91)]]",9
"[[(25.15, 28.99), (25.63, 29.47)]]",12
"[[(18.98, 22.82), (21.76, 25.6)]]",16
"[[(22.46, 26.3), (20.72, 24.56)]]",16
"[[(7.72, 11.559999999999999), (15.02, 18.86)]]",12
"[[(18.13, 21.97), (20.8, 24.64)]]",12
"[[(18.29, 22.13), (27.02, 30.86)]]",12
"[[(5.71, 9.55), (2.53, 6.369999999999999)]]",16
"[[(23.79, 27.63), (0.8, 4.64)]]",16
"[[(26.68, 30.52), (0.0, 3.77)]]",16
"[[(24.7, 28.54), (18.54, 22.38)]]",16
"[[(5.66, 9.5), (11.61, 15.45)]]",16
"[[(25.08, 28.919999999999998), (15.15, 18.990000000000002)]]",9
"[[(8.6, 12.44), (17.19, 21.03)]]",16
"[[(3.45, 7.29), (8.54, 12.379999999999999)]]",16
"[[(2.63, 6.47), (19.8, 23.64)]]",16
"[[(23.3, 27.14), (3.03, 6.869999999999999)]]",12
"[[(13.86, 17.7), (11.46, 15.3)]]",16
"[[(7.01, 10.85), (14.35, 18.189999999999998)]]",12
"[[(25.35, 29.19), (22.71, 26.55)]]",16
"[[(3.93, 7.77), (13.08, 16.92)]]",12
"[[(25.04, 28.88), (16.91, 20.75)]]",12
"[[(25.65, 29.49), (15.78, 19.619999999999997)]]",16
"[[(27.17, 31.0), (2.49, 6.33)]]",16
"[[(21.05, 24.89), (1.6, 5.4399999999999995)]]",12
"[[(18.41, 22.25), (21.25, 25.09)]]",16
"[[(23.11, 26.95), (21.93, 25.77)]]",12
"[[(27.53, 31.0), (5.93, 9.77)]]",16
"[[(6.81, 10.649999999999999), (24.61, 28.45)]]",16
"[[(6.53, 10.370000000000001), (27.26, 31.0)]]",16
"[[(14.51, 18.35), (8.4, 12.24)]]",16
"[[(4.71, 8.55), (12.24, 16.08)]]",16
"[[(13.78, 17.619999999999997), (0.0, 3.71)]]",16
"[[(21.09, 24.93), (10.35, 14.19)]]",12
"[[(3.65, 7.49), (4.64, 8.48)]]",16
"[[(20.99, 24.83), (27.18, 31.0)]]",16
"[[(12.39, 16.23), (2.19, 6.029999999999999)]]",16
"[[(22.66, 26.5), (14.91, 18.75)]]",16
"[[(16.94, 20.78), (24.26, 28.1)]]",16
"[[(15.42, 19.259999999999998), (12.87, 16.71)]]",16
"[[(25.52, 29.36), (9.28, 13.12)]]",16
"[[(14.2, 18.04), (0.04, 3.88)]]",12
"[[(20.9, 24.74), (16.85, 20.69)]]",16
"[[(16.77, 20.61), (7.36, 11.2)]]",16
"[[(14.17, 18.009999999999998), (17.08, 20.919999999999998)]]",12
"[[(23.58, 27.419999999999998), (6.4, 10.24)]]",16
"[[(4.48, 8.32), (20.09, 23.93)]]",12
"[[(13.19, 17.03), (8.59, 12.43)]]",16
"[[(18.22, 22.06), (8.6, 12.44)]]",16
"[[(27.35, 31.0), (23.27, 27.11)]]",16
"[[(23.83, 27.669999999999998), (15.64, 19.48)]]",16
"[[(2.06, 5.9), (14.9, 18.740000000000002)]]",12
"[[(1.11, 4.95), (11.64, 15.48)]]",12
"[[(19.5, 23.34), (15.63, 19.47)]]",16
"[[(16.48, 20.32), (5.14, 8.98)]]",12
"[[(20.51, 24.35), (19.38, 23.22)]]",16
"[[(22.37, 26.21), (14.2, 18.04)]]",16
"[[(23.09, 26.93), (0.0, 3.4699999999999998)]]",12
"[[(0.82, 4.66), (0.86, 4.7)]]",16
"[[(9.65, 13.49), (24.5, 28.34)]]",16
"[[(18.66, 22.5), (2.01, 5.85)]]",12
"[[(15.9, 19.740000000000002), (0.0, 3.4899999999999998)]]",16
"[[(18.33, 22.169999999999998), (5.35, 9.19)]]",16
"[[(7.54, 11.379999999999999), (6.76, 10.6)]]",16
"[[(8.77, 12.61), (2.4, 6.24)]]",16
"[[(23.72, 27.56), (1.72, 5.56)]]",16
"[[(20.86, 24.7), (14.64, 18.48)]]",16
"[[(22.63, 26.47), (18.63, 22.47)]]",16
"[[(7.99, 11.83), (9.8, 13.64)]]",16
"[[(14.31, 18.15), (0.18, 4.02)]]",16
"[[(12.51, 16.35), (21.56, 25.4)]]",16
"[[(18.15, 21.99), (7.0, 10.84)]]",12
"[[(8.81, 12.65), (10.08, 13.92)]]",12
"[[(6.5, 10.34), (2.36, 6.199999999999999)]]",16
"[[(0.97, 4.81), (1.26, 5.1)]]",16
"[[(20.16, 24.0), (7.18, 11.02)]]",16
"[[(24.88, 28.72), (1.14, 4.9799999999999995)]]",12
"[[(22.29, 26.13), (25.87, 29.71)]]",16
"[[(10.4, 14.24), (0.0, 3.73)]]",16
"[[(13.2, 17.04), (20.29, 24.13)]]",16
"[[(15.42, 19.259999999999998), (12.46, 16.3)]]",16
"[[(6.2, 10.04), (18.13, 21.97)]]",12
"[[(27.43, 31.0), (0.06, 3.9)]]",12
"[[(26.74, 30.58), (23.27, 27.11)]]",16
"[[(9.77, 13.61), (9.45, 13.29)]]",16
"[[(26.1, 29.94), (11.35, 15.19)]]",12
"[[(26.25, 30.09), (18.49, 22.33)]]",16
"[[(25.21, 29.05), (0.29, 4.13)]]",16
"[[(12.35, 16.189999999999998), (0.69, 4.529999999999999)]]",16
"[[(12.47, 16.310000000000002), (19.94, 23.78)]]",16
"[[(20.62, 24.46), (20.22, 24.06)]]",16
"[[(5.66, 9.5), (11.68, 15.52)]]",16
"[[(18.94, 22.78), (9.22, 13.06)]]",16
"[[(25.29, 29.13), (3.26, 7.1)]]",16
"[[(9.61, 13.45), (18.31, 22.15)]]",16
"[[(23.92, 27.76), (14.7, 18.54)]]",16
"[[(10.14, 13.98), (11.11, 14.95)]]",9
"[[(18.21, 22.05), (8.1, 11.94)]]",12
"[[(3.83, 7.67), (13.74, 17.58)]]",16
"[[(15.2, 19.04), (9.74, 13.58)]]",16
"[[(10.66, 14.5), (1.04, 4.88)]]",12
"[[(2.9, 6.74), (12.65, 16.490000000000002)]]",16
"[[(14.76, 18.6), (2.38, 6.22)]]",16
"[[(19.35, 23.19), (15.23, 19.07)]]",16
"[[(18.58, 22.419999999999998), (3.59, 7.43)]]",16
"[[(27.41, 31.0), (3.47, 7.3100000000000005)]]",16
"[[(6.11, 9.95), (27.35, 31.0)]]",12
"[[(24.96, 28.8), (13.17, 17.009999999999998)]]",16
"[[(3.25, 7.09), (1.81, 5.65)]]",16
"[[(25.65, 29.49), (2.4, 6.24)]]",16
"[[(5.84, 9.68), (4.15, 7.99)]]",12
"[[(18.52, 22.36), (5.78, 9.620000000000001)]]",16
"[[(27.38, 31.0), (17.31, 21.15)]]",16
"[[(16.79, 20.63), (18.69, 22.53)]]",16
"[[(22.2, 26.04), (18.29, 22.13)]]",16
"[[(26.83, 30.669999999999998), (22.32, 26.16)]]",16
"[[(25.69, 29.53), (18.08, 21.919999999999998)]]",12
"[[(18.98, 22.82), (7.36, 11.2)]]",16
"[[(2.29, 6.13), (26.67, 30.51)]]",16
"[[(3.95, 7.79), (4.85, 8.69)]]",16
"[[(23.33, 27.169999999999998), (5.66, 9.5)]]",16
"[[(25.41, 29.25), (6.35, 10.19)]]",16
"[[(10.93, 14.77), (8.04, 11.879999999999999)]]",12
"[[(15.76, 19.6), (20.07, 23.91)]]",12
"[[(2.06, 5.9), (16.68, 20.52)]]",12
"[[(18.32, 22.16), (9.34, 13.18)]]",16
"[[(22.24, 26.08), (1.53, 5.37)]]",16
"[[(19.46, 23.3), (20.31, 24.15)]]",16
"[[(12.05, 15.89), (14.08, 17.92)]]",9
"[[(24.19, 28.03), (23.3, 27.14)]]",16
"[[(0.86, 4.7), (23.16, 27.0)]]",16
"[[(17.06, 20.9), (26.89, 30.73)]]",12
"[[(20.38, 24.22), (4.64, 8.48)]]",16
"[[(13.17, 17.009999999999998), (27.07, 30.91)]]",12
"[[(2.21, 6.05), (10.93, 14.77)]]",16
"[[(10.58, 14.42), (18.86, 22.7)]]",16
"[[(10.7, 14.54), (9.03, 12.87)]]",12
"[[(15.3, 19.14), (10.81, 14.65)]]",16
"[[(19.13, 22.97), (20.85, 24.69)]]",12
"[[(22.54, 26.38), (10.83, 14.67)]]",16
"[[(6.41, 10.25), (19.35, 23.19)]]",16
"[[(4.34, 8.18), (25.63, 29.47)]]",16
"[[(5.94, 9.780000000000001), (18.59, 22.43)]]",16
"[[(4.21, 8.05), (25.74, 29.58)]]",16
"[[(10.12, 13.959999999999999), (23.06, 26.9)]]",9
"[[(9.67, 13.51), (8.01, 11.85)]]",12
"[[(21.06, 24.9), (10.72, 14.56)]]",12
"[[(27.32, 31.0), (16.92, 20.76)]]",16
"[[(11.68, 15.52), (21.35, 25.19)]]",16
"[[(27.4, 31.0), (25.87, 29.71)]]",16
"[[(9.43, 13.27), (23.06, 26.9)]]",12
"[[(6.68, 10.52), (25.61, 29.45)]]",16
"[[(15.22, 19.060000000000002), (2.41, 6.25)]]",16
"[[(12.42, 16.259999999999998), (26.3, 30.14)]]",16
"[[(2.01, 5.85), (20.56, 24.4)]]",12
"[[(15.52, 19.36), (15.54, 19.38)]]",16
"[[(3.96, 7.8), (6.97, 10.809999999999999)]]",16
"[[(11.23, 15.07), (14.12, 17.96)]]",12
"[[(13.72, 17.560000000000002), (6.79, 10.629999999999999)]]",16
"[[(0.68, 4.52), (19.49, 23.33)]]",16
"[[(11.51, 15.35), (9.93, 13.77)]]",16
"[[(21.62, 25.46), (9.22, 13.06)]]",16
"[[(13.89, 17.73), (23.03, 26.87)]]",12
"[[(5.84, 9.68), (7.88, 11.719999999999999)]]",16
"[[(7.66, 11.5), (5.0, 8.84)]]",16
"[[(10.74, 14.58), (11.24, 15.08)]]",16
"[[(7.07, 10.91), (23.67, 27.51)]]",12
"[[(20.55, 24.39), (24.72, 28.56)]]",16
"[[(10.01, 13.85), (19.55, 23.39)]]",12
"[[(8.72, 12.56), (10.15, 13.99)]]",12
"[[(23.52, 27.36), (8.17, 12.01)]]",16
"[[(11.72, 15.56), (24.4, 28.24)]]",16
"[[(10.01, 13.85), (25.87, 29.71)]]",12
"[[(5.8, 9.64), (24.31, 28.15)]]",16
"[[(14.27, 18.11), (0.0, 3.55)]]",16
"[[(26.44, 30.28), (19.5, 23.34)]]",16
"[[(27.34, 31.0), (16.25, 20.09)]]",16
"[[(24.36, 28.2), (22.78, 26.62)]]",16
"[[(21.03, 24.87), (20.39, 24.23)]]",12
"[[(11.46, 15.3), (11.22, 15.06)]]",16
"[[(12.33, 16.17), (16.04, 19.88)]]",12
"[[(0.11, 3.9499999999999997), (27.12, 30.96)]]",9
"[[(0.0, 3.44), (20.09, 23.93)]]",12
"[[(9.26, 13.1), (3.94, 7.779999999999999)]]",16
"[[(11.13, 14.97), (22.71, 26.55)]]",12
"[[(7.38, 11.219999999999999), (20.02, 23.86)]]",12
"[[(19.82, 23.66), (3.2, 7.04)]]",16
"[[(1.77, 5.609999999999999), (10.05, 13.89)]]",12
"[[(0.33, 4.17), (9.56, 13.4)]]",16
"[[(23.49, 27.33), (3.97, 7.8100000000000005)]]",16
"[[(2.16, 6.0), (5.9, 9.74)]]",16
"[[(13.24, 17.08), (6.93, 10.77)]]",16
"[[(18.19, 22.03), (20.98, 24.82)]]",16
"[[(5.92, 9.76), (3.51, 7.35)]]",16
"[[(8.92, 12.76), (1.9, 5.74)]]",16
"[[(12.62, 16.46), (21.85, 25.69)]]",16
"[[(12.27, 16.11), (8.75, 12.59)]]",16
"[[(26.02, 29.86), (27.41, 31.0)]]",12
"[[(20.09, 23.93), (1.74, 5.58)]]",12
"[[(12.44, 16.28), (25.06, 28.9)]]",12
"[[(17.96, 21.8), (3.07, 6.91)]]",12
"[[(4.06, 7.8999999999999995), (15.08, 18.92)]]",9
"[[(7.04, 10.879999999999999), (17.45, 21.29)]]",12
"[[(16.0, 19.84), (22.66, 26.5)]]",16
"[[(2.49, 6.33), (10.9, 14.74)]]",16
"[[(22.28, 26.12), (2.25, 6.09)]]",16
"[[(3.25, 7.09), (1.75, 5.59)]]",16
"[[(24.14, 27.98), (23.78, 27.62)]]",12
"[[(18.07, 21.91), (16.07, 19.91)]]",9
"[[(16.78, 20.62), (2.34, 6.18)]]",16
"[[(11.86, 15.7), (1.32, 5.16)]]",16
"[[(23.96, 27.8), (26.87, 30.71)]]",16
"[[(6.13, 9.969999999999999), (26.13, 29.97)]]",9
"[[(21.15, 24.99), (0.11, 3.9499999999999997)]]",9
"[[(15.72, 19.560000000000002), (14.02, 17.86)]]",12
"[[(2.3, 6.14), (22.16, 26.0)]]",16
"[[(5.29, 9.129999999999999), (18.14, 21.98)]]",12
"[[(27.34, 31.0), (4.89, 8.73)]]",16
"[[(4.54, 8.379999999999999), (26.6, 30.44)]]",16
"[[(25.51, 29.35), (14.16, 18.0)]]",16
"[[(25.42, 29.26), (14.11, 17.95)]]",12
"[[(9.48, 13.32), (13.54, 17.38)]]",16
"[[(17.12, 20.96), (3.1, 6.9399999999999995)]]",9
"[[(24.33, 28.169999999999998), (7.27, 11.11)]]",16
"[[(4.39, 8.23), (19.37, 23.21)]]",16
"[[(26.37, 30.21), (25.67, 29.51)]]",16
"[[(18.53, 22.37), (27.24, 31.0)]]",16
"[[(25.52, 29.36), (8.89, 12.73)]]",16
"[[(23.87, 27.71), (17.33, 21.169999999999998)]]",16
"[[(17.24, 21.08), (0.29, 4.13)]]",16
"[[(14.16, 18.0), (12.21, 16.05)]]",16
"[[(9.95, 13.79), (24.0, 27.84)]]",16
"[[(9.34, 13.18), (27.01, 30.85)]]",12
"[[(12.0, 15.84), (7.72, 11.559999999999999)]]",16
"[[(10.56, 14.4), (20.4, 24.24)]]",16
"[[(17.57, 21.41), (13.41, 17.25)]]",16
"[[(20.96, 24.8), (25.53, 29.37)]]",16
"[[(22.96, 26.8), (11.81, 15.65)]]",16
"[[(12.64, 16.48), (0.78, 4.62)]]",16
"[[(14.12, 17.96), (25.94, 29.78)]]",12
"[[(0.24, 4.08), (8.97, 12.81)]]",16
"[[(22.91, 26.75), (24.43, 28.27)]]",16
"[[(11.88, 15.72), (25.42, 29.26)]]",16
"[[(0.61, 4.45), (7.49, 11.33)]]",16
"[[(15.2, 19.04), (20.58, 24.419999999999998)]]",16
"[[(16.45, 20.29), (24.05, 27.89)]]",12
"[[(13.96, 17.8), (4.65, 8.49)]]",16
"[[(16.73, 20.57), (13.84, 17.68)]]",16
"[[(15.15, 18.990000000000002), (16.58, 20.419999999999998)]]",12
"[[(8.01, 11.85), (15.05, 18.89)]]",9
"[[(2.36, 6.199999999999999), (27.06, 30.9)]]",12
"[[(3.12, 6.96), (16.16, 20.0)]]",12
"[[(11.74, 15.58), (12.21, 16.05)]]",16
"[[(13.72, 17.560000000000002), (25.55, 29.39)]]",16
"[[(23.12, 26.96), (22.06, 25.9)]]",9
"[[(9.52, 13.36), (4.17, 8.01)]]",16
"[[(20.98, 24.82), (7.78, 11.620000000000001)]]",16
"[[(17.02, 20.86), (18.71, 22.55)]]",12
"[[(12.46, 16.3), (14.12, 17.96)]]",12
"[[(1.58, 5.42), (2.03, 5.869999999999999)]]",12
"[[(4.81, 8.649999999999999), (14.4, 18.240000000000002)]]",16
"[[(22.89, 26.73), (26.63, 30.47)]]",16
"[[(24.6, 28.44), (2.4, 6.24)]]",16
"[[(16.27, 20.11), (7.55, 11.39)]]",16
"[[(0.06, 3.9), (22.5, 26.34)]]",12
"[[(24.4, 28.24), (1.65, 5.49)]]",16
"[[(8.94, 12.78), (0.07, 3.9099999999999997)]]",12
"[[(17.11, 20.95), (6.29, 10.129999999999999)]]",12
"[[(24.73, 28.57), (17.03, 20.87)]]",12
"[[(26.85, 30.69), (6.23, 10.07)]]",16
"[[(10.41, 14.25), (16.86, 20.7)]]",16
"[[(19.75, 23.59), (0.16, 4.0)]]",16
"[[(12.19, 16.03), (17.39, 21.23)]]",16
"[[(10.6, 14.44), (25.73, 29.57)]]",16
"[[(13.34, 17.18), (21.78, 25.62)]]",16
"[[(25.43, 29.27), (4.9, 8.74)]]",16
"[[(11.93, 15.77), (1.55, 5.39)]]",16
"[[(21.09, 24.93), (14.59, 18.43)]]",12
"[[(17.27, 21.11), (14.47, 18.310000000000002)]]",16
"[[(23.36, 27.2), (23.57, 27.41)]]",16
"[[(26.77, 30.61), (16.2, 20.04)]]",16
"[[(24.65, 28.49), (17.12, 20.96)]]",12
"[[(23.7, 27.54), (3.58, 7.42)]]",16
"[[(0.46, 4.3), (25.95, 29.79)]]",16
"[[(3.26, 7.1), (8.57, 12.41)]]",16
"[[(15.54, 19.38), (10.94, 14.78)]]",16
"[[(7.09, 10.93), (17.78, 21.62)]]",12
"[[(5.66, 9.5), (23.74, 27.58)]]",16
"[[(19.18, 23.02), (2.63, 6.47)]]",16
"[[(5.76, 9.6), (25.62, 29.46)]]",16
"[[(9.55, 13.39), (16.74, 20.58)]]",16
"[[(8.32, 12.16), (1.68, 5.52)]]",16
"[[(10.07, 13.91), (9.05, 12.89)]]",9
"[[(3.35, 7.1899999999999995), (19.2, 23.04)]]",16
"[[(16.76, 20.6), (27.23, 31.0)]]",16
"[[(10.72, 14.56), (3.41, 7.25)]]",16
"[[(10.22, 14.06), (13.89, 17.73)]]",16
"[[(12.69, 16.53), (10.57, 14.41)]]",16
"[[(7.92, 11.76), (4.15, 7.99)]]",12
"[[(5.18, 9.02), (16.27, 20.11)]]",16
"[[(13.77, 17.61), (25.03, 28.87)]]",12
"[[(19.35, 23.19), (24.51, 28.35)]]",16
"[[(21.73, 25.57), (22.99, 26.83)]]",16
"[[(11.3, 15.14), (20.69, 24.53)]]",16
"[[(21.09, 24.93), (10.06, 13.9)]]",9
"[[(24.35, 28.19), (8.95, 12.79)]]",16
"[[(3.24, 7.08), (14.59, 18.43)]]",16
"[[(19.32, 23.16), (24.07, 27.91)]]",12
"[[(2.05, 5.89), (21.92, 25.76)]]",12
"[[(6.98, 10.82), (17.41, 21.25)]]",16
"[[(15.07, 18.91), (0.03, 3.8699999999999997)]]",9
"[[(15.93, 19.77), (27.07, 30.91)]]",12
"[[(5.88, 9.719999999999999), (27.56, 31.0)]]",16
"[[(19.77, 23.61), (5.23, 9.07)]]",16
"[[(26.07, 29.91), (4.43, 8.27)]]",12
"[[(7.81, 11.649999999999999), (23.48, 27.32)]]",16
"[[(4.75, 8.59), (8.69, 12.53)]]",16
"[[(11.76, 15.6), (22.21, 26.05)]]",16
"[[(9.77, 13.61), (9.78, 13.62)]]",16
"[[(7.69, 11.530000000000001), (15.04, 18.88)]]",12
"[[(6.66, 10.5), (26.86, 30.7)]]",16
"[[(13.38, 17.22), (23.17, 27.01)]]",16
"[[(18.05, 21.89), (2.87, 6.71)]]",12
"[[(22.25, 26.09), (13.56, 17.4)]]",16
"[[(5.13, 8.969999999999999), (20.57, 24.41)]]",12
"[[(27.66, 31.0), (6.84, 10.68)]]",16
"[[(6.21, 10.05), (17.33, 21.169999999999998)]]",16
"[[(0.69, 4.529999999999999), (13.1, 16.939999999999998)]]",12
"[[(26.47, 30.31), (9.55, 13.39)]]",16
"[[(0.45, 4.29), (23.35, 27.19)]]",16
"[[(12.84, 16.68), (10.41, 14.25)]]",16
"[[(3.88, 7.72), (26.1, 29.94)]]",12
"[[(8.58, 12.42), (4.67, 8.51)]]",16
"[[(23.2, 27.04), (24.25, 28.09)]]",16
"[[(0.0, 3.6999999999999997), (5.74, 9.58)]]",16
"[[(18.18, 22.02), (6.45, 10.29)]]",16
"[[(0.09, 3.9299999999999997), (11.06, 14.9)]]",9
"[[(8.5, 12.34), (10.4, 14.24)]]",16
"[[(0.0, 3.4099999999999997), (0.26, 4.1)]]",16
"[[(2.53, 6.369999999999999), (14.8, 18.64)]]",16
"[[(7.58, 11.42), (10.14, 13.98)]]",12
"[[(8.85, 12.69), (8.72, 12.56)]]",16
"[[(15.03, 18.869999999999997), (25.75, 29.59)]]",12
"[[(18.64, 22.48), (24.04, 27.88)]]",12
"[[(16.59, 20.43), (0.0, 3.4699999999999998)]]",16
"[[(5.85, 9.69), (20.19, 24.03)]]",16
"[[(0.72, 4.56), (15.7, 19.54)]]",16
"[[(1.75, 5.59), (8.33, 12.17)]]",16
"[[(13.82, 17.66), (10.72, 14.56)]]",16
"[[(17.44, 21.28), (14.13, 17.97)]]",12
"[[(15.62, 19.46), (11.58, 15.42)]]",16
"[[(24.77, 28.61), (10.29, 14.129999999999999)]]",16
"[[(11.08, 14.92), (24.84, 28.68)]]",12
"[[(16.91, 20.75), (5.24, 9.08)]]",16
"[[(15.91, 19.75), (3.14, 6.98)]]",12
"[[(26.55, 30.39), (8.73, 12.57)]]",16
"[[(8.83, 12.67), (10.92, 14.76)]]",16
"[[(15.2, 19.04), (25.05, 28.89)]]",12
"[[(17.86, 21.7), (26.76, 30.6)]]",16
"[[(1.49, 5.33), (11.27, 15.11)]]",16
"[[(7.19, 11.030000000000001), (20.23, 24.07)]]",16
"[[(20.05, 23.89), (18.16, 22.0)]]",12
"[[(25.39, 29.23), (15.52, 19.36)]]",16
"[[(5.64, 9.48), (12.39, 16.23)]]",16
"[[(3.35, 7.1899999999999995), (23.2, 27.04)]]",16
"[[(24.5, 28.34), (11.96, 15.8)]]",16
"[[(4.71, 8.55), (20.63, 24.47)]]",16
"[[(10.58, 14.42), (8.53, 12.37)]]",16
"[[(10.37, 14.209999999999999), (21.99, 25.83)]]",16
"[[(3.8, 7.64), (24.74, 28.58)]]",16
"[[(2.44, 6.279999999999999), (12.31, 16.15)]]",16
"[[(4.66, 8.5), (14.47, 18.310000000000002)]]",16
"[[(15.81, 19.65), (14.8, 18.64)]]",16
"[[(2.15, 5.99), (14.07, 17.91)]]",9
"[[(4.55, 8.39), (4.57, 8.41)]]",16
"[[(16.43, 20.27), (12.69, 16.53)]]",16
"[[(10.7, 14.54), (5.44, 9.280000000000001)]]",16
"[[(0.66, 4.5), (21.96, 25.8)]]",16
"[[(15.1, 18.939999999999998), (26.02, 29.86)]]",9
"[[(20.71, 24.55), (17.66, 21.5)]]",16
"[[(27.17, 31.0), (9.64, 13.48)]]",16
"[[(9.45, 13.29), (14.21, 18.05)]]",16
"[[(9.0, 12.84), (11.97, 15.81)]]",16
"[[(8.65, 12.49), (18.62, 22.46)]]",16
"[[(24.2, 28.04), (0.85, 4.6899999999999995)]]",16
"[[(6.59, 10.43), (6.15, 9.99)]]",12
"[[(13.31, 17.15), (1.11, 4.95)]]",12
"[[(0.98, 4.82), (11.94, 15.78)]]",16
"[[(23.79, 27.63), (5.6, 9.44)]]",16
"[[(20.22, 24.06), (6.29, 10.129999999999999)]]",16
"[[(20.31, 24.15), (14.27, 18.11)]]",16
"[[(24.04, 27.88), (13.48, 17.32)]]",12
"[[(19.27, 23.11), (2.75, 6.59)]]",16
"[[(20.97, 24.81), (2.86, 6.699999999999999)]]",16
"[[(2.65, 6.49), (11.05, 14.89)]]",12
"[[(22.85, 26.69), (11.34, 15.18)]]",16
"[[(19.92, 23.76), (21.19, 25.03)]]",16
"[[(23.04, 26.88), (8.48, 12.32)]]",12
"[[(21.08, 24.919999999999998), (6.46, 10.3)]]",12
"[[(16.97, 20.81), (22.23, 26.07)]]",16
"[[(14.91, 18.75), (9.23, 13.07)]]",16
"[[(14.7, 18.54), (12.52, 16.36)]]",16
"[[(16.3, 20.14), (19.5, 23.34)]]",16
"[[(1.56, 5.4), (13.75, 17.59)]]",16
"[[(21.8, 25.64), (18.28, 22.12)]]",16
"[[(22.77, 26.61), (8.54, 12.379999999999999)]]",16
"[[(0.0, 3.81), (13.37, 17.21)]]",16
"[[(26.02, 29.86), (8.98, 12.82)]]",12
"[[(20.69, 24.53), (0.98, 4.82)]]",16
"[[(10.13, 13.97), (12.82, 16.66)]]",12
"[[(22.5, 26.34), (24.91, 28.75)]]",16
"[[(2.68, 6.52), (20.68, 24.52)]]",16
"[[(2.71, 6.55), (6.45, 10.29)]]",16
"[[(16.65, 20.49), (26.92, 30.76)]]",16
"[[(20.58, 24.419999999999998), (7.99, 11.83)]]",16
"[[(24.33, 28.169999999999998), (5.27, 9.11)]]",16
"[[(23.54, 27.38), (11.65, 15.49)]]",16
"[[(2.01, 5.85), (15.53, 19.369999999999997)]]",12
"[[(13.85, 17.689999999999998), (14.71, 18.55)]]",16
"[[(2.23, 6.07), (2.1, 5.9399999999999995)]]",12
"[[(21.56, 25.4), (13.7, 17.54)]]",16
"[[(1.4, 5.24), (3.72, 7.5600000000000005)]]",16
"[[(1.86, 5.7), (16.45, 20.29)]]",16
"[[(16.58, 20.419999999999998), (1.83, 5.67)]]",16
"[[(16.57, 20.41), (7.19, 11.030000000000001)]]",16
"[[(27.36, 31.0), (1.17, 5.01)]]",16
"[[(25.11, 28.95), (14.0, 17.84)]]",12
"[[(4.62, 8.46), (23.43, 27.27)]]",16
"[[(26.58, 30.419999999999998), (24.88, 28.72)]]",16
"[[(16.68, 20.52), (5.56, 9.399999999999999)]]",16
"[[(14.5, 18.34), (25.17, 29.01)]]",16
"[[(24.95, 28.79), (10.78, 14.62)]]",16
"[[(24.81, 28.65), (4.9, 8.74)]]",16
"[[(9.78, 13.62), (21.58, 25.419999999999998)]]",16
"[[(22.93, 26.77), (17.7, 21.54)]]",16
"[[(23.09, 26.93), (3.46, 7.3)]]",12
"[[(5.88, 9.719999999999999), (19.75, 23.59)]]",16
"[[(9.98, 13.82), (9.29, 13.129999999999999)]]",16
"[[(0.0, 3.67), (17.75, 21.59)]]",16
"[[(15.55, 19.39), (12.33, 16.17)]]",16
"[[(4.07, 7.91), (12.34, 16.18)]]",12
"[[(15.29, 19.13), (8.32, 12.16)]]",16
"[[(0.54, 4.38), (16.73, 20.57)]]",16
"[[(12.89, 16.73), (3.74, 7.58)]]",16
"[[(22.44, 26.28), (25.17, 29.01)]]",16
"[[(2.67, 6.51), (9.53, 13.37)]]",16
"[[(14.74, 18.58), (11.08, 14.92)]]",12
"[[(22.77, 26.61), (21.03, 24.87)]]",12
"[[(20.04, 23.88), (26.34, 30.18)]]",12
"[[(22.84, 26.68), (18.93, 22.77)]]",16
"[[(11.09, 14.93), (14.44, 18.28)]]",12
"[[(5.61, 9.45), (25.0, 28.84)]]",16
"[[(27.57, 31.0), (17.18, 21.02)]]",16
"[[(23.54, 27.38), (10.22, 14.06)]]",16
"[[(22.5, 26.34), (11.81, 15.65)]]",16
"[[(25.08, 28.919999999999998), (4.42, 8.26)]]",12
"[[(19.39, 23.23), (15.05, 18.89)]]",12
"[[(1.65, 5.49), (0.0, 3.4499999999999997)]]",16
"[[(25.92, 29.76), (7.31, 11.149999999999999)]]",16
"[[(16.97, 20.81), (19.1, 22.94)]]",12
"[[(15.66, 19.5), (1.97, 5.81)]]",16
"[[(1.62, 5.46), (12.43, 16.27)]]",16
"[[(15.8, 19.64), (9.01, 12.85)]]",12
"[[(8.28, 12.12), (19.72, 23.56)]]",16
"[[(23.59, 27.43), (1.9, 5.74)]]",16
"[[(9.15, 12.99), (0.05, 3.8899999999999997)]]",9
"[[(20.78, 24.62), (11.8, 15.64)]]",16
"[[(14.9, 18.740000000000002), (6.59, 10.43)]]",16
"[[(3.19, 7.029999999999999), (0.03, 3.8699999999999997)]]",12
"[[(7.92, 11.76), (6.24, 10.08)]]",16
"[[(6.29, 10.129999999999999), (20.62, 24.46)]]",16
"[[(24.59, 28.43), (3.78, 7.619999999999999)]]",16
"[[(12.19, 16.03), (0.06, 3.9)]]",12
"[[(25.93, 29.77), (6.14, 9.98)]]",12
"[[(7.96, 11.8), (4.21, 8.05)]]",16
"[[(11.66, 15.5), (19.75, 23.59)]]",16
"[[(8.62, 12.459999999999999), (17.84, 21.68)]]",16
"[[(12.39, 16.23), (14.21, 18.05)]]",16
"[[(5.29, 9.129999999999999), (18.11, 21.95)]]",12
"[[(18.84, 22.68), (7.9, 11.74)]]",16
"[[(10.15, 13.99), (26.98, 30.82)]]",12
"[[(7.95, 11.79), (22.64, 26.48)]]",16
"[[(24.0, 27.84), (26.43, 30.27)]]",16
"[[(2.84, 6.68), (15.11, 18.95)]]",12
"[[(17.11, 20.95), (4.35, 8.19)]]",12
"[[(0.0, 3.75), (26.59, 30.43)]]",16
"[[(12.41, 16.25), (14.35, 18.189999999999998)]]",16
"[[(3.71, 7.55), (19.78, 23.62)]]",16
"[[(20.0, 23.84), (20.26, 24.1)]]",16
"[[(25.2, 29.04), (24.25, 28.09)]]",16
"[[(15.64, 19.48), (0.96, 4.8)]]",16
"[[(6.91, 10.75), (11.62, 15.459999999999999)]]",16
"[[(10.82, 14.66), (16.37, 20.21)]]",16
"[[(24.32, 28.16), (24.1, 27.94)]]",12
"[[(24.15, 27.99), (5.53, 9.370000000000001)]]",12
"[[(25.53, 29.37), (6.28, 10.120000000000001)]]",16
"[[(4.84, 8.68), (13.42, 17.259999999999998)]]",16
"[[(22.61, 26.45), (4.86, 8.7)]]",16
"[[(25.92, 29.76), (22.88, 26.72)]]",16
"[[(23.56, 27.4), (1.7, 5.54)]]",16
"[[(13.54, 17.38), (20.94, 24.78)]]",16
"[[(22.1, 25.94), (21.14, 24.98)]]",9
"[[(5.7, 9.54), (3.48, 7.32)]]",16
"[[(0.23, 4.07), (0.39, 4.2299999999999995)]]",16
"[[(22.47, 26.31), (5.6, 9.44)]]",16
"[[(20.89, 24.73), (21.98, 25.82)]]",16
"[[(5.54, 9.379999999999999), (25.99, 29.83)]]",16
"[[(13.56, 17.4), (14.55, 18.39)]]",16
"[[(17.25, 21.09), (19.85, 23.69)]]",16
"[[(2.75, 6.59), (15.56, 19.4)]]",16
"[[(25.54, 29.38), (12.27, 16.11)]]",16
"[[(8.43, 12.27), (12.99, 16.83)]]",16
"[[(17.61, 21.45), (12.99, 16.83)]]",16
"[[(26.65, 30.49), (5.12, 8.96)]]",12
"[[(27.56, 31.0), (14.66, 18.5)]]",16
"[[(7.3, 11.14), (18.47, 22.31)]]",16
"[[(17.44, 21.28), (15.12, 18.96)]]",12
"[[(8.38, 12.22), (14.97, 18.810000000000002)]]",16
"[[(23.67, 27.51), (17.35, 21.19)]]",16
"[[(7.86, 11.7), (8.86, 12.7)]]",16
"[[(4.31, 8.149999999999999), (1.14, 4.9799999999999995)]]",12
"[[(3.75, 7.59), (4.54, 8.379999999999999)]]",16
"[[(14.69, 18.53), (22.38, 26.22)]]",16
"[[(19.03, 22.87), (14.8, 18.64)]]",12
"[[(10.2, 14.04), (11.97, 15.81)]]",16
"[[(11.06, 14.9), (0.0, 3.84)]]",12
"[[(12.31, 16.15), (19.85, 23.69)]]",16
"[[(9.0, 12.84), (1.38, 5.22)]]",16
"[[(19.26, 23.1), (0.7, 4.54)]]",16
"[[(2.9, 6.74), (25.36, 29.2)]]",16
"[[(0.75, 4.59), (15.24, 19.08)]]",16
"[[(16.71, 20.55), (26.9, 30.74)]]",16
"[[(0.03, 3.8699999999999997), (7.29, 11.129999999999999)]]",12
"[[(22.02, 25.86), (16.48, 20.32)]]",12
"[[(10.63, 14.47), (5.43, 9.27)]]",16
"[[(27.29, 31.0), (12.49, 16.33)]]",16
"[[(4.88, 8.719999999999999), (25.66, 29.5)]]",16
"[[(11.03, 14.87), (22.57, 26.41)]]",12
"[[(25.84, 29.68), (1.15, 4.99)]]",12
"[[(24.35, 28.19), (22.05, 25.89)]]",12
"[[(15.14, 18.98), (5.52, 9.36)]]",12
"[[(18.98, 22.82), (8.54, 12.379999999999999)]]",16
"[[(14.94, 18.78), (9.33, 13.17)]]",16
"[[(5.06, 8.899999999999999), (0.0, 3.69)]]",12
"[[(17.84, 21.68), (22.42, 26.26)]]",16
"[[(6.96, 10.8), (25.79, 29.63)]]",16
"[[(0.0, 3.77), (10.3, 14.14)]]",16
"[[(17.87, 21.71), (11.86, 15.7)]]",16
"[[(19.13, 22.97), (15.0, 18.84)]]",12
"[[(12.35, 16.189999999999998), (12.39, 16.23)]]",16
"[[(15.26, 19.1), (22.02, 25.86)]]",12
"[[(7.55, 11.39), (14.81, 18.65)]]",16
"[[(20.48, 24.32), (8.38, 12.22)]]",16
"[[(6.79, 10.629999999999999), (23.06, 26.9)]]",12
"[[(17.44, 21.28), (13.24, 17.08)]]",16
"[[(19.78, 23.62), (4.5, 8.34)]]",16
"[[(27.36, 31.0), (5.15, 8.99)]]",12
"[[(19.79, 23.63), (25.96, 29.8)]]",16
"[[(14.65, 18.490000000000002), (16.67, 20.51)]]",16
"[[(18.25, 22.09), (3.88, 7.72)]]",16
"[[(2.81, 6.65), (5.43, 9.27)]]",16
"[[(7.65, 11.49), (7.72, 11.559999999999999)]]",16
"[[(2.24, 6.08), (12.77, 16.61)]]",16
"[[(24.61, 28.45), (4.92, 8.76)]]",16
"[[(16.69, 20.53), (5.55, 9.39)]]",16
"[[(26.69, 30.53), (21.01, 24.85)]]",12
"[[(16.59, 20.43), (9.08, 12.92)]]",12
"[[(4.57, 8.41), (26.51, 30.35)]]",16
"[[(17.11, 20.95), (2.99, 6.83)]]",12
"[[(26.59, 30.43), (10.16, 14.0)]]",16
"[[(22.33, 26.169999999999998), (0.87, 4.71)]]",16
"[[(11.77, 15.61), (25.57, 29.41)]]",16
"[[(11.37, 15.209999999999999), (7.31, 11.149999999999999)]]",16
"[[(2.31, 6.15), (16.25, 20.09)]]",16
"[[(27.59, 31.0), (15.21, 19.05)]]",16
"[[(0.1, 3.94), (6.41, 10.25)]]",12
"[[(12.8, 16.64), (15.46, 19.3)]]",16
"[[(11.22, 15.06), (15.99, 19.83)]]",16
"[[(0.0, 3.4099999999999997), (6.72, 10.559999999999999)]]",16
"[[(8.47, 12.31), (19.25, 23.09)]]",16
"[[(6.55, 10.39), (4.27, 8.11)]]",16
"[[(4.59, 8.43), (25.42, 29.26)]]",16
"[[(10.63, 14.47), (2.8, 6.64)]]",16
"[[(5.88, 9.719999999999999), (22.38, 26.22)]]",16
"[[(22.59, 26.43), (1.99, 5.83)]]",16
"[[(2.72, 6.5600000000000005), (14.19, 18.03)]]",16
"[[(16.04, 19.88), (19.16, 23.0)]]",12
"[[(6.8, 10.64), (0.43, 4.27)]]",16
"[[(3.04, 6.88), (11.53, 15.37)]]",12
"[[(0.63, 4.47), (4.83, 8.67)]]",16
"[[(20.1, 23.94), (26.57, 30.41)]]",12
"[[(17.94, 21.78), (0.79, 4.63)]]",16
"[[(20.92, 24.76), (27.21, 31.0)]]",16
"[[(11.19, 15.03), (20.95, 24.79)]]",16
"[[(21.78, 25.62), (26.14, 29.98)]]",12
"[[(0.94, 4.779999999999999), (20.58, 24.419999999999998)]]",16
"[[(25.66, 29.5), (2.43, 6.27)]]",16
"[[(6.35, 10.19), (4.96, 8.8)]]",16
"[[(9.28, 13.12), (23.63, 27.47)]]",16
"[[(24.01, 27.85), (12.06, 15.9)]]",9
"[[(6.48, 10.32), (16.15, 19.99)]]",12
"[[(5.64, 9.48), (22.44, 26.28)]]",16
"[[(8.06, 11.9), (19.78, 23.62)]]",12
"[[(17.61, 21.45), (13.27, 17.11)]]",16
"[[(9.26, 13.1), (9.51, 13.35)]]",16
"[[(24.41, 28.25), (1.17, 5.01)]]",16
"[[(10.76, 14.6), (6.69, 10.530000000000001)]]",16
"[[(27.48, 31.0), (14.16, 18.0)]]",16
"[[(27.45, 31.0), (12.83, 16.67)]]",16
"[[(1.13, 4.97), (14.16, 18.0)]]",12
"[[(2.53, 6.369999999999999), (24.91, 28.75)]]",16
"[[(18.96, 22.8), (22.02, 25.86)]]",12
"[[(13.87, 17.71), (1.74, 5.58)]]",16
"[[(3.57, 7.41), (5.57, 9.41)]]",16
"[[(22.93, 26.77), (13.01, 16.85)]]",12
"[[(0.98, 4.82), (0.57, 4.41)]]",16
"[[(13.94, 17.78), (7.68, 11.52)]]",16
"[[(18.73, 22.57), (17.13, 20.97)]]",12
"[[(19.1, 22.94), (12.78, 16.619999999999997)]]",12
"[[(18.38, 22.22), (16.45, 20.29)]]",16
"[[(22.09, 25.93), (19.49, 23.33)]]",12
"[[(12.27, 16.11), (20.94, 24.78)]]",16
"[[(17.18, 21.02), (12.76, 16.6)]]",16
"[[(9.17, 13.01), (24.54, 28.38)]]",16
"[[(18.88, 22.72), (12.47, 16.310000000000002)]]",16
"[[(5.37, 9.21), (1.38, 5.22)]]",16
"[[(10.81, 14.65), (21.25, 25.09)]]",16
"[[(13.55, 17.39), (22.91, 26.75)]]",16
"[[(17.42, 21.26), (3.76, 7.6)]]",16
"[[(5.55, 9.39), (8.26, 12.1)]]",16
"[[(4.19, 8.030000000000001), (4.76, 8.6)]]",16
"[[(22.71, 26.55), (1.06, 4.9)]]",12
"[[(14.08, 17.92), (11.8, 15.64)]]",12
"[[(25.73, 29.57), (0.0, 3.38)]]",16
"[[(6.09, 9.93), (12.72, 16.560000000000002)]]",12
"[[(6.88, 10.719999999999999), (25.18, 29.02)]]",16
"[[(1.36, 5.2), (5.58, 9.42)]]",16
"[[(21.23, 25.07), (3.11, 6.949999999999999)]]",12
"[[(24.36, 28.2), (14.87, 18.71)]]",16
"[[(23.85, 27.69), (27.34, 31.0)]]",16
"[[(24.88, 28.72), (19.77, 23.61)]]",16
"[[(0.79, 4.63), (7.06, 10.899999999999999)]]",12
"[[(10.71, 14.55), (10.97, 14.81)]]",16
"[[(0.49, 4.33), (23.28, 27.12)]]",16
"[[(14.27, 18.11), (23.63, 27.47)]]",16
"[[(25.82, 29.66), (0.87, 4.71)]]",16
"[[(10.31, 14.15), (2.17, 6.01)]]",16
"[[(23.95, 27.79), (6.85, 10.69)]]",16
"[[(11.84, 15.68), (18.32, 22.16)]]",16
"[[(12.38, 16.22), (6.8, 10.64)]]",16
"[[(2.3, 6.14), (0.23, 4.07)]]",16
"[[(17.81, 21.65), (14.13, 17.97)]]",12
"[[(13.17, 17.009999999999998), (5.68, 9.52)]]",16
"[[(17.13, 20.97), (24.99, 28.83)]]",12
"[[(10.24, 14.08), (18.22, 22.06)]]",16
"[[(10.31, 14.15), (3.93, 7.77)]]",16
"[[(15.79, 19.63), (24.53, 28.37)]]",16
"[[(17.1, 20.94), (6.09, 9.93)]]",9
"[[(24.34, 28.18), (21.65, 25.49)]]",16
"[[(4.96, 8.8), (5.98, 9.82)]]",16
"[[(5.21, 9.05), (11.15, 14.99)]]",12
"[[(2.07, 5.91), (12.62, 16.46)]]",12
"[[(0.0, 3.3499999999999996), (18.23, 22.07)]]",16
"[[(7.94, 11.780000000000001), (2.44, 6.279999999999999)]]",16
"[[(16.4, 20.24), (5.8, 9.64)]]",16
"[[(17.18, 21.02), (4.94, 8.780000000000001)]]",16
"[[(0.39, 4.2299999999999995), (1.1, 4.9399999999999995)]]",12
"[[(19.91, 23.75), (4.68, 8.52)]]",16
"[[(4.13, 7.97), (22.02, 25.86)]]",9
"[[(25.0, 28.84), (7.48, 11.32)]]",16
"[[(1.4, 5.24), (8.73, 12.57)]]",16
"[[(21.96, 25.8), (11.95, 15.79)]]",16
"[[(8.79, 12.629999999999999), (24.1, 27.94)]]",12
"[[(23.43, 27.27), (6.06, 9.899999999999999)]]",12
"[[(4.61, 8.45), (6.68, 10.52)]]",16
"[[(23.01, 26.85), (20.27, 24.11)]]",12
"[[(7.05, 10.89), (23.71, 27.55)]]",12
"[[(12.61, 16.45), (18.08, 21.919999999999998)]]",12
"[[(17.61, 21.45), (13.21, 17.05)]]",16
"[[(4.72, 8.559999999999999), (13.51, 17.35)]]",16
"[[(16.15, 19.99), (23.96, 27.8)]]",12
"[[(23.8, 27.64), (16.85, 20.69)]]",16
"[[(3.7, 7.54), (20.93, 24.77)]]",16
"[[(0.46, 4.3), (21.98, 25.82)]]",16
"[[(24.91, 28.75), (9.02, 12.86)]]",12
"[[(18.74, 22.58), (6.38, 10.219999999999999)]]",16
"[[(11.0, 14.84), (25.06, 28.9)]]",12
"[[(1.62, 5.46), (25.1, 28.94)]]",12
"[[(18.25, 22.09), (2.79, 6.63)]]",16
"[[(9.88, 13.72), (20.4, 24.24)]]",16
"[[(8.55, 12.39), (14.27, 18.11)]]",16
"[[(5.37, 9.21), (15.28, 19.119999999999997)]]",16
"[[(14.45, 18.29), (9.31, 13.15)]]",16
"[[(6.29, 10.129999999999999), (13.05, 16.89)]]",12
"[[(12.7, 16.54), (19.17, 23.01)]]",16
"[[(19.72, 23.56), (26.91, 30.75)]]",16
"[[(21.11, 24.95), (20.11, 23.95)]]",9
"[[(8.59, 12.43), (23.31, 27.15)]]",16
"[[(20.62, 24.46), (8.04, 11.879999999999999)]]",12
"[[(0.86, 4.7), (18.26, 22.1)]]",16
"[[(21.28, 25.12), (27.52, 31.0)]]",16
"[[(22.53, 26.37), (6.03, 9.870000000000001)]]",12
"[[(5.08, 8.92), (4.15, 7.99)]]",9
"[[(1.96, 5.8), (16.94, 20.78)]]",16
"[[(1.83, 5.67), (13.09, 16.93)]]",12
"[[(17.36, 21.2), (4.3, 8.14)]]",16
"[[(0.15, 3.9899999999999998), (10.75, 14.59)]]",12
"[[(9.76, 13.6), (15.53, 19.369999999999997)]]",16
"[[(19.59, 23.43), (8.89, 12.73)]]",16
"[[(23.4, 27.24), (7.41, 11.25)]]",16
"[[(6.67, 10.51), (6.92, 10.76)]]",16
"[[(6.65, 10.49), (9.26, 13.1)]]",16
"[[(17.34, 21.18), (7.46, 11.3)]]",16
"[[(18.29, 22.13), (7.2, 11.04)]]",16
"[[(3.02, 6.859999999999999), (17.77, 21.61)]]",12
"[[(2.03, 5.869999999999999), (9.03, 12.87)]]",9
"[[(15.55, 19.39), (26.97, 30.81)]]",16
"[[(10.43, 14.27), (9.56, 13.4)]]",16
"[[(24.56, 28.4), (13.53, 17.369999999999997)]]",16
"[[(7.44, 11.280000000000001), (7.15, 10.99)]]",12
"[[(1.87, 5.71), (21.16, 25.0)]]",16
"[[(4.41, 8.25), (16.38, 20.22)]]",16
"[[(25.34, 29.18), (14.28, 18.119999999999997)]]",16
"[[(4.91, 8.75), (26.17, 30.01)]]",16
"[[(23.7, 27.54), (26.64, 30.48)]]",16
"[[(9.72, 13.56), (14.31, 18.15)]]",16
"[[(6.26, 10.1), (0.0, 3.65)]]",16
"[[(14.5, 18.34), (15.95, 19.79)]]",16
"[[(3.71, 7.55), (24.76, 28.6)]]",16
"[[(6.84, 10.68), (13.78, 17.619999999999997)]]",16
"[[(22.32, 26.16), (17.79, 21.63)]]",16
"[[(0.37, 4.21), (24.77, 28.61)]]",16
"[[(12.69, 16.53), (9.18, 13.02)]]",16
"[[(7.15, 10.99), (17.73, 21.57)]]",12
"[[(12.32, 16.16), (7.31, 11.149999999999999)]]",16
"[[(24.13, 27.97), (11.25, 15.09)]]",12
"[[(20.6, 24.44), (3.28, 7.119999999999999)]]",16
"[[(20.08, 23.919999999999998), (23.39, 27.23)]]",12
"[[(6.57, 10.41), (22.58, 26.419999999999998)]]",16
"[[(12.5, 16.34), (6.63, 10.469999999999999)]]",16
"[[(9.45, 13.29), (8.47, 12.31)]]",16
"[[(6.69, 10.530000000000001), (3.29, 7.13)]]",16
"[[(0.0, 3.7199999999999998), (24.27, 28.11)]]",16
"[[(0.61, 4.45), (0.3, 4.14)]]",16
"[[(13.05, 16.89), (23.37, 27.21)]]",12
"[[(1.04, 4.88), (10.29, 14.129999999999999)]]",12
"[[(17.21, 21.05), (11.2, 15.04)]]",16
"[[(8.99, 12.83), (25.98, 29.82)]]",16
"[[(13.51, 17.35), (23.95, 27.79)]]",16
"[[(16.09, 19.93), (12.13, 15.97)]]",9
"[[(18.6, 22.44), (3.61, 7.449999999999999)]]",16
"[[(4.69, 8.530000000000001), (9.3, 13.14)]]",16
"[[(12.44, 16.28), (5.73, 9.57)]]",16
"[[(18.53, 22.37), (7.68, 11.52)]]",16
"[[(19.71, 23.55), (13.42, 17.259999999999998)]]",16
"[[(18.15, 21.99), (6.19, 10.030000000000001)]]",12
"[[(18.5, 22.34), (7.25, 11.09)]]",16
"[[(4.71, 8.55), (12.0, 15.84)]]",16
"[[(10.48, 14.32), (21.28, 25.12)]]",16
"[[(22.7, 26.54), (25.58, 29.419999999999998)]]",16
"[[(0.23, 4.07), (13.81, 17.65)]]",16
"[[(6.76, 10.6), (22.74, 26.58)]]",16
"[[(11.56, 15.4), (12.25, 16.09)]]",16
"[[(22.79, 26.63), (4.25, 8.09)]]",16
"[[(9.01, 12.85), (19.78, 23.62)]]",12
"[[(11.17, 15.01), (8.43, 12.27)]]",16
"[[(21.87, 25.71), (4.37, 8.21)]]",16
"[[(16.01, 19.85), (23.38, 27.22)]]",12
"[[(20.23, 24.07), (0.85, 4.6899999999999995)]]",16
"[[(25.18, 29.02), (4.62, 8.46)]]",16
"[[(8.79, 12.629999999999999), (27.48, 31.0)]]",16
"[[(4.38, 8.219999999999999), (1.02, 4.859999999999999)]]",12
"[[(4.89, 8.73), (26.18, 30.02)]]",16
"[[(20.21, 24.05), (26.55, 30.39)]]",16
"[[(9.0, 12.84), (10.05, 13.89)]]",12
"[[(24.91, 28.75), (5.15, 8.99)]]",12
"[[(26.54, 30.38), (20.61, 24.45)]]",16
"[[(12.99, 16.83), (7.69, 11.530000000000001)]]",16
"[[(21.72, 25.56), (19.75, 23.59)]]",16
"[[(6.58, 10.42), (11.17, 15.01)]]",16
"[[(6.34, 10.18), (2.85, 6.6899999999999995)]]",16
"[[(9.01, 12.85), (27.4, 31.0)]]",12
"[[(15.37, 19.21), (6.53, 10.370000000000001)]]",16
"[[(15.34, 19.18), (10.63, 14.47)]]",16
"[[(14.89, 18.73), (16.31, 20.15)]]",16
"[[(1.0, 4.84), (0.98, 4.82)]]",16
"[[(3.39, 7.23), (22.65, 26.49)]]",16
"[[(24.47, 28.31), (9.63, 13.47)]]",16
"[[(20.01, 23.85), (10.53, 14.37)]]",12
"[[(14.96, 18.8), (10.22, 14.06)]]",16
"[[(2.12, 5.96), (19.8, 23.64)]]",12
"[[(8.61, 12.45), (1.7, 5.54)]]",16
"[[(16.4, 20.24), (16.76, 20.6)]]",16
"[[(19.05, 22.89), (14.92, 18.759999999999998)]]",12
"[[(14.79, 18.63), (0.14, 3.98)]]",12
"[[(12.07, 15.91), (25.53, 29.37)]]",12
"[[(7.8, 11.64), (18.14, 21.98)]]",12
"[[(23.92, 27.76), (1.66, 5.5)]]",16
"[[(14.36, 18.2), (21.55, 25.39)]]",16
"[[(14.28, 18.119999999999997), (23.64, 27.48)]]",16
"[[(16.78, 20.62), (26.39, 30.23)]]",16
"[[(0.23, 4.07), (19.03, 22.87)]]",12
"[[(14.1, 17.939999999999998), (15.06, 18.9)]]",9
"[[(0.6, 4.4399999999999995), (17.54, 21.38)]]",16
"[[(20.17, 24.01), (5.54, 9.379999999999999)]]",16
"[[(2.15, 5.99), (1.33, 5.17)]]",12
"[[(6.28, 10.120000000000001), (16.2, 20.04)]]",16
"[[(13.4, 17.240000000000002), (1.12, 4.96)]]",12
"[[(24.32, 28.16), (3.23, 7.07)]]",16
"[[(12.5, 16.34), (2.86, 6.699999999999999)]]",16
"[[(1.77, 5.609999999999999), (1.18, 5.02)]]",16
"[[(18.14, 21.98), (16.46, 20.3)]]",12
"[[(10.73, 14.57), (21.12, 24.96)]]",12
"[[(2.11, 5.949999999999999), (16.97, 20.81)]]",12
"[[(1.49, 5.33), (23.98, 27.82)]]",16
"[[(10.67, 14.51), (27.64, 31.0)]]",16
"[[(21.54, 25.38), (24.39, 28.23)]]",16
"[[(23.91, 27.75), (3.66, 7.5)]]",16
"[[(22.48, 26.32), (17.98, 21.82)]]",16
"[[(19.09, 22.93), (15.73, 19.57)]]",12
"[[(1.81, 5.65), (9.69, 13.53)]]",16
"[[(13.84, 17.68), (0.67, 4.51)]]",16
"[[(6.87, 10.71), (27.27, 31.0)]]",16
"[[(10.45, 14.29), (4.89, 8.73)]]",16
"[[(17.99, 21.83), (5.45, 9.29)]]",16
"[[(12.35, 16.189999999999998), (11.12, 14.959999999999999)]]",12
"[[(15.8, 19.64), (27.3, 31.0)]]",16
"[[(8.05, 11.89), (3.54, 7.38)]]",12
"[[(15.38, 19.22), (11.49, 15.33)]]",16
"[[(18.45, 22.29), (27.03, 30.87)]]",12
"[[(24.62, 28.46), (4.83, 8.67)]]",16
"[[(0.0, 3.5), (16.37, 20.21)]]",16
"[[(27.62, 31.0), (21.39, 25.23)]]",16
"[[(1.28, 5.12), (9.21, 13.05)]]",16
"[[(4.59, 8.43), (7.13, 10.969999999999999)]]",12
"[[(8.41, 12.25), (19.83, 23.669999999999998)]]",16
"[[(17.68, 21.52), (17.67, 21.51)]]",16
"[[(3.57, 7.41), (15.79, 19.63)]]",16
"[[(23.71, 27.55), (1.3, 5.14)]]",16
"[[(24.26, 28.1), (12.28, 16.119999999999997)]]",16
"[[(12.07, 15.91), (20.05, 23.89)]]",9
"[[(4.35, 8.19), (24.49, 28.33)]]",16
"[[(4.07, 7.91), (16.17, 20.01)]]",12
"[[(25.96, 29.8), (24.92, 28.76)]]",16
"[[(16.75, 20.59), (0.67, 4.51)]]",16
"[[(10.63, 14.47), (25.25, 29.09)]]",16
"[[(10.3, 14.14), (10.47, 14.31)]]",16
"[[(12.25, 16.09), (23.22, 27.06)]]",16
"[[(12.45, 16.29), (24.28, 28.12)]]",16
"[[(23.45, 27.29), (3.3, 7.14)]]",16
"[[(8.51, 12.35), (24.99, 28.83)]]",16
"[[(10.49, 14.33), (23.78, 27.62)]]",16
"[[(25.52, 29.36), (19.45, 23.29)]]",16
"[[(19.83, 23.669999999999998), (0.95, 4.79)]]",16
"[[(11.25, 15.09), (14.95, 18.79)]]",16
"[[(6.68, 10.52), (1.11, 4.95)]]",12
"[[(14.41, 18.25), (9.66, 13.5)]]",16
"[[(0.0, 3.3499999999999996), (19.8, 23.64)]]",16
"[[(27.16, 31.0), (5.37, 9.21)]]",16
"[[(23.91, 27.75), (1.97, 5.81)]]",16
"[[(1.61, 5.45), (14.49, 18.33)]]",16
"[[(20.66, 24.5), (8.58, 12.42)]]",16
"[[(4.03, 7.87), (9.01, 12.85)]]",9
"[[(18.37, 22.21), (1.42, 5.26)]]",16
"[[(5.64, 9.48), (18.71, 22.55)]]",16
"[[(15.6, 19.439999999999998), (4.43, 8.27)]]",16
"[[(16.53, 20.37), (0.0, 3.3499999999999996)]]",16
"[[(3.53, 7.369999999999999), (13.76, 17.6)]]",16
"[[(17.01, 20.85), (11.67, 15.51)]]",12
"[[(9.76, 13.6), (4.62, 8.46)]]",16
"[[(11.01, 14.85), (2.88, 6.72)]]",12
"[[(15.5, 19.34), (23.43, 27.27)]]",16
"[[(24.57, 28.41), (3.62, 7.46)]]",16
"[[(10.57, 14.41), (10.0, 13.84)]]",16
"[[(13.19, 17.03), (8.74, 12.58)]]",16
"[[(16.84, 20.68), (4.53, 8.370000000000001)]]",16
"[[(11.98, 15.82), (9.68, 13.52)]]",16
"[[(12.74, 16.58), (14.64, 18.48)]]",16
"[[(15.71, 19.55), (13.35, 17.189999999999998)]]",16
"[[(22.65, 26.49), (12.36, 16.2)]]",16
"[[(14.94, 18.78), (21.83, 25.669999999999998)]]",16
"[[(24.91, 28.75), (11.74, 15.58)]]",16
"[[(10.21, 14.05), (24.92, 28.76)]]",16
"[[(24.58, 28.419999999999998), (1.51, 5.35)]]",16
"[[(26.28, 30.12), (13.47, 17.310000000000002)]]",16
"[[(19.57, 23.41), (10.01, 13.85)]]",12
"[[(7.66, 11.5), (1.16, 5.0)]]",16
"[[(8.25, 12.09), (11.29, 15.129999999999999)]]",16
"[[(5.31, 9.149999999999999), (25.49, 29.33)]]",16
"[[(2.39, 6.23), (0.37, 4.21)]]",16
"[[(8.79, 12.629999999999999), (24.89, 28.73)]]",16
"[[(4.06, 7.8999999999999995), (5.17, 9.01)]]",12
"[[(4.43, 8.27), (4.64, 8.48)]]",16
"[[(22.39, 26.23), (0.03, 3.8699999999999997)]]",12
"[[(1.26, 5.1), (14.0, 17.84)]]",16
"[[(1.56, 5.4), (20.25, 24.09)]]",16
"[[(20.34, 24.18), (1.25, 5.09)]]",16
"[[(8.01, 11.85), (14.31, 18.15)]]",12
"[[(3.53, 7.369999999999999), (21.71, 25.55)]]",16
"[[(23.48, 27.32), (26.93, 30.77)]]",16
"[[(8.59, 12.43), (0.0, 3.34)]]",16
"[[(9.95, 13.79), (26.64, 30.48)]]",16
"[[(23.4, 27.24), (16.18, 20.02)]]",16
"[[(18.71, 22.55), (13.66, 17.5)]]",16
"[[(0.0, 3.37), (7.51, 11.35)]]",16
"[[(22.81, 26.65), (3.15, 6.99)]]",12
"[[(0.84, 4.68), (20.21, 24.05)]]",16
"[[(0.45, 4.29), (9.73, 13.57)]]",16
"[[(14.84, 18.68), (15.8, 19.64)]]",16
"[[(9.36, 13.2), (23.66, 27.5)]]",16
"[[(13.09, 16.93), (8.51, 12.35)]]",12
"[[(21.49, 25.33), (19.1, 22.94)]]",12
"[[(22.88, 26.72), (6.28, 10.120000000000001)]]",16
"[[(5.47, 9.309999999999999), (4.42, 8.26)]]",16
"[[(9.06, 12.9), (0.0, 3.7399999999999998)]]",12
"[[(24.44, 28.28), (4.09, 7.93)]]",12
"[[(13.28, 17.119999999999997), (10.89, 14.73)]]",16
"[[(22.83, 26.669999999999998), (17.59, 21.43)]]",16
"[[(14.86, 18.7), (3.27, 7.109999999999999)]]",16
"[[(17.76, 21.6), (2.55, 6.39)]]",16
"[[(18.46, 22.3), (5.92, 9.76)]]",16
"[[(27.38, 31.0), (23.33, 27.169999999999998)]]",16
"[[(6.65, 10.49), (6.26, 10.1)]]",16
"[[(24.63, 28.47), (4.14, 7.9799999999999995)]]",12
"[[(26.95, 30.79), (22.92, 26.76)]]",16
"[[(3.3, 7.14), (11.06, 14.9)]]",12
"[[(25.08, 28.919999999999998), (17.98, 21.82)]]",12
"[[(19.14, 22.98), (2.38, 6.22)]]",12
"[[(5.0, 8.84), (16.0, 19.84)]]",16
"[[(20.31, 24.15), (6.03, 9.870000000000001)]]",12
"[[(17.25, 21.09), (1.78, 5.62)]]",16
"[[(12.12, 15.959999999999999), (20.32, 24.16)]]",12
"[[(18.42, 22.26), (15.27, 19.11)]]",16
"[[(15.44, 19.28), (9.4, 13.24)]]",16
"[[(5.32, 9.16), (2.75, 6.59)]]",16
"[[(22.91, 26.75), (9.23, 13.07)]]",16
"[[(12.37, 16.21), (19.69, 23.53)]]",16
"[[(6.82, 10.66), (20.51, 24.35)]]",16
"[[(26.23, 30.07), (24.36, 28.2)]]",16
"[[(23.56, 27.4), (23.17, 27.01)]]",16
"[[(25.49, 29.33), (2.46, 6.3)]]",16
"[[(25.42, 29.26), (24.21, 28.05)]]",16
"[[(19.72, 23.56), (10.52, 14.36)]]",16
"[[(20.04, 23.88), (23.88, 27.72)]]",12
"[[(16.62, 20.46), (23.46, 27.3)]]",16
"[[(18.34, 22.18), (17.68, 21.52)]]",16
"[[(20.61, 24.45), (23.75, 27.59)]]",16
"[[(5.97, 9.809999999999999), (7.7, 11.54)]]",16
"[[(13.26, 17.1), (15.84, 19.68)]]",16
"[[(8.89, 12.73), (19.53, 23.37)]]",16
"[[(16.58, 20.419999999999998), (12.01, 15.85)]]",12
"[[(27.61, 31.0), (24.2, 28.04)]]",16
"[[(8.86, 12.7), (16.86, 20.7)]]",16
"[[(16.24, 20.08), (18.16, 22.0)]]",16
"[[(4.15, 7.99), (8.63, 12.47)]]",12
"[[(21.95, 25.79), (19.49, 23.33)]]",16
"[[(12.36, 16.2), (23.39, 27.23)]]",16
"[[(22.76, 26.6), (12.47, 16.310000000000002)]]",16
"[[(15.43, 19.27), (26.61, 30.45)]]",16
"[[(8.75, 12.59), (5.87, 9.71)]]",16
"[[(22.21, 26.05), (25.99, 29.83)]]",16
"[[(18.39, 22.23), (18.17, 22.01)]]",16
"[[(19.29, 23.13), (3.16, 7.0)]]",16
"[[(14.72, 18.560000000000002), (20.45, 24.29)]]",16
"[[(5.98, 9.82), (0.0, 3.48)]]",16
"[[(5.42, 9.26), (5.49, 9.33)]]",16
"[[(18.18, 22.02), (0.56, 4.4)]]",16
"[[(20.07, 23.91), (8.77, 12.61)]]",12
"[[(13.48, 17.32), (12.75, 16.59)]]",16
"[[(11.41, 15.25), (14.02, 17.86)]]",12
"[[(2.61, 6.449999999999999), (20.2, 24.04)]]",16
"[[(14.39, 18.23), (7.4, 11.24)]]",16
"[[(26.39, 30.23), (18.46, 22.3)]]",16
"[[(2.74, 6.58), (11.53, 15.37)]]",16
"[[(17.02, 20.86), (18.85, 22.69)]]",12
"[[(13.98, 17.82), (22.68, 26.52)]]",16
"[[(14.6, 18.439999999999998), (14.95, 18.79)]]",16
"[[(7.27, 11.11), (24.2, 28.04)]]",16
"[[(16.4, 20.24), (21.59, 25.43)]]",16
"[[(19.42, 23.26), (14.97, 18.810000000000002)]]",16
"[[(5.55, 9.39), (3.96, 7.8)]]",16
"[[(0.0, 3.61), (4.6, 8.44)]]",16
"[[(17.71, 21.55), (21.48, 25.32)]]",16
"[[(13.96, 17.8), (4.62, 8.46)]]",16
"[[(1.65, 5.49), (13.97, 17.810000000000002)]]",16
"[[(0.0, 3.6599999999999997), (6.15, 9.99)]]",12
"[[(18.11, 21.95), (1.3, 5.14)]]",12
"[[(26.55, 30.39), (1.75, 5.59)]]",16
"[[(5.12, 8.96), (1.55, 5.39)]]",12
"[[(18.5, 22.34), (9.15, 12.99)]]",12
"[[(15.43, 19.27), (3.79, 7.63)]]",16
"[[(10.77, 14.61), (2.38, 6.22)]]",16
"[[(0.46, 4.3), (17.47, 21.31)]]",16
"[[(24.66, 28.5), (15.78, 19.619999999999997)]]",16
"[[(27.08, 30.919999999999998), (7.21, 11.05)]]",12
"[[(24.78, 28.62), (15.0, 18.84)]]",16
"[[(16.22, 20.06), (1.81, 5.65)]]",16
"[[(5.31, 9.149999999999999), (4.86, 8.7)]]",16
"[[(10.25, 14.09), (1.29, 5.13)]]",16
"[[(0.61, 4.45), (23.04, 26.88)]]",12
"[[(11.04, 14.879999999999999), (25.34, 29.18)]]",12
"[[(20.79, 24.63), (7.06, 10.899999999999999)]]",12
"[[(18.72, 22.56), (9.69, 13.53)]]",16
"[[(26.72, 30.56), (8.76, 12.6)]]",16
"[[(5.68, 9.52), (21.11, 24.95)]]",12
"[[(9.01, 12.85), (9.81, 13.65)]]",12
"[[(23.09, 26.93), (27.31, 31.0)]]",12
"[[(24.81, 28.65), (13.63, 17.47)]]",16
"[[(4.89, 8.73), (19.09, 22.93)]]",12
"[[(5.65, 9.49), (21.02, 24.86)]]",12
"[[(25.51, 29.35), (3.99, 7.83)]]",16
"[[(13.59, 17.43), (4.01, 7.85)]]",12
"[[(11.13, 14.97), (17.15, 20.99)]]",9
"[[(9.73, 13.57), (25.93, 29.77)]]",16
"[[(14.56, 18.4), (2.83, 6.67)]]",16
"[[(6.34, 10.18), (16.77, 20.61)]]",16
"[[(13.42, 17.259999999999998), (24.13, 27.97)]]",12
"[[(0.21, 4.05), (8.61, 12.45)]]",16
"[[(27.15, 30.99), (14.69, 18.53)]]",12
"[[(17.33, 21.169999999999998), (23.7, 27.54)]]",16
"[[(15.42, 19.259999999999998), (16.11, 19.95)]]",12
"[[(4.11, 7.95), (23.77, 27.61)]]",12
"[[(1.76, 5.6), (2.6, 6.4399999999999995)]]",16
"[[(8.49, 12.33), (25.31, 29.15)]]",16
"[[(23.55, 27.39), (25.23, 29.07)]]",16
"[[(12.59, 16.43), (11.46, 15.3)]]",16
"[[(23.02, 26.86), (23.82, 27.66)]]",12
"[[(17.63, 21.47), (8.68, 12.52)]]",16
"[[(9.1, 12.94), (26.33, 30.169999999999998)]]",12
"[[(12.79, 16.63), (21.13, 24.97)]]",12
"[[(27.38, 31.0), (4.12, 7.96)]]",12
"[[(13.94, 17.78), (14.83, 18.67)]]",16
"[[(21.51, 25.35), (18.73, 22.57)]]",16
"[[(24.9, 28.74), (14.04, 17.88)]]",12
"[[(0.5, 4.34), (2.5, 6.34)]]",16
"[[(10.97, 14.81), (24.76, 28.6)]]",16
"[[(11.89, 15.73), (13.82, 17.66)]]",16
"[[(13.5, 17.34), (11.11, 14.95)]]",12
"[[(14.96, 18.8), (2.94, 6.779999999999999)]]",16
"[[(6.55, 10.39), (16.6, 20.44)]]",16
"[[(0.89, 4.7299999999999995), (12.96, 16.8)]]",16
"[[(15.43, 19.27), (14.38, 18.22)]]",16
"[[(2.77, 6.609999999999999), (10.35, 14.19)]]",16
"[[(2.85, 6.6899999999999995), (23.02, 26.86)]]",12
"[[(7.99, 11.83), (8.43, 12.27)]]",16
"[[(4.31, 8.149999999999999), (1.18, 5.02)]]",16
"[[(14.5, 18.34), (11.56, 15.4)]]",16
"[[(16.97, 20.81), (23.24, 27.08)]]",16
"[[(22.85, 26.69), (18.31, 22.15)]]",16
"[[(4.68, 8.52), (26.45, 30.29)]]",16
"[[(20.88, 24.72), (21.05, 24.89)]]",12
"[[(11.04, 14.879999999999999), (6.4, 10.24)]]",12
"[[(12.94, 16.78), (17.87, 21.71)]]",16
"[[(0.49, 4.33), (12.84, 16.68)]]",16
"[[(1.86, 5.7), (4.19, 8.030000000000001)]]",16
"[[(17.89, 21.73), (5.33, 9.17)]]",16
"[[(19.92, 23.76), (13.03, 16.869999999999997)]]",12
"[[(22.41, 26.25), (2.12, 5.96)]]",12
"[[(18.99, 22.83), (27.65, 31.0)]]",16
"[[(21.61, 25.45), (25.93, 29.77)]]",16
"[[(19.41, 23.25), (4.6, 8.44)]]",16
"[[(15.87, 19.71), (18.86, 22.7)]]",16
"[[(20.52, 24.36), (27.61, 31.0)]]",16
"[[(8.21, 12.05), (1.78, 5.62)]]",16
"[[(16.14, 19.98), (24.11, 27.95)]]",9
"[[(21.02, 24.86), (15.58, 19.42)]]",12
"[[(0.09, 3.9299999999999997), (8.87, 12.709999999999999)]]",12
"[[(19.47, 23.31), (0.83, 4.67)]]",16
"[[(4.25, 8.09), (13.71, 17.55)]]",16
"[[(20.37, 24.21), (22.86, 26.7)]]",16
"[[(24.33, 28.169999999999998), (22.58, 26.419999999999998)]]",16
"[[(14.78, 18.619999999999997), (22.53, 26.37)]]",16
"[[(15.25, 19.09), (15.81, 19.65)]]",16
"[[(15.57, 19.41), (3.95, 7.79)]]",16
"[[(10.29, 14.129999999999999), (2.86, 6.699999999999999)]]",16
"[[(26.27, 30.11), (5.21, 9.05)]]",16
"[[(19.72, 23.56), (24.06, 27.9)]]",12
"[[(20.26, 24.1), (19.52, 23.36)]]",16
"[[(12.75, 16.59), (2.88, 6.72)]]",16
"[[(4.85, 8.69), (7.64, 11.48)]]",16
"[[(5.02, 8.86), (4.57, 8.41)]]",12
"[[(3.78, 7.619999999999999), (13.57, 17.41)]]",16
"[[(24.21, 28.05), (7.61, 11.45)]]",16
"[[(17.63, 21.47), (14.13, 17.97)]]",12
"[[(16.39, 20.23), (12.01, 15.85)]]",12
"[[(4.98, 8.82), (23.42, 27.26)]]",16
"[[(5.66, 9.5), (6.46, 10.3)]]",16
"[[(10.51, 14.35), (16.14, 19.98)]]",12
"[[(26.64, 30.48), (2.18, 6.02)]]",16
"[[(14.06, 17.9), (17.97, 21.81)]]",12
"[[(25.13, 28.97), (2.6, 6.4399999999999995)]]",12
"[[(19.93, 23.77), (12.61, 16.45)]]",16
"[[(13.7, 17.54), (27.15, 30.99)]]",12
"[[(6.05, 9.89), (3.48, 7.32)]]",12
"[[(23.23, 27.07), (4.48, 8.32)]]",16
"[[(13.53, 17.369999999999997), (11.72, 15.56)]]",16
"[[(18.17, 22.01), (15.16, 19.0)]]",16
"[[(13.93, 17.77), (25.89, 29.73)]]",16
"[[(6.68, 10.52), (24.22, 28.06)]]",16
"[[(18.57, 22.41), (5.72, 9.559999999999999)]]",16
"[[(0.26, 4.1), (25.23, 29.07)]]",16
"[[(16.56, 20.4), (24.21, 28.05)]]",16
"[[(27.53, 31.0), (17.86, 21.7)]]",16
"[[(11.61, 15.45), (1.26, 5.1)]]",16
"[[(19.36, 23.2), (21.76, 25.6)]]",16
"[[(23.26, 27.1), (6.15, 9.99)]]",12
"[[(13.05, 16.89), (0.0, 3.7199999999999998)]]",12
"[[(10.9, 14.74), (21.56, 25.4)]]",16
"[[(16.31, 20.15), (3.0, 6.84)]]",16
"[[(11.54, 15.379999999999999), (12.38, 16.22)]]",16
"[[(9.14, 12.98), (11.08, 14.92)]]",9
"[[(12.38, 16.22), (18.84, 22.68)]]",16
"[[(24.04, 27.88), (26.91, 30.75)]]",12
"[[(11.54, 15.379999999999999), (19.94, 23.78)]]",16
"[[(12.49, 16.33), (26.79, 30.63)]]",16
"[[(19.43, 23.27), (3.19, 7.029999999999999)]]",16
"[[(10.19, 14.03), (18.43, 22.27)]]",16
"[[(22.47, 26.31), (27.42, 31.0)]]",16
"[[(12.33, 16.17), (1.66, 5.5)]]",16
"[[(12.21, 16.05), (1.99, 5.83)]]",16
"[[(1.09, 4.93), (16.72, 20.56)]]",12
"[[(10.5, 14.34), (26.73, 30.57)]]",16
"[[(21.12, 24.96), (3.04, 6.88)]]",9
"[[(21.57, 25.41), (4.55, 8.39)]]",16
"[[(16.96, 20.8), (9.24, 13.08)]]",16
"[[(12.74, 16.58), (3.59, 7.43)]]",16
"[[(5.6, 9.44), (25.49, 29.33)]]",16
"[[(0.6, 4.4399999999999995), (24.3, 28.14)]]",16
"[[(24.25, 28.09), (7.87, 11.71)]]",16
"[[(0.21, 4.05), (20.2, 24.04)]]",16
"[[(13.03, 16.869999999999997), (23.74, 27.58)]]",12
"[[(2.6, 6.4399999999999995), (14.98, 18.82)]]",16
"[[(16.83, 20.669999999999998), (2.88, 6.72)]]",16
"[[(20.51, 24.35), (18.71, 22.55)]]",16
"[[(24.69, 28.53), (13.26, 17.1)]]",16
"[[(2.65, 6.49), (21.89, 25.73)]]",16
"[[(0.81, 4.65), (19.27, 23.11)]]",16
"[[(13.41, 17.25), (7.43, 11.27)]]",16
"[[(15.97, 19.810000000000002), (27.15, 30.99)]]",12
"[[(2.72, 6.5600000000000005), (7.42, 11.26)]]",16
"[[(18.38, 22.22), (24.37, 28.21)]]",16
"[[(7.2, 11.04), (24.09, 27.93)]]",12
"[[(25.64, 29.48), (24.04, 27.88)]]",12
"[[(27.31, 31.0), (26.61, 30.45)]]",16
"[[(10.29, 14.129999999999999), (14.52, 18.36)]]",16
"[[(24.02, 27.86), (4.88, 8.719999999999999)]]",12
"[[(14.62, 18.46), (3.77, 7.609999999999999)]]",16
"[[(8.12, 11.959999999999999), (23.57, 27.41)]]",12
"[[(2.95, 6.79), (11.61, 15.45)]]",16
"[[(18.9, 22.74), (15.83, 19.67)]]",16
"[[(16.66, 20.5), (17.56, 21.4)]]",16
"[[(18.76, 22.6), (3.69, 7.529999999999999)]]",16
"[[(10.01, 13.85), (24.46, 28.3)]]",12
"[[(5.69, 9.530000000000001), (2.64, 6.48)]]",16
"[[(1.3, 5.14), (20.13, 23.97)]]",12
"[[(7.85, 11.69), (8.74, 12.58)]]",16
"[[(4.61, 8.45), (4.94, 8.780000000000001)]]",16
"[[(23.29, 27.13), (23.4, 27.24)]]",16
"[[(15.86, 19.7), (0.06, 3.9)]]",12
"[[(9.47, 13.31), (12.13, 15.97)]]",12
"[[(21.27, 25.11), (9.18, 13.02)]]",16
"[[(16.57, 20.41), (15.36, 19.2)]]",16
"[[(13.05, 16.89), (26.41, 30.25)]]",12
"[[(26.17, 30.01), (11.25, 15.09)]]",16
"[[(10.69, 14.53), (-0.0, 3.84)]]",16
"[[(24.95, 28.79), (10.15, 13.99)]]",12
"[[(24.01, 27.85), (0.34, 4.18)]]",12
"[[(26.31, 30.15), (4.93, 8.77)]]",16
"[[(24.62, 28.46), (17.3, 21.14)]]",16
"[[(4.34, 8.18), (20.69, 24.53)]]",16
"[[(14.25, 18.09), (25.67, 29.51)]]",16
"[[(20.52, 24.36), (20.85, 24.69)]]",16
"[[(21.91, 25.75), (14.47, 18.310000000000002)]]",16
"[[(0.0, 3.69), (17.1, 20.94)]]",12
"[[(16.55, 20.39), (14.43, 18.27)]]",16
"[[(8.41, 12.25), (19.89, 23.73)]]",16
"[[(19.81, 23.65), (17.31, 21.15)]]",16
"[[(24.87, 28.71), (0.0, 3.61)]]",16
"[[(11.76, 15.6), (25.97, 29.81)]]",16
"[[(26.4, 30.24), (12.56, 16.4)]]",16
"[[(20.49, 24.33), (0.12, 3.96)]]",12
"[[(12.39, 16.23), (13.07, 16.91)]]",12
"[[(26.74, 30.58), (9.51, 13.35)]]",16
"[[(22.86, 26.7), (5.39, 9.23)]]",16
"[[(26.27, 30.11), (16.59, 20.43)]]",16
"[[(9.51, 13.35), (11.91, 15.75)]]",16
"[[(20.51, 24.35), (16.83, 20.669999999999998)]]",16
"[[(25.27, 29.11), (14.82, 18.66)]]",16
"[[(11.08, 14.92), (7.01, 10.85)]]",9
"[[(14.23, 18.07), (25.27, 29.11)]]",16
"[[(12.91, 16.75), (17.34, 21.18)]]",16
"[[(16.99, 20.83), (3.83, 7.67)]]",16
"[[(14.9, 18.740000000000002), (9.72, 13.56)]]",16
"[[(4.07, 7.91), (22.48, 26.32)]]",12
"[[(2.07, 5.91), (13.69, 17.53)]]",12
"[[(18.5, 22.34), (9.81, 13.65)]]",16
"[[(14.97, 18.810000000000002), (21.49, 25.33)]]",16
"[[(6.57, 10.41), (3.47, 7.3100000000000005)]]",16
"[[(25.74, 29.58), (14.64, 18.48)]]",16
"[[(9.76, 13.6), (16.79, 20.63)]]",16
"[[(14.39, 18.23), (4.73, 8.57)]]",16
"[[(18.19, 22.03), (22.56, 26.4)]]",16
"[[(14.61, 18.45), (9.44, 13.28)]]",16
"[[(26.43, 30.27), (26.41, 30.25)]]",16
"[[(17.91, 21.75), (25.67, 29.51)]]",16
"[[(27.1, 30.94), (15.8, 19.64)]]",12
"[[(4.56, 8.399999999999999), (25.85, 29.69)]]",16
"[[(2.07, 5.91), (15.28, 19.119999999999997)]]",12
"[[(21.77, 25.61), (8.07, 11.91)]]",12
"[[(21.65, 25.49), (14.73, 18.57)]]",16
"[[(26.46, 30.3), (12.12, 15.959999999999999)]]",12
"[[(22.07, 25.91), (22.12, 25.96)]]",9
"[[(25.25, 29.09), (9.63, 13.47)]]",16
"[[(3.82, 7.66), (14.41, 18.25)]]",16
"[[(19.59, 23.43), (4.53, 8.370000000000001)]]",16
"[[(7.5, 11.34), (8.21, 12.05)]]",16
"[[(1.75, 5.59), (1.08, 4.92)]]",12
"[[(16.56, 20.4), (15.09, 18.93)]]",12
"[[(24.62, 28.46), (27.06, 30.9)]]",12
"[[(23.71, 27.55), (11.61, 15.45)]]",16
"[[(13.87, 17.71), (0.91, 4.75)]]",16
"[[(5.25, 9.09), (17.56, 21.4)]]",16
"[[(12.61, 16.45), (16.14, 19.98)]]",12
"[[(21.12, 24.96), (9.95, 13.79)]]",12
"[[(27.41, 31.0), (10.7, 14.54)]]",16
"[[(0.5, 4.34), (6.53, 10.370000000000001)]]",16
"[[(15.44, 19.28), (10.25, 14.09)]]",16
"[[(1.52, 5.359999999999999), (25.87, 29.71)]]",16
"[[(18.51, 22.35), (14.38, 18.22)]]",16
"[[(0.0, 3.5999999999999996), (2.47, 6.3100000000000005)]]",16
"[[(26.76, 30.6), (2.24, 6.08)]]",16
"[[(26.75, 30.59), (22.26, 26.1)]]",16
"[[(10.69, 14.53), (14.41, 18.25)]]",16
"[[(0.39, 4.2299999999999995), (4.04, 7.88)]]",12
"[[(15.74, 19.58), (25.92, 29.76)]]",16
"[[(22.55, 26.39), (0.82, 4.66)]]",16
"[[(24.34, 28.18), (10.11, 13.95)]]",12
"[[(16.73, 20.57), (3.57, 7.41)]]",16
"[[(16.43, 20.27), (11.18, 15.02)]]",16
"[[(5.58, 9.42), (14.59, 18.43)]]",16
"[[(2.04, 5.88), (7.68, 11.52)]]",12
"[[(20.78, 24.62), (2.71, 6.55)]]",16
"[[(4.1, 7.9399999999999995), (4.25, 8.09)]]",12
"[[(7.61, 11.45), (18.85, 22.69)]]",16
"[[(9.78, 13.62), (16.02, 19.86)]]",12
"[[(24.46, 28.3), (3.61, 7.449999999999999)]]",16
"[[(4.23, 8.07), (7.75, 11.59)]]",16
"[[(4.03, 7.87), (0.0, 3.73)]]",12
"[[(9.11, 12.95), (10.72, 14.56)]]",12
"[[(27.14, 30.98), (25.52, 29.36)]]",12
"[[(8.07, 11.91), (21.9, 25.74)]]",12
"[[(15.52, 19.36), (19.05, 22.89)]]",12
"[[(10.95, 14.79), (22.95, 26.79)]]",16
"[[(11.73, 15.57), (10.71, 14.55)]]",16
"[[(8.3, 12.14), (17.19, 21.03)]]",16
"[[(20.21, 24.05), (24.16, 28.0)]]",16
"[[(0.0, 3.4299999999999997), (19.66, 23.5)]]",16
"[[(7.75, 11.59), (21.77, 25.61)]]",16
"[[(10.05, 13.89), (6.01, 9.85)]]",9
"[[(21.62, 25.46), (17.3, 21.14)]]",16
"[[(2.38, 6.22), (9.52, 13.36)]]",16
"[[(12.4, 16.240000000000002), (4.85, 8.69)]]",16
"[[(26.96, 30.8), (0.95, 4.79)]]",16
"[[(24.44, 28.28), (13.09, 16.93)]]",12
"[[(16.57, 20.41), (13.86, 17.7)]]",16
"[[(17.94, 21.78), (12.0, 15.84)]]",16
"[[(5.93, 9.77), (9.47, 13.31)]]",16
"[[(6.86, 10.7), (10.25, 14.09)]]",16
"[[(26.44, 30.28), (17.39, 21.23)]]",16
"[[(1.93, 5.77), (12.04, 15.879999999999999)]]",12
"[[(12.62, 16.46), (9.83, 13.67)]]",16
"[[(11.04, 14.879999999999999), (22.19, 26.03)]]",12
"[[(2.51, 6.35), (1.23, 5.07)]]",16
"[[(16.86, 20.7), (6.09, 9.93)]]",12
"[[(15.9, 19.740000000000002), (12.33, 16.17)]]",16
"[[(4.24, 8.08), (25.56, 29.4)]]",16
"[[(13.07, 16.91), (1.97, 5.81)]]",12
"[[(6.24, 10.08), (4.57, 8.41)]]",16
"[[(10.04, 13.879999999999999), (6.55, 10.39)]]",12
"[[(16.91, 20.75), (12.22, 16.060000000000002)]]",16
"[[(13.38, 17.22), (23.78, 27.62)]]",16
"[[(14.78, 18.619999999999997), (12.92, 16.759999999999998)]]",16
"[[(27.02, 30.86), (4.98, 8.82)]]",12
"[[(25.03, 28.87), (16.2, 20.04)]]",12
"[[(8.31, 12.15), (2.81, 6.65)]]",16
"[[(4.84, 8.68), (25.77, 29.61)]]",16
"[[(26.8, 30.64), (4.78, 8.620000000000001)]]",16
"[[(11.18, 15.02), (27.63, 31.0)]]",16
"[[(7.56, 11.399999999999999), (5.76, 9.6)]]",16
"[[(12.53, 16.369999999999997), (12.75, 16.59)]]",16
"[[(23.84, 27.68), (19.18, 23.02)]]",16
"[[(24.16, 28.0), (11.35, 15.19)]]",16
"[[(9.38, 13.22), (8.53, 12.37)]]",16
"[[(6.56, 10.399999999999999), (27.3, 31.0)]]",16
"[[(0.46, 4.3), (17.07, 20.91)]]",12
"[[(17.61, 21.45), (8.56, 12.4)]]",16
"[[(6.08, 9.92), (0.44, 4.28)]]",12
"[[(18.67, 22.51), (11.12, 14.959999999999999)]]",12
"[[(1.57, 5.41), (7.28, 11.120000000000001)]]",16
"[[(6.23, 10.07), (24.73, 28.57)]]",16
"[[(15.03, 18.869999999999997), (19.17, 23.01)]]",12
"[[(14.24, 18.08), (24.94, 28.78)]]",16
"[[(17.52, 21.36), (22.61, 26.45)]]",16
"[[(10.15, 13.99), (3.68, 7.52)]]",12
"[[(7.56, 11.399999999999999), (9.83, 13.67)]]",16
"[[(16.43, 20.27), (9.95, 13.79)]]",16
"[[(20.21, 24.05), (11.7, 15.54)]]",16
"[[(10.0, 13.84), (16.01, 19.85)]]",12
"[[(12.47, 16.310000000000002), (10.63, 14.47)]]",16
"[[(26.41, 30.25), (6.87, 10.71)]]",16
"[[(8.44, 12.28), (26.68, 30.52)]]",16
"[[(23.55, 27.39), (21.27, 25.11)]]",16
"[[(7.68, 11.52), (2.39, 6.23)]]",16
"[[(10.54, 14.379999999999999), (6.81, 10.649999999999999)]]",16
"[[(0.0, 3.76), (11.28, 15.12)]]",16
"[[(20.01, 23.85), (12.49, 16.33)]]",12
"[[(24.78, 28.62), (10.59, 14.43)]]",16
"[[(27.48, 31.0), (1.1, 4.9399999999999995)]]",12
"[[(10.15, 13.99), (1.57, 5.41)]]",12
"[[(25.92, 29.76), (8.99, 12.83)]]",16
"[[(26.26, 30.1), (5.74, 9.58)]]",16
"[[(11.98, 15.82), (3.93, 7.77)]]",16
"[[(20.95, 24.79), (18.75, 22.59)]]",16
"[[(5.82, 9.66), (24.24, 28.08)]]",16
"[[(20.24, 24.08), (9.55, 13.39)]]",16
"[[(18.4, 22.24), (17.21, 21.05)]]",16
"[[(12.51, 16.35), (22.0, 25.84)]]",16
"[[(3.73, 7.57), (22.2, 26.04)]]",16
"[[(27.23, 31.0), (11.11, 14.95)]]",12
"[[(10.67, 14.51), (3.91, 7.75)]]",16
"[[(26.7, 30.54), (10.86, 14.7)]]",16
"[[(27.54, 31.0), (26.41, 30.25)]]",16
"[[(25.55, 29.39), (4.51, 8.35)]]",16
"[[(23.95, 27.79), (19.08, 22.919999999999998)]]",12
"[[(9.18, 13.02), (18.88, 22.72)]]",16
"[[(19.87, 23.71), (14.95, 18.79)]]",16
"[[(22.86, 26.7), (25.25, 29.09)]]",16
"[[(2.56, 6.4), (22.7, 26.54)]]",16
"[[(19.36, 23.2), (4.68, 8.52)]]",16
"[[(9.27, 13.11), (18.17, 22.01)]]",16
"[[(9.44, 13.28), (27.24, 31.0)]]",16
"[[(0.76, 4.6), (22.35, 26.19)]]",16
"[[(3.36, 7.199999999999999), (17.52, 21.36)]]",16
"[[(15.06, 18.9), (3.75, 7.59)]]",12
"[[(7.14, 10.98), (1.63, 5.47)]]",12
"[[(14.77, 18.61), (4.74, 8.58)]]",16
"[[(26.5, 30.34), (22.11, 25.95)]]",12
"[[(5.58, 9.42), (12.63, 16.47)]]",16
"[[(1.79, 5.63), (6.0, 9.84)]]",16
"[[(1.43, 5.27), (14.99, 18.83)]]",16
"[[(25.58, 29.419999999999998), (5.83, 9.67)]]",16
"[[(9.8, 13.64), (4.88, 8.719999999999999)]]",16
"[[(2.34, 6.18), (0.23, 4.07)]]",16
"[[(7.87, 11.71), (18.98, 22.82)]]",16
"[[(12.87, 16.71), (11.09, 14.93)]]",12
"[[(10.11, 13.95), (0.16, 4.0)]]",12
"[[(6.19, 10.030000000000001), (17.36, 21.2)]]",16
"[[(15.5, 19.34), (11.89, 15.73)]]",16
"[[(13.25, 17.09), (10.16, 14.0)]]",16
"[[(17.76, 21.6), (9.29, 13.129999999999999)]]",16
"[[(10.67, 14.51), (24.59, 28.43)]]",16
"[[(19.45, 23.29), (21.71, 25.55)]]",16
"[[(15.01, 18.85), (26.39, 30.23)]]",12
"[[(20.86, 24.7), (11.05, 14.89)]]",12
"[[(11.95, 15.79), (19.68, 23.52)]]",16
"[[(7.49, 11.33), (11.39, 15.23)]]",16
"[[(21.34, 25.18), (0.0, 3.6399999999999997)]]",16
"[[(11.3, 15.14), (12.46, 16.3)]]",16
"[[(8.58, 12.42), (0.0, 3.36)]]",16
"[[(17.2, 21.04), (9.57, 13.41)]]",16
"[[(10.98, 14.82), (20.63, 24.47)]]",16
"[[(15.94, 19.78), (10.68, 14.52)]]",16
"[[(7.05, 10.89), (15.33, 19.17)]]",12
"[[(12.06, 15.9), (13.57, 17.41)]]",12
"[[(15.81, 19.65), (18.27, 22.11)]]",16
"[[(12.74, 16.58), (8.99, 12.83)]]",16
"[[(14.43, 18.27), (12.46, 16.3)]]",16
"[[(0.0, 3.54), (2.82, 6.66)]]",16
"[[(22.94, 26.78), (8.4, 12.24)]]",16
"[[(1.02, 4.859999999999999), (3.54, 7.38)]]",12
"[[(5.94, 9.780000000000001), (25.5, 29.34)]]",16
"[[(15.17, 19.009999999999998), (24.36, 28.2)]]",16
"[[(24.72, 28.56), (8.11, 11.95)]]",12
"[[(14.18, 18.02), (10.16, 14.0)]]",16
"[[(19.76, 23.6), (8.67, 12.51)]]",16
"[[(11.55, 15.39), (25.69, 29.53)]]",16
"[[(11.14, 14.98), (22.14, 25.98)]]",9
"[[(7.61, 11.45), (1.29, 5.13)]]",16
"[[(5.02, 8.86), (18.79, 22.63)]]",12
"[[(11.85, 15.69), (13.17, 17.009999999999998)]]",16
"[[(17.44, 21.28), (6.22, 10.059999999999999)]]",16
"[[(20.73, 24.57), (5.94, 9.780000000000001)]]",16
"[[(12.23, 16.07), (25.69, 29.53)]]",16
"[[(10.94, 14.78), (13.04, 16.88)]]",12
"[[(24.62, 28.46), (2.81, 6.65)]]",16
"[[(11.71, 15.55), (15.98, 19.82)]]",16
"[[(15.81, 19.65), (24.27, 28.11)]]",16
"[[(24.6, 28.44), (9.3, 13.14)]]",16
"[[(11.71, 15.55), (20.12, 23.96)]]",12
"[[(3.71, 7.55), (22.15, 25.99)]]",12
"[[(13.36, 17.2), (23.82, 27.66)]]",16
"[[(19.47, 23.31), (8.29, 12.129999999999999)]]",16
"[[(12.82, 16.66), (16.49, 20.33)]]",16
"[[(27.32, 31.0), (1.04, 4.88)]]",12
"[[(6.09, 9.93), (13.36, 17.2)]]",12
"[[(12.14, 15.98), (9.72, 13.56)]]",12
"[[(15.29, 19.13), (10.19, 14.03)]]",16
"[[(24.54, 28.38), (26.02, 29.86)]]",12
"[[(20.4, 24.24), (14.9, 18.740000000000002)]]",16
"[[(7.69, 11.530000000000001), (21.3, 25.14)]]",16
"[[(11.43, 15.27), (7.51, 11.35)]]",16
"[[(9.89, 13.73), (19.61, 23.45)]]",16
"[[(25.38, 29.22), (1.46, 5.3)]]",16
"[[(18.93, 22.77), (20.2, 24.04)]]",16
"[[(16.12, 19.96), (26.65, 30.49)]]",12
"[[(19.32, 23.16), (14.73, 18.57)]]",16
"[[(13.31, 17.15), (9.14, 12.98)]]",12
"[[(4.47, 8.309999999999999), (1.51, 5.35)]]",16
"[[(13.68, 17.52), (5.62, 9.46)]]",16
"[[(6.93, 10.77), (21.44, 25.28)]]",16
"[[(26.41, 30.25), (23.16, 27.0)]]",16
"[[(10.85, 14.69), (13.59, 17.43)]]",16
"[[(14.74, 18.58), (2.94, 6.779999999999999)]]",16
"[[(22.92, 26.76), (11.66, 15.5)]]",16
"[[(13.05, 16.89), (16.86, 20.7)]]",12
"[[(18.82, 22.66), (21.19, 25.03)]]",16
"[[(13.4, 17.240000000000002), (4.29, 8.129999999999999)]]",16
"[[(8.95, 12.79), (17.03, 20.87)]]",12
"[[(2.55, 6.39), (21.0, 24.84)]]",16
"[[(1.26, 5.1), (15.59, 19.43)]]",16
"[[(4.55, 8.39), (12.31, 16.15)]]",16
"[[(12.17, 16.009999999999998), (20.84, 24.68)]]",16
"[[(20.04, 23.88), (20.41, 24.25)]]",12
"[[(4.43, 8.27), (26.43, 30.27)]]",16
"[[(16.09, 19.93), (24.82, 28.66)]]",12
"[[(4.99, 8.83), (11.73, 15.57)]]",16
"[[(11.32, 15.16), (24.64, 28.48)]]",16
"[[(19.08, 22.919999999999998), (13.66, 17.5)]]",12
"[[(8.68, 12.52), (3.04, 6.88)]]",12
"[[(26.3, 30.14), (27.63, 31.0)]]",16
"[[(2.59, 6.43), (6.62, 10.46)]]",16
"[[(21.78, 25.62), (1.52, 5.359999999999999)]]",16
"[[(5.79, 9.629999999999999), (21.59, 25.43)]]",16
"[[(1.82, 5.66), (2.5, 6.34)]]",16
"[[(8.63, 12.47), (25.47, 29.31)]]",16
"[[(10.19, 14.03), (7.35, 11.19)]]",16
"[[(21.96, 25.8), (7.29, 11.129999999999999)]]",16
"[[(9.28, 13.12), (5.33, 9.17)]]",16
"[[(5.47, 9.309999999999999), (1.91, 5.75)]]",16
"[[(5.58, 9.42), (9.98, 13.82)]]",16
"[[(21.46, 25.3), (16.14, 19.98)]]",12
"[[(20.26, 24.1), (21.12, 24.96)]]",12
"[[(22.06, 25.9), (20.89, 24.73)]]",12
"[[(1.64, 5.4799999999999995), (0.7, 4.54)]]",16
"[[(11.33, 15.17), (21.19, 25.03)]]",16
"[[(24.61, 28.45), (26.51, 30.35)]]",16
"[[(16.62, 20.46), (20.69, 24.53)]]",16
"[[(19.78, 23.62), (15.15, 18.990000000000002)]]",12
"[[(27.05, 30.89), (27.07, 30.91)]]",9
"[[(10.4, 14.24), (19.56, 23.4)]]",16
"[[(12.38, 16.22), (15.63, 19.47)]]",16
"[[(26.27, 30.11), (15.84, 19.68)]]",16
"[[(16.54, 20.38), (0.82, 4.66)]]",16
"[[(25.67, 29.51), (26.04, 29.88)]]",12
"[[(11.75, 15.59), (3.11, 6.949999999999999)]]",12
"[[(13.9, 17.740000000000002), (17.7, 21.54)]]",16
"[[(12.22, 16.060000000000002), (9.52, 13.36)]]",16
"[[(25.22, 29.06), (18.22, 22.06)]]",16
"[[(3.41, 7.25), (23.63, 27.47)]]",16
"[[(7.27, 11.11), (2.75, 6.59)]]",16
"[[(1.02, 4.859999999999999), (2.22, 6.0600000000000005)]]",12
"[[(20.4, 24.24), (2.02, 5.859999999999999)]]",12
"[[(3.53, 7.369999999999999), (25.68, 29.52)]]",16
"[[(9.39, 13.23), (7.62, 11.46)]]",16
"[[(13.56, 17.4), (27.22, 31.0)]]",16
"[[(16.7, 20.54), (12.75, 16.59)]]",16
"[[(19.25, 23.09), (19.46, 23.3)]]",16
"[[(9.87, 13.709999999999999), (0.3, 4.14)]]",16
"[[(17.36, 21.2), (21.39, 25.23)]]",16
"[[(22.37, 26.21), (2.12, 5.96)]]",12
"[[(8.62, 12.459999999999999), (10.76, 14.6)]]",16
"[[(14.44, 18.28), (11.8, 15.64)]]",16
"[[(26.22, 30.06), (2.99, 6.83)]]",16
"[[(25.64, 29.48), (4.07, 7.91)]]",12
"[[(5.54, 9.379999999999999), (18.29, 22.13)]]",16
"[[(11.12, 14.959999999999999), (15.31, 19.15)]]",12
"[[(14.27, 18.11), (25.01, 28.85)]]",12
"[[(10.0, 13.84), (6.86, 10.7)]]",16
"[[(17.47, 21.31), (6.55, 10.39)]]",16
"[[(5.72, 9.559999999999999), (19.81, 23.65)]]",16
"[[(0.58, 4.42), (20.08, 23.919999999999998)]]",12
"[[(5.49, 9.33), (14.54, 18.38)]]",16
"[[(0.47, 4.31), (19.13, 22.97)]]",12
"[[(9.29, 13.129999999999999), (1.51, 5.35)]]",16
"[[(21.51, 25.35), (15.74, 19.58)]]",16
"[[(24.14, 27.98), (11.63, 15.47)]]",12
"[[(16.69, 20.53), (24.76, 28.6)]]",16
"[[(26.21, 30.05), (24.27, 28.11)]]",16
"[[(11.86, 15.7), (21.14, 24.98)]]",12
"[[(21.88, 25.72), (0.0, 3.7399999999999998)]]",16
"[[(21.91, 25.75), (6.3, 10.14)]]",16
"[[(25.86, 29.7), (8.4, 12.24)]]",16
"[[(19.16, 23.0), (24.42, 28.26)]]",16
"[[(5.0, 8.84), (19.48, 23.32)]]",16
"[[(24.57, 28.41), (0.0, 3.5)]]",16
"[[(5.6, 9.44), (3.93, 7.77)]]",16
"[[(11.19, 15.03), (23.47, 27.31)]]",16
"[[(24.97, 28.81), (25.71, 29.55)]]",16
"[[(26.56, 30.4), (19.32, 23.16)]]",16
"[[(21.35, 25.19), (17.86, 21.7)]]",16
"[[(7.95, 11.79), (5.83, 9.67)]]",16
"[[(13.91, 17.75), (25.6, 29.44)]]",16
"[[(19.74, 23.58), (5.57, 9.41)]]",16
"[[(24.54, 28.38), (19.17, 23.01)]]",16
"[[(5.03, 8.870000000000001), (11.28, 15.12)]]",12
"[[(3.71, 7.55), (26.03, 29.87)]]",12
"[[(0.75, 4.59), (21.05, 24.89)]]",12
"[[(7.48, 11.32), (23.49, 27.33)]]",16
"[[(19.77, 23.61), (8.81, 12.65)]]",16
"[[(0.0, 3.57), (2.44, 6.279999999999999)]]",16
"[[(25.56, 29.4), (16.48, 20.32)]]",16
"[[(9.69, 13.53), (21.76, 25.6)]]",16
"[[(26.95, 30.79), (1.12, 4.96)]]",12
"[[(16.14, 19.98), (2.38, 6.22)]]",12
"[[(19.16, 23.0), (18.74, 22.58)]]",16
"[[(26.29, 30.13), (5.9, 9.74)]]",16
"[[(21.33, 25.169999999999998), (25.86, 29.7)]]",16
"[[(6.53, 10.370000000000001), (6.53, 10.370000000000001)]]",16
"[[(19.46, 23.3), (11.08, 14.92)]]",12
"[[(23.52, 27.36), (11.14, 14.98)]]",12
"[[(11.31, 15.15), (18.68, 22.52)]]",16
"[[(24.6, 28.44), (22.81, 26.65)]]",16
"[[(22.76, 26.6), (0.14, 3.98)]]",12
"[[(21.2, 25.04), (10.44, 14.28)]]",16
"[[(6.44, 10.280000000000001), (4.24, 8.08)]]",16
"[[(2.25, 6.09), (27.54, 31.0)]]",16
"[[(19.49, 23.33), (8.66, 12.5)]]",16
"[[(10.04, 13.879999999999999), (15.05, 18.89)]]",9
"[[(3.46, 7.3), (17.01, 20.85)]]",12
"[[(7.97, 11.809999999999999), (14.74, 18.58)]]",16
"[[(26.96, 30.8), (11.92, 15.76)]]",16
"[[(14.61, 18.45), (1.51, 5.35)]]",16
"[[(18.22, 22.06), (14.37, 18.21)]]",16
"[[(26.84, 30.68), (16.9, 20.74)]]",16
"[[(21.45, 25.29), (2.55, 6.39)]]",16
"[[(19.49, 23.33), (18.28, 22.12)]]",16
"[[(9.61, 13.45), (14.5, 18.34)]]",16
"[[(0.49, 4.33), (9.7, 13.54)]]",16
"[[(16.33, 20.169999999999998), (22.14, 25.98)]]",12
"[[(15.8, 19.64), (18.45, 22.29)]]",16
"[[(17.3, 21.14), (24.04, 27.88)]]",12
"[[(12.35, 16.189999999999998), (2.75, 6.59)]]",16
"[[(14.52, 18.36), (7.1, 10.94)]]",12
"[[(26.11, 29.95), (27.32, 31.0)]]",12
"[[(18.81, 22.65), (11.38, 15.22)]]",16
"[[(21.91, 25.75), (13.65, 17.490000000000002)]]",16
"[[(24.38, 28.22), (0.0, 3.69)]]",16
"[[(16.33, 20.169999999999998), (11.07, 14.91)]]",12
"[[(9.67, 13.51), (14.69, 18.53)]]",16
"[[(3.72, 7.5600000000000005), (7.09, 10.93)]]",12
"[[(2.36, 6.199999999999999), (11.4, 15.24)]]",16
"[[(10.41, 14.25), (3.52, 7.359999999999999)]]",16
"[[(1.9, 5.74), (6.98, 10.82)]]",16
"[[(19.78, 23.62), (11.19, 15.03)]]",16
"[[(17.02, 20.86), (22.13, 25.97)]]",9
"[[(3.94, 7.779999999999999), (19.44, 23.28)]]",16
"[[(15.74, 19.58), (10.53, 14.37)]]",16
"[[(5.2, 9.04), (11.81, 15.65)]]",16
"[[(19.25, 23.09), (8.1, 11.94)]]",12
"[[(22.94, 26.78), (20.95, 24.79)]]",16
"[[(9.97, 13.81), (25.16, 29.0)]]",16
"[[(14.76, 18.6), (10.4, 14.24)]]",16
"[[(22.66, 26.5), (20.54, 24.38)]]",16
"[[(23.71, 27.55), (13.27, 17.11)]]",16
"[[(19.61, 23.45), (6.28, 10.120000000000001)]]",16
"[[(5.32, 9.16), (15.22, 19.060000000000002)]]",16
"[[(9.84, 13.68), (19.56, 23.4)]]",16
"[[(4.17, 8.01), (16.81, 20.65)]]",16
"[[(1.39, 5.2299999999999995), (18.5, 22.34)]]",16
"[[(2.47, 6.3100000000000005), (25.74, 29.58)]]",16
"[[(4.44, 8.280000000000001), (5.77, 9.61)]]",16
"[[(25.55, 29.39), (19.87, 23.71)]]",16
"[[(5.96, 9.8), (0.0, 3.4299999999999997)]]",16
"[[(20.36, 24.2), (5.79, 9.629999999999999)]]",16
"[[(16.52, 20.36), (26.08, 29.919999999999998)]]",12
"[[(8.21, 12.05), (18.03, 21.87)]]",12
"[[(19.89, 23.73), (11.09, 14.93)]]",12
"[[(23.75, 27.59), (27.07, 30.91)]]",12
"[[(4.39, 8.23), (17.14, 20.98)]]",12
"[[(6.71, 10.55), (23.87, 27.71)]]",16
"[[(15.25, 19.09), (1.89, 5.7299999999999995)]]",16
"[[(14.5, 18.34), (7.82, 11.66)]]",16
"[[(7.67, 11.51), (10.44, 14.28)]]",16
"[[(24.97, 28.81), (20.0, 23.84)]]",16
"[[(26.33, 30.169999999999998), (18.24, 22.08)]]",16
"[[(0.0, 3.51), (19.44, 23.28)]]",16
"[[(23.52, 27.36), (11.8, 15.64)]]",16
"[[(11.99, 15.83), (25.41, 29.25)]]",16
"[[(17.93, 21.77), (13.58, 17.42)]]",16
"[[(17.66, 21.5), (13.19, 17.03)]]",16
"[[(24.48, 28.32), (0.44, 4.28)]]",16
"[[(25.91, 29.75), (11.48, 15.32)]]",16
"[[(8.96, 12.8), (7.18, 11.02)]]",16
"[[(19.75, 23.59), (4.75, 8.59)]]",16
"[[(22.98, 26.82), (12.7, 16.54)]]",16
"[[(20.35, 24.19), (0.84, 4.68)]]",16
"[[(10.97, 14.81), (4.21, 8.05)]]",16
"[[(0.0, 3.4699999999999998), (23.88, 27.72)]]",16
"[[(24.6, 28.44), (6.53, 10.370000000000001)]]",16
"[[(4.32, 8.16), (17.87, 21.71)]]",16
"[[(19.79, 23.63), (13.27, 17.11)]]",16
"[[(1.74, 5.58), (19.82, 23.66)]]",16
"[[(20.48, 24.32), (27.17, 31.0)]]",16
"[[(25.04, 28.88), (23.58, 27.419999999999998)]]",12
"[[(21.06, 24.9), (21.87, 25.71)]]",12
"[[(0.66, 4.5), (26.29, 30.13)]]",16
"[[(12.47, 16.310000000000002), (11.36, 15.2)]]",16
"[[(11.98, 15.82), (17.83, 21.669999999999998)]]",16
"[[(18.74, 22.58), (26.14, 29.98)]]",12
"[[(15.89, 19.73), (12.42, 16.259999999999998)]]",16
"[[(8.52, 12.36), (14.49, 18.33)]]",16
"[[(12.37, 16.21), (1.82, 5.66)]]",16
"[[(0.48, 4.32), (25.24, 29.08)]]",16
"[[(23.48, 27.32), (23.67, 27.51)]]",16
"[[(27.07, 30.91), (6.12, 9.96)]]",9
"[[(19.38, 23.22), (21.22, 25.06)]]",16
"[[(9.38, 13.22), (24.43, 28.27)]]",16
"[[(17.78, 21.62), (27.03, 30.87)]]",12
"[[(13.13, 16.97), (24.07, 27.91)]]",9
"[[(26.42, 30.26), (13.3, 17.14)]]",16
"[[(6.5, 10.34), (15.0, 18.84)]]",16
"[[(1.59, 5.43), (1.6, 5.4399999999999995)]]",16
"[[(22.79, 26.63), (15.47, 19.310000000000002)]]",16
"[[(15.75, 19.59), (20.55, 24.39)]]",16
"[[(18.94, 22.78), (0.4, 4.24)]]",16
"[[(9.21, 13.05), (24.49, 28.33)]]",16
"[[(0.0, 3.75), (24.52, 28.36)]]",16
"[[(16.64, 20.48), (13.14, 16.98)]]",12
"[[(10.22, 14.06), (0.8, 4.64)]]",16
"[[(4.04, 7.88), (24.79, 28.63)]]",12
"[[(23.97, 27.81), (9.44, 13.28)]]",16
"[[(10.3, 14.14), (19.18, 23.02)]]",16
"[[(16.02, 19.86), (22.01, 25.85)]]",9
"[[(9.42, 13.26), (3.59, 7.43)]]",16
"[[(15.4, 19.240000000000002), (17.52, 21.36)]]",16
"[[(27.54, 31.0), (4.08, 7.92)]]",12
"[[(15.63, 19.47), (26.15, 29.99)]]",12
"[[(1.63, 5.47), (21.72, 25.56)]]",16
"[[(4.0, 7.84), (15.53, 19.369999999999997)]]",16
"[[(16.37, 20.21), (21.54, 25.38)]]",16
"[[(18.82, 22.66), (25.48, 29.32)]]",16
"[[(22.22, 26.06), (17.99, 21.83)]]",16
"[[(22.99, 26.83), (13.37, 17.21)]]",16
"[[(3.37, 7.21), (26.97, 30.81)]]",16
"[[(22.42, 26.26), (7.18, 11.02)]]",16
"[[(1.08, 4.92), (2.34, 6.18)]]",12
"[[(9.88, 13.72), (18.72, 22.56)]]",16
"[[(25.94, 29.78), (26.34, 30.18)]]",16
"[[(22.26, 26.1), (6.21, 10.05)]]",16
"[[(2.39, 6.23), (11.87, 15.709999999999999)]]",16
"[[(15.21, 19.05), (9.52, 13.36)]]",16
"[[(16.02, 19.86), (0.32, 4.16)]]",12
"[[(5.42, 9.26), (17.95, 21.79)]]",16
"[[(8.42, 12.26), (0.04, 3.88)]]",12
"[[(27.3, 31.0), (13.73, 17.57)]]",16
"[[(13.41, 17.25), (17.14, 20.98)]]",12
"[[(4.14, 7.9799999999999995), (11.93, 15.77)]]",12
"[[(10.26, 14.1), (20.72, 24.56)]]",16
"[[(2.54, 6.38), (4.62, 8.46)]]",16
"[[(14.36, 18.2), (26.37, 30.21)]]",16
"[[(4.1, 7.9399999999999995), (7.97, 11.809999999999999)]]",12
"[[(27.58, 31.0), (14.8, 18.64)]]",16
"[[(26.84, 30.68), (0.0, 3.4)]]",16
"[[(21.34, 25.18), (18.64, 22.48)]]",16
"[[(24.67, 28.51), (25.51, 29.35)]]",16
"[[(5.33, 9.17), (21.84, 25.68)]]",16
"[[(9.45, 13.29), (20.15, 23.99)]]",12
"[[(22.92, 26.76), (1.47, 5.31)]]",16
"[[(19.88, 23.72), (5.89, 9.73)]]",16
"[[(2.52, 6.359999999999999), (22.43, 26.27)]]",16
"[[(13.01, 16.85), (7.54, 11.379999999999999)]]",12
"[[(11.18, 15.02), (1.31, 5.15)]]",16
"[[(12.19, 16.03), (9.86, 13.7)]]",16
"[[(18.4, 22.24), (10.59, 14.43)]]",16
"[[(12.69, 16.53), (21.54, 25.38)]]",16
"[[(13.8, 17.64), (18.93, 22.77)]]",16
"[[(19.43, 23.27), (20.09, 23.93)]]",12
"[[(18.53, 22.37), (23.72, 27.56)]]",16
"[[(2.65, 6.49), (19.8, 23.64)]]",16
"[[(0.01, 3.8499999999999996), (19.94, 23.78)]]",12
"[[(4.63, 8.469999999999999), (14.18, 18.02)]]",16
"[[(10.09, 13.93), (16.03, 19.87)]]",9
"[[(21.28, 25.12), (7.6, 11.44)]]",16
"[[(22.2, 26.04), (22.32, 26.16)]]",16
"[[(2.68, 6.52), (17.32, 21.16)]]",16
"[[(0.38, 4.22), (20.81, 24.65)]]",16
"[[(23.94, 27.78), (26.71, 30.55)]]",16
"[[(5.8, 9.64), (12.9, 16.740000000000002)]]",16
"[[(13.09, 16.93), (20.88, 24.72)]]",12
"[[(0.0, 3.4), (9.18, 13.02)]]",16
"[[(27.27, 31.0), (18.3, 22.14)]]",16
"[[(4.92, 8.76), (11.61, 15.45)]]",16
"[[(25.47, 29.31), (2.34, 6.18)]]",16
"[[(24.23, 28.07), (21.83, 25.669999999999998)]]",16
"[[(8.55, 12.39), (2.25, 6.09)]]",16
"[[(20.77, 24.61), (10.0, 13.84)]]",16
"[[(4.38, 8.219999999999999), (24.09, 27.93)]]",12
"[[(12.24, 16.08), (14.37, 18.21)]]",16
"[[(25.73, 29.57), (5.95, 9.79)]]",16
"[[(0.0, 3.34), (3.11, 6.949999999999999)]]",12
"[[(25.94, 29.78), (1.18, 5.02)]]",16
"[[(26.43, 30.27), (23.44, 27.28)]]",16
"[[(6.25, 10.09), (24.64, 28.48)]]",16
"[[(25.58, 29.419999999999998), (9.04, 12.879999999999999)]]",12
"[[(16.87, 20.71), (25.8, 29.64)]]",16
"[[(0.09, 3.9299999999999997), (14.32, 18.16)]]",12
"[[(1.21, 5.05), (23.8, 27.64)]]",16
"[[(2.38, 6.22), (4.21, 8.05)]]",16
"[[(10.11, 13.95), (8.24, 12.08)]]",12
"[[(18.4, 22.24), (24.81, 28.65)]]",16
"[[(7.91, 11.75), (12.93, 16.77)]]",16
"[[(4.99, 8.83), (12.39, 16.23)]]",16
"[[(19.24, 23.08), (6.6, 10.44)]]",16
"[[(4.47, 8.309999999999999), (5.95, 9.79)]]",16
"[[(18.41, 22.25), (13.38, 17.22)]]",16
"[[(1.47, 5.31), (15.26, 19.1)]]",16
"[[(21.4, 25.24), (23.9, 27.74)]]",16
"[[(21.16, 25.0), (12.78, 16.619999999999997)]]",16
"[[(7.15, 10.99), (6.75, 10.59)]]",12
"[[(12.52, 16.36), (4.03, 7.87)]]",12
"[[(24.28, 28.12), (24.56, 28.4)]]",16
"[[(16.12, 19.96), (19.87, 23.71)]]",12
"[[(5.77, 9.61), (3.17, 7.01)]]",16
"[[(24.53, 28.37), (21.7, 25.54)]]",16
"[[(13.03, 16.869999999999997), (15.47, 19.310000000000002)]]",12
"[[(22.86, 26.7), (27.36, 31.0)]]",16
"[[(12.21, 16.05), (6.07, 9.91)]]",12
"[[(18.5, 22.34), (0.81, 4.65)]]",16
"[[(10.24, 14.08), (0.23, 4.07)]]",16
"[[(26.09, 29.93), (18.73, 22.57)]]",12
"[[(17.84, 21.68), (9.43, 13.27)]]",16
"[[(8.87, 12.709999999999999), (2.92, 6.76)]]",16
"[[(23.51, 27.35), (24.83, 28.669999999999998)]]",16
"[[(18.17, 22.01), (0.26, 4.1)]]",16
"[[(4.85, 8.69), (13.75, 17.59)]]",16
"[[(21.78, 25.62), (9.93, 13.77)]]",16
"[[(25.48, 29.32), (11.91, 15.75)]]",16
"[[(0.03, 3.8699999999999997), (22.97, 26.81)]]",12
"[[(6.81, 10.649999999999999), (8.44, 12.28)]]",16
"[[(2.55, 6.39), (11.91, 15.75)]]",16
"[[(17.56, 21.4), (7.01, 10.85)]]",12
"[[(16.34, 20.18), (22.55, 26.39)]]",16
"[[(0.38, 4.22), (14.54, 18.38)]]",16
"[[(16.68, 20.52), (15.19, 19.03)]]",16
"[[(6.65, 10.49), (9.34, 13.18)]]",16
"[[(14.23, 18.07), (7.24, 11.08)]]",16
"[[(5.36, 9.2), (0.8, 4.64)]]",16
"[[(20.61, 24.45), (13.79, 17.63)]]",16
"[[(6.56, 10.399999999999999), (12.79, 16.63)]]",16
"[[(0.53, 4.37), (6.41, 10.25)]]",16
"[[(11.92, 15.76), (15.17, 19.009999999999998)]]",16
"[[(21.35, 25.19), (6.24, 10.08)]]",16
"[[(25.46, 29.3), (23.25, 27.09)]]",16
"[[(22.18, 26.02), (15.24, 19.08)]]",16
"[[(12.69, 16.53), (20.27, 24.11)]]",16
"[[(27.39, 31.0), (3.34, 7.18)]]",16
"[[(16.28, 20.12), (17.68, 21.52)]]",16
"[[(19.87, 23.71), (12.94, 16.78)]]",16
"[[(17.17, 21.01), (6.85, 10.69)]]",16
"[[(14.76, 18.6), (19.03, 22.87)]]",12
"[[(13.18, 17.02), (26.67, 30.51)]]",16
"[[(4.73, 8.57), (27.5, 31.0)]]",16
"[[(23.67, 27.51), (3.23, 7.07)]]",16
"[[(15.07, 18.91), (27.3, 31.0)]]",12
"[[(25.1, 28.94), (8.51, 12.35)]]",12
"[[(11.82, 15.66), (7.11, 10.95)]]",12
"[[(9.92, 13.76), (13.66, 17.5)]]",16
"[[(13.07, 16.91), (3.8, 7.64)]]",12
"[[(17.07, 20.91), (17.12, 20.96)]]",9
"[[(0.79, 4.63), (1.59, 5.43)]]",16
"[[(10.45, 14.29), (24.89, 28.73)]]",16
"[[(24.01, 27.85), (6.99, 10.83)]]",12
"[[(19.23, 23.07), (23.04, 26.88)]]",12
"[[(21.04, 24.88), (3.88, 7.72)]]",12
"[[(9.57, 13.41), (19.4, 23.24)]]",16
"[[(18.24, 22.08), (26.47, 30.31)]]",16
"[[(15.57, 19.41), (20.38, 24.22)]]",16
"[[(10.97, 14.81), (18.93, 22.77)]]",16
"[[(19.53, 23.37), (12.3, 16.14)]]",16
"[[(22.78, 26.62), (17.87, 21.71)]]",16
"[[(6.67, 10.51), (27.01, 30.85)]]",12
"[[(7.12, 10.96), (19.54, 23.38)]]",12
"[[(20.41, 24.25), (25.05, 28.89)]]",12
"[[(17.82, 21.66), (15.2, 19.04)]]",16
"[[(21.77, 25.61), (17.57, 21.41)]]",16
"[[(25.65, 29.49), (25.48, 29.32)]]",16
"[[(0.09, 3.9299999999999997), (7.81, 11.649999999999999)]]",12
"[[(4.43, 8.27), (19.82, 23.66)]]",16
"[[(1.6, 5.4399999999999995), (7.12, 10.96)]]",12
"[[(16.25, 20.09), (16.88, 20.72)]]",16
"[[(5.19, 9.030000000000001), (26.2, 30.04)]]",16
"[[(8.12, 11.959999999999999), (7.86, 11.7)]]",12
"[[(9.0, 12.84), (18.19, 22.03)]]",16
"[[(11.65, 15.49), (2.72, 6.5600000000000005)]]",16
"[[(8.73, 12.57), (23.37, 27.21)]]",16
"[[(26.14, 29.98), (8.59, 12.43)]]",12
"[[(19.11, 22.95), (22.7, 26.54)]]",12
"[[(8.65, 12.49), (21.57, 25.41)]]",16
"[[(17.17, 21.01), (3.64, 7.48)]]",16
"[[(16.44, 20.28), (26.89, 30.73)]]",16
"[[(6.0, 9.84), (20.01, 23.85)]]",12
"[[(6.06, 9.899999999999999), (13.66, 17.5)]]",12
"[[(20.49, 24.33), (12.52, 16.36)]]",16
"[[(6.26, 10.1), (5.29, 9.129999999999999)]]",16
"[[(3.91, 7.75), (4.37, 8.21)]]",16
"[[(25.98, 29.82), (22.29, 26.13)]]",16
"[[(13.68, 17.52), (26.28, 30.12)]]",16
"[[(17.02, 20.86), (8.84, 12.68)]]",12
"[[(1.94, 5.779999999999999), (2.25, 6.09)]]",16
"[[(11.04, 14.879999999999999), (24.41, 28.25)]]",12
"[[(16.44, 20.28), (21.13, 24.97)]]",12
"[[(3.17, 7.01), (14.97, 18.810000000000002)]]",16
"[[(9.24, 13.08), (22.85, 26.69)]]",16
"[[(1.38, 5.22), (2.88, 6.72)]]",16
"[[(12.47, 16.310000000000002), (21.58, 25.419999999999998)]]",16
"[[(17.48, 21.32), (8.42, 12.26)]]",16
"[[(5.36, 9.2), (25.65, 29.49)]]",16
"[[(6.35, 10.19), (12.67, 16.509999999999998)]]",16
"[[(15.94, 19.78), (2.31, 6.15)]]",16
"[[(1.53, 5.37), (8.34, 12.18)]]",16
"[[(24.68, 28.52), (12.12, 15.959999999999999)]]",12
"[[(3.73, 7.57), (24.24, 28.08)]]",16
"[[(27.05, 30.89), (20.8, 24.64)]]",12
"[[(10.95, 14.79), (18.4, 22.24)]]",16
"[[(23.56, 27.4), (0.3, 4.14)]]",16
"[[(0.15, 3.9899999999999998), (6.48, 10.32)]]",12
"[[(9.66, 13.5), (10.71, 14.55)]]",16
"[[(8.84, 12.68), (11.43, 15.27)]]",16
"[[(17.95, 21.79), (15.24, 19.08)]]",16
"[[(26.5, 30.34), (0.64, 4.4799999999999995)]]",16
"[[(14.87, 18.71), (2.04, 5.88)]]",12
"[[(4.04, 7.88), (17.34, 21.18)]]",12
"[[(19.37, 23.21), (20.12, 23.96)]]",12
"[[(13.46, 17.3), (21.56, 25.4)]]",16
"[[(6.77, 10.61), (1.66, 5.5)]]",16
"[[(19.07, 22.91), (6.11, 9.95)]]",9
"[[(0.0, 3.57), (20.28, 24.12)]]",16
"[[(7.53, 11.370000000000001), (9.34, 13.18)]]",16
"[[(8.9, 12.74), (20.1, 23.94)]]",12
"[[(19.48, 23.32), (25.62, 29.46)]]",16
"[[(17.27, 21.11), (16.66, 20.5)]]",16
"[[(20.51, 24.35), (21.56, 25.4)]]",16
"[[(25.1, 28.94), (7.77, 11.61)]]",12
"[[(25.4, 29.24), (1.77, 5.609999999999999)]]",16
"[[(11.47, 15.31), (3.94, 7.779999999999999)]]",16
"[[(3.66, 7.5), (19.9, 23.74)]]",16
"[[(9.93, 13.77), (6.8, 10.64)]]",16
"[[(25.85, 29.69), (3.33, 7.17)]]",16
"[[(21.88, 25.72), (14.88, 18.72)]]",16
"[[(15.57, 19.41), (22.11, 25.95)]]",12
"[[(5.65, 9.49), (20.49, 24.33)]]",16
"[[(1.6, 5.4399999999999995), (8.52, 12.36)]]",16
"[[(7.28, 11.120000000000001), (7.26, 11.1)]]",16
"[[(27.2, 31.0), (26.28, 30.12)]]",16
"[[(0.0, 3.51), (17.18, 21.02)]]",16
"[[(2.79, 6.63), (6.79, 10.629999999999999)]]",16
"[[(25.11, 28.95), (4.92, 8.76)]]",12
"[[(15.93, 19.77), (3.12, 6.96)]]",12
"[[(20.9, 24.74), (21.29, 25.13)]]",16
"[[(4.82, 8.66), (25.58, 29.419999999999998)]]",16
"[[(0.76, 4.6), (25.98, 29.82)]]",16
"[[(5.74, 9.58), (25.2, 29.04)]]",16
"[[(13.85, 17.689999999999998), (14.0, 17.84)]]",16
"[[(0.78, 4.62), (3.72, 7.5600000000000005)]]",16
"[[(13.3, 17.14), (13.12, 16.96)]]",12
"[[(26.16, 30.0), (19.48, 23.32)]]",16
"[[(19.0, 22.84), (24.59, 28.43)]]",16
"[[(12.51, 16.35), (19.03, 22.87)]]",12
"[[(6.03, 9.870000000000001), (16.75, 20.59)]]",12
"[[(19.25, 23.09), (17.0, 20.84)]]",16
"[[(21.95, 25.79), (10.15, 13.99)]]",12
"[[(8.27, 12.11), (12.5, 16.34)]]",16
"[[(1.39, 5.2299999999999995), (23.29, 27.13)]]",16
"[[(17.69, 21.53), (0.9, 4.74)]]",16
"[[(22.71, 26.55), (22.47, 26.31)]]",16
"[[(21.92, 25.76), (5.89, 9.73)]]",16
"[[(24.01, 27.85), (14.98, 18.82)]]",12
"[[(23.31, 27.15), (5.83, 9.67)]]",16
"[[(9.86, 13.7), (11.59, 15.43)]]",16
"[[(6.85, 10.69), (12.95, 16.79)]]",16
"[[(1.47, 5.31), (3.75, 7.59)]]",16
"[[(10.3, 14.14), (17.46, 21.3)]]",16
"[[(21.7, 25.54), (25.75, 29.59)]]",16
"[[(19.79, 23.63), (4.28, 8.120000000000001)]]",16
"[[(22.79, 26.63), (22.12, 25.96)]]",12
"[[(24.52, 28.36), (10.46, 14.3)]]",16
"[[(8.21, 12.05), (19.53, 23.37)]]",16
"[[(27.55, 31.0), (23.04, 26.88)]]",12
"[[(25.03, 28.87), (4.6, 8.44)]]",12
"[[(8.43, 12.27), (10.17, 14.01)]]",16
"[[(0.99, 4.83), (17.66, 21.5)]]",16
"[[(17.5, 21.34), (26.47, 30.31)]]",16
"[[(4.0, 7.84), (23.03, 26.87)]]",12
"[[(14.47, 18.310000000000002), (23.09, 26.93)]]",12
"[[(19.68, 23.52), (18.91, 22.75)]]",16
"[[(3.95, 7.79), (14.2, 18.04)]]",16
"[[(5.82, 9.66), (9.38, 13.22)]]",16
"[[(22.04, 25.88), (21.37, 25.21)]]",12
"[[(25.25, 29.09), (4.98, 8.82)]]",16
"[[(20.92, 24.76), (20.26, 24.1)]]",16
"[[(22.72, 26.56), (12.13, 15.97)]]",12
"[[(1.26, 5.1), (23.89, 27.73)]]",16
"[[(0.43, 4.27), (25.21, 29.05)]]",16
"[[(23.15, 26.99), (17.94, 21.78)]]",12
"[[(15.34, 19.18), (0.0, 3.69)]]",16
"[[(20.17, 24.01), (5.05, 8.89)]]",12
"[[(25.02, 28.86), (7.39, 11.23)]]",12
"[[(18.07, 21.91), (16.87, 20.71)]]",12
"[[(15.23, 19.07), (5.83, 9.67)]]",16
"[[(0.52, 4.359999999999999), (9.04, 12.879999999999999)]]",12
"[[(3.64, 7.48), (16.46, 20.3)]]",16
"[[(0.91, 4.75), (23.84, 27.68)]]",16
"[[(2.53, 6.369999999999999), (3.49, 7.33)]]",16
"[[(16.27, 20.11), (6.58, 10.42)]]",16
"[[(16.22, 20.06), (11.95, 15.79)]]",16
"[[(25.43, 29.27), (25.32, 29.16)]]",16
"[[(26.63, 30.47), (24.15, 27.99)]]",12
"[[(17.25, 21.09), (7.82, 11.66)]]",16
"[[(27.36, 31.0), (4.65, 8.49)]]",16
"[[(12.44, 16.28), (12.68, 16.52)]]",16
"[[(15.37, 19.21), (21.47, 25.31)]]",16
"[[(26.26, 30.1), (21.6, 25.44)]]",16
"[[(14.71, 18.55), (26.85, 30.69)]]",16
"[[(19.97, 23.81), (27.02, 30.86)]]",12
"[[(14.68, 18.52), (0.16, 4.0)]]",16
"[[(20.06, 23.9), (18.17, 22.01)]]",12
"[[(20.55, 24.39), (6.6, 10.44)]]",16
"[[(12.68, 16.52), (10.33, 14.17)]]",16
"[[(1.68, 5.52), (7.48, 11.32)]]",16
"[[(12.1, 15.94), (3.32, 7.16)]]",12
"[[(8.98, 12.82), (12.4, 16.240000000000002)]]",16
"[[(24.31, 28.15), (24.02, 27.86)]]",12
"[[(9.83, 13.67), (5.08, 8.92)]]",12
"[[(12.29, 16.13), (7.51, 11.35)]]",16
"[[(16.76, 20.6), (6.68, 10.52)]]",16
"[[(18.64, 22.48), (20.28, 24.12)]]",16
"[[(21.86, 25.7), (12.4, 16.240000000000002)]]",16
"[[(18.42, 22.26), (12.58, 16.42)]]",16
"[[(1.75, 5.59), (16.89, 20.73)]]",16
"[[(11.15, 14.99), (10.58, 14.42)]]",12
"[[(25.62, 29.46), (12.02, 15.86)]]",12
"[[(25.64, 29.48), (5.43, 9.27)]]",16
"[[(18.42, 22.26), (7.12, 10.96)]]",12
"[[(6.91, 10.75), (7.82, 11.66)]]",16
"[[(6.5, 10.34), (20.8, 24.64)]]",16
"[[(10.62, 14.459999999999999), (17.61, 21.45)]]",16
"[[(3.06, 6.9), (0.47, 4.31)]]",12
"[[(0.47, 4.31), (9.18, 13.02)]]",16
"[[(11.24, 15.08), (13.41, 17.25)]]",16
"[[(22.67, 26.51), (18.0, 21.84)]]",16
"[[(5.15, 8.99), (3.26, 7.1)]]",12
"[[(24.45, 28.29), (26.93, 30.77)]]",16
"[[(22.59, 26.43), (5.46, 9.3)]]",16
"[[(17.83, 21.669999999999998), (24.6, 28.44)]]",16
"[[(0.58, 4.42), (23.2, 27.04)]]",16
"[[(1.61, 5.45), (7.64, 11.48)]]",16
"[[(0.72, 4.56), (2.8, 6.64)]]",16
"[[(0.34, 4.18), (16.18, 20.02)]]",16
"[[(17.94, 21.78), (3.6, 7.4399999999999995)]]",16
"[[(11.03, 14.87), (18.66, 22.5)]]",12
"[[(17.24, 21.08), (8.12, 11.959999999999999)]]",12
"[[(19.58, 23.419999999999998), (9.58, 13.42)]]",16
"[[(17.68, 21.52), (9.11, 12.95)]]",12
"[[(5.05, 8.89), (1.58, 5.42)]]",12
"[[(12.8, 16.64), (26.23, 30.07)]]",16
"[[(13.51, 17.35), (20.65, 24.49)]]",16
"[[(15.74, 19.58), (12.09, 15.93)]]",12
"[[(15.44, 19.28), (22.25, 26.09)]]",16
"[[(15.85, 19.689999999999998), (22.87, 26.71)]]",16
"[[(0.45, 4.29), (19.63, 23.47)]]",16
"[[(22.61, 26.45), (3.51, 7.35)]]",16
"[[(13.74, 17.58), (0.28, 4.12)]]",16
"[[(13.29, 17.13), (27.33, 31.0)]]",16
"[[(14.52, 18.36), (26.55, 30.39)]]",16
"[[(3.45, 7.29), (13.42, 17.259999999999998)]]",16
"[[(23.03, 26.87), (18.92, 22.76)]]",12
"[[(25.02, 28.86), (17.29, 21.13)]]",12
"[[(24.75, 28.59), (12.11, 15.95)]]",12
"[[(27.58, 31.0), (20.15, 23.99)]]",12
"[[(21.17, 25.01), (13.49, 17.33)]]",16
"[[(3.46, 7.3), (14.19, 18.03)]]",16
"[[(23.82, 27.66), (12.21, 16.05)]]",16
"[[(11.65, 15.49), (14.19, 18.03)]]",16
"[[(5.81, 9.649999999999999), (7.68, 11.52)]]",16
"[[(23.75, 27.59), (18.71, 22.55)]]",16
"[[(24.46, 28.3), (18.5, 22.34)]]",16
"[[(7.16, 11.0), (5.04, 8.879999999999999)]]",12
"[[(7.01, 10.85), (0.0, 3.78)]]",12
"[[(7.55, 11.39), (21.06, 24.9)]]",12
"[[(1.91, 5.75), (0.0, 3.67)]]",16
"[[(17.37, 21.21), (26.87, 30.71)]]",16
"[[(23.84, 27.68), (23.85, 27.69)]]",16
"[[(1.84, 5.68), (18.99, 22.83)]]",16
"[[(9.49, 13.33), (13.0, 16.84)]]",16
"[[(17.29, 21.13), (20.23, 24.07)]]",16
"[[(24.9, 28.74), (7.14, 10.98)]]",12
"[[(14.73, 18.57), (24.67, 28.51)]]",16
"[[(7.65, 11.49), (20.65, 24.49)]]",16
"[[(13.94, 17.78), (14.73, 18.57)]]",16
"[[(10.33, 14.17), (16.3, 20.14)]]",16
"[[(16.2, 20.04), (8.83, 12.67)]]",16
"[[(22.62, 26.46), (24.34, 28.18)]]",16
"[[(6.85, 10.69), (15.64, 19.48)]]",16
"[[(4.84, 8.68), (25.22, 29.06)]]",16
"[[(8.92, 12.76), (6.68, 10.52)]]",16
"[[(27.58, 31.0), (26.46, 30.3)]]",16
"[[(14.2, 18.04), (19.53, 23.37)]]",16
"[[(19.79, 23.63), (4.27, 8.11)]]",16
"[[(11.45, 15.29), (26.4, 30.24)]]",16
"[[(2.19, 6.029999999999999), (15.32, 19.16)]]",16
"[[(8.97, 12.81), (14.19, 18.03)]]",16
"[[(8.94, 12.78), (4.21, 8.05)]]",16
"[[(5.54, 9.379999999999999), (26.41, 30.25)]]",16
"[[(27.27, 31.0), (26.44, 30.28)]]",16
"[[(15.1, 18.939999999999998), (3.1, 6.9399999999999995)]]",9
"[[(1.79, 5.63), (21.87, 25.71)]]",16
"[[(4.08, 7.92), (12.8, 16.64)]]",12
"[[(22.36, 26.2), (13.35, 17.189999999999998)]]",16
"[[(22.08, 25.919999999999998), (0.0, 3.3899999999999997)]]",12
"[[(26.91, 30.75), (8.5, 12.34)]]",16
"[[(21.72, 25.56), (6.01, 9.85)]]",12
"[[(2.88, 6.72), (15.4, 19.240000000000002)]]",16
"[[(0.0, 3.4699999999999998), (0.78, 4.62)]]",16
"[[(11.38, 15.22), (17.55, 21.39)]]",16
"[[(17.86, 21.7), (21.74, 25.58)]]",16
"[[(0.68, 4.52), (8.98, 12.82)]]",16
"[[(15.74, 19.58), (16.29, 20.13)]]",16
"[[(4.52, 8.36), (5.22, 9.059999999999999)]]",16
"[[(9.03, 12.87), (25.27, 29.11)]]",12
"[[(12.54, 16.38), (25.26, 29.1)]]",16
"[[(22.67, 26.51), (7.63, 11.469999999999999)]]",16
"[[(13.36, 17.2), (7.63, 11.469999999999999)]]",16
"[[(15.97, 19.810000000000002), (7.87, 11.71)]]",16
"[[(5.35, 9.19), (10.76, 14.6)]]",16
"[[(24.14, 27.98), (5.34, 9.18)]]",12
"[[(2.93, 6.77), (5.48, 9.32)]]",16
"[[(13.18, 17.02), (25.25, 29.09)]]",16
"[[(13.39, 17.23), (0.2, 4.04)]]",16
"[[(3.29, 7.13), (20.6, 24.44)]]",16
"[[(12.85, 16.689999999999998), (20.15, 23.99)]]",12
"[[(22.06, 25.9), (23.26, 27.1)]]",12
"[[(27.44, 31.0), (2.7, 6.54)]]",16
"[[(20.14, 23.98), (10.81, 14.65)]]",12
"[[(3.31, 7.15), (3.77, 7.609999999999999)]]",16
"[[(4.5, 8.34), (26.69, 30.53)]]",16
"[[(1.1, 4.9399999999999995), (16.59, 20.43)]]",12
"[[(15.42, 19.259999999999998), (8.63, 12.47)]]",16
"[[(0.0, 3.7199999999999998), (19.55, 23.39)]]",16
"[[(20.74, 24.58), (8.27, 12.11)]]",16
"[[(23.32, 27.16), (17.61, 21.45)]]",16
"[[(5.98, 9.82), (0.18, 4.02)]]",16
"[[(0.0, 3.5999999999999996), (13.01, 16.85)]]",12
"[[(3.04, 6.88), (23.8, 27.64)]]",12
"[[(18.84, 22.68), (4.16, 8.0)]]",16
"[[(25.38, 29.22), (18.44, 22.28)]]",16
"[[(4.08, 7.92), (18.79, 22.63)]]",12
"[[(23.6, 27.44), (7.26, 11.1)]]",16
"[[(26.15, 29.99), (19.16, 23.0)]]",12
"[[(1.14, 4.9799999999999995), (19.65, 23.49)]]",12
"[[(11.15, 14.99), (19.9, 23.74)]]",12
"[[(21.47, 25.31), (20.72, 24.56)]]",16
"[[(9.1, 12.94), (15.02, 18.86)]]",9
"[[(2.4, 6.24), (26.87, 30.71)]]",16
"[[(20.57, 24.41), (17.03, 20.87)]]",12
"[[(4.02, 7.859999999999999), (19.63, 23.47)]]",12
"[[(24.51, 28.35), (13.55, 17.39)]]",16
"[[(21.91, 25.75), (0.87, 4.71)]]",16
"[[(19.16, 23.0), (21.44, 25.28)]]",16
"[[(0.07, 3.9099999999999997), (16.05, 19.89)]]",9
"[[(15.15, 18.990000000000002), (26.98, 30.82)]]",12
"[[(21.43, 25.27), (27.29, 31.0)]]",16
"[[(1.92, 5.76), (10.81, 14.65)]]",16
"[[(19.87, 23.71), (6.73, 10.57)]]",16
"[[(2.27, 6.109999999999999), (9.05, 12.89)]]",12
"[[(25.83, 29.669999999999998), (14.77, 18.61)]]",16
"[[(11.69, 15.53), (21.95, 25.79)]]",16
"[[(18.77, 22.61), (23.71, 27.55)]]",16
"[[(26.96, 30.8), (18.47, 22.31)]]",16
"[[(18.93, 22.77), (18.91, 22.75)]]",16
"[[(18.44, 22.28), (17.48, 21.32)]]",16
"[[(20.48, 24.32), (27.22, 31.0)]]",16
"[[(27.28, 31.0), (10.57, 14.41)]]",16
"[[(10.68, 14.52), (24.39, 28.23)]]",16
"[[(6.28, 10.120000000000001), (12.33, 16.17)]]",16
"[[(21.18, 25.02), (13.65, 17.490000000000002)]]",16
"[[(11.39, 15.23), (26.27, 30.11)]]",16
"[[(15.36, 19.2), (4.0, 7.84)]]",16
"[[(22.32, 26.16), (23.62, 27.46)]]",16
"[[(13.1, 16.939999999999998), (15.72, 19.560000000000002)]]",12
"[[(18.37, 22.21), (18.89, 22.73)]]",16
"[[(11.99, 15.83), (17.81, 21.65)]]",16
"[[(15.51, 19.35), (21.48, 25.32)]]",16
"[[(12.56, 16.4), (0.0, 3.81)]]",16
"[[(9.01, 12.85), (22.68, 26.52)]]",12
"[[(14.81, 18.65), (25.22, 29.06)]]",16
"[[(6.16, 10.0), (5.91, 9.75)]]",16
"[[(9.45, 13.29), (10.66, 14.5)]]",16
"[[(26.77, 30.61), (15.52, 19.36)]]",16
"[[(3.55, 7.39), (20.05, 23.89)]]",12
"[[(0.17, 4.01), (25.52, 29.36)]]",16
"[[(16.71, 20.55), (26.63, 30.47)]]",16
"[[(6.69, 10.530000000000001), (24.73, 28.57)]]",16
"[[(21.18, 25.02), (24.96, 28.8)]]",16
"[[(15.24, 19.08), (13.36, 17.2)]]",16
"[[(14.17, 18.009999999999998), (8.32, 12.16)]]",16
"[[(23.26, 27.1), (21.17, 25.01)]]",16
"[[(14.83, 18.67), (9.48, 13.32)]]",16
"[[(0.74, 4.58), (13.96, 17.8)]]",16
"[[(27.59, 31.0), (24.87, 28.71)]]",16
"[[(19.01, 22.85), (13.77, 17.61)]]",12
"[[(20.71, 24.55), (0.69, 4.529999999999999)]]",16
"[[(15.72, 19.560000000000002), (14.71, 18.55)]]",16
"[[(0.0, 3.46), (2.39, 6.23)]]",16
"[[(3.63, 7.47), (6.89, 10.73)]]",16
"[[(1.89, 5.7299999999999995), (0.0, 3.4299999999999997)]]",16
"[[(17.97, 21.81), (3.97, 7.8100000000000005)]]",16
"[[(0.87, 4.71), (9.77, 13.61)]]",16
"[[(4.63, 8.469999999999999), (25.3, 29.14)]]",16
"[[(19.5, 23.34), (3.29, 7.13)]]",16
"[[(6.59, 10.43), (22.53, 26.37)]]",16
"[[(15.08, 18.92), (11.25, 15.09)]]",12
"[[(2.01, 5.85), (14.44, 18.28)]]",12
"[[(11.3, 15.14), (1.73, 5.57)]]",16
"[[(10.19, 14.03), (3.32, 7.16)]]",16
"[[(3.31, 7.15), (9.36, 13.2)]]",16
"[[(11.96, 15.8), (12.75, 16.59)]]",16
"[[(9.42, 13.26), (27.21, 31.0)]]",16
"[[(14.38, 18.22), (9.19, 13.03)]]",16
"[[(1.66, 5.5), (23.23, 27.07)]]",16
"[[(11.45, 15.29), (8.61, 12.45)]]",16
"[[(13.09, 16.93), (0.96, 4.8)]]",12
"[[(15.2, 19.04), (1.99, 5.83)]]",16
"[[(18.39, 22.23), (20.42, 24.26)]]",16
"[[(1.11, 4.95), (0.01, 3.8499999999999996)]]",9
"[[(3.99, 7.83), (6.37, 10.21)]]",16
"[[(15.72, 19.560000000000002), (20.64, 24.48)]]",16
"[[(0.39, 4.2299999999999995), (19.29, 23.13)]]",16
"[[(26.26, 30.1), (8.63, 12.47)]]",16
"[[(11.82, 15.66), (8.2, 12.04)]]",16
"[[(17.52, 21.36), (9.91, 13.75)]]",16
"[[(11.21, 15.05), (22.77, 26.61)]]",16
"[[(12.31, 16.15), (3.05, 6.89)]]",12
"[[(12.2, 16.04), (14.43, 18.27)]]",16
"[[(20.12, 23.96), (0.0, 3.71)]]",12
"[[(16.91, 20.75), (14.0, 17.84)]]",16
"[[(22.54, 26.38), (23.15, 26.99)]]",12
"[[(23.89, 27.73), (6.3, 10.14)]]",16
"[[(20.52, 24.36), (15.88, 19.72)]]",16
"[[(2.28, 6.119999999999999), (8.09, 11.93)]]",12
"[[(27.24, 31.0), (17.28, 21.12)]]",16
"[[(4.08, 7.92), (26.88, 30.72)]]",12
"[[(20.65, 24.49), (11.88, 15.72)]]",16
"[[(17.96, 21.8), (0.0, 3.7199999999999998)]]",16
"[[(24.4, 28.24), (23.7, 27.54)]]",16
"[[(10.8, 14.64), (24.71, 28.55)]]",16
"[[(9.12, 12.959999999999999), (4.81, 8.649999999999999)]]",12
"[[(2.63, 6.47), (22.87, 26.71)]]",16
"[[(7.44, 11.280000000000001), (8.93, 12.77)]]",16
"[[(7.58, 11.42), (22.96, 26.8)]]",16
"[[(0.15, 3.9899999999999998), (26.48, 30.32)]]",12
"[[(15.34, 19.18), (3.69, 7.529999999999999)]]",16
"[[(22.59, 26.43), (3.74, 7.58)]]",16
"[[(26.66, 30.5), (20.76, 24.6)]]",16
"[[(0.0, 3.48), (0.54, 4.38)]]",16
"[[(10.02, 13.86), (4.49, 8.33)]]",12
"[[(18.64, 22.48), (10.38, 14.22)]]",16
"[[(17.16, 21.0), (11.16, 15.0)]]",16
"[[(15.0, 18.84), (13.22, 17.060000000000002)]]",16
"[[(23.38, 27.22), (4.33, 8.17)]]",16
"[[(12.46, 16.3), (8.81, 12.65)]]",16
"[[(16.59, 20.43), (24.11, 27.95)]]",12
"[[(24.41, 28.25), (25.14, 28.98)]]",12
"[[(14.33, 18.17), (11.44, 15.28)]]",16
"[[(13.07, 16.91), (4.55, 8.39)]]",12
"[[(24.15, 27.99), (9.59, 13.43)]]",12
"[[(21.05, 24.89), (2.35, 6.1899999999999995)]]",12
"[[(6.32, 10.16), (18.35, 22.19)]]",16
"[[(25.95, 29.79), (19.49, 23.33)]]",16
"[[(7.12, 10.96), (12.65, 16.490000000000002)]]",12
"[[(26.6, 30.44), (3.91, 7.75)]]",16
"[[(11.09, 14.93), (17.87, 21.71)]]",12
"[[(5.65, 9.49), (17.85, 21.69)]]",16
"[[(22.92, 26.76), (21.17, 25.01)]]",16
"[[(0.36, 4.2), (12.33, 16.17)]]",16
"[[(1.65, 5.49), (10.37, 14.209999999999999)]]",16
"[[(10.02, 13.86), (12.55, 16.39)]]",12
"[[(26.36, 30.2), (3.34, 7.18)]]",16
"[[(8.88, 12.72), (15.57, 19.41)]]",16
"[[(7.35, 11.19), (16.3, 20.14)]]",16
"[[(23.07, 26.91), (17.25, 21.09)]]",12
"[[(8.0, 11.84), (1.0, 4.84)]]",16
"[[(0.0, 3.3499999999999996), (15.2, 19.04)]]",16
"[[(11.25, 15.09), (5.85, 9.69)]]",16
"[[(27.33, 31.0), (10.93, 14.77)]]",16
"[[(3.23, 7.07), (27.45, 31.0)]]",16
"[[(13.03, 16.869999999999997), (7.81, 11.649999999999999)]]",12
"[[(6.86, 10.7), (0.63, 4.47)]]",16
"[[(11.23, 15.07), (10.84, 14.68)]]",16
"[[(10.75, 14.59), (19.01, 22.85)]]",12
"[[(22.63, 26.47), (27.27, 31.0)]]",16
"[[(1.67, 5.51), (13.82, 17.66)]]",16
"[[(14.44, 18.28), (0.64, 4.4799999999999995)]]",16
"[[(17.68, 21.52), (3.36, 7.199999999999999)]]",16
"[[(22.52, 26.36), (11.18, 15.02)]]",16
"[[(12.67, 16.509999999999998), (27.6, 31.0)]]",16
"[[(10.7, 14.54), (4.41, 8.25)]]",16
"[[(17.02, 20.86), (2.96, 6.8)]]",12
"[[(1.19, 5.029999999999999), (25.48, 29.32)]]",16
"[[(10.64, 14.48), (12.96, 16.8)]]",16
"[[(24.01, 27.85), (4.01, 7.85)]]",9
"[[(12.49, 16.33), (11.46, 15.3)]]",16
"[[(17.75, 21.59), (16.04, 19.88)]]",12
"[[(21.07, 24.91), (4.75, 8.59)]]",12
"[[(15.89, 19.73), (16.28, 20.12)]]",16
"[[(19.49, 23.33), (16.18, 20.02)]]",16
"[[(13.58, 17.42), (24.27, 28.11)]]",16
"[[(11.57, 15.41), (14.76, 18.6)]]",16
"[[(13.5, 17.34), (0.35, 4.1899999999999995)]]",16
"[[(3.29, 7.13), (15.08, 18.92)]]",12
"[[(8.34, 12.18), (17.97, 21.81)]]",16
"[[(6.84, 10.68), (21.27, 25.11)]]",16
"[[(0.0, 3.4), (20.6, 24.44)]]",16
"[[(10.17, 14.01), (22.94, 26.78)]]",16
"[[(10.39, 14.23), (1.72, 5.56)]]",16
"[[(13.98, 17.82), (0.5, 4.34)]]",16
"[[(5.25, 9.09), (8.33, 12.17)]]",16
"[[(24.37, 28.21), (25.87, 29.71)]]",16
"[[(20.07, 23.91), (15.35, 19.189999999999998)]]",12
"[[(1.37, 5.21), (12.64, 16.48)]]",16
"[[(8.85, 12.69), (3.84, 7.68)]]",16
"[[(14.48, 18.32), (3.51, 7.35)]]",16
"[[(22.31, 26.15), (5.25, 9.09)]]",16
"[[(17.44, 21.28), (22.27, 26.11)]]",16
"[[(27.12, 30.96), (25.47, 29.31)]]",12
"[[(12.66, 16.5), (0.68, 4.52)]]",16
"[[(3.16, 7.0), (11.07, 14.91)]]",12
"[[(1.58, 5.42), (25.96, 29.8)]]",16
"[[(16.59, 20.43), (17.94, 21.78)]]",16
"[[(5.8, 9.64), (9.9, 13.74)]]",16
"[[(24.74, 28.58), (20.26, 24.1)]]",16
"[[(26.23, 30.07), (15.72, 19.560000000000002)]]",16
"[[(4.21, 8.05), (12.83, 16.67)]]",16
"[[(27.2, 31.0), (23.45, 27.29)]]",16
"[[(26.1, 29.94), (20.75, 24.59)]]",12
"[[(4.4, 8.24), (18.84, 22.68)]]",16
"[[(2.69, 6.529999999999999), (18.07, 21.91)]]",12
"[[(7.3, 11.14), (7.24, 11.08)]]",16
"[[(21.5, 25.34), (13.45, 17.29)]]",16
"[[(2.84, 6.68), (23.57, 27.41)]]",16
"[[(26.67, 30.51), (21.62, 25.46)]]",16
"[[(24.71, 28.55), (20.03, 23.87)]]",12
"[[(12.84, 16.68), (8.71, 12.55)]]",16
"[[(7.72, 11.559999999999999), (21.55, 25.39)]]",16
"[[(11.03, 14.87), (25.8, 29.64)]]",12
"[[(27.04, 30.88), (23.47, 27.31)]]",12
"[[(5.25, 9.09), (5.36, 9.2)]]",16
"[[(15.69, 19.53), (27.0, 30.84)]]",16
"[[(14.39, 18.23), (21.42, 25.26)]]",16
"[[(2.16, 6.0), (15.15, 18.990000000000002)]]",12
"[[(19.05, 22.89), (8.22, 12.06)]]",12
"[[(14.67, 18.509999999999998), (3.34, 7.18)]]",16
"[[(9.16, 13.0), (15.9, 19.740000000000002)]]",16
"[[(26.76, 30.6), (16.04, 19.88)]]",12
"[[(11.64, 15.48), (14.04, 17.88)]]",12
"[[(25.87, 29.71), (2.57, 6.41)]]",16
"[[(9.57, 13.41), (25.12, 28.96)]]",12
"[[(16.77, 20.61), (2.86, 6.699999999999999)]]",16
"[[(9.3, 13.14), (1.03, 4.87)]]",12
"[[(2.16, 6.0), (1.5, 5.34)]]",16
"[[(16.55, 20.39), (10.52, 14.36)]]",16
"[[(5.82, 9.66), (19.44, 23.28)]]",16
"[[(19.17, 23.01), (11.35, 15.19)]]",16
"[[(13.58, 17.42), (25.87, 29.71)]]",16
"[[(23.44, 27.28), (7.4, 11.24)]]",16
"[[(4.73, 8.57), (25.3, 29.14)]]",16
"[[(27.08, 30.919999999999998), (1.12, 4.96)]]",9
"[[(7.46, 11.3), (13.74, 17.58)]]",16
"[[(19.6, 23.44), (10.97, 14.81)]]",16
"[[(0.0, 3.36), (0.0, 3.4499999999999997)]]",16
"[[(26.59, 30.43), (3.18, 7.02)]]",16
"[[(25.36, 29.2), (20.54, 24.38)]]",16
"[[(3.96, 7.8), (15.96, 19.8)]]",16
"[[(22.06, 25.9), (23.54, 27.38)]]",12
"[[(26.44, 30.28), (11.22, 15.06)]]",16
"[[(18.3, 22.14), (24.09, 27.93)]]",12
"[[(0.06, 3.9), (22.42, 26.26)]]",12
"[[(14.95, 18.79), (13.33, 17.17)]]",16
"[[(21.47, 25.31), (11.49, 15.33)]]",16
"[[(3.72, 7.5600000000000005), (23.1, 26.94)]]",12
"[[(10.57, 14.41), (26.69, 30.53)]]",16
"[[(8.47, 12.31), (11.42, 15.26)]]",16
"[[(18.81, 22.65), (12.43, 16.27)]]",16
"[[(14.31, 18.15), (2.89, 6.73)]]",16
"[[(13.22, 17.060000000000002), (23.31, 27.15)]]",16
"[[(16.66, 20.5), (25.53, 29.37)]]",16
"[[(22.11, 25.95), (11.64, 15.48)]]",12
"[[(24.3, 28.14), (11.21, 15.05)]]",16
"[[(25.3, 29.14), (2.43, 6.27)]]",16
"[[(18.48, 22.32), (8.65, 12.49)]]",16
"[[(13.28, 17.119999999999997), (1.14, 4.9799999999999995)]]",12
"[[(18.69, 22.53), (16.72, 20.56)]]",16
"[[(8.05, 11.89), (17.55, 21.39)]]",12
"[[(15.33, 19.17), (20.53, 24.37)]]",16
"[[(14.81, 18.65), (19.17, 23.01)]]",16
"[[(24.38, 28.22), (25.63, 29.47)]]",16
"[[(1.37, 5.21), (11.87, 15.709999999999999)]]",16
"[[(14.88, 18.72), (24.58, 28.419999999999998)]]",16
"[[(26.65, 30.49), (22.82, 26.66)]]",16
"[[(12.47, 16.310000000000002), (19.54, 23.38)]]",16
"[[(5.6, 9.44), (25.16, 29.0)]]",16
"[[(19.19, 23.03), (12.42, 16.259999999999998)]]",16
"[[(15.14, 18.98), (0.47, 4.31)]]",12
"[[(6.14, 9.98), (2.4, 6.24)]]",12
"[[(24.75, 28.59), (9.15, 12.99)]]",12
"[[(12.26, 16.1), (23.3, 27.14)]]",16
"[[(10.31, 14.15), (9.13, 12.97)]]",12
"[[(18.83, 22.669999999999998), (21.38, 25.22)]]",16
"[[(7.39, 11.23), (6.78, 10.620000000000001)]]",16
"[[(7.3, 11.14), (25.14, 28.98)]]",12
"[[(1.06, 4.9), (10.28, 14.12)]]",12
"[[(24.85, 28.69), (7.89, 11.73)]]",16
"[[(22.02, 25.86), (17.34, 21.18)]]",12
"[[(5.61, 9.45), (5.21, 9.05)]]",16
"[[(20.79, 24.63), (7.46, 11.3)]]",16
"[[(17.64, 21.48), (19.78, 23.62)]]",16
"[[(12.4, 16.240000000000002), (14.53, 18.369999999999997)]]",16
"[[(1.47, 5.31), (13.37, 17.21)]]",16
"[[(1.19, 5.029999999999999), (8.0, 11.84)]]",16
"[[(22.82, 26.66), (21.37, 25.21)]]",16
"[[(19.18, 23.02), (25.33, 29.169999999999998)]]",16
"[[(16.24, 20.08), (26.39, 30.23)]]",16
"[[(25.14, 28.98), (18.14, 21.98)]]",9
"[[(18.07, 21.91), (23.09, 26.93)]]",9
"[[(24.59, 28.43), (2.58, 6.42)]]",16
"[[(25.32, 29.16), (12.76, 16.6)]]",16
"[[(16.47, 20.31), (4.15, 7.99)]]",12
"[[(1.96, 5.8), (19.05, 22.89)]]",12
"[[(3.34, 7.18), (6.07, 9.91)]]",12
"[[(26.19, 30.03), (20.45, 24.29)]]",16
"[[(25.47, 29.31), (6.5, 10.34)]]",16
"[[(10.99, 14.83), (24.68, 28.52)]]",16
"[[(16.04, 19.88), (18.31, 22.15)]]",12
"[[(22.22, 26.06), (15.43, 19.27)]]",16
"[[(8.81, 12.65), (14.18, 18.02)]]",16
"[[(2.99, 6.83), (8.4, 12.24)]]",16
"[[(26.86, 30.7), (19.11, 22.95)]]",12
"[[(1.39, 5.2299999999999995), (17.32, 21.16)]]",16
"[[(22.56, 26.4), (15.42, 19.259999999999998)]]",16
"[[(0.0, 3.4699999999999998), (1.85, 5.6899999999999995)]]",16
"[[(4.65, 8.49), (22.04, 25.88)]]",12
"[[(27.44, 31.0), (24.1, 27.94)]]",12
"[[(10.07, 13.91), (18.69, 22.53)]]",12
"[[(24.56, 28.4), (0.23, 4.07)]]",16
"[[(4.2, 8.04), (6.67, 10.51)]]",16
"[[(4.39, 8.23), (18.35, 22.19)]]",16
"[[(25.84, 29.68), (13.77, 17.61)]]",16
"[[(24.18, 28.02), (9.14, 12.98)]]",12
"[[(26.39, 30.23), (19.44, 23.28)]]",16
"[[(18.66, 22.5), (3.75, 7.59)]]",16
"[[(22.39, 26.23), (11.88, 15.72)]]",16
"[[(2.77, 6.609999999999999), (0.09, 3.9299999999999997)]]",12
"[[(0.0, 3.4699999999999998), (26.48, 30.32)]]",16
"[[(5.14, 8.98), (21.7, 25.54)]]",12
"[[(5.29, 9.129999999999999), (4.56, 8.399999999999999)]]",16
"[[(26.43, 30.27), (13.2, 17.04)]]",16
"[[(15.56, 19.4), (14.98, 18.82)]]",16
"[[(25.03, 28.87), (27.63, 31.0)]]",12
"[[(20.69, 24.53), (5.11, 8.95)]]",12
"[[(27.35, 31.0), (6.23, 10.07)]]",16
"[[(3.93, 7.77), (17.35, 21.19)]]",16
"[[(0.0, 3.63), (7.12, 10.96)]]",12
"[[(9.09, 12.93), (15.46, 19.3)]]",12
"[[(6.53, 10.370000000000001), (5.81, 9.649999999999999)]]",16
"[[(22.65, 26.49), (27.22, 31.0)]]",16
"[[(8.94, 12.78), (22.51, 26.35)]]",16
"[[(12.21, 16.05), (1.2, 5.04)]]",16
"[[(23.02, 26.86), (23.63, 27.47)]]",12
"[[(0.49, 4.33), (1.41, 5.25)]]",16
"[[(4.17, 8.01), (20.18, 24.02)]]",16
"[[(23.74, 27.58), (24.28, 28.12)]]",16
"[[(15.76, 19.6), (3.91, 7.75)]]",16
"[[(23.14, 26.98), (20.8, 24.64)]]",12
"[[(23.85, 27.69), (3.98, 7.82)]]",16
"[[(15.91, 19.75), (14.05, 17.89)]]",12
"[[(22.37, 26.21), (17.21, 21.05)]]",16
"[[(15.3, 19.14), (24.02, 27.86)]]",12
"[[(10.0, 13.84), (22.37, 26.21)]]",16
"[[(3.17, 7.01), (8.21, 12.05)]]",16
"[[(15.75, 19.59), (19.74, 23.58)]]",16
"[[(10.29, 14.129999999999999), (15.56, 19.4)]]",16
"[[(15.95, 19.79), (10.65, 14.49)]]",16
"[[(18.3, 22.14), (18.04, 21.88)]]",12
"[[(5.5, 9.34), (5.36, 9.2)]]",16
"[[(27.15, 30.99), (17.67, 21.51)]]",12
"[[(8.76, 12.6), (3.46, 7.3)]]",16
"[[(14.55, 18.39), (10.06, 13.9)]]",12
"[[(26.2, 30.04), (15.14, 18.98)]]",12
"[[(0.34, 4.18), (6.03, 9.870000000000001)]]",12
"[[(2.16, 6.0), (14.6, 18.439999999999998)]]",16
"[[(5.27, 9.11), (10.34, 14.18)]]",16
"[[(13.29, 17.13), (1.42, 5.26)]]",16
"[[(0.54, 4.38), (24.75, 28.59)]]",16
"[[(3.22, 7.0600000000000005), (6.37, 10.21)]]",16
"[[(22.48, 26.32), (2.92, 6.76)]]",16
"[[(7.52, 11.36), (10.93, 14.77)]]",16
"[[(9.12, 12.959999999999999), (5.13, 8.969999999999999)]]",9
"[[(19.91, 23.75), (20.58, 24.419999999999998)]]",16
"[[(2.81, 6.65), (19.59, 23.43)]]",16
"[[(8.99, 12.83), (23.43, 27.27)]]",16
"[[(3.7, 7.54), (17.32, 21.16)]]",16
"[[(19.42, 23.26), (23.74, 27.58)]]",16
"[[(8.2, 12.04), (7.9, 11.74)]]",16
"[[(3.69, 7.529999999999999), (6.88, 10.719999999999999)]]",16
"[[(20.02, 23.86), (15.12, 18.96)]]",9
"[[(16.07, 19.91), (13.92, 17.759999999999998)]]",12
"[[(20.9, 24.74), (2.57, 6.41)]]",16
"[[(4.54, 8.379999999999999), (16.98, 20.82)]]",16
"[[(20.19, 24.03), (13.09, 16.93)]]",12
"[[(21.58, 25.419999999999998), (26.99, 30.83)]]",16
"[[(26.75, 30.59), (3.9, 7.74)]]",16
"[[(12.29, 16.13), (26.68, 30.52)]]",16
"[[(0.56, 4.4), (10.88, 14.72)]]",16
"[[(3.74, 7.58), (19.8, 23.64)]]",16
"[[(10.63, 14.47), (12.55, 16.39)]]",16
"[[(26.36, 30.2), (25.07, 28.91)]]",12
"[[(7.02, 10.86), (22.8, 26.64)]]",12
"[[(6.97, 10.809999999999999), (26.32, 30.16)]]",16
"[[(25.55, 29.39), (21.64, 25.48)]]",16
"[[(20.24, 24.08), (10.91, 14.75)]]",16
"[[(0.9, 4.74), (15.34, 19.18)]]",16
"[[(5.65, 9.49), (3.24, 7.08)]]",16
"[[(23.59, 27.43), (24.35, 28.19)]]",16
"[[(22.25, 26.09), (12.2, 16.04)]]",16
"[[(12.09, 15.93), (21.02, 24.86)]]",9
"[[(16.73, 20.57), (27.3, 31.0)]]",16
"[[(12.49, 16.33), (16.62, 20.46)]]",16
"[[(11.28, 15.12), (26.45, 30.29)]]",16
"[[(6.23, 10.07), (7.9, 11.74)]]",16
"[[(18.57, 22.41), (20.19, 24.03)]]",16
"[[(19.15, 22.99), (12.35, 16.189999999999998)]]",12
"[[(18.31, 22.15), (3.13, 6.97)]]",12
"[[(16.92, 20.76), (7.37, 11.21)]]",16
"[[(10.54, 14.379999999999999), (3.75, 7.59)]]",16
"[[(25.63, 29.47), (15.83, 19.67)]]",16
"[[(13.37, 17.21), (4.04, 7.88)]]",12
"[[(27.49, 31.0), (25.81, 29.65)]]",16
"[[(3.03, 6.869999999999999), (0.66, 4.5)]]",12
"[[(9.57, 13.41), (10.4, 14.24)]]",16
"[[(6.77, 10.61), (2.03, 5.869999999999999)]]",12
"[[(20.02, 23.86), (23.16, 27.0)]]",12
"[[(26.35, 30.19), (20.4, 24.24)]]",16
"[[(18.09, 21.93), (13.32, 17.16)]]",12
"[[(0.79, 4.63), (23.12, 26.96)]]",12
"[[(5.86, 9.7), (3.3, 7.14)]]",16
"[[(27.63, 31.0), (9.26, 13.1)]]",16
"[[(14.83, 18.67), (11.09, 14.93)]]",12
"[[(1.25, 5.09), (2.56, 6.4)]]",16
"[[(17.12, 20.96), (18.51, 22.35)]]",12
"[[(12.04, 15.879999999999999), (3.52, 7.359999999999999)]]",12
"[[(26.14, 29.98), (6.16, 10.0)]]",12
"[[(1.69, 5.529999999999999), (13.3, 17.14)]]",16
"[[(23.94, 27.78), (22.93, 26.77)]]",16
"[[(17.93, 21.77), (1.56, 5.4)]]",16
"[[(10.72, 14.56), (19.48, 23.32)]]",16
"[[(7.49, 11.33), (16.97, 20.81)]]",16
"[[(5.93, 9.77), (5.6, 9.44)]]",16
"[[(15.39, 19.23), (13.54, 17.38)]]",16
"[[(3.69, 7.529999999999999), (17.69, 21.53)]]",16
"[[(27.23, 31.0), (0.0, 3.57)]]",16
"[[(18.0, 21.84), (5.62, 9.46)]]",16
"[[(9.58, 13.42), (25.7, 29.54)]]",16
"[[(20.12, 23.96), (24.84, 28.68)]]",12
"[[(6.07, 9.91), (26.49, 30.33)]]",12
"[[(21.12, 24.96), (22.25, 26.09)]]",12
"[[(14.22, 18.060000000000002), (10.56, 14.4)]]",16
"[[(11.81, 15.65), (2.51, 6.35)]]",16
"[[(24.14, 27.98), (2.3, 6.14)]]",12
"[[(26.36, 30.2), (25.37, 29.21)]]",16
"[[(6.96, 10.8), (16.43, 20.27)]]",16
"[[(9.07, 12.91), (23.33, 27.169999999999998)]]",12
"[[(0.0, 3.71), (4.53, 8.370000000000001)]]",16
"[[(18.86, 22.7), (12.45, 16.29)]]",16
"[[(22.64, 26.48), (10.86, 14.7)]]",16
"[[(26.82, 30.66), (18.12, 21.96)]]",12
"[[(11.97, 15.81), (9.62, 13.459999999999999)]]",16
"[[(1.52, 5.359999999999999), (5.52, 9.36)]]",16
"[[(6.09, 9.93), (26.61, 30.45)]]",12
"[[(16.55, 20.39), (2.63, 6.47)]]",16
"[[(24.26, 28.1), (25.87, 29.71)]]",16
"[[(10.13, 13.97), (26.03, 29.87)]]",9
"[[(18.35, 22.19), (21.18, 25.02)]]",16
"[[(9.64, 13.48), (11.47, 15.31)]]",16
"[[(19.6, 23.44), (11.38, 15.22)]]",16
"[[(9.05, 12.89), (2.88, 6.72)]]",12
"[[(3.94, 7.779999999999999), (1.2, 5.04)]]",16
"[[(27.03, 30.87), (12.81, 16.65)]]",12
"[[(14.0, 17.84), (3.98, 7.82)]]",16
"[[(21.89, 25.73), (17.21, 21.05)]]",16
"[[(5.59, 9.43), (8.4, 12.24)]]",16
"[[(10.26, 14.1), (6.45, 10.29)]]",16
"[[(23.49, 27.33), (6.16, 10.0)]]",16
"[[(8.97, 12.81), (13.8, 17.64)]]",16
"[[(19.43, 23.27), (13.37, 17.21)]]",16
"[[(19.38, 23.22), (22.71, 26.55)]]",16
"[[(27.62, 31.0), (6.59, 10.43)]]",16
"[[(9.07, 12.91), (8.93, 12.77)]]",12
"[[(23.63, 27.47), (14.08, 17.92)]]",12
"[[(24.1, 27.94), (3.42, 7.26)]]",12
"[[(26.13, 29.97), (27.02, 30.86)]]",9
"[[(7.14, 10.98), (18.77, 22.61)]]",12
"[[(2.39, 6.23), (25.19, 29.03)]]",16
"[[(4.84, 8.68), (17.34, 21.18)]]",16
"[[(9.5, 13.34), (9.63, 13.47)]]",16
"[[(4.76, 8.6), (25.16, 29.0)]]",16
"[[(15.74, 19.58), (6.75, 10.59)]]",16
"[[(1.61, 5.45), (15.86, 19.7)]]",16
"[[(10.8, 14.64), (6.27, 10.11)]]",16
"[[(13.37, 17.21), (8.46, 12.3)]]",16
"[[(2.42, 6.26), (14.64, 18.48)]]",16
"[[(9.69, 13.53), (2.79, 6.63)]]",16
"[[(3.94, 7.779999999999999), (14.74, 18.58)]]",16
"[[(7.16, 11.0), (24.3, 28.14)]]",16
"[[(15.69, 19.53), (14.38, 18.22)]]",16
"[[(18.74, 22.58), (4.18, 8.02)]]",16
"[[(11.39, 15.23), (25.51, 29.35)]]",16
"[[(5.44, 9.280000000000001), (26.06, 29.9)]]",12
"[[(11.84, 15.68), (0.23, 4.07)]]",16
"[[(6.71, 10.55), (16.16, 20.0)]]",16
"[[(7.8, 11.64), (17.81, 21.65)]]",16
"[[(6.74, 10.58), (9.57, 13.41)]]",16
"[[(2.95, 6.79), (3.56, 7.4)]]",16
"[[(15.6, 19.439999999999998), (2.93, 6.77)]]",16
"[[(23.84, 27.68), (10.3, 14.14)]]",16
"[[(9.78, 13.62), (9.69, 13.53)]]",16
"[[(20.58, 24.419999999999998), (16.39, 20.23)]]",16
"[[(26.66, 30.5), (5.39, 9.23)]]",16
"[[(24.91, 28.75), (3.7, 7.54)]]",16
"[[(11.81, 15.65), (7.81, 11.649999999999999)]]",16
"[[(7.9, 11.74), (11.69, 15.53)]]",16
"[[(2.21, 6.05), (12.3, 16.14)]]",16
"[[(20.43, 24.27), (8.42, 12.26)]]",16
"[[(14.13, 17.97), (13.67, 17.509999999999998)]]",12
"[[(22.85, 26.69), (8.34, 12.18)]]",16
"[[(21.25, 25.09), (7.71, 11.55)]]",16
"[[(21.09, 24.93), (26.12, 29.96)]]",9
"[[(26.78, 30.62), (12.59, 16.43)]]",16
"[[(20.78, 24.62), (19.04, 22.88)]]",12
"[[(3.21, 7.05), (22.73, 26.57)]]",16
"[[(0.37, 4.21), (1.63, 5.47)]]",16
"[[(0.95, 4.79), (16.87, 20.71)]]",16
"[[(17.29, 21.13), (18.01, 21.85)]]",12
"[[(0.0, 3.53), (18.31, 22.15)]]",16
"[[(15.96, 19.8), (20.3, 24.14)]]",16
"[[(26.56, 30.4), (17.89, 21.73)]]",16
"[[(15.24, 19.08), (12.25, 16.09)]]",16
"[[(16.03, 19.87), (22.46, 26.3)]]",12
"[[(9.54, 13.379999999999999), (4.75, 8.59)]]",16
"[[(23.87, 27.71), (8.42, 12.26)]]",16
"[[(9.51, 13.35), (20.91, 24.75)]]",16
"[[(13.4, 17.240000000000002), (19.59, 23.43)]]",16
"[[(5.86, 9.7), (5.72, 9.559999999999999)]]",16
"[[(17.8, 21.64), (17.82, 21.66)]]",16
"[[(27.07, 30.91), (10.68, 14.52)]]",12
"[[(16.04, 19.88), (24.36, 28.2)]]",12
"[[(14.8, 18.64), (5.38, 9.219999999999999)]]",16
"[[(23.5, 27.34), (17.84, 21.68)]]",16
"[[(24.62, 28.46), (27.5, 31.0)]]",16
"[[(0.34, 4.18), (6.18, 10.02)]]",16
"[[(22.62, 26.46), (6.53, 10.370000000000001)]]",16
"[[(9.23, 13.07), (15.36, 19.2)]]",16
"[[(11.13, 14.97), (15.55, 19.39)]]",12
"[[(20.55, 24.39), (9.51, 13.35)]]",16
"[[(18.95, 22.79), (7.53, 11.370000000000001)]]",16
"[[(3.38, 7.22), (8.49, 12.33)]]",16
"[[(22.14, 25.98), (7.89, 11.73)]]",12
"[[(25.01, 28.85), (3.21, 7.05)]]",12
"[[(20.61, 24.45), (18.03, 21.87)]]",12
"[[(10.21, 14.05), (7.75, 11.59)]]",16
"[[(5.46, 9.3), (24.14, 27.98)]]",12
"[[(13.7, 17.54), (16.07, 19.91)]]",12
"[[(17.12, 20.96), (26.28, 30.12)]]",12
"[[(18.77, 22.61), (13.93, 17.77)]]",16
"[[(9.45, 13.29), (6.84, 10.68)]]",16
"[[(8.8, 12.64), (4.71, 8.55)]]",16
"[[(19.22, 23.06), (11.62, 15.459999999999999)]]",16
"[[(17.83, 21.669999999999998), (25.83, 29.669999999999998)]]",16
"[[(7.94, 11.780000000000001), (0.85, 4.6899999999999995)]]",16
"[[(24.37, 28.21), (25.74, 29.58)]]",16
"[[(19.23, 23.07), (11.36, 15.2)]]",16
"[[(4.91, 8.75), (19.75, 23.59)]]",16
"[[(23.82, 27.66), (23.09, 26.93)]]",12
"[[(12.47, 16.310000000000002), (5.02, 8.86)]]",12
"[[(8.87, 12.709999999999999), (25.52, 29.36)]]",16
"[[(2.66, 6.5), (11.02, 14.86)]]",12
"[[(24.9, 28.74), (6.23, 10.07)]]",16
"[[(20.44, 24.28), (11.08, 14.92)]]",12
"[[(20.72, 24.56), (6.63, 10.469999999999999)]]",16
"[[(3.87, 7.71), (9.82, 13.66)]]",16
"[[(11.05, 14.89), (19.15, 22.99)]]",9
"[[(25.77, 29.61), (26.9, 30.74)]]",16
"[[(4.82, 8.66), (4.39, 8.23)]]",16
"[[(25.27, 29.11), (0.21, 4.05)]]",16
"[[(17.32, 21.16), (4.26, 8.1)]]",16
"[[(17.07, 20.91), (1.15, 4.99)]]",9
"[[(17.05, 20.89), (2.66, 6.5)]]",12
"[[(5.71, 9.55), (12.86, 16.7)]]",16
"[[(17.42, 21.26), (0.34, 4.18)]]",16
"[[(0.21, 4.05), (26.8, 30.64)]]",16
"[[(26.13, 29.97), (21.7, 25.54)]]",12
"[[(11.21, 15.05), (3.02, 6.859999999999999)]]",12
"[[(12.98, 16.82), (14.66, 18.5)]]",16
"[[(11.73, 15.57), (21.1, 24.94)]]",12
"[[(20.0, 23.84), (7.57, 11.41)]]",16
"[[(5.6, 9.44), (10.04, 13.879999999999999)]]",12
"[[(9.73, 13.57), (10.91, 14.75)]]",16
"[[(24.82, 28.66), (19.63, 23.47)]]",16
"[[(20.23, 24.07), (23.63, 27.47)]]",16
"[[(14.87, 18.71), (13.63, 17.47)]]",16
"[[(23.87, 27.71), (0.0, 3.52)]]",16
"[[(0.0, 3.81), (0.0, 3.51)]]",16
"[[(3.64, 7.48), (22.6, 26.44)]]",16
"[[(17.33, 21.169999999999998), (22.49, 26.33)]]",16
"[[(9.98, 13.82), (23.4, 27.24)]]",16
"[[(5.81, 9.649999999999999), (5.35, 9.19)]]",16
"[[(19.55, 23.39), (16.66, 20.5)]]",16
"[[(4.33, 8.17), (12.92, 16.759999999999998)]]",16
"[[(0.0, 3.8), (2.5, 6.34)]]",16
"[[(19.76, 23.6), (26.11, 29.95)]]",12
"[[(11.03, 14.87), (22.7, 26.54)]]",12
"[[(8.66, 12.5), (15.3, 19.14)]]",16
"[[(12.94, 16.78), (7.11, 10.95)]]",12
"[[(16.48, 20.32), (18.09, 21.93)]]",12
"[[(5.04, 8.879999999999999), (18.88, 22.72)]]",12
"[[(16.33, 20.169999999999998), (19.52, 23.36)]]",16
"[[(20.14, 23.98), (15.11, 18.95)]]",9
"[[(20.69, 24.53), (17.84, 21.68)]]",16
"[[(20.96, 24.8), (1.8, 5.64)]]",16
"[[(9.42, 13.26), (22.38, 26.22)]]",16
"[[(25.94, 29.78), (3.26, 7.1)]]",16
"[[(2.08, 5.92), (2.15, 5.99)]]",9
"[[(6.41, 10.25), (0.0, 3.38)]]",16
"[[(2.53, 6.369999999999999), (22.86, 26.7)]]",16
"[[(8.74, 12.58), (25.46, 29.3)]]",16
"[[(10.4, 14.24), (5.24, 9.08)]]",16
"[[(11.11, 14.95), (18.36, 22.2)]]",12
"[[(12.13, 15.97), (7.0, 10.84)]]",12
"[[(2.61, 6.449999999999999), (8.3, 12.14)]]",16
"[[(5.72, 9.559999999999999), (13.66, 17.5)]]",16
"[[(3.13, 6.97), (0.96, 4.8)]]",12
"[[(8.97, 12.81), (1.37, 5.21)]]",16
"[[(13.74, 17.58), (20.34, 24.18)]]",16
"[[(2.73, 6.57), (9.54, 13.379999999999999)]]",16
"[[(27.63, 31.0), (0.0, 3.4499999999999997)]]",16
"[[(1.93, 5.77), (1.51, 5.35)]]",16
"[[(19.23, 23.07), (21.82, 25.66)]]",16
"[[(9.26, 13.1), (15.81, 19.65)]]",16
"[[(26.66, 30.5), (23.04, 26.88)]]",12
"[[(5.28, 9.120000000000001), (7.73, 11.57)]]",16
"[[(5.63, 9.469999999999999), (25.82, 29.66)]]",16
"[[(25.25, 29.09), (5.36, 9.2)]]",16
"[[(19.49, 23.33), (17.71, 21.55)]]",16
"[[(7.86, 11.7), (27.06, 30.9)]]",12
"[[(23.2, 27.04), (24.46, 28.3)]]",16
"[[(11.22, 15.06), (23.07, 26.91)]]",12
"[[(15.1, 18.939999999999998), (10.04, 13.879999999999999)]]",9
"[[(13.43, 17.27), (17.36, 21.2)]]",16
"[[(3.13, 6.97), (25.87, 29.71)]]",12
"[[(17.78, 21.62), (21.91, 25.75)]]",16
"[[(21.99, 25.83), (1.0, 4.84)]]",16
"[[(26.48, 30.32), (15.17, 19.009999999999998)]]",16
"[[(8.22, 12.06), (12.28, 16.119999999999997)]]",16
"[[(9.7, 13.54), (26.57, 30.41)]]",16
"[[(23.79, 27.63), (8.61, 12.45)]]",16
"[[(18.59, 22.43), (23.55, 27.39)]]",16
"[[(5.09, 8.93), (14.93, 18.77)]]",12
"[[(5.57, 9.41), (26.03, 29.87)]]",12
"[[(19.08, 22.919999999999998), (10.13, 13.97)]]",9
"[[(11.69, 15.53), (9.37, 13.209999999999999)]]",16
"[[(26.56, 30.4), (14.97, 18.810000000000002)]]",16
"[[(18.0, 21.84), (7.75, 11.59)]]",16
"[[(20.65, 24.49), (0.0, 3.46)]]",16
"[[(6.01, 9.85), (3.39, 7.23)]]",12
"[[(0.67, 4.51), (15.26, 19.1)]]",16
"[[(12.24, 16.08), (6.24, 10.08)]]",16
"[[(10.74, 14.58), (9.98, 13.82)]]",16
"[[(16.01, 19.85), (5.52, 9.36)]]",12
"[[(24.17, 28.01), (24.98, 28.82)]]",16
"[[(20.28, 24.12), (12.22, 16.060000000000002)]]",16
"[[(20.1, 23.94), (1.13, 4.97)]]",9
"[[(13.1, 16.939999999999998), (21.41, 25.25)]]",12
"[[(6.84, 10.68), (4.45, 8.29)]]",16
"[[(22.0, 25.84), (22.45, 26.29)]]",16
"[[(19.94, 23.78), (25.1, 28.94)]]",12
"[[(20.39, 24.23), (15.31, 19.15)]]",16
"[[(6.79, 10.629999999999999), (2.37, 6.21)]]",16
"[[(0.0, 3.38), (12.78, 16.619999999999997)]]",16
"[[(7.46, 11.3), (20.86, 24.7)]]",16
"[[(14.38, 18.22), (8.44, 12.28)]]",16
"[[(11.23, 15.07), (11.85, 15.69)]]",16
"[[(24.96, 28.8), (4.31, 8.149999999999999)]]",16
"[[(13.27, 17.11), (11.79, 15.629999999999999)]]",16
"[[(27.12, 30.96), (2.76, 6.6)]]",12
"[[(12.33, 16.17), (5.81, 9.649999999999999)]]",16
"[[(2.43, 6.27), (3.58, 7.42)]]",16
"[[(23.07, 26.91), (18.35, 22.19)]]",12
"[[(1.65, 5.49), (6.81, 10.649999999999999)]]",16
"[[(16.76, 20.6), (13.66, 17.5)]]",16
"[[(5.96, 9.8), (10.94, 14.78)]]",16
"[[(0.85, 4.6899999999999995), (7.22, 11.059999999999999)]]",16
"[[(19.31, 23.15), (2.9, 6.74)]]",16
"[[(7.61, 11.45), (3.72, 7.5600000000000005)]]",16
"[[(21.69, 25.53), (18.15, 21.99)]]",12
"[[(19.69, 23.53), (20.71, 24.55)]]",16
"[[(17.07, 20.91), (3.38, 7.22)]]",12
"[[(1.66, 5.5), (27.39, 31.0)]]",16
"[[(24.96, 28.8), (4.58, 8.42)]]",16
"[[(7.24, 11.08), (20.9, 24.74)]]",16
"[[(12.54, 16.38), (8.17, 12.01)]]",16
"[[(5.23, 9.07), (11.88, 15.72)]]",16
"[[(10.83, 14.67), (19.46, 23.3)]]",16
"[[(19.9, 23.74), (21.41, 25.25)]]",16
"[[(10.22, 14.06), (8.05, 11.89)]]",12
"[[(19.54, 23.38), (18.2, 22.04)]]",16
"[[(18.65, 22.49), (10.01, 13.85)]]",12
"[[(15.79, 19.63), (3.73, 7.57)]]",16
"[[(26.23, 30.07), (24.34, 28.18)]]",16
"[[(1.74, 5.58), (22.86, 26.7)]]",16
"[[(12.29, 16.13), (16.71, 20.55)]]",16
"[[(22.24, 26.08), (10.91, 14.75)]]",16
"[[(17.52, 21.36), (6.01, 9.85)]]",12
"[[(11.75, 15.59), (20.86, 24.7)]]",16
"[[(3.58, 7.42), (16.93, 20.77)]]",16
"[[(18.43, 22.27), (0.36, 4.2)]]",16
"[[(18.62, 22.46), (0.64, 4.4799999999999995)]]",16
"[[(18.98, 22.82), (6.59, 10.43)]]",16
"[[(2.59, 6.43), (14.55, 18.39)]]",16
"[[(12.79, 16.63), (4.48, 8.32)]]",16
"[[(3.47, 7.3100000000000005), (7.46, 11.3)]]",16
"[[(11.84, 15.68), (3.12, 6.96)]]",12
"[[(2.77, 6.609999999999999), (19.27, 23.11)]]",16
"[[(13.44, 17.28), (1.31, 5.15)]]",16
"[[(1.08, 4.92), (1.58, 5.42)]]",12
"[[(22.47, 26.31), (23.43, 27.27)]]",16
"[[(15.44, 19.28), (12.29, 16.13)]]",16
"[[(21.74, 25.58), (4.74, 8.58)]]",16
"[[(0.7, 4.54), (9.26, 13.1)]]",16
"[[(10.57, 14.41), (0.0, 3.67)]]",16
"[[(16.85, 20.69), (22.98, 26.82)]]",16
"[[(2.02, 5.859999999999999), (16.44, 20.28)]]",12
"[[(17.32, 21.16), (6.62, 10.46)]]",16
"[[(8.15, 11.99), (19.75, 23.59)]]",12
"[[(11.06, 14.9), (0.48, 4.32)]]",12
"[[(1.86, 5.7), (1.93, 5.77)]]",16
"[[(24.96, 28.8), (4.1, 7.9399999999999995)]]",12
"[[(15.99, 19.83), (3.41, 7.25)]]",16
"[[(24.27, 28.11), (23.04, 26.88)]]",12
"[[(24.7, 28.54), (23.16, 27.0)]]",16
"[[(14.84, 18.68), (10.63, 14.47)]]",16
"[[(24.67, 28.51), (3.54, 7.38)]]",16
"[[(10.72, 14.56), (16.6, 20.44)]]",16
"[[(1.61, 5.45), (4.46, 8.3)]]",16
"[[(4.9, 8.74), (0.7, 4.54)]]",16
"[[(19.69, 23.53), (25.76, 29.6)]]",16
"[[(21.6, 25.44), (0.43, 4.27)]]",16
"[[(15.76, 19.6), (13.99, 17.83)]]",16
"[[(1.32, 5.16), (15.71, 19.55)]]",16
"[[(17.44, 21.28), (9.32, 13.16)]]",16
"[[(27.4, 31.0), (15.61, 19.45)]]",16
"[[(15.71, 19.55), (1.05, 4.89)]]",12
"[[(5.79, 9.629999999999999), (19.47, 23.31)]]",16
"[[(6.59, 10.43), (6.69, 10.530000000000001)]]",16
"[[(16.72, 20.56), (12.72, 16.560000000000002)]]",16
"[[(16.48, 20.32), (14.19, 18.03)]]",16
"[[(1.94, 5.779999999999999), (6.02, 9.86)]]",12
"[[(17.87, 21.71), (24.93, 28.77)]]",16
"[[(26.91, 30.75), (13.46, 17.3)]]",16
"[[(27.27, 31.0), (0.0, 3.4899999999999998)]]",16
"[[(22.9, 26.74), (6.51, 10.35)]]",16
"[[(4.27, 8.11), (1.44, 5.279999999999999)]]",16
"[[(4.68, 8.52), (9.8, 13.64)]]",16
"[[(4.38, 8.219999999999999), (14.38, 18.22)]]",16
"[[(14.2, 18.04), (17.09, 20.93)]]",12
"[[(13.26, 17.1), (5.97, 9.809999999999999)]]",16
"[[(24.76, 28.6), (24.45, 28.29)]]",16
"[[(18.07, 21.91), (20.49, 24.33)]]",12
"[[(7.51, 11.35), (21.55, 25.39)]]",16
"[[(12.43, 16.27), (14.42, 18.259999999999998)]]",16
"[[(15.34, 19.18), (21.89, 25.73)]]",16
"[[(5.99, 9.83), (0.41, 4.25)]]",16
"[[(25.81, 29.65), (27.53, 31.0)]]",16
"[[(3.08, 6.92), (9.68, 13.52)]]",12
"[[(24.35, 28.19), (16.11, 19.95)]]",12
"[[(20.81, 24.65), (16.04, 19.88)]]",12
"[[(24.82, 28.66), (8.92, 12.76)]]",16
"[[(5.13, 8.969999999999999), (19.07, 22.91)]]",9
"[[(5.49, 9.33), (14.08, 17.92)]]",12
"[[(1.21, 5.05), (20.42, 24.26)]]",16
"[[(11.47, 15.31), (9.52, 13.36)]]",16
"[[(22.81, 26.65), (22.75, 26.59)]]",16
"[[(5.76, 9.6), (0.0, 3.37)]]",16
"[[(1.12, 4.96), (21.39, 25.23)]]",12
"[[(6.49, 10.33), (18.58, 22.419999999999998)]]",16
"[[(0.83, 4.67), (17.74, 21.58)]]",16
"[[(17.29, 21.13), (19.04, 22.88)]]",12
"[[(23.66, 27.5), (21.66, 25.5)]]",16
"[[(19.67, 23.51), (17.31, 21.15)]]",16
"[[(3.08, 6.92), (21.54, 25.38)]]",12
"[[(23.43, 27.27), (5.78, 9.620000000000001)]]",16
"[[(21.52, 25.36), (8.04, 11.879999999999999)]]",12
"[[(13.63, 17.47), (15.88, 19.72)]]",16
"[[(19.58, 23.419999999999998), (23.59, 27.43)]]",16
"[[(20.95, 24.79), (19.59, 23.43)]]",16
"[[(8.71, 12.55), (11.29, 15.129999999999999)]]",16
"[[(3.75, 7.59), (12.87, 16.71)]]",16
"[[(14.94, 18.78), (18.53, 22.37)]]",16
"[[(12.12, 15.959999999999999), (0.0, 3.79)]]",12
"[[(23.22, 27.06), (18.87, 22.71)]]",16
"[[(19.35, 23.19), (27.64, 31.0)]]",16
"[[(0.0, 3.79), (14.7, 18.54)]]",16
"[[(12.28, 16.119999999999997), (8.44, 12.28)]]",16
"[[(16.46, 20.3), (4.57, 8.41)]]",16
"[[(0.97, 4.81), (6.31, 10.149999999999999)]]",16
"[[(22.41, 26.25), (22.48, 26.32)]]",16
"[[(14.44, 18.28), (20.06, 23.9)]]",12
"[[(4.19, 8.030000000000001), (25.74, 29.58)]]",16
"[[(27.05, 30.89), (14.4, 18.240000000000002)]]",12
"[[(11.26, 15.1), (0.22, 4.06)]]",16
"[[(23.6, 27.44), (21.22, 25.06)]]",16
"[[(10.34, 14.18), (15.32, 19.16)]]",16
"[[(0.51, 4.35), (4.23, 8.07)]]",16
"[[(5.82, 9.66), (2.34, 6.18)]]",16
"[[(25.61, 29.45), (18.75, 22.59)]]",16
"[[(23.3, 27.14), (4.16, 8.0)]]",16
"[[(10.01, 13.85), (24.2, 28.04)]]",12
"[[(9.12, 12.959999999999999), (2.49, 6.33)]]",12
"[[(5.3, 9.14), (3.75, 7.59)]]",16
"[[(16.47, 20.31), (4.44, 8.280000000000001)]]",16
"[[(3.9, 7.74), (8.19, 12.03)]]",16
"[[(7.44, 11.280000000000001), (19.69, 23.53)]]",16
"[[(27.26, 31.0), (17.72, 21.56)]]",16
"[[(9.27, 13.11), (23.93, 27.77)]]",16
"[[(12.73, 16.57), (24.22, 28.06)]]",16
"[[(18.73, 22.57), (6.25, 10.09)]]",16
"[[(18.96, 22.8), (20.47, 24.31)]]",16
"[[(21.22, 25.06), (20.28, 24.12)]]",16
"[[(19.24, 23.08), (15.36, 19.2)]]",16
"[[(22.34, 26.18), (3.25, 7.09)]]",16
"[[(25.22, 29.06), (27.21, 31.0)]]",16
"[[(10.26, 14.1), (16.95, 20.79)]]",16
"[[(14.73, 18.57), (20.15, 23.99)]]",12
"[[(22.73, 26.57), (3.19, 7.029999999999999)]]",16
"[[(7.96, 11.8), (22.32, 26.16)]]",16
"[[(11.91, 15.75), (10.63, 14.47)]]",16
"[[(2.9, 6.74), (24.76, 28.6)]]",16
"[[(5.04, 8.879999999999999), (4.78, 8.620000000000001)]]",12
"[[(20.66, 24.5), (22.38, 26.22)]]",16
"[[(20.81, 24.65), (19.89, 23.73)]]",16
"[[(17.54, 21.38), (6.94, 10.780000000000001)]]",16
"[[(21.55, 25.39), (5.5, 9.34)]]",16
"[[(23.18, 27.02), (25.81, 29.65)]]",16
"[[(14.1, 17.939999999999998), (19.41, 23.25)]]",12
"[[(20.89, 24.73), (15.18, 19.02)]]",16
"[[(3.5, 7.34), (8.99, 12.83)]]",16
"[[(23.52, 27.36), (21.75, 25.59)]]",16
"[[(14.65, 18.490000000000002), (25.28, 29.12)]]",16
"[[(5.97, 9.809999999999999), (18.22, 22.06)]]",16
"[[(27.28, 31.0), (4.77, 8.61)]]",16
"[[(4.15, 7.99), (24.28, 28.12)]]",12
"[[(7.73, 11.57), (9.68, 13.52)]]",16
"[[(14.75, 18.59), (0.0, 3.53)]]",16
"[[(19.15, 22.99), (18.53, 22.37)]]",12
"[[(27.45, 31.0), (5.18, 9.02)]]",16
"[[(13.99, 17.83), (22.44, 26.28)]]",16
"[[(0.25, 4.09), (5.2, 9.04)]]",16
"[[(11.96, 15.8), (19.0, 22.84)]]",16
"[[(9.2, 13.04), (10.99, 14.83)]]",16
"[[(10.14, 13.98), (16.79, 20.63)]]",12
"[[(7.46, 11.3), (17.01, 20.85)]]",12
"[[(18.3, 22.14), (0.48, 4.32)]]",16
"[[(14.99, 18.83), (6.86, 10.7)]]",16
"[[(5.94, 9.780000000000001), (8.35, 12.19)]]",16
"[[(13.2, 17.04), (2.27, 6.109999999999999)]]",16
"[[(20.6, 24.44), (15.17, 19.009999999999998)]]",16
"[[(17.75, 21.59), (4.28, 8.120000000000001)]]",16
"[[(10.89, 14.73), (3.29, 7.13)]]",16
"[[(14.46, 18.3), (11.31, 15.15)]]",16
"[[(14.57, 18.41), (8.57, 12.41)]]",16
"[[(24.89, 28.73), (25.24, 29.08)]]",16
"[[(11.37, 15.209999999999999), (8.14, 11.98)]]",12
"[[(0.28, 4.12), (16.83, 20.669999999999998)]]",16
"[[(1.77, 5.609999999999999), (22.93, 26.77)]]",16
"[[(4.15, 7.99), (12.85, 16.689999999999998)]]",12
"[[(10.21, 14.05), (26.02, 29.86)]]",12
"[[(6.95, 10.79), (10.17, 14.01)]]",16
"[[(12.87, 16.71), (16.31, 20.15)]]",16
"[[(14.5, 18.34), (11.37, 15.209999999999999)]]",16
"[[(20.75, 24.59), (20.62, 24.46)]]",16
"[[(13.97, 17.810000000000002), (14.57, 18.41)]]",16
"[[(24.83, 28.669999999999998), (13.63, 17.47)]]",16
"[[(18.82, 22.66), (13.27, 17.11)]]",16
"[[(1.34, 5.18), (6.46, 10.3)]]",16
"[[(16.29, 20.13), (19.97, 23.81)]]",16
"[[(20.93, 24.77), (12.66, 16.5)]]",16
"[[(1.28, 5.12), (22.3, 26.14)]]",16
"[[(8.44, 12.28), (10.3, 14.14)]]",16
"[[(10.67, 14.51), (14.77, 18.61)]]",16
"[[(27.09, 30.93), (13.49, 17.33)]]",12
"[[(10.37, 14.209999999999999), (6.01, 9.85)]]",12
"[[(19.21, 23.05), (8.79, 12.629999999999999)]]",16
"[[(2.11, 5.949999999999999), (21.19, 25.03)]]",12
"[[(7.34, 11.18), (7.32, 11.16)]]",16
"[[(27.02, 30.86), (23.22, 27.06)]]",12
"[[(3.15, 6.99), (26.01, 29.85)]]",9
"[[(0.97, 4.81), (5.26, 9.1)]]",16
"[[(11.12, 14.959999999999999), (19.5, 23.34)]]",12
"[[(7.87, 11.71), (8.8, 12.64)]]",16
"[[(11.87, 15.709999999999999), (22.61, 26.45)]]",16
"[[(12.76, 16.6), (9.22, 13.06)]]",16
"[[(26.6, 30.44), (5.72, 9.559999999999999)]]",16
"[[(6.02, 9.86), (5.18, 9.02)]]",12
"[[(14.58, 18.42), (9.67, 13.51)]]",16
"[[(9.98, 13.82), (0.81, 4.65)]]",16
"[[(15.39, 19.23), (4.94, 8.780000000000001)]]",16
"[[(3.72, 7.5600000000000005), (12.2, 16.04)]]",16
"[[(11.73, 15.57), (19.99, 23.83)]]",16
"[[(2.0, 5.84), (3.13, 6.97)]]",12
"[[(20.35, 24.19), (1.9, 5.74)]]",16
"[[(7.94, 11.780000000000001), (10.14, 13.98)]]",12
"[[(13.68, 17.52), (26.72, 30.56)]]",16
"[[(10.06, 13.9), (4.02, 7.859999999999999)]]",9
"[[(0.0, 3.59), (16.84, 20.68)]]",16
"[[(27.59, 31.0), (14.97, 18.810000000000002)]]",16
"[[(14.27, 18.11), (17.18, 21.02)]]",16
"[[(14.36, 18.2), (17.31, 21.15)]]",16
"[[(2.43, 6.27), (3.14, 6.98)]]",12
"[[(9.22, 13.06), (8.02, 11.86)]]",12
"[[(19.3, 23.14), (3.69, 7.529999999999999)]]",16
"[[(10.29, 14.129999999999999), (4.08, 7.92)]]",12
"[[(25.54, 29.38), (21.83, 25.669999999999998)]]",16
"[[(24.19, 28.03), (8.92, 12.76)]]",16
"[[(21.34, 25.18), (8.47, 12.31)]]",16
"[[(16.58, 20.419999999999998), (27.35, 31.0)]]",16
"[[(22.54, 26.38), (26.84, 30.68)]]",16
"[[(27.08, 30.919999999999998), (26.92, 30.76)]]",12
"[[(2.5, 6.34), (11.05, 14.89)]]",12
"[[(25.19, 29.03), (12.45, 16.29)]]",16
"[[(1.62, 5.46), (1.76, 5.6)]]",16
"[[(25.95, 29.79), (12.26, 16.1)]]",16
"[[(15.4, 19.240000000000002), (25.19, 29.03)]]",16
"[[(0.45, 4.29), (27.22, 31.0)]]",16
"[[(0.87, 4.71), (17.09, 20.93)]]",12
"[[(8.02, 11.86), (19.79, 23.63)]]",12
"[[(21.19, 25.03), (12.92, 16.759999999999998)]]",16
"[[(13.88, 17.72), (4.13, 7.97)]]",12
"[[(17.85, 21.69), (20.01, 23.85)]]",12
"[[(0.96, 4.8), (14.21, 18.05)]]",16
"[[(5.86, 9.7), (5.91, 9.75)]]",16
"[[(23.81, 27.65), (7.44, 11.280000000000001)]]",16
"[[(17.57, 21.41), (17.77, 21.61)]]",16
"[[(25.99, 29.83), (0.07, 3.9099999999999997)]]",12
"[[(14.81, 18.65), (26.46, 30.3)]]",16
"[[(16.24, 20.08), (2.25, 6.09)]]",16
"[[(17.82, 21.66), (26.34, 30.18)]]",16
"[[(15.39, 19.23), (5.66, 9.5)]]",16
"[[(0.0, 3.7199999999999998), (14.22, 18.060000000000002)]]",16
"[[(25.43, 29.27), (10.73, 14.57)]]",16
"[[(27.04, 30.88), (4.15, 7.99)]]",9
"[[(2.8, 6.64), (27.13, 30.97)]]",12
"[[(9.94, 13.78), (9.21, 13.05)]]",16
"[[(6.1, 9.94), (8.21, 12.05)]]",12
"[[(8.66, 12.5), (4.09, 7.93)]]",12
"[[(24.8, 28.64), (10.76, 14.6)]]",16
"[[(21.26, 25.1), (11.68, 15.52)]]",16
"[[(18.69, 22.53), (10.43, 14.27)]]",16
"[[(7.04, 10.879999999999999), (3.55, 7.39)]]",12
"[[(0.0, 3.83), (2.9, 6.74)]]",16
"[[(18.74, 22.58), (26.81, 30.65)]]",16
"[[(23.22, 27.06), (20.46, 24.3)]]",16
"[[(18.02, 21.86), (8.82, 12.66)]]",12
"[[(5.4, 9.24), (21.01, 24.85)]]",12
"[[(17.2, 21.04), (0.09, 3.9299999999999997)]]",12
"[[(19.89, 23.73), (22.42, 26.26)]]",16
"[[(14.66, 18.5), (26.29, 30.13)]]",16
"[[(0.0, 3.48), (23.8, 27.64)]]",16
"[[(1.12, 4.96), (24.97, 28.81)]]",12
"[[(1.97, 5.81), (11.81, 15.65)]]",16
"[[(10.39, 14.23), (22.38, 26.22)]]",16
"[[(19.93, 23.77), (0.0, 3.3499999999999996)]]",16
"[[(17.71, 21.55), (20.47, 24.31)]]",16
"[[(13.03, 16.869999999999997), (4.76, 8.6)]]",12
"[[(20.45, 24.29), (8.77, 12.61)]]",16
"[[(2.94, 6.779999999999999), (24.22, 28.06)]]",16
"[[(7.98, 11.82), (2.86, 6.699999999999999)]]",16
"[[(20.76, 24.6), (16.21, 20.05)]]",16
"[[(15.86, 19.7), (23.52, 27.36)]]",16
"[[(11.48, 15.32), (22.66, 26.5)]]",16
"[[(23.5, 27.34), (8.54, 12.379999999999999)]]",16
"[[(13.67, 17.509999999999998), (1.24, 5.08)]]",16
"[[(19.25, 23.09), (0.39, 4.2299999999999995)]]",16
"[[(27.51, 31.0), (3.83, 7.67)]]",16
"[[(8.25, 12.09), (11.4, 15.24)]]",16
"[[(20.88, 24.72), (8.93, 12.77)]]",16
"[[(0.3, 4.14), (2.67, 6.51)]]",16
"[[(11.1, 14.94), (10.55, 14.39)]]",12
"[[(11.15, 14.99), (0.95, 4.79)]]",12
"[[(1.07, 4.91), (26.99, 30.83)]]",12
"[[(11.8, 15.64), (7.68, 11.52)]]",16
"[[(2.15, 5.99), (6.96, 10.8)]]",12
"[[(19.0, 22.84), (8.42, 12.26)]]",16
"[[(20.94, 24.78), (26.24, 30.08)]]",16
"[[(14.13, 17.97), (6.21, 10.05)]]",12
"[[(9.94, 13.78), (16.3, 20.14)]]",16
"[[(0.0, 3.34), (7.3, 11.14)]]",16
"[[(12.85, 16.689999999999998), (23.19, 27.03)]]",16
"[[(10.73, 14.57), (24.03, 27.87)]]",12
"[[(10.42, 14.26), (14.28, 18.119999999999997)]]",16
"[[(25.67, 29.51), (14.44, 18.28)]]",16
"[[(15.94, 19.78), (25.11, 28.95)]]",12
"[[(5.67, 9.51), (11.0, 14.84)]]",16
"[[(17.8, 21.64), (25.3, 29.14)]]",16
"[[(0.0, 3.65), (6.26, 10.1)]]",16
"[[(14.23, 18.07), (19.41, 23.25)]]",16
"[[(9.84, 13.68), (13.1, 16.939999999999998)]]",12
"[[(25.95, 29.79), (16.69, 20.53)]]",16
"[[(21.23, 25.07), (1.63, 5.47)]]",16
"[[(5.74, 9.58), (1.33, 5.17)]]",16
"[[(23.51, 27.35), (11.93, 15.77)]]",16
"[[(9.0, 12.84), (13.09, 16.93)]]",12
"[[(13.67, 17.509999999999998), (1.41, 5.25)]]",16
"[[(14.08, 17.92), (27.42, 31.0)]]",12
"[[(13.02, 16.86), (18.41, 22.25)]]",12
"[[(13.58, 17.42), (26.7, 30.54)]]",16
"[[(6.07, 9.91), (25.83, 29.669999999999998)]]",12
"[[(6.27, 10.11), (17.37, 21.21)]]",16
"[[(13.84, 17.68), (15.67, 19.509999999999998)]]",16
"[[(0.21, 4.05), (15.89, 19.73)]]",16
"[[(12.72, 16.560000000000002), (15.59, 19.43)]]",16
"[[(22.71, 26.55), (2.2, 6.04)]]",16
"[[(23.74, 27.58), (2.97, 6.8100000000000005)]]",16
"[[(18.58, 22.419999999999998), (24.66, 28.5)]]",16
"[[(1.6, 5.4399999999999995), (12.79, 16.63)]]",16
"[[(7.44, 11.280000000000001), (16.72, 20.56)]]",16
"[[(1.65, 5.49), (0.0, 3.6999999999999997)]]",16
"[[(26.59, 30.43), (25.68, 29.52)]]",16
"[[(15.43, 19.27), (21.33, 25.169999999999998)]]",16
"[[(25.5, 29.34), (6.78, 10.620000000000001)]]",16
"[[(26.52, 30.36), (24.75, 28.59)]]",16
"[[(14.93, 18.77), (15.59, 19.43)]]",16
"[[(19.05, 22.89), (1.31, 5.15)]]",12
"[[(24.45, 28.29), (2.46, 6.3)]]",16
"[[(14.39, 18.23), (8.39, 12.23)]]",16
"[[(19.98, 23.82), (25.43, 29.27)]]",16
"[[(20.95, 24.79), (23.11, 26.95)]]",12
"[[(15.9, 19.740000000000002), (23.96, 27.8)]]",16
"[[(16.69, 20.53), (8.59, 12.43)]]",16
"[[(11.01, 14.85), (0.0, 3.73)]]",12
"[[(0.31, 4.1499999999999995), (17.69, 21.53)]]",16
"[[(23.03, 26.87), (12.84, 16.68)]]",12
"[[(27.0, 30.84), (19.83, 23.669999999999998)]]",16
"[[(23.24, 27.08), (7.2, 11.04)]]",16
"[[(16.54, 20.38), (1.94, 5.779999999999999)]]",16
"[[(0.1, 3.94), (20.83, 24.669999999999998)]]",12
"[[(15.22, 19.060000000000002), (16.88, 20.72)]]",16
"[[(7.11, 10.95), (10.93, 14.77)]]",12
"[[(19.02, 22.86), (27.03, 30.87)]]",9
"[[(26.27, 30.11), (19.14, 22.98)]]",12
"[[(27.33, 31.0), (24.14, 27.98)]]",12
"[[(14.58, 18.42), (16.63, 20.47)]]",16
"[[(14.76, 18.6), (22.37, 26.21)]]",16
"[[(14.57, 18.41), (7.85, 11.69)]]",16
"[[(21.52, 25.36), (11.71, 15.55)]]",16
"[[(11.59, 15.43), (6.9, 10.74)]]",16
"[[(3.83, 7.67), (20.96, 24.8)]]",16
"[[(18.1, 21.94), (2.44, 6.279999999999999)]]",12
"[[(12.15, 15.99), (24.45, 28.29)]]",12
"[[(10.37, 14.209999999999999), (2.2, 6.04)]]",16
"[[(0.77, 4.609999999999999), (22.24, 26.08)]]",16
"[[(22.93, 26.77), (21.53, 25.37)]]",16
"[[(10.96, 14.8), (0.03, 3.8699999999999997)]]",12
"[[(4.46, 8.3), (26.66, 30.5)]]",16
"[[(2.34, 6.18), (26.09, 29.93)]]",12
"[[(27.61, 31.0), (7.92, 11.76)]]",16
"[[(19.14, 22.98), (16.08, 19.919999999999998)]]",9
"[[(16.15, 19.99), (17.92, 21.76)]]",12
"[[(15.61, 19.45), (6.1, 9.94)]]",12
"[[(5.4, 9.24), (27.22, 31.0)]]",16
"[[(16.27, 20.11), (16.26, 20.1)]]",16
"[[(1.32, 5.16), (22.48, 26.32)]]",16
"[[(23.5, 27.34), (27.14, 30.98)]]",12
"[[(11.1, 14.94), (26.92, 30.76)]]",12
"[[(20.57, 24.41), (8.25, 12.09)]]",16
"[[(9.88, 13.72), (17.05, 20.89)]]",12
"[[(27.34, 31.0), (14.89, 18.73)]]",16
"[[(24.2, 28.04), (17.42, 21.26)]]",16
"[[(5.2, 9.04), (4.87, 8.71)]]",16
"[[(18.7, 22.54), (21.87, 25.71)]]",16
"[[(26.18, 30.02), (18.2, 22.04)]]",16
"[[(23.44, 27.28), (2.23, 6.07)]]",16
"[[(10.24, 14.08), (21.3, 25.14)]]",16
"[[(27.31, 31.0), (15.9, 19.740000000000002)]]",16
"[[(9.87, 13.709999999999999), (0.46, 4.3)]]",16
"[[(25.29, 29.13), (19.82, 23.66)]]",16
"[[(10.19, 14.03), (13.6, 17.439999999999998)]]",16
"[[(6.33, 10.17), (12.39, 16.23)]]",16
"[[(23.88, 27.72), (0.43, 4.27)]]",16
"[[(25.93, 29.77), (0.0, 3.4299999999999997)]]",16
"[[(14.17, 18.009999999999998), (11.78, 15.62)]]",16
"[[(20.79, 24.63), (0.0, 3.5999999999999996)]]",16
"[[(19.09, 22.93), (18.43, 22.27)]]",12
"[[(23.15, 26.99), (0.83, 4.67)]]",12
"[[(8.17, 12.01), (19.05, 22.89)]]",12
"[[(25.41, 29.25), (23.06, 26.9)]]",12
"[[(6.14, 9.98), (0.0, 3.48)]]",12
"[[(19.46, 23.3), (14.07, 17.91)]]",12
"[[(4.51, 8.35), (5.8, 9.64)]]",16
"[[(0.44, 4.28), (23.63, 27.47)]]",16
"[[(15.54, 19.38), (11.15, 14.99)]]",12
"[[(10.58, 14.42), (0.0, 3.82)]]",16
"[[(27.43, 31.0), (0.78, 4.62)]]",16
"[[(11.47, 15.31), (12.37, 16.21)]]",16
"[[(14.78, 18.619999999999997), (11.01, 14.85)]]",12
"[[(8.24, 12.08), (16.19, 20.03)]]",16
"[[(20.69, 24.53), (1.81, 5.65)]]",16
"[[(17.82, 21.66), (12.95, 16.79)]]",16
"[[(6.11, 9.95), (10.82, 14.66)]]",12
"[[(27.33, 31.0), (0.93, 4.77)]]",16
"[[(11.23, 15.07), (14.65, 18.490000000000002)]]",16
"[[(7.18, 11.02), (4.16, 8.0)]]",16
"[[(26.78, 30.62), (18.35, 22.19)]]",16
"[[(4.74, 8.58), (4.12, 7.96)]]",12
"[[(6.22, 10.059999999999999), (10.95, 14.79)]]",16
"[[(26.51, 30.35), (7.86, 11.7)]]",16
"[[(26.34, 30.18), (14.24, 18.08)]]",16
"[[(24.37, 28.21), (19.51, 23.35)]]",16
"[[(16.12, 19.96), (23.09, 26.93)]]",9
"[[(2.27, 6.109999999999999), (23.61, 27.45)]]",16
"[[(13.72, 17.560000000000002), (0.64, 4.4799999999999995)]]",16
"[[(26.53, 30.37), (20.63, 24.47)]]",16
"[[(15.31, 19.15), (20.19, 24.03)]]",16
"[[(17.9, 21.74), (20.43, 24.27)]]",16
"[[(25.03, 28.87), (5.35, 9.19)]]",12
"[[(6.56, 10.399999999999999), (16.62, 20.46)]]",16
"[[(25.31, 29.15), (1.68, 5.52)]]",16
"[[(11.54, 15.379999999999999), (22.63, 26.47)]]",16
"[[(9.0, 12.84), (7.94, 11.780000000000001)]]",16
"[[(18.8, 22.64), (23.25, 27.09)]]",16
"[[(7.64, 11.48), (8.99, 12.83)]]",16
"[[(17.77, 21.61), (13.04, 16.88)]]",12
"[[(21.12, 24.96), (12.59, 16.43)]]",12
"[[(20.02, 23.86), (0.26, 4.1)]]",12
"[[(0.79, 4.63), (11.74, 15.58)]]",16
"[[(12.29, 16.13), (3.91, 7.75)]]",16
"[[(17.68, 21.52), (23.95, 27.79)]]",16
"[[(7.57, 11.41), (17.71, 21.55)]]",16
"[[(0.31, 4.1499999999999995), (15.25, 19.09)]]",16
"[[(12.97, 16.810000000000002), (11.97, 15.81)]]",16
"[[(15.11, 18.95), (17.21, 21.05)]]",12
"[[(13.97, 17.810000000000002), (5.37, 9.21)]]",16
"[[(1.33, 5.17), (19.1, 22.94)]]",12
"[[(14.9, 18.740000000000002), (23.96, 27.8)]]",16
"[[(3.53, 7.369999999999999), (6.21, 10.05)]]",16
"[[(23.61, 27.45), (13.19, 17.03)]]",16
"[[(12.04, 15.879999999999999), (3.12, 6.96)]]",9
"[[(22.59, 26.43), (17.2, 21.04)]]",16
"[[(14.65, 18.490000000000002), (19.93, 23.77)]]",16
"[[(1.86, 5.7), (18.33, 22.169999999999998)]]",16
"[[(27.49, 31.0), (11.79, 15.629999999999999)]]",16
"[[(5.78, 9.620000000000001), (25.84, 29.68)]]",16
"[[(19.23, 23.07), (23.52, 27.36)]]",16
"[[(11.43, 15.27), (3.05, 6.89)]]",12
"[[(4.55, 8.39), (16.56, 20.4)]]",16
"[[(10.94, 14.78), (18.9, 22.74)]]",16
"[[(6.17, 10.01), (2.73, 6.57)]]",16
"[[(5.51, 9.35), (12.58, 16.42)]]",16
"[[(3.59, 7.43), (22.8, 26.64)]]",16
"[[(26.54, 30.38), (13.69, 17.53)]]",16
"[[(5.51, 9.35), (23.6, 27.44)]]",16
"[[(27.06, 30.9), (25.25, 29.09)]]",12
"[[(23.81, 27.65), (21.97, 25.81)]]",16
"[[(3.8, 7.64), (0.0, 3.53)]]",16
"[[(16.31, 20.15), (9.04, 12.879999999999999)]]",12
"[[(20.38, 24.22), (5.59, 9.43)]]",16
"[[(8.61, 12.45), (26.02, 29.86)]]",12
"[[(5.3, 9.14), (0.0, 3.77)]]",16
"[[(13.74, 17.58), (7.48, 11.32)]]",16
"[[(21.13, 24.97), (19.04, 22.88)]]",9
"[[(2.38, 6.22), (7.4, 11.24)]]",16
"[[(23.37, 27.21), (7.55, 11.39)]]",16
"[[(9.54, 13.379999999999999), (17.19, 21.03)]]",16
"[[(8.4, 12.24), (1.06, 4.9)]]",12
"[[(11.62, 15.459999999999999), (14.67, 18.509999999999998)]]",16
"[[(25.59, 29.43), (24.28, 28.12)]]",16
"[[(10.69, 14.53), (25.84, 29.68)]]",16
"[[(6.56, 10.399999999999999), (17.89, 21.73)]]",16
"[[(3.68, 7.52), (15.47, 19.310000000000002)]]",16
"[[(23.87, 27.71), (21.85, 25.69)]]",16
"[[(3.28, 7.119999999999999), (13.73, 17.57)]]",16
"[[(3.34, 7.18), (24.54, 28.38)]]",16
"[[(17.84, 21.68), (16.1, 19.94)]]",12
"[[(25.64, 29.48), (27.33, 31.0)]]",16
"[[(6.29, 10.129999999999999), (20.6, 24.44)]]",16
"[[(0.64, 4.4799999999999995), (1.12, 4.96)]]",12
"[[(4.26, 8.1), (17.53, 21.37)]]",16
"[[(5.74, 9.58), (6.7, 10.54)]]",16
"[[(2.22, 6.0600000000000005), (5.17, 9.01)]]",16
"[[(25.91, 29.75), (25.91, 29.75)]]",16
"[[(8.46, 12.3), (19.89, 23.73)]]",16
"[[(1.26, 5.1), (6.51, 10.35)]]",16
"[[(23.91, 27.75), (1.15, 4.99)]]",12
"[[(0.66, 4.5), (6.2, 10.04)]]",16
"[[(14.86, 18.7), (6.48, 10.32)]]",16
"[[(17.43, 21.27), (3.85, 7.6899999999999995)]]",16
"[[(15.94, 19.78), (21.19, 25.03)]]",16
"[[(9.97, 13.81), (18.34, 22.18)]]",16
"[[(11.42, 15.26), (4.33, 8.17)]]",16
"[[(2.32, 6.16), (16.5, 20.34)]]",16
"[[(27.28, 31.0), (12.27, 16.11)]]",16
"[[(17.67, 21.51), (22.28, 26.12)]]",16
"[[(19.01, 22.85), (26.78, 30.62)]]",12
"[[(1.0, 4.84), (15.72, 19.560000000000002)]]",16
"[[(7.39, 11.23), (5.34, 9.18)]]",16
"[[(0.0, 3.83), (8.03, 11.87)]]",12
"[[(13.19, 17.03), (16.89, 20.73)]]",16
"[[(9.93, 13.77), (10.83, 14.67)]]",16
"[[(20.78, 24.62), (18.99, 22.83)]]",16
"[[(27.15, 30.99), (9.25, 13.09)]]",12
"[[(14.83, 18.67), (21.34, 25.18)]]",16
"[[(21.68, 25.52), (20.16, 24.0)]]",16
"[[(16.11, 19.95), (19.52, 23.36)]]",12
"[[(10.35, 14.19), (0.34, 4.18)]]",16
"[[(24.81, 28.65), (19.38, 23.22)]]",16
"[[(22.07, 25.91), (9.34, 13.18)]]",12
"[[(25.72, 29.56), (10.3, 14.14)]]",16
"[[(22.41, 26.25), (16.6, 20.44)]]",16
"[[(24.38, 28.22), (7.16, 11.0)]]",16
"[[(25.91, 29.75), (22.67, 26.51)]]",16
"[[(6.89, 10.73), (9.89, 13.73)]]",16
"[[(8.61, 12.45), (24.67, 28.51)]]",16
"[[(0.83, 4.67), (27.07, 30.91)]]",12
"[[(23.92, 27.76), (2.85, 6.6899999999999995)]]",16
"[[(23.16, 27.0), (13.42, 17.259999999999998)]]",16
"[[(25.6, 29.44), (21.63, 25.47)]]",16
"[[(19.04, 22.88), (6.62, 10.46)]]",12
"[[(10.92, 14.76), (14.66, 18.5)]]",16
"[[(12.59, 16.43), (26.13, 29.97)]]",12
"[[(22.07, 25.91), (26.41, 30.25)]]",12
"[[(3.26, 7.1), (17.26, 21.1)]]",16
"[[(7.87, 11.71), (17.91, 21.75)]]",16
"[[(4.23, 8.07), (3.48, 7.32)]]",16
"[[(23.86, 27.7), (17.95, 21.79)]]",16
"[[(15.13, 18.97), (12.95, 16.79)]]",12
"[[(22.79, 26.63), (8.63, 12.47)]]",16
"[[(26.73, 30.57), (21.41, 25.25)]]",16
"[[(22.28, 26.12), (8.37, 12.209999999999999)]]",16
"[[(20.82, 24.66), (22.53, 26.37)]]",16
"[[(25.53, 29.37), (6.32, 10.16)]]",16
"[[(21.25, 25.09), (23.16, 27.0)]]",16
"[[(1.79, 5.63), (26.35, 30.19)]]",16
"[[(25.9, 29.74), (16.61, 20.45)]]",16
"[[(2.47, 6.3100000000000005), (14.8, 18.64)]]",16
"[[(3.28, 7.119999999999999), (3.26, 7.1)]]",16
"[[(20.61, 24.45), (14.01, 17.85)]]",12
"[[(11.24, 15.08), (7.29, 11.129999999999999)]]",16
"[[(18.92, 22.76), (4.32, 8.16)]]",16
"[[(14.3, 18.14), (16.1, 19.94)]]",12
