,BRC Size,SRC Size,Diff,F/P %,SRC Depth,Error %
0,1753,10524,8771,6.00342270393611,1,16.657164576206764
1,2302,5262,2960,2.2858384013900954,2,43.747624477385024
2,20,5262,5242,263.1,2,0.3800836183960471
3,0,5262,5262,inf,2,0.0
4,2020,2631,611,1.3024752475247525,3,76.77689091600152
5,715,1316,601,1.8405594405594405,4,54.33130699088146
6,0,5262,5262,inf,2,0.0
7,0,5262,5262,inf,2,0.0
8,1273,10524,9251,8.267085624509035,1,12.0961611554542
9,0,5262,5262,inf,2,0.0
