,BRC Size,SRC Size,SRC Depth,Diff,F/P %,Error %
0,147,329,6,182,2.238095238095238,44.680851063829785
1,33,329,6,296,9.969696969696969,10.030395136778116
2,0,1315,4,1315,inf,0.0
3,0,329,6,329,inf,0.0
4,128,2631,3,2503,20.5546875,4.865070315469403
5,302,1315,4,1013,4.354304635761589,22.96577946768061
6,25,21048,0,21023,841.92,0.11877613074876472
7,61,329,6,268,5.39344262295082,18.541033434650455
8,0,329,6,329,inf,0.0
9,24,1316,4,1292,54.833333333333336,1.82370820668693
