BRC Query,Data Size
"[[(4.17, 5.07), (11.33, 12.23)]]",1
"[[(2.58, 3.48), (0.19, 1.09)]]",1
"[[(10.29, 11.19), (13.79, 14.69)]]",1
"[[(8.0, 8.9), (11.17, 12.07)]]",1
"[[(3.51, 4.41), (0.73, 1.63)]]",1
"[[(6.36, 7.26), (10.22, 11.12)]]",1
"[[(13.07, 13.97), (8.66, 9.56)]]",0
"[[(10.12, 11.02), (4.17, 5.07)]]",1
"[[(10.43, 11.33), (10.28, 11.18)]]",1
"[[(6.54, 7.44), (10.28, 11.18)]]",1
"[[(3.77, 4.67), (2.97, 3.87)]]",1
"[[(13.45, 14.35), (11.83, 12.73)]]",1
"[[(10.15, 11.05), (8.09, 8.99)]]",0
"[[(0.39, 1.29), (8.89, 9.79)]]",1
"[[(8.79, 9.69), (9.92, 10.82)]]",1
"[[(14.08, 14.98), (5.21, 6.11)]]",0
"[[(10.32, 11.22), (13.86, 14.76)]]",1
"[[(6.42, 7.32), (4.13, 5.03)]]",1
"[[(4.2, 5.1), (3.76, 4.66)]]",1
"[[(7.62, 8.52), (7.95, 8.85)]]",1
"[[(12.8, 13.7), (13.01, 13.91)]]",0
"[[(7.23, 8.13), (1.92, 2.82)]]",1
"[[(9.41, 10.31), (9.15, 10.05)]]",1
"[[(14.05, 14.95), (3.99, 4.89)]]",0
"[[(10.81, 11.71), (3.71, 4.61)]]",1
"[[(4.98, 5.88), (6.59, 7.49)]]",1
"[[(7.1, 8.0), (6.67, 7.57)]]",1
"[[(3.09, 3.99), (3.75, 4.65)]]",0
"[[(13.03, 13.93), (1.57, 2.47)]]",0
"[[(6.48, 7.38), (14.1, 15.0)]]",1
"[[(11.9, 12.8), (2.6, 3.5)]]",1
"[[(7.67, 8.57), (11.73, 12.63)]]",1
"[[(11.32, 12.22), (9.61, 10.51)]]",1
"[[(2.67, 3.57), (10.26, 11.16)]]",1
"[[(4.24, 5.14), (10.05, 10.95)]]",0
"[[(10.17, 11.07), (13.89, 14.79)]]",1
"[[(12.95, 13.85), (13.64, 14.54)]]",1
"[[(5.17, 6.07), (8.59, 9.49)]]",1
"[[(5.42, 6.32), (13.64, 14.54)]]",1
"[[(2.46, 3.36), (0.43, 1.33)]]",1
"[[(4.45, 5.35), (4.44, 5.34)]]",1
"[[(0.62, 1.52), (8.89, 9.79)]]",1
"[[(12.28, 13.18), (9.56, 10.46)]]",1
"[[(2.77, 3.67), (3.91, 4.81)]]",1
"[[(11.34, 12.24), (7.04, 7.94)]]",0
"[[(5.64, 6.54), (6.62, 7.52)]]",1
"[[(4.22, 5.12), (5.25, 6.15)]]",1
"[[(2.93, 3.83), (6.13, 7.03)]]",1
"[[(6.39, 7.29), (1.2, 2.1)]]",1
"[[(12.93, 13.83), (2.93, 3.83)]]",1
"[[(7.29, 8.19), (13.93, 14.83)]]",1
"[[(13.14, 14.04), (10.81, 11.71)]]",1
"[[(0.3, 1.2), (11.55, 12.45)]]",1
"[[(13.28, 14.18), (9.12, 10.02)]]",1
"[[(3.16, 4.06), (0.91, 1.81)]]",1
"[[(4.09, 4.99), (11.86, 12.76)]]",0
"[[(12.45, 13.35), (1.9, 2.8)]]",1
"[[(10.82, 11.72), (12.74, 13.64)]]",1
"[[(4.96, 5.86), (3.55, 4.45)]]",1
"[[(13.29, 14.19), (10.23, 11.13)]]",1
"[[(10.85, 11.75), (1.31, 2.21)]]",1
"[[(11.16, 12.06), (3.62, 4.52)]]",1
"[[(11.97, 12.87), (9.68, 10.58)]]",1
"[[(5.89, 6.79), (5.57, 6.47)]]",1
"[[(4.7, 5.6), (1.53, 2.43)]]",1
"[[(7.54, 8.44), (0.75, 1.65)]]",1
"[[(12.31, 13.21), (5.68, 6.58)]]",1
"[[(1.59, 2.49), (4.43, 5.33)]]",1
"[[(12.99, 13.89), (6.98, 7.88)]]",1
"[[(6.25, 7.15), (13.82, 14.72)]]",1
"[[(0.33, 1.23), (3.11, 4.01)]]",1
"[[(2.73, 3.63), (3.06, 3.96)]]",0
"[[(9.94, 10.84), (4.36, 5.26)]]",1
"[[(7.74, 8.64), (10.75, 11.65)]]",1
"[[(12.44, 13.34), (2.2, 3.1)]]",1
"[[(11.23, 12.13), (0.06, 0.96)]]",0
"[[(4.05, 4.95), (1.82, 2.72)]]",0
"[[(9.18, 10.08), (9.58, 10.48)]]",1
"[[(11.91, 12.81), (10.98, 11.88)]]",1
"[[(5.3, 6.2), (9.48, 10.38)]]",1
"[[(11.06, 11.96), (6.25, 7.15)]]",0
"[[(0.27, 1.17), (0.62, 1.52)]]",1
"[[(6.19, 7.09), (6.25, 7.15)]]",1
"[[(10.63, 11.53), (6.85, 7.75)]]",1
"[[(13.84, 14.74), (0.25, 1.15)]]",1
"[[(0.67, 1.57), (10.76, 11.66)]]",1
"[[(11.86, 12.76), (8.93, 9.83)]]",1
"[[(12.62, 13.52), (13.48, 14.38)]]",1
"[[(5.52, 6.42), (5.73, 6.63)]]",1
"[[(7.69, 8.59), (10.66, 11.56)]]",1
"[[(5.91, 6.81), (1.44, 2.34)]]",1
"[[(12.42, 13.32), (8.47, 9.37)]]",1
"[[(10.37, 11.27), (1.55, 2.45)]]",1
"[[(0.47, 1.37), (8.2, 9.1)]]",1
"[[(13.39, 14.29), (12.13, 13.03)]]",1
"[[(0.35, 1.25), (1.63, 2.53)]]",1
"[[(12.76, 13.66), (1.93, 2.83)]]",1
"[[(3.52, 4.42), (8.25, 9.15)]]",1
"[[(5.64, 6.54), (13.66, 14.56)]]",1
"[[(1.1, 2.0), (13.97, 14.87)]]",1
"[[(1.92, 2.82), (8.62, 9.52)]]",1
"[[(3.57, 4.47), (12.36, 13.26)]]",1
"[[(10.13, 11.03), (8.78, 9.68)]]",1
"[[(1.58, 2.48), (12.17, 13.07)]]",1
"[[(7.46, 8.36), (1.02, 1.92)]]",0
"[[(8.76, 9.66), (13.18, 14.08)]]",1
"[[(12.41, 13.31), (8.71, 9.61)]]",1
"[[(8.35, 9.25), (12.04, 12.94)]]",0
"[[(12.18, 13.08), (9.02, 9.92)]]",0
"[[(6.86, 7.76), (5.4, 6.3)]]",1
"[[(13.64, 14.54), (7.66, 8.56)]]",1
"[[(11.58, 12.48), (11.98, 12.88)]]",1
"[[(5.37, 6.27), (13.09, 13.99)]]",0
"[[(11.43, 12.33), (10.87, 11.77)]]",1
"[[(10.48, 11.38), (5.06, 5.96)]]",0
"[[(8.75, 9.65), (3.06, 3.96)]]",0
"[[(5.47, 6.37), (6.18, 7.08)]]",1
"[[(7.14, 8.04), (12.38, 13.28)]]",1
"[[(0.3, 1.2), (12.44, 13.34)]]",1
"[[(3.47, 4.37), (5.52, 6.42)]]",1
"[[(13.85, 14.75), (5.04, 5.94)]]",0
"[[(6.51, 7.41), (12.29, 13.19)]]",1
"[[(7.68, 8.58), (10.95, 11.85)]]",1
"[[(3.17, 4.07), (6.95, 7.85)]]",1
"[[(5.21, 6.11), (10.32, 11.22)]]",1
"[[(0.35, 1.25), (9.09, 9.99)]]",0
"[[(2.39, 3.29), (10.89, 11.79)]]",1
"[[(10.18, 11.08), (9.84, 10.74)]]",1
"[[(3.19, 4.09), (2.43, 3.33)]]",1
"[[(4.4, 5.3), (6.94, 7.84)]]",1
"[[(11.46, 12.36), (6.34, 7.24)]]",1
"[[(13.21, 14.11), (13.0, 13.9)]]",1
"[[(0.34, 1.24), (8.82, 9.72)]]",1
"[[(13.06, 13.96), (9.2, 10.1)]]",0
"[[(9.76, 10.66), (3.49, 4.39)]]",1
"[[(12.16, 13.06), (4.76, 5.66)]]",1
"[[(8.86, 9.76), (1.25, 2.15)]]",1
"[[(10.84, 11.74), (6.2, 7.1)]]",1
"[[(9.6, 10.5), (5.87, 6.77)]]",1
"[[(11.61, 12.51), (8.54, 9.44)]]",1
"[[(0.22, 1.12), (9.25, 10.15)]]",1
"[[(11.09, 11.99), (8.73, 9.63)]]",0
"[[(1.01, 1.91), (10.33, 11.23)]]",0
"[[(6.98, 7.88), (10.36, 11.26)]]",1
"[[(3.5, 4.4), (7.57, 8.47)]]",1
"[[(8.45, 9.35), (7.43, 8.33)]]",1
"[[(11.98, 12.88), (7.03, 7.93)]]",0
"[[(14.0, 14.9), (13.9, 14.8)]]",1
"[[(4.78, 5.68), (4.4, 5.3)]]",1
"[[(3.8, 4.7), (12.16, 13.06)]]",1
"[[(7.34, 8.24), (7.96, 8.86)]]",1
"[[(12.72, 13.62), (7.85, 8.75)]]",1
"[[(11.03, 11.93), (6.09, 6.99)]]",0
"[[(7.71, 8.61), (2.08, 2.98)]]",0
"[[(4.55, 5.45), (7.51, 8.41)]]",1
"[[(0.93, 1.83), (3.99, 4.89)]]",1
"[[(10.82, 11.72), (6.84, 7.74)]]",1
"[[(0.71, 1.61), (6.53, 7.43)]]",1
"[[(3.05, 3.95), (11.31, 12.21)]]",0
"[[(6.98, 7.88), (0.3, 1.2)]]",1
"[[(7.89, 8.79), (4.36, 5.26)]]",1
"[[(0.91, 1.81), (1.47, 2.37)]]",1
"[[(9.97, 10.87), (2.7, 3.6)]]",1
"[[(1.35, 2.25), (5.65, 6.55)]]",1
"[[(3.91, 4.81), (11.12, 12.02)]]",1
"[[(12.76, 13.66), (11.94, 12.84)]]",1
"[[(4.35, 5.25), (3.52, 4.42)]]",1
"[[(6.98, 7.88), (13.13, 14.03)]]",1
"[[(5.06, 5.96), (1.33, 2.23)]]",0
"[[(10.11, 11.01), (9.23, 10.13)]]",1
"[[(1.9, 2.8), (10.46, 11.36)]]",1
"[[(9.25, 10.15), (6.91, 7.81)]]",1
"[[(12.17, 13.07), (1.67, 2.57)]]",1
"[[(6.31, 7.21), (1.26, 2.16)]]",1
"[[(9.47, 10.37), (2.06, 2.96)]]",0
"[[(13.13, 14.03), (2.85, 3.75)]]",1
"[[(12.25, 13.15), (8.72, 9.62)]]",1
"[[(1.82, 2.72), (10.73, 11.63)]]",1
"[[(11.39, 12.29), (4.03, 4.93)]]",0
"[[(13.93, 14.83), (1.45, 2.35)]]",1
"[[(8.35, 9.25), (11.89, 12.79)]]",1
"[[(11.35, 12.25), (1.86, 2.76)]]",1
"[[(1.57, 2.47), (6.88, 7.78)]]",1
"[[(2.97, 3.87), (6.65, 7.55)]]",1
"[[(12.9, 13.8), (2.76, 3.66)]]",1
"[[(12.55, 13.45), (0.6, 1.5)]]",1
"[[(3.84, 4.74), (3.1, 4.0)]]",1
"[[(1.14, 2.04), (11.25, 12.15)]]",1
"[[(10.98, 11.88), (9.14, 10.04)]]",1
"[[(7.33, 8.23), (12.34, 13.24)]]",1
"[[(8.76, 9.66), (5.17, 6.07)]]",1
"[[(13.68, 14.58), (11.31, 12.21)]]",1
"[[(7.86, 8.76), (6.0, 6.9)]]",1
"[[(1.97, 2.87), (13.22, 14.12)]]",1
"[[(13.6, 14.5), (12.06, 12.96)]]",0
"[[(12.7, 13.6), (1.17, 2.07)]]",1
"[[(1.61, 2.51), (13.2, 14.1)]]",1
"[[(9.02, 9.92), (6.07, 6.97)]]",0
"[[(3.03, 3.93), (10.67, 11.57)]]",0
"[[(5.64, 6.54), (6.46, 7.36)]]",1
"[[(3.7, 4.6), (6.49, 7.39)]]",1
"[[(8.25, 9.15), (3.3, 4.2)]]",1
"[[(5.16, 6.06), (4.93, 5.83)]]",1
"[[(3.81, 4.71), (8.98, 9.88)]]",1
"[[(12.69, 13.59), (6.15, 7.05)]]",1
"[[(10.03, 10.93), (5.29, 6.19)]]",0
"[[(13.38, 14.28), (11.01, 11.91)]]",0
"[[(3.9, 4.8), (2.3, 3.2)]]",1
"[[(10.94, 11.84), (5.0, 5.9)]]",1
"[[(6.83, 7.73), (8.2, 9.1)]]",1
"[[(1.59, 2.49), (0.04, 0.94)]]",0
"[[(8.95, 9.85), (9.23, 10.13)]]",1
"[[(10.22, 11.12), (3.49, 4.39)]]",1
"[[(12.37, 13.27), (6.76, 7.66)]]",1
"[[(8.9, 9.8), (2.41, 3.31)]]",1
"[[(11.51, 12.41), (6.58, 7.48)]]",1
"[[(12.25, 13.15), (7.07, 7.97)]]",0
"[[(9.54, 10.44), (4.85, 5.75)]]",1
"[[(1.55, 2.45), (6.56, 7.46)]]",1
"[[(0.55, 1.45), (11.43, 12.33)]]",1
"[[(1.33, 2.23), (5.97, 6.87)]]",1
"[[(4.62, 5.52), (12.76, 13.66)]]",1
"[[(9.69, 10.59), (6.39, 7.29)]]",1
"[[(9.65, 10.55), (1.43, 2.33)]]",1
"[[(13.38, 14.28), (4.27, 5.17)]]",1
"[[(10.46, 11.36), (0.94, 1.84)]]",1
"[[(7.96, 8.86), (11.72, 12.62)]]",1
"[[(11.72, 12.62), (13.81, 14.71)]]",1
"[[(10.21, 11.11), (12.23, 13.13)]]",1
"[[(5.42, 6.32), (13.24, 14.14)]]",1
"[[(5.08, 5.98), (7.63, 8.53)]]",0
"[[(6.04, 6.94), (13.82, 14.72)]]",0
"[[(0.37, 1.27), (8.53, 9.43)]]",1
"[[(5.91, 6.81), (3.29, 4.19)]]",1
"[[(3.39, 4.29), (3.99, 4.89)]]",1
"[[(5.48, 6.38), (5.96, 6.86)]]",1
"[[(6.34, 7.24), (0.19, 1.09)]]",1
"[[(4.5, 5.4), (5.52, 6.42)]]",1
"[[(3.17, 4.07), (8.15, 9.05)]]",1
"[[(9.12, 10.02), (3.02, 3.92)]]",0
"[[(3.68, 4.58), (11.98, 12.88)]]",1
"[[(1.0, 1.9), (9.78, 10.68)]]",1
"[[(6.26, 7.16), (7.24, 8.14)]]",1
"[[(7.1, 8.0), (3.47, 4.37)]]",1
"[[(13.93, 14.83), (12.03, 12.93)]]",0
"[[(1.05, 1.95), (2.01, 2.91)]]",0
"[[(0.3, 1.2), (4.05, 4.95)]]",0
"[[(9.81, 10.71), (1.2, 2.1)]]",1
"[[(12.86, 13.76), (9.38, 10.28)]]",1
"[[(9.18, 10.08), (1.36, 2.26)]]",1
"[[(13.44, 14.34), (0.69, 1.59)]]",1
"[[(3.86, 4.76), (9.94, 10.84)]]",1
"[[(13.39, 14.29), (5.98, 6.88)]]",1
"[[(13.13, 14.03), (14.02, 14.92)]]",0
"[[(9.9, 10.8), (2.56, 3.46)]]",1
"[[(0.35, 1.25), (11.54, 12.44)]]",1
"[[(13.89, 14.79), (5.6, 6.5)]]",1
"[[(1.62, 2.52), (5.52, 6.42)]]",1
"[[(7.54, 8.44), (2.06, 2.96)]]",0
"[[(4.5, 5.4), (8.32, 9.22)]]",1
"[[(10.69, 11.59), (3.45, 4.35)]]",1
"[[(7.36, 8.26), (12.12, 13.02)]]",1
"[[(9.4, 10.3), (0.31, 1.21)]]",1
"[[(7.82, 8.72), (1.85, 2.75)]]",1
"[[(12.35, 13.25), (2.44, 3.34)]]",1
"[[(10.43, 11.33), (13.2, 14.1)]]",1
"[[(8.74, 9.64), (11.62, 12.52)]]",1
"[[(0.53, 1.43), (5.44, 6.34)]]",1
"[[(2.49, 3.39), (2.36, 3.26)]]",1
"[[(8.76, 9.66), (0.86, 1.76)]]",1
"[[(10.74, 11.64), (8.81, 9.71)]]",1
"[[(4.15, 5.05), (8.27, 9.17)]]",1
"[[(8.39, 9.29), (12.99, 13.89)]]",1
"[[(4.02, 4.92), (13.17, 14.07)]]",0
"[[(6.09, 6.99), (1.45, 2.35)]]",0
"[[(6.23, 7.13), (3.5, 4.4)]]",1
"[[(4.48, 5.38), (14.07, 14.97)]]",0
"[[(7.0, 7.9), (6.0, 6.9)]]",1
"[[(3.22, 4.12), (4.7, 5.6)]]",1
"[[(12.58, 13.48), (0.04, 0.94)]]",0
"[[(12.06, 12.96), (3.96, 4.86)]]",0
"[[(1.85, 2.75), (5.14, 6.04)]]",1
"[[(4.61, 5.51), (5.62, 6.52)]]",1
"[[(1.43, 2.33), (3.69, 4.59)]]",1
"[[(1.6, 2.5), (5.12, 6.02)]]",1
"[[(2.23, 3.13), (3.47, 4.37)]]",1
"[[(4.77, 5.67), (9.99, 10.89)]]",1
"[[(13.92, 14.82), (5.18, 6.08)]]",1
"[[(4.68, 5.58), (8.62, 9.52)]]",1
"[[(12.57, 13.47), (7.74, 8.64)]]",1
"[[(8.49, 9.39), (0.22, 1.12)]]",1
"[[(6.35, 7.25), (7.18, 8.08)]]",1
"[[(7.36, 8.26), (13.24, 14.14)]]",1
"[[(12.79, 13.69), (4.13, 5.03)]]",1
"[[(12.57, 13.47), (8.11, 9.01)]]",1
"[[(0.49, 1.39), (6.43, 7.33)]]",1
"[[(10.46, 11.36), (0.35, 1.25)]]",1
"[[(4.4, 5.3), (12.15, 13.05)]]",1
"[[(10.73, 11.63), (7.56, 8.46)]]",1
"[[(6.6, 7.5), (7.76, 8.66)]]",1
"[[(2.03, 2.93), (10.96, 11.86)]]",0
"[[(13.11, 14.01), (8.56, 9.46)]]",1
"[[(5.21, 6.11), (10.37, 11.27)]]",1
"[[(9.59, 10.49), (12.93, 13.83)]]",1
"[[(4.68, 5.58), (8.67, 9.57)]]",1
"[[(9.29, 10.19), (4.49, 5.39)]]",1
"[[(7.01, 7.91), (8.63, 9.53)]]",0
"[[(5.12, 6.02), (4.92, 5.82)]]",1
"[[(6.32, 7.22), (6.38, 7.28)]]",1
"[[(10.34, 11.24), (11.75, 12.65)]]",1
"[[(12.05, 12.95), (12.16, 13.06)]]",0
"[[(9.96, 10.86), (6.87, 7.77)]]",1
"[[(9.64, 10.54), (0.68, 1.58)]]",1
"[[(9.86, 10.76), (2.91, 3.81)]]",1
"[[(10.47, 11.37), (13.59, 14.49)]]",1
"[[(13.07, 13.97), (1.39, 2.29)]]",0
"[[(12.55, 13.45), (5.98, 6.88)]]",1
"[[(4.34, 5.24), (13.02, 13.92)]]",0
"[[(5.8, 6.7), (13.82, 14.72)]]",1
"[[(9.15, 10.05), (8.47, 9.37)]]",1
"[[(11.12, 12.02), (0.4, 1.3)]]",1
"[[(1.98, 2.88), (11.61, 12.51)]]",1
"[[(10.75, 11.65), (4.37, 5.27)]]",1
"[[(9.79, 10.69), (8.07, 8.97)]]",0
"[[(6.44, 7.34), (11.74, 12.64)]]",1
"[[(7.19, 8.09), (11.19, 12.09)]]",1
"[[(13.13, 14.03), (7.78, 8.68)]]",1
"[[(1.38, 2.28), (4.36, 5.26)]]",1
"[[(4.09, 4.99), (11.09, 11.99)]]",0
"[[(1.09, 1.99), (8.12, 9.02)]]",0
"[[(9.91, 10.81), (4.2, 5.1)]]",1
"[[(12.9, 13.8), (2.2, 3.1)]]",1
"[[(1.43, 2.33), (1.01, 1.91)]]",0
"[[(11.14, 12.04), (13.09, 13.99)]]",0
"[[(0.29, 1.19), (8.54, 9.44)]]",1
"[[(0.57, 1.47), (11.51, 12.41)]]",1
"[[(4.18, 5.08), (9.29, 10.19)]]",1
"[[(10.05, 10.95), (3.09, 3.99)]]",0
"[[(7.44, 8.34), (1.53, 2.43)]]",1
"[[(13.7, 14.6), (9.55, 10.45)]]",1
"[[(13.42, 14.32), (3.36, 4.26)]]",1
"[[(2.04, 2.94), (13.95, 14.85)]]",0
"[[(1.65, 2.55), (12.6, 13.5)]]",1
"[[(1.6, 2.5), (4.79, 5.69)]]",1
"[[(6.36, 7.26), (7.69, 8.59)]]",1
"[[(7.86, 8.76), (10.29, 11.19)]]",1
"[[(4.23, 5.13), (3.23, 4.13)]]",1
"[[(11.89, 12.79), (8.79, 9.69)]]",1
"[[(7.08, 7.98), (0.23, 1.13)]]",0
"[[(10.9, 11.8), (11.68, 12.58)]]",1
"[[(3.39, 4.29), (5.16, 6.06)]]",1
"[[(5.95, 6.85), (8.25, 9.15)]]",1
"[[(9.56, 10.46), (3.75, 4.65)]]",1
"[[(2.48, 3.38), (0.04, 0.94)]]",0
"[[(12.68, 13.58), (5.69, 6.59)]]",1
"[[(14.02, 14.92), (9.91, 10.81)]]",0
"[[(13.25, 14.15), (12.36, 13.26)]]",1
"[[(10.22, 11.12), (3.93, 4.83)]]",1
"[[(7.16, 8.06), (12.3, 13.2)]]",1
"[[(9.74, 10.64), (1.84, 2.74)]]",1
"[[(7.25, 8.15), (9.03, 9.93)]]",0
"[[(12.73, 13.63), (10.17, 11.07)]]",1
"[[(2.02, 2.92), (5.71, 6.61)]]",0
"[[(0.12, 1.02), (8.47, 9.37)]]",1
"[[(9.18, 10.08), (10.24, 11.14)]]",1
"[[(3.68, 4.58), (9.18, 10.08)]]",1
"[[(2.51, 3.41), (9.89, 10.79)]]",1
"[[(10.94, 11.84), (12.32, 13.22)]]",1
"[[(8.97, 9.87), (10.73, 11.63)]]",1
"[[(4.48, 5.38), (10.08, 10.98)]]",0
"[[(9.72, 10.62), (7.67, 8.57)]]",1
"[[(11.15, 12.05), (2.31, 3.21)]]",1
"[[(10.06, 10.96), (7.33, 8.23)]]",0
"[[(4.44, 5.34), (2.18, 3.08)]]",1
"[[(7.04, 7.94), (13.39, 14.29)]]",0
"[[(9.22, 10.12), (10.85, 11.75)]]",1
"[[(13.96, 14.86), (1.6, 2.5)]]",1
"[[(1.08, 1.98), (2.12, 3.02)]]",0
"[[(2.62, 3.52), (12.97, 13.87)]]",1
"[[(9.04, 9.94), (5.82, 6.72)]]",0
"[[(0.65, 1.55), (13.32, 14.22)]]",1
"[[(3.14, 4.04), (4.98, 5.88)]]",1
"[[(5.61, 6.51), (13.23, 14.13)]]",1
"[[(8.86, 9.76), (10.91, 11.81)]]",1
"[[(4.36, 5.26), (9.71, 10.61)]]",1
"[[(13.95, 14.85), (5.78, 6.68)]]",1
"[[(9.22, 10.12), (11.64, 12.54)]]",1
"[[(13.09, 13.99), (9.05, 9.95)]]",0
"[[(11.94, 12.84), (13.6, 14.5)]]",1
"[[(12.26, 13.16), (4.85, 5.75)]]",1
"[[(10.87, 11.77), (8.6, 9.5)]]",1
"[[(9.25, 10.15), (7.09, 7.99)]]",0
"[[(13.59, 14.49), (11.27, 12.17)]]",1
"[[(13.43, 14.33), (8.96, 9.86)]]",1
"[[(11.77, 12.67), (2.76, 3.66)]]",1
"[[(9.35, 10.25), (11.75, 12.65)]]",1
"[[(6.77, 7.67), (3.32, 4.22)]]",1
"[[(0.78, 1.68), (12.73, 13.63)]]",1
"[[(7.47, 8.37), (4.79, 5.69)]]",1
"[[(3.84, 4.74), (7.73, 8.63)]]",1
"[[(12.28, 13.18), (8.77, 9.67)]]",1
"[[(8.08, 8.98), (7.11, 8.01)]]",0
"[[(4.79, 5.69), (3.41, 4.31)]]",1
"[[(1.71, 2.61), (10.59, 11.49)]]",1
"[[(6.17, 7.07), (0.23, 1.13)]]",1
"[[(8.9, 9.8), (7.08, 7.98)]]",0
"[[(13.19, 14.09), (3.2, 4.1)]]",1
"[[(2.24, 3.14), (6.9, 7.8)]]",1
"[[(8.69, 9.59), (7.02, 7.92)]]",0
"[[(7.9, 8.8), (1.63, 2.53)]]",1
"[[(13.12, 14.02), (12.64, 13.54)]]",1
"[[(2.5, 3.4), (9.98, 10.88)]]",1
"[[(4.58, 5.48), (1.86, 2.76)]]",1
"[[(7.87, 8.77), (2.4, 3.3)]]",1
"[[(4.0, 4.9), (10.29, 11.19)]]",1
"[[(9.44, 10.34), (13.88, 14.78)]]",1
"[[(13.89, 14.79), (13.37, 14.27)]]",1
"[[(6.43, 7.33), (14.09, 14.99)]]",0
"[[(1.52, 2.42), (4.72, 5.62)]]",1
"[[(0.4, 1.3), (0.43, 1.33)]]",1
"[[(2.47, 3.37), (6.52, 7.42)]]",1
"[[(6.61, 7.51), (12.34, 13.24)]]",1
"[[(7.34, 8.24), (4.39, 5.29)]]",1
"[[(12.59, 13.49), (9.86, 10.76)]]",1
"[[(0.77, 1.67), (6.96, 7.86)]]",1
"[[(2.33, 3.23), (11.26, 12.16)]]",1
"[[(1.6, 2.5), (13.14, 14.04)]]",1
"[[(0.9, 1.8), (1.71, 2.61)]]",1
"[[(8.62, 9.52), (7.0, 7.9)]]",1
"[[(9.61, 10.51), (1.45, 2.35)]]",1
"[[(12.07, 12.97), (7.53, 8.43)]]",0
"[[(10.82, 11.72), (7.63, 8.53)]]",1
"[[(0.1, 1.0), (4.93, 5.83)]]",1
"[[(13.89, 14.79), (0.34, 1.24)]]",1
"[[(4.46, 5.36), (11.86, 12.76)]]",1
"[[(13.77, 14.67), (10.53, 11.43)]]",1
"[[(3.9, 4.8), (1.53, 2.43)]]",1
"[[(9.31, 10.21), (11.93, 12.83)]]",1
"[[(8.4, 9.3), (11.04, 11.94)]]",0
"[[(1.09, 1.99), (6.04, 6.94)]]",0
"[[(5.67, 6.57), (11.9, 12.8)]]",1
"[[(13.43, 14.33), (11.05, 11.95)]]",0
"[[(10.33, 11.23), (1.27, 2.17)]]",1
"[[(3.62, 4.52), (3.67, 4.57)]]",1
"[[(12.64, 13.54), (4.62, 5.52)]]",1
"[[(1.56, 2.46), (9.38, 10.28)]]",1
"[[(12.99, 13.89), (1.52, 2.42)]]",1
"[[(1.54, 2.44), (11.04, 11.94)]]",0
"[[(1.64, 2.54), (2.95, 3.85)]]",1
"[[(2.79, 3.69), (10.05, 10.95)]]",0
"[[(5.93, 6.83), (3.03, 3.93)]]",0
"[[(8.88, 9.78), (9.5, 10.4)]]",1
"[[(2.13, 3.03), (8.28, 9.18)]]",1
"[[(11.52, 12.42), (8.86, 9.76)]]",1
"[[(12.92, 13.82), (12.32, 13.22)]]",1
"[[(1.1, 2.0), (12.01, 12.91)]]",0
"[[(3.39, 4.29), (12.51, 13.41)]]",1
"[[(4.44, 5.34), (6.23, 7.13)]]",1
"[[(0.24, 1.14), (2.28, 3.18)]]",1
"[[(6.88, 7.78), (4.79, 5.69)]]",1
"[[(9.61, 10.51), (3.89, 4.79)]]",1
"[[(11.07, 11.97), (12.21, 13.11)]]",0
"[[(0.6, 1.5), (0.76, 1.66)]]",1
"[[(7.17, 8.07), (4.35, 5.25)]]",1
"[[(3.01, 3.91), (5.12, 6.02)]]",0
"[[(8.42, 9.32), (11.0, 11.9)]]",1
"[[(7.84, 8.74), (4.99, 5.89)]]",1
"[[(10.63, 11.53), (5.02, 5.92)]]",0
"[[(12.91, 13.81), (10.4, 11.3)]]",1
"[[(9.25, 10.15), (8.92, 9.82)]]",1
"[[(12.68, 13.58), (12.86, 13.76)]]",1
"[[(4.66, 5.56), (7.2, 8.1)]]",1
"[[(5.77, 6.67), (4.1, 5.0)]]",1
"[[(1.17, 2.07), (10.61, 11.51)]]",1
"[[(7.66, 8.56), (4.6, 5.5)]]",1
"[[(5.22, 6.12), (12.96, 13.86)]]",1
"[[(3.07, 3.97), (12.96, 13.86)]]",0
"[[(2.62, 3.52), (2.26, 3.16)]]",1
"[[(6.19, 7.09), (4.91, 5.81)]]",1
"[[(5.02, 5.92), (4.49, 5.39)]]",0
"[[(0.75, 1.65), (11.43, 12.33)]]",1
"[[(3.84, 4.74), (6.08, 6.98)]]",0
"[[(8.68, 9.58), (10.92, 11.82)]]",1
"[[(7.33, 8.23), (0.52, 1.42)]]",1
"[[(2.68, 3.58), (10.36, 11.26)]]",1
"[[(1.49, 2.39), (11.35, 12.25)]]",1
"[[(12.67, 13.57), (1.34, 2.24)]]",1
"[[(1.51, 2.41), (0.07, 0.97)]]",0
"[[(1.14, 2.04), (0.48, 1.38)]]",1
"[[(4.72, 5.62), (2.49, 3.39)]]",1
"[[(10.88, 11.78), (3.78, 4.68)]]",1
"[[(7.55, 8.45), (10.43, 11.33)]]",1
"[[(8.58, 9.48), (14.06, 14.96)]]",0
"[[(13.63, 14.53), (7.28, 8.18)]]",1
"[[(8.47, 9.37), (1.52, 2.42)]]",1
"[[(13.08, 13.98), (11.68, 12.58)]]",0
"[[(3.11, 4.01), (9.13, 10.03)]]",1
"[[(0.73, 1.63), (9.56, 10.46)]]",1
"[[(5.37, 6.27), (13.17, 14.07)]]",1
"[[(14.05, 14.95), (4.24, 5.14)]]",0
"[[(11.29, 12.19), (4.77, 5.67)]]",1
"[[(7.62, 8.52), (7.42, 8.32)]]",1
"[[(3.32, 4.22), (4.44, 5.34)]]",1
"[[(5.0, 5.9), (10.37, 11.27)]]",1
"[[(4.29, 5.19), (4.71, 5.61)]]",1
"[[(2.55, 3.45), (13.45, 14.35)]]",1
"[[(3.34, 4.24), (6.61, 7.51)]]",1
"[[(5.65, 6.55), (12.65, 13.55)]]",1
"[[(10.33, 11.23), (0.23, 1.13)]]",1
"[[(10.99, 11.89), (5.53, 6.43)]]",1
"[[(10.85, 11.75), (6.69, 7.59)]]",1
"[[(4.36, 5.26), (5.49, 6.39)]]",1
"[[(4.36, 5.26), (11.66, 12.56)]]",1
"[[(7.08, 7.98), (5.34, 6.24)]]",0
"[[(7.06, 7.96), (11.82, 12.72)]]",0
"[[(7.46, 8.36), (1.57, 2.47)]]",1
"[[(9.61, 10.51), (9.95, 10.85)]]",1
"[[(10.37, 11.27), (13.61, 14.51)]]",1
"[[(7.01, 7.91), (2.65, 3.55)]]",0
"[[(13.17, 14.07), (3.55, 4.45)]]",1
"[[(3.6, 4.5), (6.82, 7.72)]]",1
"[[(8.35, 9.25), (6.12, 7.02)]]",1
"[[(10.59, 11.49), (13.7, 14.6)]]",1
"[[(13.04, 13.94), (13.19, 14.09)]]",0
"[[(2.58, 3.48), (2.73, 3.63)]]",1
"[[(12.0, 12.9), (6.54, 7.44)]]",1
"[[(11.66, 12.56), (11.7, 12.6)]]",1
"[[(11.17, 12.07), (11.45, 12.35)]]",1
"[[(4.84, 5.74), (0.27, 1.17)]]",1
"[[(6.58, 7.48), (7.35, 8.25)]]",1
"[[(13.14, 14.04), (9.82, 10.72)]]",1
"[[(0.95, 1.85), (7.04, 7.94)]]",0
"[[(4.49, 5.39), (1.55, 2.45)]]",1
"[[(8.53, 9.43), (1.02, 1.92)]]",0
"[[(2.1, 3.0), (5.01, 5.91)]]",0
"[[(11.07, 11.97), (1.57, 2.47)]]",0
"[[(13.66, 14.56), (3.96, 4.86)]]",1
"[[(13.05, 13.95), (13.91, 14.81)]]",0
"[[(10.36, 11.26), (1.74, 2.64)]]",1
"[[(7.35, 8.25), (2.7, 3.6)]]",1
"[[(9.07, 9.97), (3.32, 4.22)]]",0
"[[(13.18, 14.08), (5.22, 6.12)]]",1
"[[(3.75, 4.65), (3.68, 4.58)]]",1
"[[(0.53, 1.43), (5.85, 6.75)]]",1
"[[(2.02, 2.92), (10.37, 11.27)]]",0
"[[(6.81, 7.71), (10.16, 11.06)]]",1
"[[(7.96, 8.86), (1.36, 2.26)]]",1
"[[(9.23, 10.13), (8.95, 9.85)]]",1
"[[(9.68, 10.58), (3.4, 4.3)]]",1
"[[(12.52, 13.42), (0.1, 1.0)]]",1
"[[(13.27, 14.17), (5.33, 6.23)]]",1
"[[(4.08, 4.98), (0.09, 0.99)]]",0
"[[(0.77, 1.67), (10.47, 11.37)]]",1
"[[(7.18, 8.08), (8.84, 9.74)]]",1
"[[(12.33, 13.23), (14.02, 14.92)]]",0
"[[(7.47, 8.37), (8.49, 9.39)]]",1
"[[(1.72, 2.62), (1.31, 2.21)]]",1
"[[(0.15, 1.05), (7.11, 8.01)]]",1
"[[(11.01, 11.91), (13.42, 14.32)]]",0
"[[(8.78, 9.68), (1.6, 2.5)]]",1
"[[(10.95, 11.85), (6.69, 7.59)]]",1
"[[(5.31, 6.21), (2.14, 3.04)]]",1
"[[(8.58, 9.48), (12.49, 13.39)]]",1
"[[(9.79, 10.69), (11.66, 12.56)]]",1
"[[(2.35, 3.25), (10.03, 10.93)]]",0
"[[(3.58, 4.48), (8.33, 9.23)]]",1
"[[(0.36, 1.26), (7.48, 8.38)]]",1
"[[(9.54, 10.44), (4.54, 5.44)]]",1
"[[(11.25, 12.15), (3.07, 3.97)]]",0
"[[(4.97, 5.87), (4.54, 5.44)]]",1
"[[(2.37, 3.27), (3.27, 4.17)]]",1
"[[(0.35, 1.25), (1.03, 1.93)]]",0
"[[(10.16, 11.06), (13.55, 14.45)]]",1
"[[(2.21, 3.11), (10.38, 11.28)]]",1
"[[(3.44, 4.34), (8.64, 9.54)]]",1
"[[(3.78, 4.68), (0.75, 1.65)]]",1
"[[(6.13, 7.03), (8.62, 9.52)]]",1
"[[(8.15, 9.05), (2.17, 3.07)]]",1
"[[(0.32, 1.22), (10.19, 11.09)]]",1
"[[(3.72, 4.62), (5.48, 6.38)]]",1
"[[(2.98, 3.88), (13.62, 14.52)]]",1
"[[(3.26, 4.16), (12.86, 13.76)]]",1
"[[(7.5, 8.4), (8.52, 9.42)]]",1
"[[(5.55, 6.45), (9.58, 10.48)]]",1
"[[(7.67, 8.57), (4.74, 5.64)]]",1
"[[(2.76, 3.66), (9.43, 10.33)]]",1
"[[(8.42, 9.32), (8.47, 9.37)]]",1
"[[(14.0, 14.9), (4.48, 5.38)]]",1
"[[(10.01, 10.91), (1.83, 2.73)]]",0
"[[(11.6, 12.5), (10.5, 11.4)]]",1
"[[(6.91, 7.81), (9.01, 9.91)]]",0
"[[(7.82, 8.72), (13.58, 14.48)]]",1
"[[(0.63, 1.53), (10.28, 11.18)]]",1
"[[(0.62, 1.52), (9.1, 10.0)]]",1
"[[(1.83, 2.73), (7.93, 8.83)]]",1
"[[(10.35, 11.25), (13.9, 14.8)]]",1
"[[(11.91, 12.81), (9.28, 10.18)]]",1
"[[(1.96, 2.86), (3.43, 4.33)]]",1
"[[(3.68, 4.58), (2.14, 3.04)]]",1
"[[(2.71, 3.61), (11.85, 12.75)]]",1
"[[(8.28, 9.18), (8.81, 9.71)]]",1
"[[(10.3, 11.2), (8.44, 9.34)]]",1
"[[(12.84, 13.74), (13.6, 14.5)]]",1
"[[(4.33, 5.23), (2.29, 3.19)]]",1
"[[(1.35, 2.25), (6.57, 7.47)]]",1
"[[(3.69, 4.59), (9.78, 10.68)]]",1
"[[(6.82, 7.72), (11.58, 12.48)]]",1
"[[(2.37, 3.27), (5.74, 6.64)]]",1
"[[(8.31, 9.21), (3.03, 3.93)]]",0
"[[(9.95, 10.85), (13.69, 14.59)]]",1
"[[(2.63, 3.53), (10.71, 11.61)]]",1
"[[(10.87, 11.77), (10.39, 11.29)]]",1
"[[(3.16, 4.06), (3.24, 4.14)]]",1
"[[(9.7, 10.6), (1.03, 1.93)]]",0
"[[(8.37, 9.27), (11.64, 12.54)]]",1
"[[(8.53, 9.43), (1.67, 2.57)]]",1
"[[(3.94, 4.84), (6.91, 7.81)]]",1
"[[(3.85, 4.75), (9.0, 9.9)]]",1
"[[(11.52, 12.42), (9.72, 10.62)]]",1
"[[(1.04, 1.94), (12.81, 13.71)]]",0
"[[(5.82, 6.72), (6.41, 7.31)]]",1
"[[(0.64, 1.54), (13.72, 14.62)]]",1
"[[(10.81, 11.71), (3.33, 4.23)]]",1
"[[(3.43, 4.33), (11.18, 12.08)]]",1
"[[(10.33, 11.23), (5.25, 6.15)]]",1
"[[(8.57, 9.47), (8.39, 9.29)]]",1
"[[(5.26, 6.16), (12.66, 13.56)]]",1
"[[(12.6, 13.5), (10.75, 11.65)]]",1
"[[(2.27, 3.17), (0.35, 1.25)]]",1
"[[(0.71, 1.61), (5.78, 6.68)]]",1
"[[(1.71, 2.61), (8.64, 9.54)]]",1
"[[(6.76, 7.66), (5.75, 6.65)]]",1
"[[(8.8, 9.7), (7.65, 8.55)]]",1
"[[(7.59, 8.49), (11.97, 12.87)]]",1
"[[(4.61, 5.51), (2.56, 3.46)]]",1
"[[(8.81, 9.71), (3.28, 4.18)]]",1
"[[(11.48, 12.38), (5.56, 6.46)]]",1
"[[(9.28, 10.18), (8.02, 8.92)]]",0
"[[(4.97, 5.87), (10.39, 11.29)]]",1
"[[(2.65, 3.55), (9.55, 10.45)]]",1
"[[(11.61, 12.51), (9.02, 9.92)]]",0
"[[(0.04, 0.94), (6.42, 7.32)]]",0
"[[(13.64, 14.54), (4.52, 5.42)]]",1
"[[(0.9, 1.8), (5.53, 6.43)]]",1
"[[(2.87, 3.77), (7.79, 8.69)]]",1
"[[(4.15, 5.05), (6.74, 7.64)]]",1
"[[(9.67, 10.57), (13.6, 14.5)]]",1
"[[(8.05, 8.95), (13.84, 14.74)]]",0
"[[(3.16, 4.06), (5.63, 6.53)]]",1
"[[(9.93, 10.83), (2.29, 3.19)]]",1
"[[(11.75, 12.65), (5.98, 6.88)]]",1
"[[(5.64, 6.54), (6.84, 7.74)]]",1
"[[(10.35, 11.25), (1.65, 2.55)]]",1
"[[(3.39, 4.29), (2.14, 3.04)]]",1
"[[(5.17, 6.07), (10.87, 11.77)]]",1
"[[(11.69, 12.59), (11.54, 12.44)]]",1
"[[(1.47, 2.37), (10.96, 11.86)]]",1
"[[(2.71, 3.61), (10.45, 11.35)]]",1
"[[(2.2, 3.1), (7.04, 7.94)]]",0
"[[(12.81, 13.71), (2.95, 3.85)]]",1
"[[(5.42, 6.32), (3.82, 4.72)]]",1
"[[(13.81, 14.71), (12.62, 13.52)]]",1
"[[(0.75, 1.65), (4.92, 5.82)]]",1
"[[(2.22, 3.12), (13.47, 14.37)]]",1
"[[(1.74, 2.64), (10.44, 11.34)]]",1
"[[(12.58, 13.48), (12.18, 13.08)]]",1
"[[(6.83, 7.73), (1.84, 2.74)]]",1
"[[(13.76, 14.66), (4.09, 4.99)]]",0
"[[(11.53, 12.43), (7.66, 8.56)]]",1
"[[(11.49, 12.39), (1.66, 2.56)]]",1
"[[(7.25, 8.15), (14.1, 15.0)]]",1
"[[(3.8, 4.7), (11.8, 12.7)]]",1
"[[(9.32, 10.22), (12.45, 13.35)]]",1
"[[(5.43, 6.33), (7.31, 8.21)]]",1
"[[(6.52, 7.42), (10.95, 11.85)]]",1
"[[(8.19, 9.09), (7.26, 8.16)]]",1
"[[(0.85, 1.75), (7.83, 8.73)]]",1
"[[(2.61, 3.51), (4.63, 5.53)]]",1
"[[(9.95, 10.85), (13.14, 14.04)]]",1
"[[(0.61, 1.51), (1.44, 2.34)]]",1
"[[(0.94, 1.84), (10.69, 11.59)]]",1
"[[(2.49, 3.39), (9.99, 10.89)]]",1
"[[(12.93, 13.83), (3.6, 4.5)]]",1
"[[(13.39, 14.29), (10.17, 11.07)]]",1
"[[(11.74, 12.64), (3.03, 3.93)]]",0
"[[(12.86, 13.76), (1.5, 2.4)]]",1
"[[(7.4, 8.3), (9.26, 10.16)]]",1
"[[(12.65, 13.55), (0.79, 1.69)]]",1
"[[(0.57, 1.47), (2.4, 3.3)]]",1
"[[(9.03, 9.93), (11.45, 12.35)]]",0
"[[(10.26, 11.16), (12.82, 13.72)]]",1
"[[(6.66, 7.56), (2.52, 3.42)]]",1
"[[(4.54, 5.44), (12.26, 13.16)]]",1
"[[(11.65, 12.55), (3.85, 4.75)]]",1
"[[(13.37, 14.27), (10.42, 11.32)]]",1
"[[(9.81, 10.71), (11.32, 12.22)]]",1
"[[(10.76, 11.66), (2.6, 3.5)]]",1
"[[(5.52, 6.42), (13.57, 14.47)]]",1
"[[(10.78, 11.68), (13.16, 14.06)]]",1
"[[(13.45, 14.35), (9.09, 9.99)]]",0
"[[(8.95, 9.85), (3.84, 4.74)]]",1
"[[(3.79, 4.69), (11.15, 12.05)]]",1
"[[(0.37, 1.27), (13.72, 14.62)]]",1
"[[(6.66, 7.56), (0.42, 1.32)]]",1
"[[(10.09, 10.99), (9.73, 10.63)]]",0
"[[(6.02, 6.92), (7.45, 8.35)]]",0
"[[(13.92, 14.82), (0.74, 1.64)]]",1
"[[(4.82, 5.72), (6.77, 7.67)]]",1
"[[(4.99, 5.89), (6.44, 7.34)]]",1
"[[(2.13, 3.03), (2.48, 3.38)]]",1
"[[(10.87, 11.77), (9.35, 10.25)]]",1
"[[(5.78, 6.68), (12.95, 13.85)]]",1
"[[(12.22, 13.12), (8.55, 9.45)]]",1
"[[(9.67, 10.57), (10.62, 11.52)]]",1
"[[(8.58, 9.48), (8.55, 9.45)]]",1
"[[(13.04, 13.94), (4.66, 5.56)]]",0
"[[(2.41, 3.31), (7.85, 8.75)]]",1
"[[(8.17, 9.07), (7.33, 8.23)]]",1
"[[(1.21, 2.11), (9.87, 10.77)]]",1
"[[(10.53, 11.43), (12.1, 13.0)]]",1
"[[(12.56, 13.46), (11.99, 12.89)]]",1
"[[(8.75, 9.65), (8.05, 8.95)]]",0
"[[(7.13, 8.03), (5.09, 5.99)]]",0
"[[(0.69, 1.59), (0.01, 0.91)]]",0
"[[(12.88, 13.78), (0.46, 1.36)]]",1
"[[(0.58, 1.48), (6.46, 7.36)]]",1
"[[(14.1, 15.0), (4.37, 5.27)]]",1
"[[(13.6, 14.5), (10.93, 11.83)]]",1
"[[(11.08, 11.98), (10.95, 11.85)]]",0
"[[(1.8, 2.7), (1.31, 2.21)]]",1
"[[(6.79, 7.69), (12.48, 13.38)]]",1
"[[(0.78, 1.68), (7.6, 8.5)]]",1
"[[(4.02, 4.92), (2.82, 3.72)]]",0
"[[(5.39, 6.29), (1.48, 2.38)]]",1
"[[(11.11, 12.01), (2.92, 3.82)]]",1
"[[(7.75, 8.65), (3.76, 4.66)]]",1
"[[(7.77, 8.67), (9.99, 10.89)]]",1
"[[(3.58, 4.48), (10.12, 11.02)]]",1
"[[(10.76, 11.66), (5.62, 6.52)]]",1
"[[(9.41, 10.31), (8.65, 9.55)]]",1
"[[(4.49, 5.39), (12.93, 13.83)]]",1
"[[(0.81, 1.71), (4.21, 5.11)]]",1
"[[(11.65, 12.55), (7.35, 8.25)]]",1
"[[(12.08, 12.98), (3.31, 4.21)]]",0
"[[(6.19, 7.09), (11.92, 12.82)]]",1
"[[(2.82, 3.72), (9.02, 9.92)]]",0
"[[(7.29, 8.19), (9.37, 10.27)]]",1
"[[(13.15, 14.05), (3.45, 4.35)]]",1
"[[(2.78, 3.68), (0.25, 1.15)]]",1
"[[(13.25, 14.15), (7.92, 8.82)]]",1
"[[(1.48, 2.38), (9.81, 10.71)]]",1
"[[(13.69, 14.59), (4.55, 5.45)]]",1
"[[(2.7, 3.6), (11.11, 12.01)]]",1
"[[(6.39, 7.29), (7.8, 8.7)]]",1
"[[(6.67, 7.57), (3.55, 4.45)]]",1
"[[(4.28, 5.18), (5.04, 5.94)]]",0
"[[(2.62, 3.52), (11.4, 12.3)]]",1
"[[(12.08, 12.98), (8.46, 9.36)]]",0
"[[(3.58, 4.48), (2.71, 3.61)]]",1
"[[(2.81, 3.71), (8.41, 9.31)]]",1
"[[(2.61, 3.51), (10.81, 11.71)]]",1
"[[(9.9, 10.8), (10.8, 11.7)]]",1
"[[(3.41, 4.31), (3.81, 4.71)]]",1
"[[(2.71, 3.61), (6.01, 6.91)]]",0
"[[(8.66, 9.56), (9.86, 10.76)]]",1
"[[(7.66, 8.56), (5.21, 6.11)]]",1
"[[(7.35, 8.25), (8.75, 9.65)]]",1
"[[(5.77, 6.67), (13.57, 14.47)]]",1
"[[(4.15, 5.05), (3.26, 4.16)]]",1
"[[(11.98, 12.88), (7.01, 7.91)]]",0
"[[(4.71, 5.61), (10.67, 11.57)]]",1
"[[(5.96, 6.86), (0.31, 1.21)]]",1
"[[(7.2, 8.1), (11.65, 12.55)]]",1
"[[(10.97, 11.87), (4.53, 5.43)]]",1
"[[(13.45, 14.35), (6.21, 7.11)]]",1
"[[(9.3, 10.2), (10.35, 11.25)]]",1
"[[(0.44, 1.34), (9.9, 10.8)]]",1
"[[(11.89, 12.79), (0.67, 1.57)]]",1
"[[(12.54, 13.44), (3.48, 4.38)]]",1
"[[(8.48, 9.38), (5.01, 5.91)]]",0
"[[(9.02, 9.92), (1.17, 2.07)]]",0
"[[(13.02, 13.92), (2.99, 3.89)]]",0
"[[(14.06, 14.96), (13.39, 14.29)]]",0
"[[(8.69, 9.59), (11.0, 11.9)]]",1
"[[(7.37, 8.27), (2.64, 3.54)]]",1
"[[(11.35, 12.25), (3.58, 4.48)]]",1
"[[(10.59, 11.49), (7.67, 8.57)]]",1
"[[(13.69, 14.59), (8.86, 9.76)]]",1
"[[(3.9, 4.8), (8.17, 9.07)]]",1
"[[(4.31, 5.21), (8.25, 9.15)]]",1
"[[(3.19, 4.09), (4.43, 5.33)]]",1
"[[(1.59, 2.49), (2.81, 3.71)]]",1
"[[(8.02, 8.92), (10.21, 11.11)]]",0
"[[(12.91, 13.81), (6.69, 7.59)]]",1
"[[(6.47, 7.37), (7.24, 8.14)]]",1
"[[(9.18, 10.08), (6.03, 6.93)]]",0
"[[(11.19, 12.09), (9.75, 10.65)]]",1
"[[(10.14, 11.04), (10.5, 11.4)]]",1
"[[(7.01, 7.91), (0.44, 1.34)]]",0
"[[(10.89, 11.79), (7.6, 8.5)]]",1
"[[(0.93, 1.83), (11.05, 11.95)]]",0
"[[(3.02, 3.92), (5.38, 6.28)]]",0
"[[(12.86, 13.76), (12.87, 13.77)]]",1
"[[(7.53, 8.43), (0.35, 1.25)]]",1
"[[(11.5, 12.4), (12.07, 12.97)]]",0
"[[(2.63, 3.53), (3.57, 4.47)]]",1
"[[(10.52, 11.42), (5.42, 6.32)]]",1
"[[(5.02, 5.92), (0.42, 1.32)]]",0
"[[(0.83, 1.73), (3.97, 4.87)]]",1
"[[(10.28, 11.18), (6.41, 7.31)]]",1
"[[(12.44, 13.34), (13.19, 14.09)]]",1
"[[(10.93, 11.83), (10.19, 11.09)]]",1
"[[(7.06, 7.96), (1.32, 2.22)]]",0
"[[(3.12, 4.02), (8.9, 9.8)]]",1
"[[(6.71, 7.61), (11.3, 12.2)]]",1
"[[(9.5, 10.4), (3.52, 4.42)]]",1
"[[(10.87, 11.77), (0.79, 1.69)]]",1
"[[(3.02, 3.92), (7.16, 8.06)]]",0
"[[(11.63, 12.53), (13.83, 14.73)]]",1
"[[(4.63, 5.53), (7.34, 8.24)]]",1
"[[(0.68, 1.58), (3.69, 4.59)]]",1
"[[(5.55, 6.45), (5.09, 5.99)]]",0
"[[(10.77, 11.67), (6.18, 7.08)]]",1
"[[(10.89, 11.79), (13.58, 14.48)]]",1
"[[(10.84, 11.74), (3.81, 4.71)]]",1
"[[(8.23, 9.13), (3.76, 4.66)]]",1
"[[(5.6, 6.5), (2.18, 3.08)]]",1
"[[(1.72, 2.62), (9.47, 10.37)]]",1
"[[(7.6, 8.5), (9.58, 10.48)]]",1
"[[(1.9, 2.8), (12.17, 13.07)]]",1
"[[(3.89, 4.79), (7.32, 8.22)]]",1
"[[(3.91, 4.81), (3.19, 4.09)]]",1
"[[(11.52, 12.42), (11.74, 12.64)]]",1
"[[(6.62, 7.52), (9.6, 10.5)]]",1
"[[(5.66, 6.56), (1.59, 2.49)]]",1
"[[(9.9, 10.8), (3.08, 3.98)]]",0
"[[(12.0, 12.9), (4.99, 5.89)]]",1
"[[(10.86, 11.76), (8.95, 9.85)]]",1
"[[(2.0, 2.9), (4.64, 5.54)]]",1
"[[(0.05, 0.95), (13.26, 14.16)]]",0
"[[(8.03, 8.93), (3.5, 4.4)]]",0
"[[(7.11, 8.01), (5.6, 6.5)]]",1
"[[(7.11, 8.01), (1.07, 1.97)]]",0
"[[(7.94, 8.84), (8.06, 8.96)]]",0
"[[(3.89, 4.79), (5.3, 6.2)]]",1
"[[(0.01, 0.91), (7.73, 8.63)]]",0
"[[(5.1, 6.0), (7.91, 8.81)]]",1
"[[(0.17, 1.07), (8.95, 9.85)]]",1
"[[(0.77, 1.67), (3.98, 4.88)]]",1
"[[(1.09, 1.99), (9.82, 10.72)]]",0
"[[(7.84, 8.74), (10.84, 11.74)]]",1
"[[(11.41, 12.31), (13.13, 14.03)]]",1
"[[(10.84, 11.74), (3.82, 4.72)]]",1
"[[(4.02, 4.92), (0.6, 1.5)]]",0
"[[(3.84, 4.74), (3.6, 4.5)]]",1
"[[(8.37, 9.27), (0.38, 1.28)]]",1
"[[(4.04, 4.94), (1.51, 2.41)]]",0
"[[(10.6, 11.5), (6.25, 7.15)]]",1
"[[(0.11, 1.01), (11.42, 12.32)]]",1
"[[(3.02, 3.92), (2.85, 3.75)]]",0
"[[(10.87, 11.77), (1.56, 2.46)]]",1
"[[(7.8, 8.7), (9.48, 10.38)]]",1
"[[(4.85, 5.75), (5.17, 6.07)]]",1
"[[(1.77, 2.67), (8.96, 9.86)]]",1
"[[(11.82, 12.72), (1.23, 2.13)]]",1
"[[(5.26, 6.16), (2.75, 3.65)]]",1
"[[(8.48, 9.38), (7.46, 8.36)]]",1
"[[(5.0, 5.9), (3.68, 4.58)]]",1
"[[(3.19, 4.09), (11.56, 12.46)]]",1
"[[(3.13, 4.03), (6.46, 7.36)]]",1
"[[(11.78, 12.68), (0.55, 1.45)]]",1
"[[(14.07, 14.97), (4.16, 5.06)]]",0
"[[(1.66, 2.56), (13.68, 14.58)]]",1
"[[(13.65, 14.55), (9.39, 10.29)]]",1
"[[(7.72, 8.62), (13.32, 14.22)]]",1
"[[(9.69, 10.59), (3.75, 4.65)]]",1
"[[(13.7, 14.6), (3.93, 4.83)]]",1
"[[(9.39, 10.29), (6.08, 6.98)]]",0
"[[(11.24, 12.14), (9.75, 10.65)]]",1
"[[(6.26, 7.16), (0.68, 1.58)]]",1
"[[(9.48, 10.38), (12.1, 13.0)]]",1
"[[(4.48, 5.38), (5.13, 6.03)]]",1
"[[(2.03, 2.93), (0.27, 1.17)]]",0
"[[(2.08, 2.98), (0.7, 1.6)]]",0
"[[(3.71, 4.61), (2.28, 3.18)]]",1
"[[(7.96, 8.86), (8.31, 9.21)]]",1
"[[(1.09, 1.99), (3.57, 4.47)]]",0
"[[(8.57, 9.47), (0.97, 1.87)]]",1
"[[(5.11, 6.01), (1.94, 2.84)]]",1
"[[(0.9, 1.8), (9.58, 10.48)]]",1
"[[(2.41, 3.31), (2.28, 3.18)]]",1
"[[(2.99, 3.89), (11.99, 12.89)]]",1
"[[(0.78, 1.68), (2.25, 3.15)]]",1
"[[(1.55, 2.45), (5.11, 6.01)]]",1
"[[(8.06, 8.96), (1.52, 2.42)]]",0
"[[(8.9, 9.8), (5.08, 5.98)]]",0
"[[(8.36, 9.26), (12.62, 13.52)]]",1
"[[(4.26, 5.16), (5.95, 6.85)]]",1
"[[(6.15, 7.05), (3.46, 4.36)]]",1
"[[(3.66, 4.56), (11.71, 12.61)]]",1
"[[(1.06, 1.96), (6.08, 6.98)]]",0
"[[(1.47, 2.37), (0.06, 0.96)]]",0
"[[(2.78, 3.68), (9.07, 9.97)]]",0
"[[(6.6, 7.5), (6.86, 7.76)]]",1
"[[(6.42, 7.32), (11.43, 12.33)]]",1
"[[(3.19, 4.09), (6.55, 7.45)]]",1
"[[(8.21, 9.11), (11.92, 12.82)]]",1
"[[(8.61, 9.51), (1.96, 2.86)]]",1
"[[(3.2, 4.1), (3.29, 4.19)]]",1
"[[(10.26, 11.16), (9.55, 10.45)]]",1
"[[(7.73, 8.63), (13.68, 14.58)]]",1
"[[(12.3, 13.2), (5.75, 6.65)]]",1
"[[(12.57, 13.47), (9.09, 9.99)]]",0
"[[(10.59, 11.49), (7.47, 8.37)]]",1
"[[(11.47, 12.37), (7.66, 8.56)]]",1
"[[(7.65, 8.55), (1.89, 2.79)]]",1
"[[(9.38, 10.28), (6.53, 7.43)]]",1
"[[(6.33, 7.23), (13.71, 14.61)]]",1
"[[(12.26, 13.16), (4.58, 5.48)]]",1
"[[(9.22, 10.12), (1.08, 1.98)]]",0
"[[(5.39, 6.29), (11.92, 12.82)]]",1
"[[(8.63, 9.53), (12.99, 13.89)]]",1
"[[(6.91, 7.81), (13.55, 14.45)]]",1
"[[(2.31, 3.21), (3.61, 4.51)]]",1
"[[(11.87, 12.77), (13.01, 13.91)]]",0
"[[(1.79, 2.69), (9.1, 10.0)]]",1
"[[(9.56, 10.46), (5.7, 6.6)]]",1
"[[(2.24, 3.14), (0.49, 1.39)]]",1
"[[(3.96, 4.86), (5.46, 6.36)]]",1
"[[(0.32, 1.22), (11.62, 12.52)]]",1
"[[(9.77, 10.67), (13.71, 14.61)]]",1
"[[(11.63, 12.53), (6.16, 7.06)]]",1
"[[(10.62, 11.52), (4.13, 5.03)]]",1
"[[(2.47, 3.37), (12.9, 13.8)]]",1
"[[(13.33, 14.23), (9.61, 10.51)]]",1
"[[(8.85, 9.75), (13.42, 14.32)]]",1
"[[(6.13, 7.03), (0.91, 1.81)]]",1
"[[(4.53, 5.43), (12.92, 13.82)]]",1
"[[(12.53, 13.43), (3.68, 4.58)]]",1
"[[(9.29, 10.19), (5.94, 6.84)]]",1
"[[(12.72, 13.62), (6.46, 7.36)]]",1
"[[(3.35, 4.25), (0.1, 1.0)]]",1
"[[(6.73, 7.63), (10.07, 10.97)]]",0
"[[(11.13, 12.03), (2.81, 3.71)]]",1
"[[(13.53, 14.43), (12.23, 13.13)]]",1
"[[(11.9, 12.8), (6.69, 7.59)]]",1
"[[(3.74, 4.64), (6.97, 7.87)]]",1
"[[(1.64, 2.54), (4.93, 5.83)]]",1
"[[(5.2, 6.1), (8.61, 9.51)]]",1
"[[(0.82, 1.72), (7.08, 7.98)]]",0
"[[(0.93, 1.83), (8.97, 9.87)]]",1
"[[(9.26, 10.16), (13.4, 14.3)]]",1
"[[(9.66, 10.56), (7.12, 8.02)]]",1
"[[(2.34, 3.24), (13.41, 14.31)]]",1
"[[(12.25, 13.15), (5.17, 6.07)]]",1
"[[(0.37, 1.27), (5.7, 6.6)]]",1
"[[(9.56, 10.46), (1.73, 2.63)]]",1
"[[(13.22, 14.12), (5.76, 6.66)]]",1
"[[(11.52, 12.42), (13.04, 13.94)]]",0
"[[(11.52, 12.42), (7.81, 8.71)]]",1
"[[(14.04, 14.94), (14.06, 14.96)]]",0
"[[(13.42, 14.32), (6.85, 7.75)]]",1
"[[(2.48, 3.38), (11.07, 11.97)]]",0
"[[(14.07, 14.97), (1.53, 2.43)]]",0
"[[(9.66, 10.56), (10.01, 10.91)]]",0
"[[(3.55, 4.45), (1.22, 2.12)]]",1
"[[(8.93, 9.83), (2.23, 3.13)]]",1
"[[(6.76, 7.66), (3.57, 4.47)]]",1
"[[(2.39, 3.29), (7.8, 8.7)]]",1
"[[(3.3, 4.2), (12.75, 13.65)]]",1
"[[(2.14, 3.04), (2.7, 3.6)]]",1
"[[(10.84, 11.74), (7.27, 8.17)]]",1
"[[(3.32, 4.22), (6.16, 7.06)]]",1
"[[(3.93, 4.83), (0.4, 1.3)]]",1
"[[(3.71, 4.61), (8.17, 9.07)]]",1
"[[(4.8, 5.7), (12.94, 13.84)]]",1
"[[(10.07, 10.97), (5.79, 6.69)]]",0
"[[(8.48, 9.38), (10.8, 11.7)]]",1
"[[(8.0, 8.9), (7.52, 8.42)]]",1
"[[(5.82, 6.72), (12.08, 12.98)]]",0
"[[(1.56, 2.46), (10.57, 11.47)]]",1
"[[(0.09, 0.99), (1.14, 2.04)]]",0
"[[(13.05, 13.95), (0.36, 1.26)]]",0
"[[(6.01, 6.91), (3.07, 3.97)]]",0
"[[(4.05, 4.95), (6.06, 6.96)]]",0
"[[(9.31, 10.21), (7.53, 8.43)]]",1
"[[(7.18, 8.08), (3.79, 4.69)]]",1
"[[(12.53, 13.43), (9.45, 10.35)]]",1
"[[(2.13, 3.03), (4.88, 5.78)]]",1
"[[(11.44, 12.34), (11.34, 12.24)]]",1
"[[(12.87, 13.77), (9.58, 10.48)]]",1
"[[(7.42, 8.32), (2.59, 3.49)]]",1
"[[(3.23, 4.13), (7.05, 7.95)]]",0
"[[(1.68, 2.58), (6.49, 7.39)]]",1
"[[(13.97, 14.87), (1.53, 2.43)]]",1
"[[(3.52, 4.42), (0.96, 1.86)]]",1
"[[(8.86, 9.76), (2.11, 3.01)]]",1
"[[(2.8, 3.7), (9.66, 10.56)]]",1
"[[(9.34, 10.24), (0.86, 1.76)]]",1
"[[(10.64, 11.54), (0.38, 1.28)]]",1
"[[(2.41, 3.31), (5.92, 6.82)]]",1
"[[(13.37, 14.27), (4.63, 5.53)]]",1
"[[(8.07, 8.97), (14.09, 14.99)]]",0
"[[(1.86, 2.76), (9.15, 10.05)]]",1
"[[(12.11, 13.01), (6.77, 7.67)]]",1
"[[(6.01, 6.91), (12.45, 13.35)]]",0
"[[(12.89, 13.79), (7.48, 8.38)]]",1
"[[(3.18, 4.08), (3.93, 4.83)]]",1
"[[(1.81, 2.71), (4.11, 5.01)]]",1
"[[(2.8, 3.7), (13.11, 14.01)]]",1
"[[(6.98, 7.88), (2.09, 2.99)]]",0
"[[(1.91, 2.81), (0.21, 1.11)]]",1
"[[(0.47, 1.37), (4.79, 5.69)]]",1
"[[(13.62, 14.52), (1.27, 2.17)]]",1
"[[(7.8, 8.7), (6.83, 7.73)]]",1
"[[(9.0, 9.9), (9.85, 10.75)]]",1
"[[(0.01, 0.91), (10.82, 11.72)]]",0
"[[(7.69, 8.59), (0.49, 1.39)]]",1
"[[(12.31, 13.21), (4.42, 5.32)]]",1
"[[(6.08, 6.98), (7.22, 8.12)]]",0
"[[(4.74, 5.64), (4.87, 5.77)]]",1
"[[(11.34, 12.24), (7.16, 8.06)]]",1
"[[(1.29, 2.19), (3.65, 4.55)]]",1
"[[(6.79, 7.69), (2.93, 3.83)]]",1
"[[(9.54, 10.44), (6.67, 7.57)]]",1
"[[(1.62, 2.52), (3.1, 4.0)]]",1
"[[(4.84, 5.74), (11.6, 12.5)]]",1
"[[(10.39, 11.29), (6.09, 6.99)]]",0
"[[(3.36, 4.26), (11.23, 12.13)]]",1
"[[(7.35, 8.25), (3.09, 3.99)]]",0
"[[(6.51, 7.41), (0.4, 1.3)]]",1
"[[(0.16, 1.06), (8.98, 9.88)]]",1
"[[(0.78, 1.68), (10.46, 11.36)]]",1
"[[(8.83, 9.73), (11.07, 11.97)]]",0
"[[(1.73, 2.63), (11.47, 12.37)]]",1
"[[(7.87, 8.77), (6.53, 7.43)]]",1
"[[(6.48, 7.38), (4.39, 5.29)]]",1
"[[(7.88, 8.78), (9.05, 9.95)]]",0
"[[(3.75, 4.65), (2.62, 3.52)]]",1
"[[(8.24, 9.14), (6.65, 7.55)]]",1
"[[(7.04, 7.94), (8.0, 8.9)]]",0
"[[(1.6, 2.5), (7.7, 8.6)]]",1
"[[(12.46, 13.36), (6.26, 7.16)]]",1
"[[(12.85, 13.75), (12.72, 13.62)]]",1
"[[(5.63, 6.53), (10.37, 11.27)]]",1
"[[(5.04, 5.94), (9.52, 10.42)]]",0
"[[(5.14, 6.04), (11.9, 12.8)]]",1
"[[(11.15, 12.05), (5.44, 6.34)]]",1
"[[(13.83, 14.73), (6.21, 7.11)]]",1
"[[(9.17, 10.07), (2.82, 3.72)]]",1
"[[(4.06, 4.96), (2.47, 3.37)]]",0
"[[(3.08, 3.98), (4.91, 5.81)]]",0
"[[(1.5, 2.4), (7.91, 8.81)]]",1
"[[(10.93, 11.83), (6.69, 7.59)]]",1
"[[(7.98, 8.88), (12.1, 13.0)]]",1
"[[(11.3, 12.2), (1.56, 2.46)]]",1
"[[(12.94, 13.84), (9.55, 10.45)]]",1
"[[(10.09, 10.99), (9.92, 10.82)]]",0
"[[(7.14, 8.04), (3.32, 4.22)]]",1
"[[(10.19, 11.09), (4.2, 5.1)]]",1
"[[(4.48, 5.38), (8.21, 9.11)]]",1
"[[(3.72, 4.62), (10.51, 11.41)]]",1
"[[(8.79, 9.69), (6.16, 7.06)]]",1
"[[(0.63, 1.53), (1.83, 2.73)]]",1
"[[(12.06, 12.96), (1.48, 2.38)]]",0
"[[(6.39, 7.29), (8.04, 8.94)]]",0
"[[(5.19, 6.09), (1.65, 2.55)]]",1
"[[(9.4, 10.3), (13.03, 13.93)]]",0
"[[(7.44, 8.34), (10.7, 11.6)]]",1
"[[(9.16, 10.06), (8.36, 9.26)]]",1
"[[(10.67, 11.57), (4.87, 5.77)]]",1
"[[(8.81, 9.71), (6.98, 7.88)]]",1
"[[(2.54, 3.44), (9.21, 10.11)]]",1
"[[(2.13, 3.03), (2.32, 3.22)]]",1
"[[(1.42, 2.32), (7.16, 8.06)]]",1
"[[(0.5, 1.4), (13.24, 14.14)]]",1
"[[(1.47, 2.37), (5.36, 6.26)]]",1
"[[(7.87, 8.77), (11.71, 12.61)]]",1
"[[(7.06, 7.96), (1.84, 2.74)]]",0
"[[(10.47, 11.37), (4.32, 5.22)]]",1
"[[(9.96, 10.86), (1.56, 2.46)]]",1
"[[(3.99, 4.89), (1.85, 2.75)]]",1
"[[(6.71, 7.61), (12.19, 13.09)]]",1
"[[(10.88, 11.78), (12.04, 12.94)]]",0
"[[(6.38, 7.28), (4.22, 5.12)]]",1
"[[(3.77, 4.67), (4.81, 5.71)]]",1
"[[(6.0, 6.9), (6.72, 7.62)]]",1
"[[(5.63, 6.53), (6.97, 7.87)]]",1
"[[(4.04, 4.94), (6.06, 6.96)]]",0
"[[(3.91, 4.81), (9.04, 9.94)]]",0
"[[(2.65, 3.55), (8.81, 9.71)]]",1
"[[(3.75, 4.65), (2.96, 3.86)]]",1
"[[(0.58, 1.48), (4.33, 5.23)]]",1
"[[(1.0, 1.9), (1.45, 2.35)]]",1
"[[(8.44, 9.34), (7.18, 8.08)]]",1
"[[(8.38, 9.28), (4.68, 5.58)]]",1
"[[(11.67, 12.57), (2.35, 3.25)]]",1
"[[(1.45, 2.35), (4.15, 5.05)]]",1
"[[(10.11, 11.01), (9.79, 10.69)]]",1
"[[(11.56, 12.46), (12.59, 13.49)]]",1
"[[(4.75, 5.65), (0.03, 0.93)]]",0
"[[(12.36, 13.26), (0.72, 1.62)]]",1
"[[(8.79, 9.69), (10.52, 11.42)]]",1
"[[(6.8, 7.7), (2.4, 3.3)]]",1
"[[(11.73, 12.63), (0.93, 1.83)]]",1
"[[(0.03, 0.93), (0.23, 1.13)]]",0
"[[(8.61, 9.51), (9.54, 10.44)]]",1
"[[(4.58, 5.48), (13.66, 14.56)]]",1
"[[(10.0, 10.9), (11.63, 12.53)]]",1
"[[(5.52, 6.42), (13.99, 14.89)]]",1
"[[(3.12, 4.02), (2.29, 3.19)]]",1
"[[(10.72, 11.62), (7.55, 8.45)]]",1
"[[(1.13, 2.03), (8.14, 9.04)]]",1
"[[(1.55, 2.45), (1.4, 2.3)]]",1
"[[(10.01, 10.91), (3.35, 4.25)]]",0
"[[(5.71, 6.61), (11.78, 12.68)]]",1
"[[(5.6, 6.5), (10.63, 11.53)]]",1
"[[(3.54, 4.44), (7.07, 7.97)]]",0
"[[(4.99, 5.89), (4.04, 4.94)]]",0
"[[(8.83, 9.73), (9.83, 10.73)]]",1
"[[(12.93, 13.83), (4.58, 5.48)]]",1
"[[(5.09, 5.99), (12.79, 13.69)]]",0
"[[(5.11, 6.01), (8.23, 9.13)]]",1
"[[(12.42, 13.32), (3.61, 4.51)]]",1
"[[(3.67, 4.57), (8.97, 9.87)]]",1
"[[(1.01, 1.91), (3.01, 3.91)]]",0
"[[(0.66, 1.56), (2.92, 3.82)]]",1
"[[(4.77, 5.67), (13.68, 14.58)]]",1
"[[(5.28, 6.18), (10.5, 11.4)]]",1
"[[(0.36, 1.26), (2.7, 3.6)]]",1
"[[(0.85, 1.75), (0.19, 1.09)]]",1
"[[(11.36, 12.26), (13.55, 14.45)]]",1
"[[(0.21, 1.11), (12.54, 13.44)]]",1
"[[(5.63, 6.53), (8.28, 9.18)]]",1
"[[(8.94, 9.84), (9.48, 10.38)]]",1
"[[(12.75, 13.65), (8.08, 8.98)]]",0
"[[(7.79, 8.69), (9.88, 10.78)]]",1
"[[(6.33, 7.23), (10.85, 11.75)]]",1
"[[(7.79, 8.69), (8.25, 9.15)]]",1
"[[(12.65, 13.55), (2.77, 3.67)]]",1
"[[(6.78, 7.68), (8.08, 8.98)]]",0
"[[(0.73, 1.63), (13.41, 14.31)]]",1
"[[(11.46, 12.36), (13.05, 13.95)]]",0
"[[(5.0, 5.9), (5.13, 6.03)]]",1
"[[(13.43, 14.33), (4.55, 5.45)]]",1
"[[(4.29, 5.19), (11.01, 11.91)]]",0
"[[(13.44, 14.34), (8.09, 8.99)]]",0
"[[(10.45, 11.35), (8.71, 9.61)]]",1
"[[(11.06, 11.96), (12.29, 13.19)]]",0
"[[(3.65, 4.55), (2.25, 3.15)]]",1
"[[(10.23, 11.13), (7.81, 8.71)]]",1
"[[(3.5, 4.4), (8.28, 9.18)]]",1
"[[(11.56, 12.46), (4.17, 5.07)]]",1
"[[(11.55, 12.45), (12.51, 13.41)]]",1
"[[(5.13, 6.03), (5.97, 6.87)]]",1
"[[(12.09, 12.99), (4.52, 5.42)]]",0
"[[(1.55, 2.45), (9.14, 10.04)]]",1
"[[(5.9, 6.8), (9.1, 10.0)]]",1
"[[(11.92, 12.82), (9.27, 10.17)]]",1
"[[(8.02, 8.92), (2.41, 3.31)]]",0
"[[(4.51, 5.41), (3.63, 4.53)]]",1
"[[(12.22, 13.12), (3.2, 4.1)]]",1
"[[(2.8, 3.7), (3.75, 4.65)]]",1
"[[(2.97, 3.87), (7.2, 8.1)]]",1
"[[(10.11, 11.01), (2.82, 3.72)]]",1
"[[(9.32, 10.22), (11.91, 12.81)]]",1
"[[(5.33, 6.23), (3.25, 4.15)]]",1
"[[(13.34, 14.24), (7.89, 8.79)]]",1
"[[(4.53, 5.43), (0.59, 1.49)]]",1
"[[(5.59, 6.49), (11.24, 12.14)]]",1
"[[(2.9, 3.8), (6.51, 7.41)]]",1
"[[(13.92, 14.82), (12.36, 13.26)]]",1
"[[(6.22, 7.12), (1.63, 2.53)]]",1
"[[(11.76, 12.66), (3.75, 4.65)]]",1
"[[(1.51, 2.41), (6.31, 7.21)]]",1
"[[(4.85, 5.75), (0.47, 1.37)]]",1
"[[(10.95, 11.85), (7.66, 8.56)]]",1
"[[(4.27, 5.17), (9.83, 10.73)]]",1
"[[(3.08, 3.98), (6.53, 7.43)]]",0
"[[(5.79, 6.69), (12.1, 13.0)]]",1
"[[(7.87, 8.77), (8.15, 9.05)]]",1
"[[(1.31, 2.21), (6.17, 7.07)]]",1
"[[(11.48, 12.38), (0.83, 1.73)]]",1
"[[(12.72, 13.62), (2.07, 2.97)]]",0
"[[(1.14, 2.04), (9.17, 10.07)]]",1
"[[(13.62, 14.52), (0.13, 1.03)]]",1
"[[(13.87, 14.77), (9.55, 10.45)]]",1
"[[(12.78, 13.68), (4.41, 5.31)]]",1
"[[(8.01, 8.91), (9.97, 10.87)]]",0
"[[(11.63, 12.53), (9.81, 10.71)]]",1
"[[(13.19, 14.09), (5.74, 6.64)]]",1
"[[(13.05, 13.95), (7.97, 8.87)]]",0
"[[(6.01, 6.91), (10.69, 11.59)]]",0
"[[(9.15, 10.05), (11.12, 12.02)]]",1
"[[(3.87, 4.77), (5.84, 6.74)]]",1
"[[(5.57, 6.47), (10.43, 11.33)]]",1
"[[(10.81, 11.71), (0.82, 1.72)]]",1
"[[(7.19, 8.09), (4.16, 5.06)]]",1
"[[(10.06, 10.96), (4.87, 5.77)]]",0
"[[(9.68, 10.58), (6.05, 6.95)]]",0
"[[(0.92, 1.82), (6.56, 7.46)]]",1
"[[(7.46, 8.36), (13.69, 14.59)]]",1
"[[(12.65, 13.55), (10.11, 11.01)]]",1
"[[(1.19, 2.09), (3.84, 4.74)]]",1
"[[(4.62, 5.52), (0.64, 1.54)]]",1
"[[(12.0, 12.9), (9.17, 10.07)]]",1
"[[(5.93, 6.83), (4.78, 5.68)]]",1
"[[(11.36, 12.26), (10.35, 11.25)]]",1
"[[(6.37, 7.27), (12.56, 13.46)]]",1
"[[(1.98, 2.88), (0.9, 1.8)]]",1
"[[(1.31, 2.21), (2.82, 3.72)]]",1
"[[(8.12, 9.02), (8.45, 9.35)]]",1
"[[(8.69, 9.59), (1.46, 2.36)]]",1
"[[(11.72, 12.62), (0.79, 1.69)]]",1
"[[(7.17, 8.07), (4.89, 5.79)]]",1
"[[(10.89, 11.79), (7.83, 8.73)]]",1
"[[(9.87, 10.77), (7.74, 8.64)]]",1
"[[(4.08, 4.98), (12.78, 13.68)]]",0
"[[(2.64, 3.54), (11.53, 12.43)]]",1
"[[(7.72, 8.62), (7.28, 8.18)]]",1
"[[(1.53, 2.43), (10.01, 10.91)]]",0
"[[(6.24, 7.14), (3.34, 4.24)]]",1
"[[(13.94, 14.84), (3.78, 4.68)]]",1
"[[(6.67, 7.57), (5.25, 6.15)]]",1
"[[(4.11, 5.01), (10.96, 11.86)]]",1
"[[(11.42, 12.32), (1.16, 2.06)]]",1
"[[(8.87, 9.77), (7.74, 8.64)]]",1
"[[(8.29, 9.19), (9.71, 10.61)]]",1
"[[(0.81, 1.71), (4.52, 5.42)]]",1
"[[(10.29, 11.19), (10.95, 11.85)]]",1
"[[(13.49, 14.39), (1.94, 2.84)]]",1
"[[(5.5, 6.4), (5.35, 6.25)]]",1
"[[(9.35, 10.25), (12.8, 13.7)]]",1
"[[(9.75, 10.65), (2.74, 3.64)]]",1
"[[(6.41, 7.31), (6.39, 7.29)]]",1
"[[(7.94, 8.84), (10.29, 11.19)]]",1
"[[(8.36, 9.26), (4.77, 5.67)]]",1
"[[(10.55, 11.45), (3.32, 4.22)]]",1
"[[(5.91, 6.81), (7.04, 7.94)]]",0
"[[(11.11, 12.01), (11.74, 12.64)]]",1
"[[(9.91, 10.81), (2.48, 3.38)]]",1
"[[(2.77, 3.67), (6.78, 7.68)]]",1
"[[(10.66, 11.56), (6.14, 7.04)]]",1
"[[(3.71, 4.61), (8.45, 9.35)]]",1
"[[(3.97, 4.87), (13.39, 14.29)]]",1
"[[(10.44, 11.34), (3.69, 4.59)]]",1
"[[(6.98, 7.88), (9.99, 10.89)]]",1
"[[(14.07, 14.97), (8.39, 9.29)]]",0
"[[(12.67, 13.57), (5.38, 6.28)]]",1
"[[(7.62, 8.52), (9.69, 10.59)]]",1
"[[(7.08, 7.98), (13.81, 14.71)]]",0
"[[(7.97, 8.87), (1.99, 2.89)]]",1
"[[(8.09, 8.99), (11.47, 12.37)]]",0
"[[(5.87, 6.77), (13.66, 14.56)]]",1
"[[(0.65, 1.55), (13.26, 14.16)]]",1
"[[(11.97, 12.87), (6.76, 7.66)]]",1
"[[(6.6, 7.5), (6.2, 7.1)]]",1
"[[(13.51, 14.41), (5.19, 6.09)]]",1
"[[(13.59, 14.49), (5.98, 6.88)]]",1
"[[(13.41, 14.31), (4.45, 5.35)]]",1
"[[(1.59, 2.49), (7.81, 8.71)]]",1
"[[(4.3, 5.2), (12.52, 13.42)]]",1
"[[(2.81, 3.71), (5.26, 6.16)]]",1
"[[(2.79, 3.69), (8.15, 9.05)]]",1
"[[(10.45, 11.35), (6.64, 7.54)]]",1
"[[(12.25, 13.15), (6.39, 7.29)]]",1
"[[(0.52, 1.42), (9.34, 10.24)]]",1
"[[(1.62, 2.52), (13.05, 13.95)]]",0
"[[(1.27, 2.17), (8.07, 8.97)]]",0
"[[(9.79, 10.69), (0.11, 1.01)]]",1
"[[(11.0, 11.9), (1.34, 2.24)]]",1
"[[(4.21, 5.11), (8.08, 8.98)]]",0
"[[(5.68, 6.58), (8.91, 9.81)]]",1
"[[(8.59, 9.49), (7.33, 8.23)]]",1
"[[(8.3, 9.2), (4.79, 5.69)]]",1
"[[(4.63, 5.53), (4.31, 5.21)]]",1
"[[(3.38, 4.28), (5.27, 6.17)]]",1
"[[(11.25, 12.15), (9.16, 10.06)]]",1
"[[(10.62, 11.52), (9.18, 10.08)]]",1
"[[(10.47, 11.37), (0.7, 1.6)]]",1
"[[(6.2, 7.1), (4.93, 5.83)]]",1
"[[(10.81, 11.71), (2.15, 3.05)]]",1
"[[(14.01, 14.91), (13.52, 14.42)]]",0
"[[(6.9, 7.8), (4.77, 5.67)]]",1
"[[(5.12, 6.02), (2.26, 3.16)]]",1
"[[(12.69, 13.59), (0.12, 1.02)]]",1
"[[(8.94, 9.84), (5.73, 6.63)]]",1
"[[(7.26, 8.16), (11.23, 12.13)]]",1
"[[(8.47, 9.37), (0.18, 1.08)]]",1
"[[(8.75, 9.65), (0.58, 1.48)]]",1
"[[(7.83, 8.73), (1.54, 2.44)]]",1
"[[(4.93, 5.83), (8.42, 9.32)]]",1
"[[(3.39, 4.29), (1.94, 2.84)]]",1
"[[(6.48, 7.38), (12.21, 13.11)]]",1
"[[(11.06, 11.96), (10.05, 10.95)]]",0
"[[(0.61, 1.51), (10.71, 11.61)]]",1
"[[(5.82, 6.72), (1.76, 2.66)]]",1
"[[(13.0, 13.9), (5.73, 6.63)]]",1
"[[(11.32, 12.22), (1.3, 2.2)]]",1
"[[(11.1, 12.0), (3.12, 4.02)]]",1
"[[(2.28, 3.18), (1.59, 2.49)]]",1
"[[(3.24, 4.14), (11.03, 11.93)]]",0
"[[(10.47, 11.37), (13.29, 14.19)]]",1
"[[(3.09, 3.99), (1.34, 2.24)]]",0
"[[(7.73, 8.63), (14.0, 14.9)]]",1
"[[(11.95, 12.85), (8.98, 9.88)]]",1
"[[(8.0, 8.9), (10.93, 11.83)]]",1
"[[(4.82, 5.72), (5.77, 6.67)]]",1
"[[(3.01, 3.91), (11.66, 12.56)]]",0
"[[(10.23, 11.13), (5.56, 6.46)]]",1
"[[(6.22, 7.12), (3.69, 4.59)]]",1
"[[(1.71, 2.61), (11.65, 12.55)]]",1
"[[(11.46, 12.36), (5.27, 6.17)]]",1
"[[(10.03, 10.93), (0.41, 1.31)]]",0
"[[(13.4, 14.3), (4.85, 5.75)]]",1
"[[(7.05, 7.95), (3.73, 4.63)]]",0
"[[(5.44, 6.34), (2.3, 3.2)]]",1
"[[(0.53, 1.43), (14.0, 14.9)]]",1
"[[(4.68, 5.58), (8.45, 9.35)]]",1
"[[(2.69, 3.59), (11.98, 12.88)]]",1
"[[(6.86, 7.76), (1.84, 2.74)]]",1
"[[(10.2, 11.1), (0.84, 1.74)]]",1
"[[(13.08, 13.98), (1.91, 2.81)]]",0
"[[(13.11, 14.01), (11.44, 12.34)]]",1
"[[(12.64, 13.54), (3.61, 4.51)]]",1
"[[(12.27, 13.17), (11.23, 12.13)]]",1
"[[(9.72, 10.62), (10.64, 11.54)]]",1
"[[(12.55, 13.45), (10.84, 11.74)]]",1
"[[(8.69, 9.59), (4.86, 5.76)]]",1
"[[(3.26, 4.16), (13.52, 14.42)]]",1
"[[(0.73, 1.63), (10.73, 11.63)]]",1
"[[(2.85, 3.75), (3.1, 4.0)]]",1
"[[(6.6, 7.5), (10.98, 11.88)]]",1
"[[(8.16, 9.06), (7.05, 7.95)]]",0
"[[(11.69, 12.59), (9.72, 10.62)]]",1
"[[(13.56, 14.46), (6.55, 7.45)]]",1
"[[(6.59, 7.49), (1.22, 2.12)]]",1
"[[(10.75, 11.65), (3.24, 4.14)]]",1
"[[(0.01, 0.91), (2.48, 3.38)]]",0
"[[(7.02, 7.92), (12.89, 13.79)]]",0
"[[(0.92, 1.82), (0.56, 1.46)]]",1
"[[(5.6, 6.5), (10.48, 11.38)]]",1
"[[(12.47, 13.37), (9.74, 10.64)]]",1
"[[(7.32, 8.22), (0.71, 1.61)]]",1
"[[(0.38, 1.28), (4.67, 5.57)]]",1
"[[(7.9, 8.8), (3.65, 4.55)]]",1
"[[(13.27, 14.17), (8.21, 9.11)]]",1
"[[(6.88, 7.78), (5.63, 6.53)]]",1
"[[(4.4, 5.3), (0.0, 0.9)]]",1
"[[(4.77, 5.67), (12.51, 13.41)]]",1
"[[(0.8, 1.7), (5.04, 5.94)]]",0
"[[(12.11, 13.01), (8.71, 9.61)]]",1
"[[(12.04, 12.94), (2.56, 3.46)]]",0
"[[(9.87, 10.77), (11.17, 12.07)]]",1
"[[(6.56, 7.46), (4.09, 4.99)]]",0
"[[(10.5, 11.4), (13.75, 14.65)]]",1
"[[(0.38, 1.28), (8.11, 9.01)]]",1
"[[(5.98, 6.88), (2.6, 3.5)]]",1
"[[(12.1, 13.0), (10.11, 11.01)]]",1
"[[(4.43, 5.33), (4.28, 5.18)]]",1
"[[(7.35, 8.25), (13.55, 14.45)]]",1
"[[(13.91, 14.81), (6.02, 6.92)]]",0
"[[(5.09, 5.99), (7.76, 8.66)]]",0
"[[(10.58, 11.48), (13.55, 14.45)]]",1
"[[(4.27, 5.17), (9.11, 10.01)]]",1
"[[(4.26, 5.16), (9.39, 10.29)]]",1
"[[(7.14, 8.04), (11.78, 12.68)]]",1
"[[(11.46, 12.36), (6.35, 7.25)]]",1
"[[(13.0, 13.9), (13.22, 14.12)]]",1
"[[(9.81, 10.71), (3.9, 4.8)]]",1
"[[(5.81, 6.71), (13.08, 13.98)]]",0
"[[(7.14, 8.04), (1.1, 2.0)]]",1
"[[(5.83, 6.73), (4.68, 5.58)]]",1
"[[(8.05, 8.95), (10.51, 11.41)]]",0
"[[(11.92, 12.82), (8.54, 9.44)]]",1
"[[(4.9, 5.8), (12.67, 13.57)]]",1
"[[(8.93, 9.83), (1.18, 2.08)]]",1
"[[(12.98, 13.88), (13.75, 14.65)]]",1
"[[(13.74, 14.64), (5.33, 6.23)]]",1
"[[(10.76, 11.66), (12.03, 12.93)]]",0
"[[(7.66, 8.56), (2.4, 3.3)]]",1
"[[(1.81, 2.71), (2.73, 3.63)]]",1
"[[(10.91, 11.81), (11.39, 12.29)]]",1
"[[(7.94, 8.84), (11.74, 12.64)]]",1
"[[(12.0, 12.9), (6.77, 7.67)]]",1
"[[(12.92, 13.82), (12.59, 13.49)]]",1
"[[(0.26, 1.16), (5.1, 6.0)]]",1
"[[(6.13, 7.03), (11.73, 12.63)]]",1
"[[(9.22, 10.12), (9.28, 10.18)]]",1
"[[(2.4, 3.3), (3.82, 4.72)]]",1
"[[(4.44, 5.34), (2.95, 3.85)]]",1
"[[(11.94, 12.84), (13.14, 14.04)]]",1
"[[(12.04, 12.94), (9.54, 10.44)]]",0
"[[(11.52, 12.42), (8.3, 9.2)]]",1
"[[(6.1, 7.0), (5.77, 6.67)]]",1
"[[(7.92, 8.82), (7.02, 7.92)]]",0
"[[(5.38, 6.28), (8.02, 8.92)]]",0
"[[(13.36, 14.26), (2.1, 3.0)]]",1
"[[(7.86, 8.76), (11.86, 12.76)]]",1
"[[(5.04, 5.94), (1.3, 2.2)]]",0
"[[(12.07, 12.97), (11.56, 12.46)]]",0
"[[(9.86, 10.76), (10.59, 11.49)]]",1
"[[(12.05, 12.95), (14.07, 14.97)]]",0
"[[(3.98, 4.88), (2.36, 3.26)]]",1
"[[(4.6, 5.5), (1.64, 2.54)]]",1
"[[(7.6, 8.5), (8.12, 9.02)]]",1
"[[(11.15, 12.05), (9.51, 10.41)]]",1
"[[(4.77, 5.67), (8.39, 9.29)]]",1
"[[(3.35, 4.25), (8.88, 9.78)]]",1
"[[(2.77, 3.67), (11.26, 12.16)]]",1
"[[(0.32, 1.22), (8.65, 9.55)]]",1
"[[(5.67, 6.57), (0.74, 1.64)]]",1
"[[(12.23, 13.13), (6.5, 7.4)]]",1
"[[(6.62, 7.52), (13.8, 14.7)]]",1
"[[(4.03, 4.93), (3.91, 4.81)]]",0
"[[(11.07, 11.97), (10.67, 11.57)]]",0
"[[(8.9, 9.8), (10.2, 11.1)]]",1
"[[(6.14, 7.04), (11.65, 12.55)]]",1
"[[(7.17, 8.07), (2.17, 3.07)]]",1
"[[(11.69, 12.59), (4.67, 5.57)]]",1
"[[(13.77, 14.67), (13.6, 14.5)]]",1
"[[(13.59, 14.49), (7.56, 8.46)]]",1
"[[(2.48, 3.38), (3.46, 4.36)]]",1
"[[(0.52, 1.42), (13.52, 14.42)]]",1
"[[(4.66, 5.56), (6.04, 6.94)]]",0
"[[(9.67, 10.57), (10.17, 11.07)]]",1
"[[(1.34, 2.24), (3.13, 4.03)]]",1
"[[(3.63, 4.53), (10.35, 11.25)]]",1
"[[(7.26, 8.16), (3.44, 4.34)]]",1
"[[(6.3, 7.2), (8.52, 9.42)]]",1
"[[(10.01, 10.91), (10.89, 11.79)]]",0
"[[(7.82, 8.72), (0.43, 1.33)]]",1
"[[(12.31, 13.21), (4.74, 5.64)]]",1
"[[(3.64, 4.54), (12.72, 13.62)]]",1
"[[(11.1, 12.0), (6.19, 7.09)]]",1
"[[(9.72, 10.62), (2.27, 3.17)]]",1
"[[(4.6, 5.5), (14.02, 14.92)]]",0
"[[(4.84, 5.74), (3.61, 4.51)]]",1
"[[(10.84, 11.74), (5.93, 6.83)]]",1
"[[(0.99, 1.89), (0.05, 0.95)]]",0
"[[(8.47, 9.37), (6.63, 7.53)]]",1
"[[(6.23, 7.13), (12.26, 13.16)]]",1
"[[(4.38, 5.28), (0.42, 1.32)]]",1
"[[(10.38, 11.28), (13.72, 14.62)]]",1
"[[(2.43, 3.33), (10.98, 11.88)]]",1
"[[(4.01, 4.91), (2.46, 3.36)]]",0
"[[(9.04, 9.94), (12.64, 13.54)]]",0
"[[(7.83, 8.73), (11.22, 12.12)]]",1
"[[(12.81, 13.71), (13.89, 14.79)]]",1
"[[(4.85, 5.75), (3.08, 3.98)]]",0
"[[(7.89, 8.79), (1.13, 2.03)]]",1
"[[(5.43, 6.33), (12.44, 13.34)]]",1
"[[(6.02, 6.92), (9.5, 10.4)]]",0
"[[(0.88, 1.78), (3.66, 4.56)]]",1
"[[(6.11, 7.01), (10.8, 11.7)]]",1
"[[(5.56, 6.46), (7.0, 7.9)]]",1
"[[(4.45, 5.35), (2.64, 3.54)]]",1
"[[(10.87, 11.77), (9.9, 10.8)]]",1
"[[(5.44, 6.34), (13.44, 14.34)]]",1
"[[(8.17, 9.07), (1.29, 2.19)]]",1
"[[(5.25, 6.15), (0.01, 0.91)]]",0
"[[(1.85, 2.75), (6.34, 7.24)]]",1
"[[(8.95, 9.85), (3.61, 4.51)]]",1
"[[(4.66, 5.56), (3.71, 4.61)]]",1
"[[(6.8, 7.7), (11.18, 12.08)]]",1
"[[(4.09, 4.99), (11.37, 12.27)]]",0
"[[(9.34, 10.24), (12.81, 13.71)]]",1
"[[(11.53, 12.43), (5.18, 6.08)]]",1
"[[(6.92, 7.82), (6.16, 7.06)]]",1
"[[(7.35, 8.25), (13.94, 14.84)]]",1
"[[(13.54, 14.44), (5.48, 6.38)]]",1
"[[(10.73, 11.63), (0.48, 1.38)]]",1
"[[(0.7, 1.6), (2.55, 3.45)]]",1
"[[(9.88, 10.78), (3.95, 4.85)]]",1
"[[(0.44, 1.34), (3.16, 4.06)]]",1
"[[(4.82, 5.72), (8.8, 9.7)]]",1
"[[(5.15, 6.05), (8.58, 9.48)]]",1
"[[(3.74, 4.64), (5.12, 6.02)]]",1
"[[(1.19, 2.09), (10.09, 10.99)]]",0
"[[(11.63, 12.53), (5.56, 6.46)]]",1
"[[(8.14, 9.04), (13.03, 13.93)]]",0
"[[(3.57, 4.47), (10.44, 11.34)]]",1
"[[(4.67, 5.57), (10.06, 10.96)]]",0
"[[(6.91, 7.81), (12.43, 13.33)]]",1
"[[(1.62, 2.52), (14.0, 14.9)]]",1
"[[(11.86, 12.76), (11.85, 12.75)]]",1
"[[(1.63, 2.53), (1.81, 2.71)]]",1
"[[(0.83, 1.73), (8.94, 9.84)]]",1
"[[(5.41, 6.31), (1.82, 2.72)]]",1
"[[(13.7, 14.6), (4.07, 4.97)]]",0
"[[(4.67, 5.57), (13.0, 13.9)]]",1
"[[(10.35, 11.25), (4.14, 5.04)]]",1
"[[(3.29, 4.19), (6.35, 7.25)]]",1
"[[(13.64, 14.54), (3.08, 3.98)]]",0
"[[(12.75, 13.65), (2.84, 3.74)]]",1
"[[(13.19, 14.09), (12.49, 13.39)]]",1
"[[(2.62, 3.52), (9.56, 10.46)]]",1
"[[(7.85, 8.75), (8.69, 9.59)]]",1
"[[(14.1, 15.0), (11.18, 12.08)]]",1
"[[(3.77, 4.67), (9.06, 9.96)]]",0
"[[(10.58, 11.48), (4.86, 5.76)]]",1
"[[(7.98, 8.88), (8.16, 9.06)]]",1
"[[(0.56, 1.46), (5.44, 6.34)]]",1
"[[(1.22, 2.12), (12.75, 13.65)]]",1
"[[(8.96, 9.86), (8.14, 9.04)]]",1
"[[(0.23, 1.13), (8.59, 9.49)]]",1
"[[(0.73, 1.63), (3.88, 4.78)]]",1
"[[(7.24, 8.14), (11.36, 12.26)]]",1
"[[(3.82, 4.72), (13.04, 13.94)]]",0
"[[(6.25, 7.15), (9.54, 10.44)]]",1
"[[(11.38, 12.28), (0.33, 1.23)]]",1
"[[(13.9, 14.8), (12.2, 13.1)]]",1
"[[(3.94, 4.84), (9.62, 10.52)]]",1
"[[(3.69, 4.59), (11.5, 12.4)]]",1
"[[(13.79, 14.69), (0.05, 0.95)]]",0
"[[(4.41, 5.31), (7.7, 8.6)]]",1
"[[(9.81, 10.71), (3.98, 4.88)]]",1
"[[(12.59, 13.49), (11.24, 12.14)]]",1
"[[(2.68, 3.58), (9.89, 10.79)]]",1
"[[(8.01, 8.91), (0.2, 1.1)]]",0
"[[(9.59, 10.49), (12.21, 13.11)]]",1
"[[(11.25, 12.15), (12.75, 13.65)]]",1
"[[(10.47, 11.37), (3.66, 4.56)]]",1
"[[(9.62, 10.52), (4.45, 5.35)]]",1
"[[(1.83, 2.73), (2.03, 2.93)]]",0
"[[(1.36, 2.26), (2.97, 3.87)]]",1
"[[(7.28, 8.18), (8.67, 9.57)]]",1
"[[(2.75, 3.65), (9.45, 10.35)]]",1
"[[(4.62, 5.52), (2.64, 3.54)]]",1
"[[(0.09, 0.99), (12.61, 13.51)]]",0
"[[(5.25, 6.15), (9.89, 10.79)]]",1
"[[(9.52, 10.42), (2.82, 3.72)]]",1
"[[(3.66, 4.56), (1.69, 2.59)]]",1
"[[(12.04, 12.94), (12.28, 13.18)]]",0
"[[(4.46, 5.36), (11.18, 12.08)]]",1
"[[(13.82, 14.72), (0.73, 1.63)]]",1
"[[(4.38, 5.28), (6.24, 7.14)]]",1
"[[(3.34, 4.24), (4.15, 5.05)]]",1
"[[(10.48, 11.38), (13.01, 13.91)]]",0
"[[(6.3, 7.2), (7.46, 8.36)]]",1
"[[(2.37, 3.27), (4.29, 5.19)]]",1
"[[(0.35, 1.25), (1.88, 2.78)]]",1
"[[(9.22, 10.12), (4.23, 5.13)]]",1
"[[(4.05, 4.95), (6.45, 7.35)]]",0
"[[(5.88, 6.78), (12.36, 13.26)]]",1
"[[(3.06, 3.96), (1.81, 2.71)]]",0
"[[(10.3, 11.2), (2.28, 3.18)]]",1
"[[(11.22, 12.12), (9.36, 10.26)]]",1
"[[(2.57, 3.47), (6.65, 7.55)]]",1
"[[(2.93, 3.83), (5.8, 6.7)]]",1
"[[(13.28, 14.18), (11.61, 12.51)]]",1
"[[(0.59, 1.49), (4.46, 5.36)]]",1
"[[(7.77, 8.67), (12.0, 12.9)]]",1
"[[(3.45, 4.35), (11.58, 12.48)]]",1
"[[(1.41, 2.31), (6.02, 6.92)]]",0
"[[(1.97, 2.87), (3.57, 4.47)]]",1
"[[(1.56, 2.46), (11.88, 12.78)]]",1
"[[(4.33, 5.23), (11.22, 12.12)]]",1
"[[(12.19, 13.09), (9.03, 9.93)]]",0
"[[(0.8, 1.7), (11.62, 12.52)]]",1
"[[(6.59, 7.49), (2.98, 3.88)]]",1
"[[(2.1, 3.0), (12.86, 13.76)]]",1
"[[(0.68, 1.58), (0.71, 1.61)]]",1
"[[(8.99, 9.89), (8.84, 9.74)]]",1
"[[(13.83, 14.73), (9.92, 10.82)]]",1
"[[(9.3, 10.2), (6.21, 7.11)]]",1
"[[(1.84, 2.74), (12.45, 13.35)]]",1
"[[(4.82, 5.72), (12.26, 13.16)]]",1
"[[(0.1, 1.0), (6.1, 7.0)]]",1
"[[(11.8, 12.7), (7.02, 7.92)]]",0
"[[(4.84, 5.74), (10.65, 11.55)]]",1
"[[(6.4, 7.3), (13.27, 14.17)]]",1
"[[(11.83, 12.73), (7.93, 8.83)]]",1
"[[(4.08, 4.98), (6.04, 6.94)]]",0
"[[(1.43, 2.33), (13.92, 14.82)]]",1
"[[(11.99, 12.89), (0.56, 1.46)]]",1
"[[(6.88, 7.78), (13.28, 14.18)]]",1
"[[(12.44, 13.34), (10.54, 11.44)]]",1
"[[(11.81, 12.71), (0.59, 1.49)]]",1
"[[(7.83, 8.73), (11.8, 12.7)]]",1
"[[(6.04, 6.94), (8.11, 9.01)]]",0
"[[(4.41, 5.31), (8.89, 9.79)]]",1
"[[(2.61, 3.51), (2.67, 3.57)]]",1
"[[(13.67, 14.57), (12.74, 13.64)]]",1
"[[(1.69, 2.59), (8.87, 9.77)]]",1
"[[(3.09, 3.99), (4.21, 5.11)]]",0
"[[(6.7, 7.6), (10.9, 11.8)]]",1
"[[(4.61, 5.51), (11.76, 12.66)]]",1
"[[(6.3, 7.2), (3.61, 4.51)]]",1
"[[(10.87, 11.77), (10.57, 11.47)]]",1
"[[(5.04, 5.94), (3.13, 4.03)]]",0
"[[(9.38, 10.28), (10.73, 11.63)]]",1
"[[(7.59, 8.49), (11.53, 12.43)]]",1
"[[(5.28, 6.18), (11.18, 12.08)]]",1
"[[(3.34, 4.24), (9.87, 10.77)]]",1
"[[(9.18, 10.08), (5.84, 6.74)]]",1
"[[(0.94, 1.84), (8.49, 9.39)]]",1
"[[(7.2, 8.1), (0.98, 1.88)]]",1
"[[(7.16, 8.06), (8.77, 9.67)]]",1
"[[(8.87, 9.77), (10.46, 11.36)]]",1
"[[(9.28, 10.18), (1.02, 1.92)]]",0
"[[(6.47, 7.37), (11.66, 12.56)]]",1
"[[(6.29, 7.19), (14.08, 14.98)]]",0
"[[(2.06, 2.96), (3.64, 4.54)]]",0
"[[(10.22, 11.12), (3.25, 4.15)]]",1
"[[(6.87, 7.77), (6.06, 6.96)]]",0
"[[(1.27, 2.17), (13.57, 14.47)]]",1
"[[(8.75, 9.65), (6.59, 7.49)]]",1
"[[(6.64, 7.54), (6.88, 7.78)]]",1
"[[(13.5, 14.4), (3.16, 4.06)]]",1
"[[(12.49, 13.39), (11.7, 12.6)]]",1
"[[(6.41, 7.31), (0.81, 1.71)]]",1
"[[(5.56, 6.46), (4.96, 5.86)]]",1
"[[(12.52, 13.42), (11.62, 12.52)]]",1
"[[(5.94, 6.84), (2.06, 2.96)]]",0
"[[(0.4, 1.3), (5.0, 5.9)]]",1
"[[(5.3, 6.2), (10.63, 11.53)]]",1
"[[(3.82, 4.72), (4.36, 5.26)]]",1
"[[(3.62, 4.52), (7.2, 8.1)]]",1
"[[(7.45, 8.35), (3.07, 3.97)]]",0
"[[(1.25, 2.15), (13.5, 14.4)]]",1
"[[(5.24, 6.14), (6.03, 6.93)]]",0
"[[(12.37, 13.27), (0.66, 1.56)]]",1
"[[(3.36, 4.26), (13.34, 14.24)]]",1
"[[(13.29, 14.19), (7.1, 8.0)]]",1
"[[(3.41, 4.31), (4.78, 5.68)]]",1
"[[(5.9, 6.8), (6.25, 7.15)]]",1
"[[(3.18, 4.08), (3.33, 4.23)]]",1
"[[(13.58, 14.48), (5.93, 6.83)]]",1
"[[(7.18, 8.08), (0.29, 1.19)]]",1
"[[(13.51, 14.41), (3.44, 4.34)]]",1
"[[(0.87, 1.77), (10.89, 11.79)]]",1
"[[(7.78, 8.68), (12.14, 13.04)]]",1
"[[(1.99, 2.89), (13.43, 14.33)]]",1
"[[(13.05, 13.95), (12.53, 13.43)]]",0
"[[(3.13, 4.03), (12.66, 13.56)]]",1
"[[(8.63, 9.53), (1.45, 2.35)]]",1
"[[(1.46, 2.36), (11.29, 12.19)]]",1
"[[(14.08, 14.98), (0.41, 1.31)]]",0
"[[(11.34, 12.24), (1.37, 2.27)]]",1
"[[(0.16, 1.06), (9.94, 10.84)]]",1
"[[(7.54, 8.44), (10.55, 11.45)]]",1
"[[(11.0, 11.9), (3.35, 4.25)]]",1
"[[(10.14, 11.04), (7.55, 8.45)]]",1
"[[(6.16, 7.06), (12.56, 13.46)]]",1
"[[(2.66, 3.56), (0.63, 1.53)]]",1
"[[(12.82, 13.72), (0.47, 1.37)]]",1
"[[(9.44, 10.34), (7.98, 8.88)]]",1
"[[(5.61, 6.51), (9.4, 10.3)]]",1
"[[(0.7, 1.6), (3.39, 4.29)]]",1
"[[(6.42, 7.32), (12.97, 13.87)]]",1
"[[(1.97, 2.87), (2.21, 3.11)]]",1
"[[(5.54, 6.44), (6.84, 7.74)]]",1
"[[(0.93, 1.83), (1.44, 2.34)]]",1
"[[(10.16, 11.06), (3.89, 4.79)]]",1
"[[(1.98, 2.88), (1.65, 2.55)]]",1
"[[(2.39, 3.29), (1.3, 2.2)]]",1
"[[(7.31, 8.21), (6.19, 7.09)]]",1
"[[(13.21, 14.11), (2.23, 3.13)]]",1
"[[(6.13, 7.03), (1.08, 1.98)]]",0
"[[(4.25, 5.15), (8.76, 9.66)]]",1
"[[(8.16, 9.06), (9.43, 10.33)]]",1
"[[(8.5, 9.4), (1.38, 2.28)]]",1
"[[(10.03, 10.93), (6.3, 7.2)]]",0
"[[(5.86, 6.76), (0.41, 1.31)]]",1
"[[(5.69, 6.59), (3.51, 4.41)]]",1
"[[(10.42, 11.32), (3.59, 4.49)]]",1
"[[(8.77, 9.67), (3.09, 3.99)]]",0
"[[(2.23, 3.13), (12.24, 13.14)]]",1
"[[(2.14, 3.04), (5.1, 6.0)]]",1
"[[(1.91, 2.81), (2.97, 3.87)]]",1
"[[(7.52, 8.42), (2.33, 3.23)]]",1
"[[(9.71, 10.61), (11.49, 12.39)]]",1
"[[(13.92, 14.82), (4.36, 5.26)]]",1
"[[(13.5, 14.4), (6.07, 6.97)]]",0
"[[(0.17, 1.07), (10.66, 11.56)]]",1
"[[(9.31, 10.21), (8.17, 9.07)]]",1
"[[(13.22, 14.12), (11.07, 11.97)]]",0
"[[(10.18, 11.08), (9.44, 10.34)]]",1
"[[(4.99, 5.89), (2.49, 3.39)]]",1
"[[(5.06, 5.96), (11.64, 12.54)]]",0
"[[(13.71, 14.61), (12.17, 13.07)]]",1
"[[(11.19, 12.09), (6.22, 7.12)]]",1
"[[(2.8, 3.7), (6.47, 7.37)]]",1
"[[(7.11, 8.01), (2.09, 2.99)]]",0
"[[(12.57, 13.47), (5.89, 6.79)]]",1
"[[(9.88, 10.78), (2.85, 3.75)]]",1
"[[(6.53, 7.43), (0.29, 1.19)]]",1
"[[(1.37, 2.27), (0.95, 1.85)]]",1
"[[(9.77, 10.67), (3.26, 4.16)]]",1
"[[(1.79, 2.69), (10.36, 11.26)]]",1
"[[(13.1, 14.0), (6.71, 7.61)]]",1
"[[(9.24, 10.14), (5.57, 6.47)]]",1
"[[(6.16, 7.06), (13.13, 14.03)]]",1
"[[(2.75, 3.65), (11.88, 12.78)]]",1
"[[(0.84, 1.74), (12.23, 13.13)]]",1
"[[(11.38, 12.28), (4.1, 5.0)]]",1
"[[(12.09, 12.99), (3.96, 4.86)]]",0
"[[(3.47, 4.37), (5.68, 6.58)]]",1
"[[(13.46, 14.36), (10.39, 11.29)]]",1
"[[(0.01, 0.91), (12.71, 13.61)]]",0
"[[(5.36, 6.26), (7.6, 8.5)]]",1
"[[(5.73, 6.63), (8.8, 9.7)]]",1
"[[(12.83, 13.73), (1.03, 1.93)]]",0
"[[(10.89, 11.79), (0.31, 1.21)]]",1
"[[(8.61, 9.51), (10.65, 11.55)]]",1
"[[(11.89, 12.79), (10.29, 11.19)]]",1
"[[(4.29, 5.19), (13.62, 14.52)]]",1
"[[(11.87, 12.77), (9.06, 9.96)]]",0
"[[(12.16, 13.06), (1.59, 2.49)]]",1
"[[(11.65, 12.55), (7.67, 8.57)]]",1
"[[(5.34, 6.24), (2.74, 3.64)]]",1
"[[(8.21, 9.11), (12.24, 13.14)]]",1
"[[(8.0, 8.9), (11.13, 12.03)]]",1
"[[(0.56, 1.46), (13.4, 14.3)]]",1
"[[(4.07, 4.97), (2.15, 3.05)]]",0
"[[(12.39, 13.29), (4.73, 5.63)]]",1
"[[(6.33, 7.23), (10.12, 11.02)]]",1
"[[(13.85, 14.75), (2.88, 3.78)]]",1
"[[(8.58, 9.48), (6.35, 7.25)]]",1
"[[(10.82, 11.72), (3.97, 4.87)]]",1
"[[(12.72, 13.62), (7.26, 8.16)]]",1
"[[(11.54, 12.44), (6.26, 7.16)]]",1
"[[(11.43, 12.33), (0.3, 1.2)]]",1
"[[(1.46, 2.36), (5.9, 6.8)]]",1
"[[(9.51, 10.41), (4.08, 4.98)]]",0
"[[(10.76, 11.66), (10.44, 11.34)]]",1
"[[(7.68, 8.58), (5.69, 6.59)]]",1
"[[(8.08, 8.98), (4.12, 5.02)]]",0
"[[(10.6, 11.5), (12.78, 13.68)]]",1
"[[(7.27, 8.17), (8.88, 9.78)]]",1
"[[(6.79, 7.69), (13.79, 14.69)]]",1
"[[(1.94, 2.84), (0.81, 1.71)]]",1
"[[(7.26, 8.16), (12.32, 13.22)]]",1
"[[(11.09, 11.99), (10.65, 11.55)]]",0
"[[(11.58, 12.48), (8.19, 9.09)]]",1
"[[(0.83, 1.73), (11.61, 12.51)]]",1
"[[(2.45, 3.35), (10.7, 11.6)]]",1
"[[(10.42, 11.32), (0.83, 1.73)]]",1
"[[(5.12, 6.02), (0.04, 0.94)]]",0
"[[(7.97, 8.87), (2.59, 3.49)]]",1
"[[(4.51, 5.41), (12.0, 12.9)]]",1
"[[(0.64, 1.54), (4.0, 4.9)]]",1
"[[(9.22, 10.12), (1.64, 2.54)]]",1
"[[(13.17, 14.07), (6.86, 7.76)]]",1
"[[(10.71, 11.61), (9.07, 9.97)]]",0
"[[(7.07, 7.97), (4.2, 5.1)]]",0
"[[(3.63, 4.53), (2.46, 3.36)]]",1
"[[(9.2, 10.1), (2.02, 2.92)]]",0
"[[(1.13, 2.03), (1.43, 2.33)]]",1
"[[(1.72, 2.62), (10.97, 11.87)]]",1
"[[(6.5, 7.4), (4.96, 5.86)]]",1
"[[(11.19, 12.09), (8.15, 9.05)]]",1
"[[(4.31, 5.21), (3.1, 4.0)]]",1
"[[(12.45, 13.35), (8.82, 9.72)]]",1
"[[(11.14, 12.04), (0.65, 1.55)]]",1
"[[(3.75, 4.65), (7.11, 8.01)]]",1
"[[(7.1, 8.0), (3.66, 4.56)]]",1
"[[(11.37, 12.27), (0.67, 1.57)]]",1
"[[(8.61, 9.51), (3.1, 4.0)]]",1
"[[(6.26, 7.16), (12.19, 13.09)]]",1
"[[(9.29, 10.19), (0.28, 1.18)]]",1
"[[(13.71, 14.61), (4.99, 5.89)]]",1
"[[(1.5, 2.4), (0.43, 1.33)]]",1
"[[(1.62, 2.52), (6.86, 7.76)]]",1
"[[(6.18, 7.08), (4.84, 5.74)]]",1
"[[(7.64, 8.54), (0.72, 1.62)]]",1
"[[(3.45, 4.35), (2.1, 3.0)]]",1
"[[(8.35, 9.25), (9.24, 10.14)]]",1
"[[(12.23, 13.13), (1.63, 2.53)]]",1
"[[(5.63, 6.53), (0.99, 1.89)]]",1
"[[(3.86, 4.76), (0.21, 1.11)]]",1
"[[(4.76, 5.66), (13.42, 14.32)]]",1
"[[(10.73, 11.63), (1.85, 2.75)]]",1
"[[(0.38, 1.28), (6.6, 7.5)]]",1
"[[(1.52, 2.42), (11.78, 12.68)]]",1
"[[(12.35, 13.25), (4.13, 5.03)]]",1
"[[(4.13, 5.03), (1.86, 2.76)]]",1
"[[(5.33, 6.23), (5.99, 6.89)]]",1
"[[(1.49, 2.39), (10.64, 11.54)]]",1
"[[(11.07, 11.97), (11.22, 12.12)]]",0
"[[(0.56, 1.46), (12.56, 13.46)]]",1
"[[(9.92, 10.82), (2.04, 2.94)]]",0
"[[(6.47, 7.37), (9.19, 10.09)]]",1
"[[(2.96, 3.86), (8.42, 9.32)]]",1
"[[(8.63, 9.53), (12.39, 13.29)]]",1
"[[(6.84, 7.74), (7.15, 8.05)]]",1
"[[(4.38, 5.28), (13.88, 14.78)]]",1
"[[(7.12, 8.02), (5.89, 6.79)]]",1
"[[(2.93, 3.83), (4.94, 5.84)]]",1
"[[(12.83, 13.73), (6.04, 6.94)]]",0
"[[(11.54, 12.44), (12.78, 13.68)]]",1
"[[(2.66, 3.56), (6.51, 7.41)]]",1
"[[(0.01, 0.91), (13.82, 14.72)]]",0
"[[(0.49, 1.39), (12.23, 13.13)]]",1
"[[(2.94, 3.84), (3.65, 4.55)]]",1
"[[(6.79, 7.69), (9.11, 10.01)]]",1
"[[(5.14, 6.04), (6.86, 7.76)]]",1
"[[(4.52, 5.42), (7.34, 8.24)]]",1
"[[(10.6, 11.5), (4.17, 5.07)]]",1
"[[(5.75, 6.65), (2.99, 3.89)]]",1
"[[(11.04, 11.94), (0.04, 0.94)]]",0
"[[(8.82, 9.72), (2.15, 3.05)]]",1
"[[(5.59, 6.49), (11.2, 12.1)]]",1
"[[(10.59, 11.49), (11.73, 12.63)]]",1
"[[(3.84, 4.74), (7.45, 8.35)]]",1
"[[(7.35, 8.25), (2.7, 3.6)]]",1
"[[(9.04, 9.94), (9.09, 9.99)]]",0
"[[(2.74, 3.64), (12.94, 13.84)]]",1
"[[(1.16, 2.06), (7.17, 8.07)]]",1
"[[(8.9, 9.8), (3.08, 3.98)]]",0
"[[(2.25, 3.15), (8.16, 9.06)]]",1
"[[(4.75, 5.65), (9.54, 10.44)]]",1
"[[(0.63, 1.53), (11.82, 12.72)]]",1
"[[(10.93, 11.83), (6.73, 7.63)]]",1
"[[(8.73, 9.63), (7.35, 8.25)]]",1
"[[(1.69, 2.59), (1.34, 2.24)]]",1
"[[(1.96, 2.86), (10.55, 11.45)]]",1
"[[(3.31, 4.21), (3.45, 4.35)]]",1
"[[(6.64, 7.54), (12.7, 13.6)]]",1
"[[(9.74, 10.64), (10.16, 11.06)]]",1
"[[(4.76, 5.66), (9.48, 10.38)]]",1
"[[(11.55, 12.45), (5.43, 6.33)]]",1
"[[(5.28, 6.18), (9.11, 10.01)]]",1
"[[(7.6, 8.5), (2.73, 3.63)]]",1
"[[(7.45, 8.35), (6.96, 7.86)]]",1
"[[(12.97, 13.87), (6.18, 7.08)]]",1
"[[(5.72, 6.62), (12.62, 13.52)]]",1
"[[(0.01, 0.91), (7.25, 8.15)]]",0
"[[(12.96, 13.86), (12.32, 13.22)]]",1
"[[(9.39, 10.29), (6.51, 7.41)]]",1
"[[(6.56, 7.46), (0.39, 1.29)]]",1
"[[(8.63, 9.53), (2.98, 3.88)]]",1
"[[(9.23, 10.13), (5.76, 6.66)]]",1
"[[(9.51, 10.41), (12.06, 12.96)]]",0
"[[(9.19, 10.09), (3.61, 4.51)]]",1
"[[(11.81, 12.71), (5.38, 6.28)]]",1
"[[(8.43, 9.33), (4.41, 5.31)]]",1
"[[(5.24, 6.14), (6.0, 6.9)]]",1
"[[(0.3, 1.2), (5.05, 5.95)]]",0
"[[(10.11, 11.01), (7.37, 8.27)]]",1
"[[(5.95, 6.85), (4.67, 5.57)]]",1
"[[(5.01, 5.91), (10.16, 11.06)]]",0
"[[(6.91, 7.81), (9.25, 10.15)]]",1
"[[(4.05, 4.95), (5.59, 6.49)]]",0
"[[(9.27, 10.17), (3.2, 4.1)]]",1
"[[(6.12, 7.02), (5.39, 6.29)]]",1
"[[(7.3, 8.2), (0.79, 1.69)]]",1
"[[(4.44, 5.34), (6.25, 7.15)]]",1
"[[(7.23, 8.13), (11.63, 12.53)]]",1
"[[(10.62, 11.52), (8.09, 8.99)]]",0
"[[(13.59, 14.49), (0.86, 1.76)]]",1
"[[(5.41, 6.31), (13.14, 14.04)]]",1
"[[(10.03, 10.93), (3.9, 4.8)]]",0
"[[(3.1, 4.0), (7.75, 8.65)]]",1
"[[(0.28, 1.18), (10.87, 11.77)]]",1
"[[(1.08, 1.98), (1.31, 2.21)]]",0
"[[(0.54, 1.44), (12.12, 13.02)]]",1
"[[(9.42, 10.32), (2.05, 2.95)]]",0
"[[(6.69, 7.59), (6.0, 6.9)]]",1
"[[(13.64, 14.54), (4.75, 5.65)]]",1
"[[(14.07, 14.97), (11.82, 12.72)]]",0
"[[(9.32, 10.22), (0.84, 1.74)]]",1
"[[(7.25, 8.15), (2.58, 3.48)]]",1
"[[(0.93, 1.83), (3.64, 4.54)]]",1
"[[(2.78, 3.68), (0.97, 1.87)]]",1
"[[(0.48, 1.38), (8.57, 9.47)]]",1
"[[(5.69, 6.59), (2.88, 3.78)]]",1
"[[(2.11, 3.01), (9.98, 10.88)]]",1
"[[(13.77, 14.67), (11.06, 11.96)]]",0
"[[(0.74, 1.64), (10.2, 11.1)]]",1
"[[(12.25, 13.15), (2.42, 3.32)]]",1
"[[(5.75, 6.65), (0.16, 1.06)]]",1
"[[(6.98, 7.88), (12.97, 13.87)]]",1
"[[(9.71, 10.61), (0.83, 1.73)]]",1
"[[(13.96, 14.86), (10.0, 10.9)]]",1
"[[(10.02, 10.92), (0.82, 1.72)]]",0
"[[(5.73, 6.63), (0.26, 1.16)]]",1
"[[(4.5, 5.4), (4.22, 5.12)]]",1
"[[(12.2, 13.1), (7.06, 7.96)]]",0
"[[(2.32, 3.22), (2.93, 3.83)]]",1
"[[(8.59, 9.49), (4.94, 5.84)]]",1
"[[(0.29, 1.19), (7.62, 8.52)]]",1
"[[(8.5, 9.4), (12.86, 13.76)]]",1
"[[(2.03, 2.93), (3.44, 4.34)]]",0
"[[(2.62, 3.52), (12.12, 13.02)]]",1
"[[(11.65, 12.55), (13.59, 14.49)]]",1
"[[(2.34, 3.24), (2.07, 2.97)]]",0
"[[(4.52, 5.42), (2.69, 3.59)]]",1
"[[(0.82, 1.72), (4.64, 5.54)]]",1
"[[(7.48, 8.38), (7.96, 8.86)]]",1
"[[(2.37, 3.27), (5.36, 6.26)]]",1
"[[(0.6, 1.5), (5.36, 6.26)]]",1
"[[(2.59, 3.49), (13.57, 14.47)]]",1
"[[(11.02, 11.92), (8.32, 9.22)]]",0
"[[(1.64, 2.54), (6.22, 7.12)]]",1
"[[(8.61, 9.51), (3.6, 4.5)]]",1
"[[(3.16, 4.06), (1.22, 2.12)]]",1
"[[(6.17, 7.07), (9.84, 10.74)]]",1
"[[(13.64, 14.54), (6.65, 7.55)]]",1
"[[(4.31, 5.21), (9.5, 10.4)]]",1
"[[(7.4, 8.3), (8.41, 9.31)]]",1
"[[(3.38, 4.28), (12.14, 13.04)]]",1
"[[(1.94, 2.84), (11.39, 12.29)]]",1
"[[(0.82, 1.72), (6.06, 6.96)]]",0
"[[(7.81, 8.71), (10.74, 11.64)]]",1
"[[(1.23, 2.13), (12.84, 13.74)]]",1
"[[(4.26, 5.16), (4.74, 5.64)]]",1
"[[(13.45, 14.35), (13.03, 13.93)]]",0
"[[(3.96, 4.86), (5.92, 6.82)]]",1
"[[(2.72, 3.62), (9.73, 10.63)]]",1
"[[(5.84, 6.74), (3.76, 4.66)]]",1
"[[(3.34, 4.24), (11.02, 11.92)]]",0
"[[(12.1, 13.0), (9.81, 10.71)]]",1
"[[(10.94, 11.84), (1.41, 2.31)]]",1
"[[(1.11, 2.01), (0.93, 1.83)]]",1
"[[(9.92, 10.82), (10.38, 11.28)]]",1
"[[(10.6, 11.5), (2.96, 3.86)]]",1
"[[(5.15, 6.05), (6.5, 7.4)]]",1
"[[(3.47, 4.37), (2.11, 3.01)]]",1
"[[(6.36, 7.26), (5.01, 5.91)]]",0
"[[(3.45, 4.35), (9.9, 10.8)]]",1
"[[(4.36, 5.26), (11.18, 12.08)]]",1
"[[(13.3, 14.2), (5.03, 5.93)]]",0
"[[(6.53, 7.43), (7.19, 8.09)]]",1
"[[(10.62, 11.52), (10.37, 11.27)]]",1
"[[(7.36, 8.26), (13.87, 14.77)]]",1
"[[(2.21, 3.11), (4.31, 5.21)]]",1
"[[(13.84, 14.74), (10.49, 11.39)]]",1
"[[(2.15, 3.05), (1.16, 2.06)]]",1
"[[(4.36, 5.26), (9.44, 10.34)]]",1
"[[(7.75, 8.65), (11.74, 12.64)]]",1
"[[(8.64, 9.54), (12.59, 13.49)]]",1
"[[(0.85, 1.75), (10.34, 11.24)]]",1
"[[(7.79, 8.69), (7.79, 8.69)]]",1
"[[(4.79, 5.69), (10.18, 11.08)]]",1
"[[(5.06, 5.96), (5.49, 6.39)]]",0
"[[(8.8, 9.7), (5.9, 6.8)]]",1
"[[(12.03, 12.93), (13.47, 14.37)]]",0
"[[(10.91, 11.81), (10.34, 11.24)]]",1
"[[(12.85, 13.75), (8.36, 9.26)]]",1
"[[(10.71, 11.61), (6.81, 7.71)]]",1
"[[(5.59, 6.49), (3.03, 3.93)]]",0
"[[(10.95, 11.85), (2.23, 3.13)]]",1
"[[(4.02, 4.92), (4.99, 5.89)]]",0
"[[(8.44, 9.34), (2.23, 3.13)]]",1
"[[(3.57, 4.47), (5.16, 6.06)]]",1
"[[(3.16, 4.06), (3.7, 4.6)]]",1
"[[(8.66, 9.56), (0.56, 1.46)]]",1
"[[(2.28, 3.18), (9.15, 10.05)]]",1
"[[(13.2, 14.1), (0.34, 1.24)]]",1
"[[(3.14, 4.04), (0.19, 1.09)]]",1
"[[(10.26, 11.16), (6.46, 7.36)]]",1
"[[(9.06, 9.96), (12.28, 13.18)]]",0
"[[(13.36, 14.26), (1.76, 2.66)]]",1
"[[(7.04, 7.94), (1.63, 2.53)]]",0
"[[(0.14, 1.04), (9.98, 10.88)]]",1
"[[(0.67, 1.57), (13.07, 13.97)]]",0
"[[(12.12, 13.02), (12.29, 13.19)]]",1
"[[(0.28, 1.18), (11.03, 11.93)]]",0
"[[(12.71, 13.61), (1.57, 2.47)]]",1
"[[(9.33, 10.23), (12.3, 13.2)]]",1
"[[(9.32, 10.22), (1.36, 2.26)]]",1
"[[(1.91, 2.81), (6.41, 7.31)]]",1
"[[(1.05, 1.95), (2.76, 3.66)]]",0
"[[(4.69, 5.59), (12.87, 13.77)]]",1
"[[(9.41, 10.31), (10.09, 10.99)]]",0
"[[(8.54, 9.44), (3.33, 4.23)]]",1
"[[(5.41, 6.31), (2.27, 3.17)]]",1
"[[(1.36, 2.26), (9.76, 10.66)]]",1
"[[(7.92, 8.82), (9.87, 10.77)]]",1
"[[(9.07, 9.97), (8.83, 9.73)]]",0
"[[(2.99, 3.89), (3.85, 4.75)]]",1
"[[(13.51, 14.41), (6.84, 7.74)]]",1
"[[(1.32, 2.22), (0.39, 1.29)]]",1
"[[(12.9, 13.8), (6.94, 7.84)]]",1
"[[(4.58, 5.48), (13.85, 14.75)]]",1
"[[(8.85, 9.75), (0.24, 1.14)]]",1
"[[(13.77, 14.67), (9.84, 10.74)]]",1
"[[(8.64, 9.54), (4.93, 5.83)]]",1
"[[(9.49, 10.39), (9.81, 10.71)]]",1
"[[(0.77, 1.67), (10.69, 11.59)]]",1
"[[(11.22, 12.12), (11.4, 12.3)]]",1
"[[(11.42, 12.32), (1.83, 2.73)]]",1
"[[(13.74, 14.64), (12.48, 13.38)]]",1
"[[(2.06, 2.96), (7.3, 8.2)]]",0
"[[(8.44, 9.34), (2.57, 3.47)]]",1
"[[(5.37, 6.27), (7.05, 7.95)]]",0
"[[(8.74, 9.64), (4.63, 5.53)]]",1
"[[(2.5, 3.4), (3.27, 4.17)]]",1
"[[(7.73, 8.63), (10.34, 11.24)]]",1
"[[(6.02, 6.92), (13.5, 14.4)]]",0
"[[(12.29, 13.19), (0.58, 1.48)]]",1
"[[(6.35, 7.25), (1.53, 2.43)]]",1
"[[(1.43, 2.33), (13.84, 14.74)]]",1
"[[(2.41, 3.31), (3.38, 4.28)]]",1
"[[(3.01, 3.91), (1.75, 2.65)]]",0
"[[(7.38, 8.28), (2.64, 3.54)]]",1
"[[(8.13, 9.03), (4.03, 4.93)]]",0
"[[(11.52, 12.42), (3.81, 4.71)]]",1
"[[(7.5, 8.4), (0.58, 1.48)]]",1
"[[(1.12, 2.02), (10.39, 11.29)]]",1
"[[(4.64, 5.54), (10.87, 11.77)]]",1
"[[(8.72, 9.62), (9.86, 10.76)]]",1
"[[(3.41, 4.31), (8.15, 9.05)]]",1
"[[(12.71, 13.61), (1.1, 2.0)]]",1
"[[(8.35, 9.25), (0.21, 1.11)]]",1
"[[(13.73, 14.63), (8.11, 9.01)]]",1
"[[(13.34, 14.24), (5.53, 6.43)]]",1
"[[(7.42, 8.32), (11.58, 12.48)]]",1
"[[(10.2, 11.1), (1.53, 2.43)]]",1
"[[(13.07, 13.97), (0.01, 0.91)]]",0
"[[(8.96, 9.86), (1.18, 2.08)]]",1
"[[(0.74, 1.64), (3.29, 4.19)]]",1
"[[(10.76, 11.66), (11.04, 11.94)]]",0
"[[(1.63, 2.53), (12.31, 13.21)]]",1
"[[(11.26, 12.16), (10.85, 11.75)]]",1
"[[(10.09, 10.99), (8.19, 9.09)]]",0
"[[(5.23, 6.13), (4.94, 5.84)]]",1
"[[(8.84, 9.74), (1.08, 1.98)]]",0
"[[(10.86, 11.76), (4.98, 5.88)]]",1
"[[(1.16, 2.06), (11.24, 12.14)]]",1
"[[(3.62, 4.52), (10.15, 11.05)]]",1
"[[(6.19, 7.09), (11.89, 12.79)]]",1
"[[(6.35, 7.25), (13.72, 14.62)]]",1
"[[(1.44, 2.34), (11.39, 12.29)]]",1
"[[(8.96, 9.86), (9.91, 10.81)]]",1
"[[(0.33, 1.23), (7.93, 8.83)]]",1
"[[(0.12, 1.02), (5.27, 6.17)]]",1
"[[(12.93, 13.83), (1.98, 2.88)]]",1
"[[(4.41, 5.31), (12.66, 13.56)]]",1
"[[(3.21, 4.11), (8.06, 8.96)]]",0
"[[(0.79, 1.69), (7.5, 8.4)]]",1
"[[(7.17, 8.07), (0.2, 1.1)]]",1
"[[(12.67, 13.57), (2.47, 3.37)]]",1
"[[(12.13, 13.03), (3.11, 4.01)]]",1
"[[(0.45, 1.35), (6.64, 7.54)]]",1
"[[(5.93, 6.83), (11.57, 12.47)]]",1
"[[(0.7, 1.6), (10.56, 11.46)]]",1
"[[(10.07, 10.97), (12.77, 13.67)]]",0
"[[(13.67, 14.57), (8.47, 9.37)]]",1
"[[(4.51, 5.41), (12.22, 13.12)]]",1
"[[(8.51, 9.41), (11.16, 12.06)]]",1
"[[(12.07, 12.97), (11.53, 12.43)]]",0
"[[(5.52, 6.42), (7.31, 8.21)]]",1
"[[(13.04, 13.94), (13.67, 14.57)]]",0
"[[(3.68, 4.58), (11.25, 12.15)]]",1
"[[(13.28, 14.18), (2.26, 3.16)]]",1
"[[(12.5, 13.4), (12.59, 13.49)]]",1
"[[(12.47, 13.37), (1.77, 2.67)]]",1
"[[(10.11, 11.01), (10.39, 11.29)]]",1
"[[(9.73, 10.63), (4.86, 5.76)]]",1
"[[(0.73, 1.63), (2.59, 3.49)]]",1
"[[(5.17, 6.07), (8.2, 9.1)]]",1
"[[(0.77, 1.67), (8.51, 9.41)]]",1
"[[(10.74, 11.64), (0.19, 1.09)]]",1
"[[(12.05, 12.95), (12.19, 13.09)]]",0
"[[(5.75, 6.65), (1.09, 1.99)]]",0
"[[(0.69, 1.59), (5.16, 6.06)]]",1
"[[(9.91, 10.81), (3.34, 4.24)]]",1
"[[(11.56, 12.46), (3.3, 4.2)]]",1
"[[(1.42, 2.32), (11.1, 12.0)]]",1
"[[(7.4, 8.3), (0.64, 1.54)]]",1
"[[(2.27, 3.17), (11.62, 12.52)]]",1
"[[(8.68, 9.58), (13.51, 14.41)]]",1
"[[(7.55, 8.45), (2.6, 3.5)]]",1
"[[(10.46, 11.36), (9.75, 10.65)]]",1
"[[(9.2, 10.1), (10.13, 11.03)]]",1
"[[(3.76, 4.66), (6.14, 7.04)]]",1
"[[(13.94, 14.84), (1.7, 2.6)]]",1
"[[(3.6, 4.5), (12.41, 13.31)]]",1
"[[(0.56, 1.46), (11.13, 12.03)]]",1
"[[(8.19, 9.09), (0.66, 1.56)]]",1
"[[(6.47, 7.37), (8.81, 9.71)]]",1
"[[(13.48, 14.38), (6.94, 7.84)]]",1
"[[(3.4, 4.3), (6.89, 7.79)]]",1
"[[(2.07, 2.97), (8.21, 9.11)]]",0
"[[(5.65, 6.55), (7.4, 8.3)]]",1
"[[(6.11, 7.01), (3.01, 3.91)]]",0
"[[(4.92, 5.82), (10.7, 11.6)]]",1
"[[(9.84, 10.74), (6.09, 6.99)]]",0
"[[(3.96, 4.86), (13.64, 14.54)]]",1
"[[(12.74, 13.64), (9.52, 10.42)]]",1
"[[(4.69, 5.59), (13.45, 14.35)]]",1
"[[(3.04, 3.94), (12.57, 13.47)]]",0
"[[(13.36, 14.26), (10.51, 11.41)]]",1
"[[(3.61, 4.51), (2.22, 3.12)]]",1
"[[(10.8, 11.7), (11.33, 12.23)]]",1
"[[(7.5, 8.4), (8.24, 9.14)]]",1
"[[(7.12, 8.02), (9.24, 10.14)]]",1
"[[(3.86, 4.76), (4.61, 5.51)]]",1
"[[(6.3, 7.2), (10.58, 11.48)]]",1
"[[(5.09, 5.99), (5.24, 6.14)]]",0
"[[(5.02, 5.92), (1.34, 2.24)]]",0
"[[(3.06, 3.96), (11.3, 12.2)]]",0
"[[(7.32, 8.22), (5.44, 6.34)]]",1
"[[(4.42, 5.32), (11.17, 12.07)]]",1
"[[(2.9, 3.8), (12.66, 13.56)]]",1
"[[(13.89, 14.79), (8.38, 9.28)]]",1
"[[(3.85, 4.75), (5.73, 6.63)]]",1
"[[(2.2, 3.1), (0.34, 1.24)]]",1
"[[(0.15, 1.05), (5.36, 6.26)]]",1
"[[(7.81, 8.71), (8.97, 9.87)]]",1
"[[(11.83, 12.73), (13.9, 14.8)]]",1
"[[(4.15, 5.05), (9.14, 10.04)]]",1
"[[(9.1, 10.0), (1.36, 2.26)]]",1
"[[(13.15, 14.05), (10.48, 11.38)]]",1
"[[(3.1, 4.0), (1.08, 1.98)]]",0
"[[(9.89, 10.79), (1.44, 2.34)]]",1
"[[(4.64, 5.54), (5.07, 5.97)]]",0
"[[(13.35, 14.25), (7.5, 8.4)]]",1
"[[(6.54, 7.44), (13.73, 14.63)]]",1
"[[(3.92, 4.82), (13.51, 14.41)]]",1
"[[(7.04, 7.94), (2.58, 3.48)]]",0
"[[(9.3, 10.2), (11.67, 12.57)]]",1
"[[(2.88, 3.78), (7.69, 8.59)]]",1
"[[(10.56, 11.46), (0.36, 1.26)]]",1
"[[(0.81, 1.71), (5.62, 6.52)]]",1
"[[(6.4, 7.3), (6.52, 7.42)]]",1
"[[(13.71, 14.61), (3.88, 4.78)]]",1
"[[(6.17, 7.07), (0.39, 1.29)]]",1
"[[(9.99, 10.89), (7.13, 8.03)]]",1
"[[(6.97, 7.87), (6.21, 7.11)]]",1
"[[(11.87, 12.77), (11.68, 12.58)]]",1
"[[(1.31, 2.21), (3.59, 4.49)]]",1
"[[(5.01, 5.91), (5.82, 6.72)]]",0
"[[(6.02, 6.92), (9.03, 9.93)]]",0
"[[(10.38, 11.28), (5.91, 6.81)]]",1
"[[(13.85, 14.75), (6.7, 7.6)]]",1
"[[(6.43, 7.33), (4.03, 4.93)]]",0
"[[(12.26, 13.16), (3.96, 4.86)]]",1
"[[(3.49, 4.39), (14.05, 14.95)]]",0
"[[(7.47, 8.37), (1.59, 2.49)]]",1
"[[(10.38, 11.28), (5.87, 6.77)]]",1
"[[(8.68, 9.58), (9.81, 10.71)]]",1
"[[(4.12, 5.02), (0.95, 1.85)]]",1
"[[(8.76, 9.66), (1.79, 2.69)]]",1
"[[(11.49, 12.39), (13.4, 14.3)]]",1
"[[(13.43, 14.33), (4.64, 5.54)]]",1
"[[(7.0, 7.9), (8.76, 9.66)]]",1
"[[(3.6, 4.5), (4.69, 5.59)]]",1
"[[(11.89, 12.79), (1.72, 2.62)]]",1
"[[(9.64, 10.54), (4.31, 5.21)]]",1
"[[(13.16, 14.06), (10.75, 11.65)]]",1
"[[(10.87, 11.77), (11.15, 12.05)]]",1
"[[(0.22, 1.12), (1.71, 2.61)]]",1
"[[(1.72, 2.62), (8.7, 9.6)]]",1
"[[(10.28, 11.18), (12.79, 13.69)]]",1
"[[(13.19, 14.09), (6.77, 7.67)]]",1
"[[(4.64, 5.54), (5.37, 6.27)]]",1
"[[(6.71, 7.61), (9.45, 10.35)]]",1
"[[(5.01, 5.91), (10.58, 11.48)]]",0
"[[(12.1, 13.0), (9.21, 10.11)]]",1
"[[(2.45, 3.35), (0.89, 1.79)]]",1
"[[(7.07, 7.97), (0.37, 1.27)]]",0
"[[(6.67, 7.57), (11.9, 12.8)]]",1
"[[(2.16, 3.06), (3.93, 4.83)]]",1
"[[(10.48, 11.38), (2.22, 3.12)]]",1
"[[(10.97, 11.87), (9.5, 10.4)]]",1
"[[(5.84, 6.74), (10.75, 11.65)]]",1
"[[(3.86, 4.76), (9.59, 10.49)]]",1
"[[(12.72, 13.62), (1.28, 2.18)]]",1
"[[(5.42, 6.32), (5.68, 6.58)]]",1
"[[(9.41, 10.31), (12.94, 13.84)]]",1
"[[(1.19, 2.09), (6.17, 7.07)]]",1
"[[(6.0, 6.9), (6.86, 7.76)]]",1
"[[(8.28, 9.18), (8.14, 9.04)]]",1
"[[(11.97, 12.87), (0.74, 1.64)]]",1
"[[(11.92, 12.82), (3.62, 4.52)]]",1
"[[(13.14, 14.04), (2.27, 3.17)]]",1
"[[(9.41, 10.31), (5.66, 6.56)]]",1
"[[(10.45, 11.35), (1.3, 2.2)]]",1
"[[(2.01, 2.91), (8.03, 8.93)]]",0
"[[(0.8, 1.7), (3.59, 4.49)]]",1
"[[(4.03, 4.93), (8.03, 8.93)]]",0
"[[(9.37, 10.27), (9.11, 10.01)]]",1
"[[(10.98, 11.88), (8.98, 9.88)]]",1
"[[(9.33, 10.23), (0.86, 1.76)]]",1
"[[(9.91, 10.81), (6.99, 7.89)]]",1
"[[(3.84, 4.74), (11.94, 12.84)]]",1
"[[(2.07, 2.97), (6.72, 7.62)]]",0
"[[(8.76, 9.66), (0.83, 1.73)]]",1
"[[(12.06, 12.96), (5.54, 6.44)]]",0
"[[(10.24, 11.14), (13.87, 14.77)]]",1
"[[(5.45, 6.35), (8.8, 9.7)]]",1
"[[(4.9, 5.8), (8.9, 9.8)]]",1
"[[(12.84, 13.74), (8.74, 9.64)]]",1
"[[(3.81, 4.71), (6.75, 7.65)]]",1
"[[(0.82, 1.72), (12.18, 13.08)]]",1
"[[(6.96, 7.86), (8.31, 9.21)]]",1
"[[(11.8, 12.7), (12.02, 12.92)]]",0
"[[(10.67, 11.57), (13.05, 13.95)]]",0
"[[(6.3, 7.2), (13.6, 14.5)]]",1
"[[(10.05, 10.95), (10.92, 11.82)]]",0
"[[(5.32, 6.22), (9.18, 10.08)]]",1
"[[(5.19, 6.09), (9.79, 10.69)]]",1
"[[(6.75, 7.65), (3.25, 4.15)]]",1
"[[(1.38, 2.28), (14.09, 14.99)]]",0
"[[(4.86, 5.76), (2.55, 3.45)]]",1
"[[(0.55, 1.45), (12.1, 13.0)]]",1
"[[(8.93, 9.83), (9.25, 10.15)]]",1
"[[(8.23, 9.13), (2.85, 3.75)]]",1
"[[(9.43, 10.33), (1.43, 2.33)]]",1
"[[(11.04, 11.94), (13.66, 14.56)]]",0
"[[(5.26, 6.16), (1.97, 2.87)]]",1
"[[(8.72, 9.62), (5.87, 6.77)]]",1
"[[(8.39, 9.29), (5.88, 6.78)]]",1
"[[(10.14, 11.04), (10.41, 11.31)]]",1
"[[(8.43, 9.33), (8.12, 9.02)]]",1
"[[(1.55, 2.45), (10.45, 11.35)]]",1
"[[(4.81, 5.71), (3.44, 4.34)]]",1
"[[(13.16, 14.06), (1.94, 2.84)]]",1
"[[(8.3, 9.2), (8.75, 9.65)]]",1
"[[(6.03, 6.93), (9.81, 10.71)]]",0
"[[(12.75, 13.65), (7.22, 8.12)]]",1
"[[(3.76, 4.66), (1.18, 2.08)]]",1
"[[(10.88, 11.78), (13.7, 14.6)]]",1
"[[(8.19, 9.09), (5.13, 6.03)]]",1
"[[(0.08, 0.98), (9.77, 10.67)]]",0
"[[(9.53, 10.43), (3.37, 4.27)]]",1
"[[(4.7, 5.6), (10.53, 11.43)]]",1
"[[(3.96, 4.86), (7.36, 8.26)]]",1
"[[(1.85, 2.75), (12.09, 12.99)]]",0
"[[(10.9, 11.8), (12.92, 13.82)]]",1
"[[(10.39, 11.29), (2.91, 3.81)]]",1
"[[(10.51, 11.41), (13.49, 14.39)]]",1
"[[(11.59, 12.49), (5.25, 6.15)]]",1
"[[(9.35, 10.25), (2.77, 3.67)]]",1
"[[(10.81, 11.71), (10.84, 11.74)]]",1
"[[(2.62, 3.52), (6.72, 7.62)]]",1
"[[(4.0, 4.9), (8.46, 9.36)]]",1
"[[(9.44, 10.34), (12.08, 12.98)]]",0
"[[(7.26, 8.16), (4.4, 5.3)]]",1
"[[(10.92, 11.82), (0.69, 1.59)]]",1
"[[(0.05, 0.95), (6.95, 7.85)]]",0
"[[(2.44, 3.34), (1.29, 2.19)]]",1
"[[(2.22, 3.12), (5.74, 6.64)]]",1
"[[(5.66, 6.56), (5.29, 6.19)]]",1
"[[(13.99, 14.89), (12.76, 13.66)]]",1
"[[(8.38, 9.28), (9.21, 10.11)]]",1
"[[(6.18, 7.08), (3.01, 3.91)]]",0
"[[(8.08, 8.98), (0.26, 1.16)]]",0
"[[(5.35, 6.25), (6.09, 6.99)]]",0
"[[(4.26, 5.16), (3.14, 4.04)]]",1
"[[(13.7, 14.6), (14.07, 14.97)]]",0
"[[(8.68, 9.58), (1.33, 2.23)]]",1
"[[(9.71, 10.61), (6.05, 6.95)]]",0
"[[(5.83, 6.73), (8.0, 8.9)]]",1
"[[(0.62, 1.52), (12.79, 13.69)]]",1
"[[(6.09, 6.99), (5.9, 6.8)]]",0
"[[(12.11, 13.01), (4.4, 5.3)]]",1
"[[(6.98, 7.88), (8.05, 8.95)]]",0
"[[(4.78, 5.68), (5.53, 6.43)]]",1
"[[(1.15, 2.05), (8.92, 9.82)]]",1
"[[(0.27, 1.17), (4.61, 5.51)]]",1
"[[(5.96, 6.86), (4.15, 5.05)]]",1
"[[(9.19, 10.09), (11.23, 12.13)]]",1
"[[(2.91, 3.81), (10.38, 11.28)]]",1
"[[(7.35, 8.25), (12.34, 13.24)]]",1
"[[(2.08, 2.98), (9.27, 10.17)]]",0
"[[(1.76, 2.66), (1.96, 2.86)]]",1
"[[(6.84, 7.74), (5.84, 6.74)]]",1
"[[(6.34, 7.24), (5.22, 6.12)]]",1
"[[(3.33, 4.23), (9.07, 9.97)]]",0
"[[(2.64, 3.54), (12.25, 13.15)]]",1
"[[(2.46, 3.36), (5.19, 6.09)]]",1
"[[(1.52, 2.42), (3.14, 4.04)]]",1
"[[(3.88, 4.78), (13.77, 14.67)]]",1
"[[(0.57, 1.47), (7.32, 8.22)]]",1
"[[(0.02, 0.92), (8.09, 8.99)]]",0
"[[(7.88, 8.78), (11.34, 12.24)]]",1
"[[(1.03, 1.93), (8.99, 9.89)]]",0
"[[(11.9, 12.8), (4.53, 5.43)]]",1
"[[(5.02, 5.92), (10.65, 11.55)]]",0
"[[(6.22, 7.12), (14.08, 14.98)]]",0
"[[(6.43, 7.33), (10.11, 11.01)]]",1
"[[(12.65, 13.55), (8.12, 9.02)]]",1
"[[(2.16, 3.06), (4.02, 4.92)]]",0
"[[(13.58, 14.48), (3.45, 4.35)]]",1
"[[(0.03, 0.93), (13.24, 14.14)]]",0
"[[(1.74, 2.64), (5.71, 6.61)]]",1
"[[(0.01, 0.91), (5.47, 6.37)]]",0
"[[(13.99, 14.89), (8.13, 9.03)]]",1
"[[(10.98, 11.88), (5.33, 6.23)]]",1
"[[(7.73, 8.63), (1.63, 2.53)]]",1
"[[(5.58, 6.48), (0.51, 1.41)]]",1
"[[(4.87, 5.77), (10.85, 11.75)]]",1
"[[(6.31, 7.21), (12.01, 12.91)]]",0
"[[(13.94, 14.84), (2.66, 3.56)]]",1
"[[(1.92, 2.82), (8.0, 8.9)]]",1
"[[(11.33, 12.23), (3.29, 4.19)]]",1
"[[(3.51, 4.41), (10.65, 11.55)]]",1
"[[(10.73, 11.63), (8.72, 9.62)]]",1
"[[(3.25, 4.15), (1.05, 1.95)]]",0
"[[(11.21, 12.11), (2.63, 3.53)]]",1
"[[(5.84, 6.74), (6.04, 6.94)]]",0
"[[(13.38, 14.28), (10.27, 11.17)]]",1
"[[(3.08, 3.98), (4.4, 5.3)]]",0
"[[(3.35, 4.25), (1.33, 2.23)]]",1
"[[(11.28, 12.18), (8.67, 9.57)]]",1
"[[(0.57, 1.47), (11.59, 12.49)]]",1
"[[(10.62, 11.52), (1.74, 2.64)]]",1
"[[(10.91, 11.81), (9.93, 10.83)]]",1
"[[(1.46, 2.36), (6.61, 7.51)]]",1
"[[(13.76, 14.66), (10.55, 11.45)]]",1
"[[(10.98, 11.88), (12.66, 13.56)]]",1
"[[(10.15, 11.05), (8.68, 9.58)]]",1
"[[(13.37, 14.27), (12.89, 13.79)]]",1
"[[(1.06, 1.96), (5.59, 6.49)]]",0
"[[(10.8, 11.7), (2.57, 3.47)]]",1
"[[(9.4, 10.3), (8.8, 9.7)]]",1
"[[(2.76, 3.66), (1.07, 1.97)]]",0
"[[(9.97, 10.87), (7.62, 8.52)]]",1
"[[(3.03, 3.93), (5.68, 6.58)]]",0
"[[(5.73, 6.63), (13.15, 14.05)]]",1
"[[(11.61, 12.51), (7.15, 8.05)]]",1
"[[(10.37, 11.27), (13.74, 14.64)]]",1
"[[(7.87, 8.77), (8.03, 8.93)]]",0
"[[(10.73, 11.63), (3.3, 4.2)]]",1
"[[(8.38, 9.28), (1.28, 2.18)]]",1
"[[(0.56, 1.46), (11.11, 12.01)]]",1
"[[(0.35, 1.25), (1.7, 2.6)]]",1
"[[(11.6, 12.5), (0.99, 1.89)]]",1
"[[(8.69, 9.59), (8.42, 9.32)]]",1
"[[(8.45, 9.35), (2.89, 3.79)]]",1
"[[(10.15, 11.05), (5.42, 6.32)]]",1
"[[(1.2, 2.1), (0.71, 1.61)]]",1
"[[(7.38, 8.28), (0.78, 1.68)]]",1
"[[(10.67, 11.57), (4.35, 5.25)]]",1
"[[(9.73, 10.63), (0.73, 1.63)]]",1
"[[(7.26, 8.16), (13.82, 14.72)]]",1
"[[(5.31, 6.21), (13.26, 14.16)]]",1
"[[(1.6, 2.5), (11.45, 12.35)]]",1
"[[(8.49, 9.39), (6.66, 7.56)]]",1
"[[(10.64, 11.54), (0.06, 0.96)]]",0
"[[(10.5, 11.4), (8.69, 9.59)]]",1
"[[(7.46, 8.36), (4.76, 5.66)]]",1
"[[(5.91, 6.81), (4.81, 5.71)]]",1
"[[(12.75, 13.65), (0.96, 1.86)]]",1
"[[(3.69, 4.59), (7.2, 8.1)]]",1
"[[(13.75, 14.65), (3.75, 4.65)]]",1
"[[(4.78, 5.68), (7.16, 8.06)]]",1
"[[(11.99, 12.89), (1.32, 2.22)]]",1
"[[(0.51, 1.41), (4.52, 5.42)]]",1
"[[(11.97, 12.87), (14.06, 14.96)]]",0
"[[(7.04, 7.94), (7.87, 8.77)]]",0
"[[(12.98, 13.88), (9.0, 9.9)]]",1
"[[(13.01, 13.91), (3.34, 4.24)]]",0
"[[(6.15, 7.05), (6.49, 7.39)]]",1
"[[(4.92, 5.82), (9.23, 10.13)]]",1
"[[(7.92, 8.82), (13.25, 14.15)]]",1
"[[(9.96, 10.86), (11.22, 12.12)]]",1
"[[(1.0, 1.9), (9.4, 10.3)]]",1
"[[(10.61, 11.51), (9.72, 10.62)]]",1
"[[(9.89, 10.79), (8.64, 9.54)]]",1
"[[(3.37, 4.27), (4.1, 5.0)]]",1
"[[(9.16, 10.06), (5.43, 6.33)]]",1
"[[(1.14, 2.04), (9.66, 10.56)]]",1
"[[(2.39, 3.29), (3.12, 4.02)]]",1
"[[(7.35, 8.25), (12.48, 13.38)]]",1
"[[(1.21, 2.11), (4.07, 4.97)]]",0
"[[(9.61, 10.51), (4.25, 5.15)]]",1
"[[(10.66, 11.56), (8.11, 9.01)]]",1
"[[(12.32, 13.22), (7.87, 8.77)]]",1
"[[(2.06, 2.96), (10.14, 11.04)]]",0
"[[(4.54, 5.44), (8.25, 9.15)]]",1
"[[(10.06, 10.96), (7.92, 8.82)]]",0
"[[(2.02, 2.92), (13.12, 14.02)]]",0
"[[(3.4, 4.3), (5.41, 6.31)]]",1
"[[(0.59, 1.49), (7.8, 8.7)]]",1
"[[(1.32, 2.22), (6.09, 6.99)]]",0
"[[(3.65, 4.55), (12.4, 13.3)]]",1
"[[(2.93, 3.83), (5.21, 6.11)]]",1
"[[(4.27, 5.17), (2.47, 3.37)]]",1
"[[(2.36, 3.26), (13.31, 14.21)]]",1
"[[(2.96, 3.86), (5.85, 6.75)]]",1
"[[(0.8, 1.7), (9.93, 10.83)]]",1
"[[(4.18, 5.08), (8.23, 9.13)]]",1
"[[(0.3, 1.2), (4.87, 5.77)]]",1
"[[(4.95, 5.85), (5.56, 6.46)]]",1
"[[(8.47, 9.37), (1.06, 1.96)]]",0
"[[(10.44, 11.34), (1.86, 2.76)]]",1
"[[(3.2, 4.1), (9.74, 10.64)]]",1
"[[(7.43, 8.33), (2.1, 3.0)]]",1
"[[(6.12, 7.02), (13.26, 14.16)]]",1
"[[(13.97, 14.87), (2.2, 3.1)]]",1
"[[(8.96, 9.86), (7.76, 8.66)]]",1
"[[(8.75, 9.65), (12.97, 13.87)]]",1
"[[(11.67, 12.57), (3.82, 4.72)]]",1
"[[(7.76, 8.66), (9.98, 10.88)]]",1
"[[(0.94, 1.84), (1.71, 2.61)]]",1
"[[(1.08, 1.98), (2.61, 3.51)]]",0
"[[(13.88, 14.78), (7.76, 8.66)]]",1
"[[(11.89, 12.79), (12.17, 13.07)]]",1
"[[(3.17, 4.07), (7.52, 8.42)]]",1
"[[(3.32, 4.22), (1.96, 2.86)]]",1
"[[(13.23, 14.13), (5.76, 6.66)]]",1
"[[(11.64, 12.54), (5.53, 6.43)]]",1
"[[(1.82, 2.72), (4.07, 4.97)]]",0
"[[(9.39, 10.29), (12.31, 13.21)]]",1
"[[(1.84, 2.74), (2.2, 3.1)]]",1
"[[(5.53, 6.43), (3.82, 4.72)]]",1
"[[(5.82, 6.72), (11.71, 12.61)]]",1
"[[(1.06, 1.96), (11.21, 12.11)]]",0
"[[(1.93, 2.83), (2.54, 3.44)]]",1
"[[(11.01, 11.91), (3.26, 4.16)]]",0
"[[(10.74, 11.64), (9.87, 10.77)]]",1
"[[(12.1, 13.0), (12.54, 13.44)]]",1
"[[(5.93, 6.83), (9.61, 10.51)]]",1
"[[(12.35, 13.25), (3.28, 4.18)]]",1
"[[(12.84, 13.74), (0.24, 1.14)]]",1
"[[(10.72, 11.62), (13.68, 14.58)]]",1
"[[(11.91, 12.81), (2.3, 3.2)]]",1
"[[(1.69, 2.59), (5.74, 6.64)]]",1
"[[(0.23, 1.13), (8.48, 9.38)]]",1
"[[(7.1, 8.0), (0.39, 1.29)]]",1
"[[(0.83, 1.73), (1.74, 2.64)]]",1
"[[(0.2, 1.1), (5.69, 6.59)]]",1
"[[(0.82, 1.72), (13.57, 14.47)]]",1
"[[(5.79, 6.69), (5.12, 6.02)]]",1
"[[(3.33, 4.23), (4.57, 5.47)]]",1
"[[(11.42, 12.32), (4.46, 5.36)]]",1
"[[(12.71, 13.61), (7.81, 8.71)]]",1
"[[(11.74, 12.64), (8.94, 9.84)]]",1
"[[(7.25, 8.15), (2.75, 3.65)]]",1
"[[(13.49, 14.39), (9.78, 10.68)]]",1
"[[(13.51, 14.41), (8.03, 8.93)]]",0
"[[(5.93, 6.83), (0.31, 1.21)]]",1
"[[(12.05, 12.95), (5.35, 6.25)]]",0
"[[(11.92, 12.82), (2.16, 3.06)]]",1
"[[(3.61, 4.51), (4.01, 4.91)]]",0
"[[(13.26, 14.16), (9.64, 10.54)]]",1
"[[(4.41, 5.31), (1.41, 2.31)]]",1
"[[(4.57, 5.47), (0.73, 1.63)]]",1
"[[(9.59, 10.49), (9.86, 10.76)]]",1
"[[(1.28, 2.18), (1.89, 2.79)]]",1
"[[(8.47, 9.37), (1.77, 2.67)]]",1
"[[(3.21, 4.11), (6.17, 7.07)]]",1
"[[(5.74, 6.64), (4.37, 5.27)]]",1
"[[(11.83, 12.73), (4.65, 5.55)]]",1
"[[(7.46, 8.36), (8.35, 9.25)]]",1
"[[(8.81, 9.71), (1.85, 2.75)]]",1
"[[(12.97, 13.87), (2.42, 3.32)]]",1
"[[(2.79, 3.69), (10.12, 11.02)]]",1
"[[(7.13, 8.03), (10.08, 10.98)]]",0
"[[(12.05, 12.95), (4.92, 5.82)]]",0
"[[(12.89, 13.79), (13.4, 14.3)]]",1
"[[(12.67, 13.57), (12.46, 13.36)]]",1
"[[(0.36, 1.26), (4.62, 5.52)]]",1
"[[(9.73, 10.63), (13.27, 14.17)]]",1
"[[(5.25, 6.15), (4.47, 5.37)]]",1
"[[(11.73, 12.63), (5.0, 5.9)]]",1
"[[(5.46, 6.36), (6.01, 6.91)]]",0
"[[(7.53, 8.43), (6.91, 7.81)]]",1
"[[(0.66, 1.56), (10.87, 11.77)]]",1
"[[(11.94, 12.84), (9.1, 10.0)]]",1
"[[(12.6, 13.5), (2.89, 3.79)]]",1
"[[(6.38, 7.28), (6.79, 7.69)]]",1
"[[(10.39, 11.29), (2.65, 3.55)]]",1
"[[(7.97, 8.87), (11.78, 12.68)]]",1
"[[(9.23, 10.13), (9.64, 10.54)]]",1
"[[(0.17, 1.07), (13.37, 14.27)]]",1
"[[(4.91, 5.81), (0.77, 1.67)]]",1
"[[(9.17, 10.07), (13.89, 14.79)]]",1
"[[(10.48, 11.38), (2.66, 3.56)]]",1
"[[(1.58, 2.48), (5.59, 6.49)]]",1
"[[(13.98, 14.88), (11.49, 12.39)]]",1
"[[(10.24, 11.14), (9.57, 10.47)]]",1
"[[(10.59, 11.49), (8.54, 9.44)]]",1
"[[(5.79, 6.69), (0.38, 1.28)]]",1
"[[(12.21, 13.11), (2.09, 2.99)]]",0
"[[(6.19, 7.09), (11.24, 12.14)]]",1
"[[(6.66, 7.56), (13.54, 14.44)]]",1
"[[(12.45, 13.35), (8.53, 9.43)]]",1
"[[(6.52, 7.42), (13.93, 14.83)]]",1
"[[(13.39, 14.29), (4.02, 4.92)]]",0
"[[(5.65, 6.55), (8.83, 9.73)]]",1
"[[(13.36, 14.26), (10.3, 11.2)]]",1
"[[(11.9, 12.8), (13.73, 14.63)]]",1
"[[(0.11, 1.01), (3.82, 4.72)]]",1
"[[(5.12, 6.02), (9.85, 10.75)]]",1
"[[(4.46, 5.36), (3.89, 4.79)]]",1
"[[(1.47, 2.37), (8.42, 9.32)]]",1
"[[(5.55, 6.45), (6.2, 7.1)]]",1
"[[(11.63, 12.53), (11.88, 12.78)]]",1
"[[(8.93, 9.83), (11.57, 12.47)]]",1
"[[(0.34, 1.24), (4.67, 5.57)]]",1
"[[(5.6, 6.5), (12.73, 13.63)]]",1
"[[(6.87, 7.77), (9.66, 10.56)]]",1
"[[(7.0, 7.9), (3.38, 4.28)]]",1
"[[(8.47, 9.37), (5.99, 6.89)]]",1
"[[(3.05, 3.95), (11.84, 12.74)]]",0
"[[(9.37, 10.27), (6.21, 7.11)]]",1
"[[(12.12, 13.02), (3.18, 4.08)]]",1
"[[(8.93, 9.83), (11.4, 12.3)]]",1
"[[(1.83, 2.73), (12.05, 12.95)]]",0
"[[(9.44, 10.34), (13.25, 14.15)]]",1
"[[(7.52, 8.42), (14.09, 14.99)]]",0
"[[(9.13, 10.03), (0.79, 1.69)]]",1
"[[(4.32, 5.22), (4.88, 5.78)]]",1
"[[(6.14, 7.04), (3.92, 4.82)]]",1
"[[(3.78, 4.68), (12.56, 13.46)]]",1
"[[(10.28, 11.18), (7.96, 8.86)]]",1
"[[(13.85, 14.75), (8.62, 9.52)]]",1
"[[(13.95, 14.85), (2.16, 3.06)]]",1
"[[(3.74, 4.64), (10.5, 11.4)]]",1
"[[(7.49, 8.39), (3.46, 4.36)]]",1
"[[(0.17, 1.07), (7.22, 8.12)]]",1
"[[(8.0, 8.9), (4.6, 5.5)]]",1
"[[(2.08, 2.98), (7.55, 8.45)]]",0
"[[(3.43, 4.33), (4.35, 5.25)]]",1
"[[(1.82, 2.72), (10.26, 11.16)]]",1
"[[(5.09, 5.99), (13.14, 14.04)]]",0
"[[(9.88, 10.78), (13.31, 14.21)]]",1
"[[(13.04, 13.94), (0.31, 1.21)]]",0
"[[(10.82, 11.72), (13.99, 14.89)]]",1
"[[(4.74, 5.64), (4.58, 5.48)]]",1
"[[(5.23, 6.13), (13.95, 14.85)]]",1
"[[(9.77, 10.67), (10.92, 11.82)]]",1
"[[(3.01, 3.91), (10.38, 11.28)]]",0
"[[(11.12, 12.02), (6.35, 7.25)]]",1
"[[(11.5, 12.4), (5.31, 6.21)]]",1
"[[(11.64, 12.54), (0.28, 1.18)]]",1
"[[(12.68, 13.58), (11.97, 12.87)]]",1
"[[(9.49, 10.39), (5.3, 6.2)]]",1
"[[(5.12, 6.02), (3.73, 4.63)]]",1
"[[(12.72, 13.62), (5.12, 6.02)]]",1
"[[(13.39, 14.29), (7.64, 8.54)]]",1
"[[(3.63, 4.53), (8.7, 9.6)]]",1
"[[(9.5, 10.4), (5.97, 6.87)]]",1
"[[(1.72, 2.62), (2.19, 3.09)]]",1
"[[(3.77, 4.67), (1.87, 2.77)]]",1
"[[(7.53, 8.43), (2.27, 3.17)]]",1
"[[(3.54, 4.44), (4.75, 5.65)]]",1
"[[(1.66, 2.56), (7.73, 8.63)]]",1
"[[(7.72, 8.62), (11.33, 12.23)]]",1
"[[(2.0, 2.9), (12.8, 13.7)]]",1
"[[(8.8, 9.7), (13.96, 14.86)]]",1
"[[(11.25, 12.15), (6.74, 7.64)]]",1
"[[(6.81, 7.71), (2.23, 3.13)]]",1
"[[(6.48, 7.38), (5.16, 6.06)]]",1
"[[(9.02, 9.92), (9.65, 10.55)]]",0
"[[(6.86, 7.76), (6.94, 7.84)]]",1
"[[(4.84, 5.74), (12.81, 13.71)]]",1
"[[(2.44, 3.34), (5.8, 6.7)]]",1
"[[(1.19, 2.09), (12.69, 13.59)]]",1
"[[(2.05, 2.95), (9.03, 9.93)]]",0
"[[(4.59, 5.49), (5.35, 6.25)]]",1
"[[(0.61, 1.51), (3.52, 4.42)]]",1
"[[(8.58, 9.48), (7.81, 8.71)]]",1
"[[(5.34, 6.24), (13.02, 13.92)]]",0
"[[(9.31, 10.21), (13.92, 14.82)]]",1
"[[(11.05, 11.95), (2.1, 3.0)]]",0
"[[(0.31, 1.21), (11.7, 12.6)]]",1
"[[(5.33, 6.23), (10.95, 11.85)]]",1
"[[(9.66, 10.56), (4.09, 4.99)]]",0
"[[(7.78, 8.68), (8.09, 8.99)]]",0
"[[(10.03, 10.93), (12.58, 13.48)]]",0
"[[(4.78, 5.68), (10.32, 11.22)]]",1
"[[(14.09, 14.99), (10.82, 11.72)]]",0
"[[(13.44, 14.34), (1.74, 2.64)]]",1
"[[(11.72, 12.62), (1.72, 2.62)]]",1
"[[(3.31, 4.21), (5.16, 6.06)]]",1
"[[(0.46, 1.36), (11.65, 12.55)]]",1
"[[(5.33, 6.23), (7.95, 8.85)]]",1
"[[(3.56, 4.46), (2.43, 3.33)]]",1
"[[(11.78, 12.68), (10.49, 11.39)]]",1
"[[(0.95, 1.85), (0.48, 1.38)]]",1
"[[(8.57, 9.47), (13.71, 14.61)]]",1
"[[(2.48, 3.38), (7.42, 8.32)]]",1
"[[(4.45, 5.35), (8.56, 9.46)]]",1
"[[(3.82, 4.72), (14.01, 14.91)]]",0
"[[(1.97, 2.87), (9.97, 10.87)]]",1
"[[(6.0, 6.9), (2.3, 3.2)]]",1
"[[(6.18, 7.08), (9.71, 10.61)]]",1
"[[(6.71, 7.61), (7.35, 8.25)]]",1
"[[(0.13, 1.03), (13.83, 14.73)]]",1
"[[(9.31, 10.21), (1.85, 2.75)]]",1
"[[(12.7, 13.6), (0.66, 1.56)]]",1
"[[(13.65, 14.55), (8.96, 9.86)]]",1
"[[(4.8, 5.7), (2.97, 3.87)]]",1
"[[(2.76, 3.66), (10.7, 11.6)]]",1
"[[(3.92, 4.82), (13.08, 13.98)]]",0
"[[(6.59, 7.49), (13.55, 14.45)]]",1
"[[(2.17, 3.07), (1.07, 1.97)]]",0
"[[(3.12, 4.02), (6.85, 7.75)]]",1
"[[(4.02, 4.92), (4.71, 5.61)]]",0
"[[(4.36, 5.26), (10.81, 11.71)]]",1
"[[(5.05, 5.95), (5.14, 6.04)]]",0
"[[(9.08, 9.98), (9.68, 10.58)]]",0
"[[(6.86, 7.76), (5.94, 6.84)]]",1
"[[(1.65, 2.55), (5.89, 6.79)]]",1
"[[(8.11, 9.01), (3.27, 4.17)]]",1
"[[(11.54, 12.44), (9.55, 10.45)]]",1
"[[(8.75, 9.65), (0.69, 1.59)]]",1
"[[(5.3, 6.2), (1.19, 2.09)]]",1
"[[(5.16, 6.06), (11.78, 12.68)]]",1
"[[(10.22, 11.12), (8.82, 9.72)]]",1
"[[(2.68, 3.58), (3.19, 4.09)]]",1
"[[(13.47, 14.37), (8.26, 9.16)]]",1
"[[(0.67, 1.57), (11.65, 12.55)]]",1
"[[(2.82, 3.72), (2.14, 3.04)]]",1
"[[(0.18, 1.08), (8.21, 9.11)]]",1
"[[(4.6, 5.5), (7.92, 8.82)]]",1
"[[(11.98, 12.88), (1.31, 2.21)]]",1
"[[(6.36, 7.26), (11.11, 12.01)]]",1
"[[(0.04, 0.94), (11.27, 12.17)]]",0
"[[(12.36, 13.26), (12.28, 13.18)]]",1
"[[(0.89, 1.79), (2.45, 3.35)]]",1
"[[(0.03, 0.93), (12.61, 13.51)]]",0
"[[(7.93, 8.83), (1.94, 2.84)]]",1
"[[(7.67, 8.57), (12.95, 13.85)]]",1
"[[(3.89, 4.79), (10.72, 11.62)]]",1
"[[(2.97, 3.87), (5.33, 6.23)]]",1
"[[(0.55, 1.45), (9.78, 10.68)]]",1
"[[(5.38, 6.28), (4.33, 5.23)]]",1
"[[(1.33, 2.23), (11.3, 12.2)]]",1
"[[(8.07, 8.97), (7.44, 8.34)]]",0
"[[(9.79, 10.69), (4.41, 5.31)]]",1
"[[(2.84, 3.74), (13.87, 14.77)]]",1
"[[(0.18, 1.08), (6.96, 7.86)]]",1
"[[(11.08, 11.98), (13.3, 14.2)]]",0
"[[(0.94, 1.84), (1.93, 2.83)]]",1
"[[(1.73, 2.63), (0.02, 0.92)]]",0
"[[(12.3, 13.2), (3.04, 3.94)]]",0
"[[(13.54, 14.44), (8.57, 9.47)]]",1
"[[(4.29, 5.19), (11.36, 12.26)]]",1
"[[(4.66, 5.56), (0.1, 1.0)]]",1
"[[(7.8, 8.7), (10.56, 11.46)]]",1
"[[(2.16, 3.06), (1.0, 1.9)]]",1
"[[(13.09, 13.99), (13.76, 14.66)]]",0
"[[(2.58, 3.48), (4.57, 5.47)]]",1
"[[(3.17, 4.07), (0.31, 1.21)]]",1
"[[(8.32, 9.22), (7.94, 8.84)]]",1
"[[(5.15, 6.05), (5.9, 6.8)]]",1
"[[(6.59, 7.49), (6.4, 7.3)]]",1
"[[(2.48, 3.38), (5.35, 6.25)]]",1
"[[(1.79, 2.69), (12.92, 13.82)]]",1
"[[(2.69, 3.59), (10.34, 11.24)]]",1
"[[(11.59, 12.49), (8.85, 9.75)]]",1
"[[(3.18, 4.08), (4.07, 4.97)]]",0
"[[(1.56, 2.46), (11.2, 12.1)]]",1
"[[(11.04, 11.94), (6.6, 7.5)]]",0
"[[(4.04, 4.94), (13.37, 14.27)]]",0
"[[(10.75, 11.65), (4.85, 5.75)]]",1
"[[(8.24, 9.14), (2.0, 2.9)]]",1
"[[(12.13, 13.03), (9.43, 10.33)]]",1
"[[(9.28, 10.18), (3.69, 4.59)]]",1
"[[(0.43, 1.33), (6.28, 7.18)]]",1
"[[(8.19, 9.09), (13.7, 14.6)]]",1
"[[(11.51, 12.41), (9.08, 9.98)]]",0
"[[(12.84, 13.74), (8.54, 9.44)]]",1
"[[(2.36, 3.26), (11.12, 12.02)]]",1
"[[(12.72, 13.62), (9.52, 10.42)]]",1
"[[(9.29, 10.19), (11.41, 12.31)]]",1
"[[(4.31, 5.21), (7.87, 8.77)]]",1
"[[(11.44, 12.34), (1.62, 2.52)]]",1
"[[(11.18, 12.08), (8.3, 9.2)]]",1
"[[(6.56, 7.46), (0.66, 1.56)]]",1
"[[(0.18, 1.08), (12.22, 13.12)]]",1
"[[(2.44, 3.34), (9.17, 10.07)]]",1
"[[(11.61, 12.51), (13.01, 13.91)]]",0
"[[(5.78, 6.68), (11.28, 12.18)]]",1
"[[(0.3, 1.2), (7.35, 8.25)]]",1
"[[(2.26, 3.16), (8.98, 9.88)]]",1
"[[(4.05, 4.95), (3.78, 4.68)]]",0
"[[(5.22, 6.12), (7.25, 8.15)]]",1
"[[(0.3, 1.2), (0.55, 1.45)]]",1
"[[(1.05, 1.95), (11.71, 12.61)]]",0
"[[(12.97, 13.87), (9.68, 10.58)]]",1
"[[(4.79, 5.69), (12.75, 13.65)]]",1
"[[(4.37, 5.27), (11.47, 12.37)]]",1
"[[(0.8, 1.7), (5.58, 6.48)]]",1
"[[(5.9, 6.8), (9.08, 9.98)]]",0
"[[(0.5, 1.4), (8.36, 9.26)]]",1
"[[(0.03, 0.93), (2.73, 3.63)]]",0
"[[(8.33, 9.23), (9.18, 10.08)]]",1
"[[(11.31, 12.21), (9.72, 10.62)]]",1
"[[(0.36, 1.26), (5.53, 6.43)]]",1
"[[(3.71, 4.61), (6.58, 7.48)]]",1
"[[(12.2, 13.1), (10.98, 11.88)]]",1
"[[(4.3, 5.2), (13.16, 14.06)]]",1
"[[(4.9, 5.8), (7.47, 8.37)]]",1
"[[(10.52, 11.42), (2.53, 3.43)]]",1
"[[(4.12, 5.02), (13.02, 13.92)]]",0
"[[(12.23, 13.13), (7.74, 8.64)]]",1
"[[(10.35, 11.25), (4.15, 5.05)]]",1
"[[(2.07, 2.97), (10.31, 11.21)]]",0
"[[(8.32, 9.22), (10.65, 11.55)]]",1
"[[(5.76, 6.66), (8.81, 9.71)]]",1
"[[(2.26, 3.16), (7.83, 8.73)]]",1
"[[(3.19, 4.09), (6.85, 7.75)]]",1
"[[(12.5, 13.4), (0.37, 1.27)]]",1
"[[(11.43, 12.33), (1.13, 2.03)]]",1
"[[(10.43, 11.33), (2.07, 2.97)]]",0
"[[(2.31, 3.21), (7.44, 8.34)]]",1
"[[(1.69, 2.59), (11.34, 12.24)]]",1
"[[(11.73, 12.63), (7.48, 8.38)]]",1
"[[(8.71, 9.61), (0.32, 1.22)]]",1
"[[(10.94, 11.84), (1.26, 2.16)]]",1
"[[(9.28, 10.18), (7.23, 8.13)]]",1
"[[(7.98, 8.88), (9.56, 10.46)]]",1
"[[(11.19, 12.09), (7.23, 8.13)]]",1
"[[(10.22, 11.12), (4.25, 5.15)]]",1
"[[(1.32, 2.22), (4.06, 4.96)]]",0
"[[(4.74, 5.64), (1.94, 2.84)]]",1
"[[(5.21, 6.11), (0.41, 1.31)]]",1
"[[(4.51, 5.41), (14.02, 14.92)]]",0
"[[(0.2, 1.1), (7.67, 8.57)]]",1
"[[(1.76, 2.66), (7.38, 8.28)]]",1
"[[(4.41, 5.31), (11.05, 11.95)]]",0
"[[(3.28, 4.18), (5.29, 6.19)]]",1
"[[(2.95, 3.85), (7.42, 8.32)]]",1
"[[(2.83, 3.73), (2.31, 3.21)]]",1
"[[(9.29, 10.19), (8.9, 9.8)]]",1
"[[(3.48, 4.38), (7.37, 8.27)]]",1
"[[(9.19, 10.09), (6.63, 7.53)]]",1
"[[(3.99, 4.89), (5.38, 6.28)]]",1
"[[(3.99, 4.89), (13.9, 14.8)]]",1
"[[(1.39, 2.29), (4.71, 5.61)]]",1
"[[(2.74, 3.64), (9.24, 10.14)]]",1
"[[(8.42, 9.32), (9.03, 9.93)]]",0
"[[(12.02, 12.92), (9.84, 10.74)]]",0
"[[(8.16, 9.06), (0.52, 1.42)]]",1
"[[(3.05, 3.95), (1.62, 2.52)]]",0
"[[(4.84, 5.74), (5.78, 6.68)]]",1
"[[(2.01, 2.91), (11.14, 12.04)]]",0
"[[(13.52, 14.42), (8.46, 9.36)]]",1
"[[(3.21, 4.11), (13.32, 14.22)]]",1
"[[(1.91, 2.81), (11.07, 11.97)]]",0
"[[(0.93, 1.83), (7.2, 8.1)]]",1
"[[(6.23, 7.13), (9.42, 10.32)]]",1
"[[(0.13, 1.03), (7.79, 8.69)]]",1
"[[(9.87, 10.77), (3.28, 4.18)]]",1
"[[(4.77, 5.67), (7.3, 8.2)]]",1
"[[(9.77, 10.67), (5.45, 6.35)]]",1
"[[(2.37, 3.27), (10.18, 11.08)]]",1
"[[(2.9, 3.8), (7.4, 8.3)]]",1
"[[(2.28, 3.18), (6.33, 7.23)]]",1
"[[(13.4, 14.3), (8.66, 9.56)]]",1
"[[(7.49, 8.39), (7.54, 8.44)]]",1
"[[(0.95, 1.85), (13.17, 14.07)]]",1
"[[(4.02, 4.92), (8.69, 9.59)]]",0
"[[(6.31, 7.21), (9.21, 10.11)]]",1
"[[(7.57, 8.47), (0.0, 0.9)]]",1
"[[(12.57, 13.47), (3.39, 4.29)]]",1
"[[(1.63, 2.53), (13.36, 14.26)]]",1
"[[(0.53, 1.43), (12.66, 13.56)]]",1
"[[(12.75, 13.65), (1.11, 2.01)]]",1
"[[(13.79, 14.69), (11.57, 12.47)]]",1
"[[(12.07, 12.97), (0.99, 1.89)]]",0
"[[(5.58, 6.48), (12.63, 13.53)]]",1
"[[(7.78, 8.68), (7.99, 8.89)]]",1
"[[(2.85, 3.75), (5.21, 6.11)]]",1
"[[(1.48, 2.38), (8.09, 8.99)]]",0
"[[(0.9, 1.8), (10.57, 11.47)]]",1
"[[(8.72, 9.62), (5.4, 6.3)]]",1
"[[(6.28, 7.18), (13.04, 13.94)]]",0
"[[(2.07, 2.97), (7.64, 8.54)]]",0
"[[(13.63, 14.53), (0.61, 1.51)]]",1
"[[(6.51, 7.41), (12.82, 13.72)]]",1
"[[(0.28, 1.18), (11.55, 12.45)]]",1
"[[(0.35, 1.25), (13.43, 14.33)]]",1
"[[(11.78, 12.68), (10.33, 11.23)]]",1
"[[(2.75, 3.65), (13.83, 14.73)]]",1
"[[(4.02, 4.92), (5.44, 6.34)]]",0
"[[(9.97, 10.87), (0.9, 1.8)]]",1
"[[(1.88, 2.78), (12.05, 12.95)]]",0
"[[(10.61, 11.51), (5.17, 6.07)]]",1
"[[(3.81, 4.71), (5.28, 6.18)]]",1
"[[(7.71, 8.61), (2.96, 3.86)]]",1
"[[(5.08, 5.98), (13.64, 14.54)]]",0
"[[(11.62, 12.52), (13.11, 14.01)]]",1
"[[(6.95, 7.85), (4.82, 5.72)]]",1
"[[(5.82, 6.72), (5.33, 6.23)]]",1
"[[(11.55, 12.45), (11.25, 12.15)]]",1
"[[(11.83, 12.73), (8.62, 9.52)]]",1
"[[(13.65, 14.55), (13.63, 14.53)]]",1
"[[(0.96, 1.86), (5.56, 6.46)]]",1
"[[(9.74, 10.64), (7.98, 8.88)]]",1
"[[(4.88, 5.78), (4.54, 5.44)]]",1
"[[(3.93, 4.83), (12.11, 13.01)]]",1
"[[(5.1, 6.0), (13.75, 14.65)]]",1
"[[(2.44, 3.34), (3.56, 4.46)]]",1
"[[(11.52, 12.42), (5.61, 6.51)]]",1
"[[(2.81, 3.71), (5.98, 6.88)]]",1
"[[(11.31, 12.21), (11.41, 12.31)]]",1
"[[(10.74, 11.64), (7.9, 8.8)]]",1
"[[(6.41, 7.31), (9.71, 10.61)]]",1
"[[(12.53, 13.43), (10.93, 11.83)]]",1
"[[(7.59, 8.49), (13.82, 14.72)]]",1
"[[(9.19, 10.09), (12.13, 13.03)]]",1
"[[(4.79, 5.69), (8.96, 9.86)]]",1
"[[(9.87, 10.77), (6.42, 7.32)]]",1
"[[(5.25, 6.15), (5.22, 6.12)]]",1
"[[(12.82, 13.72), (0.24, 1.14)]]",1
"[[(3.55, 4.45), (0.39, 1.29)]]",1
"[[(5.22, 6.12), (9.63, 10.53)]]",1
"[[(0.59, 1.49), (9.04, 9.94)]]",0
"[[(12.47, 13.37), (6.5, 7.4)]]",1
"[[(6.6, 7.5), (7.78, 8.68)]]",1
"[[(13.98, 14.88), (6.07, 6.97)]]",0
"[[(3.5, 4.4), (2.35, 3.25)]]",1
"[[(12.24, 13.14), (12.03, 12.93)]]",0
"[[(7.44, 8.34), (6.54, 7.44)]]",1
"[[(5.39, 6.29), (6.97, 7.87)]]",1
"[[(4.76, 5.66), (7.03, 7.93)]]",0
"[[(0.08, 0.98), (6.48, 7.38)]]",0
"[[(8.18, 9.08), (4.07, 4.97)]]",0
"[[(0.27, 1.17), (4.06, 4.96)]]",0
"[[(12.06, 12.96), (2.59, 3.49)]]",0
"[[(9.51, 10.41), (2.64, 3.54)]]",1
"[[(13.12, 14.02), (4.59, 5.49)]]",1
"[[(11.29, 12.19), (8.6, 9.5)]]",1
"[[(8.73, 9.63), (3.54, 4.44)]]",1
"[[(4.8, 5.7), (3.64, 4.54)]]",1
"[[(13.74, 14.64), (11.29, 12.19)]]",1
"[[(13.15, 14.05), (10.25, 11.15)]]",1
"[[(6.85, 7.75), (5.79, 6.69)]]",1
"[[(9.92, 10.82), (14.03, 14.93)]]",0
"[[(12.56, 13.46), (8.9, 9.8)]]",1
"[[(10.89, 11.79), (9.57, 10.47)]]",1
"[[(5.86, 6.76), (12.08, 12.98)]]",0
"[[(6.82, 7.72), (9.88, 10.78)]]",1
"[[(5.5, 6.4), (1.22, 2.12)]]",1
"[[(3.43, 4.33), (2.65, 3.55)]]",1
"[[(6.49, 7.39), (3.77, 4.67)]]",1
"[[(9.48, 10.38), (12.58, 13.48)]]",1
"[[(7.88, 8.78), (11.05, 11.95)]]",0
"[[(0.74, 1.64), (6.5, 7.4)]]",1
"[[(11.48, 12.38), (9.22, 10.12)]]",1
"[[(11.11, 12.01), (1.69, 2.59)]]",1
"[[(10.06, 10.96), (4.34, 5.24)]]",0
"[[(0.74, 1.64), (12.44, 13.34)]]",1
"[[(5.41, 6.31), (2.57, 3.47)]]",1
"[[(1.45, 2.35), (10.1, 11.0)]]",1
"[[(12.14, 13.04), (0.88, 1.78)]]",1
"[[(5.2, 6.1), (14.06, 14.96)]]",0
"[[(3.42, 4.32), (0.17, 1.07)]]",1
"[[(7.6, 8.5), (0.03, 0.93)]]",0
"[[(10.36, 11.26), (3.1, 4.0)]]",1
"[[(4.14, 5.04), (11.66, 12.56)]]",1
"[[(7.47, 8.37), (6.44, 7.34)]]",1
"[[(8.44, 9.34), (11.65, 12.55)]]",1
"[[(5.79, 6.69), (5.6, 6.5)]]",1
"[[(6.14, 7.04), (8.12, 9.02)]]",1
"[[(10.62, 11.52), (10.64, 11.54)]]",1
"[[(6.4, 7.3), (8.07, 8.97)]]",0
"[[(6.93, 7.83), (7.75, 8.65)]]",1
"[[(9.82, 10.72), (8.07, 8.97)]]",0
"[[(10.48, 11.38), (3.73, 4.63)]]",1
"[[(13.28, 14.18), (8.82, 9.72)]]",1
"[[(9.54, 10.44), (2.41, 3.31)]]",1
"[[(3.14, 4.04), (13.64, 14.54)]]",1
"[[(9.15, 10.05), (6.13, 7.03)]]",1
"[[(8.06, 8.96), (8.96, 9.86)]]",0
"[[(3.86, 4.76), (13.41, 14.31)]]",1
"[[(8.09, 8.99), (7.27, 8.17)]]",0
"[[(4.92, 5.82), (10.76, 11.66)]]",1
"[[(6.55, 7.45), (3.62, 4.52)]]",1
"[[(8.33, 9.23), (13.86, 14.76)]]",1
"[[(3.16, 4.06), (8.78, 9.68)]]",1
"[[(12.0, 12.9), (6.38, 7.28)]]",1
"[[(4.05, 4.95), (8.23, 9.13)]]",0
"[[(11.07, 11.97), (7.46, 8.36)]]",0
"[[(10.07, 10.97), (11.0, 11.9)]]",0
"[[(0.77, 1.67), (8.89, 9.79)]]",1
"[[(2.79, 3.69), (13.65, 14.55)]]",1
"[[(12.34, 13.24), (1.17, 2.07)]]",1
"[[(5.02, 5.92), (4.55, 5.45)]]",0
"[[(8.07, 8.97), (3.66, 4.56)]]",0
"[[(9.49, 10.39), (1.25, 2.15)]]",1
"[[(8.75, 9.65), (4.78, 5.68)]]",1
"[[(13.06, 13.96), (13.78, 14.68)]]",0
"[[(1.97, 2.87), (5.63, 6.53)]]",1
"[[(12.94, 13.84), (9.11, 10.01)]]",1
"[[(4.85, 5.75), (6.02, 6.92)]]",0
"[[(12.04, 12.94), (12.23, 13.13)]]",0
"[[(12.54, 13.44), (8.26, 9.16)]]",1
"[[(9.89, 10.79), (13.71, 14.61)]]",1
"[[(12.79, 13.69), (8.98, 9.88)]]",1
"[[(8.78, 9.68), (1.85, 2.75)]]",1
"[[(14.02, 14.92), (13.54, 14.44)]]",0
"[[(7.82, 8.72), (3.84, 4.74)]]",1
"[[(9.05, 9.95), (9.16, 10.06)]]",0
"[[(13.79, 14.69), (8.36, 9.26)]]",1
"[[(7.42, 8.32), (1.29, 2.19)]]",1
"[[(12.87, 13.77), (12.66, 13.56)]]",1
"[[(1.35, 2.25), (13.05, 13.95)]]",0
"[[(10.77, 11.67), (6.94, 7.84)]]",1
"[[(13.99, 14.89), (7.55, 8.45)]]",1
"[[(11.77, 12.67), (10.6, 11.5)]]",1
"[[(3.29, 4.19), (0.5, 1.4)]]",1
"[[(1.15, 2.05), (8.19, 9.09)]]",1
"[[(1.39, 2.29), (8.84, 9.74)]]",1
"[[(0.48, 1.38), (3.76, 4.66)]]",1
"[[(4.03, 4.93), (13.96, 14.86)]]",0
"[[(8.62, 9.52), (12.64, 13.54)]]",1
"[[(10.17, 11.07), (0.93, 1.83)]]",1
"[[(1.91, 2.81), (11.37, 12.27)]]",1
"[[(9.12, 10.02), (8.72, 9.62)]]",1
"[[(8.05, 8.95), (0.97, 1.87)]]",0
"[[(2.37, 3.27), (13.63, 14.53)]]",1
"[[(12.66, 13.56), (12.1, 13.0)]]",1
"[[(0.04, 0.94), (5.24, 6.14)]]",0
"[[(6.27, 7.17), (13.94, 14.84)]]",1
"[[(13.69, 14.59), (5.42, 6.32)]]",1
"[[(13.28, 14.18), (9.16, 10.06)]]",1
"[[(2.04, 2.94), (0.94, 1.84)]]",0
"[[(12.45, 13.35), (8.0, 8.9)]]",1
"[[(11.84, 12.74), (13.51, 14.41)]]",1
"[[(13.48, 14.38), (10.96, 11.86)]]",1
"[[(3.03, 3.93), (13.74, 14.64)]]",0
"[[(12.57, 13.47), (5.66, 6.56)]]",1
"[[(10.81, 11.71), (5.82, 6.72)]]",1
"[[(7.67, 8.57), (10.63, 11.53)]]",1
"[[(12.14, 13.04), (2.87, 3.77)]]",1
"[[(7.78, 8.68), (4.09, 4.99)]]",0
"[[(12.74, 13.64), (9.1, 10.0)]]",1
"[[(2.01, 2.91), (11.32, 12.22)]]",0
"[[(2.8, 3.7), (1.14, 2.04)]]",1
"[[(10.28, 11.18), (12.24, 13.14)]]",1
"[[(3.28, 4.18), (7.56, 8.46)]]",1
"[[(7.79, 8.69), (4.54, 5.44)]]",1
"[[(10.44, 11.34), (11.73, 12.63)]]",1
"[[(0.53, 1.43), (9.96, 10.86)]]",1
"[[(11.37, 12.27), (10.78, 11.68)]]",1
"[[(10.28, 11.18), (8.77, 9.67)]]",1
"[[(13.27, 14.17), (7.8, 8.7)]]",1
"[[(0.78, 1.68), (4.49, 5.39)]]",1
"[[(9.77, 10.67), (3.53, 4.43)]]",1
"[[(0.47, 1.37), (12.39, 13.29)]]",1
"[[(4.42, 5.32), (13.46, 14.36)]]",1
"[[(4.37, 5.27), (4.05, 4.95)]]",0
"[[(9.66, 10.56), (7.85, 8.75)]]",1
"[[(5.13, 6.03), (6.33, 7.23)]]",1
"[[(10.88, 11.78), (1.07, 1.97)]]",0
"[[(13.52, 14.42), (13.4, 14.3)]]",1
"[[(3.51, 4.41), (5.09, 5.99)]]",0
"[[(5.25, 6.15), (1.26, 2.16)]]",1
"[[(0.14, 1.04), (3.67, 4.57)]]",1
"[[(5.17, 6.07), (5.86, 6.76)]]",1
"[[(6.61, 7.51), (11.53, 12.43)]]",1
"[[(13.1, 14.0), (10.42, 11.32)]]",1
"[[(0.58, 1.48), (5.17, 6.07)]]",1
"[[(2.88, 3.78), (6.37, 7.27)]]",1
"[[(0.9, 1.8), (4.09, 4.99)]]",0
"[[(13.85, 14.75), (5.94, 6.84)]]",1
"[[(3.47, 4.37), (12.16, 13.06)]]",1
"[[(3.27, 4.17), (9.9, 10.8)]]",1
"[[(9.62, 10.52), (8.94, 9.84)]]",1
"[[(2.46, 3.36), (12.96, 13.86)]]",1
"[[(11.12, 12.02), (7.64, 8.54)]]",1
"[[(6.42, 7.32), (4.55, 5.45)]]",1
"[[(10.31, 11.21), (3.12, 4.02)]]",1
"[[(9.9, 10.8), (13.16, 14.06)]]",1
"[[(0.17, 1.07), (10.35, 11.25)]]",1
"[[(6.55, 7.45), (6.32, 7.22)]]",1
"[[(0.71, 1.61), (1.31, 2.21)]]",1
"[[(1.33, 2.23), (2.57, 3.47)]]",1
"[[(1.84, 2.74), (5.17, 6.07)]]",1
"[[(9.07, 9.97), (8.77, 9.67)]]",0
"[[(7.89, 8.79), (11.95, 12.85)]]",1
"[[(8.07, 8.97), (10.06, 10.96)]]",0
"[[(8.57, 9.47), (11.7, 12.6)]]",1
"[[(9.97, 10.87), (0.59, 1.49)]]",1
"[[(4.25, 5.15), (5.35, 6.25)]]",1
"[[(11.3, 12.2), (3.29, 4.19)]]",1
"[[(3.73, 4.63), (5.65, 6.55)]]",1
"[[(12.49, 13.39), (11.81, 12.71)]]",1
"[[(5.7, 6.6), (5.94, 6.84)]]",1
"[[(12.69, 13.59), (9.79, 10.69)]]",1
"[[(8.48, 9.38), (8.23, 9.13)]]",1
"[[(11.27, 12.17), (3.89, 4.79)]]",1
"[[(5.14, 6.04), (9.57, 10.47)]]",1
"[[(12.44, 13.34), (13.17, 14.07)]]",1
"[[(1.32, 2.22), (8.66, 9.56)]]",1
"[[(1.14, 2.04), (0.17, 1.07)]]",1
"[[(9.26, 10.16), (12.18, 13.08)]]",1
"[[(11.28, 12.18), (11.2, 12.1)]]",1
"[[(6.15, 7.05), (1.7, 2.6)]]",1
"[[(0.32, 1.22), (10.65, 11.55)]]",1
"[[(4.78, 5.68), (10.79, 11.69)]]",1
"[[(12.41, 13.31), (2.35, 3.25)]]",1
"[[(12.17, 13.07), (1.12, 2.02)]]",1
"[[(8.29, 9.19), (12.83, 13.73)]]",1
"[[(11.59, 12.49), (11.64, 12.54)]]",1
"[[(0.3, 1.2), (3.88, 4.78)]]",1
"[[(11.97, 12.87), (13.96, 14.86)]]",1
"[[(12.47, 13.37), (9.74, 10.64)]]",1
"[[(11.94, 12.84), (9.64, 10.54)]]",1
"[[(0.59, 1.49), (13.9, 14.8)]]",1
"[[(13.82, 14.72), (8.79, 9.69)]]",1
"[[(5.58, 6.48), (0.67, 1.57)]]",1
"[[(8.65, 9.55), (13.15, 14.05)]]",1
"[[(11.09, 11.99), (3.69, 4.59)]]",0
"[[(3.92, 4.82), (12.28, 13.18)]]",1
"[[(3.93, 4.83), (4.31, 5.21)]]",1
"[[(3.72, 4.62), (4.15, 5.05)]]",1
"[[(10.75, 11.65), (1.21, 2.11)]]",1
"[[(2.0, 2.9), (10.64, 11.54)]]",1
"[[(7.26, 8.16), (6.31, 7.21)]]",1
"[[(2.43, 3.33), (3.8, 4.7)]]",1
"[[(10.1, 11.0), (4.33, 5.23)]]",1
"[[(7.44, 8.34), (2.9, 3.8)]]",1
"[[(2.2, 3.1), (7.08, 7.98)]]",0
"[[(3.66, 4.56), (1.89, 2.79)]]",1
"[[(3.8, 4.7), (5.13, 6.03)]]",1
"[[(10.03, 10.93), (1.53, 2.43)]]",0
"[[(2.64, 3.54), (12.85, 13.75)]]",1
"[[(0.18, 1.08), (10.89, 11.79)]]",1
"[[(4.27, 5.17), (1.69, 2.59)]]",1
"[[(7.65, 8.55), (7.15, 8.05)]]",1
"[[(13.85, 14.75), (11.6, 12.5)]]",1
"[[(0.6, 1.5), (6.56, 7.46)]]",1
"[[(3.49, 4.39), (10.22, 11.12)]]",1
"[[(6.5, 7.4), (6.92, 7.82)]]",1
"[[(5.4, 6.3), (4.4, 5.3)]]",1
"[[(3.37, 4.27), (6.76, 7.66)]]",1
"[[(10.39, 11.29), (2.46, 3.36)]]",1
"[[(8.13, 9.03), (9.91, 10.81)]]",1
"[[(12.83, 13.73), (0.65, 1.55)]]",1
"[[(2.16, 3.06), (10.3, 11.2)]]",1
"[[(8.79, 9.69), (4.54, 5.44)]]",1
"[[(14.05, 14.95), (0.87, 1.77)]]",0
"[[(6.27, 7.17), (5.17, 6.07)]]",1
"[[(1.22, 2.12), (6.16, 7.06)]]",1
"[[(12.31, 13.21), (8.07, 8.97)]]",0
"[[(11.09, 11.99), (2.68, 3.58)]]",0
"[[(13.0, 13.9), (6.65, 7.55)]]",1
"[[(12.65, 13.55), (12.46, 13.36)]]",1
"[[(4.05, 4.95), (11.58, 12.48)]]",0
"[[(3.18, 4.08), (0.35, 1.25)]]",1
"[[(13.48, 14.38), (7.39, 8.29)]]",1
"[[(3.26, 4.16), (7.94, 8.84)]]",1
"[[(7.85, 8.75), (5.73, 6.63)]]",1
"[[(6.16, 7.06), (13.92, 14.82)]]",1
"[[(6.91, 7.81), (10.44, 11.34)]]",1
"[[(9.41, 10.31), (13.45, 14.35)]]",1
"[[(6.67, 7.57), (2.18, 3.08)]]",1
"[[(8.46, 9.36), (6.66, 7.56)]]",1
"[[(6.38, 7.28), (3.3, 4.2)]]",1
"[[(0.34, 1.24), (13.87, 14.77)]]",1
"[[(8.28, 9.18), (0.5, 1.4)]]",1
"[[(6.68, 7.58), (8.66, 9.56)]]",1
"[[(8.53, 9.43), (2.28, 3.18)]]",1
"[[(2.87, 3.77), (4.95, 5.85)]]",1
"[[(2.18, 3.08), (5.93, 6.83)]]",1
"[[(10.39, 11.29), (5.86, 6.76)]]",1
"[[(10.31, 11.21), (4.42, 5.32)]]",1
"[[(9.57, 10.47), (2.88, 3.78)]]",1
"[[(5.98, 6.88), (0.33, 1.23)]]",1
"[[(6.23, 7.13), (2.74, 3.64)]]",1
"[[(13.42, 14.32), (6.09, 6.99)]]",0
"[[(7.79, 8.69), (10.34, 11.24)]]",1
"[[(13.84, 14.74), (5.83, 6.73)]]",1
"[[(1.88, 2.78), (10.92, 11.82)]]",1
"[[(5.18, 6.08), (3.75, 4.65)]]",1
"[[(11.12, 12.02), (3.41, 4.31)]]",1
"[[(0.21, 1.11), (12.54, 13.44)]]",1
"[[(10.92, 11.82), (11.11, 12.01)]]",1
"[[(4.73, 5.63), (12.39, 13.29)]]",1
"[[(0.06, 0.96), (2.86, 3.76)]]",0
"[[(10.79, 11.69), (5.22, 6.12)]]",1
"[[(8.46, 9.36), (11.01, 11.91)]]",0
"[[(5.98, 6.88), (14.02, 14.92)]]",0
"[[(2.28, 3.18), (6.15, 7.05)]]",1
"[[(2.44, 3.34), (3.7, 4.6)]]",1
"[[(11.81, 12.71), (8.73, 9.63)]]",1
"[[(10.98, 11.88), (6.97, 7.87)]]",1
"[[(13.9, 14.8), (2.85, 3.75)]]",1
"[[(9.75, 10.65), (5.8, 6.7)]]",1
"[[(1.09, 1.99), (10.65, 11.55)]]",0
"[[(10.38, 11.28), (5.7, 6.6)]]",1
"[[(7.34, 8.24), (12.23, 13.13)]]",1
"[[(7.28, 8.18), (8.55, 9.45)]]",1
"[[(0.12, 1.02), (7.2, 8.1)]]",1
"[[(4.2, 5.1), (5.33, 6.23)]]",1
"[[(2.54, 3.44), (12.29, 13.19)]]",1
"[[(12.22, 13.12), (1.98, 2.88)]]",1
"[[(9.86, 10.76), (2.46, 3.36)]]",1
"[[(7.32, 8.22), (9.67, 10.57)]]",1
"[[(1.0, 1.9), (13.33, 14.23)]]",1
"[[(3.9, 4.8), (3.28, 4.18)]]",1
"[[(10.6, 11.5), (13.3, 14.2)]]",1
"[[(0.28, 1.18), (8.96, 9.86)]]",1
"[[(5.93, 6.83), (2.94, 3.84)]]",1
"[[(8.59, 9.49), (6.01, 6.91)]]",0
"[[(2.94, 3.84), (0.64, 1.54)]]",1
"[[(4.42, 5.32), (10.72, 11.62)]]",1
"[[(9.05, 9.95), (8.66, 9.56)]]",0
"[[(3.76, 4.66), (10.9, 11.8)]]",1
"[[(12.44, 13.34), (3.54, 4.44)]]",1
"[[(13.63, 14.53), (5.28, 6.18)]]",1
"[[(1.21, 2.11), (0.09, 0.99)]]",0
"[[(3.16, 4.06), (1.89, 2.79)]]",1
"[[(7.4, 8.3), (7.53, 8.43)]]",1
"[[(0.94, 1.84), (11.18, 12.08)]]",1
"[[(12.07, 12.97), (2.04, 2.94)]]",0
"[[(2.27, 3.17), (4.39, 5.29)]]",1
"[[(8.01, 8.91), (7.61, 8.51)]]",0
"[[(8.47, 9.37), (6.15, 7.05)]]",1
"[[(0.19, 1.09), (8.73, 9.63)]]",1
"[[(12.06, 12.96), (5.12, 6.02)]]",0
"[[(10.7, 11.6), (11.2, 12.1)]]",1
"[[(9.89, 10.79), (8.88, 9.78)]]",1
"[[(9.88, 10.78), (12.88, 13.78)]]",1
"[[(13.04, 13.94), (6.86, 7.76)]]",0
"[[(7.12, 8.02), (7.27, 8.17)]]",1
"[[(0.01, 0.91), (1.49, 2.39)]]",0
"[[(7.69, 8.59), (13.12, 14.02)]]",1
"[[(5.28, 6.18), (12.99, 13.89)]]",1
"[[(8.99, 9.89), (8.71, 9.61)]]",1
"[[(5.01, 5.91), (0.62, 1.52)]]",0
"[[(0.25, 1.15), (1.85, 2.75)]]",1
"[[(2.86, 3.76), (1.82, 2.72)]]",1
"[[(9.15, 10.05), (12.19, 13.09)]]",1
"[[(13.65, 14.55), (6.82, 7.72)]]",1
"[[(13.75, 14.65), (0.82, 1.72)]]",1
"[[(11.11, 12.01), (10.83, 11.73)]]",1
"[[(0.71, 1.61), (9.85, 10.75)]]",1
"[[(9.64, 10.54), (10.07, 10.97)]]",0
"[[(5.43, 6.33), (12.9, 13.8)]]",1
"[[(10.2, 11.1), (1.0, 1.9)]]",1
"[[(3.64, 4.54), (11.14, 12.04)]]",1
"[[(5.6, 6.5), (12.1, 13.0)]]",1
"[[(0.33, 1.23), (9.85, 10.75)]]",1
"[[(3.76, 4.66), (1.09, 1.99)]]",0
"[[(13.45, 14.35), (12.0, 12.9)]]",1
"[[(10.06, 10.96), (6.71, 7.61)]]",0
"[[(4.29, 5.19), (8.45, 9.35)]]",1
"[[(13.95, 14.85), (1.6, 2.5)]]",1
"[[(4.97, 5.87), (2.63, 3.53)]]",1
"[[(1.27, 2.17), (9.53, 10.43)]]",1
"[[(10.23, 11.13), (11.77, 12.67)]]",1
"[[(8.47, 9.37), (10.4, 11.3)]]",1
"[[(5.0, 5.9), (5.62, 6.52)]]",1
"[[(1.35, 2.25), (7.2, 8.1)]]",1
"[[(7.81, 8.71), (9.24, 10.14)]]",1
"[[(0.84, 1.74), (6.09, 6.99)]]",0
"[[(8.52, 9.42), (10.26, 11.16)]]",1
"[[(1.82, 2.72), (9.28, 10.18)]]",1
"[[(5.0, 5.9), (2.22, 3.12)]]",1
"[[(9.69, 10.59), (13.55, 14.45)]]",1
"[[(4.66, 5.56), (13.37, 14.27)]]",1
"[[(0.17, 1.07), (12.74, 13.64)]]",1
"[[(13.71, 14.61), (13.95, 14.85)]]",1
"[[(11.0, 11.9), (8.06, 8.96)]]",0
"[[(10.79, 11.69), (10.25, 11.15)]]",1
"[[(0.71, 1.61), (11.79, 12.69)]]",1
"[[(7.27, 8.17), (13.17, 14.07)]]",1
"[[(9.89, 10.79), (10.01, 10.91)]]",0
"[[(5.08, 5.98), (12.06, 12.96)]]",0
"[[(13.39, 14.29), (2.63, 3.53)]]",1
"[[(0.78, 1.68), (6.21, 7.11)]]",1
"[[(13.7, 14.6), (11.04, 11.94)]]",0
"[[(4.76, 5.66), (9.63, 10.53)]]",1
"[[(8.03, 8.93), (1.91, 2.81)]]",0
"[[(11.73, 12.63), (9.18, 10.08)]]",1
"[[(12.9, 13.8), (11.06, 11.96)]]",0
"[[(4.19, 5.09), (12.53, 13.43)]]",1
"[[(4.77, 5.67), (10.38, 11.28)]]",1
"[[(6.94, 7.84), (9.93, 10.83)]]",1
"[[(9.48, 10.38), (11.34, 12.24)]]",1
"[[(1.65, 2.55), (3.62, 4.52)]]",1
"[[(5.67, 6.57), (9.25, 10.15)]]",1
"[[(9.18, 10.08), (2.37, 3.27)]]",1
"[[(4.2, 5.1), (10.45, 11.35)]]",1
"[[(2.46, 3.36), (11.14, 12.04)]]",1
"[[(13.65, 14.55), (5.53, 6.43)]]",1
"[[(9.46, 10.36), (6.76, 7.66)]]",1
"[[(9.45, 10.35), (5.18, 6.08)]]",1
"[[(0.47, 1.37), (13.39, 14.29)]]",1
"[[(10.41, 11.31), (12.83, 13.73)]]",1
"[[(9.11, 10.01), (13.66, 14.56)]]",1
"[[(12.03, 12.93), (2.16, 3.06)]]",0
"[[(1.44, 2.34), (14.02, 14.92)]]",0
"[[(10.1, 11.0), (8.37, 9.27)]]",1
"[[(12.89, 13.79), (5.35, 6.25)]]",1
"[[(5.06, 5.96), (1.76, 2.66)]]",0
"[[(9.0, 9.9), (0.08, 0.98)]]",0
"[[(5.51, 6.41), (5.53, 6.43)]]",1
"[[(7.03, 7.93), (11.54, 12.44)]]",0
"[[(12.32, 13.22), (3.74, 4.64)]]",1
"[[(13.37, 14.27), (3.52, 4.42)]]",1
"[[(2.14, 3.04), (6.83, 7.73)]]",1
"[[(7.75, 8.65), (9.32, 10.22)]]",1
"[[(10.09, 10.99), (5.88, 6.78)]]",0
"[[(10.51, 11.41), (7.23, 8.13)]]",1
"[[(8.74, 9.64), (5.9, 6.8)]]",1
"[[(13.67, 14.57), (10.44, 11.34)]]",1
"[[(6.66, 7.56), (2.6, 3.5)]]",1
"[[(4.08, 4.98), (5.64, 6.54)]]",0
"[[(7.25, 8.15), (10.67, 11.57)]]",1
"[[(7.1, 8.0), (8.92, 9.82)]]",1
"[[(7.13, 8.03), (13.43, 14.33)]]",1
"[[(4.63, 5.53), (12.45, 13.35)]]",1
"[[(2.69, 3.59), (13.68, 14.58)]]",1
"[[(5.29, 6.19), (12.01, 12.91)]]",0
"[[(10.3, 11.2), (10.6, 11.5)]]",1
"[[(0.8, 1.7), (3.01, 3.91)]]",0
"[[(1.97, 2.87), (10.66, 11.56)]]",1
"[[(8.85, 9.75), (4.16, 5.06)]]",1
"[[(11.97, 12.87), (5.22, 6.12)]]",1
"[[(4.12, 5.02), (1.23, 2.13)]]",1
"[[(6.31, 7.21), (8.18, 9.08)]]",1
"[[(12.19, 13.09), (10.93, 11.83)]]",1
"[[(6.66, 7.56), (10.51, 11.41)]]",1
"[[(0.31, 1.21), (2.6, 3.5)]]",1
"[[(0.26, 1.16), (10.41, 11.31)]]",1
"[[(11.38, 12.28), (2.44, 3.34)]]",1
"[[(2.87, 3.77), (4.32, 5.22)]]",1
"[[(10.64, 11.54), (1.59, 2.49)]]",1
"[[(0.89, 1.79), (5.53, 6.43)]]",1
"[[(7.19, 8.09), (11.83, 12.73)]]",1
"[[(5.91, 6.81), (8.31, 9.21)]]",1
"[[(2.38, 3.28), (1.19, 2.09)]]",1
"[[(6.94, 7.84), (10.45, 11.35)]]",1
"[[(6.24, 7.14), (6.3, 7.2)]]",1
"[[(7.88, 8.78), (1.13, 2.03)]]",1
"[[(8.87, 9.77), (12.11, 13.01)]]",1
"[[(5.59, 6.49), (9.86, 10.76)]]",1
"[[(12.32, 13.22), (1.03, 1.93)]]",0
"[[(9.26, 10.16), (9.11, 10.01)]]",1
"[[(5.09, 5.99), (12.1, 13.0)]]",0
"[[(7.09, 7.99), (10.68, 11.58)]]",0
"[[(3.33, 4.23), (3.59, 4.49)]]",1
"[[(2.13, 3.03), (7.64, 8.54)]]",1
"[[(13.42, 14.32), (6.93, 7.83)]]",1
"[[(14.0, 14.9), (3.1, 4.0)]]",1
"[[(11.05, 11.95), (4.32, 5.22)]]",0
"[[(6.62, 7.52), (9.36, 10.26)]]",1
"[[(11.43, 12.33), (13.73, 14.63)]]",1
"[[(10.49, 11.39), (12.38, 13.28)]]",1
"[[(4.71, 5.61), (11.96, 12.86)]]",1
"[[(5.12, 6.02), (0.1, 1.0)]]",1
"[[(13.17, 14.07), (13.36, 14.26)]]",1
"[[(3.3, 4.2), (1.9, 2.8)]]",1
"[[(6.3, 7.2), (1.77, 2.67)]]",1
"[[(13.01, 13.91), (5.21, 6.11)]]",0
"[[(6.37, 7.27), (4.35, 5.25)]]",1
"[[(11.75, 12.65), (1.93, 2.83)]]",1
"[[(13.31, 14.21), (13.17, 14.07)]]",1
"[[(1.02, 1.92), (9.67, 10.57)]]",0
"[[(9.41, 10.31), (12.55, 13.45)]]",1
"[[(0.81, 1.71), (4.43, 5.33)]]",1
"[[(1.34, 2.24), (8.55, 9.45)]]",1
"[[(0.74, 1.64), (0.74, 1.64)]]",1
"[[(9.44, 10.34), (2.28, 3.18)]]",1
"[[(12.75, 13.65), (3.97, 4.87)]]",1
"[[(4.14, 5.04), (13.91, 14.81)]]",1
"[[(5.0, 5.9), (1.56, 2.46)]]",1
"[[(12.65, 13.55), (6.91, 7.81)]]",1
"[[(14.08, 14.98), (2.59, 3.49)]]",0
"[[(10.48, 11.38), (13.47, 14.37)]]",1
"[[(9.02, 9.92), (8.13, 9.03)]]",0
"[[(1.62, 2.52), (0.17, 1.07)]]",1
"[[(3.0, 3.9), (7.82, 8.72)]]",1
"[[(12.02, 12.92), (8.47, 9.37)]]",0
"[[(10.27, 11.17), (13.98, 14.88)]]",1
"[[(5.89, 6.79), (13.5, 14.4)]]",1
"[[(3.83, 4.73), (0.65, 1.55)]]",1
"[[(10.03, 10.93), (1.75, 2.65)]]",0
"[[(7.5, 8.4), (5.4, 6.3)]]",1
"[[(0.73, 1.63), (8.52, 9.42)]]",1
"[[(2.11, 3.01), (9.44, 10.34)]]",1
"[[(5.97, 6.87), (6.54, 7.44)]]",1
"[[(1.01, 1.91), (8.41, 9.31)]]",0
"[[(0.12, 1.02), (2.46, 3.36)]]",1
"[[(4.7, 5.6), (11.44, 12.34)]]",1
"[[(10.68, 11.58), (4.33, 5.23)]]",1
"[[(10.18, 11.08), (3.38, 4.28)]]",1
"[[(5.41, 6.31), (10.49, 11.39)]]",1
"[[(1.25, 2.15), (7.35, 8.25)]]",1
"[[(12.26, 13.16), (9.17, 10.07)]]",1
"[[(11.34, 12.24), (9.71, 10.61)]]",1
"[[(2.58, 3.48), (3.03, 3.93)]]",0
"[[(0.68, 1.58), (13.84, 14.74)]]",1
"[[(7.23, 8.13), (4.49, 5.39)]]",1
"[[(9.05, 9.95), (12.74, 13.64)]]",0
"[[(2.0, 2.9), (10.43, 11.33)]]",1
"[[(2.08, 2.98), (2.1, 3.0)]]",0
"[[(14.06, 14.96), (5.51, 6.41)]]",0
"[[(2.73, 3.63), (5.26, 6.16)]]",1
"[[(10.56, 11.46), (7.04, 7.94)]]",0
"[[(10.77, 11.67), (1.7, 2.6)]]",1
"[[(4.64, 5.54), (13.07, 13.97)]]",0
"[[(6.33, 7.23), (7.3, 8.2)]]",1
"[[(4.49, 5.39), (14.03, 14.93)]]",0
"[[(6.9, 7.8), (8.58, 9.48)]]",1
"[[(5.9, 6.8), (12.53, 13.43)]]",1
"[[(11.48, 12.38), (3.84, 4.74)]]",1
"[[(4.13, 5.03), (9.42, 10.32)]]",1
"[[(12.32, 13.22), (2.72, 3.62)]]",1
"[[(3.03, 3.93), (4.03, 4.93)]]",0
"[[(2.76, 3.66), (1.89, 2.79)]]",1
"[[(12.6, 13.5), (7.42, 8.32)]]",1
"[[(3.83, 4.73), (1.98, 2.88)]]",1
"[[(6.74, 7.64), (7.89, 8.79)]]",1
"[[(9.93, 10.83), (6.27, 7.17)]]",1
"[[(13.25, 14.15), (0.37, 1.27)]]",1
"[[(11.33, 12.23), (2.38, 3.28)]]",1
"[[(2.98, 3.88), (8.67, 9.57)]]",1
"[[(6.17, 7.07), (5.7, 6.6)]]",1
"[[(13.56, 14.46), (2.77, 3.67)]]",1
"[[(8.69, 9.59), (5.47, 6.37)]]",1
"[[(11.64, 12.54), (4.96, 5.86)]]",1
"[[(10.04, 10.94), (1.66, 2.56)]]",0
"[[(5.04, 5.94), (13.04, 13.94)]]",0
"[[(9.47, 10.37), (12.17, 13.07)]]",1
"[[(1.88, 2.78), (6.26, 7.16)]]",1
"[[(4.45, 5.35), (6.39, 7.29)]]",1
"[[(10.26, 11.16), (3.99, 4.89)]]",1
"[[(5.63, 6.53), (8.39, 9.29)]]",1
"[[(0.74, 1.64), (12.89, 13.79)]]",1
"[[(3.08, 3.98), (9.48, 10.38)]]",0
"[[(7.81, 8.71), (5.54, 6.44)]]",1
"[[(11.71, 12.61), (3.14, 4.04)]]",1
"[[(10.67, 11.57), (0.9, 1.8)]]",1
"[[(11.82, 12.72), (3.31, 4.21)]]",1
"[[(7.99, 8.89), (14.0, 14.9)]]",1
"[[(10.74, 11.64), (2.39, 3.29)]]",1
"[[(4.01, 4.91), (8.86, 9.76)]]",0
"[[(2.48, 3.38), (11.43, 12.33)]]",1
"[[(12.68, 13.58), (9.29, 10.19)]]",1
"[[(3.6, 4.5), (4.54, 5.44)]]",1
"[[(10.48, 11.38), (0.63, 1.53)]]",1
"[[(1.89, 2.79), (5.69, 6.59)]]",1
"[[(11.66, 12.56), (1.17, 2.07)]]",1
"[[(5.25, 6.15), (11.0, 11.9)]]",1
"[[(7.12, 8.02), (13.23, 14.13)]]",1
"[[(1.8, 2.7), (13.08, 13.98)]]",0
"[[(2.0, 2.9), (5.33, 6.23)]]",1
"[[(12.66, 13.56), (6.39, 7.29)]]",1
"[[(10.68, 11.58), (2.07, 2.97)]]",0
"[[(10.01, 10.91), (12.67, 13.57)]]",0
"[[(0.21, 1.11), (13.15, 14.05)]]",1
"[[(0.97, 1.87), (12.34, 13.24)]]",1
"[[(12.55, 13.45), (9.34, 10.24)]]",1
"[[(0.46, 1.36), (3.09, 3.99)]]",0
"[[(13.09, 13.99), (13.2, 14.1)]]",0
"[[(9.87, 10.77), (11.94, 12.84)]]",1
"[[(9.65, 10.55), (10.74, 11.64)]]",1
"[[(9.45, 10.35), (11.12, 12.02)]]",1
"[[(13.21, 14.11), (5.61, 6.51)]]",1
"[[(7.1, 8.0), (5.54, 6.44)]]",1
"[[(10.21, 11.11), (5.32, 6.22)]]",1
"[[(8.19, 9.09), (12.51, 13.41)]]",1
"[[(9.8, 10.7), (7.06, 7.96)]]",0
"[[(13.2, 14.1), (3.73, 4.63)]]",1
"[[(13.67, 14.57), (8.81, 9.71)]]",1
"[[(10.86, 11.76), (9.35, 10.25)]]",1
"[[(9.78, 10.68), (13.2, 14.1)]]",1
"[[(2.56, 3.46), (6.19, 7.09)]]",1
"[[(8.89, 9.79), (9.96, 10.86)]]",1
"[[(10.54, 11.44), (6.53, 7.43)]]",1
"[[(4.12, 5.02), (13.35, 14.25)]]",1
"[[(8.86, 9.76), (12.53, 13.43)]]",1
"[[(4.57, 5.47), (10.05, 10.95)]]",0
"[[(0.62, 1.52), (10.88, 11.78)]]",1
"[[(12.25, 13.15), (9.17, 10.07)]]",1
"[[(12.48, 13.38), (6.6, 7.5)]]",1
"[[(12.04, 12.94), (7.39, 8.29)]]",0
"[[(0.64, 1.54), (2.38, 3.28)]]",1
"[[(9.48, 10.38), (1.98, 2.88)]]",1
"[[(1.96, 2.86), (7.03, 7.93)]]",0
"[[(3.71, 4.61), (1.86, 2.76)]]",1
"[[(13.76, 14.66), (10.49, 11.39)]]",1
"[[(8.03, 8.93), (10.64, 11.54)]]",0
"[[(6.63, 7.53), (8.61, 9.51)]]",1
"[[(4.48, 5.38), (8.4, 9.3)]]",1
"[[(5.96, 6.86), (13.03, 13.93)]]",0
"[[(8.87, 9.77), (10.72, 11.62)]]",1
"[[(12.01, 12.91), (2.24, 3.14)]]",0
"[[(4.33, 5.23), (0.02, 0.92)]]",0
"[[(6.25, 7.15), (5.34, 6.24)]]",1
"[[(10.67, 11.57), (7.88, 8.78)]]",1
"[[(11.79, 12.69), (8.0, 8.9)]]",1
"[[(5.93, 6.83), (10.41, 11.31)]]",1
"[[(9.83, 10.73), (13.03, 13.93)]]",0
"[[(4.47, 5.37), (10.7, 11.6)]]",1
"[[(11.86, 12.76), (4.62, 5.52)]]",1
"[[(2.18, 3.08), (13.73, 14.63)]]",1
"[[(4.82, 5.72), (13.15, 14.05)]]",1
"[[(2.95, 3.85), (11.13, 12.03)]]",1
"[[(0.79, 1.69), (12.66, 13.56)]]",1
"[[(5.79, 6.69), (7.75, 8.65)]]",1
"[[(1.8, 2.7), (11.91, 12.81)]]",1
"[[(0.25, 1.15), (8.7, 9.6)]]",1
"[[(6.55, 7.45), (4.73, 5.63)]]",1
"[[(10.42, 11.32), (2.97, 3.87)]]",1
"[[(12.46, 13.36), (7.85, 8.75)]]",1
"[[(6.69, 7.59), (12.33, 13.23)]]",1
"[[(8.1, 9.0), (3.09, 3.99)]]",0
"[[(11.99, 12.89), (4.17, 5.07)]]",1
"[[(12.19, 13.09), (9.42, 10.32)]]",1
"[[(8.87, 9.77), (8.56, 9.46)]]",1
"[[(5.42, 6.32), (2.06, 2.96)]]",0
"[[(13.87, 14.77), (9.79, 10.69)]]",1
"[[(8.35, 9.25), (12.4, 13.3)]]",1
"[[(5.36, 6.26), (10.0, 10.9)]]",1
"[[(8.89, 9.79), (6.77, 7.67)]]",1
"[[(5.75, 6.65), (5.18, 6.08)]]",1
"[[(4.06, 4.96), (6.4, 7.3)]]",0
"[[(3.4, 4.3), (6.47, 7.37)]]",1
"[[(3.32, 4.22), (0.63, 1.53)]]",1
"[[(12.03, 12.93), (1.19, 2.09)]]",0
"[[(10.79, 11.69), (12.15, 13.05)]]",1
"[[(8.54, 9.44), (5.33, 6.23)]]",1
"[[(8.83, 9.73), (6.96, 7.86)]]",1
"[[(5.82, 6.72), (11.41, 12.31)]]",1
"[[(1.51, 2.41), (11.18, 12.08)]]",1
"[[(6.58, 7.48), (8.51, 9.41)]]",1
"[[(9.58, 10.48), (3.24, 4.14)]]",1
"[[(11.39, 12.29), (1.1, 2.0)]]",1
"[[(1.0, 1.9), (5.8, 6.7)]]",1
"[[(2.0, 2.9), (10.07, 10.97)]]",0
"[[(11.93, 12.83), (7.6, 8.5)]]",1
"[[(2.34, 3.24), (11.6, 12.5)]]",1
"[[(4.23, 5.13), (6.98, 7.88)]]",1
"[[(2.61, 3.51), (11.68, 12.58)]]",1
"[[(3.75, 4.65), (1.74, 2.64)]]",1
"[[(2.03, 2.93), (13.03, 13.93)]]",0
"[[(11.2, 12.1), (9.28, 10.18)]]",1
"[[(10.09, 10.99), (7.83, 8.73)]]",0
"[[(3.44, 4.34), (1.72, 2.62)]]",1
"[[(14.06, 14.96), (13.76, 14.66)]]",0
"[[(7.37, 8.27), (5.8, 6.7)]]",1
"[[(0.76, 1.66), (11.43, 12.33)]]",1
"[[(4.11, 5.01), (13.36, 14.26)]]",1
"[[(7.37, 8.27), (7.55, 8.45)]]",1
"[[(10.49, 11.39), (0.57, 1.47)]]",1
"[[(5.33, 6.23), (3.96, 4.86)]]",1
"[[(6.95, 7.85), (12.32, 13.22)]]",1
"[[(6.51, 7.41), (8.09, 8.99)]]",0
"[[(11.17, 12.07), (7.58, 8.48)]]",1
"[[(6.15, 7.05), (13.8, 14.7)]]",1
"[[(12.01, 12.91), (7.89, 8.79)]]",0
"[[(13.26, 14.16), (11.83, 12.73)]]",1
"[[(11.42, 12.32), (2.96, 3.86)]]",1
"[[(6.51, 7.41), (9.26, 10.16)]]",1
"[[(13.03, 13.93), (8.6, 9.5)]]",0
"[[(7.16, 8.06), (0.38, 1.28)]]",1
"[[(10.18, 11.08), (5.11, 6.01)]]",1
"[[(2.47, 3.37), (6.34, 7.24)]]",1
"[[(13.78, 14.68), (5.91, 6.81)]]",1
"[[(7.15, 8.05), (1.3, 2.2)]]",1
"[[(6.99, 7.89), (8.54, 9.44)]]",1
"[[(9.74, 10.64), (1.7, 2.6)]]",1
"[[(2.08, 2.98), (8.0, 8.9)]]",0
"[[(1.11, 2.01), (12.02, 12.92)]]",0
"[[(7.96, 8.86), (2.11, 3.01)]]",1
"[[(8.55, 9.45), (8.69, 9.59)]]",1
"[[(9.82, 10.72), (0.16, 1.06)]]",1
"[[(5.35, 6.25), (11.3, 12.2)]]",1
"[[(13.89, 14.79), (2.1, 3.0)]]",1
"[[(2.16, 3.06), (2.46, 3.36)]]",1
"[[(13.54, 14.44), (2.83, 3.73)]]",1
"[[(2.55, 3.45), (9.55, 10.45)]]",1
"[[(5.03, 5.93), (7.4, 8.3)]]",0
"[[(12.13, 13.03), (7.42, 8.32)]]",1
"[[(9.83, 10.73), (11.02, 11.92)]]",0
"[[(6.4, 7.3), (6.79, 7.69)]]",1
"[[(10.29, 11.19), (6.19, 7.09)]]",1
"[[(7.72, 8.62), (2.3, 3.2)]]",1
"[[(7.89, 8.79), (13.17, 14.07)]]",1
"[[(9.25, 10.15), (3.85, 4.75)]]",1
"[[(11.47, 12.37), (9.03, 9.93)]]",0
"[[(13.67, 14.57), (3.01, 3.91)]]",0
"[[(10.41, 11.31), (11.77, 12.67)]]",1
"[[(11.9, 12.8), (1.35, 2.25)]]",1
"[[(2.23, 3.13), (7.5, 8.4)]]",1
"[[(6.33, 7.23), (6.85, 7.75)]]",1
"[[(10.98, 11.88), (3.85, 4.75)]]",1
"[[(9.6, 10.5), (10.25, 11.15)]]",1
"[[(1.14, 2.04), (12.51, 13.41)]]",1
"[[(11.56, 12.46), (4.39, 5.29)]]",1
"[[(8.63, 9.53), (1.25, 2.15)]]",1
"[[(8.59, 9.49), (3.75, 4.65)]]",1
"[[(1.65, 2.55), (5.3, 6.2)]]",1
"[[(1.41, 2.31), (1.15, 2.05)]]",1
"[[(9.05, 9.95), (1.54, 2.44)]]",0
"[[(9.77, 10.67), (13.91, 14.81)]]",1
"[[(13.35, 14.25), (7.9, 8.8)]]",1
"[[(4.04, 4.94), (1.26, 2.16)]]",0
"[[(13.4, 14.3), (3.73, 4.63)]]",1
"[[(13.95, 14.85), (11.2, 12.1)]]",1
"[[(11.9, 12.8), (2.96, 3.86)]]",1
"[[(8.21, 9.11), (8.61, 9.51)]]",1
"[[(9.59, 10.49), (6.51, 7.41)]]",1
"[[(6.41, 7.31), (11.83, 12.73)]]",1
"[[(5.87, 6.77), (13.22, 14.12)]]",1
"[[(12.42, 13.32), (11.64, 12.54)]]",1
"[[(9.1, 10.0), (13.89, 14.79)]]",1
"[[(1.35, 2.25), (13.38, 14.28)]]",1
"[[(2.19, 3.09), (8.12, 9.02)]]",1
"[[(0.36, 1.26), (11.73, 12.63)]]",1
"[[(1.48, 2.38), (7.22, 8.12)]]",1
"[[(11.72, 12.62), (5.06, 5.96)]]",0
"[[(2.78, 3.68), (12.39, 13.29)]]",1
"[[(0.35, 1.25), (1.03, 1.93)]]",0
"[[(9.92, 10.82), (13.72, 14.62)]]",1
"[[(13.82, 14.72), (11.08, 11.98)]]",0
"[[(7.26, 8.16), (1.78, 2.68)]]",1
"[[(2.62, 3.52), (5.15, 6.05)]]",1
"[[(7.72, 8.62), (0.49, 1.39)]]",1
"[[(0.47, 1.37), (12.51, 13.41)]]",1
"[[(13.02, 13.92), (2.84, 3.74)]]",0
"[[(10.57, 11.47), (5.22, 6.12)]]",1
"[[(6.31, 7.21), (13.74, 14.64)]]",1
"[[(3.21, 4.11), (12.35, 13.25)]]",1
"[[(6.09, 6.99), (10.22, 11.12)]]",0
"[[(2.79, 3.69), (8.03, 8.93)]]",0
"[[(13.56, 14.46), (12.53, 13.43)]]",1
"[[(9.33, 10.23), (0.8, 1.7)]]",1
"[[(11.54, 12.44), (7.0, 7.9)]]",1
"[[(4.53, 5.43), (13.21, 14.11)]]",1
"[[(3.36, 4.26), (0.31, 1.21)]]",1
"[[(7.39, 8.29), (8.61, 9.51)]]",1
"[[(8.81, 9.71), (7.08, 7.98)]]",0
"[[(12.27, 13.17), (4.7, 5.6)]]",1
"[[(4.56, 5.46), (13.64, 14.54)]]",1
"[[(1.82, 2.72), (9.96, 10.86)]]",1
"[[(4.01, 4.91), (3.77, 4.67)]]",0
"[[(9.27, 10.17), (11.1, 12.0)]]",1
"[[(3.08, 3.98), (12.0, 12.9)]]",0
"[[(0.38, 1.28), (10.78, 11.68)]]",1
"[[(8.01, 8.91), (2.95, 3.85)]]",0
"[[(4.24, 5.14), (13.9, 14.8)]]",1
"[[(11.07, 11.97), (6.53, 7.43)]]",0
"[[(10.8, 11.7), (1.84, 2.74)]]",1
"[[(10.99, 11.89), (11.88, 12.78)]]",1
"[[(13.51, 14.41), (4.4, 5.3)]]",1
"[[(5.51, 6.41), (9.18, 10.08)]]",1
"[[(4.29, 5.19), (13.97, 14.87)]]",1
"[[(4.07, 4.97), (1.78, 2.68)]]",0
"[[(7.14, 8.04), (8.34, 9.24)]]",1
"[[(12.57, 13.47), (9.78, 10.68)]]",1
"[[(4.45, 5.35), (5.82, 6.72)]]",1
"[[(11.01, 11.91), (12.74, 13.64)]]",0
"[[(9.05, 9.95), (0.48, 1.38)]]",0
"[[(4.56, 5.46), (1.17, 2.07)]]",1
"[[(6.8, 7.7), (3.51, 4.41)]]",1
"[[(12.57, 13.47), (11.84, 12.74)]]",1
"[[(6.61, 7.51), (2.55, 3.45)]]",1
"[[(5.23, 6.13), (8.96, 9.86)]]",1
"[[(1.59, 2.49), (2.59, 3.49)]]",1
"[[(7.66, 8.56), (8.6, 9.5)]]",1
"[[(6.62, 7.52), (13.33, 14.23)]]",1
"[[(5.14, 6.04), (11.09, 11.99)]]",0
"[[(8.08, 8.98), (3.42, 4.32)]]",0
"[[(1.05, 1.95), (8.92, 9.82)]]",0
"[[(4.84, 5.74), (7.63, 8.53)]]",1
"[[(4.39, 5.29), (10.76, 11.66)]]",1
"[[(11.71, 12.61), (4.59, 5.49)]]",1
"[[(1.55, 2.45), (13.01, 13.91)]]",0
"[[(9.0, 9.9), (12.68, 13.58)]]",1
"[[(7.15, 8.05), (2.16, 3.06)]]",1
"[[(3.74, 4.64), (6.97, 7.87)]]",1
"[[(10.7, 11.6), (9.57, 10.47)]]",1
"[[(10.29, 11.19), (4.98, 5.88)]]",1
"[[(11.0, 11.9), (1.67, 2.57)]]",1
"[[(12.49, 13.39), (5.39, 6.29)]]",1
"[[(9.83, 10.73), (5.89, 6.79)]]",1
"[[(11.56, 12.46), (5.59, 6.49)]]",1
"[[(11.83, 12.73), (4.85, 5.75)]]",1
"[[(0.59, 1.49), (11.51, 12.41)]]",1
"[[(8.18, 9.08), (11.08, 11.98)]]",0
"[[(5.49, 6.39), (9.18, 10.08)]]",1
"[[(5.45, 6.35), (1.33, 2.23)]]",1
"[[(11.07, 11.97), (1.13, 2.03)]]",0
"[[(9.24, 10.14), (7.1, 8.0)]]",1
"[[(7.87, 8.77), (9.46, 10.36)]]",1
"[[(0.23, 1.13), (10.0, 10.9)]]",1
"[[(5.1, 6.0), (8.99, 9.89)]]",1
"[[(8.14, 9.04), (12.17, 13.07)]]",1
"[[(1.01, 1.91), (5.52, 6.42)]]",0
"[[(10.54, 11.44), (2.68, 3.58)]]",1
"[[(3.21, 4.11), (10.58, 11.48)]]",1
"[[(3.31, 4.21), (12.05, 12.95)]]",0
"[[(10.62, 11.52), (12.91, 13.81)]]",1
"[[(11.45, 12.35), (2.27, 3.17)]]",1
"[[(8.61, 9.51), (6.39, 7.29)]]",1
"[[(9.43, 10.33), (7.78, 8.68)]]",1
"[[(12.45, 13.35), (7.18, 8.08)]]",1
"[[(4.79, 5.69), (11.7, 12.6)]]",1
"[[(11.36, 12.26), (4.05, 4.95)]]",0
"[[(10.96, 11.86), (8.68, 9.58)]]",1
"[[(2.13, 3.03), (6.84, 7.74)]]",1
"[[(1.85, 2.75), (5.52, 6.42)]]",1
"[[(1.02, 1.92), (11.65, 12.55)]]",0
"[[(11.52, 12.42), (12.5, 13.4)]]",1
"[[(0.87, 1.77), (9.16, 10.06)]]",1
"[[(10.45, 11.35), (8.03, 8.93)]]",0
"[[(3.86, 4.76), (0.38, 1.28)]]",1
"[[(4.37, 5.27), (1.12, 2.02)]]",1
"[[(6.27, 7.17), (6.66, 7.56)]]",1
"[[(0.78, 1.68), (3.79, 4.69)]]",1
"[[(1.27, 2.17), (12.1, 13.0)]]",1
"[[(8.91, 9.81), (6.07, 6.97)]]",0
"[[(0.06, 0.96), (1.38, 2.28)]]",0
"[[(7.96, 8.86), (7.53, 8.43)]]",1
"[[(7.77, 8.67), (12.55, 13.45)]]",1
"[[(2.39, 3.29), (2.51, 3.41)]]",1
"[[(6.64, 7.54), (0.31, 1.21)]]",1
"[[(2.25, 3.15), (3.37, 4.27)]]",1
"[[(13.76, 14.66), (7.82, 8.72)]]",1
"[[(11.3, 12.2), (1.82, 2.72)]]",1
"[[(8.66, 9.56), (6.36, 7.26)]]",1
"[[(5.86, 6.76), (6.88, 7.78)]]",1
"[[(8.96, 9.86), (0.1, 1.0)]]",1
"[[(10.73, 11.63), (3.95, 4.85)]]",1
"[[(7.08, 7.98), (13.74, 14.64)]]",0
"[[(13.62, 14.52), (7.96, 8.86)]]",1
"[[(6.03, 6.93), (12.8, 13.7)]]",0
"[[(11.69, 12.59), (12.71, 13.61)]]",1
"[[(7.09, 7.99), (11.94, 12.84)]]",0
"[[(7.84, 8.74), (8.95, 9.85)]]",1
"[[(8.83, 9.73), (10.06, 10.96)]]",0
"[[(2.34, 3.24), (6.08, 6.98)]]",0
"[[(6.5, 7.4), (11.92, 12.82)]]",1
"[[(3.39, 4.29), (1.93, 2.83)]]",1
"[[(10.52, 11.42), (5.72, 6.62)]]",1
"[[(7.21, 8.11), (1.08, 1.98)]]",0
"[[(7.74, 8.64), (6.98, 7.88)]]",1
"[[(5.59, 6.49), (8.0, 8.9)]]",1
"[[(1.13, 2.03), (10.62, 11.52)]]",1
"[[(7.7, 8.6), (1.63, 2.53)]]",1
"[[(7.29, 8.19), (5.5, 6.4)]]",1
"[[(3.65, 4.55), (9.9, 10.8)]]",1
"[[(3.95, 4.85), (11.69, 12.59)]]",1
"[[(13.77, 14.67), (0.56, 1.46)]]",1
"[[(5.36, 6.26), (8.26, 9.16)]]",1
"[[(4.58, 5.48), (9.19, 10.09)]]",1
"[[(4.96, 5.86), (9.04, 9.94)]]",0
"[[(1.66, 2.56), (0.53, 1.43)]]",1
"[[(4.74, 5.64), (7.18, 8.08)]]",1
"[[(13.34, 14.24), (1.11, 2.01)]]",1
"[[(3.87, 4.77), (11.36, 12.26)]]",1
"[[(4.6, 5.5), (11.16, 12.06)]]",1
"[[(6.19, 7.09), (11.46, 12.36)]]",1
"[[(7.27, 8.17), (5.95, 6.85)]]",1
"[[(5.8, 6.7), (10.15, 11.05)]]",1
"[[(7.27, 8.17), (3.72, 4.62)]]",1
"[[(1.96, 2.86), (0.45, 1.35)]]",1
"[[(3.79, 4.69), (2.13, 3.03)]]",1
"[[(2.98, 3.88), (4.52, 5.42)]]",1
"[[(11.01, 11.91), (0.99, 1.89)]]",0
"[[(5.74, 6.64), (13.69, 14.59)]]",1
"[[(7.56, 8.46), (13.46, 14.36)]]",1
"[[(13.35, 14.25), (5.67, 6.57)]]",1
"[[(12.29, 13.19), (0.04, 0.94)]]",0
"[[(3.08, 3.98), (9.97, 10.87)]]",0
"[[(13.44, 14.34), (6.16, 7.06)]]",1
"[[(11.87, 12.77), (10.1, 11.0)]]",1
"[[(2.01, 2.91), (13.46, 14.36)]]",0
"[[(11.47, 12.37), (11.16, 12.06)]]",1
"[[(0.64, 1.54), (0.39, 1.29)]]",1
"[[(1.6, 2.5), (13.54, 14.44)]]",1
"[[(1.91, 2.81), (12.96, 13.86)]]",1
"[[(1.16, 2.06), (5.1, 6.0)]]",1
"[[(13.31, 14.21), (2.01, 2.91)]]",0
"[[(1.97, 2.87), (7.96, 8.86)]]",1
"[[(1.28, 2.18), (12.94, 13.84)]]",1
"[[(8.24, 9.14), (10.69, 11.59)]]",1
"[[(4.28, 5.18), (0.34, 1.24)]]",1
"[[(7.91, 8.81), (1.89, 2.79)]]",1
"[[(10.66, 11.56), (0.68, 1.58)]]",1
"[[(10.9, 11.8), (11.36, 12.26)]]",1
"[[(7.72, 8.62), (9.93, 10.83)]]",1
"[[(1.15, 2.05), (5.82, 6.72)]]",1
"[[(2.32, 3.22), (11.4, 12.3)]]",1
"[[(0.5, 1.4), (10.75, 11.65)]]",1
"[[(5.11, 6.01), (12.25, 13.15)]]",1
"[[(5.19, 6.09), (1.89, 2.79)]]",1
"[[(6.45, 7.35), (8.37, 9.27)]]",1
"[[(8.65, 9.55), (2.47, 3.37)]]",1
"[[(12.24, 13.14), (11.04, 11.94)]]",0
"[[(11.7, 12.6), (4.49, 5.39)]]",1
"[[(2.84, 3.74), (3.09, 3.99)]]",0
"[[(7.4, 8.3), (13.37, 14.27)]]",1
"[[(3.65, 4.55), (2.67, 3.57)]]",1
"[[(10.77, 11.67), (0.66, 1.56)]]",1
"[[(9.87, 10.77), (10.04, 10.94)]]",0
"[[(4.71, 5.61), (5.91, 6.81)]]",1
"[[(11.44, 12.34), (12.94, 13.84)]]",1
"[[(10.93, 11.83), (6.84, 7.74)]]",1
"[[(5.93, 6.83), (6.63, 7.53)]]",1
"[[(8.17, 9.07), (12.59, 13.49)]]",1
"[[(3.95, 4.85), (2.13, 3.03)]]",1
"[[(12.2, 13.1), (3.41, 4.31)]]",1
"[[(1.96, 2.86), (6.79, 7.69)]]",1
"[[(6.95, 7.85), (10.65, 11.55)]]",1
"[[(6.85, 7.75), (4.78, 5.68)]]",1
"[[(9.15, 10.05), (9.34, 10.24)]]",1
"[[(11.82, 12.72), (10.13, 11.03)]]",1
"[[(0.74, 1.64), (6.94, 7.84)]]",1
"[[(3.58, 4.48), (8.54, 9.44)]]",1
"[[(9.27, 10.17), (3.16, 4.06)]]",1
"[[(4.77, 5.67), (0.08, 0.98)]]",0
"[[(3.21, 4.11), (10.89, 11.79)]]",1
"[[(13.0, 13.9), (11.58, 12.48)]]",1
"[[(1.89, 2.79), (0.12, 1.02)]]",1
"[[(8.79, 9.69), (11.43, 12.33)]]",1
"[[(1.84, 2.74), (13.82, 14.72)]]",1
"[[(3.8, 4.7), (7.61, 8.51)]]",1
"[[(9.97, 10.87), (4.42, 5.32)]]",1
"[[(3.51, 4.41), (8.88, 9.78)]]",1
"[[(12.74, 13.64), (6.41, 7.31)]]",1
"[[(11.63, 12.53), (6.21, 7.11)]]",1
"[[(2.6, 3.5), (6.6, 7.5)]]",1
"[[(8.3, 9.2), (10.82, 11.72)]]",1
"[[(13.1, 14.0), (1.91, 2.81)]]",1
"[[(0.72, 1.62), (1.42, 2.32)]]",1
"[[(2.69, 3.59), (8.08, 8.98)]]",0
"[[(10.34, 11.24), (9.08, 9.98)]]",0
"[[(10.92, 11.82), (8.43, 9.33)]]",1
"[[(12.86, 13.76), (12.79, 13.69)]]",1
"[[(1.33, 2.23), (9.4, 10.3)]]",1
"[[(8.97, 9.87), (6.67, 7.57)]]",1
"[[(3.12, 4.02), (3.39, 4.29)]]",1
"[[(1.73, 2.63), (0.78, 1.68)]]",1
"[[(5.97, 6.87), (12.5, 13.4)]]",1
"[[(5.12, 6.02), (10.92, 11.82)]]",1
"[[(7.81, 8.71), (6.48, 7.38)]]",1
"[[(5.21, 6.11), (11.74, 12.64)]]",1
"[[(8.26, 9.16), (5.81, 6.71)]]",1
"[[(1.45, 2.35), (6.09, 6.99)]]",0
"[[(6.86, 7.76), (8.65, 9.55)]]",1
"[[(12.09, 12.99), (10.27, 11.17)]]",0
"[[(1.6, 2.5), (10.94, 11.84)]]",1
"[[(4.93, 5.83), (3.49, 4.39)]]",1
"[[(13.92, 14.82), (1.19, 2.09)]]",1
"[[(6.04, 6.94), (12.73, 13.63)]]",0
"[[(3.44, 4.34), (8.8, 9.7)]]",1
"[[(0.97, 1.87), (8.7, 9.6)]]",1
"[[(10.53, 11.43), (8.22, 9.12)]]",1
"[[(12.44, 13.34), (0.2, 1.1)]]",1
"[[(7.19, 8.09), (8.73, 9.63)]]",1
"[[(14.04, 14.94), (4.67, 5.57)]]",0
"[[(12.81, 13.71), (11.86, 12.76)]]",1
"[[(9.85, 10.75), (11.2, 12.1)]]",1
"[[(8.42, 9.32), (10.27, 11.17)]]",1
"[[(3.36, 4.26), (9.08, 9.98)]]",0
"[[(8.56, 9.46), (2.32, 3.22)]]",1
"[[(5.8, 6.7), (9.15, 10.05)]]",1
"[[(8.12, 9.02), (1.23, 2.13)]]",1
"[[(7.17, 8.07), (9.61, 10.51)]]",1
"[[(8.77, 9.67), (2.67, 3.57)]]",1
"[[(7.5, 8.4), (2.68, 3.58)]]",1
"[[(11.88, 12.78), (5.92, 6.82)]]",1
"[[(6.7, 7.6), (0.01, 0.91)]]",0
"[[(6.14, 7.04), (7.07, 7.97)]]",0
"[[(2.15, 3.05), (7.08, 7.98)]]",0
"[[(6.37, 7.27), (3.87, 4.77)]]",1
"[[(7.37, 8.27), (2.01, 2.91)]]",0
"[[(8.25, 9.15), (2.15, 3.05)]]",1
"[[(1.37, 2.27), (12.34, 13.24)]]",1
"[[(4.49, 5.39), (7.33, 8.23)]]",1
"[[(8.49, 9.39), (2.6, 3.5)]]",1
"[[(1.02, 1.92), (12.68, 13.58)]]",0
"[[(9.11, 10.01), (1.2, 2.1)]]",1
"[[(8.04, 8.94), (8.2, 9.1)]]",0
"[[(6.13, 7.03), (12.95, 13.85)]]",1
"[[(4.56, 5.46), (12.12, 13.02)]]",1
"[[(2.99, 3.89), (10.58, 11.48)]]",1
"[[(3.84, 4.74), (2.75, 3.65)]]",1
"[[(5.95, 6.85), (7.86, 8.76)]]",1
"[[(11.13, 12.03), (4.21, 5.11)]]",1
"[[(8.66, 9.56), (6.5, 7.4)]]",1
"[[(2.04, 2.94), (9.12, 10.02)]]",0
"[[(4.92, 5.82), (1.91, 2.81)]]",1
"[[(1.45, 2.35), (8.77, 9.67)]]",1
"[[(6.75, 7.65), (11.44, 12.34)]]",1
"[[(10.61, 11.51), (0.65, 1.55)]]",1
"[[(4.78, 5.68), (12.47, 13.37)]]",1
"[[(5.16, 6.06), (6.49, 7.39)]]",1
"[[(5.28, 6.18), (0.0, 0.9)]]",1
"[[(3.14, 4.04), (11.74, 12.64)]]",1
"[[(5.85, 6.75), (0.76, 1.66)]]",1
"[[(1.56, 2.46), (0.4, 1.3)]]",1
"[[(8.92, 9.82), (11.37, 12.27)]]",1
"[[(3.27, 4.17), (2.12, 3.02)]]",1
"[[(2.05, 2.95), (1.99, 2.89)]]",0
"[[(11.31, 12.21), (11.79, 12.69)]]",1
"[[(0.43, 1.33), (3.57, 4.47)]]",1
"[[(7.39, 8.29), (11.91, 12.81)]]",1
"[[(13.51, 14.41), (5.96, 6.86)]]",1
"[[(8.82, 9.72), (12.18, 13.08)]]",1
"[[(12.3, 13.2), (5.31, 6.21)]]",1
"[[(1.74, 2.64), (9.23, 10.13)]]",1
"[[(5.75, 6.65), (8.31, 9.21)]]",1
"[[(10.46, 11.36), (9.06, 9.96)]]",0
"[[(12.3, 13.2), (2.62, 3.52)]]",1
"[[(10.57, 11.47), (6.09, 6.99)]]",0
"[[(4.07, 4.97), (12.55, 13.45)]]",0
"[[(7.66, 8.56), (9.77, 10.67)]]",1
"[[(10.12, 11.02), (7.77, 8.67)]]",1
"[[(9.58, 10.48), (1.38, 2.28)]]",1
"[[(11.84, 12.74), (10.86, 11.76)]]",1
"[[(12.21, 13.11), (8.17, 9.07)]]",1
"[[(4.49, 5.39), (0.51, 1.41)]]",1
"[[(4.23, 5.13), (2.72, 3.62)]]",1
"[[(5.73, 6.63), (3.37, 4.27)]]",1
"[[(7.04, 7.94), (4.72, 5.62)]]",0
"[[(12.44, 13.34), (1.27, 2.17)]]",1
"[[(9.72, 10.62), (10.54, 11.44)]]",1
"[[(12.41, 13.31), (6.2, 7.1)]]",1
"[[(2.56, 3.46), (3.67, 4.57)]]",1
"[[(13.33, 14.23), (8.7, 9.6)]]",1
"[[(6.02, 6.92), (6.18, 7.08)]]",0
"[[(12.28, 13.18), (13.4, 14.3)]]",1
"[[(5.97, 6.87), (13.88, 14.78)]]",1
"[[(7.71, 8.61), (8.47, 9.37)]]",1
"[[(5.14, 6.04), (11.92, 12.82)]]",1
"[[(5.07, 5.97), (4.44, 5.34)]]",0
"[[(5.76, 6.66), (13.68, 14.58)]]",1
"[[(3.27, 4.17), (3.22, 4.12)]]",1
"[[(6.8, 7.7), (12.43, 13.33)]]",1
"[[(8.51, 9.41), (9.47, 10.37)]]",1
"[[(3.96, 4.86), (1.66, 2.56)]]",1
"[[(6.4, 7.3), (10.65, 11.55)]]",1
"[[(2.02, 2.92), (0.74, 1.64)]]",0
"[[(3.53, 4.43), (11.25, 12.15)]]",1
"[[(1.46, 2.36), (0.14, 1.04)]]",1
"[[(9.9, 10.8), (12.62, 13.52)]]",1
"[[(7.01, 7.91), (3.22, 4.12)]]",0
"[[(12.31, 13.21), (0.98, 1.88)]]",1
"[[(0.56, 1.46), (11.98, 12.88)]]",1
"[[(10.23, 11.13), (4.91, 5.81)]]",1
"[[(6.2, 7.1), (3.24, 4.14)]]",1
"[[(4.47, 5.37), (8.32, 9.22)]]",1
"[[(2.42, 3.32), (0.96, 1.86)]]",1
"[[(13.18, 14.08), (0.87, 1.77)]]",1
"[[(4.32, 5.22), (0.48, 1.38)]]",1
"[[(4.32, 5.22), (12.83, 13.73)]]",1
"[[(5.22, 6.12), (1.6, 2.5)]]",1
"[[(8.17, 9.07), (12.64, 13.54)]]",1
"[[(13.83, 14.73), (10.86, 11.76)]]",1
"[[(5.17, 6.07), (3.15, 4.05)]]",1
"[[(13.93, 14.83), (6.38, 7.28)]]",1
"[[(8.98, 9.88), (7.09, 7.99)]]",0
"[[(0.22, 1.12), (3.76, 4.66)]]",1
"[[(11.33, 12.23), (12.64, 13.54)]]",1
"[[(3.75, 4.65), (7.87, 8.77)]]",1
"[[(1.41, 2.31), (7.48, 8.38)]]",1
"[[(13.03, 13.93), (3.65, 4.55)]]",0
"[[(1.52, 2.42), (10.78, 11.68)]]",1
"[[(7.98, 8.88), (4.1, 5.0)]]",1
"[[(0.1, 1.0), (11.88, 12.78)]]",1
"[[(8.49, 9.39), (2.75, 3.65)]]",1
"[[(9.96, 10.86), (13.87, 14.77)]]",1
"[[(9.84, 10.74), (6.27, 7.17)]]",1
"[[(13.79, 14.69), (3.89, 4.79)]]",1
"[[(10.08, 10.98), (12.88, 13.78)]]",0
"[[(3.82, 4.72), (0.32, 1.22)]]",1
"[[(7.41, 8.31), (7.31, 8.21)]]",1
"[[(7.6, 8.5), (4.61, 5.51)]]",1
"[[(10.58, 11.48), (10.68, 11.58)]]",1
"[[(12.6, 13.5), (8.17, 9.07)]]",1
"[[(0.73, 1.63), (6.84, 7.74)]]",1
"[[(1.3, 2.2), (0.15, 1.05)]]",1
"[[(3.99, 4.89), (9.33, 10.23)]]",1
"[[(13.2, 14.1), (1.65, 2.55)]]",1
"[[(7.82, 8.72), (9.53, 10.43)]]",1
"[[(0.64, 1.54), (11.52, 12.42)]]",1
"[[(4.25, 5.15), (4.21, 5.11)]]",1
"[[(0.9, 1.8), (3.51, 4.41)]]",1
"[[(0.9, 1.8), (8.28, 9.18)]]",1
"[[(9.99, 10.89), (8.16, 9.06)]]",1
"[[(9.73, 10.63), (6.19, 7.09)]]",1
"[[(11.73, 12.63), (2.58, 3.48)]]",1
"[[(3.41, 4.31), (3.77, 4.67)]]",1
"[[(0.68, 1.58), (9.99, 10.89)]]",1
"[[(0.54, 1.44), (11.14, 12.04)]]",1
"[[(7.23, 8.13), (7.97, 8.87)]]",1
"[[(10.67, 11.57), (10.18, 11.08)]]",1
"[[(8.4, 9.3), (13.9, 14.8)]]",1
"[[(3.45, 4.35), (0.71, 1.61)]]",1
"[[(11.15, 12.05), (1.86, 2.76)]]",1
"[[(7.33, 8.23), (10.97, 11.87)]]",1
"[[(2.43, 3.33), (3.42, 4.32)]]",1
"[[(10.37, 11.27), (6.42, 7.32)]]",1
"[[(11.81, 12.71), (0.03, 0.93)]]",0
"[[(0.9, 1.8), (11.96, 12.86)]]",1
"[[(6.76, 7.66), (1.79, 2.69)]]",1
"[[(2.04, 2.94), (13.79, 14.69)]]",0
"[[(9.18, 10.08), (9.16, 10.06)]]",1
"[[(12.9, 13.8), (13.82, 14.72)]]",1
"[[(6.39, 7.29), (4.86, 5.76)]]",1
"[[(10.46, 11.36), (12.57, 13.47)]]",1
"[[(7.35, 8.25), (11.25, 12.15)]]",1
"[[(3.56, 4.46), (4.1, 5.0)]]",1
"[[(3.76, 4.66), (11.48, 12.38)]]",1
"[[(8.59, 9.49), (1.83, 2.73)]]",1
"[[(1.49, 2.39), (2.88, 3.78)]]",1
"[[(12.95, 13.85), (11.07, 11.97)]]",0
"[[(2.68, 3.58), (5.17, 6.07)]]",1
"[[(5.78, 6.68), (5.46, 6.36)]]",1
"[[(7.27, 8.17), (2.47, 3.37)]]",1
"[[(8.75, 9.65), (3.72, 4.62)]]",1
"[[(13.41, 14.31), (9.09, 9.99)]]",0
"[[(4.63, 5.53), (8.12, 9.02)]]",1
"[[(6.0, 6.9), (6.76, 7.66)]]",1
"[[(7.03, 7.93), (7.61, 8.51)]]",0
"[[(7.15, 8.05), (1.36, 2.26)]]",1
"[[(3.67, 4.57), (13.13, 14.03)]]",1
"[[(0.02, 0.92), (12.61, 13.51)]]",0
"[[(8.43, 9.33), (2.1, 3.0)]]",1
"[[(7.52, 8.42), (4.55, 5.45)]]",1
"[[(2.59, 3.49), (8.1, 9.0)]]",1
"[[(13.97, 14.87), (9.99, 10.89)]]",1
"[[(9.46, 10.36), (1.02, 1.92)]]",0
"[[(7.48, 8.38), (1.71, 2.61)]]",1
"[[(2.65, 3.55), (10.33, 11.23)]]",1
"[[(5.16, 6.06), (4.97, 5.87)]]",1
"[[(12.4, 13.3), (5.34, 6.24)]]",1
"[[(0.25, 1.15), (4.07, 4.97)]]",0
"[[(10.13, 11.03), (2.72, 3.62)]]",1
"[[(4.93, 5.83), (1.27, 2.17)]]",1
"[[(3.22, 4.12), (6.31, 7.21)]]",1
"[[(8.58, 9.48), (8.42, 9.32)]]",1
"[[(5.41, 6.31), (5.89, 6.79)]]",1
"[[(3.05, 3.95), (0.2, 1.1)]]",0
"[[(7.02, 7.92), (1.99, 2.89)]]",0
"[[(7.31, 8.21), (3.98, 4.88)]]",1
"[[(13.63, 14.53), (3.29, 4.19)]]",1
"[[(8.98, 9.88), (3.67, 4.57)]]",1
"[[(0.3, 1.2), (0.43, 1.33)]]",1
"[[(6.23, 7.13), (11.0, 11.9)]]",1
"[[(12.57, 13.47), (3.96, 4.86)]]",1
"[[(11.54, 12.44), (1.26, 2.16)]]",1
"[[(1.11, 2.01), (3.64, 4.54)]]",1
"[[(13.6, 14.5), (4.65, 5.55)]]",1
"[[(13.07, 13.97), (2.97, 3.87)]]",0
"[[(0.68, 1.58), (8.22, 9.12)]]",1
"[[(13.71, 14.61), (13.83, 14.73)]]",1
"[[(13.09, 13.99), (13.4, 14.3)]]",0
"[[(11.36, 12.26), (6.98, 7.88)]]",1
"[[(2.82, 3.72), (12.16, 13.06)]]",1
"[[(6.97, 7.87), (5.31, 6.21)]]",1
"[[(4.13, 5.03), (13.42, 14.32)]]",1
"[[(9.96, 10.86), (11.62, 12.52)]]",1
"[[(5.46, 6.36), (12.42, 13.32)]]",1
"[[(9.2, 10.1), (0.77, 1.67)]]",1
"[[(5.15, 6.05), (0.79, 1.69)]]",1
"[[(11.32, 12.22), (9.78, 10.68)]]",1
"[[(13.95, 14.85), (2.86, 3.76)]]",1
"[[(11.59, 12.49), (7.12, 8.02)]]",1
"[[(12.04, 12.94), (8.4, 9.3)]]",0
"[[(10.68, 11.58), (9.25, 10.15)]]",1
"[[(0.4, 1.3), (12.89, 13.79)]]",1
"[[(9.76, 10.66), (6.71, 7.61)]]",1
"[[(14.0, 14.9), (11.21, 12.11)]]",1
"[[(11.29, 12.19), (0.07, 0.97)]]",0
"[[(2.57, 3.47), (1.35, 2.25)]]",1
"[[(12.08, 12.98), (8.03, 8.93)]]",0
"[[(12.87, 13.77), (9.6, 10.5)]]",1
"[[(7.63, 8.53), (7.29, 8.19)]]",1
"[[(0.59, 1.49), (12.73, 13.63)]]",1
"[[(10.46, 11.36), (12.25, 13.15)]]",1
"[[(10.73, 11.63), (1.86, 2.76)]]",1
"[[(12.48, 13.38), (4.26, 5.16)]]",1
"[[(10.78, 11.68), (13.99, 14.89)]]",1
"[[(13.02, 13.92), (12.84, 13.74)]]",0
"[[(4.61, 5.51), (4.44, 5.34)]]",1
"[[(4.61, 5.51), (7.33, 8.23)]]",1
"[[(9.98, 10.88), (0.65, 1.55)]]",1
"[[(3.25, 4.15), (7.37, 8.27)]]",1
"[[(3.97, 4.87), (1.55, 2.45)]]",1
"[[(12.66, 13.56), (2.33, 3.23)]]",1
"[[(11.07, 11.97), (7.16, 8.06)]]",0
"[[(5.71, 6.61), (6.54, 7.44)]]",1
"[[(2.41, 3.31), (13.01, 13.91)]]",0
"[[(12.03, 12.93), (0.84, 1.74)]]",0
"[[(8.8, 9.7), (4.28, 5.18)]]",1
"[[(11.47, 12.37), (1.54, 2.44)]]",1
"[[(1.58, 2.48), (10.75, 11.65)]]",1
"[[(7.09, 7.99), (11.07, 11.97)]]",0
"[[(9.25, 10.15), (12.15, 13.05)]]",1
"[[(3.61, 4.51), (7.96, 8.86)]]",1
"[[(5.59, 6.49), (13.02, 13.92)]]",0
"[[(8.06, 8.96), (10.75, 11.65)]]",0
"[[(9.45, 10.35), (3.02, 3.92)]]",0
"[[(9.6, 10.5), (11.21, 12.11)]]",1
"[[(1.35, 2.25), (12.77, 13.67)]]",1
"[[(4.71, 5.61), (0.71, 1.61)]]",1
"[[(7.74, 8.64), (5.99, 6.89)]]",1
"[[(13.72, 14.62), (0.94, 1.84)]]",1
"[[(11.06, 11.96), (9.22, 10.12)]]",0
"[[(11.36, 12.26), (11.27, 12.17)]]",1
"[[(1.0, 1.9), (11.41, 12.31)]]",1
"[[(14.02, 14.92), (6.17, 7.07)]]",0
"[[(12.18, 13.08), (2.6, 3.5)]]",1
"[[(3.73, 4.63), (5.19, 6.09)]]",1
"[[(13.24, 14.14), (9.19, 10.09)]]",1
"[[(13.14, 14.04), (12.72, 13.62)]]",1
"[[(11.07, 11.97), (8.62, 9.52)]]",0
"[[(13.85, 14.75), (4.51, 5.41)]]",1
"[[(0.63, 1.53), (1.52, 2.42)]]",1
"[[(7.86, 8.76), (12.73, 13.63)]]",1
"[[(4.86, 5.76), (3.96, 4.86)]]",1
"[[(3.23, 4.13), (2.78, 3.68)]]",1
"[[(6.86, 7.76), (8.6, 9.5)]]",1
"[[(3.41, 4.31), (4.4, 5.3)]]",1
"[[(10.14, 11.04), (12.88, 13.78)]]",1
"[[(10.48, 11.38), (12.06, 12.96)]]",0
"[[(7.79, 8.69), (12.62, 13.52)]]",1
"[[(9.2, 10.1), (12.85, 13.75)]]",1
"[[(8.36, 9.26), (7.16, 8.06)]]",1
"[[(9.45, 10.35), (3.04, 3.94)]]",0
"[[(11.98, 12.88), (11.47, 12.37)]]",1
"[[(11.52, 12.42), (9.39, 10.29)]]",1
"[[(12.96, 13.86), (8.1, 9.0)]]",1
"[[(0.8, 1.7), (5.3, 6.2)]]",1
"[[(9.4, 10.3), (5.48, 6.38)]]",1
"[[(8.0, 8.9), (4.83, 5.73)]]",1
"[[(7.73, 8.63), (14.05, 14.95)]]",0
"[[(8.82, 9.72), (5.06, 5.96)]]",0
"[[(0.34, 1.24), (1.13, 2.03)]]",1
"[[(13.2, 14.1), (5.44, 6.34)]]",1
"[[(8.98, 9.88), (2.77, 3.67)]]",1
"[[(6.79, 7.69), (8.15, 9.05)]]",1
"[[(8.03, 8.93), (12.33, 13.23)]]",0
"[[(7.0, 7.9), (3.88, 4.78)]]",1
"[[(3.83, 4.73), (6.06, 6.96)]]",0
"[[(2.15, 3.05), (7.01, 7.91)]]",0
"[[(0.48, 1.38), (11.48, 12.38)]]",1
"[[(12.85, 13.75), (2.4, 3.3)]]",1
"[[(9.23, 10.13), (9.87, 10.77)]]",1
"[[(9.85, 10.75), (10.22, 11.12)]]",1
"[[(4.44, 5.34), (4.08, 4.98)]]",0
"[[(8.77, 9.67), (4.01, 4.91)]]",0
"[[(2.26, 3.16), (6.0, 6.9)]]",1
"[[(8.9, 9.8), (3.94, 4.84)]]",1
"[[(3.74, 4.64), (7.37, 8.27)]]",1
"[[(9.15, 10.05), (11.54, 12.44)]]",1
"[[(9.26, 10.16), (3.33, 4.23)]]",1
"[[(3.56, 4.46), (1.35, 2.25)]]",1
"[[(8.53, 9.43), (2.57, 3.47)]]",1
"[[(12.33, 13.23), (13.32, 14.22)]]",1
"[[(5.61, 6.51), (9.82, 10.72)]]",1
"[[(11.55, 12.45), (8.08, 8.98)]]",0
"[[(2.92, 3.82), (12.27, 13.17)]]",1
"[[(0.87, 1.77), (3.84, 4.74)]]",1
"[[(10.14, 11.04), (2.43, 3.33)]]",1
"[[(8.87, 9.77), (7.56, 8.46)]]",1
"[[(2.27, 3.17), (1.44, 2.34)]]",1
"[[(4.19, 5.09), (11.85, 12.75)]]",1
"[[(11.44, 12.34), (10.09, 10.99)]]",0
"[[(3.81, 4.71), (3.63, 4.53)]]",1
"[[(10.96, 11.86), (8.17, 9.07)]]",1
"[[(10.1, 11.0), (9.76, 10.66)]]",1
"[[(7.75, 8.65), (11.1, 12.0)]]",1
"[[(10.94, 11.84), (11.33, 12.23)]]",1
"[[(1.4, 2.3), (2.43, 3.33)]]",1
"[[(12.58, 13.48), (9.16, 10.06)]]",1
"[[(10.06, 10.96), (3.83, 4.73)]]",0
"[[(12.87, 13.77), (12.93, 13.83)]]",1
"[[(9.47, 10.37), (6.27, 7.17)]]",1
"[[(11.27, 12.17), (8.68, 9.58)]]",1
"[[(1.81, 2.71), (9.16, 10.06)]]",1
"[[(9.96, 10.86), (12.94, 13.84)]]",1
"[[(7.89, 8.79), (4.57, 5.47)]]",1
"[[(13.14, 14.04), (13.7, 14.6)]]",1
"[[(1.64, 2.54), (10.11, 11.01)]]",1
"[[(13.39, 14.29), (9.58, 10.48)]]",1
"[[(9.23, 10.13), (6.24, 7.14)]]",1
"[[(10.53, 11.43), (1.65, 2.55)]]",1
"[[(5.55, 6.45), (9.45, 10.35)]]",1
"[[(4.32, 5.22), (8.29, 9.19)]]",1
"[[(3.06, 3.96), (0.24, 1.14)]]",0
"[[(12.66, 13.56), (11.45, 12.35)]]",1
"[[(12.59, 13.49), (11.84, 12.74)]]",1
"[[(8.2, 9.1), (8.79, 9.69)]]",1
"[[(7.53, 8.43), (3.74, 4.64)]]",1
"[[(10.08, 10.98), (6.65, 7.55)]]",0
"[[(10.88, 11.78), (8.67, 9.57)]]",1
"[[(11.04, 11.94), (1.35, 2.25)]]",0
"[[(8.75, 9.65), (13.44, 14.34)]]",1
"[[(0.6, 1.5), (10.21, 11.11)]]",1
"[[(9.77, 10.67), (1.1, 2.0)]]",1
"[[(3.99, 4.89), (5.08, 5.98)]]",0
"[[(5.73, 6.63), (4.98, 5.88)]]",1
"[[(13.68, 14.58), (12.52, 13.42)]]",1
"[[(2.9, 3.8), (11.67, 12.57)]]",1
"[[(5.51, 6.41), (13.19, 14.09)]]",1
"[[(3.23, 4.13), (7.75, 8.65)]]",1
"[[(11.37, 12.27), (0.8, 1.7)]]",1
"[[(2.53, 3.43), (8.58, 9.48)]]",1
"[[(9.64, 10.54), (9.98, 10.88)]]",1
"[[(8.96, 9.86), (11.99, 12.89)]]",1
"[[(7.5, 8.4), (8.44, 9.34)]]",1
"[[(7.31, 8.21), (12.05, 12.95)]]",0
"[[(7.02, 7.92), (8.83, 9.73)]]",0
"[[(9.67, 10.57), (7.43, 8.33)]]",1
"[[(8.52, 9.42), (5.57, 6.47)]]",1
"[[(5.23, 6.13), (6.06, 6.96)]]",0
"[[(11.4, 12.3), (6.14, 7.04)]]",1
"[[(6.57, 7.47), (12.57, 13.47)]]",1
"[[(0.36, 1.26), (11.09, 11.99)]]",0
"[[(10.57, 11.47), (5.52, 6.42)]]",1
"[[(6.07, 6.97), (1.14, 2.04)]]",0
"[[(11.37, 12.27), (13.63, 14.53)]]",1
"[[(3.28, 4.18), (4.65, 5.55)]]",1
"[[(1.82, 2.72), (11.62, 12.52)]]",1
"[[(5.7, 6.6), (12.24, 13.14)]]",1
"[[(8.17, 9.07), (1.98, 2.88)]]",1
"[[(0.52, 1.42), (4.72, 5.62)]]",1
"[[(1.65, 2.55), (9.02, 9.92)]]",0
"[[(11.87, 12.77), (1.82, 2.72)]]",1
"[[(7.8, 8.7), (1.41, 2.31)]]",1
"[[(1.13, 2.03), (8.98, 9.88)]]",1
"[[(1.14, 2.04), (10.21, 11.11)]]",1
"[[(5.99, 6.89), (11.76, 12.66)]]",1
"[[(13.68, 14.58), (13.9, 14.8)]]",1
"[[(4.9, 5.8), (6.74, 7.64)]]",1
"[[(13.5, 14.4), (0.08, 0.98)]]",0
"[[(7.18, 8.08), (13.05, 13.95)]]",0
"[[(12.01, 12.91), (6.79, 7.69)]]",0
"[[(0.4, 1.3), (0.03, 0.93)]]",0
"[[(13.85, 14.75), (6.34, 7.24)]]",1
"[[(10.24, 11.14), (1.72, 2.62)]]",1
"[[(10.72, 11.62), (4.01, 4.91)]]",0
"[[(11.95, 12.85), (5.5, 6.4)]]",1
"[[(10.31, 11.21), (6.41, 7.31)]]",1
"[[(10.86, 11.76), (5.17, 6.07)]]",1
"[[(0.38, 1.28), (1.1, 2.0)]]",1
"[[(10.18, 11.08), (4.39, 5.29)]]",1
"[[(9.87, 10.77), (9.03, 9.93)]]",0
"[[(6.41, 7.31), (12.12, 13.02)]]",1
"[[(5.63, 6.53), (13.61, 14.51)]]",1
"[[(6.41, 7.31), (11.98, 12.88)]]",1
"[[(11.26, 12.16), (1.36, 2.26)]]",1
"[[(9.47, 10.37), (12.17, 13.07)]]",1
"[[(3.62, 4.52), (13.2, 14.1)]]",1
"[[(11.32, 12.22), (7.38, 8.28)]]",1
"[[(12.11, 13.01), (1.83, 2.73)]]",1
"[[(11.67, 12.57), (3.93, 4.83)]]",1
"[[(7.39, 8.29), (12.14, 13.04)]]",1
"[[(9.08, 9.98), (3.18, 4.08)]]",0
"[[(4.37, 5.27), (12.36, 13.26)]]",1
"[[(12.68, 13.58), (3.88, 4.78)]]",1
"[[(1.23, 2.13), (8.49, 9.39)]]",1
"[[(9.96, 10.86), (10.6, 11.5)]]",1
"[[(0.19, 1.09), (12.26, 13.16)]]",1
"[[(2.37, 3.27), (6.43, 7.33)]]",1
"[[(11.7, 12.6), (11.79, 12.69)]]",1
"[[(11.34, 12.24), (3.22, 4.12)]]",1
"[[(13.66, 14.56), (11.44, 12.34)]]",1
"[[(10.73, 11.63), (4.04, 4.94)]]",0
"[[(11.82, 12.72), (12.85, 13.75)]]",1
"[[(12.56, 13.46), (7.02, 7.92)]]",0
"[[(7.23, 8.13), (12.94, 13.84)]]",1
"[[(4.24, 5.14), (4.4, 5.3)]]",1
"[[(9.0, 9.9), (2.01, 2.91)]]",0
"[[(8.45, 9.35), (0.8, 1.7)]]",1
"[[(4.51, 5.41), (3.13, 4.03)]]",1
"[[(11.81, 12.71), (11.45, 12.35)]]",1
"[[(7.27, 8.17), (6.01, 6.91)]]",0
"[[(10.19, 11.09), (9.78, 10.68)]]",1
"[[(4.06, 4.96), (13.81, 14.71)]]",0
"[[(12.01, 12.91), (8.35, 9.25)]]",0
"[[(12.36, 13.26), (5.6, 6.5)]]",1
"[[(4.31, 5.21), (2.83, 3.73)]]",1
"[[(6.69, 7.59), (6.74, 7.64)]]",1
"[[(12.27, 13.17), (1.24, 2.14)]]",1
"[[(0.49, 1.39), (1.71, 2.61)]]",1
"[[(14.06, 14.96), (11.66, 12.56)]]",0
"[[(5.34, 6.24), (12.13, 13.03)]]",1
"[[(7.48, 8.38), (13.36, 14.26)]]",1
"[[(13.84, 14.74), (13.58, 14.48)]]",1
"[[(10.91, 11.81), (9.65, 10.55)]]",1
"[[(7.02, 7.92), (4.69, 5.59)]]",0
"[[(2.66, 3.56), (7.72, 8.62)]]",1
"[[(12.3, 13.2), (11.59, 12.49)]]",1
"[[(7.51, 8.41), (9.53, 10.43)]]",1
"[[(12.54, 13.44), (6.92, 7.82)]]",1
"[[(7.16, 8.06), (8.55, 9.45)]]",1
"[[(3.01, 3.91), (8.55, 9.45)]]",0
"[[(11.75, 12.65), (1.35, 2.25)]]",1
"[[(14.0, 14.9), (11.47, 12.37)]]",1
"[[(10.38, 11.28), (8.65, 9.55)]]",1
"[[(13.58, 14.48), (6.64, 7.54)]]",1
"[[(11.6, 12.5), (2.55, 3.45)]]",1
"[[(12.42, 13.32), (8.72, 9.62)]]",1
"[[(9.58, 10.48), (6.06, 6.96)]]",0
"[[(0.4, 1.3), (8.09, 8.99)]]",0
"[[(7.77, 8.67), (10.77, 11.67)]]",1
"[[(4.43, 5.33), (3.3, 4.2)]]",1
"[[(0.19, 1.09), (2.61, 3.51)]]",1
"[[(3.06, 3.96), (2.91, 3.81)]]",0
"[[(3.06, 3.96), (8.49, 9.39)]]",0
"[[(13.55, 14.45), (6.2, 7.1)]]",1
"[[(0.08, 0.98), (11.03, 11.93)]]",0
"[[(2.45, 3.35), (7.02, 7.92)]]",0
"[[(13.91, 14.81), (4.43, 5.33)]]",1
"[[(9.83, 10.73), (1.18, 2.08)]]",1
"[[(4.9, 5.8), (11.63, 12.53)]]",1
"[[(1.15, 2.05), (8.31, 9.21)]]",1
"[[(8.72, 9.62), (11.66, 12.56)]]",1
"[[(2.97, 3.87), (2.16, 3.06)]]",1
"[[(13.23, 14.13), (12.79, 13.69)]]",1
"[[(5.64, 6.54), (8.27, 9.17)]]",1
"[[(7.01, 7.91), (3.18, 4.08)]]",0
"[[(0.24, 1.14), (11.82, 12.72)]]",1
"[[(5.57, 6.47), (9.85, 10.75)]]",1
"[[(0.85, 1.75), (6.04, 6.94)]]",0
"[[(3.84, 4.74), (6.99, 7.89)]]",1
"[[(11.79, 12.69), (2.0, 2.9)]]",1
"[[(5.58, 6.48), (3.98, 4.88)]]",1
"[[(5.47, 6.37), (8.26, 9.16)]]",1
"[[(12.15, 13.05), (1.53, 2.43)]]",1
"[[(13.63, 14.53), (11.71, 12.61)]]",1
"[[(2.93, 3.83), (7.44, 8.34)]]",1
"[[(2.78, 3.68), (5.17, 6.07)]]",1
"[[(2.08, 2.98), (12.02, 12.92)]]",0
"[[(2.92, 3.82), (8.68, 9.58)]]",1
"[[(2.61, 3.51), (9.82, 10.72)]]",1
"[[(2.34, 3.24), (7.25, 8.15)]]",1
"[[(10.59, 11.49), (6.14, 7.04)]]",1
"[[(5.52, 6.42), (7.73, 8.63)]]",1
"[[(13.73, 14.63), (5.31, 6.21)]]",1
"[[(12.64, 13.54), (11.11, 12.01)]]",1
"[[(10.13, 11.03), (5.78, 6.68)]]",1
"[[(8.62, 9.52), (9.6, 10.5)]]",1
"[[(12.72, 13.62), (6.27, 7.17)]]",1
"[[(13.66, 14.56), (3.18, 4.08)]]",1
"[[(12.83, 13.73), (7.55, 8.45)]]",1
"[[(5.48, 6.38), (2.46, 3.36)]]",1
"[[(12.96, 13.86), (2.43, 3.33)]]",1
"[[(1.76, 2.66), (3.86, 4.76)]]",1
"[[(6.1, 7.0), (10.93, 11.83)]]",1
"[[(2.93, 3.83), (9.93, 10.83)]]",1
"[[(2.01, 2.91), (13.07, 13.97)]]",0
"[[(12.32, 13.22), (0.57, 1.47)]]",1
"[[(2.31, 3.21), (4.64, 5.54)]]",1
"[[(13.67, 14.57), (13.71, 14.61)]]",1
"[[(1.71, 2.61), (0.1, 1.0)]]",1
"[[(13.48, 14.38), (5.67, 6.57)]]",1
"[[(8.64, 9.54), (5.1, 6.0)]]",1
"[[(9.59, 10.49), (1.56, 2.46)]]",1
"[[(4.53, 5.43), (6.9, 7.8)]]",1
"[[(9.28, 10.18), (7.68, 8.58)]]",1
"[[(1.09, 1.99), (5.67, 6.57)]]",0
"[[(2.06, 2.96), (6.75, 7.65)]]",0
"[[(9.51, 10.41), (4.15, 5.05)]]",1
"[[(11.64, 12.54), (8.59, 9.49)]]",1
"[[(8.16, 9.06), (3.21, 4.11)]]",1
"[[(6.47, 7.37), (1.57, 2.47)]]",1
"[[(4.48, 5.38), (1.09, 1.99)]]",0
"[[(2.33, 3.23), (12.52, 13.42)]]",1
"[[(1.73, 2.63), (10.11, 11.01)]]",1
"[[(5.25, 6.15), (13.17, 14.07)]]",1
"[[(0.54, 1.44), (12.26, 13.16)]]",1
"[[(13.16, 14.06), (10.88, 11.78)]]",1
"[[(1.33, 2.23), (4.27, 5.17)]]",1
"[[(10.75, 11.65), (8.77, 9.67)]]",1
"[[(12.44, 13.34), (7.58, 8.48)]]",1
"[[(1.75, 2.65), (10.25, 11.15)]]",1
"[[(3.03, 3.93), (9.11, 10.01)]]",0
"[[(7.6, 8.5), (13.41, 14.31)]]",1
"[[(1.84, 2.74), (13.09, 13.99)]]",0
"[[(7.99, 8.89), (2.14, 3.04)]]",1
"[[(5.2, 6.1), (0.17, 1.07)]]",1
"[[(8.93, 9.83), (2.32, 3.22)]]",1
"[[(6.56, 7.46), (11.9, 12.8)]]",1
"[[(6.4, 7.3), (9.16, 10.06)]]",1
"[[(1.23, 2.13), (5.78, 6.68)]]",1
"[[(12.84, 13.74), (12.19, 13.09)]]",1
"[[(6.93, 7.83), (12.58, 13.48)]]",1
"[[(2.23, 3.13), (9.14, 10.04)]]",1
"[[(3.46, 4.36), (3.74, 4.64)]]",1
"[[(7.68, 8.58), (0.1, 1.0)]]",1
"[[(2.38, 3.28), (0.69, 1.59)]]",1
"[[(9.74, 10.64), (5.85, 6.75)]]",1
"[[(11.44, 12.34), (6.37, 7.27)]]",1
"[[(7.69, 8.59), (10.35, 11.25)]]",1
"[[(10.42, 11.32), (8.28, 9.18)]]",1
"[[(12.88, 13.78), (8.9, 9.8)]]",1
"[[(5.41, 6.31), (7.18, 8.08)]]",1
"[[(8.42, 9.32), (12.95, 13.85)]]",1
"[[(3.96, 4.86), (5.3, 6.2)]]",1
"[[(13.57, 14.47), (3.33, 4.23)]]",1
"[[(12.14, 13.04), (12.2, 13.1)]]",1
"[[(3.79, 4.69), (2.62, 3.52)]]",1
"[[(12.96, 13.86), (13.08, 13.98)]]",0
"[[(13.5, 14.4), (10.7, 11.6)]]",1
"[[(12.05, 12.95), (2.92, 3.82)]]",0
"[[(0.61, 1.51), (9.11, 10.01)]]",1
"[[(13.66, 14.56), (13.1, 14.0)]]",1
"[[(9.43, 10.33), (0.28, 1.18)]]",1
"[[(4.03, 4.93), (13.45, 14.35)]]",0
"[[(10.05, 10.95), (1.12, 2.02)]]",0
"[[(9.0, 9.9), (3.84, 4.74)]]",1
"[[(6.97, 7.87), (9.24, 10.14)]]",1
"[[(11.62, 12.52), (10.05, 10.95)]]",0
"[[(12.36, 13.26), (0.57, 1.47)]]",1
"[[(3.52, 4.42), (6.81, 7.71)]]",1
"[[(12.17, 13.07), (11.76, 12.66)]]",1
"[[(10.51, 11.41), (12.61, 13.51)]]",1
"[[(7.36, 8.26), (2.65, 3.55)]]",1
"[[(7.03, 7.93), (12.63, 13.53)]]",0
"[[(13.91, 14.81), (3.13, 4.03)]]",1
"[[(1.72, 2.62), (3.33, 4.23)]]",1
"[[(9.99, 10.89), (10.43, 11.33)]]",1
"[[(4.59, 5.49), (13.17, 14.07)]]",1
"[[(4.57, 5.47), (9.56, 10.46)]]",1
"[[(12.07, 12.97), (7.05, 7.95)]]",0
"[[(8.1, 9.0), (13.38, 14.28)]]",1
"[[(0.62, 1.52), (5.88, 6.78)]]",1
"[[(12.01, 12.91), (10.93, 11.83)]]",0
"[[(11.19, 12.09), (3.05, 3.95)]]",0
"[[(2.23, 3.13), (3.33, 4.23)]]",1
"[[(7.58, 8.48), (2.88, 3.78)]]",1
"[[(9.6, 10.5), (6.17, 7.07)]]",1
"[[(6.35, 7.25), (7.33, 8.23)]]",1
"[[(1.16, 2.06), (8.15, 9.05)]]",1
"[[(0.38, 1.28), (4.52, 5.42)]]",1
"[[(2.96, 3.86), (10.6, 11.5)]]",1
"[[(4.78, 5.68), (1.49, 2.39)]]",1
"[[(1.92, 2.82), (0.46, 1.36)]]",1
"[[(3.24, 4.14), (12.72, 13.62)]]",1
"[[(10.27, 11.17), (0.08, 0.98)]]",0
"[[(8.27, 9.17), (0.41, 1.31)]]",1
"[[(3.7, 4.6), (4.17, 5.07)]]",1
"[[(4.16, 5.06), (1.07, 1.97)]]",0
"[[(11.07, 11.97), (5.97, 6.87)]]",0
"[[(11.86, 12.76), (1.38, 2.28)]]",1
"[[(8.85, 9.75), (4.61, 5.51)]]",1
"[[(11.11, 12.01), (1.86, 2.76)]]",1
"[[(8.13, 9.03), (0.5, 1.4)]]",1
"[[(0.66, 1.56), (1.97, 2.87)]]",1
"[[(13.55, 14.45), (12.47, 13.37)]]",1
"[[(0.74, 1.64), (7.96, 8.86)]]",1
"[[(13.26, 14.16), (11.75, 12.65)]]",1
"[[(11.76, 12.66), (1.81, 2.71)]]",1
"[[(9.19, 10.09), (2.85, 3.75)]]",1
"[[(1.7, 2.6), (8.61, 9.51)]]",1
"[[(3.73, 4.63), (5.16, 6.06)]]",1
"[[(3.75, 4.65), (6.23, 7.13)]]",1
"[[(11.0, 11.9), (12.22, 13.12)]]",1
"[[(12.29, 13.19), (1.48, 2.38)]]",1
"[[(7.42, 8.32), (5.09, 5.99)]]",0
"[[(2.86, 3.76), (3.22, 4.12)]]",1
"[[(3.09, 3.99), (3.86, 4.76)]]",0
"[[(0.77, 1.67), (11.65, 12.55)]]",1
"[[(6.36, 7.26), (4.26, 5.16)]]",1
"[[(3.66, 4.56), (8.34, 9.24)]]",1
"[[(2.18, 3.08), (14.05, 14.95)]]",0
"[[(2.56, 3.46), (12.31, 13.21)]]",1
"[[(1.27, 2.17), (12.46, 13.36)]]",1
"[[(4.52, 5.42), (7.64, 8.54)]]",1
"[[(6.26, 7.16), (2.86, 3.76)]]",1
"[[(13.24, 14.14), (10.34, 11.24)]]",1
"[[(9.21, 10.11), (3.42, 4.32)]]",1
"[[(8.59, 9.49), (2.13, 3.03)]]",1
"[[(12.48, 13.38), (11.43, 12.33)]]",1
"[[(2.18, 3.08), (5.09, 5.99)]]",0
"[[(9.27, 10.17), (13.27, 14.17)]]",1
"[[(8.26, 9.16), (11.83, 12.73)]]",1
"[[(4.34, 5.24), (9.21, 10.11)]]",1
"[[(10.32, 11.22), (6.53, 7.43)]]",1
"[[(10.89, 11.79), (9.46, 10.36)]]",1
"[[(4.91, 5.81), (2.86, 3.76)]]",1
"[[(7.74, 8.64), (4.18, 5.08)]]",1
"[[(1.16, 2.06), (12.07, 12.97)]]",0
"[[(8.2, 9.1), (11.9, 12.8)]]",1
"[[(4.16, 5.06), (6.38, 7.28)]]",1
"[[(9.92, 10.82), (9.99, 10.89)]]",1
"[[(9.24, 10.14), (2.5, 3.4)]]",1
"[[(5.95, 6.85), (3.5, 4.4)]]",1
"[[(1.49, 2.39), (9.24, 10.14)]]",1
"[[(8.34, 9.24), (1.89, 2.79)]]",1
"[[(4.86, 5.76), (12.79, 13.69)]]",1
"[[(9.41, 10.31), (7.64, 8.54)]]",1
"[[(1.94, 2.84), (1.27, 2.17)]]",1
"[[(9.6, 10.5), (3.47, 4.37)]]",1
"[[(9.93, 10.83), (13.28, 14.18)]]",1
"[[(4.71, 5.61), (3.35, 4.25)]]",1
"[[(1.74, 2.64), (6.68, 7.58)]]",1
"[[(0.96, 1.86), (11.11, 12.01)]]",1
"[[(12.22, 13.12), (2.03, 2.93)]]",0
"[[(11.07, 11.97), (5.82, 6.72)]]",0
"[[(13.83, 14.73), (7.0, 7.9)]]",1
"[[(5.24, 6.14), (2.99, 3.89)]]",1
"[[(13.41, 14.31), (9.91, 10.81)]]",1
"[[(3.81, 4.71), (3.47, 4.37)]]",1
"[[(5.31, 6.21), (13.69, 14.59)]]",1
"[[(10.5, 11.4), (5.83, 6.73)]]",1
"[[(11.21, 12.11), (10.92, 11.82)]]",1
"[[(1.99, 2.89), (8.94, 9.84)]]",1
"[[(12.24, 13.14), (12.07, 12.97)]]",0
"[[(1.82, 2.72), (1.23, 2.13)]]",1
"[[(4.19, 5.09), (13.44, 14.34)]]",1
"[[(4.47, 5.37), (9.09, 9.99)]]",0
"[[(7.16, 8.06), (5.58, 6.48)]]",1
"[[(10.02, 10.92), (7.26, 8.16)]]",0
"[[(12.33, 13.23), (10.97, 11.87)]]",1
"[[(9.27, 10.17), (5.84, 6.74)]]",1
"[[(8.77, 9.67), (10.72, 11.62)]]",1
"[[(11.96, 12.86), (8.7, 9.6)]]",1
"[[(13.85, 14.75), (8.15, 9.05)]]",1
"[[(9.7, 10.6), (9.91, 10.81)]]",1
"[[(1.96, 2.86), (11.52, 12.42)]]",1
"[[(6.1, 7.0), (5.95, 6.85)]]",1
"[[(6.59, 7.49), (12.12, 13.02)]]",1
"[[(3.35, 4.25), (8.85, 9.75)]]",1
"[[(1.27, 2.17), (3.89, 4.79)]]",1
"[[(3.09, 3.99), (13.36, 14.26)]]",0
"[[(5.27, 6.17), (3.11, 4.01)]]",1
"[[(11.07, 11.97), (7.36, 8.26)]]",0
"[[(5.83, 6.73), (13.43, 14.33)]]",1
"[[(3.53, 4.43), (12.79, 13.69)]]",1
"[[(12.89, 13.79), (11.61, 12.51)]]",1
"[[(13.4, 14.3), (12.16, 13.06)]]",1
"[[(1.18, 2.08), (7.14, 8.04)]]",1
"[[(1.27, 2.17), (6.38, 7.28)]]",1
"[[(8.44, 9.34), (4.49, 5.39)]]",1
"[[(13.76, 14.66), (13.14, 14.04)]]",1
"[[(13.75, 14.65), (11.34, 12.24)]]",1
"[[(12.24, 13.14), (3.3, 4.2)]]",1
"[[(8.92, 9.82), (3.69, 4.59)]]",1
"[[(13.1, 14.0), (12.31, 13.21)]]",1
"[[(0.36, 1.26), (0.58, 1.48)]]",1
"[[(12.55, 13.45), (5.64, 6.54)]]",1
"[[(12.79, 13.69), (10.58, 11.48)]]",1
"[[(10.5, 11.4), (8.59, 9.49)]]",1
"[[(5.45, 6.35), (0.91, 1.81)]]",1
"[[(5.89, 6.79), (5.44, 6.34)]]",1
"[[(0.54, 1.44), (7.71, 8.61)]]",1
"[[(9.73, 10.63), (7.8, 8.7)]]",1
"[[(1.18, 2.08), (5.25, 6.15)]]",1
"[[(4.29, 5.19), (11.77, 12.67)]]",1
"[[(7.37, 8.27), (3.96, 4.86)]]",1
"[[(2.77, 3.67), (2.95, 3.85)]]",1
"[[(8.52, 9.42), (7.33, 8.23)]]",1
"[[(0.8, 1.7), (13.43, 14.33)]]",1
"[[(4.44, 5.34), (5.19, 6.09)]]",1
"[[(6.45, 7.35), (2.69, 3.59)]]",1
"[[(13.08, 13.98), (12.69, 13.59)]]",0
"[[(6.56, 7.46), (10.88, 11.78)]]",1
"[[(3.14, 4.04), (10.68, 11.58)]]",1
"[[(3.12, 4.02), (12.77, 13.67)]]",1
"[[(0.55, 1.45), (1.46, 2.36)]]",1
"[[(6.78, 7.68), (11.18, 12.08)]]",1
"[[(2.77, 3.67), (1.06, 1.96)]]",0
"[[(9.84, 10.74), (13.65, 14.55)]]",1
"[[(12.49, 13.39), (9.92, 10.82)]]",1
"[[(13.42, 14.32), (13.65, 14.55)]]",1
"[[(9.15, 10.05), (11.34, 12.24)]]",1
"[[(1.02, 1.92), (12.82, 13.72)]]",0
"[[(10.87, 11.77), (11.4, 12.3)]]",1
"[[(4.27, 5.17), (1.11, 2.01)]]",1
"[[(7.39, 8.29), (0.49, 1.39)]]",1
"[[(11.15, 12.05), (12.82, 13.72)]]",1
"[[(7.04, 7.94), (10.26, 11.16)]]",0
"[[(7.53, 8.43), (6.48, 7.38)]]",1
"[[(13.42, 14.32), (8.1, 9.0)]]",1
"[[(2.75, 3.65), (2.79, 3.69)]]",1
"[[(12.94, 13.84), (10.08, 10.98)]]",0
"[[(6.46, 7.36), (0.44, 1.34)]]",1
"[[(6.43, 7.33), (7.11, 8.01)]]",1
"[[(5.5, 6.4), (10.88, 11.78)]]",1
"[[(2.23, 3.13), (2.16, 3.06)]]",1
"[[(2.04, 2.94), (11.01, 11.91)]]",0
"[[(13.73, 14.63), (4.62, 5.52)]]",1
"[[(5.44, 6.34), (2.05, 2.95)]]",0
"[[(12.17, 13.07), (7.39, 8.29)]]",1
"[[(12.92, 13.82), (2.84, 3.74)]]",1
"[[(2.54, 3.44), (10.12, 11.02)]]",1
"[[(10.62, 11.52), (11.78, 12.68)]]",1
"[[(13.66, 14.56), (3.65, 4.55)]]",1
"[[(2.14, 3.04), (5.63, 6.53)]]",1
"[[(7.58, 8.48), (11.92, 12.82)]]",1
"[[(12.75, 13.65), (7.84, 8.74)]]",1
"[[(6.02, 6.92), (6.83, 7.73)]]",0
"[[(4.49, 5.39), (12.63, 13.53)]]",1
"[[(9.91, 10.81), (3.35, 4.25)]]",1
"[[(12.07, 12.97), (8.77, 9.67)]]",0
"[[(10.0, 10.9), (5.22, 6.12)]]",1
"[[(12.37, 13.27), (13.38, 14.28)]]",1
"[[(13.91, 14.81), (0.39, 1.29)]]",1
"[[(6.98, 7.88), (7.91, 8.81)]]",1
"[[(8.35, 9.25), (8.42, 9.32)]]",1
"[[(11.34, 12.24), (2.2, 3.1)]]",1
"[[(9.66, 10.56), (7.78, 8.68)]]",1
"[[(8.93, 9.83), (9.62, 10.52)]]",1
"[[(11.76, 12.66), (8.42, 9.32)]]",1
"[[(7.66, 8.56), (6.51, 7.41)]]",1
"[[(10.92, 11.82), (9.33, 10.23)]]",1
"[[(6.26, 7.16), (4.76, 5.66)]]",1
"[[(10.91, 11.81), (2.2, 3.1)]]",1
"[[(9.75, 10.65), (10.56, 11.46)]]",1
"[[(9.12, 10.02), (3.13, 4.03)]]",1
"[[(8.09, 8.99), (10.39, 11.29)]]",0
"[[(8.78, 9.68), (1.93, 2.83)]]",1
"[[(7.94, 8.84), (8.24, 9.14)]]",1
"[[(1.08, 1.98), (6.38, 7.28)]]",0
"[[(11.63, 12.53), (4.12, 5.02)]]",1
"[[(0.16, 1.06), (12.73, 13.63)]]",1
"[[(10.54, 11.44), (0.89, 1.79)]]",1
"[[(11.31, 12.21), (10.63, 11.53)]]",1
"[[(8.11, 9.01), (8.58, 9.48)]]",1
"[[(4.08, 4.98), (1.01, 1.91)]]",0
"[[(3.8, 4.7), (4.79, 5.69)]]",1
"[[(3.2, 4.1), (13.16, 14.06)]]",1
"[[(11.52, 12.42), (2.46, 3.36)]]",1
"[[(2.85, 3.75), (4.54, 5.44)]]",1
"[[(5.43, 6.33), (4.09, 4.99)]]",0
"[[(2.34, 3.24), (3.49, 4.39)]]",1
"[[(13.55, 14.45), (1.31, 2.21)]]",1
"[[(1.65, 2.55), (13.85, 14.75)]]",1
"[[(8.34, 9.24), (8.19, 9.09)]]",1
"[[(7.09, 7.99), (11.88, 12.78)]]",0
"[[(8.34, 9.24), (1.82, 2.72)]]",1
"[[(0.43, 1.33), (10.5, 11.4)]]",1
"[[(10.84, 11.74), (7.62, 8.52)]]",1
"[[(0.36, 1.26), (2.31, 3.21)]]",1
"[[(7.62, 8.52), (1.35, 2.25)]]",1
"[[(2.31, 3.21), (10.87, 11.77)]]",1
"[[(9.39, 10.29), (12.95, 13.85)]]",1
"[[(5.59, 6.49), (6.03, 6.93)]]",0
"[[(7.44, 8.34), (6.78, 7.68)]]",1
"[[(11.72, 12.62), (1.58, 2.48)]]",1
"[[(1.79, 2.69), (7.89, 8.79)]]",1
"[[(5.12, 6.02), (10.92, 11.82)]]",1
"[[(8.68, 9.58), (1.93, 2.83)]]",1
"[[(8.53, 9.43), (6.72, 7.62)]]",1
"[[(7.43, 8.33), (1.01, 1.91)]]",0
"[[(1.68, 2.58), (6.53, 7.43)]]",1
"[[(12.1, 13.0), (12.13, 13.03)]]",1
"[[(7.74, 8.64), (3.07, 3.97)]]",0
"[[(4.43, 5.33), (12.58, 13.48)]]",1
"[[(6.51, 7.41), (9.84, 10.74)]]",1
"[[(3.48, 4.38), (3.46, 4.36)]]",1
"[[(2.59, 3.49), (3.91, 4.81)]]",1
"[[(5.99, 6.89), (3.32, 4.22)]]",1
"[[(9.55, 10.45), (7.64, 8.54)]]",1
"[[(11.33, 12.23), (2.67, 3.57)]]",1
"[[(0.03, 0.93), (5.39, 6.29)]]",0
"[[(7.26, 8.16), (7.33, 8.23)]]",1
"[[(7.52, 8.42), (12.58, 13.48)]]",1
"[[(9.3, 10.2), (4.77, 5.67)]]",1
"[[(3.62, 4.52), (12.02, 12.92)]]",0
"[[(0.88, 1.78), (6.25, 7.15)]]",1
"[[(1.06, 1.96), (6.3, 7.2)]]",0
"[[(11.64, 12.54), (13.48, 14.38)]]",1
"[[(2.89, 3.79), (13.73, 14.63)]]",1
"[[(7.08, 7.98), (6.61, 7.51)]]",0
"[[(13.13, 14.03), (2.35, 3.25)]]",1
"[[(10.2, 11.1), (7.88, 8.78)]]",1
"[[(4.04, 4.94), (0.12, 1.02)]]",0
"[[(8.81, 9.71), (1.94, 2.84)]]",1
"[[(5.94, 6.84), (9.15, 10.05)]]",1
"[[(10.96, 11.86), (0.68, 1.58)]]",1
"[[(8.23, 9.13), (2.13, 3.03)]]",1
"[[(5.53, 6.43), (2.9, 3.8)]]",1
"[[(3.15, 4.05), (9.22, 10.12)]]",1
"[[(8.37, 9.27), (11.53, 12.43)]]",1
"[[(4.67, 5.57), (3.01, 3.91)]]",0
"[[(13.46, 14.36), (13.79, 14.69)]]",1
"[[(5.05, 5.95), (1.67, 2.57)]]",0
"[[(7.25, 8.15), (1.88, 2.78)]]",1
"[[(2.44, 3.34), (13.99, 14.89)]]",1
"[[(8.94, 9.84), (11.31, 12.21)]]",1
"[[(9.15, 10.05), (5.44, 6.34)]]",1
"[[(12.78, 13.68), (6.79, 7.69)]]",1
"[[(13.73, 14.63), (0.58, 1.48)]]",1
"[[(13.53, 14.43), (1.35, 2.25)]]",1
"[[(2.05, 2.95), (3.02, 3.92)]]",0
"[[(4.6, 5.5), (6.84, 7.74)]]",1
"[[(7.92, 8.82), (13.42, 14.32)]]",1
"[[(12.54, 13.44), (10.44, 11.34)]]",1
"[[(8.58, 9.48), (6.52, 7.42)]]",1
"[[(11.95, 12.85), (6.1, 7.0)]]",1
"[[(9.01, 9.91), (2.48, 3.38)]]",0
"[[(10.9, 11.8), (0.53, 1.43)]]",1
"[[(0.92, 1.82), (11.75, 12.65)]]",1
"[[(12.49, 13.39), (5.35, 6.25)]]",1
"[[(8.99, 9.89), (5.89, 6.79)]]",1
"[[(7.92, 8.82), (3.06, 3.96)]]",0
"[[(12.15, 13.05), (4.9, 5.8)]]",1
"[[(2.58, 3.48), (0.53, 1.43)]]",1
"[[(2.5, 3.4), (2.25, 3.15)]]",1
"[[(10.05, 10.95), (2.32, 3.22)]]",0
"[[(9.69, 10.59), (1.64, 2.54)]]",1
"[[(0.28, 1.18), (6.39, 7.29)]]",1
"[[(4.04, 4.94), (1.74, 2.64)]]",0
"[[(3.11, 4.01), (9.15, 10.05)]]",1
"[[(2.66, 3.56), (0.19, 1.09)]]",1
"[[(13.77, 14.67), (0.16, 1.06)]]",1
"[[(4.46, 5.36), (11.46, 12.36)]]",1
"[[(7.12, 8.02), (4.77, 5.67)]]",1
"[[(9.6, 10.5), (0.0, 0.9)]]",1
"[[(13.08, 13.98), (6.77, 7.67)]]",0
"[[(2.22, 3.12), (3.47, 4.37)]]",1
"[[(0.84, 1.74), (4.73, 5.63)]]",1
"[[(1.11, 2.01), (10.24, 11.14)]]",1
"[[(6.25, 7.15), (12.74, 13.64)]]",1
"[[(7.45, 8.35), (0.39, 1.29)]]",1
"[[(7.41, 8.31), (10.39, 11.29)]]",1
"[[(8.94, 9.84), (6.09, 6.99)]]",0
"[[(13.15, 14.05), (4.84, 5.74)]]",1
"[[(3.96, 4.86), (2.66, 3.56)]]",1
"[[(12.36, 13.26), (11.77, 12.67)]]",1
"[[(8.88, 9.78), (1.6, 2.5)]]",1
"[[(12.11, 13.01), (13.59, 14.49)]]",1
"[[(11.44, 12.34), (7.19, 8.09)]]",1
"[[(8.55, 9.45), (1.33, 2.23)]]",1
"[[(8.88, 9.78), (9.07, 9.97)]]",0
"[[(12.72, 13.62), (11.64, 12.54)]]",1
"[[(9.8, 10.7), (6.45, 7.35)]]",1
"[[(6.2, 7.1), (3.22, 4.12)]]",1
"[[(5.42, 6.32), (0.65, 1.55)]]",1
"[[(11.44, 12.34), (13.03, 13.93)]]",0
"[[(1.39, 2.29), (6.3, 7.2)]]",1
"[[(4.62, 5.52), (9.24, 10.14)]]",1
"[[(5.15, 6.05), (3.92, 4.82)]]",1
"[[(13.98, 14.88), (5.57, 6.47)]]",1
"[[(13.99, 14.89), (4.56, 5.46)]]",1
"[[(2.56, 3.46), (7.44, 8.34)]]",1
"[[(12.39, 13.29), (5.85, 6.75)]]",1
"[[(1.0, 1.9), (11.46, 12.36)]]",1
"[[(8.65, 9.55), (13.77, 14.67)]]",1
"[[(2.32, 3.22), (3.01, 3.91)]]",0
"[[(9.68, 10.58), (2.61, 3.51)]]",1
"[[(12.67, 13.57), (0.81, 1.71)]]",1
"[[(13.31, 14.21), (4.01, 4.91)]]",0
"[[(7.54, 8.44), (1.46, 2.36)]]",1
"[[(7.41, 8.31), (5.93, 6.83)]]",1
"[[(5.77, 6.67), (3.29, 4.19)]]",1
"[[(1.33, 2.23), (9.19, 10.09)]]",1
"[[(11.81, 12.71), (3.36, 4.26)]]",1
"[[(2.56, 3.46), (2.17, 3.07)]]",1
"[[(1.67, 2.57), (2.94, 3.84)]]",1
"[[(8.51, 9.41), (10.57, 11.47)]]",1
"[[(8.96, 9.86), (0.2, 1.1)]]",1
"[[(12.11, 13.01), (10.24, 11.14)]]",1
"[[(0.01, 0.91), (4.01, 4.91)]]",0
"[[(13.08, 13.98), (7.04, 7.94)]]",0
"[[(2.91, 3.81), (5.32, 6.22)]]",1
"[[(0.91, 1.81), (11.72, 12.62)]]",1
"[[(1.9, 2.8), (10.01, 10.91)]]",0
"[[(1.61, 2.51), (7.45, 8.35)]]",1
"[[(6.17, 7.07), (2.66, 3.56)]]",1
"[[(6.64, 7.54), (7.51, 8.41)]]",1
"[[(4.28, 5.18), (13.57, 14.47)]]",1
"[[(7.83, 8.73), (11.24, 12.14)]]",1
"[[(0.23, 1.13), (2.43, 3.33)]]",1
"[[(11.61, 12.51), (7.3, 8.2)]]",1
"[[(11.1, 12.0), (5.13, 6.03)]]",1
"[[(6.12, 7.02), (1.93, 2.83)]]",1
"[[(0.55, 1.45), (6.55, 7.45)]]",1
"[[(12.55, 13.45), (3.3, 4.2)]]",1
"[[(0.13, 1.03), (11.87, 12.77)]]",1
"[[(11.29, 12.19), (5.59, 6.49)]]",1
"[[(5.11, 6.01), (1.15, 2.05)]]",1
"[[(13.96, 14.86), (13.59, 14.49)]]",1
"[[(13.0, 13.9), (7.88, 8.78)]]",1
"[[(5.49, 6.39), (1.35, 2.25)]]",1
"[[(1.98, 2.88), (2.54, 3.44)]]",1
"[[(0.86, 1.76), (6.73, 7.63)]]",1
"[[(5.16, 6.06), (7.5, 8.4)]]",1
"[[(13.18, 14.08), (2.3, 3.2)]]",1
"[[(3.47, 4.37), (3.96, 4.86)]]",1
"[[(4.4, 5.3), (13.43, 14.33)]]",1
"[[(0.97, 1.87), (0.98, 1.88)]]",1
"[[(10.37, 11.27), (2.0, 2.9)]]",1
"[[(10.24, 11.14), (11.01, 11.91)]]",0
"[[(2.04, 2.94), (0.2, 1.1)]]",0
"[[(2.14, 3.04), (5.85, 6.75)]]",1
"[[(9.45, 10.35), (8.43, 9.33)]]",1
"[[(8.81, 9.71), (1.15, 2.05)]]",1
"[[(7.72, 8.62), (1.63, 2.53)]]",1
"[[(12.47, 13.37), (4.97, 5.87)]]",1
"[[(1.39, 2.29), (5.99, 6.89)]]",1
"[[(6.91, 7.81), (1.61, 2.51)]]",1
"[[(7.74, 8.64), (4.63, 5.53)]]",1
"[[(0.88, 1.78), (0.84, 1.74)]]",1
"[[(13.61, 14.51), (13.56, 14.46)]]",1
"[[(11.06, 11.96), (6.63, 7.53)]]",0
"[[(2.75, 3.65), (11.1, 12.0)]]",1
"[[(11.96, 12.86), (0.8, 1.7)]]",1
"[[(3.04, 3.94), (7.17, 8.07)]]",0
"[[(2.06, 2.96), (9.71, 10.61)]]",0
"[[(3.46, 4.36), (12.59, 13.49)]]",1
"[[(10.08, 10.98), (12.39, 13.29)]]",0
"[[(10.91, 11.81), (13.12, 14.02)]]",1
"[[(0.55, 1.45), (3.66, 4.56)]]",1
"[[(12.93, 13.83), (13.32, 14.22)]]",1
"[[(9.44, 10.34), (9.09, 9.99)]]",0
"[[(0.81, 1.71), (1.84, 2.74)]]",1
"[[(13.96, 14.86), (12.98, 13.88)]]",1
"[[(2.11, 3.01), (10.69, 11.59)]]",1
"[[(1.68, 2.58), (6.54, 7.44)]]",1
"[[(3.97, 4.87), (10.54, 11.44)]]",1
"[[(2.8, 3.7), (4.05, 4.95)]]",0
"[[(11.61, 12.51), (4.5, 5.4)]]",1
"[[(2.51, 3.41), (12.31, 13.21)]]",1
"[[(3.79, 4.69), (12.12, 13.02)]]",1
"[[(8.24, 9.14), (6.17, 7.07)]]",1
"[[(1.78, 2.68), (7.1, 8.0)]]",1
"[[(8.27, 9.17), (1.01, 1.91)]]",0
"[[(13.82, 14.72), (0.15, 1.05)]]",1
"[[(12.89, 13.79), (4.17, 5.07)]]",1
"[[(3.81, 4.71), (3.77, 4.67)]]",1
"[[(10.11, 11.01), (12.78, 13.68)]]",1
"[[(6.58, 7.48), (14.05, 14.95)]]",0
"[[(12.56, 13.46), (2.74, 3.64)]]",1
"[[(6.53, 7.43), (2.61, 3.51)]]",1
"[[(10.27, 11.17), (12.51, 13.41)]]",1
"[[(6.0, 6.9), (4.12, 5.02)]]",1
"[[(2.54, 3.44), (8.07, 8.97)]]",0
"[[(10.77, 11.67), (2.84, 3.74)]]",1
"[[(12.99, 13.89), (9.42, 10.32)]]",1
"[[(5.48, 6.38), (10.11, 11.01)]]",1
"[[(4.83, 5.73), (0.83, 1.73)]]",1
"[[(12.18, 13.08), (7.92, 8.82)]]",1
"[[(2.85, 3.75), (3.11, 4.01)]]",1
"[[(12.42, 13.32), (8.37, 9.27)]]",1
"[[(6.11, 7.01), (1.81, 2.71)]]",1
"[[(11.85, 12.75), (3.22, 4.12)]]",1
"[[(5.86, 6.76), (0.54, 1.44)]]",1
"[[(7.98, 8.88), (1.27, 2.17)]]",1
"[[(3.32, 4.22), (0.49, 1.39)]]",1
"[[(2.44, 3.34), (13.26, 14.16)]]",1
"[[(12.05, 12.95), (12.16, 13.06)]]",0
"[[(7.63, 8.53), (5.82, 6.72)]]",1
"[[(4.43, 5.33), (6.7, 7.6)]]",1
"[[(2.97, 3.87), (5.26, 6.16)]]",1
"[[(0.7, 1.6), (8.86, 9.76)]]",1
"[[(12.43, 13.33), (3.33, 4.23)]]",1
"[[(6.92, 7.82), (5.69, 6.59)]]",1
"[[(12.78, 13.68), (2.38, 3.28)]]",1
"[[(13.12, 14.02), (7.36, 8.26)]]",1
"[[(1.25, 2.15), (8.32, 9.22)]]",1
"[[(11.91, 12.81), (10.05, 10.95)]]",0
"[[(10.82, 11.72), (11.09, 11.99)]]",0
"[[(4.46, 5.36), (4.24, 5.14)]]",1
"[[(9.28, 10.18), (7.03, 7.93)]]",0
"[[(2.28, 3.18), (4.12, 5.02)]]",1
"[[(12.59, 13.49), (10.7, 11.6)]]",1
"[[(13.47, 14.37), (3.22, 4.12)]]",1
"[[(0.56, 1.46), (3.67, 4.57)]]",1
"[[(7.81, 8.71), (2.74, 3.64)]]",1
"[[(1.41, 2.31), (11.82, 12.72)]]",1
"[[(4.63, 5.53), (5.9, 6.8)]]",1
"[[(10.66, 11.56), (13.22, 14.12)]]",1
"[[(6.78, 7.68), (8.45, 9.35)]]",1
"[[(12.25, 13.15), (8.38, 9.28)]]",1
"[[(10.95, 11.85), (1.26, 2.16)]]",1
"[[(6.12, 7.02), (8.72, 9.62)]]",1
"[[(13.59, 14.49), (4.39, 5.29)]]",1
"[[(4.44, 5.34), (9.08, 9.98)]]",0
"[[(4.91, 5.81), (13.51, 14.41)]]",1
"[[(0.06, 0.96), (6.64, 7.54)]]",0
"[[(1.08, 1.98), (0.36, 1.26)]]",0
"[[(5.74, 6.64), (10.58, 11.48)]]",1
"[[(6.57, 7.47), (7.15, 8.05)]]",1
"[[(13.06, 13.96), (6.82, 7.72)]]",0
"[[(7.63, 8.53), (6.81, 7.71)]]",1
"[[(6.7, 7.6), (4.39, 5.29)]]",1
"[[(0.7, 1.6), (10.45, 11.35)]]",1
"[[(12.22, 13.12), (11.24, 12.14)]]",1
"[[(11.6, 12.5), (5.09, 5.99)]]",0
"[[(5.32, 6.22), (3.87, 4.77)]]",1
"[[(3.38, 4.28), (1.05, 1.95)]]",0
"[[(2.08, 2.98), (8.77, 9.67)]]",0
"[[(1.92, 2.82), (10.95, 11.85)]]",1
"[[(13.37, 14.27), (4.03, 4.93)]]",0
"[[(6.63, 7.53), (3.89, 4.79)]]",1
"[[(7.7, 8.6), (7.49, 8.39)]]",1
"[[(6.85, 7.75), (2.35, 3.25)]]",1
"[[(4.88, 5.78), (10.49, 11.39)]]",1
"[[(5.07, 5.97), (12.13, 13.03)]]",0
"[[(1.44, 2.34), (3.18, 4.08)]]",1
"[[(5.2, 6.1), (9.13, 10.03)]]",1
"[[(11.3, 12.2), (3.14, 4.04)]]",1
"[[(13.42, 14.32), (1.7, 2.6)]]",1
"[[(7.73, 8.63), (4.29, 5.19)]]",1
"[[(9.28, 10.18), (11.54, 12.44)]]",1
"[[(9.99, 10.89), (0.99, 1.89)]]",1
"[[(8.03, 8.93), (4.53, 5.43)]]",0
"[[(5.32, 6.22), (7.0, 7.9)]]",1
"[[(5.17, 6.07), (3.22, 4.12)]]",1
"[[(13.23, 14.13), (10.06, 10.96)]]",0
"[[(9.64, 10.54), (8.27, 9.17)]]",1
"[[(10.27, 11.17), (11.31, 12.21)]]",1
"[[(12.22, 13.12), (7.31, 8.21)]]",1
"[[(0.62, 1.52), (10.61, 11.51)]]",1
"[[(2.77, 3.67), (6.26, 7.16)]]",1
"[[(11.08, 11.98), (11.42, 12.32)]]",0
"[[(10.41, 11.31), (5.55, 6.45)]]",1
"[[(7.28, 8.18), (13.25, 14.15)]]",1
"[[(7.71, 8.61), (5.75, 6.65)]]",1
"[[(7.91, 8.81), (7.5, 8.4)]]",1
"[[(5.12, 6.02), (4.23, 5.13)]]",1
"[[(6.98, 7.88), (12.21, 13.11)]]",1
"[[(13.44, 14.34), (3.99, 4.89)]]",1
"[[(7.96, 8.86), (0.67, 1.57)]]",1
"[[(7.23, 8.13), (10.28, 11.18)]]",1
"[[(7.61, 8.51), (8.15, 9.05)]]",1
"[[(0.38, 1.28), (4.83, 5.73)]]",1
"[[(4.7, 5.6), (3.59, 4.49)]]",1
"[[(1.76, 2.66), (0.97, 1.87)]]",1
"[[(8.62, 9.52), (8.43, 9.33)]]",1
"[[(6.39, 7.29), (2.07, 2.97)]]",0
"[[(11.55, 12.45), (2.17, 3.07)]]",1
"[[(9.31, 10.21), (5.63, 6.53)]]",1
"[[(2.8, 3.7), (13.0, 13.9)]]",1
"[[(9.27, 10.17), (3.47, 4.37)]]",1
"[[(5.72, 6.62), (5.55, 6.45)]]",1
"[[(12.48, 13.38), (4.35, 5.25)]]",1
"[[(1.41, 2.31), (3.76, 4.66)]]",1
"[[(3.66, 4.56), (5.18, 6.08)]]",1
"[[(2.7, 3.6), (0.02, 0.92)]]",0
"[[(10.55, 11.45), (5.12, 6.02)]]",1
"[[(5.05, 5.95), (0.36, 1.26)]]",0
"[[(8.2, 9.1), (6.08, 6.98)]]",0
"[[(8.94, 9.84), (11.6, 12.5)]]",1
"[[(0.28, 1.18), (8.29, 9.19)]]",1
"[[(4.84, 5.74), (6.58, 7.48)]]",1
"[[(9.27, 10.17), (7.54, 8.44)]]",1
"[[(12.8, 13.7), (1.84, 2.74)]]",1
"[[(12.8, 13.7), (2.73, 3.63)]]",1
"[[(13.3, 14.2), (10.35, 11.25)]]",1
"[[(13.43, 14.33), (3.99, 4.89)]]",1
"[[(6.92, 7.82), (12.05, 12.95)]]",0
"[[(11.68, 12.58), (7.06, 7.96)]]",0
"[[(13.65, 14.55), (9.72, 10.62)]]",1
"[[(12.3, 13.2), (9.36, 10.26)]]",1
"[[(11.68, 12.58), (5.46, 6.36)]]",1
"[[(3.15, 4.05), (11.13, 12.03)]]",1
"[[(3.45, 4.35), (8.75, 9.65)]]",1
"[[(8.68, 9.58), (3.05, 3.95)]]",0
"[[(12.02, 12.92), (4.76, 5.66)]]",0
"[[(4.15, 5.05), (0.84, 1.74)]]",1
"[[(12.18, 13.08), (0.04, 0.94)]]",0
"[[(11.91, 12.81), (3.67, 4.57)]]",1
"[[(14.07, 14.97), (11.49, 12.39)]]",0
"[[(1.97, 2.87), (2.55, 3.45)]]",1
"[[(6.95, 7.85), (3.58, 4.48)]]",1
"[[(6.67, 7.57), (4.6, 5.5)]]",1
"[[(2.2, 3.1), (12.38, 13.28)]]",1
"[[(3.48, 4.38), (12.86, 13.76)]]",1
"[[(12.82, 13.72), (9.49, 10.39)]]",1
"[[(3.18, 4.08), (7.07, 7.97)]]",0
"[[(8.91, 9.81), (4.94, 5.84)]]",1
"[[(2.29, 3.19), (12.22, 13.12)]]",1
"[[(8.47, 9.37), (13.32, 14.22)]]",1
"[[(12.61, 13.51), (5.91, 6.81)]]",1
"[[(5.59, 6.49), (1.82, 2.72)]]",1
"[[(11.37, 12.27), (9.23, 10.13)]]",1
"[[(7.91, 8.81), (10.75, 11.65)]]",1
"[[(12.37, 13.27), (1.81, 2.71)]]",1
"[[(4.83, 5.73), (8.42, 9.32)]]",1
"[[(2.45, 3.35), (2.15, 3.05)]]",1
"[[(8.65, 9.55), (8.96, 9.86)]]",1
"[[(7.62, 8.52), (11.06, 11.96)]]",0
"[[(9.4, 10.3), (12.58, 13.48)]]",1
"[[(12.77, 13.67), (3.5, 4.4)]]",1
"[[(5.6, 6.5), (12.37, 13.27)]]",1
"[[(0.76, 1.66), (10.55, 11.45)]]",1
"[[(9.38, 10.28), (0.59, 1.49)]]",1
"[[(13.88, 14.78), (9.72, 10.62)]]",1
"[[(3.76, 4.66), (2.02, 2.92)]]",0
"[[(12.4, 13.3), (6.02, 6.92)]]",0
"[[(3.27, 4.17), (12.3, 13.2)]]",1
"[[(10.67, 11.57), (3.69, 4.59)]]",1
"[[(13.21, 14.11), (12.72, 13.62)]]",1
"[[(5.07, 5.97), (9.44, 10.34)]]",0
"[[(9.55, 10.45), (8.99, 9.89)]]",1
"[[(7.65, 8.55), (4.59, 5.49)]]",1
"[[(13.5, 14.4), (7.64, 8.54)]]",1
"[[(9.89, 10.79), (6.35, 7.25)]]",1
"[[(5.53, 6.43), (0.48, 1.38)]]",1
"[[(9.38, 10.28), (5.2, 6.1)]]",1
"[[(8.46, 9.36), (0.16, 1.06)]]",1
"[[(11.94, 12.84), (11.38, 12.28)]]",1
"[[(13.93, 14.83), (5.88, 6.78)]]",1
"[[(8.68, 9.58), (4.9, 5.8)]]",1
"[[(7.15, 8.05), (6.0, 6.9)]]",1
"[[(1.45, 2.35), (3.49, 4.39)]]",1
"[[(2.97, 3.87), (4.78, 5.68)]]",1
"[[(1.89, 2.79), (5.0, 5.9)]]",1
"[[(13.83, 14.73), (5.82, 6.72)]]",1
"[[(6.22, 7.12), (13.76, 14.66)]]",1
"[[(5.91, 6.81), (5.02, 5.92)]]",0
"[[(5.67, 6.57), (9.48, 10.38)]]",1
"[[(7.56, 8.46), (13.44, 14.34)]]",1
"[[(12.27, 13.17), (0.72, 1.62)]]",1
"[[(9.26, 10.16), (9.25, 10.15)]]",1
"[[(10.81, 11.71), (5.15, 6.05)]]",1
"[[(6.08, 6.98), (13.44, 14.34)]]",0
"[[(10.59, 11.49), (9.29, 10.19)]]",1
"[[(3.52, 4.42), (11.93, 12.83)]]",1
"[[(6.17, 7.07), (8.34, 9.24)]]",1
"[[(8.07, 8.97), (4.89, 5.79)]]",0
"[[(0.35, 1.25), (6.68, 7.58)]]",1
"[[(0.7, 1.6), (2.79, 3.69)]]",1
"[[(1.18, 2.08), (3.99, 4.89)]]",1
"[[(9.66, 10.56), (3.01, 3.91)]]",0
"[[(1.6, 2.5), (13.81, 14.71)]]",1
"[[(5.9, 6.8), (0.72, 1.62)]]",1
"[[(1.33, 2.23), (8.06, 8.96)]]",0
"[[(2.04, 2.94), (7.89, 8.79)]]",0
"[[(1.4, 2.3), (13.24, 14.14)]]",1
"[[(1.04, 1.94), (5.64, 6.54)]]",0
"[[(2.94, 3.84), (0.25, 1.15)]]",1
"[[(10.6, 11.5), (9.43, 10.33)]]",1
"[[(3.63, 4.53), (6.26, 7.16)]]",1
"[[(6.2, 7.1), (0.87, 1.77)]]",1
"[[(9.91, 10.81), (5.76, 6.66)]]",1
"[[(10.11, 11.01), (1.86, 2.76)]]",1
"[[(3.9, 4.8), (1.4, 2.3)]]",1
"[[(3.69, 4.59), (13.55, 14.45)]]",1
"[[(8.82, 9.72), (0.33, 1.23)]]",1
"[[(6.35, 7.25), (5.37, 6.27)]]",1
"[[(3.07, 3.97), (8.73, 9.63)]]",0
"[[(2.18, 3.08), (6.0, 6.9)]]",1
"[[(11.09, 11.99), (10.07, 10.97)]]",0
"[[(13.17, 14.07), (3.82, 4.72)]]",1
"[[(5.09, 5.99), (0.52, 1.42)]]",0
"[[(0.74, 1.64), (4.28, 5.18)]]",1
"[[(5.74, 6.64), (6.58, 7.48)]]",1
"[[(3.49, 4.39), (8.5, 9.4)]]",1
"[[(11.34, 12.24), (2.79, 3.69)]]",1
"[[(11.19, 12.09), (0.23, 1.13)]]",1
"[[(5.41, 6.31), (0.3, 1.2)]]",1
"[[(8.39, 9.29), (6.0, 6.9)]]",1
"[[(2.92, 3.82), (7.55, 8.45)]]",1
"[[(1.56, 2.46), (11.14, 12.04)]]",1
"[[(5.95, 6.85), (2.1, 3.0)]]",1
"[[(9.88, 10.78), (3.46, 4.36)]]",1
"[[(10.97, 11.87), (6.36, 7.26)]]",1
"[[(12.84, 13.74), (3.51, 4.41)]]",1
"[[(4.35, 5.25), (13.94, 14.84)]]",1
"[[(9.96, 10.86), (12.86, 13.76)]]",1
"[[(11.71, 12.61), (2.44, 3.34)]]",1
"[[(9.32, 10.22), (9.41, 10.31)]]",1
"[[(13.7, 14.6), (0.31, 1.21)]]",1
"[[(4.69, 5.59), (2.26, 3.16)]]",1
"[[(10.56, 11.46), (4.59, 5.49)]]",1
"[[(8.94, 9.84), (10.39, 11.29)]]",1
"[[(3.25, 4.15), (11.77, 12.67)]]",1
"[[(13.0, 13.9), (10.71, 11.61)]]",1
"[[(7.59, 8.49), (13.92, 14.82)]]",1
"[[(12.9, 13.8), (8.89, 9.79)]]",1
"[[(0.6, 1.5), (12.66, 13.56)]]",1
"[[(6.0, 6.9), (6.64, 7.54)]]",1
"[[(9.8, 10.7), (6.38, 7.28)]]",1
"[[(7.09, 7.99), (2.05, 2.95)]]",0
"[[(4.71, 5.61), (10.89, 11.79)]]",1
"[[(6.13, 7.03), (6.08, 6.98)]]",0
"[[(1.68, 2.58), (8.52, 9.42)]]",1
"[[(8.66, 9.56), (6.54, 7.44)]]",1
"[[(11.91, 12.81), (9.01, 9.91)]]",0
"[[(6.99, 7.89), (1.63, 2.53)]]",1
"[[(3.13, 4.03), (8.6, 9.5)]]",1
"[[(2.11, 3.01), (10.09, 10.99)]]",0
"[[(4.21, 5.11), (2.03, 2.93)]]",0
"[[(9.4, 10.3), (11.58, 12.48)]]",1
"[[(4.34, 5.24), (3.51, 4.41)]]",1
"[[(2.99, 3.89), (12.99, 13.89)]]",1
"[[(13.58, 14.48), (1.04, 1.94)]]",0
"[[(6.51, 7.41), (9.55, 10.45)]]",1
"[[(6.77, 7.67), (5.01, 5.91)]]",0
"[[(8.82, 9.72), (9.58, 10.48)]]",1
"[[(4.76, 5.66), (0.24, 1.14)]]",1
"[[(4.74, 5.64), (11.76, 12.66)]]",1
"[[(12.73, 13.63), (11.87, 12.77)]]",1
"[[(6.77, 7.67), (1.79, 2.69)]]",1
"[[(8.23, 9.13), (9.37, 10.27)]]",1
"[[(4.67, 5.57), (1.48, 2.38)]]",1
"[[(11.49, 12.39), (13.86, 14.76)]]",1
"[[(6.2, 7.1), (10.72, 11.62)]]",1
"[[(9.03, 9.93), (12.11, 13.01)]]",0
"[[(3.07, 3.97), (6.15, 7.05)]]",0
"[[(5.36, 6.26), (12.39, 13.29)]]",1
"[[(8.05, 8.95), (0.72, 1.62)]]",0
"[[(3.12, 4.02), (2.63, 3.53)]]",1
"[[(10.3, 11.2), (2.26, 3.16)]]",1
"[[(1.45, 2.35), (9.03, 9.93)]]",0
"[[(1.29, 2.19), (12.5, 13.4)]]",1
"[[(11.39, 12.29), (7.85, 8.75)]]",1
"[[(10.26, 11.16), (5.94, 6.84)]]",1
"[[(13.07, 13.97), (2.31, 3.21)]]",0
"[[(3.3, 4.2), (0.23, 1.13)]]",1
"[[(10.82, 11.72), (0.27, 1.17)]]",1
"[[(1.3, 2.2), (10.22, 11.12)]]",1
"[[(7.58, 8.48), (7.12, 8.02)]]",1
"[[(3.08, 3.98), (10.7, 11.6)]]",0
"[[(10.33, 11.23), (1.68, 2.58)]]",1
"[[(11.24, 12.14), (5.92, 6.82)]]",1
"[[(1.6, 2.5), (0.6, 1.5)]]",1
"[[(7.5, 8.4), (12.19, 13.09)]]",1
"[[(1.43, 2.33), (10.42, 11.32)]]",1
"[[(11.61, 12.51), (0.23, 1.13)]]",1
"[[(8.07, 8.97), (1.54, 2.44)]]",0
"[[(5.71, 6.61), (6.61, 7.51)]]",1
"[[(5.5, 6.4), (13.29, 14.19)]]",1
"[[(4.6, 5.5), (8.84, 9.74)]]",1
"[[(10.19, 11.09), (13.69, 14.59)]]",1
"[[(2.02, 2.92), (9.61, 10.51)]]",0
"[[(11.64, 12.54), (9.86, 10.76)]]",1
"[[(9.17, 10.07), (10.14, 11.04)]]",1
"[[(2.6, 3.5), (0.72, 1.62)]]",1
"[[(9.38, 10.28), (0.78, 1.68)]]",1
"[[(1.71, 2.61), (0.32, 1.22)]]",1
"[[(13.59, 14.49), (3.63, 4.53)]]",1
"[[(3.57, 4.47), (12.19, 13.09)]]",1
"[[(5.59, 6.49), (1.16, 2.06)]]",1
"[[(6.64, 7.54), (11.75, 12.65)]]",1
"[[(14.01, 14.91), (3.54, 4.44)]]",0
"[[(8.91, 9.81), (11.46, 12.36)]]",1
"[[(2.75, 3.65), (10.42, 11.32)]]",1
"[[(9.52, 10.42), (7.67, 8.57)]]",1
"[[(6.17, 7.07), (5.4, 6.3)]]",1
"[[(7.35, 8.25), (9.64, 10.54)]]",1
"[[(9.16, 10.06), (6.18, 7.08)]]",1
"[[(2.51, 3.41), (3.19, 4.09)]]",1
"[[(1.42, 2.32), (10.63, 11.53)]]",1
"[[(3.11, 4.01), (3.27, 4.17)]]",1
"[[(9.7, 10.6), (7.16, 8.06)]]",1
"[[(13.67, 14.57), (11.57, 12.47)]]",1
"[[(13.26, 14.16), (11.78, 12.68)]]",1
"[[(11.79, 12.69), (0.57, 1.47)]]",1
"[[(4.94, 5.84), (9.12, 10.02)]]",1
"[[(0.63, 1.53), (11.85, 12.75)]]",1
"[[(6.06, 6.96), (10.02, 10.92)]]",0
"[[(6.87, 7.77), (4.77, 5.67)]]",1
"[[(0.13, 1.03), (5.37, 6.27)]]",1
"[[(4.07, 4.97), (1.22, 2.12)]]",0
"[[(1.41, 2.31), (13.37, 14.27)]]",1
"[[(5.03, 5.93), (0.91, 1.81)]]",0
"[[(2.84, 3.74), (5.87, 6.77)]]",1
"[[(7.46, 8.36), (6.5, 7.4)]]",1
"[[(3.63, 4.53), (4.94, 5.84)]]",1
"[[(8.78, 9.68), (13.57, 14.47)]]",1
"[[(9.75, 10.65), (12.51, 13.41)]]",1
"[[(11.11, 12.01), (8.01, 8.91)]]",0
"[[(11.06, 11.96), (13.11, 14.01)]]",0
"[[(0.88, 1.78), (12.2, 13.1)]]",1
"[[(7.07, 7.97), (4.93, 5.83)]]",0
"[[(13.46, 14.36), (5.63, 6.53)]]",1
"[[(9.25, 10.15), (2.11, 3.01)]]",1
"[[(10.87, 11.77), (1.72, 2.62)]]",1
"[[(1.24, 2.14), (12.5, 13.4)]]",1
"[[(1.98, 2.88), (7.68, 8.58)]]",1
"[[(13.17, 14.07), (3.22, 4.12)]]",1
"[[(10.02, 10.92), (2.92, 3.82)]]",0
"[[(13.92, 14.82), (10.4, 11.3)]]",1
"[[(3.46, 4.36), (6.81, 7.71)]]",1
"[[(10.1, 11.0), (3.52, 4.42)]]",1
"[[(3.17, 4.07), (2.1, 3.0)]]",1
"[[(7.76, 8.66), (12.3, 13.2)]]",1
"[[(7.85, 8.75), (12.26, 13.16)]]",1
"[[(4.23, 5.13), (7.58, 8.48)]]",1
"[[(8.29, 9.19), (10.07, 10.97)]]",0
"[[(1.91, 2.81), (11.46, 12.36)]]",1
"[[(5.88, 6.78), (12.82, 13.72)]]",1
"[[(9.99, 10.89), (7.89, 8.79)]]",1
"[[(10.48, 11.38), (3.37, 4.27)]]",1
"[[(2.01, 2.91), (13.07, 13.97)]]",0
"[[(3.2, 4.1), (10.39, 11.29)]]",1
"[[(9.36, 10.26), (3.53, 4.43)]]",1
"[[(5.94, 6.84), (2.27, 3.17)]]",1
"[[(11.39, 12.29), (13.82, 14.72)]]",1
"[[(9.89, 10.79), (9.17, 10.07)]]",1
"[[(7.14, 8.04), (1.68, 2.58)]]",1
"[[(3.83, 4.73), (4.34, 5.24)]]",1
"[[(11.53, 12.43), (0.56, 1.46)]]",1
"[[(2.48, 3.38), (8.26, 9.16)]]",1
"[[(4.53, 5.43), (0.16, 1.06)]]",1
"[[(8.54, 9.44), (4.03, 4.93)]]",0
"[[(1.46, 2.36), (7.55, 8.45)]]",1
"[[(9.74, 10.64), (9.36, 10.26)]]",1
"[[(8.16, 9.06), (12.84, 13.74)]]",1
"[[(6.86, 7.76), (11.27, 12.17)]]",1
"[[(3.9, 4.8), (4.48, 5.38)]]",1
"[[(4.61, 5.51), (1.9, 2.8)]]",1
"[[(7.37, 8.27), (5.54, 6.44)]]",1
"[[(0.88, 1.78), (7.56, 8.46)]]",1
"[[(12.24, 13.14), (5.45, 6.35)]]",1
"[[(1.15, 2.05), (5.69, 6.59)]]",1
"[[(2.99, 3.89), (2.24, 3.14)]]",1
"[[(2.65, 3.55), (1.32, 2.22)]]",1
"[[(2.49, 3.39), (12.41, 13.31)]]",1
"[[(13.53, 14.43), (12.53, 13.43)]]",1
"[[(5.42, 6.32), (13.39, 14.29)]]",1
"[[(9.67, 10.57), (7.04, 7.94)]]",0
"[[(8.9, 9.8), (7.66, 8.56)]]",1
"[[(1.75, 2.65), (10.96, 11.86)]]",1
"[[(2.9, 3.8), (12.07, 12.97)]]",0
"[[(1.6, 2.5), (1.04, 1.94)]]",0
"[[(11.27, 12.17), (5.79, 6.69)]]",1
"[[(6.81, 7.71), (12.27, 13.17)]]",1
"[[(1.54, 2.44), (7.06, 7.96)]]",0
"[[(4.35, 5.25), (6.46, 7.36)]]",1
"[[(11.82, 12.72), (10.65, 11.55)]]",1
"[[(0.07, 0.97), (8.71, 9.61)]]",0
"[[(8.83, 9.73), (3.97, 4.87)]]",1
"[[(10.88, 11.78), (1.64, 2.54)]]",1
"[[(1.46, 2.36), (2.34, 3.24)]]",1
"[[(4.9, 5.8), (8.32, 9.22)]]",1
"[[(7.27, 8.17), (6.64, 7.54)]]",1
"[[(1.19, 2.09), (2.9, 3.8)]]",1
"[[(2.75, 3.65), (1.92, 2.82)]]",1
"[[(1.96, 2.86), (4.43, 5.33)]]",1
"[[(4.65, 5.55), (11.06, 11.96)]]",0
"[[(2.11, 3.01), (2.41, 3.31)]]",1
"[[(7.99, 8.89), (5.82, 6.72)]]",1
"[[(4.24, 5.14), (13.9, 14.8)]]",1
"[[(12.19, 13.09), (4.28, 5.18)]]",1
"[[(10.52, 11.42), (5.41, 6.31)]]",1
"[[(7.27, 8.17), (7.31, 8.21)]]",1
"[[(8.36, 9.26), (3.71, 4.61)]]",1
"[[(10.89, 11.79), (9.9, 10.8)]]",1
"[[(12.51, 13.41), (6.85, 7.75)]]",1
"[[(2.58, 3.48), (2.57, 3.47)]]",1
"[[(6.02, 6.92), (6.39, 7.29)]]",0
"[[(10.08, 10.98), (9.35, 10.25)]]",0
"[[(5.37, 6.27), (13.56, 14.46)]]",1
"[[(11.94, 12.84), (1.7, 2.6)]]",1
"[[(3.37, 4.27), (13.8, 14.7)]]",1
"[[(10.8, 11.7), (5.6, 6.5)]]",1
"[[(6.11, 7.01), (9.09, 9.99)]]",0
"[[(10.85, 11.75), (11.02, 11.92)]]",0
"[[(0.06, 0.96), (0.38, 1.28)]]",0
"[[(0.21, 1.11), (10.23, 11.13)]]",1
"[[(0.69, 1.59), (8.5, 9.4)]]",1
"[[(7.4, 8.3), (9.82, 10.72)]]",1
"[[(1.13, 2.03), (0.66, 1.56)]]",1
"[[(2.3, 3.2), (0.29, 1.19)]]",1
"[[(3.96, 4.86), (11.69, 12.59)]]",1
"[[(10.45, 11.35), (6.36, 7.26)]]",1
"[[(3.3, 4.2), (10.13, 11.03)]]",1
"[[(1.46, 2.36), (0.9, 1.8)]]",1
"[[(10.61, 11.51), (0.5, 1.4)]]",1
"[[(10.04, 10.94), (2.43, 3.33)]]",0
"[[(12.02, 12.92), (2.12, 3.02)]]",0
"[[(0.61, 1.51), (5.54, 6.44)]]",1
"[[(5.61, 6.51), (10.63, 11.53)]]",1
"[[(6.45, 7.35), (10.69, 11.59)]]",1
"[[(0.35, 1.25), (8.25, 9.15)]]",1
"[[(13.53, 14.43), (3.24, 4.14)]]",1
"[[(1.55, 2.45), (7.24, 8.14)]]",1
"[[(10.14, 11.04), (10.66, 11.56)]]",1
"[[(3.72, 4.62), (5.73, 6.63)]]",1
"[[(2.11, 3.01), (14.06, 14.96)]]",0
"[[(8.74, 9.64), (2.15, 3.05)]]",1
"[[(13.09, 13.99), (13.14, 14.04)]]",0
"[[(8.35, 9.25), (10.03, 10.93)]]",0
"[[(3.31, 4.21), (0.76, 1.66)]]",1
"[[(5.53, 6.43), (9.89, 10.79)]]",1
"[[(13.57, 14.47), (6.54, 7.44)]]",1
"[[(6.16, 7.06), (7.33, 8.23)]]",1
"[[(13.28, 14.18), (0.69, 1.59)]]",1
"[[(0.48, 1.38), (4.29, 5.19)]]",1
"[[(7.48, 8.38), (0.77, 1.67)]]",1
"[[(8.33, 9.23), (6.3, 7.2)]]",1
"[[(7.84, 8.74), (6.82, 7.72)]]",1
"[[(13.96, 14.86), (12.07, 12.97)]]",0
"[[(10.45, 11.35), (9.84, 10.74)]]",1
"[[(4.66, 5.56), (1.74, 2.64)]]",1
"[[(10.24, 11.14), (7.42, 8.32)]]",1
"[[(2.82, 3.72), (12.68, 13.58)]]",1
"[[(8.34, 9.24), (1.65, 2.55)]]",1
"[[(4.76, 5.66), (2.49, 3.39)]]",1
"[[(12.72, 13.62), (2.56, 3.46)]]",1
"[[(6.4, 7.3), (12.92, 13.82)]]",1
"[[(7.32, 8.22), (13.79, 14.69)]]",1
"[[(4.19, 5.09), (9.04, 9.94)]]",0
"[[(0.49, 1.39), (14.03, 14.93)]]",0
"[[(6.89, 7.79), (5.71, 6.61)]]",1
"[[(1.94, 2.84), (11.66, 12.56)]]",1
"[[(5.61, 6.51), (7.43, 8.33)]]",1
"[[(12.81, 13.71), (12.21, 13.11)]]",1
"[[(4.03, 4.93), (5.76, 6.66)]]",0
"[[(9.74, 10.64), (5.84, 6.74)]]",1
"[[(12.31, 13.21), (13.34, 14.24)]]",1
"[[(2.19, 3.09), (9.1, 10.0)]]",1
"[[(0.81, 1.71), (13.58, 14.48)]]",1
"[[(4.84, 5.74), (6.43, 7.33)]]",1
"[[(11.53, 12.43), (7.68, 8.58)]]",1
"[[(9.24, 10.14), (11.72, 12.62)]]",1
"[[(11.54, 12.44), (11.76, 12.66)]]",1
"[[(12.17, 13.07), (12.08, 12.98)]]",0
"[[(10.73, 11.63), (12.05, 12.95)]]",0
"[[(13.79, 14.69), (13.48, 14.38)]]",1
"[[(5.23, 6.13), (11.48, 12.38)]]",1
"[[(12.94, 13.84), (8.94, 9.84)]]",1
"[[(12.86, 13.76), (13.58, 14.48)]]",1
"[[(11.9, 12.8), (11.59, 12.49)]]",1
"[[(5.46, 6.36), (13.56, 14.46)]]",1
"[[(0.88, 1.78), (1.47, 2.37)]]",1
"[[(1.59, 2.49), (2.0, 2.9)]]",1
"[[(13.89, 14.79), (2.25, 3.15)]]",1
"[[(13.69, 14.59), (5.58, 6.48)]]",1
"[[(4.85, 5.75), (6.69, 7.59)]]",1
"[[(11.73, 12.63), (3.28, 4.18)]]",1
"[[(1.17, 2.07), (5.74, 6.64)]]",1
"[[(11.05, 11.95), (11.9, 12.8)]]",0
"[[(9.45, 10.35), (2.09, 2.99)]]",0
"[[(7.03, 7.93), (6.04, 6.94)]]",0
"[[(7.47, 8.37), (7.52, 8.42)]]",1
"[[(7.94, 8.84), (1.71, 2.61)]]",1
"[[(4.76, 5.66), (8.77, 9.67)]]",1
"[[(4.01, 4.91), (0.73, 1.63)]]",0
"[[(3.34, 4.24), (9.94, 10.84)]]",1
"[[(0.2, 1.1), (6.22, 7.12)]]",1
"[[(7.28, 8.18), (3.19, 4.09)]]",1
"[[(3.56, 4.46), (3.11, 4.01)]]",1
"[[(13.39, 14.29), (4.97, 5.87)]]",1
"[[(3.56, 4.46), (3.32, 4.22)]]",1
"[[(13.45, 14.35), (5.97, 6.87)]]",1
"[[(4.55, 5.45), (6.1, 7.0)]]",1
"[[(8.71, 9.61), (1.17, 2.07)]]",1
"[[(10.83, 11.73), (11.34, 12.24)]]",1
"[[(0.56, 1.46), (1.66, 2.56)]]",1
"[[(5.41, 6.31), (8.04, 8.94)]]",0
"[[(8.84, 9.74), (2.54, 3.44)]]",1
"[[(3.05, 3.95), (1.35, 2.25)]]",0
"[[(12.74, 13.64), (13.44, 14.34)]]",1
"[[(9.77, 10.67), (8.27, 9.17)]]",1
"[[(13.19, 14.09), (0.49, 1.39)]]",1
"[[(0.31, 1.21), (13.42, 14.32)]]",1
"[[(4.49, 5.39), (1.28, 2.18)]]",1
"[[(11.16, 12.06), (14.06, 14.96)]]",0
"[[(13.82, 14.72), (8.42, 9.32)]]",1
"[[(5.44, 6.34), (5.05, 5.95)]]",0
"[[(12.32, 13.22), (6.93, 7.83)]]",1
"[[(0.61, 1.51), (7.64, 8.54)]]",1
"[[(5.23, 6.13), (4.8, 5.7)]]",1
"[[(3.4, 4.3), (13.27, 14.17)]]",1
"[[(13.7, 14.6), (13.99, 14.89)]]",1
"[[(12.7, 13.6), (3.87, 4.77)]]",1
"[[(10.03, 10.93), (5.88, 6.78)]]",0
"[[(3.5, 4.4), (11.42, 12.32)]]",1
"[[(10.09, 10.99), (1.55, 2.45)]]",0
"[[(12.51, 13.41), (9.67, 10.57)]]",1
"[[(5.48, 6.38), (13.96, 14.86)]]",1
"[[(8.36, 9.26), (0.68, 1.58)]]",1
"[[(12.44, 13.34), (4.06, 4.96)]]",0
"[[(10.75, 11.65), (1.61, 2.51)]]",1
"[[(6.73, 7.63), (7.2, 8.1)]]",1
"[[(3.21, 4.11), (9.71, 10.61)]]",1
"[[(7.62, 8.52), (7.62, 8.52)]]",1
"[[(5.45, 6.35), (10.02, 10.92)]]",0
"[[(10.69, 11.59), (7.31, 8.21)]]",1
"[[(3.18, 4.08), (8.56, 9.46)]]",1
"[[(12.79, 13.69), (12.83, 13.73)]]",1
"[[(13.92, 14.82), (2.03, 2.93)]]",0
"[[(1.87, 2.77), (7.52, 8.42)]]",1
"[[(7.23, 8.13), (6.14, 7.04)]]",1
"[[(1.05, 1.95), (5.97, 6.87)]]",0
"[[(12.96, 13.86), (2.36, 3.26)]]",1
"[[(10.89, 11.79), (13.52, 14.42)]]",1
"[[(6.96, 7.86), (1.63, 2.53)]]",1
"[[(13.99, 14.89), (13.19, 14.09)]]",1
"[[(12.16, 13.06), (3.42, 4.32)]]",1
"[[(5.64, 6.54), (6.8, 7.7)]]",1
"[[(12.21, 13.11), (4.76, 5.66)]]",1
"[[(3.17, 4.07), (11.86, 12.76)]]",1
"[[(7.04, 7.94), (2.71, 3.61)]]",0
"[[(4.26, 5.16), (4.34, 5.24)]]",1
"[[(12.86, 13.76), (5.64, 6.54)]]",1
"[[(10.73, 11.63), (13.87, 14.77)]]",1
"[[(0.15, 1.05), (0.38, 1.28)]]",1
"[[(7.83, 8.73), (11.66, 12.56)]]",1
"[[(5.07, 5.97), (2.74, 3.64)]]",0
"[[(12.38, 13.28), (12.73, 13.63)]]",1
"[[(7.15, 8.05), (5.84, 6.74)]]",1
"[[(9.46, 10.36), (13.28, 14.18)]]",1
"[[(0.13, 1.03), (12.47, 13.37)]]",1
"[[(13.25, 14.15), (10.88, 11.78)]]",1
"[[(3.79, 4.69), (5.68, 6.58)]]",1
"[[(4.86, 5.76), (4.69, 5.59)]]",1
"[[(4.26, 5.16), (6.2, 7.1)]]",1
"[[(12.68, 13.58), (11.2, 12.1)]]",1
"[[(13.35, 14.25), (9.06, 9.96)]]",0
"[[(3.05, 3.95), (3.44, 4.34)]]",0
"[[(1.48, 2.38), (4.6, 5.5)]]",1
"[[(4.81, 5.71), (11.68, 12.58)]]",1
"[[(3.34, 4.24), (5.21, 6.11)]]",1
"[[(5.22, 6.12), (3.26, 4.16)]]",1
"[[(7.22, 8.12), (0.52, 1.42)]]",1
"[[(7.21, 8.11), (3.42, 4.32)]]",1
"[[(5.65, 6.55), (3.73, 4.63)]]",1
"[[(3.64, 4.54), (3.99, 4.89)]]",1
"[[(10.7, 11.6), (1.55, 2.45)]]",1
"[[(3.24, 4.14), (7.24, 8.14)]]",1
"[[(12.38, 13.28), (6.45, 7.35)]]",1
"[[(5.79, 6.69), (13.42, 14.32)]]",1
"[[(6.42, 7.32), (12.08, 12.98)]]",0
"[[(3.23, 4.13), (8.67, 9.57)]]",1
"[[(4.55, 5.45), (7.39, 8.29)]]",1
"[[(11.65, 12.55), (12.89, 13.79)]]",1
"[[(7.01, 7.91), (12.51, 13.41)]]",0
"[[(11.77, 12.67), (11.9, 12.8)]]",1
"[[(8.36, 9.26), (14.0, 14.9)]]",1
"[[(8.76, 9.66), (12.34, 13.24)]]",1
"[[(0.95, 1.85), (7.85, 8.75)]]",1
"[[(2.65, 3.55), (4.18, 5.08)]]",1
"[[(6.0, 6.9), (3.66, 4.56)]]",1
"[[(9.77, 10.67), (12.57, 13.47)]]",1
"[[(13.03, 13.93), (4.42, 5.32)]]",0
"[[(10.79, 11.69), (6.07, 6.97)]]",0
"[[(0.6, 1.5), (13.84, 14.74)]]",1
"[[(3.78, 4.68), (11.84, 12.74)]]",1
"[[(7.33, 8.23), (1.61, 2.51)]]",1
"[[(10.33, 11.23), (4.84, 5.74)]]",1
"[[(7.87, 8.77), (2.43, 3.33)]]",1
"[[(4.95, 5.85), (2.76, 3.66)]]",1
"[[(12.06, 12.96), (12.73, 13.63)]]",0
"[[(3.66, 4.56), (5.45, 6.35)]]",1
"[[(5.64, 6.54), (2.41, 3.31)]]",1
"[[(9.34, 10.24), (4.87, 5.77)]]",1
"[[(2.75, 3.65), (0.95, 1.85)]]",1
"[[(10.12, 11.02), (5.16, 6.06)]]",1
"[[(3.86, 4.76), (13.14, 14.04)]]",1
"[[(11.19, 12.09), (1.22, 2.12)]]",1
"[[(13.78, 14.68), (0.47, 1.37)]]",1
"[[(4.06, 4.96), (13.5, 14.4)]]",0
"[[(2.73, 3.63), (12.02, 12.92)]]",0
"[[(9.26, 10.16), (6.1, 7.0)]]",1
"[[(6.24, 7.14), (11.73, 12.63)]]",1
"[[(1.53, 2.43), (9.9, 10.8)]]",1
"[[(0.55, 1.45), (0.77, 1.67)]]",1
"[[(2.11, 3.01), (0.15, 1.05)]]",1
"[[(0.34, 1.24), (7.67, 8.57)]]",1
"[[(3.58, 4.48), (1.46, 2.36)]]",1
"[[(10.04, 10.94), (4.26, 5.16)]]",0
"[[(13.65, 14.55), (10.54, 11.44)]]",1
"[[(13.62, 14.52), (1.27, 2.17)]]",1
"[[(13.4, 14.3), (9.48, 10.38)]]",1
"[[(13.62, 14.52), (4.44, 5.34)]]",1
"[[(13.57, 14.47), (0.01, 0.91)]]",0
"[[(5.31, 6.21), (6.22, 7.12)]]",1
"[[(0.35, 1.25), (8.26, 9.16)]]",1
"[[(8.37, 9.27), (11.43, 12.33)]]",1
"[[(12.15, 13.05), (8.5, 9.4)]]",1
"[[(11.01, 11.91), (13.82, 14.72)]]",0
"[[(13.13, 14.03), (11.03, 11.93)]]",0
"[[(5.11, 6.01), (6.76, 7.66)]]",1
"[[(1.24, 2.14), (3.4, 4.3)]]",1
"[[(10.54, 11.44), (7.7, 8.6)]]",1
"[[(3.29, 4.19), (10.67, 11.57)]]",1
"[[(10.67, 11.57), (0.45, 1.35)]]",1
"[[(9.75, 10.65), (6.74, 7.64)]]",1
"[[(6.57, 7.47), (1.65, 2.55)]]",1
"[[(8.95, 9.85), (12.82, 13.72)]]",1
"[[(4.4, 5.3), (6.52, 7.42)]]",1
"[[(4.7, 5.6), (6.13, 7.03)]]",1
"[[(14.0, 14.9), (4.05, 4.95)]]",0
"[[(4.14, 5.04), (12.98, 13.88)]]",1
"[[(6.35, 7.25), (2.35, 3.25)]]",1
"[[(12.31, 13.21), (8.48, 9.38)]]",1
"[[(10.96, 11.86), (13.41, 14.31)]]",1
"[[(7.53, 8.43), (11.38, 12.28)]]",1
"[[(5.52, 6.42), (12.89, 13.79)]]",1
"[[(6.37, 7.27), (7.05, 7.95)]]",0
"[[(12.4, 13.3), (1.34, 2.24)]]",1
"[[(7.82, 8.72), (5.97, 6.87)]]",1
"[[(4.78, 5.68), (3.99, 4.89)]]",1
"[[(8.47, 9.37), (4.58, 5.48)]]",1
"[[(9.19, 10.09), (0.83, 1.73)]]",1
"[[(2.4, 3.3), (0.13, 1.03)]]",1
"[[(11.15, 12.05), (5.66, 6.56)]]",1
"[[(4.11, 5.01), (2.76, 3.66)]]",1
"[[(9.18, 10.08), (13.35, 14.25)]]",1
"[[(2.33, 3.23), (1.09, 1.99)]]",0
"[[(13.43, 14.33), (12.11, 13.01)]]",1
"[[(6.23, 7.13), (1.24, 2.14)]]",1
"[[(11.73, 12.63), (10.62, 11.52)]]",1
"[[(3.43, 4.33), (1.21, 2.11)]]",1
"[[(11.03, 11.93), (8.01, 8.91)]]",0
"[[(2.97, 3.87), (9.77, 10.67)]]",1
"[[(10.16, 11.06), (5.37, 6.27)]]",1
"[[(10.94, 11.84), (13.1, 14.0)]]",1
"[[(0.33, 1.23), (5.2, 6.1)]]",1
"[[(8.3, 9.2), (13.84, 14.74)]]",1
"[[(2.87, 3.77), (1.48, 2.38)]]",1
"[[(12.44, 13.34), (7.82, 8.72)]]",1
"[[(10.92, 11.82), (11.39, 12.29)]]",1
"[[(11.14, 12.04), (2.65, 3.55)]]",1
"[[(3.57, 4.47), (11.23, 12.13)]]",1
"[[(0.91, 1.81), (6.05, 6.95)]]",0
"[[(8.25, 9.15), (7.41, 8.31)]]",1
"[[(4.03, 4.93), (1.55, 2.45)]]",0
"[[(6.2, 7.1), (9.14, 10.04)]]",1
"[[(9.32, 10.22), (11.79, 12.69)]]",1
"[[(9.57, 10.47), (6.19, 7.09)]]",1
"[[(11.37, 12.27), (1.71, 2.61)]]",1
"[[(8.43, 9.33), (12.01, 12.91)]]",0
"[[(2.97, 3.87), (0.26, 1.16)]]",1
"[[(12.28, 13.18), (13.47, 14.37)]]",1
"[[(12.42, 13.32), (0.76, 1.66)]]",1
"[[(0.57, 1.47), (3.3, 4.2)]]",1
"[[(8.36, 9.26), (5.45, 6.35)]]",1
"[[(13.28, 14.18), (2.29, 3.19)]]",1
"[[(12.08, 12.98), (2.4, 3.3)]]",0
"[[(12.67, 13.57), (13.69, 14.59)]]",1
"[[(0.29, 1.19), (2.82, 3.72)]]",1
"[[(4.52, 5.42), (8.03, 8.93)]]",0
"[[(5.93, 6.83), (9.91, 10.81)]]",1
"[[(10.64, 11.54), (5.2, 6.1)]]",1
"[[(5.16, 6.06), (12.93, 13.83)]]",1
"[[(12.2, 13.1), (11.71, 12.61)]]",1
"[[(1.01, 1.91), (7.39, 8.29)]]",0
"[[(2.26, 3.16), (3.73, 4.63)]]",1
"[[(11.09, 11.99), (7.54, 8.44)]]",0
"[[(0.68, 1.58), (5.94, 6.84)]]",1
"[[(12.96, 13.86), (5.62, 6.52)]]",1
"[[(6.17, 7.07), (7.56, 8.46)]]",1
"[[(0.79, 1.69), (6.35, 7.25)]]",1
"[[(12.69, 13.59), (3.03, 3.93)]]",0
"[[(12.91, 13.81), (12.1, 13.0)]]",1
"[[(4.23, 5.13), (2.11, 3.01)]]",1
"[[(2.58, 3.48), (2.88, 3.78)]]",1
"[[(11.57, 12.47), (9.47, 10.37)]]",1
"[[(7.82, 8.72), (3.64, 4.54)]]",1
"[[(1.45, 2.35), (2.58, 3.48)]]",1
"[[(11.32, 12.22), (9.7, 10.6)]]",1
"[[(8.87, 9.77), (8.14, 9.04)]]",1
"[[(3.81, 4.71), (9.31, 10.21)]]",1
"[[(1.5, 2.4), (7.96, 8.86)]]",1
"[[(9.44, 10.34), (8.76, 9.66)]]",1
"[[(0.17, 1.07), (13.61, 14.51)]]",1
"[[(12.95, 13.85), (8.52, 9.42)]]",1
"[[(5.19, 6.09), (6.65, 7.55)]]",1
"[[(12.1, 13.0), (1.21, 2.11)]]",1
"[[(12.81, 13.71), (5.93, 6.83)]]",1
"[[(7.53, 8.43), (8.04, 8.94)]]",0
"[[(1.77, 2.67), (1.41, 2.31)]]",1
"[[(9.79, 10.69), (4.09, 4.99)]]",0
"[[(1.3, 2.2), (4.88, 5.78)]]",1
"[[(10.04, 10.94), (3.25, 4.15)]]",0
"[[(9.21, 10.11), (1.58, 2.48)]]",1
"[[(6.9, 7.8), (6.13, 7.03)]]",1
"[[(2.83, 3.73), (13.81, 14.71)]]",1
"[[(3.69, 4.59), (1.39, 2.29)]]",1
"[[(6.29, 7.19), (8.87, 9.77)]]",1
"[[(1.63, 2.53), (7.66, 8.56)]]",1
"[[(7.44, 8.34), (1.04, 1.94)]]",0
"[[(2.06, 2.96), (5.76, 6.66)]]",0
"[[(7.32, 8.22), (13.48, 14.38)]]",1
"[[(13.19, 14.09), (5.36, 6.26)]]",1
"[[(4.54, 5.44), (12.65, 13.55)]]",1
"[[(1.13, 2.03), (4.23, 5.13)]]",1
"[[(2.04, 2.94), (2.46, 3.36)]]",0
"[[(13.88, 14.78), (10.84, 11.74)]]",1
"[[(0.48, 1.38), (9.17, 10.07)]]",1
"[[(13.39, 14.29), (8.43, 9.33)]]",1
"[[(11.91, 12.81), (1.6, 2.5)]]",1
"[[(6.83, 7.73), (13.76, 14.66)]]",1
"[[(2.85, 3.75), (2.5, 3.4)]]",1
"[[(9.15, 10.05), (4.16, 5.06)]]",1
"[[(8.17, 9.07), (12.75, 13.65)]]",1
"[[(12.68, 13.58), (12.66, 13.56)]]",1
"[[(1.17, 2.07), (10.48, 11.38)]]",1
"[[(10.96, 11.86), (6.36, 7.26)]]",1
"[[(0.11, 1.01), (6.99, 7.89)]]",1
"[[(12.12, 13.02), (10.89, 11.79)]]",1
"[[(8.47, 9.37), (10.62, 11.52)]]",1
"[[(5.35, 6.25), (0.14, 1.04)]]",1
"[[(12.44, 13.34), (4.54, 5.44)]]",1
"[[(6.34, 7.24), (2.47, 3.37)]]",1
"[[(12.22, 13.12), (11.05, 11.95)]]",0
"[[(11.79, 12.69), (13.84, 14.74)]]",1
"[[(10.87, 11.77), (13.2, 14.1)]]",1
"[[(10.9, 11.8), (3.99, 4.89)]]",1
"[[(11.26, 12.16), (2.74, 3.64)]]",1
"[[(8.69, 9.59), (9.01, 9.91)]]",0
"[[(6.19, 7.09), (1.83, 2.73)]]",1
"[[(7.81, 8.71), (11.5, 12.4)]]",1
"[[(4.32, 5.22), (9.55, 10.45)]]",1
"[[(1.51, 2.41), (10.38, 11.28)]]",1
"[[(0.82, 1.72), (3.89, 4.79)]]",1
"[[(4.16, 5.06), (1.14, 2.04)]]",1
"[[(2.85, 3.75), (6.26, 7.16)]]",1
"[[(9.27, 10.17), (8.75, 9.65)]]",1
"[[(9.21, 10.11), (5.42, 6.32)]]",1
"[[(7.7, 8.6), (9.86, 10.76)]]",1
"[[(12.11, 13.01), (0.94, 1.84)]]",1
"[[(2.4, 3.3), (1.41, 2.31)]]",1
"[[(6.93, 7.83), (7.18, 8.08)]]",1
"[[(3.19, 4.09), (2.07, 2.97)]]",0
"[[(0.03, 0.93), (7.31, 8.21)]]",0
"[[(2.41, 3.31), (0.09, 0.99)]]",0
"[[(2.84, 3.74), (5.42, 6.32)]]",1
"[[(3.24, 4.14), (5.31, 6.21)]]",1
"[[(4.43, 5.33), (7.17, 8.07)]]",1
"[[(3.51, 4.41), (11.61, 12.51)]]",1
"[[(12.42, 13.32), (12.77, 13.67)]]",1
"[[(1.1, 2.0), (7.74, 8.64)]]",1
"[[(8.24, 9.14), (10.02, 10.92)]]",0
"[[(12.27, 13.17), (8.53, 9.43)]]",1
"[[(6.59, 7.49), (12.88, 13.78)]]",1
"[[(8.58, 9.48), (12.92, 13.82)]]",1
"[[(4.19, 5.09), (11.33, 12.23)]]",1
"[[(7.46, 8.36), (6.15, 7.05)]]",1
"[[(5.59, 6.49), (6.66, 7.56)]]",1
"[[(3.69, 4.59), (12.35, 13.25)]]",1
"[[(8.32, 9.22), (6.78, 7.68)]]",1
"[[(13.96, 14.86), (2.96, 3.86)]]",1
"[[(9.06, 9.96), (13.56, 14.46)]]",0
"[[(9.66, 10.56), (4.23, 5.13)]]",1
"[[(2.2, 3.1), (2.71, 3.61)]]",1
"[[(11.02, 11.92), (5.44, 6.34)]]",0
"[[(2.45, 3.35), (3.68, 4.58)]]",1
"[[(4.86, 5.76), (3.98, 4.88)]]",1
"[[(12.35, 13.25), (0.79, 1.69)]]",1
"[[(12.69, 13.59), (9.0, 9.9)]]",1
"[[(6.32, 7.22), (8.24, 9.14)]]",1
"[[(7.95, 8.85), (0.31, 1.21)]]",1
"[[(10.17, 11.07), (11.38, 12.28)]]",1
"[[(7.46, 8.36), (6.46, 7.36)]]",1
"[[(5.8, 6.7), (1.81, 2.71)]]",1
"[[(5.4, 6.3), (0.76, 1.66)]]",1
"[[(13.0, 13.9), (11.8, 12.7)]]",1
"[[(4.3, 5.2), (7.05, 7.95)]]",0
"[[(4.69, 5.59), (7.5, 8.4)]]",1
"[[(9.02, 9.92), (12.43, 13.33)]]",0
"[[(3.92, 4.82), (5.17, 6.07)]]",1
"[[(10.78, 11.68), (6.22, 7.12)]]",1
"[[(8.65, 9.55), (9.71, 10.61)]]",1
"[[(8.72, 9.62), (4.5, 5.4)]]",1
"[[(0.27, 1.17), (13.14, 14.04)]]",1
"[[(5.65, 6.55), (10.85, 11.75)]]",1
"[[(0.84, 1.74), (13.2, 14.1)]]",1
"[[(2.62, 3.52), (13.98, 14.88)]]",1
"[[(5.19, 6.09), (7.47, 8.37)]]",1
"[[(12.04, 12.94), (10.52, 11.42)]]",0
"[[(11.59, 12.49), (11.2, 12.1)]]",1
"[[(1.54, 2.44), (6.5, 7.4)]]",1
"[[(5.85, 6.75), (7.48, 8.38)]]",1
"[[(9.09, 9.99), (10.26, 11.16)]]",0
"[[(7.46, 8.36), (9.16, 10.06)]]",1
"[[(5.71, 6.61), (12.05, 12.95)]]",0
"[[(12.22, 13.12), (10.17, 11.07)]]",1
"[[(1.9, 2.8), (8.62, 9.52)]]",1
"[[(0.02, 0.92), (5.04, 5.94)]]",0
"[[(0.71, 1.61), (5.77, 6.67)]]",1
"[[(11.43, 12.33), (13.28, 14.18)]]",1
"[[(2.14, 3.04), (13.34, 14.24)]]",1
"[[(3.7, 4.6), (7.8, 8.7)]]",1
"[[(4.81, 5.71), (10.23, 11.13)]]",1
"[[(11.17, 12.07), (8.8, 9.7)]]",1
"[[(1.49, 2.39), (11.62, 12.52)]]",1
"[[(11.45, 12.35), (1.29, 2.19)]]",1
"[[(12.09, 12.99), (0.63, 1.53)]]",0
"[[(2.49, 3.39), (6.54, 7.44)]]",1
"[[(2.64, 3.54), (5.75, 6.65)]]",1
"[[(13.74, 14.64), (11.94, 12.84)]]",1
"[[(0.04, 0.94), (0.03, 0.93)]]",0
"[[(12.7, 13.6), (6.09, 6.99)]]",0
"[[(8.31, 9.21), (1.72, 2.62)]]",1
"[[(6.56, 7.46), (11.42, 12.32)]]",1
"[[(8.1, 9.0), (13.48, 14.38)]]",1
"[[(11.39, 12.29), (2.09, 2.99)]]",0
"[[(6.37, 7.27), (7.35, 8.25)]]",1
"[[(9.08, 9.98), (13.23, 14.13)]]",0
"[[(2.28, 3.18), (12.28, 13.18)]]",1
"[[(12.76, 13.66), (2.1, 3.0)]]",1
"[[(10.34, 11.24), (1.06, 1.96)]]",0
"[[(8.92, 9.82), (12.09, 12.99)]]",0
"[[(9.47, 10.37), (12.08, 12.98)]]",0
"[[(7.59, 8.49), (11.87, 12.77)]]",1
"[[(7.89, 8.79), (2.16, 3.06)]]",1
"[[(5.24, 6.14), (3.4, 4.3)]]",1
"[[(11.74, 12.64), (6.63, 7.53)]]",1
"[[(7.3, 8.2), (9.78, 10.68)]]",1
"[[(4.13, 5.03), (11.17, 12.07)]]",1
"[[(10.03, 10.93), (13.2, 14.1)]]",0
"[[(2.12, 3.02), (1.61, 2.51)]]",1
"[[(8.65, 9.55), (7.68, 8.58)]]",1
"[[(2.09, 2.99), (10.0, 10.9)]]",0
"[[(6.68, 7.58), (3.7, 4.6)]]",1
"[[(12.94, 13.84), (1.26, 2.16)]]",1
"[[(8.62, 9.52), (9.63, 10.53)]]",1
"[[(6.34, 7.24), (10.89, 11.79)]]",1
"[[(11.8, 12.7), (11.9, 12.8)]]",1
"[[(2.66, 3.56), (0.7, 1.6)]]",1
"[[(13.98, 14.88), (10.34, 11.24)]]",1
"[[(3.5, 4.4), (6.89, 7.79)]]",1
"[[(1.23, 2.13), (10.49, 11.39)]]",1
"[[(9.89, 10.79), (10.91, 11.81)]]",1
"[[(5.3, 6.2), (4.21, 5.11)]]",1
"[[(4.82, 5.72), (1.98, 2.88)]]",1
"[[(3.01, 3.91), (1.8, 2.7)]]",0
"[[(12.48, 13.38), (14.03, 14.93)]]",0
"[[(5.59, 6.49), (1.49, 2.39)]]",1
"[[(2.18, 3.08), (13.82, 14.72)]]",1
"[[(8.66, 9.56), (5.37, 6.27)]]",1
"[[(10.29, 11.19), (0.04, 0.94)]]",0
"[[(3.76, 4.66), (10.58, 11.48)]]",1
"[[(5.75, 6.65), (10.91, 11.81)]]",1
"[[(10.06, 10.96), (2.02, 2.92)]]",0
"[[(6.75, 7.65), (7.51, 8.41)]]",1
"[[(6.2, 7.1), (5.45, 6.35)]]",1
"[[(13.02, 13.92), (7.43, 8.33)]]",0
"[[(9.25, 10.15), (3.24, 4.14)]]",1
"[[(13.92, 14.82), (3.51, 4.41)]]",1
"[[(4.93, 5.83), (3.52, 4.42)]]",1
"[[(9.14, 10.04), (2.17, 3.07)]]",1
"[[(9.4, 10.3), (0.14, 1.04)]]",1
"[[(8.82, 9.72), (5.17, 6.07)]]",1
"[[(10.5, 11.4), (9.92, 10.82)]]",1
"[[(8.06, 8.96), (13.91, 14.81)]]",0
"[[(9.83, 10.73), (1.39, 2.29)]]",1
"[[(6.84, 7.74), (8.14, 9.04)]]",1
"[[(1.72, 2.62), (5.22, 6.12)]]",1
"[[(9.75, 10.65), (11.17, 12.07)]]",1
"[[(1.23, 2.13), (0.75, 1.65)]]",1
"[[(13.15, 14.05), (8.83, 9.73)]]",1
"[[(7.29, 8.19), (6.4, 7.3)]]",1
"[[(4.63, 5.53), (2.44, 3.34)]]",1
"[[(4.33, 5.23), (1.41, 2.31)]]",1
"[[(2.09, 2.99), (7.97, 8.87)]]",0
"[[(11.37, 12.27), (1.12, 2.02)]]",1
"[[(13.58, 14.48), (11.12, 12.02)]]",1
"[[(12.54, 13.44), (3.92, 4.82)]]",1
"[[(3.43, 4.33), (9.1, 10.0)]]",1
"[[(9.76, 10.66), (7.07, 7.97)]]",0
"[[(6.91, 7.81), (9.09, 9.99)]]",0
"[[(3.16, 4.06), (1.58, 2.48)]]",1
"[[(9.53, 10.43), (10.84, 11.74)]]",1
"[[(1.13, 2.03), (11.16, 12.06)]]",1
"[[(8.62, 9.52), (4.14, 5.04)]]",1
"[[(6.28, 7.18), (8.97, 9.87)]]",1
"[[(7.53, 8.43), (0.28, 1.18)]]",1
"[[(5.15, 6.05), (4.65, 5.55)]]",1
"[[(2.05, 2.95), (4.89, 5.79)]]",0
"[[(5.27, 6.17), (6.24, 7.14)]]",1
"[[(3.2, 4.1), (9.3, 10.2)]]",1
"[[(10.37, 11.27), (5.36, 6.26)]]",1
"[[(12.73, 13.63), (10.28, 11.18)]]",1
"[[(11.36, 12.26), (10.7, 11.6)]]",1
"[[(7.92, 8.82), (0.86, 1.76)]]",1
"[[(8.29, 9.19), (8.52, 9.42)]]",1
"[[(7.33, 8.23), (6.66, 7.56)]]",1
"[[(7.36, 8.26), (7.88, 8.78)]]",1
"[[(10.33, 11.23), (5.5, 6.4)]]",1
"[[(4.69, 5.59), (2.89, 3.79)]]",1
"[[(7.5, 8.4), (0.93, 1.83)]]",1
"[[(1.49, 2.39), (8.32, 9.22)]]",1
"[[(10.63, 11.53), (0.02, 0.92)]]",0
"[[(11.08, 11.98), (8.8, 9.7)]]",0
"[[(5.15, 6.05), (9.99, 10.89)]]",1
"[[(5.68, 6.58), (13.22, 14.12)]]",1
"[[(13.47, 14.37), (12.72, 13.62)]]",1
"[[(10.75, 11.65), (0.54, 1.44)]]",1
"[[(11.25, 12.15), (8.7, 9.6)]]",1
"[[(13.75, 14.65), (8.73, 9.63)]]",1
"[[(11.8, 12.7), (4.29, 5.19)]]",1
"[[(8.56, 9.46), (7.35, 8.25)]]",1
"[[(10.78, 11.68), (3.22, 4.12)]]",1
"[[(13.55, 14.45), (0.95, 1.85)]]",1
"[[(10.78, 11.68), (11.86, 12.76)]]",1
"[[(7.12, 8.02), (13.17, 14.07)]]",1
"[[(10.33, 11.23), (12.13, 13.03)]]",1
"[[(3.88, 4.78), (3.86, 4.76)]]",1
"[[(7.59, 8.49), (2.55, 3.45)]]",1
"[[(3.96, 4.86), (13.13, 14.03)]]",1
"[[(1.11, 2.01), (2.48, 3.38)]]",1
"[[(4.5, 5.4), (7.43, 8.33)]]",1
"[[(6.8, 7.7), (0.13, 1.03)]]",1
"[[(10.42, 11.32), (6.98, 7.88)]]",1
"[[(5.17, 6.07), (3.0, 3.9)]]",1
"[[(2.38, 3.28), (2.68, 3.58)]]",1
"[[(1.58, 2.48), (9.15, 10.05)]]",1
"[[(11.65, 12.55), (0.63, 1.53)]]",1
"[[(0.13, 1.03), (11.41, 12.31)]]",1
"[[(6.07, 6.97), (13.24, 14.14)]]",0
"[[(6.15, 7.05), (1.75, 2.65)]]",1
"[[(13.73, 14.63), (6.84, 7.74)]]",1
"[[(6.94, 7.84), (12.37, 13.27)]]",1
"[[(10.41, 11.31), (5.11, 6.01)]]",1
"[[(12.87, 13.77), (7.21, 8.11)]]",1
"[[(11.49, 12.39), (11.21, 12.11)]]",1
"[[(4.61, 5.51), (1.67, 2.57)]]",1
"[[(0.95, 1.85), (7.32, 8.22)]]",1
"[[(12.67, 13.57), (11.19, 12.09)]]",1
"[[(4.54, 5.44), (13.21, 14.11)]]",1
"[[(2.59, 3.49), (14.09, 14.99)]]",0
"[[(12.51, 13.41), (7.15, 8.05)]]",1
"[[(6.78, 7.68), (7.14, 8.04)]]",1
"[[(6.24, 7.14), (1.44, 2.34)]]",1
"[[(11.06, 11.96), (9.69, 10.59)]]",0
"[[(9.36, 10.26), (8.27, 9.17)]]",1
"[[(13.54, 14.44), (0.05, 0.95)]]",0
"[[(2.78, 3.68), (2.34, 3.24)]]",1
"[[(10.68, 11.58), (3.42, 4.32)]]",1
"[[(10.09, 10.99), (0.26, 1.16)]]",0
"[[(3.01, 3.91), (9.79, 10.69)]]",0
"[[(10.72, 11.62), (0.22, 1.12)]]",1
"[[(7.92, 8.82), (7.67, 8.57)]]",1
"[[(5.65, 6.55), (2.23, 3.13)]]",1
"[[(4.67, 5.57), (2.58, 3.48)]]",1
"[[(0.36, 1.26), (9.49, 10.39)]]",1
"[[(12.64, 13.54), (8.54, 9.44)]]",1
"[[(8.41, 9.31), (1.39, 2.29)]]",1
"[[(4.37, 5.27), (12.91, 13.81)]]",1
"[[(9.98, 10.88), (6.07, 6.97)]]",0
"[[(1.03, 1.93), (3.32, 4.22)]]",0
"[[(2.7, 3.6), (0.03, 0.93)]]",0
"[[(5.65, 6.55), (12.32, 13.22)]]",1
"[[(7.2, 8.1), (8.69, 9.59)]]",1
"[[(0.63, 1.53), (2.77, 3.67)]]",1
"[[(2.22, 3.12), (10.09, 10.99)]]",0
"[[(11.81, 12.71), (13.07, 13.97)]]",0
"[[(10.2, 11.1), (2.39, 3.29)]]",1
"[[(4.7, 5.6), (2.86, 3.76)]]",1
"[[(8.69, 9.59), (1.66, 2.56)]]",1
"[[(6.01, 6.91), (1.99, 2.89)]]",0
"[[(1.53, 2.43), (7.21, 8.11)]]",1
"[[(5.34, 6.24), (8.74, 9.64)]]",1
"[[(7.98, 8.88), (1.62, 2.52)]]",1
"[[(4.2, 5.1), (13.86, 14.76)]]",1
"[[(0.63, 1.53), (0.41, 1.31)]]",1
"[[(6.21, 7.11), (2.27, 3.17)]]",1
"[[(1.89, 2.79), (11.0, 11.9)]]",1
"[[(10.52, 11.42), (9.8, 10.7)]]",1
"[[(13.58, 14.48), (12.88, 13.78)]]",1
"[[(10.96, 11.86), (14.1, 15.0)]]",1
"[[(4.76, 5.66), (7.28, 8.18)]]",1
"[[(5.36, 6.26), (4.39, 5.29)]]",1
"[[(7.83, 8.73), (2.38, 3.28)]]",1
"[[(10.24, 11.14), (12.43, 13.33)]]",1
"[[(7.42, 8.32), (0.87, 1.77)]]",1
"[[(7.56, 8.46), (7.21, 8.11)]]",1
"[[(11.82, 12.72), (10.11, 11.01)]]",1
"[[(4.43, 5.33), (7.14, 8.04)]]",1
"[[(1.13, 2.03), (9.02, 9.92)]]",0
"[[(2.35, 3.25), (11.32, 12.22)]]",1
"[[(11.87, 12.77), (0.14, 1.04)]]",1
"[[(5.62, 6.52), (7.2, 8.1)]]",1
"[[(1.08, 1.98), (4.18, 5.08)]]",0
"[[(8.72, 9.62), (3.8, 4.7)]]",1
"[[(6.85, 7.75), (0.66, 1.56)]]",1
"[[(9.44, 10.34), (0.81, 1.71)]]",1
"[[(3.94, 4.84), (8.58, 9.48)]]",1
"[[(1.84, 2.74), (1.78, 2.68)]]",1
"[[(7.44, 8.34), (10.84, 11.74)]]",1
"[[(11.45, 12.35), (13.9, 14.8)]]",1
"[[(13.75, 14.65), (10.69, 11.59)]]",1
"[[(7.01, 7.91), (3.44, 4.34)]]",0
"[[(1.95, 2.85), (0.84, 1.74)]]",1
"[[(9.78, 10.68), (11.88, 12.78)]]",1
"[[(10.92, 11.82), (9.09, 9.99)]]",0
"[[(7.09, 7.99), (10.73, 11.63)]]",0
"[[(6.1, 7.0), (11.55, 12.45)]]",1
"[[(1.13, 2.03), (1.19, 2.09)]]",1
"[[(8.98, 9.88), (11.61, 12.51)]]",1
"[[(4.89, 5.79), (7.24, 8.14)]]",1
"[[(13.56, 14.46), (7.49, 8.39)]]",1
"[[(0.97, 1.87), (13.35, 14.25)]]",1
"[[(9.71, 10.61), (13.09, 13.99)]]",0
"[[(9.84, 10.74), (1.83, 2.73)]]",1
"[[(12.42, 13.32), (4.47, 5.37)]]",1
"[[(3.42, 4.32), (1.67, 2.57)]]",1
"[[(13.55, 14.45), (3.01, 3.91)]]",0
"[[(8.35, 9.25), (12.14, 13.04)]]",1
"[[(2.26, 3.16), (6.97, 7.87)]]",1
"[[(0.17, 1.07), (8.9, 9.8)]]",1
"[[(4.03, 4.93), (13.57, 14.47)]]",0
"[[(3.17, 4.07), (5.93, 6.83)]]",1
"[[(0.15, 1.05), (0.73, 1.63)]]",1
"[[(3.49, 4.39), (0.01, 0.91)]]",0
"[[(11.4, 12.3), (9.46, 10.36)]]",1
"[[(9.08, 9.98), (0.31, 1.21)]]",0
"[[(5.65, 6.55), (8.37, 9.27)]]",1
"[[(7.5, 8.4), (6.49, 7.39)]]",1
"[[(8.09, 8.99), (13.01, 13.91)]]",0
"[[(8.02, 8.92), (0.86, 1.76)]]",0
"[[(4.55, 5.45), (3.03, 3.93)]]",0
"[[(7.44, 8.34), (2.59, 3.49)]]",1
"[[(6.61, 7.51), (9.87, 10.77)]]",1
"[[(4.04, 4.94), (2.17, 3.07)]]",0
"[[(3.69, 4.59), (4.94, 5.84)]]",1
"[[(11.08, 11.98), (3.41, 4.31)]]",0
"[[(7.39, 8.29), (7.02, 7.92)]]",0
"[[(5.64, 6.54), (7.5, 8.4)]]",1
"[[(10.4, 11.3), (0.36, 1.26)]]",1
"[[(3.24, 4.14), (3.46, 4.36)]]",1
"[[(12.25, 13.15), (9.55, 10.45)]]",1
"[[(3.99, 4.89), (11.0, 11.9)]]",1
"[[(5.15, 6.05), (6.89, 7.79)]]",1
"[[(6.56, 7.46), (10.23, 11.13)]]",1
"[[(7.52, 8.42), (10.59, 11.49)]]",1
"[[(11.19, 12.09), (6.45, 7.35)]]",1
"[[(12.33, 13.23), (3.81, 4.71)]]",1
"[[(7.58, 8.48), (13.03, 13.93)]]",0
"[[(13.61, 14.51), (7.27, 8.17)]]",1
"[[(10.61, 11.51), (3.11, 4.01)]]",1
"[[(13.06, 13.96), (9.1, 10.0)]]",0
"[[(0.75, 1.65), (8.87, 9.77)]]",1
"[[(9.63, 10.53), (2.36, 3.26)]]",1
"[[(11.33, 12.23), (8.56, 9.46)]]",1
"[[(8.47, 9.37), (5.87, 6.77)]]",1
"[[(7.69, 8.59), (0.45, 1.35)]]",1
"[[(0.44, 1.34), (5.31, 6.21)]]",1
"[[(8.36, 9.26), (8.08, 8.98)]]",0
"[[(0.15, 1.05), (10.39, 11.29)]]",1
"[[(11.15, 12.05), (0.41, 1.31)]]",1
"[[(11.27, 12.17), (14.02, 14.92)]]",0
"[[(5.44, 6.34), (11.15, 12.05)]]",1
"[[(2.05, 2.95), (6.46, 7.36)]]",0
"[[(7.0, 7.9), (9.78, 10.68)]]",1
"[[(8.39, 9.29), (11.55, 12.45)]]",1
"[[(7.38, 8.28), (2.67, 3.57)]]",1
"[[(5.45, 6.35), (8.11, 9.01)]]",1
"[[(6.55, 7.45), (12.63, 13.53)]]",1
"[[(8.75, 9.65), (2.81, 3.71)]]",1
"[[(11.55, 12.45), (1.56, 2.46)]]",1
"[[(11.93, 12.83), (1.54, 2.44)]]",1
"[[(10.31, 11.21), (5.67, 6.57)]]",1
"[[(8.8, 9.7), (12.38, 13.28)]]",1
"[[(11.65, 12.55), (5.19, 6.09)]]",1
"[[(5.77, 6.67), (7.1, 8.0)]]",1
"[[(3.52, 4.42), (13.02, 13.92)]]",0
"[[(10.3, 11.2), (12.91, 13.81)]]",1
"[[(13.7, 14.6), (12.16, 13.06)]]",1
"[[(2.17, 3.07), (8.6, 9.5)]]",1
"[[(12.16, 13.06), (8.01, 8.91)]]",0
"[[(7.69, 8.59), (4.44, 5.34)]]",1
"[[(2.82, 3.72), (7.68, 8.58)]]",1
"[[(10.02, 10.92), (1.08, 1.98)]]",0
"[[(3.24, 4.14), (11.5, 12.4)]]",1
"[[(7.24, 8.14), (0.83, 1.73)]]",1
"[[(4.01, 4.91), (3.97, 4.87)]]",0
"[[(6.06, 6.96), (5.07, 5.97)]]",0
"[[(12.38, 13.28), (12.35, 13.25)]]",1
"[[(3.37, 4.27), (8.47, 9.37)]]",1
"[[(8.33, 9.23), (11.82, 12.72)]]",1
"[[(5.52, 6.42), (13.56, 14.46)]]",1
"[[(9.76, 10.66), (0.95, 1.85)]]",1
"[[(12.13, 13.03), (9.71, 10.61)]]",1
"[[(5.58, 6.48), (11.69, 12.59)]]",1
"[[(13.5, 14.4), (4.53, 5.43)]]",1
"[[(7.65, 8.55), (5.19, 6.09)]]",1
"[[(6.71, 7.61), (2.75, 3.65)]]",1
"[[(6.48, 7.38), (12.73, 13.63)]]",1
"[[(2.2, 3.1), (4.3, 5.2)]]",1
"[[(12.12, 13.02), (0.78, 1.68)]]",1
"[[(7.64, 8.54), (6.23, 7.13)]]",1
"[[(12.29, 13.19), (10.07, 10.97)]]",0
"[[(7.93, 8.83), (11.93, 12.83)]]",1
"[[(9.24, 10.14), (5.16, 6.06)]]",1
"[[(6.2, 7.1), (13.26, 14.16)]]",1
"[[(6.12, 7.02), (12.26, 13.16)]]",1
"[[(8.05, 8.95), (1.88, 2.78)]]",0
"[[(6.21, 7.11), (13.31, 14.21)]]",1
"[[(3.57, 4.47), (12.62, 13.52)]]",1
"[[(3.69, 4.59), (11.39, 12.29)]]",1
"[[(0.63, 1.53), (9.38, 10.28)]]",1
"[[(1.07, 1.97), (8.6, 9.5)]]",0
"[[(7.0, 7.9), (13.38, 14.28)]]",1
"[[(4.33, 5.23), (8.73, 9.63)]]",1
"[[(9.72, 10.62), (3.38, 4.28)]]",1
"[[(9.87, 10.77), (13.12, 14.02)]]",1
"[[(9.74, 10.64), (13.44, 14.34)]]",1
"[[(10.98, 11.88), (5.67, 6.57)]]",1
"[[(8.46, 9.36), (11.37, 12.27)]]",1
"[[(4.36, 5.26), (6.0, 6.9)]]",1
"[[(1.28, 2.18), (8.52, 9.42)]]",1
"[[(7.12, 8.02), (7.07, 7.97)]]",0
"[[(3.08, 3.98), (3.69, 4.59)]]",0
"[[(5.25, 6.15), (3.14, 4.04)]]",1
"[[(7.53, 8.43), (9.67, 10.57)]]",1
"[[(10.18, 11.08), (8.97, 9.87)]]",1
"[[(6.94, 7.84), (1.75, 2.65)]]",1
"[[(3.95, 4.85), (7.2, 8.1)]]",1
"[[(5.77, 6.67), (7.88, 8.78)]]",1
"[[(1.89, 2.79), (3.38, 4.28)]]",1
"[[(1.24, 2.14), (0.32, 1.22)]]",1
"[[(10.43, 11.33), (12.54, 13.44)]]",1
"[[(7.23, 8.13), (0.16, 1.06)]]",1
"[[(7.44, 8.34), (13.55, 14.45)]]",1
"[[(2.08, 2.98), (4.73, 5.63)]]",0
"[[(13.76, 14.66), (10.58, 11.48)]]",1
"[[(2.9, 3.8), (10.6, 11.5)]]",1
"[[(0.95, 1.85), (7.64, 8.54)]]",1
"[[(5.22, 6.12), (10.21, 11.11)]]",1
"[[(8.98, 9.88), (4.93, 5.83)]]",1
"[[(3.85, 4.75), (3.66, 4.56)]]",1
"[[(9.93, 10.83), (3.21, 4.11)]]",1
"[[(10.25, 11.15), (8.69, 9.59)]]",1
"[[(4.77, 5.67), (8.2, 9.1)]]",1
"[[(0.3, 1.2), (13.98, 14.88)]]",1
"[[(6.91, 7.81), (7.75, 8.65)]]",1
"[[(3.12, 4.02), (10.29, 11.19)]]",1
"[[(11.33, 12.23), (4.21, 5.11)]]",1
"[[(3.09, 3.99), (0.46, 1.36)]]",0
"[[(6.42, 7.32), (10.82, 11.72)]]",1
"[[(10.16, 11.06), (13.68, 14.58)]]",1
"[[(13.26, 14.16), (0.6, 1.5)]]",1
"[[(11.1, 12.0), (0.13, 1.03)]]",1
"[[(8.7, 9.6), (1.0, 1.9)]]",1
"[[(10.82, 11.72), (13.55, 14.45)]]",1
"[[(10.41, 11.31), (2.82, 3.72)]]",1
"[[(12.36, 13.26), (8.35, 9.25)]]",1
"[[(13.09, 13.99), (9.65, 10.55)]]",0
"[[(2.86, 3.76), (12.53, 13.43)]]",1
"[[(11.72, 12.62), (3.62, 4.52)]]",1
"[[(9.88, 10.78), (2.82, 3.72)]]",1
"[[(5.41, 6.31), (4.14, 5.04)]]",1
"[[(3.86, 4.76), (8.02, 8.92)]]",0
"[[(13.98, 14.88), (8.14, 9.04)]]",1
"[[(12.72, 13.62), (7.4, 8.3)]]",1
"[[(7.1, 8.0), (5.84, 6.74)]]",1
"[[(6.38, 7.28), (12.16, 13.06)]]",1
"[[(4.54, 5.44), (7.53, 8.43)]]",1
"[[(7.98, 8.88), (10.53, 11.43)]]",1
"[[(3.44, 4.34), (3.78, 4.68)]]",1
"[[(3.9, 4.8), (1.33, 2.23)]]",1
"[[(1.75, 2.65), (0.14, 1.04)]]",1
"[[(11.77, 12.67), (5.89, 6.79)]]",1
"[[(1.74, 2.64), (7.0, 7.9)]]",1
"[[(5.18, 6.08), (9.69, 10.59)]]",1
"[[(7.27, 8.17), (9.08, 9.98)]]",0
"[[(3.92, 4.82), (7.88, 8.78)]]",1
"[[(6.58, 7.48), (4.44, 5.34)]]",1
"[[(2.2, 3.1), (9.34, 10.24)]]",1
"[[(11.6, 12.5), (11.75, 12.65)]]",1
"[[(8.71, 9.61), (9.7, 10.6)]]",1
"[[(1.53, 2.43), (13.26, 14.16)]]",1
"[[(10.05, 10.95), (11.79, 12.69)]]",0
"[[(13.33, 14.23), (9.97, 10.87)]]",1
"[[(8.78, 9.68), (5.59, 6.49)]]",1
"[[(11.89, 12.79), (7.49, 8.39)]]",1
"[[(4.93, 5.83), (8.65, 9.55)]]",1
"[[(9.34, 10.24), (1.97, 2.87)]]",1
"[[(9.51, 10.41), (8.39, 9.29)]]",1
"[[(1.02, 1.92), (1.28, 2.18)]]",0
"[[(1.02, 1.92), (8.65, 9.55)]]",0
"[[(10.37, 11.27), (3.19, 4.09)]]",1
"[[(8.33, 9.23), (11.85, 12.75)]]",1
"[[(1.2, 2.1), (9.32, 10.22)]]",1
"[[(3.98, 4.88), (13.78, 14.68)]]",1
"[[(1.31, 2.21), (12.11, 13.01)]]",1
"[[(1.19, 2.09), (2.45, 3.35)]]",1
"[[(0.79, 1.69), (1.7, 2.6)]]",1
"[[(4.48, 5.38), (11.63, 12.53)]]",1
"[[(6.06, 6.96), (6.47, 7.37)]]",0
"[[(9.8, 10.7), (7.56, 8.46)]]",1
"[[(13.93, 14.83), (10.38, 11.28)]]",1
"[[(12.57, 13.47), (11.17, 12.07)]]",1
"[[(9.66, 10.56), (12.28, 13.18)]]",1
"[[(4.3, 5.2), (8.35, 9.25)]]",1
"[[(3.25, 4.15), (3.29, 4.19)]]",1
"[[(0.51, 1.41), (13.19, 14.09)]]",1
"[[(10.76, 11.66), (8.8, 9.7)]]",1
"[[(11.29, 12.19), (6.9, 7.8)]]",1
"[[(2.47, 3.37), (6.44, 7.34)]]",1
"[[(2.37, 3.27), (0.75, 1.65)]]",1
"[[(6.06, 6.96), (11.16, 12.06)]]",0
"[[(5.01, 5.91), (3.48, 4.38)]]",0
"[[(1.71, 2.61), (4.25, 5.15)]]",1
"[[(3.06, 3.96), (4.31, 5.21)]]",0
"[[(4.7, 5.6), (11.33, 12.23)]]",1
"[[(6.78, 7.68), (6.51, 7.41)]]",1
"[[(5.34, 6.24), (9.5, 10.4)]]",1
"[[(6.83, 7.73), (5.69, 6.59)]]",1
"[[(5.99, 6.89), (0.2, 1.1)]]",1
"[[(11.46, 12.36), (9.53, 10.43)]]",1
"[[(4.12, 5.02), (3.98, 4.88)]]",1
"[[(7.47, 8.37), (9.43, 10.33)]]",1
"[[(10.1, 11.0), (1.68, 2.58)]]",1
"[[(8.0, 8.9), (0.8, 1.7)]]",1
"[[(9.8, 10.7), (6.89, 7.79)]]",1
"[[(2.48, 3.38), (8.45, 9.35)]]",1
"[[(5.1, 6.0), (2.36, 3.26)]]",1
"[[(2.95, 3.85), (1.53, 2.43)]]",1
"[[(3.55, 4.45), (9.98, 10.88)]]",1
"[[(0.97, 1.87), (1.56, 2.46)]]",1
"[[(1.13, 2.03), (7.88, 8.78)]]",1
"[[(11.79, 12.69), (11.9, 12.8)]]",1
"[[(14.03, 14.93), (3.17, 4.07)]]",0
"[[(11.47, 12.37), (9.87, 10.77)]]",1
"[[(1.15, 2.05), (4.89, 5.79)]]",1
"[[(11.45, 12.35), (1.22, 2.12)]]",1
"[[(2.95, 3.85), (13.22, 14.12)]]",1
"[[(8.96, 9.86), (8.37, 9.27)]]",1
"[[(12.79, 13.69), (12.87, 13.77)]]",1
"[[(13.38, 14.28), (13.9, 14.8)]]",1
"[[(2.08, 2.98), (10.73, 11.63)]]",0
"[[(7.99, 8.89), (7.43, 8.33)]]",1
"[[(9.6, 10.5), (5.83, 6.73)]]",1
"[[(13.72, 14.62), (6.94, 7.84)]]",1
"[[(6.34, 7.24), (6.58, 7.48)]]",1
"[[(8.35, 9.25), (9.18, 10.08)]]",1
"[[(6.76, 7.66), (2.53, 3.43)]]",1
"[[(2.74, 3.64), (3.29, 4.19)]]",1
"[[(0.67, 1.57), (0.12, 1.02)]]",1
"[[(6.62, 7.52), (9.34, 10.24)]]",1
"[[(6.11, 7.01), (0.11, 1.01)]]",1
"[[(4.77, 5.67), (0.2, 1.1)]]",1
"[[(12.37, 13.27), (0.5, 1.4)]]",1
"[[(3.71, 4.61), (11.25, 12.15)]]",1
"[[(9.32, 10.22), (13.93, 14.83)]]",1
"[[(12.45, 13.35), (12.0, 12.9)]]",1
"[[(9.88, 10.78), (7.35, 8.25)]]",1
"[[(12.78, 13.68), (6.75, 7.65)]]",1
"[[(1.74, 2.64), (0.06, 0.96)]]",0
"[[(8.76, 9.66), (2.03, 2.93)]]",0
"[[(9.69, 10.59), (4.67, 5.57)]]",1
"[[(4.02, 4.92), (2.69, 3.59)]]",0
"[[(12.24, 13.14), (10.04, 10.94)]]",0
"[[(9.56, 10.46), (2.07, 2.97)]]",0
"[[(10.13, 11.03), (11.07, 11.97)]]",0
"[[(7.95, 8.85), (6.27, 7.17)]]",1
"[[(8.37, 9.27), (1.52, 2.42)]]",1
"[[(6.16, 7.06), (5.15, 6.05)]]",1
"[[(7.35, 8.25), (3.96, 4.86)]]",1
"[[(8.17, 9.07), (9.17, 10.07)]]",1
"[[(10.2, 11.1), (2.82, 3.72)]]",1
"[[(4.23, 5.13), (5.17, 6.07)]]",1
"[[(5.15, 6.05), (3.85, 4.75)]]",1
"[[(4.48, 5.38), (2.93, 3.83)]]",1
"[[(6.67, 7.57), (0.15, 1.05)]]",1
"[[(9.68, 10.58), (5.29, 6.19)]]",1
"[[(7.51, 8.41), (13.1, 14.0)]]",1
"[[(0.21, 1.11), (2.28, 3.18)]]",1
"[[(7.8, 8.7), (10.83, 11.73)]]",1
"[[(11.02, 11.92), (1.02, 1.92)]]",0
"[[(4.68, 5.58), (6.67, 7.57)]]",1
"[[(1.57, 2.47), (5.16, 6.06)]]",1
"[[(3.36, 4.26), (4.28, 5.18)]]",1
"[[(2.54, 3.44), (7.17, 8.07)]]",1
"[[(6.53, 7.43), (14.09, 14.99)]]",0
"[[(11.26, 12.16), (0.06, 0.96)]]",0
"[[(1.11, 2.01), (3.62, 4.52)]]",1
"[[(5.98, 6.88), (11.62, 12.52)]]",1
"[[(9.87, 10.77), (7.11, 8.01)]]",1
"[[(4.58, 5.48), (4.43, 5.33)]]",1
"[[(11.01, 11.91), (1.13, 2.03)]]",0
"[[(7.82, 8.72), (2.31, 3.21)]]",1
"[[(2.25, 3.15), (5.9, 6.8)]]",1
"[[(12.64, 13.54), (5.4, 6.3)]]",1
"[[(8.78, 9.68), (7.53, 8.43)]]",1
"[[(8.88, 9.78), (3.57, 4.47)]]",1
"[[(4.23, 5.13), (0.91, 1.81)]]",1
"[[(1.13, 2.03), (0.01, 0.91)]]",0
"[[(0.89, 1.79), (3.69, 4.59)]]",1
"[[(1.0, 1.9), (1.22, 2.12)]]",1
"[[(2.93, 3.83), (9.77, 10.67)]]",1
"[[(7.68, 8.58), (4.27, 5.17)]]",1
"[[(12.26, 13.16), (10.58, 11.48)]]",1
"[[(13.27, 14.17), (12.82, 13.72)]]",1
"[[(5.33, 6.23), (4.11, 5.01)]]",1
"[[(2.32, 3.22), (7.33, 8.23)]]",1
"[[(11.18, 12.08), (3.39, 4.29)]]",1
"[[(4.36, 5.26), (8.02, 8.92)]]",0
"[[(12.92, 13.82), (13.07, 13.97)]]",0
"[[(4.76, 5.66), (8.84, 9.74)]]",1
"[[(4.74, 5.64), (8.62, 9.52)]]",1
"[[(9.9, 10.8), (11.92, 12.82)]]",1
"[[(8.14, 9.04), (6.73, 7.63)]]",1
"[[(9.0, 9.9), (8.79, 9.69)]]",1
"[[(10.82, 11.72), (10.3, 11.2)]]",1
"[[(12.69, 13.59), (10.86, 11.76)]]",1
"[[(3.71, 4.61), (9.37, 10.27)]]",1
"[[(3.01, 3.91), (10.69, 11.59)]]",0
"[[(12.89, 13.79), (3.04, 3.94)]]",0
"[[(9.73, 10.63), (2.68, 3.58)]]",1
"[[(12.44, 13.34), (10.79, 11.69)]]",1
"[[(2.0, 2.9), (3.47, 4.37)]]",1
"[[(8.11, 9.01), (9.97, 10.87)]]",1
"[[(0.72, 1.62), (3.89, 4.79)]]",1
"[[(6.89, 7.79), (3.05, 3.95)]]",0
"[[(6.26, 7.16), (11.2, 12.1)]]",1
"[[(10.07, 10.97), (10.72, 11.62)]]",0
"[[(1.07, 1.97), (4.25, 5.15)]]",0
"[[(3.32, 4.22), (12.8, 13.7)]]",1
"[[(11.49, 12.39), (13.14, 14.04)]]",1
"[[(4.9, 5.8), (5.52, 6.42)]]",1
"[[(13.64, 14.54), (4.47, 5.37)]]",1
"[[(2.51, 3.41), (5.84, 6.74)]]",1
"[[(0.96, 1.86), (11.72, 12.62)]]",1
"[[(12.31, 13.21), (3.83, 4.73)]]",1
"[[(11.79, 12.69), (4.03, 4.93)]]",0
"[[(13.89, 14.79), (1.55, 2.45)]]",1
"[[(6.71, 7.61), (11.31, 12.21)]]",1
"[[(0.99, 1.89), (13.01, 13.91)]]",0
"[[(12.86, 13.76), (9.45, 10.35)]]",1
"[[(7.47, 8.37), (4.03, 4.93)]]",0
"[[(4.57, 5.47), (2.15, 3.05)]]",1
"[[(6.63, 7.53), (7.67, 8.57)]]",1
"[[(7.78, 8.68), (0.25, 1.15)]]",1
"[[(2.45, 3.35), (11.09, 11.99)]]",0
"[[(3.88, 4.78), (6.7, 7.6)]]",1
"[[(3.67, 4.57), (10.41, 11.31)]]",1
"[[(11.28, 12.18), (10.8, 11.7)]]",1
"[[(4.25, 5.15), (4.7, 5.6)]]",1
"[[(2.28, 3.18), (5.33, 6.23)]]",1
"[[(2.73, 3.63), (9.47, 10.37)]]",1
"[[(0.81, 1.71), (9.07, 9.97)]]",0
"[[(4.41, 5.31), (0.39, 1.29)]]",1
"[[(2.1, 3.0), (12.88, 13.78)]]",1
"[[(4.56, 5.46), (12.87, 13.77)]]",1
"[[(13.07, 13.97), (9.94, 10.84)]]",0
"[[(4.53, 5.43), (12.61, 13.51)]]",1
"[[(7.76, 8.66), (8.2, 9.1)]]",1
"[[(0.61, 1.51), (11.8, 12.7)]]",1
"[[(9.72, 10.62), (10.38, 11.28)]]",1
"[[(11.69, 12.59), (13.55, 14.45)]]",1
"[[(2.96, 3.86), (6.43, 7.33)]]",1
"[[(5.96, 6.86), (7.56, 8.46)]]",1
"[[(4.75, 5.65), (10.79, 11.69)]]",1
"[[(13.84, 14.74), (12.83, 13.73)]]",1
"[[(3.33, 4.23), (14.1, 15.0)]]",1
"[[(10.63, 11.53), (2.19, 3.09)]]",1
"[[(11.37, 12.27), (4.43, 5.33)]]",1
"[[(11.49, 12.39), (1.88, 2.78)]]",1
"[[(5.89, 6.79), (3.96, 4.86)]]",1
"[[(1.93, 2.83), (5.79, 6.69)]]",1
"[[(10.69, 11.59), (1.22, 2.12)]]",1
"[[(1.61, 2.51), (2.43, 3.33)]]",1
"[[(13.46, 14.36), (9.67, 10.57)]]",1
"[[(12.56, 13.46), (7.12, 8.02)]]",1
"[[(12.72, 13.62), (6.63, 7.53)]]",1
"[[(6.37, 7.27), (12.57, 13.47)]]",1
"[[(9.79, 10.69), (10.76, 11.66)]]",1
"[[(7.68, 8.58), (13.94, 14.84)]]",1
"[[(7.57, 8.47), (8.79, 9.69)]]",1
"[[(0.13, 1.03), (1.11, 2.01)]]",1
"[[(10.66, 11.56), (12.95, 13.85)]]",1
"[[(6.76, 7.66), (1.82, 2.72)]]",1
"[[(1.25, 2.15), (5.1, 6.0)]]",1
"[[(3.26, 4.16), (7.38, 8.28)]]",1
"[[(0.75, 1.65), (10.15, 11.05)]]",1
"[[(13.93, 14.83), (13.91, 14.81)]]",1
"[[(1.61, 2.51), (3.03, 3.93)]]",0
"[[(11.68, 12.58), (7.45, 8.35)]]",1
"[[(0.9, 1.8), (13.74, 14.64)]]",1
"[[(9.92, 10.82), (4.98, 5.88)]]",1
"[[(2.2, 3.1), (8.9, 9.8)]]",1
"[[(13.02, 13.92), (4.52, 5.42)]]",0
"[[(14.04, 14.94), (12.17, 13.07)]]",0
"[[(8.56, 9.46), (8.59, 9.49)]]",1
"[[(13.25, 14.15), (3.49, 4.39)]]",1
"[[(3.48, 4.38), (12.64, 13.54)]]",1
"[[(7.55, 8.45), (3.22, 4.12)]]",1
"[[(11.1, 12.0), (5.93, 6.83)]]",1
"[[(0.06, 0.96), (8.02, 8.92)]]",0
"[[(5.46, 6.36), (13.5, 14.4)]]",1
"[[(12.2, 13.1), (3.69, 4.59)]]",1
"[[(5.21, 6.11), (10.75, 11.65)]]",1
"[[(6.5, 7.4), (8.02, 8.92)]]",0
"[[(12.57, 13.47), (11.22, 12.12)]]",1
"[[(5.92, 6.82), (8.66, 9.56)]]",1
"[[(1.27, 2.17), (4.51, 5.41)]]",1
"[[(2.68, 3.58), (10.84, 11.74)]]",1
"[[(0.02, 0.92), (11.99, 12.89)]]",0
"[[(8.56, 9.46), (5.06, 5.96)]]",0
"[[(8.6, 9.5), (11.69, 12.59)]]",1
"[[(5.03, 5.93), (7.51, 8.41)]]",0
"[[(8.2, 9.1), (9.84, 10.74)]]",1
"[[(1.48, 2.38), (0.99, 1.89)]]",1
"[[(11.88, 12.78), (1.1, 2.0)]]",1
"[[(9.17, 10.07), (11.27, 12.17)]]",1
"[[(10.51, 11.41), (4.16, 5.06)]]",1
"[[(2.32, 3.22), (1.06, 1.96)]]",0
"[[(8.89, 9.79), (2.59, 3.49)]]",1
"[[(0.12, 1.02), (11.29, 12.19)]]",1
"[[(10.36, 11.26), (11.99, 12.89)]]",1
"[[(11.3, 12.2), (0.99, 1.89)]]",1
"[[(3.13, 4.03), (1.61, 2.51)]]",1
"[[(6.17, 7.07), (6.69, 7.59)]]",1
"[[(10.5, 11.4), (1.3, 2.2)]]",1
"[[(3.31, 4.21), (7.93, 8.83)]]",1
"[[(10.53, 11.43), (5.88, 6.78)]]",1
"[[(3.0, 3.9), (10.95, 11.85)]]",1
"[[(7.76, 8.66), (6.58, 7.48)]]",1
"[[(1.04, 1.94), (6.66, 7.56)]]",0
"[[(11.19, 12.09), (13.66, 14.56)]]",1
"[[(5.37, 6.27), (4.88, 5.78)]]",1
"[[(9.77, 10.67), (13.3, 14.2)]]",1
"[[(9.94, 10.84), (11.18, 12.08)]]",1
"[[(10.87, 11.77), (8.1, 9.0)]]",1
"[[(7.4, 8.3), (6.25, 7.15)]]",1
"[[(7.93, 8.83), (11.29, 12.19)]]",1
"[[(9.97, 10.87), (8.3, 9.2)]]",1
"[[(4.59, 5.49), (12.67, 13.57)]]",1
"[[(12.98, 13.88), (8.0, 8.9)]]",1
"[[(9.22, 10.12), (7.93, 8.83)]]",1
"[[(5.02, 5.92), (12.07, 12.97)]]",0
"[[(9.11, 10.01), (0.07, 0.97)]]",0
"[[(13.21, 14.11), (4.78, 5.68)]]",1
"[[(4.08, 4.98), (3.39, 4.29)]]",0
"[[(13.03, 13.93), (8.84, 9.74)]]",0
"[[(3.56, 4.46), (1.43, 2.33)]]",1
"[[(7.39, 8.29), (6.41, 7.31)]]",1
"[[(0.81, 1.71), (4.64, 5.54)]]",1
"[[(13.27, 14.17), (1.75, 2.65)]]",1
"[[(0.71, 1.61), (1.32, 2.22)]]",1
"[[(8.55, 9.45), (11.01, 11.91)]]",0
"[[(0.51, 1.41), (11.88, 12.78)]]",1
"[[(3.83, 4.73), (1.68, 2.58)]]",1
"[[(8.77, 9.67), (10.12, 11.02)]]",1
"[[(12.88, 13.78), (2.69, 3.59)]]",1
"[[(11.13, 12.03), (8.6, 9.5)]]",1
"[[(4.73, 5.63), (11.22, 12.12)]]",1
"[[(10.02, 10.92), (7.09, 7.99)]]",0
"[[(9.83, 10.73), (13.71, 14.61)]]",1
"[[(4.82, 5.72), (11.8, 12.7)]]",1
"[[(8.1, 9.0), (2.1, 3.0)]]",1
"[[(13.8, 14.7), (1.32, 2.22)]]",1
"[[(0.88, 1.78), (10.17, 11.07)]]",1
"[[(12.37, 13.27), (7.84, 8.74)]]",1
"[[(4.62, 5.52), (1.55, 2.45)]]",1
"[[(11.69, 12.59), (2.65, 3.55)]]",1
"[[(6.39, 7.29), (10.27, 11.17)]]",1
"[[(3.75, 4.65), (11.38, 12.28)]]",1
"[[(0.26, 1.16), (10.62, 11.52)]]",1
"[[(3.25, 4.15), (6.81, 7.71)]]",1
"[[(12.88, 13.78), (5.02, 5.92)]]",0
"[[(5.06, 5.96), (1.44, 2.34)]]",0
"[[(4.07, 4.97), (0.02, 0.92)]]",0
"[[(14.09, 14.99), (12.35, 13.25)]]",0
"[[(0.78, 1.68), (7.44, 8.34)]]",1
"[[(3.89, 4.79), (13.44, 14.34)]]",1
"[[(11.68, 12.58), (0.7, 1.6)]]",1
"[[(8.74, 9.64), (3.08, 3.98)]]",0
"[[(10.31, 11.21), (5.82, 6.72)]]",1
"[[(4.63, 5.53), (5.52, 6.42)]]",1
"[[(8.86, 9.76), (12.43, 13.33)]]",1
"[[(5.62, 6.52), (12.26, 13.16)]]",1
"[[(12.96, 13.86), (2.91, 3.81)]]",1
"[[(6.26, 7.16), (5.99, 6.89)]]",1
"[[(6.13, 7.03), (13.76, 14.66)]]",1
"[[(8.65, 9.55), (12.92, 13.82)]]",1
"[[(11.52, 12.42), (1.79, 2.69)]]",1
"[[(10.66, 11.56), (12.05, 12.95)]]",0
"[[(7.89, 8.79), (11.75, 12.65)]]",1
"[[(4.59, 5.49), (2.15, 3.05)]]",1
"[[(11.37, 12.27), (7.41, 8.31)]]",1
"[[(9.68, 10.58), (10.52, 11.42)]]",1
"[[(6.81, 7.71), (0.38, 1.28)]]",1
"[[(5.8, 6.7), (12.58, 13.48)]]",1
"[[(4.38, 5.28), (10.89, 11.79)]]",1
"[[(5.03, 5.93), (14.01, 14.91)]]",0
"[[(2.25, 3.15), (7.45, 8.35)]]",1
"[[(3.19, 4.09), (12.79, 13.69)]]",1
"[[(7.88, 8.78), (10.98, 11.88)]]",1
"[[(2.07, 2.97), (0.27, 1.17)]]",0
"[[(8.7, 9.6), (8.08, 8.98)]]",0
"[[(0.79, 1.69), (0.09, 0.99)]]",0
"[[(3.33, 4.23), (1.71, 2.61)]]",1
"[[(10.76, 11.66), (5.18, 6.08)]]",1
"[[(13.09, 13.99), (13.72, 14.62)]]",0
"[[(5.3, 6.2), (7.23, 8.13)]]",1
"[[(5.16, 6.06), (1.96, 2.86)]]",1
"[[(10.03, 10.93), (5.8, 6.7)]]",0
"[[(8.43, 9.33), (4.0, 4.9)]]",1
"[[(10.96, 11.86), (9.83, 10.73)]]",1
"[[(11.53, 12.43), (4.82, 5.72)]]",1
"[[(7.77, 8.67), (6.48, 7.38)]]",1
"[[(1.74, 2.64), (11.83, 12.73)]]",1
"[[(9.3, 10.2), (13.79, 14.69)]]",1
"[[(12.28, 13.18), (5.56, 6.46)]]",1
"[[(6.29, 7.19), (1.58, 2.48)]]",1
"[[(13.26, 14.16), (13.04, 13.94)]]",0
"[[(6.4, 7.3), (9.73, 10.63)]]",1
"[[(2.72, 3.62), (13.38, 14.28)]]",1
"[[(10.54, 11.44), (7.79, 8.69)]]",1
"[[(8.91, 9.81), (1.32, 2.22)]]",1
"[[(8.13, 9.03), (4.81, 5.71)]]",1
"[[(9.36, 10.26), (8.78, 9.68)]]",1
"[[(10.46, 11.36), (6.35, 7.25)]]",1
"[[(10.32, 11.22), (7.74, 8.64)]]",1
"[[(12.41, 13.31), (8.82, 9.72)]]",1
"[[(11.19, 12.09), (7.99, 8.89)]]",1
"[[(3.9, 4.8), (4.22, 5.12)]]",1
"[[(2.86, 3.76), (9.24, 10.14)]]",1
"[[(11.61, 12.51), (9.63, 10.53)]]",1
"[[(8.85, 9.75), (1.03, 1.93)]]",0
"[[(4.66, 5.56), (4.7, 5.6)]]",1
"[[(2.72, 3.62), (6.11, 7.01)]]",1
"[[(10.72, 11.62), (13.12, 14.02)]]",1
"[[(8.06, 8.96), (2.1, 3.0)]]",0
"[[(2.59, 3.49), (6.8, 7.7)]]",1
"[[(12.31, 13.21), (10.99, 11.89)]]",1
"[[(0.29, 1.19), (4.75, 5.65)]]",1
"[[(7.91, 8.81), (6.36, 7.26)]]",1
"[[(14.02, 14.92), (6.84, 7.74)]]",0
"[[(10.64, 11.54), (3.9, 4.8)]]",1
"[[(8.08, 8.98), (9.25, 10.15)]]",0
"[[(9.78, 10.68), (9.22, 10.12)]]",1
"[[(4.01, 4.91), (11.41, 12.31)]]",0
"[[(13.76, 14.66), (1.0, 1.9)]]",1
"[[(10.16, 11.06), (12.63, 13.53)]]",1
"[[(10.69, 11.59), (3.31, 4.21)]]",1
"[[(1.36, 2.26), (1.85, 2.75)]]",1
"[[(3.61, 4.51), (13.1, 14.0)]]",1
"[[(1.12, 2.02), (10.57, 11.47)]]",1
"[[(5.14, 6.04), (10.79, 11.69)]]",1
"[[(4.18, 5.08), (8.0, 8.9)]]",1
"[[(6.24, 7.14), (12.78, 13.68)]]",1
"[[(1.87, 2.77), (9.21, 10.11)]]",1
"[[(1.11, 2.01), (4.65, 5.55)]]",1
"[[(5.5, 6.4), (0.78, 1.68)]]",1
"[[(9.59, 10.49), (11.03, 11.93)]]",0
"[[(6.77, 7.67), (11.75, 12.65)]]",1
"[[(7.54, 8.44), (5.5, 6.4)]]",1
"[[(12.35, 13.25), (4.96, 5.86)]]",1
"[[(8.68, 9.58), (8.82, 9.72)]]",1
"[[(4.57, 5.47), (5.31, 6.21)]]",1
"[[(5.33, 6.23), (12.77, 13.67)]]",1
"[[(1.71, 2.61), (5.71, 6.61)]]",1
"[[(6.91, 7.81), (4.74, 5.64)]]",1
"[[(11.54, 12.44), (5.91, 6.81)]]",1
"[[(6.81, 7.71), (5.92, 6.82)]]",1
"[[(3.66, 4.56), (2.3, 3.2)]]",1
"[[(3.1, 4.0), (4.37, 5.27)]]",1
"[[(9.19, 10.09), (9.24, 10.14)]]",1
"[[(2.8, 3.7), (4.11, 5.01)]]",1
"[[(4.13, 5.03), (10.0, 10.9)]]",1
"[[(12.41, 13.31), (8.34, 9.24)]]",1
"[[(10.98, 11.88), (4.84, 5.74)]]",1
"[[(4.56, 5.46), (12.94, 13.84)]]",1
"[[(3.09, 3.99), (10.66, 11.56)]]",0
"[[(10.7, 11.6), (5.42, 6.32)]]",1
"[[(9.22, 10.12), (1.5, 2.4)]]",1
"[[(11.83, 12.73), (2.22, 3.12)]]",1
"[[(13.47, 14.37), (3.8, 4.7)]]",1
"[[(2.09, 2.99), (9.78, 10.68)]]",0
"[[(14.02, 14.92), (4.0, 4.9)]]",0
"[[(11.22, 12.12), (1.91, 2.81)]]",1
"[[(3.76, 4.66), (8.72, 9.62)]]",1
"[[(3.69, 4.59), (6.85, 7.75)]]",1
"[[(12.86, 13.76), (2.99, 3.89)]]",1
"[[(10.41, 11.31), (6.33, 7.23)]]",1
"[[(9.62, 10.52), (12.72, 13.62)]]",1
"[[(9.92, 10.82), (8.63, 9.53)]]",1
"[[(11.16, 12.06), (8.37, 9.27)]]",1
"[[(7.77, 8.67), (10.45, 11.35)]]",1
"[[(13.77, 14.67), (3.67, 4.57)]]",1
"[[(9.25, 10.15), (9.43, 10.33)]]",1
"[[(9.64, 10.54), (6.03, 6.93)]]",0
"[[(5.49, 6.39), (3.0, 3.9)]]",1
"[[(6.53, 7.43), (7.32, 8.22)]]",1
"[[(3.67, 4.57), (5.59, 6.49)]]",1
"[[(7.23, 8.13), (1.95, 2.85)]]",1
"[[(6.8, 7.7), (2.83, 3.73)]]",1
"[[(11.44, 12.34), (1.39, 2.29)]]",1
"[[(13.59, 14.49), (10.63, 11.53)]]",1
"[[(11.56, 12.46), (13.24, 14.14)]]",1
"[[(13.76, 14.66), (2.14, 3.04)]]",1
"[[(11.88, 12.78), (12.2, 13.1)]]",1
"[[(10.71, 11.61), (12.96, 13.86)]]",1
"[[(7.35, 8.25), (4.83, 5.73)]]",1
"[[(10.82, 11.72), (12.29, 13.19)]]",1
"[[(8.15, 9.05), (5.97, 6.87)]]",1
"[[(9.49, 10.39), (10.46, 11.36)]]",1
"[[(11.89, 12.79), (3.45, 4.35)]]",1
"[[(4.64, 5.54), (2.34, 3.24)]]",1
"[[(11.4, 12.3), (8.63, 9.53)]]",1
"[[(11.66, 12.56), (1.98, 2.88)]]",1
"[[(13.34, 14.24), (3.63, 4.53)]]",1
"[[(10.76, 11.66), (6.02, 6.92)]]",0
"[[(2.33, 3.23), (9.92, 10.82)]]",1
"[[(6.39, 7.29), (1.64, 2.54)]]",1
"[[(9.29, 10.19), (13.02, 13.92)]]",0
"[[(6.11, 7.01), (6.81, 7.71)]]",1
"[[(10.28, 11.18), (11.67, 12.57)]]",1
"[[(11.43, 12.33), (6.01, 6.91)]]",0
"[[(14.06, 14.96), (12.36, 13.26)]]",0
"[[(5.47, 6.37), (5.58, 6.48)]]",1
"[[(10.19, 11.09), (9.96, 10.86)]]",1
"[[(6.94, 7.84), (0.35, 1.25)]]",1
"[[(6.01, 6.91), (11.94, 12.84)]]",0
"[[(4.04, 4.94), (4.42, 5.32)]]",0
"[[(1.42, 2.32), (12.26, 13.16)]]",1
"[[(9.89, 10.79), (3.07, 3.97)]]",0
"[[(8.65, 9.55), (12.11, 13.01)]]",1
"[[(9.03, 9.93), (3.6, 4.5)]]",0
"[[(7.97, 8.87), (7.65, 8.55)]]",1
"[[(2.97, 3.87), (7.38, 8.28)]]",1
"[[(10.86, 11.76), (2.17, 3.07)]]",1
"[[(0.33, 1.23), (2.25, 3.15)]]",1
"[[(12.31, 13.21), (1.61, 2.51)]]",1
"[[(4.64, 5.54), (5.59, 6.49)]]",1
"[[(10.23, 11.13), (11.52, 12.42)]]",1
"[[(2.46, 3.36), (7.07, 7.97)]]",0
"[[(8.44, 9.34), (11.59, 12.49)]]",1
"[[(9.96, 10.86), (5.92, 6.82)]]",1
"[[(6.65, 7.55), (12.74, 13.64)]]",1
"[[(13.94, 14.84), (13.17, 14.07)]]",1
"[[(0.72, 1.62), (8.43, 9.33)]]",1
"[[(9.42, 10.32), (4.84, 5.74)]]",1
"[[(13.58, 14.48), (13.91, 14.81)]]",1
"[[(7.98, 8.88), (8.71, 9.61)]]",1
"[[(12.3, 13.2), (5.4, 6.3)]]",1
"[[(5.55, 6.45), (3.63, 4.53)]]",1
"[[(7.4, 8.3), (8.26, 9.16)]]",1
"[[(13.52, 14.42), (8.11, 9.01)]]",1
"[[(12.0, 12.9), (6.04, 6.94)]]",0
"[[(11.17, 12.07), (2.95, 3.85)]]",1
"[[(5.34, 6.24), (6.67, 7.57)]]",1
"[[(10.11, 11.01), (3.99, 4.89)]]",1
"[[(7.86, 8.76), (9.85, 10.75)]]",1
"[[(10.65, 11.55), (9.25, 10.15)]]",1
"[[(11.05, 11.95), (13.93, 14.83)]]",0
"[[(12.31, 13.21), (13.62, 14.52)]]",1
"[[(6.48, 7.38), (1.82, 2.72)]]",1
"[[(12.35, 13.25), (12.52, 13.42)]]",1
"[[(4.09, 4.99), (3.56, 4.46)]]",0
"[[(0.65, 1.55), (7.42, 8.32)]]",1
"[[(7.99, 8.89), (12.59, 13.49)]]",1
"[[(3.81, 4.71), (9.5, 10.4)]]",1
"[[(4.13, 5.03), (4.97, 5.87)]]",1
"[[(0.69, 1.59), (6.73, 7.63)]]",1
"[[(9.04, 9.94), (12.88, 13.78)]]",0
"[[(8.25, 9.15), (7.37, 8.27)]]",1
"[[(1.06, 1.96), (4.21, 5.11)]]",0
"[[(2.34, 3.24), (0.02, 0.92)]]",0
"[[(7.28, 8.18), (3.57, 4.47)]]",1
"[[(4.66, 5.56), (12.23, 13.13)]]",1
"[[(3.37, 4.27), (10.48, 11.38)]]",1
"[[(1.6, 2.5), (7.69, 8.59)]]",1
"[[(12.24, 13.14), (11.05, 11.95)]]",0
"[[(2.24, 3.14), (10.65, 11.55)]]",1
"[[(2.83, 3.73), (7.83, 8.73)]]",1
"[[(1.08, 1.98), (6.24, 7.14)]]",0
"[[(6.67, 7.57), (12.12, 13.02)]]",1
"[[(1.82, 2.72), (11.93, 12.83)]]",1
"[[(0.03, 0.93), (0.45, 1.35)]]",0
"[[(3.4, 4.3), (1.32, 2.22)]]",1
"[[(1.28, 2.18), (13.82, 14.72)]]",1
"[[(9.02, 9.92), (8.4, 9.3)]]",0
"[[(4.0, 4.9), (9.01, 9.91)]]",0
"[[(13.86, 14.76), (11.83, 12.73)]]",1
"[[(8.58, 9.48), (8.0, 8.9)]]",1
"[[(12.79, 13.69), (9.65, 10.55)]]",1
"[[(6.39, 7.29), (5.64, 6.54)]]",1
"[[(4.11, 5.01), (7.66, 8.56)]]",1
"[[(9.42, 10.32), (8.58, 9.48)]]",1
"[[(10.51, 11.41), (5.86, 6.76)]]",1
"[[(2.63, 3.53), (2.08, 2.98)]]",0
"[[(4.91, 5.81), (7.86, 8.76)]]",1
"[[(10.72, 11.62), (1.38, 2.28)]]",1
"[[(11.99, 12.89), (2.87, 3.77)]]",1
"[[(6.33, 7.23), (9.63, 10.53)]]",1
"[[(5.53, 6.43), (8.2, 9.1)]]",1
"[[(8.3, 9.2), (3.66, 4.56)]]",1
"[[(3.99, 4.89), (4.91, 5.81)]]",1
"[[(3.52, 4.42), (4.36, 5.26)]]",1
"[[(12.81, 13.71), (4.91, 5.81)]]",1
"[[(3.55, 4.45), (10.85, 11.75)]]",1
"[[(2.95, 3.85), (4.35, 5.25)]]",1
"[[(6.83, 7.73), (9.4, 10.3)]]",1
"[[(1.44, 2.34), (6.37, 7.27)]]",1
"[[(13.81, 14.71), (5.38, 6.28)]]",1
"[[(7.45, 8.35), (3.42, 4.32)]]",1
"[[(10.12, 11.02), (10.87, 11.77)]]",1
"[[(1.9, 2.8), (5.98, 6.88)]]",1
"[[(6.1, 7.0), (11.5, 12.4)]]",1
"[[(13.51, 14.41), (1.52, 2.42)]]",1
"[[(1.7, 2.6), (6.54, 7.44)]]",1
"[[(0.92, 1.82), (1.54, 2.44)]]",1
"[[(10.34, 11.24), (8.3, 9.2)]]",1
"[[(3.62, 4.52), (11.44, 12.34)]]",1
"[[(5.68, 6.58), (5.81, 6.71)]]",1
"[[(11.68, 12.58), (2.31, 3.21)]]",1
"[[(10.17, 11.07), (1.94, 2.84)]]",1
"[[(8.97, 9.87), (5.47, 6.37)]]",1
"[[(12.06, 12.96), (8.72, 9.62)]]",0
"[[(7.59, 8.49), (12.46, 13.36)]]",1
"[[(8.83, 9.73), (1.88, 2.78)]]",1
"[[(12.59, 13.49), (1.42, 2.32)]]",1
"[[(3.58, 4.48), (7.92, 8.82)]]",1
"[[(4.24, 5.14), (2.16, 3.06)]]",1
"[[(3.95, 4.85), (12.77, 13.67)]]",1
"[[(13.11, 14.01), (1.77, 2.67)]]",1
"[[(13.54, 14.44), (0.51, 1.41)]]",1
"[[(4.6, 5.5), (8.69, 9.59)]]",1
"[[(10.95, 11.85), (13.49, 14.39)]]",1
"[[(9.65, 10.55), (9.77, 10.67)]]",1
"[[(6.32, 7.22), (10.54, 11.44)]]",1
"[[(1.16, 2.06), (9.49, 10.39)]]",1
"[[(5.79, 6.69), (7.82, 8.72)]]",1
"[[(5.61, 6.51), (4.12, 5.02)]]",1
"[[(5.83, 6.73), (12.65, 13.55)]]",1
"[[(10.23, 11.13), (3.12, 4.02)]]",1
"[[(9.86, 10.76), (1.81, 2.71)]]",1
"[[(2.4, 3.3), (2.17, 3.07)]]",1
"[[(12.24, 13.14), (12.3, 13.2)]]",1
"[[(11.47, 12.37), (8.51, 9.41)]]",1
"[[(0.68, 1.58), (9.49, 10.39)]]",1
"[[(7.81, 8.71), (0.72, 1.62)]]",1
"[[(1.06, 1.96), (9.22, 10.12)]]",0
"[[(4.29, 5.19), (0.72, 1.62)]]",1
"[[(11.09, 11.99), (2.14, 3.04)]]",0
"[[(9.85, 10.75), (12.97, 13.87)]]",1
"[[(7.75, 8.65), (4.36, 5.26)]]",1
"[[(8.63, 9.53), (1.33, 2.23)]]",1
"[[(9.8, 10.7), (10.8, 11.7)]]",1
"[[(12.11, 13.01), (3.73, 4.63)]]",1
"[[(11.63, 12.53), (1.71, 2.61)]]",1
"[[(9.0, 9.9), (4.73, 5.63)]]",1
"[[(7.99, 8.89), (11.93, 12.83)]]",1
"[[(8.02, 8.92), (10.36, 11.26)]]",0
"[[(12.14, 13.04), (1.81, 2.71)]]",1
"[[(10.59, 11.49), (8.3, 9.2)]]",1
"[[(6.97, 7.87), (3.23, 4.13)]]",1
"[[(4.18, 5.08), (9.98, 10.88)]]",1
"[[(8.4, 9.3), (3.91, 4.81)]]",1
"[[(12.67, 13.57), (10.55, 11.45)]]",1
"[[(7.77, 8.67), (6.48, 7.38)]]",1
"[[(2.49, 3.39), (6.88, 7.78)]]",1
"[[(5.22, 6.12), (9.62, 10.52)]]",1
"[[(8.65, 9.55), (4.86, 5.76)]]",1
"[[(9.76, 10.66), (11.28, 12.18)]]",1
"[[(5.57, 6.47), (13.2, 14.1)]]",1
"[[(7.79, 8.69), (9.97, 10.87)]]",1
"[[(9.03, 9.93), (3.03, 3.93)]]",0
"[[(2.7, 3.6), (13.96, 14.86)]]",1
"[[(9.14, 10.04), (1.59, 2.49)]]",1
"[[(13.53, 14.43), (11.41, 12.31)]]",1
"[[(13.7, 14.6), (0.55, 1.45)]]",1
"[[(10.21, 11.11), (10.87, 11.77)]]",1
"[[(3.59, 4.49), (2.04, 2.94)]]",0
"[[(1.37, 2.27), (13.09, 13.99)]]",0
"[[(1.87, 2.77), (12.03, 12.93)]]",0
"[[(0.86, 1.76), (8.36, 9.26)]]",1
"[[(2.12, 3.02), (4.4, 5.3)]]",1
"[[(9.6, 10.5), (11.41, 12.31)]]",1
"[[(6.18, 7.08), (13.03, 13.93)]]",0
"[[(1.2, 2.1), (4.08, 4.98)]]",0
"[[(1.03, 1.93), (5.22, 6.12)]]",0
"[[(4.72, 5.62), (13.48, 14.38)]]",1
"[[(10.64, 11.54), (7.57, 8.47)]]",1
"[[(3.21, 4.11), (3.83, 4.73)]]",1
"[[(12.11, 13.01), (8.04, 8.94)]]",0
"[[(3.01, 3.91), (1.61, 2.51)]]",0
"[[(10.57, 11.47), (5.96, 6.86)]]",1
"[[(3.27, 4.17), (11.44, 12.34)]]",1
"[[(1.96, 2.86), (7.15, 8.05)]]",1
"[[(10.8, 11.7), (12.61, 13.51)]]",1
"[[(3.37, 4.27), (2.17, 3.07)]]",1
"[[(13.23, 14.13), (11.32, 12.22)]]",1
"[[(1.62, 2.52), (0.51, 1.41)]]",1
"[[(13.49, 14.39), (1.24, 2.14)]]",1
"[[(2.08, 2.98), (5.45, 6.35)]]",0
"[[(12.92, 13.82), (10.07, 10.97)]]",0
"[[(4.4, 5.3), (9.97, 10.87)]]",1
"[[(12.44, 13.34), (2.33, 3.23)]]",1
"[[(13.76, 14.66), (3.93, 4.83)]]",1
"[[(13.91, 14.81), (2.97, 3.87)]]",1
"[[(9.58, 10.48), (6.38, 7.28)]]",1
"[[(7.48, 8.38), (5.92, 6.82)]]",1
"[[(13.55, 14.45), (12.08, 12.98)]]",0
"[[(3.69, 4.59), (7.9, 8.8)]]",1
"[[(10.46, 11.36), (4.58, 5.48)]]",1
"[[(9.09, 9.99), (7.23, 8.13)]]",0
"[[(0.72, 1.62), (13.46, 14.36)]]",1
"[[(6.58, 7.48), (8.07, 8.97)]]",0
"[[(3.0, 3.9), (7.71, 8.61)]]",1
"[[(13.93, 14.83), (1.15, 2.05)]]",1
"[[(12.0, 12.9), (2.41, 3.31)]]",1
"[[(1.53, 2.43), (12.28, 13.18)]]",1
"[[(11.03, 11.93), (6.64, 7.54)]]",0
"[[(2.85, 3.75), (3.27, 4.17)]]",1
"[[(10.65, 11.55), (1.91, 2.81)]]",1
"[[(7.64, 8.54), (3.81, 4.71)]]",1
"[[(0.9, 1.8), (4.0, 4.9)]]",1
"[[(9.92, 10.82), (5.05, 5.95)]]",0
"[[(5.16, 6.06), (9.06, 9.96)]]",0
"[[(10.89, 11.79), (0.3, 1.2)]]",1
"[[(6.2, 7.1), (9.26, 10.16)]]",1
"[[(1.48, 2.38), (3.14, 4.04)]]",1
"[[(0.9, 1.8), (7.69, 8.59)]]",1
"[[(2.3, 3.2), (2.57, 3.47)]]",1
"[[(7.59, 8.49), (13.48, 14.38)]]",1
"[[(12.62, 13.52), (12.56, 13.46)]]",1
"[[(0.52, 1.42), (5.75, 6.65)]]",1
"[[(10.74, 11.64), (12.25, 13.15)]]",1
"[[(7.66, 8.56), (0.69, 1.59)]]",1
"[[(7.28, 8.18), (2.96, 3.86)]]",1
"[[(12.64, 13.54), (2.63, 3.53)]]",1
"[[(5.63, 6.53), (5.68, 6.58)]]",1
"[[(10.85, 11.75), (1.44, 2.34)]]",1
"[[(2.55, 3.45), (8.03, 8.93)]]",0
"[[(2.91, 3.81), (3.18, 4.08)]]",1
"[[(11.71, 12.61), (8.59, 9.49)]]",1
"[[(6.07, 6.97), (11.63, 12.53)]]",0
"[[(7.34, 8.24), (11.81, 12.71)]]",1
"[[(0.71, 1.61), (11.65, 12.55)]]",1
"[[(4.68, 5.58), (6.76, 7.66)]]",1
"[[(3.15, 4.05), (3.71, 4.61)]]",1
"[[(12.21, 13.11), (13.58, 14.48)]]",1
"[[(2.67, 3.57), (7.1, 8.0)]]",1
"[[(9.34, 10.24), (3.95, 4.85)]]",1
"[[(11.18, 12.08), (7.77, 8.67)]]",1
"[[(10.0, 10.9), (9.11, 10.01)]]",1
"[[(13.08, 13.98), (10.42, 11.32)]]",0
"[[(9.55, 10.45), (1.63, 2.53)]]",1
"[[(5.78, 6.68), (11.87, 12.77)]]",1
"[[(2.51, 3.41), (5.9, 6.8)]]",1
"[[(1.68, 2.58), (5.9, 6.8)]]",1
"[[(8.59, 9.49), (5.98, 6.88)]]",1
"[[(6.64, 7.54), (6.5, 7.4)]]",1
"[[(13.64, 14.54), (10.0, 10.9)]]",1
"[[(0.61, 1.51), (5.87, 6.77)]]",1
"[[(2.2, 3.1), (6.83, 7.73)]]",1
"[[(11.77, 12.67), (12.38, 13.28)]]",1
"[[(7.36, 8.26), (6.39, 7.29)]]",1
"[[(6.49, 7.39), (3.45, 4.35)]]",1
"[[(6.1, 7.0), (12.35, 13.25)]]",1
"[[(9.67, 10.57), (12.26, 13.16)]]",1
"[[(10.29, 11.19), (10.32, 11.22)]]",1
"[[(3.19, 4.09), (11.97, 12.87)]]",1
"[[(9.04, 9.94), (11.91, 12.81)]]",0
"[[(1.34, 2.24), (12.0, 12.9)]]",1
"[[(7.06, 7.96), (4.72, 5.62)]]",0
"[[(10.03, 10.93), (12.18, 13.08)]]",0
"[[(13.0, 13.9), (7.64, 8.54)]]",1
"[[(12.83, 13.73), (10.25, 11.15)]]",1
"[[(5.81, 6.71), (5.65, 6.55)]]",1
"[[(7.53, 8.43), (9.5, 10.4)]]",1
"[[(7.29, 8.19), (2.79, 3.69)]]",1
"[[(8.03, 8.93), (0.9, 1.8)]]",0
"[[(3.55, 4.45), (12.68, 13.58)]]",1
"[[(2.75, 3.65), (1.03, 1.93)]]",0
"[[(5.2, 6.1), (5.67, 6.57)]]",1
"[[(11.79, 12.69), (12.77, 13.67)]]",1
"[[(14.01, 14.91), (8.68, 9.58)]]",0
"[[(10.31, 11.21), (5.99, 6.89)]]",1
"[[(3.59, 4.49), (4.75, 5.65)]]",1
"[[(13.4, 14.3), (13.71, 14.61)]]",1
"[[(6.53, 7.43), (9.47, 10.37)]]",1
"[[(3.37, 4.27), (11.43, 12.33)]]",1
"[[(3.56, 4.46), (12.32, 13.22)]]",1
"[[(2.58, 3.48), (6.07, 6.97)]]",0
"[[(10.97, 11.87), (0.38, 1.28)]]",1
"[[(11.26, 12.16), (4.93, 5.83)]]",1
"[[(3.84, 4.74), (11.27, 12.17)]]",1
"[[(13.24, 14.14), (12.17, 13.07)]]",1
"[[(13.63, 14.53), (4.24, 5.14)]]",1
"[[(0.56, 1.46), (2.46, 3.36)]]",1
"[[(7.55, 8.45), (1.85, 2.75)]]",1
"[[(11.71, 12.61), (7.02, 7.92)]]",0
"[[(1.73, 2.63), (13.55, 14.45)]]",1
"[[(13.23, 14.13), (4.28, 5.18)]]",1
"[[(8.05, 8.95), (8.93, 9.83)]]",0
"[[(3.12, 4.02), (5.89, 6.79)]]",1
"[[(11.28, 12.18), (2.99, 3.89)]]",1
"[[(3.79, 4.69), (6.48, 7.38)]]",1
"[[(2.34, 3.24), (12.41, 13.31)]]",1
"[[(7.93, 8.83), (13.27, 14.17)]]",1
"[[(10.67, 11.57), (12.74, 13.64)]]",1
"[[(12.47, 13.37), (3.66, 4.56)]]",1
"[[(13.18, 14.08), (3.91, 4.81)]]",1
"[[(3.51, 4.41), (11.61, 12.51)]]",1
"[[(4.56, 5.46), (6.79, 7.69)]]",1
"[[(11.67, 12.57), (7.69, 8.59)]]",1
"[[(0.68, 1.58), (2.01, 2.91)]]",0
"[[(2.35, 3.25), (3.45, 4.35)]]",1
"[[(12.53, 13.43), (4.96, 5.86)]]",1
"[[(1.32, 2.22), (6.21, 7.11)]]",1
"[[(5.12, 6.02), (5.63, 6.53)]]",1
"[[(6.42, 7.32), (13.28, 14.18)]]",1
"[[(2.95, 3.85), (7.67, 8.57)]]",1
"[[(7.5, 8.4), (10.54, 11.44)]]",1
"[[(13.84, 14.74), (10.66, 11.56)]]",1
"[[(6.85, 7.75), (12.27, 13.17)]]",1
"[[(11.03, 11.93), (6.13, 7.03)]]",0
"[[(1.37, 2.27), (9.46, 10.36)]]",1
"[[(12.9, 13.8), (6.99, 7.89)]]",1
"[[(11.03, 11.93), (12.09, 12.99)]]",0
"[[(2.0, 2.9), (8.65, 9.55)]]",1
"[[(3.3, 4.2), (13.8, 14.7)]]",1
"[[(12.58, 13.48), (3.67, 4.57)]]",1
"[[(6.75, 7.65), (1.57, 2.47)]]",1
"[[(5.41, 6.31), (7.05, 7.95)]]",0
"[[(11.67, 12.57), (8.62, 9.52)]]",1
"[[(3.96, 4.86), (6.87, 7.77)]]",1
"[[(0.62, 1.52), (9.79, 10.69)]]",1
"[[(6.75, 7.65), (4.52, 5.42)]]",1
"[[(12.43, 13.33), (5.12, 6.02)]]",1
"[[(7.04, 7.94), (5.43, 6.33)]]",0
"[[(6.08, 6.98), (13.19, 14.09)]]",0
"[[(11.9, 12.8), (3.17, 4.07)]]",1
"[[(13.4, 14.3), (5.65, 6.55)]]",1
"[[(5.47, 6.37), (3.45, 4.35)]]",1
"[[(3.75, 4.65), (10.07, 10.97)]]",0
"[[(10.1, 11.0), (0.12, 1.02)]]",1
"[[(3.2, 4.1), (7.27, 8.17)]]",1
"[[(6.24, 7.14), (12.65, 13.55)]]",1
"[[(11.21, 12.11), (13.21, 14.11)]]",1
"[[(4.83, 5.73), (8.82, 9.72)]]",1
"[[(3.5, 4.4), (2.47, 3.37)]]",1
"[[(12.91, 13.81), (13.13, 14.03)]]",1
"[[(12.91, 13.81), (13.76, 14.66)]]",1
"[[(6.39, 7.29), (4.86, 5.76)]]",1
"[[(8.43, 9.33), (11.8, 12.7)]]",1
"[[(7.07, 7.97), (12.83, 13.73)]]",0
"[[(7.21, 8.11), (11.51, 12.41)]]",1
"[[(4.58, 5.48), (13.88, 14.78)]]",1
"[[(9.77, 10.67), (7.43, 8.33)]]",1
"[[(10.91, 11.81), (7.61, 8.51)]]",1
"[[(1.32, 2.22), (2.42, 3.32)]]",1
"[[(1.22, 2.12), (5.71, 6.61)]]",1
"[[(2.74, 3.64), (0.32, 1.22)]]",1
"[[(6.51, 7.41), (8.87, 9.77)]]",1
"[[(12.9, 13.8), (1.37, 2.27)]]",1
"[[(0.35, 1.25), (13.33, 14.23)]]",1
"[[(12.88, 13.78), (12.87, 13.77)]]",1
"[[(8.16, 9.06), (13.39, 14.29)]]",1
"[[(12.48, 13.38), (10.25, 11.15)]]",1
"[[(10.38, 11.28), (8.54, 9.44)]]",1
"[[(2.93, 3.83), (3.69, 4.59)]]",1
"[[(8.91, 9.81), (6.33, 7.23)]]",1
"[[(3.4, 4.3), (6.05, 6.95)]]",0
"[[(13.71, 14.61), (0.59, 1.49)]]",1
"[[(1.88, 2.78), (13.79, 14.69)]]",1
"[[(0.48, 1.38), (2.13, 3.03)]]",1
"[[(0.72, 1.62), (10.94, 11.84)]]",1
"[[(1.71, 2.61), (10.75, 11.65)]]",1
"[[(6.71, 7.61), (8.25, 9.15)]]",1
"[[(2.85, 3.75), (0.07, 0.97)]]",0
"[[(12.07, 12.97), (2.39, 3.29)]]",0
"[[(2.47, 3.37), (11.25, 12.15)]]",1
"[[(8.15, 9.05), (4.96, 5.86)]]",1
"[[(10.65, 11.55), (1.19, 2.09)]]",1
"[[(6.55, 7.45), (9.08, 9.98)]]",0
"[[(11.11, 12.01), (8.42, 9.32)]]",1
"[[(11.76, 12.66), (12.2, 13.1)]]",1
"[[(13.41, 14.31), (6.86, 7.76)]]",1
"[[(8.21, 9.11), (6.37, 7.27)]]",1
"[[(5.54, 6.44), (10.66, 11.56)]]",1
"[[(1.95, 2.85), (7.94, 8.84)]]",1
"[[(8.75, 9.65), (12.01, 12.91)]]",0
"[[(11.55, 12.45), (5.31, 6.21)]]",1
"[[(4.82, 5.72), (6.22, 7.12)]]",1
"[[(6.1, 7.0), (9.3, 10.2)]]",1
"[[(12.51, 13.41), (0.46, 1.36)]]",1
"[[(7.11, 8.01), (0.17, 1.07)]]",1
"[[(13.27, 14.17), (12.16, 13.06)]]",1
"[[(7.35, 8.25), (12.65, 13.55)]]",1
"[[(4.2, 5.1), (12.21, 13.11)]]",1
"[[(2.6, 3.5), (12.32, 13.22)]]",1
"[[(11.44, 12.34), (3.21, 4.11)]]",1
"[[(12.53, 13.43), (3.21, 4.11)]]",1
"[[(0.84, 1.74), (2.57, 3.47)]]",1
"[[(12.57, 13.47), (8.2, 9.1)]]",1
"[[(0.22, 1.12), (13.99, 14.89)]]",1
"[[(1.98, 2.88), (13.75, 14.65)]]",1
"[[(4.84, 5.74), (9.06, 9.96)]]",0
"[[(0.47, 1.37), (13.28, 14.18)]]",1
"[[(2.55, 3.45), (9.91, 10.81)]]",1
"[[(12.61, 13.51), (5.98, 6.88)]]",1
"[[(2.24, 3.14), (12.41, 13.31)]]",1
"[[(13.44, 14.34), (13.02, 13.92)]]",0
"[[(12.7, 13.6), (1.06, 1.96)]]",0
"[[(0.81, 1.71), (4.45, 5.35)]]",1
"[[(13.24, 14.14), (9.75, 10.65)]]",1
"[[(9.75, 10.65), (7.84, 8.74)]]",1
"[[(11.79, 12.69), (10.65, 11.55)]]",1
"[[(10.03, 10.93), (3.41, 4.31)]]",0
"[[(1.41, 2.31), (9.65, 10.55)]]",1
"[[(11.26, 12.16), (13.27, 14.17)]]",1
"[[(4.55, 5.45), (3.32, 4.22)]]",1
"[[(8.64, 9.54), (7.84, 8.74)]]",1
"[[(13.4, 14.3), (0.27, 1.17)]]",1
"[[(8.95, 9.85), (3.19, 4.09)]]",1
"[[(3.92, 4.82), (8.37, 9.27)]]",1
"[[(3.12, 4.02), (0.86, 1.76)]]",1
"[[(9.25, 10.15), (1.34, 2.24)]]",1
"[[(1.97, 2.87), (1.11, 2.01)]]",1
"[[(5.0, 5.9), (9.46, 10.36)]]",1
"[[(7.17, 8.07), (6.06, 6.96)]]",0
"[[(5.9, 6.8), (1.24, 2.14)]]",1
"[[(2.59, 3.49), (10.97, 11.87)]]",1
"[[(5.49, 6.39), (6.9, 7.8)]]",1
"[[(13.79, 14.69), (11.64, 12.54)]]",1
"[[(4.65, 5.55), (7.72, 8.62)]]",1
"[[(2.51, 3.41), (12.32, 13.22)]]",1
"[[(1.35, 2.25), (3.11, 4.01)]]",1
"[[(6.15, 7.05), (11.92, 12.82)]]",1
"[[(13.18, 14.08), (13.4, 14.3)]]",1
"[[(3.12, 4.02), (0.71, 1.61)]]",1
"[[(5.11, 6.01), (2.64, 3.54)]]",1
"[[(13.85, 14.75), (7.07, 7.97)]]",0
"[[(7.27, 8.17), (0.89, 1.79)]]",1
"[[(4.17, 5.07), (13.3, 14.2)]]",1
"[[(3.9, 4.8), (13.09, 13.99)]]",0
"[[(2.0, 2.9), (4.73, 5.63)]]",1
"[[(0.93, 1.83), (1.92, 2.82)]]",1
"[[(3.04, 3.94), (7.23, 8.13)]]",0
"[[(13.95, 14.85), (11.51, 12.41)]]",1
"[[(6.36, 7.26), (11.74, 12.64)]]",1
"[[(5.83, 6.73), (11.11, 12.01)]]",1
"[[(6.24, 7.14), (13.69, 14.59)]]",1
"[[(9.8, 10.7), (5.04, 5.94)]]",0
"[[(11.72, 12.62), (6.9, 7.8)]]",1
"[[(6.05, 6.95), (5.25, 6.15)]]",0
"[[(12.09, 12.99), (13.71, 14.61)]]",0
"[[(6.51, 7.41), (6.81, 7.71)]]",1
"[[(10.15, 11.05), (8.62, 9.52)]]",1
"[[(2.71, 3.61), (9.03, 9.93)]]",0
"[[(3.04, 3.94), (3.58, 4.48)]]",0
"[[(5.43, 6.33), (0.25, 1.15)]]",1
"[[(2.62, 3.52), (2.81, 3.71)]]",1
"[[(1.97, 2.87), (7.04, 7.94)]]",0
"[[(4.64, 5.54), (7.74, 8.64)]]",1
"[[(13.44, 14.34), (4.06, 4.96)]]",0
"[[(1.57, 2.47), (0.43, 1.33)]]",1
"[[(3.79, 4.69), (5.76, 6.66)]]",1
"[[(0.15, 1.05), (7.59, 8.49)]]",1
"[[(5.07, 5.97), (3.1, 4.0)]]",0
"[[(4.04, 4.94), (13.62, 14.52)]]",0
"[[(10.02, 10.92), (6.48, 7.38)]]",0
"[[(3.17, 4.07), (13.17, 14.07)]]",1
"[[(13.96, 14.86), (0.29, 1.19)]]",1
"[[(9.8, 10.7), (10.75, 11.65)]]",1
"[[(9.88, 10.78), (11.96, 12.86)]]",1
"[[(5.57, 6.47), (13.23, 14.13)]]",1
"[[(0.76, 1.66), (10.0, 10.9)]]",1
"[[(9.37, 10.27), (8.84, 9.74)]]",1
"[[(8.11, 9.01), (4.09, 4.99)]]",0
"[[(11.29, 12.19), (10.52, 11.42)]]",1
"[[(13.04, 13.94), (11.9, 12.8)]]",0
"[[(12.84, 13.74), (13.56, 14.46)]]",1
"[[(10.85, 11.75), (6.83, 7.73)]]",1
"[[(10.58, 11.48), (2.89, 3.79)]]",1
"[[(2.71, 3.61), (7.88, 8.78)]]",1
"[[(12.81, 13.71), (1.95, 2.85)]]",1
"[[(11.91, 12.81), (5.19, 6.09)]]",1
"[[(4.23, 5.13), (2.38, 3.28)]]",1
"[[(5.74, 6.64), (8.4, 9.3)]]",1
"[[(7.1, 8.0), (8.82, 9.72)]]",1
"[[(10.75, 11.65), (3.69, 4.59)]]",1
"[[(1.13, 2.03), (9.46, 10.36)]]",1
"[[(3.22, 4.12), (6.4, 7.3)]]",1
"[[(9.05, 9.95), (9.07, 9.97)]]",0
"[[(10.67, 11.57), (13.91, 14.81)]]",1
"[[(4.89, 5.79), (3.6, 4.5)]]",1
"[[(11.32, 12.22), (7.32, 8.22)]]",1
"[[(6.36, 7.26), (12.41, 13.31)]]",1
"[[(10.93, 11.83), (10.54, 11.44)]]",1
"[[(9.87, 10.77), (6.27, 7.17)]]",1
"[[(5.86, 6.76), (10.01, 10.91)]]",0
"[[(13.52, 14.42), (10.12, 11.02)]]",1
"[[(5.6, 6.5), (6.1, 7.0)]]",1
"[[(9.77, 10.67), (0.89, 1.79)]]",1
"[[(11.3, 12.2), (4.71, 5.61)]]",1
"[[(5.95, 6.85), (11.66, 12.56)]]",1
"[[(5.66, 6.56), (13.52, 14.42)]]",1
"[[(3.01, 3.91), (4.41, 5.31)]]",0
"[[(5.17, 6.07), (12.59, 13.49)]]",1
"[[(6.7, 7.6), (11.61, 12.51)]]",1
"[[(8.71, 9.61), (11.32, 12.22)]]",1
"[[(6.01, 6.91), (11.49, 12.39)]]",0
"[[(6.6, 7.5), (7.9, 8.8)]]",1
"[[(6.96, 7.86), (10.49, 11.39)]]",1
"[[(1.52, 2.42), (5.3, 6.2)]]",1
"[[(2.64, 3.54), (0.72, 1.62)]]",1
"[[(10.91, 11.81), (11.62, 12.52)]]",1
"[[(7.69, 8.59), (9.98, 10.88)]]",1
"[[(5.06, 5.96), (4.33, 5.23)]]",0
"[[(5.97, 6.87), (4.87, 5.77)]]",1
"[[(10.76, 11.66), (13.28, 14.18)]]",1
"[[(5.67, 6.57), (0.47, 1.37)]]",1
"[[(10.83, 11.73), (10.41, 11.31)]]",1
"[[(11.51, 12.41), (5.91, 6.81)]]",1
"[[(2.66, 3.56), (14.05, 14.95)]]",0
"[[(7.96, 8.86), (12.62, 13.52)]]",1
"[[(10.72, 11.62), (11.22, 12.12)]]",1
"[[(5.27, 6.17), (6.02, 6.92)]]",0
"[[(1.8, 2.7), (12.13, 13.03)]]",1
"[[(9.57, 10.47), (6.57, 7.47)]]",1
"[[(12.01, 12.91), (13.67, 14.57)]]",0
"[[(3.4, 4.3), (2.17, 3.07)]]",1
"[[(12.17, 13.07), (13.28, 14.18)]]",1
"[[(11.57, 12.47), (10.28, 11.18)]]",1
"[[(9.4, 10.3), (5.97, 6.87)]]",1
"[[(3.15, 4.05), (11.68, 12.58)]]",1
"[[(10.91, 11.81), (4.92, 5.82)]]",1
"[[(9.34, 10.24), (12.47, 13.37)]]",1
"[[(10.31, 11.21), (7.98, 8.88)]]",1
"[[(14.03, 14.93), (3.46, 4.36)]]",0
"[[(1.79, 2.69), (12.64, 13.54)]]",1
"[[(8.37, 9.27), (4.08, 4.98)]]",0
"[[(12.84, 13.74), (6.57, 7.47)]]",1
"[[(6.87, 7.77), (3.04, 3.94)]]",0
"[[(10.3, 11.2), (5.33, 6.23)]]",1
"[[(1.77, 2.67), (0.89, 1.79)]]",1
"[[(11.14, 12.04), (7.47, 8.37)]]",1
"[[(3.62, 4.52), (8.88, 9.78)]]",1
"[[(11.65, 12.55), (5.97, 6.87)]]",1
"[[(5.38, 6.28), (2.94, 3.84)]]",1
"[[(12.47, 13.37), (4.3, 5.2)]]",1
"[[(7.28, 8.18), (11.87, 12.77)]]",1
"[[(8.36, 9.26), (4.11, 5.01)]]",1
"[[(0.47, 1.37), (4.73, 5.63)]]",1
"[[(11.68, 12.58), (6.47, 7.37)]]",1
"[[(0.1, 1.0), (8.66, 9.56)]]",1
"[[(1.27, 2.17), (8.43, 9.33)]]",1
"[[(0.62, 1.52), (0.41, 1.31)]]",1
"[[(7.76, 8.66), (6.36, 7.26)]]",1
"[[(6.55, 7.45), (8.03, 8.93)]]",0
"[[(9.53, 10.43), (10.15, 11.05)]]",1
"[[(5.49, 6.39), (5.37, 6.27)]]",1
"[[(6.0, 6.9), (1.6, 2.5)]]",1
"[[(11.39, 12.29), (8.67, 9.57)]]",1
"[[(3.86, 4.76), (3.38, 4.28)]]",1
"[[(7.12, 8.02), (11.6, 12.5)]]",1
"[[(12.96, 13.86), (9.93, 10.83)]]",1
"[[(1.08, 1.98), (3.78, 4.68)]]",0
"[[(9.47, 10.37), (5.04, 5.94)]]",0
"[[(10.55, 11.45), (2.2, 3.1)]]",1
"[[(12.05, 12.95), (13.51, 14.41)]]",0
"[[(7.69, 8.59), (4.52, 5.42)]]",1
"[[(10.2, 11.1), (2.37, 3.27)]]",1
"[[(11.2, 12.1), (8.36, 9.26)]]",1
"[[(6.61, 7.51), (7.96, 8.86)]]",1
"[[(3.19, 4.09), (2.69, 3.59)]]",1
"[[(12.39, 13.29), (0.5, 1.4)]]",1
"[[(2.35, 3.25), (4.35, 5.25)]]",1
"[[(10.89, 11.79), (6.75, 7.65)]]",1
"[[(2.9, 3.8), (0.31, 1.21)]]",1
"[[(5.67, 6.57), (6.65, 7.55)]]",1
"[[(2.26, 3.16), (9.59, 10.49)]]",1
"[[(11.53, 12.43), (6.99, 7.89)]]",1
"[[(0.94, 1.84), (9.5, 10.4)]]",1
"[[(13.82, 14.72), (12.53, 13.43)]]",1
"[[(11.75, 12.65), (8.94, 9.84)]]",1
"[[(1.48, 2.38), (4.8, 5.7)]]",1
"[[(12.23, 13.13), (4.68, 5.58)]]",1
"[[(4.33, 5.23), (7.8, 8.7)]]",1
"[[(12.01, 12.91), (11.49, 12.39)]]",0
"[[(2.78, 3.68), (10.7, 11.6)]]",1
"[[(4.49, 5.39), (10.25, 11.15)]]",1
"[[(10.47, 11.37), (14.08, 14.98)]]",0
"[[(3.83, 4.73), (5.65, 6.55)]]",1
"[[(11.16, 12.06), (13.15, 14.05)]]",1
"[[(5.79, 6.69), (5.91, 6.81)]]",1
"[[(0.79, 1.69), (12.48, 13.38)]]",1
"[[(2.69, 3.59), (5.79, 6.69)]]",1
"[[(10.32, 11.22), (3.72, 4.62)]]",1
"[[(12.48, 13.38), (10.35, 11.25)]]",1
"[[(6.48, 7.38), (8.33, 9.23)]]",1
"[[(3.49, 4.39), (9.67, 10.57)]]",1
"[[(5.12, 6.02), (8.17, 9.07)]]",1
"[[(11.07, 11.97), (1.03, 1.93)]]",0
"[[(8.31, 9.21), (7.12, 8.02)]]",1
"[[(10.22, 11.12), (13.29, 14.19)]]",1
"[[(4.1, 5.0), (14.03, 14.93)]]",0
"[[(0.67, 1.57), (7.25, 8.15)]]",1
"[[(6.35, 7.25), (1.5, 2.4)]]",1
"[[(2.77, 3.67), (10.46, 11.36)]]",1
"[[(2.91, 3.81), (13.55, 14.45)]]",1
"[[(11.04, 11.94), (11.65, 12.55)]]",0
"[[(4.03, 4.93), (4.33, 5.23)]]",0
"[[(2.28, 3.18), (8.05, 8.95)]]",0
"[[(7.17, 8.07), (9.67, 10.57)]]",1
"[[(14.09, 14.99), (7.58, 8.48)]]",0
"[[(10.07, 10.97), (13.46, 14.36)]]",0
"[[(6.2, 7.1), (10.16, 11.06)]]",1
"[[(5.99, 6.89), (3.64, 4.54)]]",1
"[[(1.31, 2.21), (8.19, 9.09)]]",1
"[[(1.04, 1.94), (1.75, 2.65)]]",0
"[[(2.18, 3.08), (4.26, 5.16)]]",1
"[[(1.87, 2.77), (6.11, 7.01)]]",1
"[[(12.73, 13.63), (13.7, 14.6)]]",1
"[[(4.43, 5.33), (0.72, 1.62)]]",1
"[[(3.88, 4.78), (7.26, 8.16)]]",1
"[[(11.32, 12.22), (13.47, 14.37)]]",1
"[[(3.71, 4.61), (5.23, 6.13)]]",1
"[[(2.31, 3.21), (13.02, 13.92)]]",0
"[[(12.48, 13.38), (2.96, 3.86)]]",1
"[[(5.38, 6.28), (13.18, 14.08)]]",1
"[[(10.42, 11.32), (11.78, 12.68)]]",1
"[[(11.48, 12.38), (5.7, 6.6)]]",1
"[[(10.15, 11.05), (8.21, 9.11)]]",1
"[[(6.7, 7.6), (2.27, 3.17)]]",1
"[[(3.74, 4.64), (11.53, 12.43)]]",1
"[[(6.57, 7.47), (10.82, 11.72)]]",1
"[[(6.49, 7.39), (8.78, 9.68)]]",1
"[[(1.81, 2.71), (12.5, 13.4)]]",1
"[[(5.6, 6.5), (13.8, 14.7)]]",1
"[[(8.2, 9.1), (5.06, 5.96)]]",0
"[[(10.33, 11.23), (2.46, 3.36)]]",1
"[[(6.89, 7.79), (2.17, 3.07)]]",1
"[[(3.84, 4.74), (9.11, 10.01)]]",1
"[[(7.29, 8.19), (9.86, 10.76)]]",1
"[[(3.18, 4.08), (6.66, 7.56)]]",1
"[[(7.41, 8.31), (8.33, 9.23)]]",1
"[[(5.09, 5.99), (1.08, 1.98)]]",0
"[[(9.07, 9.97), (3.02, 3.92)]]",0
"[[(0.6, 1.5), (9.95, 10.85)]]",1
"[[(11.94, 12.84), (0.46, 1.36)]]",1
"[[(0.15, 1.05), (8.69, 9.59)]]",1
"[[(13.9, 14.8), (10.41, 11.31)]]",1
"[[(3.78, 4.68), (2.96, 3.86)]]",1
"[[(5.65, 6.55), (9.43, 10.33)]]",1
"[[(1.62, 2.52), (8.87, 9.77)]]",1
"[[(5.39, 6.29), (7.94, 8.84)]]",1
"[[(4.4, 5.3), (4.09, 4.99)]]",0
"[[(4.71, 5.61), (2.31, 3.21)]]",1
"[[(4.35, 5.25), (9.64, 10.54)]]",1
"[[(0.58, 1.48), (5.94, 6.84)]]",1
"[[(4.19, 5.09), (5.4, 6.3)]]",1
"[[(6.05, 6.95), (7.77, 8.67)]]",0
"[[(10.99, 11.89), (12.52, 13.42)]]",1
"[[(9.16, 10.06), (5.7, 6.6)]]",1
"[[(11.86, 12.76), (9.98, 10.88)]]",1
"[[(10.77, 11.67), (7.12, 8.02)]]",1
"[[(4.96, 5.86), (8.41, 9.31)]]",1
"[[(6.07, 6.97), (8.5, 9.4)]]",0
"[[(10.35, 11.25), (4.67, 5.57)]]",1
"[[(1.5, 2.4), (10.05, 10.95)]]",0
"[[(0.54, 1.44), (11.51, 12.41)]]",1
"[[(2.01, 2.91), (4.33, 5.23)]]",0
"[[(13.66, 14.56), (2.43, 3.33)]]",1
"[[(6.91, 7.81), (3.69, 4.59)]]",1
"[[(1.54, 2.44), (1.2, 2.1)]]",1
"[[(12.81, 13.71), (14.06, 14.96)]]",0
"[[(9.44, 10.34), (7.52, 8.42)]]",1
"[[(5.65, 6.55), (7.94, 8.84)]]",1
"[[(12.76, 13.66), (6.24, 7.14)]]",1
"[[(1.1, 2.0), (0.24, 1.14)]]",1
"[[(2.48, 3.38), (8.11, 9.01)]]",1
"[[(1.04, 1.94), (5.5, 6.4)]]",0
"[[(7.89, 8.79), (2.36, 3.26)]]",1
"[[(3.87, 4.77), (9.49, 10.39)]]",1
"[[(0.48, 1.38), (3.55, 4.45)]]",1
"[[(6.08, 6.98), (11.5, 12.4)]]",0
"[[(2.3, 3.2), (6.69, 7.59)]]",1
"[[(7.69, 8.59), (0.71, 1.61)]]",1
"[[(13.17, 14.07), (12.31, 13.21)]]",1
"[[(4.62, 5.52), (11.79, 12.69)]]",1
"[[(1.07, 1.97), (12.49, 13.39)]]",0
"[[(10.17, 11.07), (12.36, 13.26)]]",1
"[[(9.99, 10.89), (3.53, 4.43)]]",1
"[[(6.43, 7.33), (13.76, 14.66)]]",1
"[[(4.56, 5.46), (6.72, 7.62)]]",1
"[[(7.91, 8.81), (10.19, 11.09)]]",1
"[[(2.26, 3.16), (13.45, 14.35)]]",1
"[[(3.87, 4.77), (1.51, 2.41)]]",1
"[[(12.4, 13.3), (2.64, 3.54)]]",1
"[[(3.6, 4.5), (9.03, 9.93)]]",0
"[[(1.18, 2.08), (1.58, 2.48)]]",1
"[[(7.24, 8.14), (9.38, 10.28)]]",1
"[[(9.26, 10.16), (10.47, 11.37)]]",1
"[[(5.08, 5.98), (9.85, 10.75)]]",0
"[[(6.17, 7.07), (11.27, 12.17)]]",1
"[[(13.07, 13.97), (13.39, 14.29)]]",0
"[[(10.18, 11.08), (7.13, 8.03)]]",1
"[[(9.18, 10.08), (10.32, 11.22)]]",1
"[[(13.83, 14.73), (8.57, 9.47)]]",1
"[[(1.19, 2.09), (6.53, 7.43)]]",1
"[[(7.88, 8.78), (4.4, 5.3)]]",1
"[[(4.21, 5.11), (12.5, 13.4)]]",1
"[[(5.84, 6.74), (9.44, 10.34)]]",1
"[[(11.1, 12.0), (3.74, 4.64)]]",1
"[[(6.55, 7.45), (12.07, 12.97)]]",0
"[[(8.32, 9.22), (9.8, 10.7)]]",1
"[[(1.29, 2.19), (3.84, 4.74)]]",1
"[[(4.65, 5.55), (3.27, 4.17)]]",1
"[[(2.34, 3.24), (3.9, 4.8)]]",1
"[[(3.05, 3.95), (12.0, 12.9)]]",0
"[[(9.91, 10.81), (6.58, 7.48)]]",1
"[[(13.11, 14.01), (11.6, 12.5)]]",1
"[[(2.71, 3.61), (11.84, 12.74)]]",1
"[[(7.4, 8.3), (2.8, 3.7)]]",1
"[[(2.8, 3.7), (13.67, 14.57)]]",1
"[[(0.05, 0.95), (2.8, 3.7)]]",0
"[[(3.05, 3.95), (9.27, 10.17)]]",0
"[[(13.56, 14.46), (0.6, 1.5)]]",1
"[[(11.96, 12.86), (11.03, 11.93)]]",0
"[[(5.72, 6.62), (10.19, 11.09)]]",1
"[[(3.21, 4.11), (9.67, 10.57)]]",1
"[[(1.83, 2.73), (13.76, 14.66)]]",1
"[[(7.03, 7.93), (1.16, 2.06)]]",0
"[[(12.03, 12.93), (7.32, 8.22)]]",0
"[[(7.34, 8.24), (0.3, 1.2)]]",1
"[[(5.46, 6.36), (3.86, 4.76)]]",1
"[[(0.81, 1.71), (11.38, 12.28)]]",1
"[[(10.62, 11.52), (12.62, 13.52)]]",1
"[[(2.74, 3.64), (3.73, 4.63)]]",1
"[[(9.63, 10.53), (9.92, 10.82)]]",1
"[[(11.86, 12.76), (4.68, 5.58)]]",1
"[[(1.08, 1.98), (10.74, 11.64)]]",0
"[[(5.11, 6.01), (0.27, 1.17)]]",1
"[[(11.26, 12.16), (14.04, 14.94)]]",0
"[[(13.18, 14.08), (2.06, 2.96)]]",0
"[[(3.31, 4.21), (8.77, 9.67)]]",1
"[[(2.45, 3.35), (13.08, 13.98)]]",0
"[[(4.01, 4.91), (12.44, 13.34)]]",0
"[[(13.76, 14.66), (4.34, 5.24)]]",1
"[[(8.92, 9.82), (8.49, 9.39)]]",1
"[[(4.31, 5.21), (9.0, 9.9)]]",1
"[[(12.77, 13.67), (11.57, 12.47)]]",1
"[[(4.65, 5.55), (13.18, 14.08)]]",1
"[[(2.25, 3.15), (5.93, 6.83)]]",1
"[[(8.16, 9.06), (7.74, 8.64)]]",1
"[[(4.59, 5.49), (1.98, 2.88)]]",1
"[[(9.13, 10.03), (7.88, 8.78)]]",1
"[[(6.73, 7.63), (11.3, 12.2)]]",1
"[[(4.06, 4.96), (3.76, 4.66)]]",0
"[[(13.0, 13.9), (7.02, 7.92)]]",0
"[[(2.17, 3.07), (8.98, 9.88)]]",1
"[[(5.34, 6.24), (9.42, 10.32)]]",1
"[[(11.65, 12.55), (7.34, 8.24)]]",1
"[[(9.97, 10.87), (2.46, 3.36)]]",1
"[[(10.11, 11.01), (4.03, 4.93)]]",0
"[[(10.83, 11.73), (9.64, 10.54)]]",1
"[[(1.93, 2.83), (13.22, 14.12)]]",1
"[[(6.15, 7.05), (13.05, 13.95)]]",0
"[[(6.17, 7.07), (1.44, 2.34)]]",1
"[[(11.48, 12.38), (9.12, 10.02)]]",1
"[[(7.8, 8.7), (7.52, 8.42)]]",1
"[[(13.11, 14.01), (8.39, 9.29)]]",1
"[[(10.1, 11.0), (13.67, 14.57)]]",1
"[[(13.27, 14.17), (7.19, 8.09)]]",1
"[[(13.64, 14.54), (7.25, 8.15)]]",1
"[[(12.42, 13.32), (4.05, 4.95)]]",0
"[[(12.88, 13.78), (10.17, 11.07)]]",1
"[[(5.7, 6.6), (5.36, 6.26)]]",1
"[[(5.14, 6.04), (11.54, 12.44)]]",1
"[[(14.04, 14.94), (12.85, 13.75)]]",0
"[[(10.12, 11.02), (7.9, 8.8)]]",1
"[[(6.13, 7.03), (13.13, 14.03)]]",1
"[[(4.08, 4.98), (9.97, 10.87)]]",0
"[[(7.0, 7.9), (12.69, 13.59)]]",1
"[[(6.66, 7.56), (4.36, 5.26)]]",1
"[[(12.08, 12.98), (10.16, 11.06)]]",0
"[[(12.48, 13.38), (0.32, 1.22)]]",1
"[[(8.65, 9.55), (3.49, 4.39)]]",1
"[[(12.78, 13.68), (0.33, 1.23)]]",1
"[[(10.96, 11.86), (10.27, 11.17)]]",1
"[[(9.92, 10.82), (3.45, 4.35)]]",1
"[[(1.32, 2.22), (1.35, 2.25)]]",1
"[[(2.92, 3.82), (8.22, 9.12)]]",1
"[[(5.37, 6.27), (13.22, 14.12)]]",1
"[[(10.74, 11.64), (6.51, 7.41)]]",1
"[[(2.58, 3.48), (9.85, 10.75)]]",1
"[[(13.51, 14.41), (2.34, 3.24)]]",1
"[[(3.37, 4.27), (1.2, 2.1)]]",1
"[[(12.37, 13.27), (9.47, 10.37)]]",1
"[[(8.65, 9.55), (0.13, 1.03)]]",1
"[[(9.54, 10.44), (11.79, 12.69)]]",1
"[[(13.69, 14.59), (1.23, 2.13)]]",1
"[[(12.55, 13.45), (2.09, 2.99)]]",0
"[[(4.13, 5.03), (8.3, 9.2)]]",1
"[[(0.8, 1.7), (11.24, 12.14)]]",1
"[[(2.48, 3.38), (11.23, 12.13)]]",1
"[[(2.2, 3.1), (2.19, 3.09)]]",1
"[[(12.53, 13.43), (10.56, 11.46)]]",1
"[[(6.71, 7.61), (6.48, 7.38)]]",1
"[[(7.47, 8.37), (8.23, 9.13)]]",1
"[[(1.28, 2.18), (0.09, 0.99)]]",0
"[[(13.97, 14.87), (12.86, 13.76)]]",1
"[[(12.73, 13.63), (7.68, 8.58)]]",1
"[[(12.95, 13.85), (0.66, 1.56)]]",1
"[[(12.82, 13.72), (6.96, 7.86)]]",1
"[[(0.85, 1.75), (11.86, 12.76)]]",1
"[[(9.53, 10.43), (5.83, 6.73)]]",1
"[[(11.41, 12.31), (9.6, 10.5)]]",1
"[[(0.37, 1.27), (10.09, 10.99)]]",0
"[[(9.35, 10.25), (10.59, 11.49)]]",1
"[[(12.98, 13.88), (2.98, 3.88)]]",1
"[[(12.64, 13.54), (7.24, 8.14)]]",1
"[[(2.46, 3.36), (11.39, 12.29)]]",1
"[[(13.39, 14.29), (6.29, 7.19)]]",1
"[[(2.67, 3.57), (12.11, 13.01)]]",1
"[[(4.43, 5.33), (10.29, 11.19)]]",1
"[[(7.36, 8.26), (2.28, 3.18)]]",1
"[[(7.49, 8.39), (5.2, 6.1)]]",1
"[[(6.62, 7.52), (3.34, 4.24)]]",1
"[[(5.44, 6.34), (9.82, 10.72)]]",1
"[[(6.67, 7.57), (1.34, 2.24)]]",1
"[[(1.65, 2.55), (4.05, 4.95)]]",0
"[[(4.6, 5.5), (12.1, 13.0)]]",1
"[[(10.32, 11.22), (6.23, 7.13)]]",1
"[[(4.44, 5.34), (6.11, 7.01)]]",1
"[[(13.61, 14.51), (1.03, 1.93)]]",0
"[[(8.2, 9.1), (1.3, 2.2)]]",1
"[[(2.79, 3.69), (3.04, 3.94)]]",0
"[[(7.43, 8.33), (8.21, 9.11)]]",1
"[[(7.17, 8.07), (10.71, 11.61)]]",1
"[[(3.21, 4.11), (1.39, 2.29)]]",1
"[[(1.02, 1.92), (3.74, 4.64)]]",0
"[[(2.83, 3.73), (7.93, 8.83)]]",1
"[[(2.42, 3.32), (11.57, 12.47)]]",1
"[[(2.03, 2.93), (12.92, 13.82)]]",0
"[[(6.33, 7.23), (2.33, 3.23)]]",1
"[[(7.27, 8.17), (8.04, 8.94)]]",0
"[[(12.07, 12.97), (11.02, 11.92)]]",0
"[[(10.56, 11.46), (8.02, 8.92)]]",0
"[[(11.57, 12.47), (2.0, 2.9)]]",1
"[[(9.99, 10.89), (4.46, 5.36)]]",1
"[[(7.76, 8.66), (7.6, 8.5)]]",1
"[[(1.12, 2.02), (6.82, 7.72)]]",1
"[[(8.94, 9.84), (13.58, 14.48)]]",1
"[[(4.8, 5.7), (9.54, 10.44)]]",1
"[[(8.61, 9.51), (8.03, 8.93)]]",0
"[[(9.59, 10.49), (9.5, 10.4)]]",1
"[[(3.22, 4.12), (1.92, 2.82)]]",1
"[[(0.59, 1.49), (6.73, 7.63)]]",1
"[[(12.09, 12.99), (5.68, 6.58)]]",0
"[[(13.57, 14.47), (6.74, 7.64)]]",1
"[[(9.64, 10.54), (10.46, 11.36)]]",1
"[[(9.9, 10.8), (0.77, 1.67)]]",1
"[[(4.58, 5.48), (8.64, 9.54)]]",1
"[[(6.17, 7.07), (0.82, 1.72)]]",1
"[[(5.69, 6.59), (3.17, 4.07)]]",1
"[[(1.57, 2.47), (13.53, 14.43)]]",1
"[[(12.72, 13.62), (2.0, 2.9)]]",1
"[[(2.99, 3.89), (0.11, 1.01)]]",1
"[[(0.54, 1.44), (2.27, 3.17)]]",1
"[[(13.63, 14.53), (8.31, 9.21)]]",1
"[[(14.09, 14.99), (10.22, 11.12)]]",0
"[[(2.1, 3.0), (5.57, 6.47)]]",1
"[[(0.0, 0.9), (9.88, 10.78)]]",1
"[[(3.04, 3.94), (11.34, 12.24)]]",0
"[[(13.08, 13.98), (6.91, 7.81)]]",0
"[[(0.63, 1.53), (9.17, 10.07)]]",1
"[[(6.1, 7.0), (14.07, 14.97)]]",0
"[[(3.58, 4.48), (0.58, 1.48)]]",1
"[[(7.79, 8.69), (3.1, 4.0)]]",1
"[[(8.23, 9.13), (0.59, 1.49)]]",1
"[[(6.4, 7.3), (6.92, 7.82)]]",1
"[[(6.07, 6.97), (5.74, 6.64)]]",0
"[[(11.08, 11.98), (7.35, 8.25)]]",0
"[[(3.08, 3.98), (12.54, 13.44)]]",0
"[[(2.1, 3.0), (5.02, 5.92)]]",0
"[[(12.97, 13.87), (1.37, 2.27)]]",1
"[[(2.52, 3.42), (5.12, 6.02)]]",1
"[[(6.29, 7.19), (11.46, 12.36)]]",1
"[[(8.61, 9.51), (8.04, 8.94)]]",0
"[[(4.49, 5.39), (1.39, 2.29)]]",1
"[[(7.44, 8.34), (7.9, 8.8)]]",1
"[[(6.29, 7.19), (2.5, 3.4)]]",1
"[[(2.67, 3.57), (11.95, 12.85)]]",1
"[[(8.29, 9.19), (13.19, 14.09)]]",1
"[[(0.64, 1.54), (0.36, 1.26)]]",1
"[[(8.7, 9.6), (0.72, 1.62)]]",1
"[[(3.58, 4.48), (11.87, 12.77)]]",1
"[[(13.79, 14.69), (2.06, 2.96)]]",0
"[[(4.89, 5.79), (3.02, 3.92)]]",0
"[[(5.77, 6.67), (12.62, 13.52)]]",1
"[[(2.94, 3.84), (7.76, 8.66)]]",1
"[[(2.48, 3.38), (13.84, 14.74)]]",1
"[[(5.64, 6.54), (7.89, 8.79)]]",1
"[[(6.44, 7.34), (9.52, 10.42)]]",1
"[[(8.79, 9.69), (1.07, 1.97)]]",0
"[[(6.96, 7.86), (9.93, 10.83)]]",1
"[[(4.24, 5.14), (3.92, 4.82)]]",1
"[[(1.86, 2.76), (9.89, 10.79)]]",1
"[[(12.63, 13.53), (0.05, 0.95)]]",0
"[[(2.6, 3.5), (9.28, 10.18)]]",1
"[[(1.31, 2.21), (11.46, 12.36)]]",1
"[[(7.01, 7.91), (12.34, 13.24)]]",0
"[[(9.45, 10.35), (13.63, 14.53)]]",1
"[[(3.03, 3.93), (14.1, 15.0)]]",0
"[[(1.0, 1.9), (5.25, 6.15)]]",1
"[[(12.83, 13.73), (7.5, 8.4)]]",1
"[[(9.98, 10.88), (1.84, 2.74)]]",1
"[[(12.47, 13.37), (11.6, 12.5)]]",1
"[[(2.52, 3.42), (6.36, 7.26)]]",1
"[[(3.57, 4.47), (1.17, 2.07)]]",1
"[[(12.88, 13.78), (7.25, 8.15)]]",1
"[[(12.14, 13.04), (1.96, 2.86)]]",1
"[[(5.2, 6.1), (9.2, 10.1)]]",1
"[[(1.85, 2.75), (11.53, 12.43)]]",1
"[[(5.49, 6.39), (6.94, 7.84)]]",1
"[[(10.54, 11.44), (0.12, 1.02)]]",1
"[[(5.47, 6.37), (6.13, 7.03)]]",1
"[[(0.87, 1.77), (9.71, 10.61)]]",1
"[[(10.95, 11.85), (3.01, 3.91)]]",0
"[[(5.24, 6.14), (4.03, 4.93)]]",0
"[[(11.61, 12.51), (1.84, 2.74)]]",1
"[[(7.29, 8.19), (13.16, 14.06)]]",1
"[[(12.99, 13.89), (9.49, 10.39)]]",1
"[[(14.06, 14.96), (9.76, 10.66)]]",0
"[[(4.09, 4.99), (11.21, 12.11)]]",0
"[[(7.03, 7.93), (8.22, 9.12)]]",0
"[[(3.06, 3.96), (6.86, 7.76)]]",0
"[[(5.5, 6.4), (0.97, 1.87)]]",1
"[[(10.19, 11.09), (5.59, 6.49)]]",1
"[[(0.84, 1.74), (10.55, 11.45)]]",1
"[[(10.98, 11.88), (5.41, 6.31)]]",1
"[[(11.83, 12.73), (13.14, 14.04)]]",1
"[[(10.16, 11.06), (0.18, 1.08)]]",1
"[[(13.17, 14.07), (4.37, 5.27)]]",1
"[[(13.26, 14.16), (4.98, 5.88)]]",1
"[[(1.75, 2.65), (11.86, 12.76)]]",1
"[[(8.11, 9.01), (10.38, 11.28)]]",1
"[[(10.48, 11.38), (6.42, 7.32)]]",1
"[[(3.31, 4.21), (6.09, 6.99)]]",0
"[[(3.36, 4.26), (11.98, 12.88)]]",1
"[[(11.59, 12.49), (6.57, 7.47)]]",1
"[[(12.34, 13.24), (7.09, 7.99)]]",0
"[[(2.45, 3.35), (1.56, 2.46)]]",1
"[[(10.45, 11.35), (10.93, 11.83)]]",1
"[[(0.7, 1.6), (13.92, 14.82)]]",1
"[[(1.55, 2.45), (5.22, 6.12)]]",1
"[[(7.87, 8.77), (1.3, 2.2)]]",1
"[[(2.29, 3.19), (2.55, 3.45)]]",1
"[[(3.18, 4.08), (1.98, 2.88)]]",1
"[[(14.04, 14.94), (9.15, 10.05)]]",0
"[[(2.96, 3.86), (0.63, 1.53)]]",1
"[[(7.24, 8.14), (9.6, 10.5)]]",1
"[[(7.94, 8.84), (3.13, 4.03)]]",1
"[[(6.65, 7.55), (3.33, 4.23)]]",1
"[[(10.47, 11.37), (10.12, 11.02)]]",1
"[[(13.47, 14.37), (2.66, 3.56)]]",1
"[[(11.09, 11.99), (11.94, 12.84)]]",0
"[[(2.9, 3.8), (11.73, 12.63)]]",1
"[[(11.28, 12.18), (12.84, 13.74)]]",1
"[[(13.36, 14.26), (1.74, 2.64)]]",1
"[[(0.16, 1.06), (0.54, 1.44)]]",1
"[[(9.37, 10.27), (0.54, 1.44)]]",1
"[[(3.46, 4.36), (5.09, 5.99)]]",0
"[[(2.67, 3.57), (12.87, 13.77)]]",1
"[[(3.3, 4.2), (9.94, 10.84)]]",1
"[[(6.23, 7.13), (0.52, 1.42)]]",1
"[[(12.62, 13.52), (4.87, 5.77)]]",1
"[[(4.73, 5.63), (12.04, 12.94)]]",0
"[[(13.26, 14.16), (6.99, 7.89)]]",1
"[[(9.6, 10.5), (8.2, 9.1)]]",1
"[[(11.4, 12.3), (2.82, 3.72)]]",1
"[[(7.22, 8.12), (0.89, 1.79)]]",1
"[[(4.39, 5.29), (1.31, 2.21)]]",1
"[[(8.55, 9.45), (3.36, 4.26)]]",1
"[[(7.7, 8.6), (6.9, 7.8)]]",1
"[[(7.71, 8.61), (2.0, 2.9)]]",1
"[[(8.37, 9.27), (1.96, 2.86)]]",1
"[[(10.57, 11.47), (3.2, 4.1)]]",1
"[[(12.39, 13.29), (4.48, 5.38)]]",1
"[[(0.29, 1.19), (7.24, 8.14)]]",1
"[[(5.83, 6.73), (11.95, 12.85)]]",1
"[[(9.18, 10.08), (4.48, 5.38)]]",1
"[[(12.37, 13.27), (4.11, 5.01)]]",1
"[[(8.39, 9.29), (4.45, 5.35)]]",1
"[[(11.07, 11.97), (13.0, 13.9)]]",0
"[[(9.36, 10.26), (8.63, 9.53)]]",1
"[[(6.96, 7.86), (2.89, 3.79)]]",1
"[[(12.01, 12.91), (1.29, 2.19)]]",0
"[[(5.26, 6.16), (7.57, 8.47)]]",1
"[[(8.96, 9.86), (8.86, 9.76)]]",1
"[[(9.28, 10.18), (13.18, 14.08)]]",1
"[[(4.59, 5.49), (0.12, 1.02)]]",1
"[[(13.83, 14.73), (5.29, 6.19)]]",1
"[[(8.5, 9.4), (7.38, 8.28)]]",1
"[[(7.31, 8.21), (8.51, 9.41)]]",1
"[[(11.37, 12.27), (13.42, 14.32)]]",1
"[[(4.1, 5.0), (5.0, 5.9)]]",1
"[[(11.8, 12.7), (0.72, 1.62)]]",1
"[[(7.26, 8.16), (13.04, 13.94)]]",0
"[[(11.8, 12.7), (1.59, 2.49)]]",1
"[[(5.35, 6.25), (10.39, 11.29)]]",1
"[[(0.1, 1.0), (9.87, 10.77)]]",1
"[[(2.13, 3.03), (0.91, 1.81)]]",1
"[[(11.04, 11.94), (11.66, 12.56)]]",0
"[[(12.15, 13.05), (12.27, 13.17)]]",1
"[[(1.15, 2.05), (9.54, 10.44)]]",1
"[[(3.17, 4.07), (9.71, 10.61)]]",1
"[[(3.86, 4.76), (4.8, 5.7)]]",1
"[[(4.88, 5.78), (3.8, 4.7)]]",1
"[[(4.75, 5.65), (6.78, 7.68)]]",1
"[[(6.83, 7.73), (7.83, 8.73)]]",1
"[[(8.95, 9.85), (10.04, 10.94)]]",0
"[[(3.61, 4.51), (13.79, 14.69)]]",1
"[[(9.21, 10.11), (6.87, 7.77)]]",1
"[[(10.84, 11.74), (12.34, 13.24)]]",1
"[[(2.5, 3.4), (7.92, 8.82)]]",1
"[[(7.14, 8.04), (10.5, 11.4)]]",1
"[[(3.08, 3.98), (5.87, 6.77)]]",0
"[[(12.75, 13.65), (0.75, 1.65)]]",1
"[[(4.93, 5.83), (13.98, 14.88)]]",1
"[[(9.24, 10.14), (4.7, 5.6)]]",1
"[[(3.0, 3.9), (3.26, 4.16)]]",1
"[[(6.59, 7.49), (0.77, 1.67)]]",1
"[[(8.14, 9.04), (1.24, 2.14)]]",1
"[[(9.86, 10.76), (0.42, 1.32)]]",1
"[[(1.6, 2.5), (4.99, 5.89)]]",1
"[[(3.42, 4.32), (4.52, 5.42)]]",1
"[[(3.57, 4.47), (4.33, 5.23)]]",1
"[[(2.13, 3.03), (9.62, 10.52)]]",1
"[[(1.17, 2.07), (11.67, 12.57)]]",1
"[[(11.8, 12.7), (4.89, 5.79)]]",1
"[[(1.91, 2.81), (9.24, 10.14)]]",1
"[[(8.86, 9.76), (3.07, 3.97)]]",0
"[[(9.6, 10.5), (6.06, 6.96)]]",0
"[[(2.62, 3.52), (1.58, 2.48)]]",1
"[[(9.88, 10.78), (11.6, 12.5)]]",1
"[[(6.95, 7.85), (12.19, 13.09)]]",1
"[[(11.62, 12.52), (6.72, 7.62)]]",1
"[[(13.13, 14.03), (10.94, 11.84)]]",1
"[[(3.6, 4.5), (3.88, 4.78)]]",1
"[[(12.56, 13.46), (6.18, 7.08)]]",1
"[[(6.28, 7.18), (7.38, 8.28)]]",1
"[[(6.7, 7.6), (9.2, 10.1)]]",1
"[[(2.34, 3.24), (13.93, 14.83)]]",1
"[[(4.12, 5.02), (7.51, 8.41)]]",1
"[[(12.44, 13.34), (7.75, 8.65)]]",1
"[[(7.16, 8.06), (10.13, 11.03)]]",1
"[[(9.83, 10.73), (11.35, 12.25)]]",1
"[[(1.7, 2.6), (0.46, 1.36)]]",1
"[[(0.75, 1.65), (10.21, 11.11)]]",1
"[[(3.18, 4.08), (9.31, 10.21)]]",1
"[[(1.68, 2.58), (12.25, 13.15)]]",1
"[[(5.9, 6.8), (9.53, 10.43)]]",1
"[[(5.0, 5.9), (4.42, 5.32)]]",1
"[[(13.38, 14.28), (6.68, 7.58)]]",1
"[[(1.45, 2.35), (13.17, 14.07)]]",1
"[[(0.89, 1.79), (0.5, 1.4)]]",1
"[[(6.54, 7.44), (7.17, 8.07)]]",1
"[[(11.86, 12.76), (10.21, 11.11)]]",1
"[[(1.89, 2.79), (10.43, 11.33)]]",1
"[[(10.94, 11.84), (11.02, 11.92)]]",0
"[[(2.3, 3.2), (5.68, 6.58)]]",1
"[[(4.47, 5.37), (10.57, 11.47)]]",1
"[[(3.68, 4.58), (0.22, 1.12)]]",1
"[[(8.97, 9.87), (0.99, 1.89)]]",1
"[[(0.23, 1.13), (13.48, 14.38)]]",1
"[[(4.72, 5.62), (10.78, 11.68)]]",1
"[[(10.72, 11.62), (7.1, 8.0)]]",1
"[[(5.47, 6.37), (2.01, 2.91)]]",0
"[[(2.02, 2.92), (0.3, 1.2)]]",0
"[[(1.02, 1.92), (3.49, 4.39)]]",0
"[[(6.92, 7.82), (13.56, 14.46)]]",1
"[[(10.81, 11.71), (8.91, 9.81)]]",1
"[[(4.81, 5.71), (10.37, 11.27)]]",1
"[[(8.78, 9.68), (2.64, 3.54)]]",1
"[[(4.21, 5.11), (7.22, 8.12)]]",1
"[[(12.36, 13.26), (9.88, 10.78)]]",1
"[[(7.39, 8.29), (6.23, 7.13)]]",1
"[[(4.87, 5.77), (10.75, 11.65)]]",1
"[[(9.83, 10.73), (11.25, 12.15)]]",1
"[[(0.3, 1.2), (4.6, 5.5)]]",1
"[[(5.31, 6.21), (7.4, 8.3)]]",1
"[[(3.91, 4.81), (4.36, 5.26)]]",1
"[[(10.95, 11.85), (11.83, 12.73)]]",1
"[[(11.01, 11.91), (7.44, 8.34)]]",0
"[[(7.02, 7.92), (4.77, 5.67)]]",0
"[[(4.47, 5.37), (9.0, 9.9)]]",1
"[[(5.1, 6.0), (8.95, 9.85)]]",1
"[[(7.86, 8.76), (10.73, 11.63)]]",1
"[[(7.88, 8.78), (7.57, 8.47)]]",1
"[[(10.74, 11.64), (12.19, 13.09)]]",1
"[[(12.6, 13.5), (7.95, 8.85)]]",1
"[[(12.23, 13.13), (1.4, 2.3)]]",1
"[[(10.05, 10.95), (5.71, 6.61)]]",0
"[[(12.95, 13.85), (1.59, 2.49)]]",1
"[[(10.94, 11.84), (12.37, 13.27)]]",1
"[[(9.54, 10.44), (12.32, 13.22)]]",1
"[[(0.76, 1.66), (4.42, 5.32)]]",1
"[[(10.3, 11.2), (9.39, 10.29)]]",1
"[[(1.24, 2.14), (12.33, 13.23)]]",1
"[[(8.54, 9.44), (3.6, 4.5)]]",1
"[[(9.54, 10.44), (13.3, 14.2)]]",1
"[[(12.16, 13.06), (7.37, 8.27)]]",1
"[[(12.42, 13.32), (10.82, 11.72)]]",1
"[[(6.56, 7.46), (11.85, 12.75)]]",1
"[[(4.57, 5.47), (0.94, 1.84)]]",1
"[[(8.92, 9.82), (8.97, 9.87)]]",1
"[[(1.35, 2.25), (3.33, 4.23)]]",1
"[[(3.2, 4.1), (4.9, 5.8)]]",1
"[[(3.69, 4.59), (5.95, 6.85)]]",1
"[[(4.98, 5.88), (10.46, 11.36)]]",1
"[[(2.81, 3.71), (0.59, 1.49)]]",1
"[[(2.55, 3.45), (10.86, 11.76)]]",1
"[[(9.78, 10.68), (12.87, 13.77)]]",1
"[[(4.31, 5.21), (1.18, 2.08)]]",1
"[[(9.27, 10.17), (1.33, 2.23)]]",1
"[[(13.34, 14.24), (4.72, 5.62)]]",1
"[[(9.52, 10.42), (4.42, 5.32)]]",1
"[[(2.3, 3.2), (8.04, 8.94)]]",0
"[[(3.2, 4.1), (4.2, 5.1)]]",1
"[[(9.33, 10.23), (2.91, 3.81)]]",1
"[[(10.87, 11.77), (9.68, 10.58)]]",1
"[[(7.77, 8.67), (2.32, 3.22)]]",1
"[[(0.59, 1.49), (10.7, 11.6)]]",1
"[[(5.34, 6.24), (4.01, 4.91)]]",0
"[[(4.41, 5.31), (9.44, 10.34)]]",1
"[[(5.87, 6.77), (4.66, 5.56)]]",1
"[[(5.08, 5.98), (1.6, 2.5)]]",0
"[[(2.47, 3.37), (10.53, 11.43)]]",1
"[[(9.3, 10.2), (2.23, 3.13)]]",1
"[[(8.84, 9.74), (10.37, 11.27)]]",1
"[[(9.41, 10.31), (8.02, 8.92)]]",0
"[[(5.91, 6.81), (4.16, 5.06)]]",1
"[[(5.95, 6.85), (10.14, 11.04)]]",1
"[[(11.14, 12.04), (0.06, 0.96)]]",0
"[[(7.62, 8.52), (1.85, 2.75)]]",1
"[[(3.04, 3.94), (8.54, 9.44)]]",0
"[[(1.77, 2.67), (13.4, 14.3)]]",1
"[[(13.81, 14.71), (1.96, 2.86)]]",1
"[[(0.13, 1.03), (6.62, 7.52)]]",1
"[[(5.19, 6.09), (11.43, 12.33)]]",1
"[[(3.95, 4.85), (9.59, 10.49)]]",1
"[[(10.27, 11.17), (13.53, 14.43)]]",1
"[[(3.51, 4.41), (3.18, 4.08)]]",1
"[[(2.24, 3.14), (2.78, 3.68)]]",1
"[[(11.12, 12.02), (0.91, 1.81)]]",1
"[[(0.32, 1.22), (3.13, 4.03)]]",1
"[[(0.81, 1.71), (1.59, 2.49)]]",1
"[[(2.24, 3.14), (2.38, 3.28)]]",1
"[[(10.05, 10.95), (2.65, 3.55)]]",0
"[[(5.77, 6.67), (10.48, 11.38)]]",1
"[[(4.14, 5.04), (9.95, 10.85)]]",1
"[[(2.46, 3.36), (6.72, 7.62)]]",1
"[[(2.25, 3.15), (6.34, 7.24)]]",1
"[[(7.85, 8.75), (6.15, 7.05)]]",1
"[[(3.56, 4.46), (3.3, 4.2)]]",1
"[[(3.96, 4.86), (2.41, 3.31)]]",1
"[[(12.3, 13.2), (4.05, 4.95)]]",0
"[[(8.33, 9.23), (8.39, 9.29)]]",1
"[[(11.03, 11.93), (13.67, 14.57)]]",0
"[[(1.93, 2.83), (4.67, 5.57)]]",1
"[[(0.44, 1.34), (11.11, 12.01)]]",1
"[[(10.45, 11.35), (12.12, 13.02)]]",1
"[[(4.26, 5.16), (9.47, 10.37)]]",1
"[[(12.21, 13.11), (12.92, 13.82)]]",1
"[[(3.64, 4.54), (5.45, 6.35)]]",1
"[[(8.54, 9.44), (7.89, 8.79)]]",1
"[[(0.62, 1.52), (8.93, 9.83)]]",1
"[[(13.81, 14.71), (3.38, 4.28)]]",1
"[[(2.12, 3.02), (2.46, 3.36)]]",1
"[[(7.55, 8.45), (4.74, 5.64)]]",1
"[[(12.72, 13.62), (6.82, 7.72)]]",1
"[[(5.02, 5.92), (9.04, 9.94)]]",0
"[[(7.47, 8.37), (2.12, 3.02)]]",1
"[[(4.98, 5.88), (13.17, 14.07)]]",1
"[[(6.2, 7.1), (4.15, 5.05)]]",1
"[[(10.69, 11.59), (13.03, 13.93)]]",0
"[[(11.54, 12.44), (11.2, 12.1)]]",1
"[[(7.81, 8.71), (6.8, 7.7)]]",1
"[[(0.33, 1.23), (10.53, 11.43)]]",1
"[[(8.66, 9.56), (9.32, 10.22)]]",1
"[[(9.58, 10.48), (3.41, 4.31)]]",1
"[[(12.46, 13.36), (1.1, 2.0)]]",1
"[[(6.21, 7.11), (5.6, 6.5)]]",1
"[[(11.52, 12.42), (10.84, 11.74)]]",1
"[[(0.2, 1.1), (13.68, 14.58)]]",1
"[[(8.32, 9.22), (6.37, 7.27)]]",1
"[[(5.61, 6.51), (6.85, 7.75)]]",1
"[[(2.1, 3.0), (5.35, 6.25)]]",1
"[[(10.74, 11.64), (11.62, 12.52)]]",1
"[[(11.07, 11.97), (11.15, 12.05)]]",0
"[[(0.84, 1.74), (11.53, 12.43)]]",1
"[[(5.99, 6.89), (6.42, 7.32)]]",1
"[[(5.35, 6.25), (1.78, 2.68)]]",1
"[[(1.99, 2.89), (7.23, 8.13)]]",1
"[[(9.63, 10.53), (10.32, 11.22)]]",1
"[[(12.74, 13.64), (11.91, 12.81)]]",1
"[[(13.03, 13.93), (0.99, 1.89)]]",0
"[[(6.12, 7.02), (9.85, 10.75)]]",1
"[[(2.96, 3.86), (2.22, 3.12)]]",1
"[[(10.24, 11.14), (10.18, 11.08)]]",1
"[[(12.51, 13.41), (4.08, 4.98)]]",0
"[[(3.51, 4.41), (10.0, 10.9)]]",1
"[[(4.12, 5.02), (6.3, 7.2)]]",1
"[[(3.02, 3.92), (0.32, 1.22)]]",0
"[[(13.71, 14.61), (2.41, 3.31)]]",1
"[[(0.39, 1.29), (12.5, 13.4)]]",1
"[[(7.77, 8.67), (4.67, 5.57)]]",1
"[[(3.0, 3.9), (11.74, 12.64)]]",1
"[[(4.91, 5.81), (9.63, 10.53)]]",1
"[[(13.77, 14.67), (8.04, 8.94)]]",0
"[[(6.46, 7.36), (4.01, 4.91)]]",0
"[[(0.18, 1.08), (10.35, 11.25)]]",1
"[[(7.9, 8.8), (0.83, 1.73)]]",1
"[[(6.99, 7.89), (4.67, 5.57)]]",1
"[[(13.19, 14.09), (5.15, 6.05)]]",1
"[[(1.56, 2.46), (9.87, 10.77)]]",1
"[[(13.46, 14.36), (1.94, 2.84)]]",1
"[[(10.23, 11.13), (12.2, 13.1)]]",1
"[[(5.31, 6.21), (8.16, 9.06)]]",1
"[[(10.76, 11.66), (6.3, 7.2)]]",1
"[[(7.02, 7.92), (12.31, 13.21)]]",0
"[[(10.3, 11.2), (12.02, 12.92)]]",0
"[[(6.25, 7.15), (3.99, 4.89)]]",1
"[[(5.24, 6.14), (1.9, 2.8)]]",1
"[[(13.74, 14.64), (10.27, 11.17)]]",1
"[[(2.66, 3.56), (10.59, 11.49)]]",1
"[[(10.65, 11.55), (4.01, 4.91)]]",0
"[[(6.85, 7.75), (6.96, 7.86)]]",1
"[[(7.18, 8.08), (8.48, 9.38)]]",1
"[[(0.72, 1.62), (13.98, 14.88)]]",1
"[[(3.77, 4.67), (6.99, 7.89)]]",1
"[[(4.22, 5.12), (10.04, 10.94)]]",0
"[[(3.88, 4.78), (12.92, 13.82)]]",1
"[[(8.8, 9.7), (9.05, 9.95)]]",0
"[[(1.33, 2.23), (9.99, 10.89)]]",1
"[[(10.0, 10.9), (0.84, 1.74)]]",1
"[[(0.1, 1.0), (0.09, 0.99)]]",0
"[[(5.65, 6.55), (9.01, 9.91)]]",0
"[[(11.0, 11.9), (12.72, 13.62)]]",1
"[[(9.39, 10.29), (1.9, 2.8)]]",1
"[[(10.62, 11.52), (13.61, 14.51)]]",1
"[[(12.42, 13.32), (9.89, 10.79)]]",1
"[[(5.45, 6.35), (14.0, 14.9)]]",1
"[[(0.83, 1.73), (12.25, 13.15)]]",1
"[[(9.76, 10.66), (4.87, 5.77)]]",1
"[[(11.51, 12.41), (3.64, 4.54)]]",1
"[[(9.93, 10.83), (10.14, 11.04)]]",1
"[[(14.07, 14.97), (10.8, 11.7)]]",0
"[[(11.37, 12.27), (8.82, 9.72)]]",1
"[[(2.69, 3.59), (3.15, 4.05)]]",1
"[[(11.42, 12.32), (9.77, 10.67)]]",1
"[[(0.1, 1.0), (0.88, 1.78)]]",1
"[[(12.53, 13.43), (9.4, 10.3)]]",1
"[[(3.32, 4.22), (4.19, 5.09)]]",1
"[[(2.14, 3.04), (5.62, 6.52)]]",1
"[[(10.66, 11.56), (3.11, 4.01)]]",1
"[[(11.82, 12.72), (2.22, 3.12)]]",1
"[[(7.23, 8.13), (6.0, 6.9)]]",1
"[[(6.53, 7.43), (12.14, 13.04)]]",1
"[[(5.84, 6.74), (4.85, 5.75)]]",1
"[[(3.48, 4.38), (6.03, 6.93)]]",0
"[[(3.99, 4.89), (11.96, 12.86)]]",1
"[[(11.47, 12.37), (9.12, 10.02)]]",1
"[[(13.06, 13.96), (12.36, 13.26)]]",0
"[[(9.02, 9.92), (8.11, 9.01)]]",0
"[[(4.83, 5.73), (11.23, 12.13)]]",1
"[[(5.72, 6.62), (3.86, 4.76)]]",1
"[[(11.09, 11.99), (9.94, 10.84)]]",0
"[[(1.88, 2.78), (4.4, 5.3)]]",1
"[[(11.32, 12.22), (9.36, 10.26)]]",1
"[[(2.71, 3.61), (2.14, 3.04)]]",1
"[[(12.09, 12.99), (12.76, 13.66)]]",0
"[[(7.13, 8.03), (4.8, 5.7)]]",1
"[[(1.53, 2.43), (12.42, 13.32)]]",1
"[[(7.27, 8.17), (1.45, 2.35)]]",1
"[[(10.14, 11.04), (1.48, 2.38)]]",1
"[[(3.23, 4.13), (11.08, 11.98)]]",0
"[[(7.57, 8.47), (2.92, 3.82)]]",1
"[[(0.76, 1.66), (7.66, 8.56)]]",1
"[[(6.61, 7.51), (10.94, 11.84)]]",1
"[[(3.27, 4.17), (2.95, 3.85)]]",1
"[[(8.98, 9.88), (1.14, 2.04)]]",1
"[[(5.45, 6.35), (13.99, 14.89)]]",1
"[[(0.17, 1.07), (6.38, 7.28)]]",1
"[[(0.08, 0.98), (12.76, 13.66)]]",0
"[[(4.89, 5.79), (6.14, 7.04)]]",1
"[[(0.11, 1.01), (10.93, 11.83)]]",1
"[[(12.91, 13.81), (13.28, 14.18)]]",1
"[[(10.4, 11.3), (11.4, 12.3)]]",1
"[[(11.33, 12.23), (1.92, 2.82)]]",1
"[[(4.43, 5.33), (4.42, 5.32)]]",1
"[[(2.79, 3.69), (13.04, 13.94)]]",0
"[[(8.43, 9.33), (4.18, 5.08)]]",1
"[[(11.88, 12.78), (8.56, 9.46)]]",1
"[[(9.58, 10.48), (1.55, 2.45)]]",1
"[[(6.39, 7.29), (2.31, 3.21)]]",1
"[[(11.34, 12.24), (12.92, 13.82)]]",1
"[[(6.09, 6.99), (2.78, 3.68)]]",0
"[[(3.74, 4.64), (10.08, 10.98)]]",0
"[[(6.92, 7.82), (6.56, 7.46)]]",1
"[[(12.78, 13.68), (10.11, 11.01)]]",1
"[[(5.21, 6.11), (10.32, 11.22)]]",1
"[[(7.76, 8.66), (3.66, 4.56)]]",1
"[[(9.12, 10.02), (11.76, 12.66)]]",1
"[[(8.1, 9.0), (9.56, 10.46)]]",1
"[[(8.89, 9.79), (4.31, 5.21)]]",1
"[[(4.37, 5.27), (2.06, 2.96)]]",0
"[[(5.95, 6.85), (12.18, 13.08)]]",1
"[[(1.9, 2.8), (10.62, 11.52)]]",1
"[[(13.76, 14.66), (8.76, 9.66)]]",1
"[[(5.41, 6.31), (0.56, 1.46)]]",1
"[[(3.16, 4.06), (9.83, 10.73)]]",1
"[[(13.49, 14.39), (11.17, 12.07)]]",1
"[[(6.85, 7.75), (6.01, 6.91)]]",0
"[[(10.17, 11.07), (7.94, 8.84)]]",1
"[[(8.54, 9.44), (8.0, 8.9)]]",1
"[[(10.64, 11.54), (1.51, 2.41)]]",1
"[[(13.64, 14.54), (5.02, 5.92)]]",0
"[[(1.14, 2.04), (6.08, 6.98)]]",0
"[[(12.81, 13.71), (13.42, 14.32)]]",1
"[[(1.41, 2.31), (8.38, 9.28)]]",1
"[[(3.6, 4.5), (11.13, 12.03)]]",1
"[[(12.58, 13.48), (5.89, 6.79)]]",1
"[[(12.9, 13.8), (5.62, 6.52)]]",1
"[[(0.53, 1.43), (6.87, 7.77)]]",1
"[[(4.86, 5.76), (12.49, 13.39)]]",1
"[[(7.79, 8.69), (1.55, 2.45)]]",1
"[[(6.97, 7.87), (11.98, 12.88)]]",1
"[[(0.28, 1.18), (0.35, 1.25)]]",1
"[[(0.63, 1.53), (3.46, 4.36)]]",1
"[[(2.55, 3.45), (1.98, 2.88)]]",1
"[[(0.46, 1.36), (7.91, 8.81)]]",1
"[[(4.81, 5.71), (4.94, 5.84)]]",1
"[[(4.15, 5.05), (1.44, 2.34)]]",1
"[[(7.05, 7.95), (3.66, 4.56)]]",0
"[[(6.82, 7.72), (6.11, 7.01)]]",1
"[[(2.03, 2.93), (13.75, 14.65)]]",0
"[[(10.57, 11.47), (1.89, 2.79)]]",1
"[[(1.39, 2.29), (11.06, 11.96)]]",0
"[[(2.62, 3.52), (11.75, 12.65)]]",1
"[[(12.48, 13.38), (12.68, 13.58)]]",1
"[[(6.57, 7.47), (1.22, 2.12)]]",1
"[[(8.37, 9.27), (9.84, 10.74)]]",1
"[[(10.73, 11.63), (2.43, 3.33)]]",1
"[[(4.21, 5.11), (12.21, 13.11)]]",1
"[[(1.48, 2.38), (12.18, 13.08)]]",1
"[[(1.72, 2.62), (7.38, 8.28)]]",1
"[[(6.74, 7.64), (3.82, 4.72)]]",1
"[[(10.19, 11.09), (2.46, 3.36)]]",1
"[[(8.3, 9.2), (2.48, 3.38)]]",1
"[[(8.63, 9.53), (7.36, 8.26)]]",1
"[[(12.11, 13.01), (1.53, 2.43)]]",1
"[[(13.1, 14.0), (11.84, 12.74)]]",1
"[[(12.02, 12.92), (12.43, 13.33)]]",0
"[[(14.1, 15.0), (13.12, 14.02)]]",1
"[[(9.6, 10.5), (8.76, 9.66)]]",1
"[[(3.31, 4.21), (11.71, 12.61)]]",1
"[[(13.06, 13.96), (8.87, 9.77)]]",0
"[[(11.71, 12.61), (12.58, 13.48)]]",1
"[[(0.66, 1.56), (0.29, 1.19)]]",1
"[[(13.27, 14.17), (5.26, 6.16)]]",1
"[[(2.26, 3.16), (10.54, 11.44)]]",1
"[[(7.77, 8.67), (5.39, 6.29)]]",1
"[[(6.6, 7.5), (13.34, 14.24)]]",1
"[[(8.95, 9.85), (2.12, 3.02)]]",1
"[[(0.32, 1.22), (1.55, 2.45)]]",1
"[[(1.9, 2.8), (13.78, 14.68)]]",1
"[[(7.16, 8.06), (4.49, 5.39)]]",1
"[[(6.95, 7.85), (13.19, 14.09)]]",1
"[[(1.75, 2.65), (7.41, 8.31)]]",1
"[[(3.09, 3.99), (0.59, 1.49)]]",0
"[[(10.94, 11.84), (8.79, 9.69)]]",1
"[[(2.76, 3.66), (1.31, 2.21)]]",1
"[[(5.36, 6.26), (1.06, 1.96)]]",0
"[[(3.97, 4.87), (2.1, 3.0)]]",1
"[[(6.95, 7.85), (3.85, 4.75)]]",1
"[[(13.21, 14.11), (11.19, 12.09)]]",1
"[[(7.39, 8.29), (1.09, 1.99)]]",0
"[[(5.47, 6.37), (12.76, 13.66)]]",1
"[[(4.76, 5.66), (6.53, 7.43)]]",1
"[[(13.87, 14.77), (12.05, 12.95)]]",0
"[[(3.01, 3.91), (4.88, 5.78)]]",0
"[[(3.89, 4.79), (6.88, 7.78)]]",1
"[[(1.07, 1.97), (5.96, 6.86)]]",0
"[[(9.7, 10.6), (14.0, 14.9)]]",1
"[[(9.21, 10.11), (7.21, 8.11)]]",1
"[[(8.71, 9.61), (5.16, 6.06)]]",1
"[[(7.69, 8.59), (13.18, 14.08)]]",1
"[[(5.5, 6.4), (1.87, 2.77)]]",1
"[[(12.64, 13.54), (6.04, 6.94)]]",0
"[[(12.73, 13.63), (8.37, 9.27)]]",1
"[[(4.58, 5.48), (9.3, 10.2)]]",1
"[[(13.71, 14.61), (11.65, 12.55)]]",1
"[[(10.21, 11.11), (9.0, 9.9)]]",1
"[[(9.45, 10.35), (9.32, 10.22)]]",1
"[[(9.39, 10.29), (12.82, 13.72)]]",1
"[[(5.42, 6.32), (9.84, 10.74)]]",1
"[[(12.98, 13.88), (6.27, 7.17)]]",1
"[[(13.27, 14.17), (12.56, 13.46)]]",1
"[[(9.28, 10.18), (13.15, 14.05)]]",1
"[[(1.79, 2.69), (4.36, 5.26)]]",1
"[[(6.49, 7.39), (11.52, 12.42)]]",1
"[[(4.72, 5.62), (14.05, 14.95)]]",0
"[[(7.08, 7.98), (4.3, 5.2)]]",0
"[[(10.65, 11.55), (12.9, 13.8)]]",1
"[[(4.06, 4.96), (10.98, 11.88)]]",0
"[[(8.14, 9.04), (11.93, 12.83)]]",1
"[[(6.97, 7.87), (13.58, 14.48)]]",1
"[[(5.95, 6.85), (2.49, 3.39)]]",1
"[[(4.04, 4.94), (2.26, 3.16)]]",0
"[[(2.26, 3.16), (13.46, 14.36)]]",1
"[[(12.7, 13.6), (1.43, 2.33)]]",1
"[[(1.37, 2.27), (0.79, 1.69)]]",1
"[[(6.95, 7.85), (0.43, 1.33)]]",1
"[[(7.76, 8.66), (3.71, 4.61)]]",1
"[[(3.84, 4.74), (3.47, 4.37)]]",1
"[[(9.64, 10.54), (5.33, 6.23)]]",1
"[[(2.26, 3.16), (11.16, 12.06)]]",1
"[[(0.06, 0.96), (0.04, 0.94)]]",0
"[[(11.66, 12.56), (8.25, 9.15)]]",1
"[[(4.84, 5.74), (11.75, 12.65)]]",1
"[[(4.7, 5.6), (4.19, 5.09)]]",1
"[[(0.99, 1.89), (12.12, 13.02)]]",1
"[[(4.6, 5.5), (13.55, 14.45)]]",1
"[[(13.95, 14.85), (10.59, 11.49)]]",1
"[[(4.64, 5.54), (7.22, 8.12)]]",1
"[[(6.17, 7.07), (4.36, 5.26)]]",1
"[[(8.35, 9.25), (5.17, 6.07)]]",1
"[[(4.56, 5.46), (4.72, 5.62)]]",1
"[[(0.22, 1.12), (9.99, 10.89)]]",1
"[[(2.43, 3.33), (12.35, 13.25)]]",1
"[[(8.89, 9.79), (4.75, 5.65)]]",1
"[[(6.46, 7.36), (4.1, 5.0)]]",1
"[[(10.71, 11.61), (13.99, 14.89)]]",1
"[[(1.21, 2.11), (10.7, 11.6)]]",1
"[[(13.21, 14.11), (0.1, 1.0)]]",1
"[[(6.01, 6.91), (3.83, 4.73)]]",0
"[[(6.6, 7.5), (10.01, 10.91)]]",0
"[[(6.97, 7.87), (12.23, 13.13)]]",1
"[[(0.69, 1.59), (1.67, 2.57)]]",1
"[[(2.91, 3.81), (10.41, 11.31)]]",1
"[[(8.92, 9.82), (8.99, 9.89)]]",1
"[[(3.09, 3.99), (12.66, 13.56)]]",0
"[[(11.34, 12.24), (10.44, 11.34)]]",1
"[[(12.85, 13.75), (4.7, 5.6)]]",1
"[[(11.19, 12.09), (10.09, 10.99)]]",0
"[[(9.04, 9.94), (7.75, 8.65)]]",0
"[[(3.05, 3.95), (7.44, 8.34)]]",0
"[[(1.19, 2.09), (10.79, 11.69)]]",1
"[[(1.42, 2.32), (6.9, 7.8)]]",1
"[[(10.62, 11.52), (5.13, 6.03)]]",1
"[[(0.81, 1.71), (1.49, 2.39)]]",1
"[[(6.02, 6.92), (7.28, 8.18)]]",0
"[[(6.11, 7.01), (1.8, 2.7)]]",1
"[[(3.13, 4.03), (9.94, 10.84)]]",1
"[[(6.58, 7.48), (1.87, 2.77)]]",1
"[[(8.47, 9.37), (3.39, 4.29)]]",1
"[[(3.46, 4.36), (12.71, 13.61)]]",1
"[[(2.56, 3.46), (2.79, 3.69)]]",1
"[[(8.58, 9.48), (4.72, 5.62)]]",1
"[[(5.06, 5.96), (11.59, 12.49)]]",0
"[[(7.92, 8.82), (0.91, 1.81)]]",1
"[[(11.72, 12.62), (5.02, 5.92)]]",0
"[[(1.22, 2.12), (12.37, 13.27)]]",1
"[[(1.0, 1.9), (12.38, 13.28)]]",1
"[[(8.06, 8.96), (0.33, 1.23)]]",0
"[[(8.09, 8.99), (12.15, 13.05)]]",0
"[[(9.18, 10.08), (10.72, 11.62)]]",1
"[[(3.39, 4.29), (2.74, 3.64)]]",1
"[[(5.03, 5.93), (7.36, 8.26)]]",0
"[[(4.97, 5.87), (8.82, 9.72)]]",1
"[[(3.04, 3.94), (1.6, 2.5)]]",0
"[[(11.55, 12.45), (11.9, 12.8)]]",1
"[[(11.27, 12.17), (3.73, 4.63)]]",1
"[[(8.7, 9.6), (4.19, 5.09)]]",1
"[[(8.66, 9.56), (3.76, 4.66)]]",1
"[[(13.31, 14.21), (0.14, 1.04)]]",1
"[[(10.79, 11.69), (5.76, 6.66)]]",1
"[[(1.23, 2.13), (8.05, 8.95)]]",0
"[[(13.9, 14.8), (13.18, 14.08)]]",1
"[[(2.08, 2.98), (13.53, 14.43)]]",0
"[[(2.56, 3.46), (1.73, 2.63)]]",1
"[[(11.97, 12.87), (5.82, 6.72)]]",1
"[[(8.01, 8.91), (14.04, 14.94)]]",0
"[[(2.22, 3.12), (3.2, 4.1)]]",1
"[[(7.29, 8.19), (13.7, 14.6)]]",1
"[[(11.32, 12.22), (1.9, 2.8)]]",1
"[[(2.56, 3.46), (13.67, 14.57)]]",1
"[[(11.82, 12.72), (1.57, 2.47)]]",1
"[[(4.63, 5.53), (3.94, 4.84)]]",1
"[[(6.92, 7.82), (4.18, 5.08)]]",1
"[[(12.02, 12.92), (6.27, 7.17)]]",0
"[[(2.64, 3.54), (10.09, 10.99)]]",0
"[[(11.3, 12.2), (7.54, 8.44)]]",1
"[[(0.24, 1.14), (6.07, 6.97)]]",0
"[[(4.84, 5.74), (8.49, 9.39)]]",1
"[[(0.55, 1.45), (1.67, 2.57)]]",1
"[[(11.61, 12.51), (3.08, 3.98)]]",0
"[[(13.42, 14.32), (8.96, 9.86)]]",1
"[[(7.16, 8.06), (7.41, 8.31)]]",1
"[[(10.64, 11.54), (13.79, 14.69)]]",1
"[[(4.22, 5.12), (8.14, 9.04)]]",1
"[[(9.33, 10.23), (13.64, 14.54)]]",1
"[[(1.06, 1.96), (7.65, 8.55)]]",0
"[[(0.72, 1.62), (13.84, 14.74)]]",1
"[[(5.58, 6.48), (2.81, 3.71)]]",1
"[[(0.22, 1.12), (1.48, 2.38)]]",1
"[[(5.98, 6.88), (8.23, 9.13)]]",1
"[[(13.8, 14.7), (1.34, 2.24)]]",1
"[[(7.52, 8.42), (9.69, 10.59)]]",1
"[[(6.52, 7.42), (10.83, 11.73)]]",1
"[[(0.3, 1.2), (12.56, 13.46)]]",1
"[[(13.12, 14.02), (13.39, 14.29)]]",1
"[[(6.37, 7.27), (3.34, 4.24)]]",1
"[[(5.46, 6.36), (9.08, 9.98)]]",0
"[[(10.33, 11.23), (12.55, 13.45)]]",1
"[[(4.77, 5.67), (10.11, 11.01)]]",1
"[[(12.55, 13.45), (6.89, 7.79)]]",1
"[[(12.68, 13.58), (12.41, 13.31)]]",1
"[[(10.18, 11.08), (8.4, 9.3)]]",1
"[[(12.63, 13.53), (2.37, 3.27)]]",1
"[[(4.33, 5.23), (2.81, 3.71)]]",1
"[[(5.46, 6.36), (5.93, 6.83)]]",1
"[[(2.04, 2.94), (13.79, 14.69)]]",0
"[[(4.44, 5.34), (12.72, 13.62)]]",1
"[[(3.49, 4.39), (3.93, 4.83)]]",1
"[[(1.92, 2.82), (2.63, 3.53)]]",1
"[[(7.65, 8.55), (13.1, 14.0)]]",1
"[[(12.98, 13.88), (3.15, 4.05)]]",1
"[[(12.72, 13.62), (0.09, 0.99)]]",0
"[[(7.02, 7.92), (0.51, 1.41)]]",0
"[[(3.45, 4.35), (9.74, 10.64)]]",1
"[[(11.01, 11.91), (12.87, 13.77)]]",0
"[[(5.78, 6.68), (9.89, 10.79)]]",1
"[[(4.76, 5.66), (12.57, 13.47)]]",1
"[[(7.18, 8.08), (5.94, 6.84)]]",1
"[[(4.34, 5.24), (9.43, 10.33)]]",1
"[[(11.13, 12.03), (14.0, 14.9)]]",1
"[[(1.3, 2.2), (1.18, 2.08)]]",1
"[[(10.24, 11.14), (0.45, 1.35)]]",1
"[[(7.72, 8.62), (4.45, 5.35)]]",1
"[[(1.08, 1.98), (9.37, 10.27)]]",0
"[[(13.8, 14.7), (7.14, 8.04)]]",1
"[[(2.42, 3.32), (3.23, 4.13)]]",1
"[[(2.79, 3.69), (13.14, 14.04)]]",1
"[[(10.37, 11.27), (5.1, 6.0)]]",1
"[[(10.01, 10.91), (10.8, 11.7)]]",0
"[[(11.63, 12.53), (9.24, 10.14)]]",1
"[[(8.36, 9.26), (9.23, 10.13)]]",1
"[[(12.08, 12.98), (9.81, 10.71)]]",0
"[[(8.43, 9.33), (12.45, 13.35)]]",1
"[[(13.84, 14.74), (1.9, 2.8)]]",1
"[[(1.56, 2.46), (13.73, 14.63)]]",1
"[[(8.91, 9.81), (10.96, 11.86)]]",1
"[[(12.26, 13.16), (6.54, 7.44)]]",1
"[[(6.98, 7.88), (13.79, 14.69)]]",1
"[[(3.73, 4.63), (8.92, 9.82)]]",1
"[[(0.87, 1.77), (1.51, 2.41)]]",1
"[[(1.51, 2.41), (12.85, 13.75)]]",1
"[[(4.89, 5.79), (2.62, 3.52)]]",1
"[[(5.32, 6.22), (8.58, 9.48)]]",1
"[[(5.37, 6.27), (5.39, 6.29)]]",1
"[[(2.84, 3.74), (10.73, 11.63)]]",1
"[[(0.02, 0.92), (4.74, 5.64)]]",0
"[[(3.21, 4.11), (13.43, 14.33)]]",1
"[[(1.89, 2.79), (2.55, 3.45)]]",1
"[[(3.42, 4.32), (6.58, 7.48)]]",1
"[[(10.62, 11.52), (1.28, 2.18)]]",1
"[[(7.71, 8.61), (9.99, 10.89)]]",1
"[[(10.76, 11.66), (8.05, 8.95)]]",0
"[[(13.71, 14.61), (4.14, 5.04)]]",1
"[[(2.25, 3.15), (0.76, 1.66)]]",1
"[[(6.97, 7.87), (3.97, 4.87)]]",1
"[[(2.83, 3.73), (2.82, 3.72)]]",1
"[[(13.08, 13.98), (3.47, 4.37)]]",0
"[[(4.12, 5.02), (3.53, 4.43)]]",1
"[[(10.86, 11.76), (1.21, 2.11)]]",1
"[[(12.82, 13.72), (9.75, 10.65)]]",1
"[[(7.07, 7.97), (12.48, 13.38)]]",0
"[[(0.22, 1.12), (12.27, 13.17)]]",1
"[[(2.41, 3.31), (0.63, 1.53)]]",1
"[[(6.68, 7.58), (12.45, 13.35)]]",1
"[[(7.48, 8.38), (6.5, 7.4)]]",1
"[[(9.44, 10.34), (7.86, 8.76)]]",1
"[[(3.3, 4.2), (7.23, 8.13)]]",1
"[[(2.49, 3.39), (9.44, 10.34)]]",1
"[[(8.95, 9.85), (1.32, 2.22)]]",1
"[[(12.16, 13.06), (10.63, 11.53)]]",1
"[[(7.81, 8.71), (8.51, 9.41)]]",1
"[[(8.83, 9.73), (6.09, 6.99)]]",0
"[[(1.01, 1.91), (6.78, 7.68)]]",0
"[[(3.96, 4.86), (7.79, 8.69)]]",1
"[[(6.37, 7.27), (5.09, 5.99)]]",0
"[[(11.1, 12.0), (1.38, 2.28)]]",1
"[[(13.84, 14.74), (0.82, 1.72)]]",1
"[[(3.56, 4.46), (5.13, 6.03)]]",1
"[[(3.77, 4.67), (2.46, 3.36)]]",1
"[[(4.11, 5.01), (6.23, 7.13)]]",1
"[[(13.91, 14.81), (4.47, 5.37)]]",1
"[[(5.78, 6.68), (7.95, 8.85)]]",1
"[[(13.92, 14.82), (12.58, 13.48)]]",1
"[[(5.82, 6.72), (3.38, 4.28)]]",1
"[[(7.87, 8.77), (8.03, 8.93)]]",0
"[[(0.27, 1.17), (14.08, 14.98)]]",0
"[[(11.35, 12.25), (9.48, 10.38)]]",1
"[[(1.75, 2.65), (13.08, 13.98)]]",0
"[[(2.19, 3.09), (10.36, 11.26)]]",1
"[[(12.71, 13.61), (13.45, 14.35)]]",1
"[[(2.63, 3.53), (0.96, 1.86)]]",1
"[[(11.07, 11.97), (3.52, 4.42)]]",0
"[[(4.87, 5.77), (8.83, 9.73)]]",1
"[[(12.35, 13.25), (2.89, 3.79)]]",1
"[[(7.2, 8.1), (9.12, 10.02)]]",1
"[[(13.63, 14.53), (10.42, 11.32)]]",1
"[[(0.9, 1.8), (13.41, 14.31)]]",1
"[[(10.96, 11.86), (12.62, 13.52)]]",1
"[[(4.29, 5.19), (4.25, 5.15)]]",1
"[[(10.45, 11.35), (3.03, 3.93)]]",0
"[[(6.11, 7.01), (2.34, 3.24)]]",1
"[[(1.52, 2.42), (12.08, 12.98)]]",0
"[[(7.11, 8.01), (2.21, 3.11)]]",1
"[[(8.96, 9.86), (12.03, 12.93)]]",0
"[[(11.08, 11.98), (12.72, 13.62)]]",0
"[[(7.58, 8.48), (6.62, 7.52)]]",1
"[[(7.72, 8.62), (8.56, 9.46)]]",1
"[[(6.75, 7.65), (0.55, 1.45)]]",1
"[[(13.45, 14.35), (12.84, 13.74)]]",1
"[[(2.37, 3.27), (10.19, 11.09)]]",1
"[[(8.94, 9.84), (4.46, 5.36)]]",1
"[[(11.35, 12.25), (13.24, 14.14)]]",1
"[[(5.28, 6.18), (7.92, 8.82)]]",1
"[[(10.43, 11.33), (5.61, 6.51)]]",1
"[[(0.72, 1.62), (7.87, 8.77)]]",1
"[[(12.9, 13.8), (5.23, 6.13)]]",1
"[[(8.22, 9.12), (1.26, 2.16)]]",1
"[[(1.71, 2.61), (7.11, 8.01)]]",1
"[[(0.94, 1.84), (4.28, 5.18)]]",1
"[[(3.98, 4.88), (11.6, 12.5)]]",1
"[[(14.02, 14.92), (13.52, 14.42)]]",0
"[[(10.7, 11.6), (11.72, 12.62)]]",1
"[[(3.94, 4.84), (9.57, 10.47)]]",1
"[[(4.02, 4.92), (0.31, 1.21)]]",0
"[[(10.91, 11.81), (5.98, 6.88)]]",1
"[[(12.26, 13.16), (4.12, 5.02)]]",1
"[[(0.76, 1.66), (3.62, 4.52)]]",1
"[[(2.47, 3.37), (8.17, 9.07)]]",1
"[[(4.6, 5.5), (11.71, 12.61)]]",1
"[[(13.54, 14.44), (2.99, 3.89)]]",1
"[[(3.53, 4.43), (7.22, 8.12)]]",1
"[[(13.53, 14.43), (2.93, 3.83)]]",1
"[[(4.41, 5.31), (2.39, 3.29)]]",1
"[[(5.36, 6.26), (0.88, 1.78)]]",1
"[[(5.43, 6.33), (4.33, 5.23)]]",1
"[[(4.08, 4.98), (2.26, 3.16)]]",0
"[[(13.58, 14.48), (6.37, 7.27)]]",1
"[[(11.34, 12.24), (0.51, 1.41)]]",1
"[[(0.25, 1.15), (3.18, 4.08)]]",1
"[[(8.11, 9.01), (12.89, 13.79)]]",1
"[[(10.03, 10.93), (2.75, 3.65)]]",0
"[[(11.61, 12.51), (7.75, 8.65)]]",1
"[[(2.16, 3.06), (8.23, 9.13)]]",1
"[[(10.29, 11.19), (3.91, 4.81)]]",1
"[[(0.28, 1.18), (10.73, 11.63)]]",1
"[[(0.03, 0.93), (10.37, 11.27)]]",0
"[[(6.45, 7.35), (7.76, 8.66)]]",1
"[[(0.62, 1.52), (2.99, 3.89)]]",1
"[[(5.32, 6.22), (0.05, 0.95)]]",0
"[[(13.04, 13.94), (1.29, 2.19)]]",0
"[[(11.89, 12.79), (10.13, 11.03)]]",1
"[[(2.02, 2.92), (6.57, 7.47)]]",0
"[[(12.38, 13.28), (4.42, 5.32)]]",1
"[[(9.69, 10.59), (0.07, 0.97)]]",0
"[[(9.79, 10.69), (5.05, 5.95)]]",0
"[[(13.47, 14.37), (0.58, 1.48)]]",1
"[[(10.57, 11.47), (4.57, 5.47)]]",1
"[[(13.83, 14.73), (8.8, 9.7)]]",1
"[[(13.47, 14.37), (4.95, 5.85)]]",1
"[[(1.56, 2.46), (6.72, 7.62)]]",1
"[[(5.48, 6.38), (7.36, 8.26)]]",1
"[[(6.32, 7.22), (5.54, 6.44)]]",1
"[[(4.7, 5.6), (10.93, 11.83)]]",1
"[[(5.94, 6.84), (6.17, 7.07)]]",1
"[[(13.46, 14.36), (2.83, 3.73)]]",1
"[[(13.86, 14.76), (14.09, 14.99)]]",0
"[[(10.56, 11.46), (3.94, 4.84)]]",1
"[[(8.27, 9.17), (3.46, 4.36)]]",1
"[[(12.2, 13.1), (8.74, 9.64)]]",1
"[[(8.21, 9.11), (6.44, 7.34)]]",1
"[[(0.08, 0.98), (2.44, 3.34)]]",0
"[[(3.25, 4.15), (13.45, 14.35)]]",1
"[[(9.93, 10.83), (7.91, 8.81)]]",1
"[[(13.17, 14.07), (4.91, 5.81)]]",1
"[[(6.37, 7.27), (10.08, 10.98)]]",0
"[[(10.32, 11.22), (10.18, 11.08)]]",1
"[[(0.88, 1.78), (8.98, 9.88)]]",1
"[[(13.09, 13.99), (5.98, 6.88)]]",0
"[[(0.68, 1.58), (4.35, 5.25)]]",1
"[[(7.84, 8.74), (4.81, 5.71)]]",1
"[[(4.34, 5.24), (5.14, 6.04)]]",1
"[[(5.74, 6.64), (8.56, 9.46)]]",1
"[[(13.65, 14.55), (10.27, 11.17)]]",1
"[[(10.93, 11.83), (9.22, 10.12)]]",1
"[[(13.38, 14.28), (11.96, 12.86)]]",1
"[[(8.91, 9.81), (14.06, 14.96)]]",0
"[[(5.55, 6.45), (1.91, 2.81)]]",1
"[[(10.94, 11.84), (1.46, 2.36)]]",1
"[[(8.13, 9.03), (6.27, 7.17)]]",1
"[[(2.54, 3.44), (5.51, 6.41)]]",1
"[[(2.04, 2.94), (8.61, 9.51)]]",0
"[[(5.86, 6.76), (2.26, 3.16)]]",1
"[[(11.13, 12.03), (11.76, 12.66)]]",1
"[[(7.33, 8.23), (7.28, 8.18)]]",1
"[[(13.3, 14.2), (1.45, 2.35)]]",1
"[[(1.85, 2.75), (0.62, 1.52)]]",1
"[[(11.16, 12.06), (13.79, 14.69)]]",1
"[[(0.81, 1.71), (3.88, 4.78)]]",1
"[[(2.35, 3.25), (9.38, 10.28)]]",1
"[[(0.03, 0.93), (6.51, 7.41)]]",0
"[[(0.27, 1.17), (2.5, 3.4)]]",1
"[[(3.91, 4.81), (13.99, 14.89)]]",1
"[[(0.23, 1.13), (2.06, 2.96)]]",0
"[[(10.33, 11.23), (13.08, 13.98)]]",0
"[[(7.41, 8.31), (13.83, 14.73)]]",1
"[[(13.77, 14.67), (1.45, 2.35)]]",1
"[[(9.2, 10.1), (11.89, 12.79)]]",1
"[[(3.23, 4.13), (4.69, 5.59)]]",1
"[[(12.06, 12.96), (3.04, 3.94)]]",0
"[[(11.01, 11.91), (9.43, 10.33)]]",0
"[[(4.79, 5.69), (7.43, 8.33)]]",1
"[[(8.81, 9.71), (5.07, 5.97)]]",0
"[[(6.34, 7.24), (12.24, 13.14)]]",1
"[[(7.0, 7.9), (13.89, 14.79)]]",1
"[[(9.64, 10.54), (5.21, 6.11)]]",1
"[[(5.87, 6.77), (11.51, 12.41)]]",1
"[[(11.55, 12.45), (11.34, 12.24)]]",1
"[[(11.39, 12.29), (0.2, 1.1)]]",1
"[[(0.85, 1.75), (0.47, 1.37)]]",1
"[[(1.13, 2.03), (6.2, 7.1)]]",1
"[[(7.68, 8.58), (4.32, 5.22)]]",1
"[[(7.73, 8.63), (12.17, 13.07)]]",1
"[[(3.92, 4.82), (1.0, 1.9)]]",1
"[[(9.39, 10.29), (13.68, 14.58)]]",1
"[[(12.12, 13.02), (8.9, 9.8)]]",1
"[[(5.07, 5.97), (1.11, 2.01)]]",0
"[[(0.73, 1.63), (8.29, 9.19)]]",1
"[[(12.19, 13.09), (5.23, 6.13)]]",1
"[[(13.43, 14.33), (9.51, 10.41)]]",1
"[[(4.02, 4.92), (3.13, 4.03)]]",0
"[[(8.28, 9.18), (11.96, 12.86)]]",1
"[[(9.52, 10.42), (9.52, 10.42)]]",1
"[[(11.34, 12.24), (5.2, 6.1)]]",1
"[[(7.89, 8.79), (4.06, 4.96)]]",0
"[[(13.04, 13.94), (5.48, 6.38)]]",0
"[[(2.63, 3.53), (3.26, 4.16)]]",1
"[[(13.36, 14.26), (3.97, 4.87)]]",1
"[[(11.73, 12.63), (3.24, 4.14)]]",1
"[[(8.91, 9.81), (4.08, 4.98)]]",0
"[[(1.35, 2.25), (12.3, 13.2)]]",1
"[[(12.31, 13.21), (7.26, 8.16)]]",1
"[[(3.81, 4.71), (10.32, 11.22)]]",1
"[[(6.01, 6.91), (6.07, 6.97)]]",0
"[[(11.52, 12.42), (8.61, 9.51)]]",1
"[[(10.43, 11.33), (2.2, 3.1)]]",1
"[[(1.38, 2.28), (14.09, 14.99)]]",0
"[[(8.28, 9.18), (5.25, 6.15)]]",1
"[[(13.22, 14.12), (7.89, 8.79)]]",1
"[[(9.53, 10.43), (8.69, 9.59)]]",1
"[[(3.1, 4.0), (6.04, 6.94)]]",0
"[[(4.94, 5.84), (13.99, 14.89)]]",1
"[[(5.82, 6.72), (13.36, 14.26)]]",1
"[[(6.02, 6.92), (13.69, 14.59)]]",0
"[[(2.45, 3.35), (9.62, 10.52)]]",1
"[[(13.69, 14.59), (5.46, 6.36)]]",1
"[[(9.68, 10.58), (11.57, 12.47)]]",1
"[[(6.35, 7.25), (13.76, 14.66)]]",1
"[[(7.96, 8.86), (9.65, 10.55)]]",1
"[[(3.14, 4.04), (9.81, 10.71)]]",1
"[[(3.58, 4.48), (10.51, 11.41)]]",1
"[[(10.82, 11.72), (9.54, 10.44)]]",1
"[[(10.24, 11.14), (12.54, 13.44)]]",1
"[[(6.3, 7.2), (2.24, 3.14)]]",1
"[[(8.05, 8.95), (6.96, 7.86)]]",0
"[[(11.93, 12.83), (12.76, 13.66)]]",1
"[[(0.6, 1.5), (11.99, 12.89)]]",1
"[[(4.03, 4.93), (13.25, 14.15)]]",0
"[[(9.57, 10.47), (6.94, 7.84)]]",1
"[[(6.53, 7.43), (6.43, 7.33)]]",1
"[[(5.67, 6.57), (5.36, 6.26)]]",1
"[[(10.13, 11.03), (5.32, 6.22)]]",1
"[[(10.49, 11.39), (0.59, 1.49)]]",1
"[[(3.28, 4.18), (13.71, 14.61)]]",1
"[[(7.43, 8.33), (7.37, 8.27)]]",1
"[[(6.69, 7.59), (9.59, 10.49)]]",1
"[[(1.94, 2.84), (8.85, 9.75)]]",1
"[[(10.19, 11.09), (5.85, 6.75)]]",1
"[[(7.69, 8.59), (13.8, 14.7)]]",1
"[[(8.22, 9.12), (14.08, 14.98)]]",0
"[[(14.03, 14.93), (6.62, 7.52)]]",0
"[[(2.8, 3.7), (8.26, 9.16)]]",1
"[[(8.52, 9.42), (8.66, 9.56)]]",1
"[[(7.78, 8.68), (11.18, 12.08)]]",1
"[[(6.13, 7.03), (8.47, 9.37)]]",1
"[[(1.25, 2.15), (1.15, 2.05)]]",1
"[[(13.62, 14.52), (11.34, 12.24)]]",1
"[[(0.38, 1.28), (10.55, 11.45)]]",1
"[[(0.91, 1.81), (3.25, 4.15)]]",1
"[[(10.0, 10.9), (12.1, 13.0)]]",1
"[[(11.04, 11.94), (10.83, 11.73)]]",0
"[[(9.78, 10.68), (5.67, 6.57)]]",1
"[[(1.07, 1.97), (4.95, 5.85)]]",0
"[[(0.96, 1.86), (0.51, 1.41)]]",1
"[[(11.13, 12.03), (4.83, 5.73)]]",1
"[[(3.33, 4.23), (12.8, 13.7)]]",1
"[[(6.84, 7.74), (8.43, 9.33)]]",1
"[[(5.1, 6.0), (2.74, 3.64)]]",1
"[[(3.7, 4.6), (13.37, 14.27)]]",1
"[[(12.48, 13.38), (1.03, 1.93)]]",0
"[[(10.19, 11.09), (13.09, 13.99)]]",0
"[[(8.49, 9.39), (3.95, 4.85)]]",1
"[[(7.63, 8.53), (12.52, 13.42)]]",1
"[[(1.46, 2.36), (6.73, 7.63)]]",1
"[[(7.54, 8.44), (8.12, 9.02)]]",1
"[[(9.93, 10.83), (2.49, 3.39)]]",1
"[[(12.21, 13.11), (12.25, 13.15)]]",1
"[[(6.06, 6.96), (0.52, 1.42)]]",0
"[[(12.94, 13.84), (12.55, 13.45)]]",1
"[[(12.55, 13.45), (10.22, 11.12)]]",1
"[[(4.5, 5.4), (5.03, 5.93)]]",0
"[[(4.0, 4.9), (11.62, 12.52)]]",1
"[[(8.22, 9.12), (7.22, 8.12)]]",1
"[[(10.07, 10.97), (9.76, 10.66)]]",0
"[[(2.51, 3.41), (9.19, 10.09)]]",1
"[[(4.43, 5.33), (7.87, 8.77)]]",1
"[[(2.67, 3.57), (5.54, 6.44)]]",1
"[[(1.65, 2.55), (6.56, 7.46)]]",1
"[[(12.68, 13.58), (13.03, 13.93)]]",0
"[[(13.72, 14.62), (7.82, 8.72)]]",1
"[[(12.69, 13.59), (5.61, 6.51)]]",1
"[[(13.24, 14.14), (11.52, 12.42)]]",1
"[[(3.23, 4.13), (8.67, 9.57)]]",1
"[[(11.45, 12.35), (1.83, 2.73)]]",1
"[[(12.61, 13.51), (5.93, 6.83)]]",1
"[[(5.21, 6.11), (11.75, 12.65)]]",1
"[[(6.2, 7.1), (9.1, 10.0)]]",1
"[[(11.42, 12.32), (0.42, 1.32)]]",1
"[[(8.15, 9.05), (6.91, 7.81)]]",1
"[[(0.05, 0.95), (13.47, 14.37)]]",0
"[[(11.1, 12.0), (9.75, 10.65)]]",1
"[[(2.39, 3.29), (3.59, 4.49)]]",1
"[[(4.6, 5.5), (1.22, 2.12)]]",1
"[[(10.4, 11.3), (13.67, 14.57)]]",1
"[[(3.45, 4.35), (7.77, 8.67)]]",1
"[[(11.63, 12.53), (3.39, 4.29)]]",1
"[[(11.53, 12.43), (10.19, 11.09)]]",1
"[[(11.41, 12.31), (8.79, 9.69)]]",1
"[[(7.62, 8.52), (12.16, 13.06)]]",1
"[[(6.49, 7.39), (2.7, 3.6)]]",1
"[[(10.34, 11.24), (5.56, 6.46)]]",1
"[[(5.61, 6.51), (3.62, 4.52)]]",1
"[[(7.84, 8.74), (0.42, 1.32)]]",1
"[[(10.52, 11.42), (11.64, 12.54)]]",1
"[[(12.69, 13.59), (9.22, 10.12)]]",1
"[[(4.12, 5.02), (5.82, 6.72)]]",1
"[[(13.15, 14.05), (5.69, 6.59)]]",1
"[[(6.69, 7.59), (2.49, 3.39)]]",1
"[[(1.95, 2.85), (13.12, 14.02)]]",1
"[[(4.86, 5.76), (6.05, 6.95)]]",0
"[[(12.67, 13.57), (13.37, 14.27)]]",1
"[[(4.79, 5.69), (2.5, 3.4)]]",1
"[[(2.42, 3.32), (4.55, 5.45)]]",1
"[[(11.5, 12.4), (10.05, 10.95)]]",0
"[[(1.51, 2.41), (0.78, 1.68)]]",1
"[[(14.08, 14.98), (1.67, 2.57)]]",0
"[[(6.9, 7.8), (11.83, 12.73)]]",1
"[[(1.79, 2.69), (3.89, 4.79)]]",1
"[[(11.02, 11.92), (0.3, 1.2)]]",0
"[[(6.75, 7.65), (9.3, 10.2)]]",1
"[[(9.17, 10.07), (7.78, 8.68)]]",1
"[[(5.12, 6.02), (10.41, 11.31)]]",1
"[[(4.04, 4.94), (11.29, 12.19)]]",0
"[[(0.15, 1.05), (1.77, 2.67)]]",1
"[[(11.75, 12.65), (4.52, 5.42)]]",1
"[[(12.33, 13.23), (10.5, 11.4)]]",1
"[[(13.21, 14.11), (1.54, 2.44)]]",1
"[[(12.31, 13.21), (12.65, 13.55)]]",1
"[[(9.15, 10.05), (5.77, 6.67)]]",1
"[[(0.26, 1.16), (12.19, 13.09)]]",1
"[[(7.11, 8.01), (11.65, 12.55)]]",1
"[[(13.72, 14.62), (9.97, 10.87)]]",1
"[[(4.61, 5.51), (11.52, 12.42)]]",1
"[[(1.1, 2.0), (12.81, 13.71)]]",1
"[[(5.71, 6.61), (11.18, 12.08)]]",1
"[[(11.36, 12.26), (9.32, 10.22)]]",1
"[[(3.09, 3.99), (3.34, 4.24)]]",0
"[[(0.06, 0.96), (0.15, 1.05)]]",0
"[[(11.86, 12.76), (8.1, 9.0)]]",1
"[[(8.29, 9.19), (6.17, 7.07)]]",1
"[[(3.74, 4.64), (8.33, 9.23)]]",1
"[[(3.42, 4.32), (6.27, 7.17)]]",1
"[[(9.71, 10.61), (7.22, 8.12)]]",1
"[[(10.57, 11.47), (5.54, 6.44)]]",1
"[[(4.2, 5.1), (11.4, 12.3)]]",1
"[[(13.12, 14.02), (1.73, 2.63)]]",1
"[[(2.97, 3.87), (0.94, 1.84)]]",1
"[[(9.94, 10.84), (6.37, 7.27)]]",1
"[[(2.19, 3.09), (3.85, 4.75)]]",1
"[[(3.06, 3.96), (13.67, 14.57)]]",0
"[[(11.63, 12.53), (8.97, 9.87)]]",1
"[[(0.96, 1.86), (12.45, 13.35)]]",1
"[[(12.94, 13.84), (4.45, 5.35)]]",1
"[[(12.24, 13.14), (10.09, 10.99)]]",0
"[[(8.79, 9.69), (6.7, 7.6)]]",1
"[[(4.32, 5.22), (13.62, 14.52)]]",1
"[[(6.21, 7.11), (11.99, 12.89)]]",1
"[[(13.41, 14.31), (4.0, 4.9)]]",1
"[[(13.41, 14.31), (3.02, 3.92)]]",0
"[[(0.62, 1.52), (8.38, 9.28)]]",1
"[[(0.26, 1.16), (7.1, 8.0)]]",1
"[[(12.17, 13.07), (13.47, 14.37)]]",1
"[[(13.47, 14.37), (3.2, 4.1)]]",1
"[[(12.62, 13.52), (7.58, 8.48)]]",1
"[[(7.06, 7.96), (5.6, 6.5)]]",0
"[[(3.29, 4.19), (5.44, 6.34)]]",1
"[[(11.62, 12.52), (5.1, 6.0)]]",1
"[[(8.25, 9.15), (5.98, 6.88)]]",1
"[[(7.33, 8.23), (0.89, 1.79)]]",1
"[[(2.18, 3.08), (7.97, 8.87)]]",1
"[[(4.05, 4.95), (13.06, 13.96)]]",0
"[[(0.58, 1.48), (10.91, 11.81)]]",1
"[[(4.39, 5.29), (12.23, 13.13)]]",1
"[[(2.96, 3.86), (13.29, 14.19)]]",1
"[[(11.5, 12.4), (12.04, 12.94)]]",0
"[[(4.78, 5.68), (3.5, 4.4)]]",1
"[[(7.67, 8.57), (0.96, 1.86)]]",1
"[[(7.26, 8.16), (8.8, 9.7)]]",1
"[[(4.13, 5.03), (2.76, 3.66)]]",1
"[[(3.26, 4.16), (10.91, 11.81)]]",1
"[[(0.16, 1.06), (4.15, 5.05)]]",1
"[[(8.43, 9.33), (6.0, 6.9)]]",1
"[[(5.92, 6.82), (8.5, 9.4)]]",1
"[[(6.71, 7.61), (5.05, 5.95)]]",0
"[[(8.01, 8.91), (10.78, 11.68)]]",0
"[[(11.08, 11.98), (12.26, 13.16)]]",0
"[[(11.12, 12.02), (9.22, 10.12)]]",1
"[[(7.18, 8.08), (7.67, 8.57)]]",1
"[[(4.28, 5.18), (9.08, 9.98)]]",0
"[[(1.6, 2.5), (7.22, 8.12)]]",1
"[[(5.81, 6.71), (11.09, 11.99)]]",0
"[[(7.88, 8.78), (9.48, 10.38)]]",1
"[[(10.67, 11.57), (1.77, 2.67)]]",1
"[[(5.18, 6.08), (13.34, 14.24)]]",1
"[[(2.02, 2.92), (12.96, 13.86)]]",0
"[[(3.23, 4.13), (11.04, 11.94)]]",0
"[[(5.22, 6.12), (1.72, 2.62)]]",1
"[[(13.7, 14.6), (3.89, 4.79)]]",1
"[[(12.24, 13.14), (0.32, 1.22)]]",1
"[[(4.91, 5.81), (8.49, 9.39)]]",1
"[[(0.26, 1.16), (12.28, 13.18)]]",1
"[[(11.36, 12.26), (4.88, 5.78)]]",1
"[[(10.59, 11.49), (6.48, 7.38)]]",1
"[[(6.08, 6.98), (1.17, 2.07)]]",0
"[[(9.61, 10.51), (11.79, 12.69)]]",1
"[[(1.06, 1.96), (8.99, 9.89)]]",0
"[[(8.18, 9.08), (9.94, 10.84)]]",1
"[[(5.92, 6.82), (2.31, 3.21)]]",1
"[[(8.83, 9.73), (3.34, 4.24)]]",1
"[[(9.62, 10.52), (10.57, 11.47)]]",1
"[[(1.84, 2.74), (10.63, 11.53)]]",1
"[[(8.6, 9.5), (1.45, 2.35)]]",1
"[[(1.12, 2.02), (10.92, 11.82)]]",1
"[[(1.08, 1.98), (4.02, 4.92)]]",0
"[[(9.01, 9.91), (1.29, 2.19)]]",0
"[[(7.74, 8.64), (12.69, 13.59)]]",1
"[[(6.12, 7.02), (12.84, 13.74)]]",1
"[[(13.75, 14.65), (11.14, 12.04)]]",1
"[[(6.92, 7.82), (3.73, 4.63)]]",1
"[[(6.83, 7.73), (2.29, 3.19)]]",1
"[[(7.5, 8.4), (6.21, 7.11)]]",1
"[[(5.26, 6.16), (3.29, 4.19)]]",1
"[[(2.69, 3.59), (1.66, 2.56)]]",1
"[[(3.42, 4.32), (0.17, 1.07)]]",1
"[[(11.94, 12.84), (2.2, 3.1)]]",1
"[[(4.35, 5.25), (8.65, 9.55)]]",1
"[[(11.59, 12.49), (7.17, 8.07)]]",1
"[[(12.5, 13.4), (13.4, 14.3)]]",1
"[[(0.2, 1.1), (0.62, 1.52)]]",1
"[[(2.01, 2.91), (8.13, 9.03)]]",0
"[[(4.9, 5.8), (2.5, 3.4)]]",1
"[[(5.75, 6.65), (11.47, 12.37)]]",1
"[[(13.89, 14.79), (9.56, 10.46)]]",1
"[[(13.62, 14.52), (1.12, 2.02)]]",1
"[[(9.31, 10.21), (3.21, 4.11)]]",1
"[[(2.88, 3.78), (12.03, 12.93)]]",0
"[[(11.0, 11.9), (9.33, 10.23)]]",1
"[[(7.85, 8.75), (14.08, 14.98)]]",0
"[[(7.54, 8.44), (2.69, 3.59)]]",1
"[[(11.27, 12.17), (1.4, 2.3)]]",1
"[[(0.77, 1.67), (12.96, 13.86)]]",1
"[[(0.31, 1.21), (2.41, 3.31)]]",1
"[[(13.8, 14.7), (10.76, 11.66)]]",1
"[[(10.81, 11.71), (7.45, 8.35)]]",1
"[[(10.62, 11.52), (2.3, 3.2)]]",1
"[[(11.4, 12.3), (2.83, 3.73)]]",1
"[[(13.78, 14.68), (4.55, 5.45)]]",1
"[[(4.18, 5.08), (10.21, 11.11)]]",1
"[[(6.22, 7.12), (3.09, 3.99)]]",0
"[[(10.72, 11.62), (7.14, 8.04)]]",1
"[[(0.76, 1.66), (0.08, 0.98)]]",0
"[[(7.15, 8.05), (12.57, 13.47)]]",1
"[[(4.12, 5.02), (4.71, 5.61)]]",1
"[[(10.15, 11.05), (3.17, 4.07)]]",1
"[[(5.53, 6.43), (2.03, 2.93)]]",0
"[[(7.57, 8.47), (2.24, 3.14)]]",1
"[[(12.65, 13.55), (2.39, 3.29)]]",1
"[[(8.83, 9.73), (5.13, 6.03)]]",1
"[[(5.3, 6.2), (9.9, 10.8)]]",1
"[[(13.13, 14.03), (8.25, 9.15)]]",1
"[[(6.09, 6.99), (8.62, 9.52)]]",0
"[[(7.44, 8.34), (8.53, 9.43)]]",1
"[[(1.0, 1.9), (13.38, 14.28)]]",1
"[[(4.67, 5.57), (13.61, 14.51)]]",1
"[[(6.41, 7.31), (10.91, 11.81)]]",1
"[[(11.09, 11.99), (14.09, 14.99)]]",0
"[[(6.14, 7.04), (8.18, 9.08)]]",1
"[[(11.31, 12.21), (6.03, 6.93)]]",0
"[[(6.02, 6.92), (3.44, 4.34)]]",0
"[[(4.61, 5.51), (4.12, 5.02)]]",1
"[[(10.62, 11.52), (13.18, 14.08)]]",1
"[[(4.22, 5.12), (4.31, 5.21)]]",1
"[[(13.44, 14.34), (5.31, 6.21)]]",1
"[[(9.57, 10.47), (7.57, 8.47)]]",1
"[[(11.74, 12.64), (13.51, 14.41)]]",1
"[[(13.67, 14.57), (12.5, 13.4)]]",1
"[[(2.21, 3.11), (3.75, 4.65)]]",1
"[[(4.93, 5.83), (12.37, 13.27)]]",1
"[[(10.31, 11.21), (4.79, 5.69)]]",1
"[[(7.25, 8.15), (0.37, 1.27)]]",1
"[[(11.5, 12.4), (7.5, 8.4)]]",1
"[[(6.36, 7.26), (3.21, 4.11)]]",1
"[[(12.07, 12.97), (5.95, 6.85)]]",0
"[[(12.61, 13.51), (11.52, 12.42)]]",1
"[[(9.02, 9.92), (4.38, 5.28)]]",0
"[[(2.45, 3.35), (7.81, 8.71)]]",1
"[[(4.55, 5.45), (1.82, 2.72)]]",1
"[[(13.07, 13.97), (7.6, 8.5)]]",0
"[[(9.74, 10.64), (7.85, 8.75)]]",1
"[[(11.91, 12.81), (8.06, 8.96)]]",0
"[[(3.2, 4.1), (4.18, 5.08)]]",1
"[[(4.88, 5.78), (12.07, 12.97)]]",0
"[[(7.19, 8.09), (12.44, 13.34)]]",1
"[[(11.78, 12.68), (4.67, 5.57)]]",1
"[[(8.46, 9.36), (8.73, 9.63)]]",1
"[[(12.71, 13.61), (4.07, 4.97)]]",0
"[[(1.4, 2.3), (9.36, 10.26)]]",1
"[[(7.38, 8.28), (7.9, 8.8)]]",1
"[[(1.94, 2.84), (13.2, 14.1)]]",1
"[[(12.09, 12.99), (13.04, 13.94)]]",0
"[[(2.16, 3.06), (6.18, 7.08)]]",1
"[[(2.37, 3.27), (12.87, 13.77)]]",1
"[[(4.96, 5.86), (5.83, 6.73)]]",1
"[[(8.04, 8.94), (10.65, 11.55)]]",0
"[[(4.04, 4.94), (5.41, 6.31)]]",0
"[[(6.18, 7.08), (12.44, 13.34)]]",1
"[[(2.29, 3.19), (5.74, 6.64)]]",1
"[[(8.03, 8.93), (2.35, 3.25)]]",0
"[[(9.77, 10.67), (0.91, 1.81)]]",1
"[[(0.17, 1.07), (5.54, 6.44)]]",1
"[[(11.76, 12.66), (5.6, 6.5)]]",1
"[[(11.82, 12.72), (8.26, 9.16)]]",1
"[[(8.93, 9.83), (9.68, 10.58)]]",1
"[[(3.12, 4.02), (10.62, 11.52)]]",1
"[[(5.63, 6.53), (6.88, 7.78)]]",1
"[[(10.11, 11.01), (9.13, 10.03)]]",1
"[[(8.98, 9.88), (3.92, 4.82)]]",1
"[[(2.25, 3.15), (12.53, 13.43)]]",1
"[[(4.27, 5.17), (6.48, 7.38)]]",1
"[[(0.98, 1.88), (13.15, 14.05)]]",1
"[[(3.6, 4.5), (5.91, 6.81)]]",1
"[[(3.88, 4.78), (3.74, 4.64)]]",1
"[[(7.15, 8.05), (13.43, 14.33)]]",1
"[[(0.79, 1.69), (5.74, 6.64)]]",1
"[[(3.89, 4.79), (9.63, 10.53)]]",1
"[[(1.62, 2.52), (12.93, 13.83)]]",1
"[[(5.27, 6.17), (6.19, 7.09)]]",1
"[[(8.45, 9.35), (10.64, 11.54)]]",1
"[[(6.08, 6.98), (3.75, 4.65)]]",0
"[[(9.39, 10.29), (5.28, 6.18)]]",1
"[[(2.76, 3.66), (1.05, 1.95)]]",0
"[[(11.43, 12.33), (8.66, 9.56)]]",1
"[[(7.89, 8.79), (4.32, 5.22)]]",1
"[[(5.84, 6.74), (0.53, 1.43)]]",1
"[[(12.91, 13.81), (13.79, 14.69)]]",1
"[[(11.37, 12.27), (10.49, 11.39)]]",1
"[[(9.48, 10.38), (6.52, 7.42)]]",1
"[[(10.35, 11.25), (3.56, 4.46)]]",1
"[[(12.56, 13.46), (3.56, 4.46)]]",1
"[[(12.54, 13.44), (13.67, 14.57)]]",1
"[[(10.06, 10.96), (5.87, 6.77)]]",0
"[[(5.97, 6.87), (1.2, 2.1)]]",1
"[[(12.73, 13.63), (10.36, 11.26)]]",1
"[[(13.58, 14.48), (10.07, 10.97)]]",0
"[[(8.69, 9.59), (3.46, 4.36)]]",1
"[[(6.82, 7.72), (11.6, 12.5)]]",1
"[[(0.15, 1.05), (12.18, 13.08)]]",1
"[[(12.62, 13.52), (10.48, 11.38)]]",1
"[[(3.05, 3.95), (6.73, 7.63)]]",0
"[[(5.12, 6.02), (11.92, 12.82)]]",1
"[[(12.13, 13.03), (0.48, 1.38)]]",1
"[[(1.64, 2.54), (5.41, 6.31)]]",1
"[[(12.83, 13.73), (8.58, 9.48)]]",1
"[[(7.67, 8.57), (10.6, 11.5)]]",1
"[[(13.39, 14.29), (11.65, 12.55)]]",1
"[[(6.2, 7.1), (9.52, 10.42)]]",1
"[[(5.77, 6.67), (10.87, 11.77)]]",1
"[[(13.61, 14.51), (9.18, 10.08)]]",1
"[[(4.48, 5.38), (6.67, 7.57)]]",1
"[[(10.45, 11.35), (0.65, 1.55)]]",1
"[[(7.85, 8.75), (12.8, 13.7)]]",1
"[[(8.26, 9.16), (4.28, 5.18)]]",1
"[[(6.68, 7.58), (13.99, 14.89)]]",1
"[[(9.85, 10.75), (2.86, 3.76)]]",1
"[[(3.85, 4.75), (7.27, 8.17)]]",1
"[[(2.16, 3.06), (1.35, 2.25)]]",1
"[[(13.67, 14.57), (9.9, 10.8)]]",1
"[[(6.1, 7.0), (3.21, 4.11)]]",1
"[[(12.96, 13.86), (10.23, 11.13)]]",1
"[[(2.99, 3.89), (10.25, 11.15)]]",1
"[[(5.02, 5.92), (4.78, 5.68)]]",0
"[[(0.36, 1.26), (3.2, 4.1)]]",1
"[[(11.44, 12.34), (10.89, 11.79)]]",1
"[[(5.83, 6.73), (2.09, 2.99)]]",0
"[[(8.49, 9.39), (6.56, 7.46)]]",1
"[[(2.97, 3.87), (7.67, 8.57)]]",1
"[[(10.04, 10.94), (6.26, 7.16)]]",0
"[[(7.19, 8.09), (2.7, 3.6)]]",1
"[[(7.04, 7.94), (13.31, 14.21)]]",0
"[[(1.8, 2.7), (7.84, 8.74)]]",1
"[[(5.76, 6.66), (0.09, 0.99)]]",0
"[[(0.87, 1.77), (6.14, 7.04)]]",1
"[[(6.11, 7.01), (3.89, 4.79)]]",1
"[[(6.44, 7.34), (0.56, 1.46)]]",1
"[[(7.98, 8.88), (6.64, 7.54)]]",1
"[[(9.14, 10.04), (0.14, 1.04)]]",1
"[[(3.86, 4.76), (0.31, 1.21)]]",1
"[[(11.3, 12.2), (8.65, 9.55)]]",1
"[[(4.65, 5.55), (0.95, 1.85)]]",1
"[[(12.74, 13.64), (4.09, 4.99)]]",0
"[[(13.7, 14.6), (10.04, 10.94)]]",0
"[[(8.52, 9.42), (3.1, 4.0)]]",1
"[[(7.69, 8.59), (4.11, 5.01)]]",1
"[[(11.45, 12.35), (8.48, 9.38)]]",1
"[[(3.6, 4.5), (10.69, 11.59)]]",1
"[[(0.63, 1.53), (1.13, 2.03)]]",1
"[[(3.32, 4.22), (5.83, 6.73)]]",1
"[[(6.76, 7.66), (3.22, 4.12)]]",1
"[[(9.11, 10.01), (12.15, 13.05)]]",1
"[[(10.26, 11.16), (1.57, 2.47)]]",1
"[[(3.45, 4.35), (4.2, 5.1)]]",1
"[[(4.44, 5.34), (5.37, 6.27)]]",1
"[[(0.81, 1.71), (4.9, 5.8)]]",1
"[[(7.18, 8.08), (11.45, 12.35)]]",1
"[[(7.84, 8.74), (7.46, 8.36)]]",1
"[[(2.46, 3.36), (9.15, 10.05)]]",1
"[[(1.35, 2.25), (8.09, 8.99)]]",0
"[[(8.12, 9.02), (5.16, 6.06)]]",1
"[[(1.76, 2.66), (12.06, 12.96)]]",0
"[[(4.16, 5.06), (10.98, 11.88)]]",1
"[[(5.55, 6.45), (12.88, 13.78)]]",1
"[[(0.88, 1.78), (10.22, 11.12)]]",1
"[[(7.26, 8.16), (4.84, 5.74)]]",1
"[[(0.22, 1.12), (2.73, 3.63)]]",1
"[[(0.18, 1.08), (13.63, 14.53)]]",1
"[[(1.54, 2.44), (5.92, 6.82)]]",1
"[[(10.01, 10.91), (3.86, 4.76)]]",0
"[[(1.75, 2.65), (11.62, 12.52)]]",1
"[[(11.64, 12.54), (0.23, 1.13)]]",1
"[[(6.0, 6.9), (1.48, 2.38)]]",1
"[[(7.27, 8.17), (7.49, 8.39)]]",1
"[[(5.64, 6.54), (3.48, 4.38)]]",1
"[[(12.4, 13.3), (8.64, 9.54)]]",1
"[[(11.8, 12.7), (3.23, 4.13)]]",1
"[[(9.69, 10.59), (2.25, 3.15)]]",1
"[[(10.75, 11.65), (9.23, 10.13)]]",1
"[[(2.14, 3.04), (12.69, 13.59)]]",1
"[[(4.09, 4.99), (2.6, 3.5)]]",0
"[[(8.51, 9.41), (2.43, 3.33)]]",1
"[[(11.67, 12.57), (0.77, 1.67)]]",1
"[[(6.56, 7.46), (8.44, 9.34)]]",1
"[[(4.64, 5.54), (5.67, 6.57)]]",1
"[[(7.73, 8.63), (9.77, 10.67)]]",1
"[[(6.28, 7.18), (3.99, 4.89)]]",1
"[[(4.87, 5.77), (10.01, 10.91)]]",0
"[[(1.97, 2.87), (0.33, 1.23)]]",1
"[[(6.48, 7.38), (7.1, 8.0)]]",1
"[[(5.17, 6.07), (0.53, 1.43)]]",1
"[[(9.37, 10.27), (9.31, 10.21)]]",1
"[[(10.21, 11.11), (7.02, 7.92)]]",0
"[[(5.39, 6.29), (8.08, 8.98)]]",0
"[[(11.82, 12.72), (13.1, 14.0)]]",1
"[[(13.78, 14.68), (4.39, 5.29)]]",1
"[[(0.37, 1.27), (10.65, 11.55)]]",1
"[[(2.09, 2.99), (7.91, 8.81)]]",0
"[[(5.75, 6.65), (1.33, 2.23)]]",1
"[[(8.47, 9.37), (5.55, 6.45)]]",1
"[[(1.27, 2.17), (0.69, 1.59)]]",1
"[[(8.25, 9.15), (1.87, 2.77)]]",1
"[[(11.15, 12.05), (6.74, 7.64)]]",1
"[[(11.9, 12.8), (1.52, 2.42)]]",1
"[[(5.82, 6.72), (9.44, 10.34)]]",1
"[[(5.21, 6.11), (6.92, 7.82)]]",1
"[[(3.79, 4.69), (10.26, 11.16)]]",1
"[[(11.33, 12.23), (11.52, 12.42)]]",1
"[[(11.07, 11.97), (6.49, 7.39)]]",0
"[[(4.56, 5.46), (8.46, 9.36)]]",1
"[[(13.89, 14.79), (5.51, 6.41)]]",1
"[[(10.02, 10.92), (2.11, 3.01)]]",0
"[[(5.28, 6.18), (3.93, 4.83)]]",1
"[[(6.62, 7.52), (7.34, 8.24)]]",1
"[[(0.78, 1.68), (8.57, 9.47)]]",1
"[[(1.06, 1.96), (8.83, 9.73)]]",0
"[[(6.41, 7.31), (3.1, 4.0)]]",1
"[[(10.65, 11.55), (13.98, 14.88)]]",1
"[[(11.06, 11.96), (3.25, 4.15)]]",0
"[[(6.71, 7.61), (4.03, 4.93)]]",0
"[[(1.56, 2.46), (8.52, 9.42)]]",1
"[[(13.6, 14.5), (10.41, 11.31)]]",1
"[[(7.63, 8.53), (13.12, 14.02)]]",1
"[[(1.93, 2.83), (5.01, 5.91)]]",0
"[[(4.18, 5.08), (5.08, 5.98)]]",0
"[[(0.14, 1.04), (0.61, 1.51)]]",1
"[[(0.51, 1.41), (2.64, 3.54)]]",1
"[[(5.69, 6.59), (2.34, 3.24)]]",1
"[[(4.48, 5.38), (4.34, 5.24)]]",1
"[[(10.28, 11.18), (4.25, 5.15)]]",1
"[[(10.14, 11.04), (7.76, 8.66)]]",1
"[[(7.08, 7.98), (9.84, 10.74)]]",0
"[[(8.19, 9.09), (11.6, 12.5)]]",1
"[[(11.39, 12.29), (2.32, 3.22)]]",1
"[[(2.0, 2.9), (1.9, 2.8)]]",1
"[[(2.39, 3.29), (8.59, 9.49)]]",1
"[[(0.69, 1.59), (10.34, 11.24)]]",1
"[[(9.31, 10.21), (4.12, 5.02)]]",1
"[[(10.6, 11.5), (10.82, 11.72)]]",1
"[[(3.19, 4.09), (12.72, 13.62)]]",1
"[[(4.87, 5.77), (9.73, 10.63)]]",1
"[[(2.24, 3.14), (13.63, 14.53)]]",1
"[[(3.22, 4.12), (4.62, 5.52)]]",1
"[[(7.76, 8.66), (5.51, 6.41)]]",1
"[[(6.98, 7.88), (4.68, 5.58)]]",1
"[[(9.86, 10.76), (0.56, 1.46)]]",1
"[[(13.72, 14.62), (6.44, 7.34)]]",1
"[[(4.29, 5.19), (3.47, 4.37)]]",1
"[[(2.61, 3.51), (9.2, 10.1)]]",1
"[[(9.61, 10.51), (11.03, 11.93)]]",0
"[[(9.2, 10.1), (8.39, 9.29)]]",1
"[[(1.52, 2.42), (13.7, 14.6)]]",1
"[[(8.46, 9.36), (12.97, 13.87)]]",1
"[[(12.5, 13.4), (9.83, 10.73)]]",1
"[[(7.62, 8.52), (2.38, 3.28)]]",1
"[[(4.48, 5.38), (2.72, 3.62)]]",1
"[[(5.32, 6.22), (6.12, 7.02)]]",1
"[[(12.73, 13.63), (9.65, 10.55)]]",1
"[[(7.2, 8.1), (5.83, 6.73)]]",1
"[[(11.81, 12.71), (13.25, 14.15)]]",1
"[[(6.86, 7.76), (7.55, 8.45)]]",1
"[[(10.02, 10.92), (2.56, 3.46)]]",0
"[[(8.17, 9.07), (6.18, 7.08)]]",1
"[[(8.5, 9.4), (10.11, 11.01)]]",1
"[[(4.92, 5.82), (8.61, 9.51)]]",1
"[[(1.64, 2.54), (11.96, 12.86)]]",1
"[[(11.52, 12.42), (0.95, 1.85)]]",1
"[[(1.74, 2.64), (1.39, 2.29)]]",1
"[[(7.09, 7.99), (3.27, 4.17)]]",0
"[[(11.76, 12.66), (6.88, 7.78)]]",1
"[[(10.6, 11.5), (11.49, 12.39)]]",1
"[[(7.25, 8.15), (10.6, 11.5)]]",1
"[[(6.78, 7.68), (11.2, 12.1)]]",1
"[[(8.04, 8.94), (5.2, 6.1)]]",0
"[[(10.23, 11.13), (6.3, 7.2)]]",1
"[[(6.19, 7.09), (13.08, 13.98)]]",0
"[[(8.67, 9.57), (2.93, 3.83)]]",1
"[[(4.04, 4.94), (12.34, 13.24)]]",0
"[[(5.56, 6.46), (12.6, 13.5)]]",1
"[[(4.85, 5.75), (12.71, 13.61)]]",1
"[[(13.04, 13.94), (0.89, 1.79)]]",0
"[[(6.75, 7.65), (11.87, 12.77)]]",1
"[[(3.39, 4.29), (0.57, 1.47)]]",1
"[[(7.84, 8.74), (9.94, 10.84)]]",1
"[[(5.76, 6.66), (8.56, 9.46)]]",1
"[[(6.02, 6.92), (0.58, 1.48)]]",0
"[[(7.54, 8.44), (12.78, 13.68)]]",1
"[[(13.44, 14.34), (3.26, 4.16)]]",1
"[[(9.8, 10.7), (13.06, 13.96)]]",0
"[[(3.8, 4.7), (10.55, 11.45)]]",1
"[[(8.05, 8.95), (7.93, 8.83)]]",0
"[[(4.7, 5.6), (11.74, 12.64)]]",1
"[[(4.18, 5.08), (1.36, 2.26)]]",1
"[[(3.22, 4.12), (4.7, 5.6)]]",1
"[[(9.3, 10.2), (1.08, 1.98)]]",0
"[[(6.03, 6.93), (6.28, 7.18)]]",0
"[[(12.94, 13.84), (3.53, 4.43)]]",1
"[[(1.51, 2.41), (4.61, 5.51)]]",1
"[[(9.24, 10.14), (12.89, 13.79)]]",1
"[[(10.73, 11.63), (1.53, 2.43)]]",1
"[[(3.93, 4.83), (11.31, 12.21)]]",1
"[[(12.28, 13.18), (11.24, 12.14)]]",1
"[[(5.36, 6.26), (9.2, 10.1)]]",1
"[[(8.24, 9.14), (12.51, 13.41)]]",1
"[[(10.5, 11.4), (1.55, 2.45)]]",1
"[[(3.94, 4.84), (4.13, 5.03)]]",1
"[[(5.84, 6.74), (4.85, 5.75)]]",1
"[[(5.62, 6.52), (8.24, 9.14)]]",1
"[[(6.16, 7.06), (10.05, 10.95)]]",0
"[[(3.7, 4.6), (10.22, 11.12)]]",1
"[[(1.31, 2.21), (10.73, 11.63)]]",1
"[[(3.85, 4.75), (5.14, 6.04)]]",1
"[[(5.02, 5.92), (4.95, 5.85)]]",0
"[[(12.78, 13.68), (3.66, 4.56)]]",1
"[[(13.6, 14.5), (6.44, 7.34)]]",1
"[[(10.56, 11.46), (7.72, 8.62)]]",1
"[[(5.57, 6.47), (12.78, 13.68)]]",1
"[[(0.91, 1.81), (1.69, 2.59)]]",1
"[[(8.11, 9.01), (0.44, 1.34)]]",1
"[[(9.79, 10.69), (11.42, 12.32)]]",1
"[[(10.84, 11.74), (0.75, 1.65)]]",1
"[[(5.86, 6.76), (13.51, 14.41)]]",1
"[[(5.35, 6.25), (13.17, 14.07)]]",1
"[[(4.07, 4.97), (12.79, 13.69)]]",0
"[[(11.76, 12.66), (10.75, 11.65)]]",1
"[[(3.31, 4.21), (3.0, 3.9)]]",1
"[[(3.18, 4.08), (8.94, 9.84)]]",1
"[[(7.7, 8.6), (12.84, 13.74)]]",1
"[[(3.92, 4.82), (6.94, 7.84)]]",1
"[[(13.1, 14.0), (12.25, 13.15)]]",1
"[[(0.52, 1.42), (5.73, 6.63)]]",1
"[[(13.48, 14.38), (2.82, 3.72)]]",1
"[[(2.02, 2.92), (8.58, 9.48)]]",0
"[[(8.2, 9.1), (5.33, 6.23)]]",1
"[[(12.86, 13.76), (1.4, 2.3)]]",1
"[[(14.06, 14.96), (1.59, 2.49)]]",0
"[[(9.54, 10.44), (11.76, 12.66)]]",1
"[[(9.78, 10.68), (0.33, 1.23)]]",1
"[[(8.94, 9.84), (5.13, 6.03)]]",1
"[[(7.68, 8.58), (13.66, 14.56)]]",1
"[[(9.15, 10.05), (11.4, 12.3)]]",1
"[[(2.05, 2.95), (9.72, 10.62)]]",0
"[[(11.01, 11.91), (12.02, 12.92)]]",0
"[[(2.99, 3.89), (12.17, 13.07)]]",1
"[[(6.52, 7.42), (11.16, 12.06)]]",1
"[[(5.82, 6.72), (7.93, 8.83)]]",1
"[[(5.42, 6.32), (12.51, 13.41)]]",1
"[[(5.2, 6.1), (5.31, 6.21)]]",1
"[[(3.75, 4.65), (8.93, 9.83)]]",1
"[[(6.94, 7.84), (12.35, 13.25)]]",1
"[[(10.34, 11.24), (11.04, 11.94)]]",0
"[[(14.1, 15.0), (1.95, 2.85)]]",1
"[[(7.78, 8.68), (3.9, 4.8)]]",1
"[[(7.26, 8.16), (4.74, 5.64)]]",1
"[[(9.29, 10.19), (3.22, 4.12)]]",1
"[[(8.91, 9.81), (6.31, 7.21)]]",1
"[[(13.99, 14.89), (7.61, 8.51)]]",1
"[[(0.04, 0.94), (11.43, 12.33)]]",0
"[[(6.75, 7.65), (1.54, 2.44)]]",1
"[[(0.61, 1.51), (11.89, 12.79)]]",1
"[[(10.18, 11.08), (8.48, 9.38)]]",1
"[[(8.69, 9.59), (0.91, 1.81)]]",1
"[[(9.89, 10.79), (0.7, 1.6)]]",1
"[[(10.97, 11.87), (2.91, 3.81)]]",1
"[[(10.52, 11.42), (7.04, 7.94)]]",0
"[[(11.68, 12.58), (9.8, 10.7)]]",1
"[[(1.54, 2.44), (2.74, 3.64)]]",1
"[[(3.33, 4.23), (8.78, 9.68)]]",1
"[[(2.94, 3.84), (3.19, 4.09)]]",1
"[[(7.67, 8.57), (2.42, 3.32)]]",1
"[[(7.12, 8.02), (2.61, 3.51)]]",1
"[[(12.56, 13.46), (12.75, 13.65)]]",1
"[[(13.34, 14.24), (3.3, 4.2)]]",1
"[[(6.86, 7.76), (0.55, 1.45)]]",1
"[[(1.65, 2.55), (10.75, 11.65)]]",1
"[[(10.27, 11.17), (6.9, 7.8)]]",1
"[[(1.4, 2.3), (5.48, 6.38)]]",1
"[[(0.63, 1.53), (4.82, 5.72)]]",1
"[[(3.09, 3.99), (4.01, 4.91)]]",0
"[[(3.59, 4.49), (12.21, 13.11)]]",1
"[[(1.11, 2.01), (12.06, 12.96)]]",0
"[[(10.18, 11.08), (11.07, 11.97)]]",0
"[[(11.74, 12.64), (8.82, 9.72)]]",1
"[[(8.28, 9.18), (12.26, 13.16)]]",1
"[[(11.65, 12.55), (7.82, 8.72)]]",1
"[[(13.34, 14.24), (11.49, 12.39)]]",1
"[[(13.86, 14.76), (8.37, 9.27)]]",1
"[[(11.37, 12.27), (1.96, 2.86)]]",1
"[[(1.78, 2.68), (13.77, 14.67)]]",1
"[[(3.58, 4.48), (2.83, 3.73)]]",1
"[[(4.03, 4.93), (8.4, 9.3)]]",0
"[[(6.06, 6.96), (7.99, 8.89)]]",0
"[[(5.13, 6.03), (11.3, 12.2)]]",1
"[[(12.61, 13.51), (1.95, 2.85)]]",1
"[[(13.51, 14.41), (5.0, 5.9)]]",1
"[[(7.32, 8.22), (11.13, 12.03)]]",1
"[[(5.68, 6.58), (11.54, 12.44)]]",1
"[[(2.45, 3.35), (12.66, 13.56)]]",1
"[[(9.36, 10.26), (8.4, 9.3)]]",1
"[[(3.2, 4.1), (9.68, 10.58)]]",1
"[[(11.01, 11.91), (3.46, 4.36)]]",0
"[[(12.66, 13.56), (2.04, 2.94)]]",0
"[[(10.83, 11.73), (2.14, 3.04)]]",1
"[[(13.26, 14.16), (9.51, 10.41)]]",1
"[[(11.03, 11.93), (4.31, 5.21)]]",0
"[[(11.97, 12.87), (9.51, 10.41)]]",1
"[[(5.08, 5.98), (2.8, 3.7)]]",0
"[[(11.52, 12.42), (13.79, 14.69)]]",1
"[[(8.99, 9.89), (7.05, 7.95)]]",0
"[[(4.18, 5.08), (7.27, 8.17)]]",1
"[[(13.53, 14.43), (12.9, 13.8)]]",1
"[[(6.81, 7.71), (7.31, 8.21)]]",1
"[[(8.87, 9.77), (2.38, 3.28)]]",1
"[[(11.53, 12.43), (12.13, 13.03)]]",1
"[[(10.64, 11.54), (9.25, 10.15)]]",1
"[[(4.74, 5.64), (5.27, 6.17)]]",1
"[[(4.49, 5.39), (13.47, 14.37)]]",1
"[[(11.38, 12.28), (13.09, 13.99)]]",0
"[[(3.79, 4.69), (10.84, 11.74)]]",1
"[[(0.34, 1.24), (2.84, 3.74)]]",1
"[[(3.9, 4.8), (10.95, 11.85)]]",1
"[[(4.56, 5.46), (7.84, 8.74)]]",1
"[[(10.8, 11.7), (12.35, 13.25)]]",1
"[[(2.84, 3.74), (5.7, 6.6)]]",1
"[[(7.26, 8.16), (4.42, 5.32)]]",1
"[[(4.27, 5.17), (14.05, 14.95)]]",0
"[[(8.54, 9.44), (0.52, 1.42)]]",1
"[[(7.09, 7.99), (3.71, 4.61)]]",0
"[[(3.69, 4.59), (12.92, 13.82)]]",1
"[[(9.24, 10.14), (3.32, 4.22)]]",1
"[[(9.22, 10.12), (13.5, 14.4)]]",1
"[[(3.27, 4.17), (13.49, 14.39)]]",1
"[[(4.94, 5.84), (6.77, 7.67)]]",1
"[[(12.41, 13.31), (1.57, 2.47)]]",1
"[[(9.2, 10.1), (4.35, 5.25)]]",1
"[[(6.33, 7.23), (0.24, 1.14)]]",1
"[[(8.34, 9.24), (13.67, 14.57)]]",1
"[[(0.09, 0.99), (0.02, 0.92)]]",0
"[[(0.44, 1.34), (9.11, 10.01)]]",1
"[[(10.69, 11.59), (1.28, 2.18)]]",1
"[[(13.92, 14.82), (10.93, 11.83)]]",1
"[[(2.73, 3.63), (7.31, 8.21)]]",1
"[[(4.42, 5.32), (11.15, 12.05)]]",1
"[[(6.77, 7.67), (3.88, 4.78)]]",1
"[[(3.72, 4.62), (7.95, 8.85)]]",1
"[[(2.69, 3.59), (9.23, 10.13)]]",1
"[[(12.23, 13.13), (13.9, 14.8)]]",1
"[[(12.06, 12.96), (2.61, 3.51)]]",0
"[[(6.97, 7.87), (4.93, 5.83)]]",1
"[[(3.88, 4.78), (3.22, 4.12)]]",1
"[[(9.04, 9.94), (11.45, 12.35)]]",0
"[[(9.31, 10.21), (5.89, 6.79)]]",1
"[[(2.2, 3.1), (8.67, 9.57)]]",1
"[[(0.59, 1.49), (1.06, 1.96)]]",0
"[[(7.44, 8.34), (0.04, 0.94)]]",0
"[[(0.42, 1.32), (2.94, 3.84)]]",1
"[[(5.92, 6.82), (1.16, 2.06)]]",1
"[[(3.76, 4.66), (12.61, 13.51)]]",1
"[[(0.92, 1.82), (8.03, 8.93)]]",0
"[[(2.12, 3.02), (10.54, 11.44)]]",1
"[[(13.32, 14.22), (9.27, 10.17)]]",1
"[[(8.08, 8.98), (11.55, 12.45)]]",0
"[[(6.38, 7.28), (7.71, 8.61)]]",1
"[[(11.83, 12.73), (4.73, 5.63)]]",1
"[[(1.1, 2.0), (13.36, 14.26)]]",1
"[[(13.66, 14.56), (11.21, 12.11)]]",1
"[[(0.56, 1.46), (13.16, 14.06)]]",1
"[[(11.75, 12.65), (5.26, 6.16)]]",1
"[[(9.38, 10.28), (3.57, 4.47)]]",1
"[[(6.5, 7.4), (6.58, 7.48)]]",1
"[[(10.65, 11.55), (2.29, 3.19)]]",1
"[[(10.23, 11.13), (9.63, 10.53)]]",1
"[[(5.56, 6.46), (7.52, 8.42)]]",1
"[[(10.26, 11.16), (9.7, 10.6)]]",1
"[[(12.66, 13.56), (4.77, 5.67)]]",1
"[[(6.92, 7.82), (9.17, 10.07)]]",1
"[[(1.62, 2.52), (13.15, 14.05)]]",1
"[[(3.46, 4.36), (10.17, 11.07)]]",1
"[[(9.66, 10.56), (0.8, 1.7)]]",1
"[[(5.7, 6.6), (4.57, 5.47)]]",1
"[[(8.66, 9.56), (13.81, 14.71)]]",1
"[[(10.03, 10.93), (13.95, 14.85)]]",0
"[[(5.69, 6.59), (10.5, 11.4)]]",1
"[[(4.58, 5.48), (5.98, 6.88)]]",1
"[[(12.55, 13.45), (8.07, 8.97)]]",0
"[[(7.25, 8.15), (4.94, 5.84)]]",1
"[[(0.51, 1.41), (2.61, 3.51)]]",1
"[[(1.66, 2.56), (5.3, 6.2)]]",1
"[[(5.1, 6.0), (5.5, 6.4)]]",1
"[[(5.49, 6.39), (9.96, 10.86)]]",1
"[[(12.53, 13.43), (10.73, 11.63)]]",1
"[[(13.13, 14.03), (13.83, 14.73)]]",1
"[[(3.34, 4.24), (2.27, 3.17)]]",1
"[[(6.91, 7.81), (13.36, 14.26)]]",1
"[[(5.06, 5.96), (9.35, 10.25)]]",0
"[[(13.33, 14.23), (4.31, 5.21)]]",1
"[[(6.35, 7.25), (9.87, 10.77)]]",1
"[[(13.17, 14.07), (1.33, 2.23)]]",1
"[[(6.28, 7.18), (6.65, 7.55)]]",1
"[[(9.72, 10.62), (5.37, 6.27)]]",1
"[[(8.6, 9.5), (1.88, 2.78)]]",1
"[[(7.66, 8.56), (8.22, 9.12)]]",1
"[[(10.53, 11.43), (6.99, 7.89)]]",1
"[[(9.73, 10.63), (1.92, 2.82)]]",1
"[[(14.03, 14.93), (10.17, 11.07)]]",0
"[[(2.14, 3.04), (7.73, 8.63)]]",1
"[[(12.41, 13.31), (2.68, 3.58)]]",1
"[[(4.26, 5.16), (1.65, 2.55)]]",1
"[[(8.75, 9.65), (8.31, 9.21)]]",1
"[[(12.31, 13.21), (9.1, 10.0)]]",1
"[[(6.59, 7.49), (5.17, 6.07)]]",1
"[[(6.07, 6.97), (10.82, 11.72)]]",0
"[[(9.14, 10.04), (3.54, 4.44)]]",1
"[[(11.19, 12.09), (5.51, 6.41)]]",1
"[[(9.27, 10.17), (4.25, 5.15)]]",1
"[[(12.64, 13.54), (12.03, 12.93)]]",0
"[[(12.83, 13.73), (1.9, 2.8)]]",1
"[[(14.07, 14.97), (3.39, 4.29)]]",0
"[[(1.43, 2.33), (6.7, 7.6)]]",1
"[[(2.04, 2.94), (8.37, 9.27)]]",0
"[[(12.46, 13.36), (4.65, 5.55)]]",1
"[[(0.29, 1.19), (12.38, 13.28)]]",1
"[[(1.4, 2.3), (9.16, 10.06)]]",1
"[[(0.14, 1.04), (5.04, 5.94)]]",0
"[[(0.37, 1.27), (13.12, 14.02)]]",1
"[[(7.99, 8.89), (2.13, 3.03)]]",1
"[[(0.81, 1.71), (10.03, 10.93)]]",0
"[[(6.76, 7.66), (8.03, 8.93)]]",0
"[[(9.34, 10.24), (11.13, 12.03)]]",1
"[[(3.81, 4.71), (3.67, 4.57)]]",1
"[[(3.58, 4.48), (8.48, 9.38)]]",1
"[[(3.73, 4.63), (5.31, 6.21)]]",1
"[[(10.09, 10.99), (7.8, 8.7)]]",0
"[[(1.01, 1.91), (7.59, 8.49)]]",0
"[[(10.32, 11.22), (8.72, 9.62)]]",1
"[[(11.97, 12.87), (0.2, 1.1)]]",1
"[[(13.75, 14.65), (3.25, 4.15)]]",1
"[[(10.07, 10.97), (10.74, 11.64)]]",0
"[[(4.08, 4.98), (13.49, 14.39)]]",0
"[[(0.73, 1.63), (6.99, 7.89)]]",1
"[[(4.54, 5.44), (13.63, 14.53)]]",1
"[[(9.4, 10.3), (13.18, 14.08)]]",1
"[[(14.02, 14.92), (3.66, 4.56)]]",0
"[[(1.64, 2.54), (10.34, 11.24)]]",1
"[[(6.64, 7.54), (10.3, 11.2)]]",1
"[[(9.28, 10.18), (5.17, 6.07)]]",1
"[[(11.99, 12.89), (13.49, 14.39)]]",1
"[[(2.37, 3.27), (4.83, 5.73)]]",1
"[[(8.38, 9.28), (2.05, 2.95)]]",0
"[[(6.76, 7.66), (0.44, 1.34)]]",1
"[[(0.41, 1.31), (4.56, 5.46)]]",1
"[[(4.09, 4.99), (8.22, 9.12)]]",0
"[[(0.65, 1.55), (13.78, 14.68)]]",1
"[[(14.02, 14.92), (0.82, 1.72)]]",0
"[[(7.79, 8.69), (0.32, 1.22)]]",1
"[[(0.18, 1.08), (4.31, 5.21)]]",1
"[[(8.83, 9.73), (3.59, 4.49)]]",1
"[[(9.2, 10.1), (8.74, 9.64)]]",1
"[[(0.75, 1.65), (10.81, 11.71)]]",1
"[[(9.65, 10.55), (10.41, 11.31)]]",1
"[[(11.9, 12.8), (4.81, 5.71)]]",1
"[[(10.84, 11.74), (11.35, 12.25)]]",1
"[[(13.98, 14.88), (13.69, 14.59)]]",1
"[[(2.35, 3.25), (10.92, 11.82)]]",1
"[[(10.34, 11.24), (5.21, 6.11)]]",1
"[[(6.06, 6.96), (0.5, 1.4)]]",0
"[[(4.04, 4.94), (4.45, 5.35)]]",0
"[[(9.01, 9.91), (0.71, 1.61)]]",0
"[[(0.44, 1.34), (6.9, 7.8)]]",1
"[[(11.9, 12.8), (10.71, 11.61)]]",1
"[[(2.25, 3.15), (11.78, 12.68)]]",1
"[[(3.43, 4.33), (12.99, 13.89)]]",1
"[[(9.34, 10.24), (1.36, 2.26)]]",1
"[[(1.23, 2.13), (6.63, 7.53)]]",1
"[[(8.49, 9.39), (0.3, 1.2)]]",1
"[[(13.93, 14.83), (5.48, 6.38)]]",1
"[[(10.58, 11.48), (6.02, 6.92)]]",0
"[[(4.82, 5.72), (0.55, 1.45)]]",1
"[[(6.85, 7.75), (4.02, 4.92)]]",0
"[[(6.85, 7.75), (3.93, 4.83)]]",1
"[[(14.07, 14.97), (5.41, 6.31)]]",0
"[[(9.65, 10.55), (13.81, 14.71)]]",1
"[[(11.79, 12.69), (8.53, 9.43)]]",1
"[[(4.45, 5.35), (6.57, 7.47)]]",1
"[[(8.3, 9.2), (4.75, 5.65)]]",1
"[[(4.46, 5.36), (2.43, 3.33)]]",1
"[[(12.66, 13.56), (7.78, 8.68)]]",1
"[[(3.56, 4.46), (13.24, 14.14)]]",1
"[[(1.84, 2.74), (8.52, 9.42)]]",1
"[[(11.47, 12.37), (3.58, 4.48)]]",1
"[[(1.64, 2.54), (7.69, 8.59)]]",1
"[[(9.29, 10.19), (10.61, 11.51)]]",1
"[[(13.35, 14.25), (10.55, 11.45)]]",1
"[[(3.24, 4.14), (13.95, 14.85)]]",1
"[[(9.39, 10.29), (13.36, 14.26)]]",1
"[[(0.06, 0.96), (2.91, 3.81)]]",0
"[[(0.55, 1.45), (13.01, 13.91)]]",0
"[[(12.9, 13.8), (1.47, 2.37)]]",1
"[[(2.71, 3.61), (11.1, 12.0)]]",1
"[[(13.29, 14.19), (12.45, 13.35)]]",1
"[[(6.71, 7.61), (11.69, 12.59)]]",1
"[[(1.56, 2.46), (1.38, 2.28)]]",1
"[[(4.97, 5.87), (13.23, 14.13)]]",1
"[[(2.32, 3.22), (2.18, 3.08)]]",1
"[[(12.8, 13.7), (4.15, 5.05)]]",1
"[[(2.6, 3.5), (3.58, 4.48)]]",1
"[[(12.55, 13.45), (8.33, 9.23)]]",1
"[[(9.56, 10.46), (4.91, 5.81)]]",1
"[[(7.28, 8.18), (0.62, 1.52)]]",1
"[[(6.39, 7.29), (14.09, 14.99)]]",0
"[[(6.63, 7.53), (0.93, 1.83)]]",1
"[[(12.35, 13.25), (3.14, 4.04)]]",1
"[[(0.01, 0.91), (8.14, 9.04)]]",0
"[[(6.48, 7.38), (2.37, 3.27)]]",1
"[[(0.05, 0.95), (12.7, 13.6)]]",0
"[[(5.3, 6.2), (12.68, 13.58)]]",1
"[[(11.8, 12.7), (7.21, 8.11)]]",1
"[[(2.49, 3.39), (10.36, 11.26)]]",1
"[[(13.25, 14.15), (2.07, 2.97)]]",0
"[[(4.43, 5.33), (6.25, 7.15)]]",1
"[[(2.39, 3.29), (6.52, 7.42)]]",1
"[[(6.94, 7.84), (10.95, 11.85)]]",1
"[[(11.94, 12.84), (3.86, 4.76)]]",1
"[[(3.77, 4.67), (3.9, 4.8)]]",1
"[[(2.67, 3.57), (5.93, 6.83)]]",1
"[[(10.25, 11.15), (3.02, 3.92)]]",0
"[[(2.73, 3.63), (13.23, 14.13)]]",1
"[[(9.59, 10.49), (7.66, 8.56)]]",1
"[[(2.56, 3.46), (3.33, 4.23)]]",1
"[[(12.28, 13.18), (10.33, 11.23)]]",1
"[[(8.39, 9.29), (0.94, 1.84)]]",1
"[[(9.96, 10.86), (11.89, 12.79)]]",1
"[[(11.51, 12.41), (14.02, 14.92)]]",0
"[[(10.12, 11.02), (6.55, 7.45)]]",1
"[[(14.08, 14.98), (0.33, 1.23)]]",0
"[[(2.14, 3.04), (9.32, 10.22)]]",1
"[[(7.78, 8.68), (12.91, 13.81)]]",1
"[[(5.43, 6.33), (2.5, 3.4)]]",1
"[[(10.52, 11.42), (13.8, 14.7)]]",1
"[[(11.41, 12.31), (9.26, 10.16)]]",1
"[[(3.31, 4.21), (7.63, 8.53)]]",1
"[[(8.75, 9.65), (6.77, 7.67)]]",1
"[[(13.42, 14.32), (3.31, 4.21)]]",1
"[[(8.32, 9.22), (14.05, 14.95)]]",0
"[[(11.2, 12.1), (2.52, 3.42)]]",1
"[[(13.4, 14.3), (7.27, 8.17)]]",1
"[[(12.3, 13.2), (10.98, 11.88)]]",1
"[[(5.51, 6.41), (9.35, 10.25)]]",1
"[[(0.91, 1.81), (13.93, 14.83)]]",1
"[[(8.36, 9.26), (13.37, 14.27)]]",1
"[[(13.09, 13.99), (11.69, 12.59)]]",0
"[[(10.98, 11.88), (3.69, 4.59)]]",1
"[[(9.65, 10.55), (7.57, 8.47)]]",1
"[[(4.44, 5.34), (7.82, 8.72)]]",1
"[[(3.03, 3.93), (7.33, 8.23)]]",0
"[[(6.78, 7.68), (5.46, 6.36)]]",1
"[[(4.57, 5.47), (11.49, 12.39)]]",1
"[[(12.48, 13.38), (7.34, 8.24)]]",1
"[[(14.06, 14.96), (5.13, 6.03)]]",0
"[[(13.42, 14.32), (4.91, 5.81)]]",1
"[[(6.22, 7.12), (1.8, 2.7)]]",1
"[[(12.03, 12.93), (12.48, 13.38)]]",0
"[[(13.73, 14.63), (2.26, 3.16)]]",1
"[[(5.85, 6.75), (0.84, 1.74)]]",1
"[[(2.3, 3.2), (4.52, 5.42)]]",1
"[[(2.05, 2.95), (1.76, 2.66)]]",0
"[[(4.8, 5.7), (7.78, 8.68)]]",1
"[[(9.28, 10.18), (13.72, 14.62)]]",1
"[[(7.27, 8.17), (13.23, 14.13)]]",1
"[[(8.34, 9.24), (7.62, 8.52)]]",1
"[[(8.62, 9.52), (7.32, 8.22)]]",1
"[[(10.86, 11.76), (8.74, 9.64)]]",1
"[[(5.57, 6.47), (6.85, 7.75)]]",1
"[[(3.64, 4.54), (10.5, 11.4)]]",1
"[[(10.84, 11.74), (7.59, 8.49)]]",1
"[[(10.18, 11.08), (6.86, 7.76)]]",1
"[[(6.21, 7.11), (9.96, 10.86)]]",1
"[[(11.78, 12.68), (4.26, 5.16)]]",1
"[[(8.53, 9.43), (7.85, 8.75)]]",1
"[[(11.68, 12.58), (3.1, 4.0)]]",1
"[[(1.96, 2.86), (7.58, 8.48)]]",1
"[[(4.83, 5.73), (2.51, 3.41)]]",1
"[[(9.13, 10.03), (10.02, 10.92)]]",0
"[[(12.68, 13.58), (13.68, 14.58)]]",1
"[[(10.58, 11.48), (6.41, 7.31)]]",1
"[[(6.11, 7.01), (10.87, 11.77)]]",1
"[[(3.97, 4.87), (3.36, 4.26)]]",1
"[[(0.73, 1.63), (10.78, 11.68)]]",1
"[[(11.7, 12.6), (12.49, 13.39)]]",1
"[[(11.34, 12.24), (13.8, 14.7)]]",1
"[[(5.66, 6.56), (11.77, 12.67)]]",1
"[[(5.31, 6.21), (2.91, 3.81)]]",1
"[[(12.17, 13.07), (12.93, 13.83)]]",1
"[[(11.82, 12.72), (7.49, 8.39)]]",1
"[[(7.69, 8.59), (8.64, 9.54)]]",1
"[[(5.62, 6.52), (2.53, 3.43)]]",1
"[[(5.73, 6.63), (3.75, 4.65)]]",1
"[[(10.66, 11.56), (9.08, 9.98)]]",0
"[[(1.02, 1.92), (12.42, 13.32)]]",0
"[[(10.01, 10.91), (0.02, 0.92)]]",0
"[[(6.79, 7.69), (0.31, 1.21)]]",1
"[[(3.12, 4.02), (8.19, 9.09)]]",1
"[[(2.82, 3.72), (12.06, 12.96)]]",0
"[[(0.6, 1.5), (13.08, 13.98)]]",0
"[[(8.77, 9.67), (2.35, 3.25)]]",1
"[[(0.66, 1.56), (9.62, 10.52)]]",1
"[[(0.35, 1.25), (8.19, 9.09)]]",1
"[[(5.4, 6.3), (11.35, 12.25)]]",1
"[[(13.09, 13.99), (0.46, 1.36)]]",0
"[[(0.24, 1.14), (7.12, 8.02)]]",1
"[[(5.12, 6.02), (4.87, 5.77)]]",1
"[[(1.07, 1.97), (6.74, 7.64)]]",0
"[[(3.97, 4.87), (2.17, 3.07)]]",1
"[[(11.47, 12.37), (11.67, 12.57)]]",1
"[[(3.38, 4.28), (0.7, 1.6)]]",1
"[[(7.66, 8.56), (2.55, 3.45)]]",1
"[[(6.74, 7.64), (2.61, 3.51)]]",1
"[[(2.41, 3.31), (13.35, 14.25)]]",1
"[[(13.38, 14.28), (0.14, 1.04)]]",1
"[[(6.3, 7.2), (10.75, 11.65)]]",1
"[[(3.9, 4.8), (10.93, 11.83)]]",1
"[[(10.01, 10.91), (4.59, 5.49)]]",0
"[[(2.92, 3.82), (0.46, 1.36)]]",1
"[[(1.99, 2.89), (0.49, 1.39)]]",1
"[[(4.6, 5.5), (6.72, 7.62)]]",1
"[[(5.46, 6.36), (2.57, 3.47)]]",1
"[[(11.18, 12.08), (5.04, 5.94)]]",0
"[[(0.54, 1.44), (8.02, 8.92)]]",0
"[[(6.87, 7.77), (11.59, 12.49)]]",1
"[[(8.24, 9.14), (1.37, 2.27)]]",1
"[[(5.45, 6.35), (7.51, 8.41)]]",1
"[[(6.3, 7.2), (10.9, 11.8)]]",1
"[[(13.96, 14.86), (3.15, 4.05)]]",1
"[[(8.23, 9.13), (6.18, 7.08)]]",1
"[[(6.93, 7.83), (6.35, 7.25)]]",1
"[[(9.48, 10.38), (12.0, 12.9)]]",1
"[[(9.38, 10.28), (8.97, 9.87)]]",1
"[[(9.69, 10.59), (11.77, 12.67)]]",1
"[[(0.26, 1.16), (7.0, 7.9)]]",1
"[[(10.94, 11.84), (7.93, 8.83)]]",1
"[[(11.06, 11.96), (11.75, 12.65)]]",0
"[[(13.42, 14.32), (10.36, 11.26)]]",1
"[[(9.51, 10.41), (2.74, 3.64)]]",1
"[[(3.04, 3.94), (3.09, 3.99)]]",0
"[[(11.24, 12.14), (12.5, 13.4)]]",1
"[[(10.46, 11.36), (5.42, 6.32)]]",1
"[[(5.94, 6.84), (0.19, 1.09)]]",1
"[[(3.12, 4.02), (7.89, 8.79)]]",1
"[[(9.75, 10.65), (5.05, 5.95)]]",0
"[[(3.16, 4.06), (1.82, 2.72)]]",1
"[[(1.09, 1.99), (13.81, 14.71)]]",0
"[[(1.38, 2.28), (2.48, 3.38)]]",1
"[[(9.95, 10.85), (11.11, 12.01)]]",1
"[[(13.86, 14.76), (4.98, 5.88)]]",1
"[[(4.96, 5.86), (5.97, 6.87)]]",1
"[[(7.04, 7.94), (6.97, 7.87)]]",0
"[[(5.63, 6.53), (4.02, 4.92)]]",0
"[[(2.99, 3.89), (3.05, 3.95)]]",0
"[[(3.25, 4.15), (10.61, 11.51)]]",1
"[[(0.37, 1.27), (11.72, 12.62)]]",1
"[[(3.22, 4.12), (11.0, 11.9)]]",1
"[[(3.96, 4.86), (10.3, 11.2)]]",1
"[[(12.08, 12.98), (8.41, 9.31)]]",0
"[[(11.23, 12.13), (8.39, 9.29)]]",1
"[[(12.52, 13.42), (9.52, 10.42)]]",1
"[[(13.28, 14.18), (2.02, 2.92)]]",0
"[[(0.89, 1.79), (3.93, 4.83)]]",1
"[[(3.12, 4.02), (11.62, 12.52)]]",1
"[[(2.77, 3.67), (2.76, 3.66)]]",1
"[[(5.97, 6.87), (10.22, 11.12)]]",1
"[[(1.9, 2.8), (9.11, 10.01)]]",1
"[[(1.27, 2.17), (5.99, 6.89)]]",1
"[[(9.03, 9.93), (1.46, 2.36)]]",0
"[[(2.02, 2.92), (13.53, 14.43)]]",0
"[[(11.23, 12.13), (4.33, 5.23)]]",1
"[[(6.45, 7.35), (11.83, 12.73)]]",1
"[[(4.18, 5.08), (3.49, 4.39)]]",1
"[[(13.71, 14.61), (6.74, 7.64)]]",1
"[[(0.38, 1.28), (13.96, 14.86)]]",1
"[[(5.44, 6.34), (5.79, 6.69)]]",1
"[[(6.26, 7.16), (0.4, 1.3)]]",1
"[[(8.66, 9.56), (4.59, 5.49)]]",1
"[[(12.81, 13.71), (4.82, 5.72)]]",1
"[[(8.02, 8.92), (3.56, 4.46)]]",0
"[[(13.96, 14.86), (0.36, 1.26)]]",1
"[[(11.55, 12.45), (1.67, 2.57)]]",1
"[[(5.86, 6.76), (5.53, 6.43)]]",1
"[[(6.05, 6.95), (10.72, 11.62)]]",0
"[[(3.35, 4.25), (4.1, 5.0)]]",1
"[[(6.38, 7.28), (2.0, 2.9)]]",1
"[[(4.69, 5.59), (13.4, 14.3)]]",1
"[[(3.86, 4.76), (12.17, 13.07)]]",1
"[[(0.08, 0.98), (1.56, 2.46)]]",0
"[[(9.93, 10.83), (2.91, 3.81)]]",1
"[[(8.84, 9.74), (4.55, 5.45)]]",1
"[[(2.76, 3.66), (11.66, 12.56)]]",1
"[[(5.12, 6.02), (11.38, 12.28)]]",1
"[[(4.83, 5.73), (1.08, 1.98)]]",0
"[[(3.29, 4.19), (13.37, 14.27)]]",1
"[[(8.01, 8.91), (10.17, 11.07)]]",0
"[[(4.33, 5.23), (10.18, 11.08)]]",1
"[[(2.78, 3.68), (13.55, 14.45)]]",1
"[[(6.35, 7.25), (1.9, 2.8)]]",1
"[[(13.23, 14.13), (13.7, 14.6)]]",1
"[[(13.25, 14.15), (5.87, 6.77)]]",1
"[[(5.16, 6.06), (7.23, 8.13)]]",1
"[[(4.08, 4.98), (6.93, 7.83)]]",0
"[[(11.79, 12.69), (10.28, 11.18)]]",1
"[[(4.14, 5.04), (9.02, 9.92)]]",0
"[[(4.53, 5.43), (12.39, 13.29)]]",1
"[[(0.63, 1.53), (0.71, 1.61)]]",1
"[[(3.22, 4.12), (12.89, 13.79)]]",1
"[[(7.52, 8.42), (13.07, 13.97)]]",0
"[[(13.9, 14.8), (12.96, 13.86)]]",1
"[[(13.86, 14.76), (9.41, 10.31)]]",1
"[[(4.15, 5.05), (6.79, 7.69)]]",1
"[[(4.74, 5.64), (3.15, 4.05)]]",1
"[[(5.67, 6.57), (7.57, 8.47)]]",1
"[[(4.72, 5.62), (1.74, 2.64)]]",1
"[[(13.2, 14.1), (0.8, 1.7)]]",1
"[[(6.03, 6.93), (4.39, 5.29)]]",0
"[[(3.55, 4.45), (13.17, 14.07)]]",1
"[[(1.02, 1.92), (1.49, 2.39)]]",0
"[[(12.57, 13.47), (6.82, 7.72)]]",1
"[[(1.16, 2.06), (11.96, 12.86)]]",1
"[[(5.29, 6.19), (4.87, 5.77)]]",1
"[[(8.87, 9.77), (2.78, 3.68)]]",1
"[[(14.09, 14.99), (5.31, 6.21)]]",0
"[[(8.17, 9.07), (1.58, 2.48)]]",1
"[[(9.63, 10.53), (8.67, 9.57)]]",1
"[[(3.94, 4.84), (13.71, 14.61)]]",1
"[[(8.46, 9.36), (12.63, 13.53)]]",1
"[[(9.39, 10.29), (1.74, 2.64)]]",1
"[[(5.74, 6.64), (4.47, 5.37)]]",1
"[[(11.46, 12.36), (3.84, 4.74)]]",1
"[[(0.2, 1.1), (0.06, 0.96)]]",0
"[[(5.9, 6.8), (8.77, 9.67)]]",1
"[[(11.24, 12.14), (10.01, 10.91)]]",0
"[[(3.92, 4.82), (13.07, 13.97)]]",0
"[[(3.37, 4.27), (6.91, 7.81)]]",1
"[[(0.85, 1.75), (10.26, 11.16)]]",1
"[[(1.04, 1.94), (10.39, 11.29)]]",0
"[[(6.28, 7.18), (6.81, 7.71)]]",1
"[[(3.33, 4.23), (10.45, 11.35)]]",1
"[[(11.33, 12.23), (2.79, 3.69)]]",1
"[[(11.79, 12.69), (4.2, 5.1)]]",1
"[[(5.42, 6.32), (7.05, 7.95)]]",0
"[[(12.59, 13.49), (1.61, 2.51)]]",1
"[[(7.27, 8.17), (9.84, 10.74)]]",1
"[[(2.72, 3.62), (1.55, 2.45)]]",1
"[[(0.61, 1.51), (11.42, 12.32)]]",1
"[[(2.12, 3.02), (10.78, 11.68)]]",1
"[[(5.12, 6.02), (2.66, 3.56)]]",1
"[[(12.75, 13.65), (6.92, 7.82)]]",1
"[[(4.1, 5.0), (2.47, 3.37)]]",1
"[[(5.6, 6.5), (4.11, 5.01)]]",1
"[[(7.86, 8.76), (11.64, 12.54)]]",1
"[[(1.74, 2.64), (1.26, 2.16)]]",1
"[[(11.56, 12.46), (9.84, 10.74)]]",1
"[[(3.47, 4.37), (7.96, 8.86)]]",1
"[[(5.82, 6.72), (0.18, 1.08)]]",1
"[[(3.76, 4.66), (0.05, 0.95)]]",0
"[[(4.05, 4.95), (7.85, 8.75)]]",0
"[[(2.96, 3.86), (9.97, 10.87)]]",1
"[[(13.03, 13.93), (11.33, 12.23)]]",0
"[[(4.6, 5.5), (3.42, 4.32)]]",1
"[[(6.21, 7.11), (1.21, 2.11)]]",1
"[[(2.8, 3.7), (2.9, 3.8)]]",1
"[[(9.27, 10.17), (11.78, 12.68)]]",1
"[[(3.95, 4.85), (3.28, 4.18)]]",1
"[[(0.12, 1.02), (6.11, 7.01)]]",1
"[[(6.28, 7.18), (7.69, 8.59)]]",1
"[[(1.15, 2.05), (2.79, 3.69)]]",1
"[[(4.99, 5.89), (11.56, 12.46)]]",1
"[[(12.4, 13.3), (13.91, 14.81)]]",1
"[[(7.46, 8.36), (10.03, 10.93)]]",0
"[[(4.99, 5.89), (8.89, 9.79)]]",1
"[[(13.96, 14.86), (4.58, 5.48)]]",1
"[[(13.97, 14.87), (0.66, 1.56)]]",1
"[[(13.52, 14.42), (1.38, 2.28)]]",1
"[[(5.88, 6.78), (7.21, 8.11)]]",1
"[[(6.16, 7.06), (4.2, 5.1)]]",1
"[[(0.49, 1.39), (2.71, 3.61)]]",1
"[[(4.43, 5.33), (0.54, 1.44)]]",1
"[[(4.86, 5.76), (8.47, 9.37)]]",1
"[[(2.22, 3.12), (1.8, 2.7)]]",1
"[[(11.06, 11.96), (12.97, 13.87)]]",0
"[[(13.38, 14.28), (12.01, 12.91)]]",0
"[[(1.48, 2.38), (4.4, 5.3)]]",1
"[[(13.46, 14.36), (8.9, 9.8)]]",1
"[[(4.71, 5.61), (4.24, 5.14)]]",1
"[[(5.46, 6.36), (2.1, 3.0)]]",1
"[[(4.12, 5.02), (13.18, 14.08)]]",1
"[[(10.48, 11.38), (10.64, 11.54)]]",1
"[[(9.8, 10.7), (7.88, 8.78)]]",1
"[[(7.01, 7.91), (3.4, 4.3)]]",0
"[[(4.75, 5.65), (12.4, 13.3)]]",1
"[[(11.89, 12.79), (13.28, 14.18)]]",1
"[[(9.02, 9.92), (11.47, 12.37)]]",0
"[[(2.5, 3.4), (11.47, 12.37)]]",1
"[[(3.66, 4.56), (8.47, 9.37)]]",1
"[[(7.88, 8.78), (7.39, 8.29)]]",1
"[[(10.54, 11.44), (6.02, 6.92)]]",0
"[[(1.24, 2.14), (2.68, 3.58)]]",1
"[[(12.14, 13.04), (0.09, 0.99)]]",0
"[[(13.03, 13.93), (4.03, 4.93)]]",0
"[[(9.46, 10.36), (4.06, 4.96)]]",0
"[[(3.89, 4.79), (4.45, 5.35)]]",1
"[[(0.3, 1.2), (1.63, 2.53)]]",1
"[[(1.22, 2.12), (13.44, 14.34)]]",1
"[[(11.87, 12.77), (6.82, 7.72)]]",1
"[[(2.72, 3.62), (13.57, 14.47)]]",1
"[[(13.81, 14.71), (11.25, 12.15)]]",1
"[[(1.47, 2.37), (10.29, 11.19)]]",1
"[[(0.4, 1.3), (6.12, 7.02)]]",1
"[[(12.22, 13.12), (2.2, 3.1)]]",1
"[[(3.46, 4.36), (11.91, 12.81)]]",1
"[[(0.07, 0.97), (9.77, 10.67)]]",0
"[[(7.09, 7.99), (11.42, 12.32)]]",0
"[[(8.35, 9.25), (10.3, 11.2)]]",1
"[[(6.67, 7.57), (7.39, 8.29)]]",1
"[[(13.66, 14.56), (7.39, 8.29)]]",1
"[[(12.09, 12.99), (6.53, 7.43)]]",0
"[[(13.79, 14.69), (12.56, 13.46)]]",1
"[[(6.46, 7.36), (11.08, 11.98)]]",0
"[[(10.82, 11.72), (12.37, 13.27)]]",1
"[[(11.18, 12.08), (9.85, 10.75)]]",1
"[[(13.2, 14.1), (11.13, 12.03)]]",1
"[[(5.79, 6.69), (4.96, 5.86)]]",1
"[[(2.7, 3.6), (1.68, 2.58)]]",1
"[[(3.85, 4.75), (10.04, 10.94)]]",0
"[[(3.14, 4.04), (4.25, 5.15)]]",1
"[[(3.48, 4.38), (0.88, 1.78)]]",1
"[[(3.98, 4.88), (9.89, 10.79)]]",1
"[[(10.93, 11.83), (4.21, 5.11)]]",1
"[[(12.98, 13.88), (8.41, 9.31)]]",1
"[[(5.56, 6.46), (5.91, 6.81)]]",1
"[[(1.45, 2.35), (12.9, 13.8)]]",1
"[[(2.9, 3.8), (6.88, 7.78)]]",1
"[[(0.86, 1.76), (3.51, 4.41)]]",1
"[[(9.49, 10.39), (2.89, 3.79)]]",1
"[[(8.49, 9.39), (2.73, 3.63)]]",1
"[[(6.67, 7.57), (11.69, 12.59)]]",1
"[[(8.72, 9.62), (11.92, 12.82)]]",1
"[[(12.47, 13.37), (2.21, 3.11)]]",1
"[[(12.28, 13.18), (7.94, 8.84)]]",1
"[[(4.59, 5.49), (10.42, 11.32)]]",1
"[[(8.03, 8.93), (11.71, 12.61)]]",0
"[[(5.28, 6.18), (10.22, 11.12)]]",1
"[[(4.5, 5.4), (13.9, 14.8)]]",1
"[[(6.34, 7.24), (12.23, 13.13)]]",1
"[[(8.16, 9.06), (12.19, 13.09)]]",1
"[[(7.94, 8.84), (3.39, 4.29)]]",1
"[[(4.63, 5.53), (8.34, 9.24)]]",1
"[[(13.24, 14.14), (2.07, 2.97)]]",0
"[[(3.59, 4.49), (0.31, 1.21)]]",1
"[[(12.76, 13.66), (8.25, 9.15)]]",1
"[[(10.09, 10.99), (7.31, 8.21)]]",0
"[[(4.64, 5.54), (9.64, 10.54)]]",1
"[[(8.57, 9.47), (2.24, 3.14)]]",1
"[[(3.8, 4.7), (5.47, 6.37)]]",1
"[[(6.85, 7.75), (7.76, 8.66)]]",1
"[[(6.64, 7.54), (6.25, 7.15)]]",1
"[[(10.53, 11.43), (1.84, 2.74)]]",1
"[[(10.31, 11.21), (9.0, 9.9)]]",1
"[[(5.93, 6.83), (9.07, 9.97)]]",0
"[[(13.31, 14.21), (5.93, 6.83)]]",1
"[[(5.04, 5.94), (8.25, 9.15)]]",0
"[[(6.98, 7.88), (1.89, 2.79)]]",1
"[[(9.63, 10.53), (4.97, 5.87)]]",1
"[[(4.59, 5.49), (12.22, 13.12)]]",1
"[[(11.22, 12.12), (6.19, 7.09)]]",1
"[[(8.36, 9.26), (12.67, 13.57)]]",1
"[[(0.69, 1.59), (5.68, 6.58)]]",1
"[[(8.15, 9.05), (7.72, 8.62)]]",1
"[[(13.74, 14.64), (4.38, 5.28)]]",1
"[[(13.95, 14.85), (13.41, 14.31)]]",1
"[[(6.28, 7.18), (3.03, 3.93)]]",0
"[[(6.6, 7.5), (3.69, 4.59)]]",1
"[[(9.75, 10.65), (2.27, 3.17)]]",1
"[[(12.39, 13.29), (8.67, 9.57)]]",1
"[[(1.83, 2.73), (5.23, 6.13)]]",1
"[[(4.61, 5.51), (7.86, 8.76)]]",1
"[[(12.16, 13.06), (11.74, 12.64)]]",1
"[[(0.34, 1.24), (5.32, 6.22)]]",1
"[[(0.14, 1.04), (11.24, 12.14)]]",1
"[[(4.45, 5.35), (6.42, 7.32)]]",1
"[[(10.95, 11.85), (12.87, 13.77)]]",1
"[[(10.31, 11.21), (3.15, 4.05)]]",1
"[[(12.98, 13.88), (2.34, 3.24)]]",1
"[[(13.25, 14.15), (2.9, 3.8)]]",1
"[[(11.8, 12.7), (0.35, 1.25)]]",1
"[[(1.09, 1.99), (3.96, 4.86)]]",0
"[[(11.46, 12.36), (13.03, 13.93)]]",0
"[[(1.02, 1.92), (9.26, 10.16)]]",0
"[[(2.59, 3.49), (8.99, 9.89)]]",1
"[[(0.58, 1.48), (5.84, 6.74)]]",1
"[[(6.76, 7.66), (5.81, 6.71)]]",1
"[[(6.41, 7.31), (2.21, 3.11)]]",1
"[[(1.11, 2.01), (7.9, 8.8)]]",1
"[[(0.93, 1.83), (9.18, 10.08)]]",1
"[[(10.53, 11.43), (5.39, 6.29)]]",1
"[[(13.21, 14.11), (6.19, 7.09)]]",1
"[[(9.27, 10.17), (8.66, 9.56)]]",1
"[[(7.48, 8.38), (8.14, 9.04)]]",1
"[[(7.94, 8.84), (7.3, 8.2)]]",1
"[[(12.04, 12.94), (5.2, 6.1)]]",0
"[[(8.99, 9.89), (0.36, 1.26)]]",1
"[[(5.44, 6.34), (1.76, 2.66)]]",1
"[[(2.01, 2.91), (2.71, 3.61)]]",0
"[[(11.56, 12.46), (9.16, 10.06)]]",1
"[[(10.97, 11.87), (11.13, 12.03)]]",1
"[[(13.88, 14.78), (3.83, 4.73)]]",1
"[[(11.89, 12.79), (7.89, 8.79)]]",1
"[[(11.27, 12.17), (7.79, 8.69)]]",1
"[[(4.55, 5.45), (2.21, 3.11)]]",1
"[[(8.92, 9.82), (3.72, 4.62)]]",1
"[[(4.95, 5.85), (2.72, 3.62)]]",1
"[[(6.7, 7.6), (11.25, 12.15)]]",1
"[[(0.94, 1.84), (2.95, 3.85)]]",1
"[[(2.9, 3.8), (8.15, 9.05)]]",1
"[[(2.5, 3.4), (4.79, 5.69)]]",1
"[[(0.71, 1.61), (2.65, 3.55)]]",1
"[[(3.01, 3.91), (12.73, 13.63)]]",0
"[[(5.91, 6.81), (6.53, 7.43)]]",1
"[[(8.42, 9.32), (0.54, 1.44)]]",1
"[[(7.6, 8.5), (2.5, 3.4)]]",1
"[[(1.33, 2.23), (4.19, 5.09)]]",1
"[[(2.1, 3.0), (8.67, 9.57)]]",1
"[[(8.15, 9.05), (11.87, 12.77)]]",1
"[[(5.17, 6.07), (2.12, 3.02)]]",1
"[[(12.2, 13.1), (12.22, 13.12)]]",1
"[[(12.81, 13.71), (13.97, 14.87)]]",1
"[[(13.12, 14.02), (8.98, 9.88)]]",1
"[[(4.11, 5.01), (12.59, 13.49)]]",1
"[[(3.21, 4.11), (4.94, 5.84)]]",1
"[[(9.99, 10.89), (5.62, 6.52)]]",1
"[[(3.36, 4.26), (5.52, 6.42)]]",1
"[[(5.12, 6.02), (10.37, 11.27)]]",1
"[[(3.28, 4.18), (13.97, 14.87)]]",1
"[[(7.06, 7.96), (0.43, 1.33)]]",0
"[[(7.92, 8.82), (13.87, 14.77)]]",1
"[[(0.6, 1.5), (4.93, 5.83)]]",1
"[[(6.64, 7.54), (0.78, 1.68)]]",1
"[[(6.53, 7.43), (0.77, 1.67)]]",1
"[[(1.49, 2.39), (7.63, 8.53)]]",1
"[[(6.71, 7.61), (7.08, 7.98)]]",0
"[[(4.8, 5.7), (3.34, 4.24)]]",1
"[[(9.63, 10.53), (3.07, 3.97)]]",0
"[[(2.23, 3.13), (2.13, 3.03)]]",1
"[[(10.29, 11.19), (0.16, 1.06)]]",1
"[[(3.11, 4.01), (6.02, 6.92)]]",0
"[[(2.32, 3.22), (1.11, 2.01)]]",1
"[[(6.47, 7.37), (6.75, 7.65)]]",1
"[[(9.72, 10.62), (3.82, 4.72)]]",1
"[[(11.63, 12.53), (11.8, 12.7)]]",1
"[[(2.65, 3.55), (7.44, 8.34)]]",1
"[[(2.94, 3.84), (11.16, 12.06)]]",1
"[[(10.01, 10.91), (7.74, 8.64)]]",0
"[[(10.28, 11.18), (11.7, 12.6)]]",1
"[[(0.01, 0.91), (10.78, 11.68)]]",0
"[[(0.85, 1.75), (11.03, 11.93)]]",0
"[[(13.07, 13.97), (11.0, 11.9)]]",0
"[[(4.22, 5.12), (3.8, 4.7)]]",1
"[[(6.37, 7.27), (4.95, 5.85)]]",1
"[[(7.29, 8.19), (6.87, 7.77)]]",1
"[[(6.32, 7.22), (3.55, 4.45)]]",1
"[[(5.04, 5.94), (8.74, 9.64)]]",0
"[[(3.03, 3.93), (9.42, 10.32)]]",0
"[[(10.67, 11.57), (4.43, 5.33)]]",1
"[[(8.81, 9.71), (9.63, 10.53)]]",1
"[[(2.69, 3.59), (6.42, 7.32)]]",1
"[[(13.51, 14.41), (12.39, 13.29)]]",1
"[[(9.38, 10.28), (5.7, 6.6)]]",1
"[[(8.6, 9.5), (9.09, 9.99)]]",0
"[[(4.18, 5.08), (2.95, 3.85)]]",1
"[[(11.08, 11.98), (0.55, 1.45)]]",0
"[[(13.97, 14.87), (4.18, 5.08)]]",1
"[[(8.63, 9.53), (6.78, 7.68)]]",1
"[[(9.37, 10.27), (1.46, 2.36)]]",1
"[[(5.24, 6.14), (13.34, 14.24)]]",1
"[[(6.05, 6.95), (12.19, 13.09)]]",0
"[[(11.53, 12.43), (13.31, 14.21)]]",1
"[[(12.8, 13.7), (1.73, 2.63)]]",1
"[[(8.11, 9.01), (10.43, 11.33)]]",1
"[[(13.1, 14.0), (7.31, 8.21)]]",1
"[[(7.68, 8.58), (0.58, 1.48)]]",1
"[[(7.0, 7.9), (13.48, 14.38)]]",1
"[[(5.55, 6.45), (10.72, 11.62)]]",1
"[[(5.09, 5.99), (8.55, 9.45)]]",0
"[[(5.78, 6.68), (7.55, 8.45)]]",1
"[[(0.03, 0.93), (11.89, 12.79)]]",0
"[[(8.54, 9.44), (9.46, 10.36)]]",1
"[[(10.49, 11.39), (2.9, 3.8)]]",1
"[[(3.96, 4.86), (8.57, 9.47)]]",1
"[[(12.01, 12.91), (0.47, 1.37)]]",0
"[[(4.74, 5.64), (11.54, 12.44)]]",1
"[[(4.19, 5.09), (1.89, 2.79)]]",1
"[[(3.7, 4.6), (7.89, 8.79)]]",1
"[[(11.66, 12.56), (7.72, 8.62)]]",1
"[[(8.89, 9.79), (13.84, 14.74)]]",1
"[[(3.83, 4.73), (2.2, 3.1)]]",1
"[[(7.8, 8.7), (2.79, 3.69)]]",1
"[[(13.6, 14.5), (13.75, 14.65)]]",1
"[[(11.19, 12.09), (4.91, 5.81)]]",1
"[[(5.91, 6.81), (11.34, 12.24)]]",1
"[[(6.19, 7.09), (3.05, 3.95)]]",0
"[[(12.91, 13.81), (5.6, 6.5)]]",1
"[[(6.42, 7.32), (13.43, 14.33)]]",1
"[[(5.92, 6.82), (11.22, 12.12)]]",1
"[[(7.64, 8.54), (2.73, 3.63)]]",1
"[[(2.11, 3.01), (12.76, 13.66)]]",1
"[[(9.86, 10.76), (1.51, 2.41)]]",1
"[[(10.46, 11.36), (5.63, 6.53)]]",1
"[[(1.17, 2.07), (5.67, 6.57)]]",1
"[[(4.19, 5.09), (0.52, 1.42)]]",1
"[[(1.95, 2.85), (10.85, 11.75)]]",1
"[[(4.1, 5.0), (6.72, 7.62)]]",1
"[[(5.47, 6.37), (5.12, 6.02)]]",1
"[[(12.36, 13.26), (7.05, 7.95)]]",0
"[[(11.57, 12.47), (11.01, 11.91)]]",0
"[[(12.27, 13.17), (10.08, 10.98)]]",0
"[[(9.77, 10.67), (0.17, 1.07)]]",1
"[[(4.16, 5.06), (13.72, 14.62)]]",1
"[[(13.37, 14.27), (7.89, 8.79)]]",1
"[[(7.61, 8.51), (12.15, 13.05)]]",1
"[[(2.42, 3.32), (3.67, 4.57)]]",1
"[[(3.1, 4.0), (9.29, 10.19)]]",1
"[[(11.74, 12.64), (6.75, 7.65)]]",1
"[[(8.72, 9.62), (1.83, 2.73)]]",1
"[[(12.24, 13.14), (9.03, 9.93)]]",0
"[[(8.37, 9.27), (11.84, 12.74)]]",1
"[[(7.86, 8.76), (0.56, 1.46)]]",1
"[[(11.04, 11.94), (5.87, 6.77)]]",0
"[[(3.05, 3.95), (13.91, 14.81)]]",0
"[[(10.88, 11.78), (10.29, 11.19)]]",1
"[[(1.78, 2.68), (2.37, 3.27)]]",1
"[[(11.38, 12.28), (7.02, 7.92)]]",0
"[[(11.7, 12.6), (4.95, 5.85)]]",1
"[[(0.98, 1.88), (3.01, 3.91)]]",0
"[[(8.36, 9.26), (5.22, 6.12)]]",1
"[[(7.68, 8.58), (0.92, 1.82)]]",1
"[[(4.7, 5.6), (13.42, 14.32)]]",1
"[[(3.59, 4.49), (9.73, 10.63)]]",1
"[[(10.06, 10.96), (10.11, 11.01)]]",0
"[[(0.61, 1.51), (0.28, 1.18)]]",1
"[[(9.35, 10.25), (7.83, 8.73)]]",1
"[[(2.17, 3.07), (1.6, 2.5)]]",1
"[[(0.85, 1.75), (0.81, 1.71)]]",1
"[[(13.2, 14.1), (12.57, 13.47)]]",1
"[[(8.93, 9.83), (12.15, 13.05)]]",1
"[[(9.58, 10.48), (12.0, 12.9)]]",1
"[[(6.41, 7.31), (4.62, 5.52)]]",1
"[[(7.51, 8.41), (0.9, 1.8)]]",1
"[[(13.1, 14.0), (3.64, 4.54)]]",1
"[[(7.27, 8.17), (9.14, 10.04)]]",1
"[[(0.08, 0.98), (7.31, 8.21)]]",0
"[[(13.37, 14.27), (4.83, 5.73)]]",1
"[[(4.42, 5.32), (6.02, 6.92)]]",0
"[[(7.99, 8.89), (9.14, 10.04)]]",1
"[[(2.94, 3.84), (8.19, 9.09)]]",1
"[[(12.48, 13.38), (1.47, 2.37)]]",1
"[[(13.84, 14.74), (3.13, 4.03)]]",1
"[[(11.96, 12.86), (4.5, 5.4)]]",1
"[[(7.62, 8.52), (9.83, 10.73)]]",1
"[[(2.14, 3.04), (5.45, 6.35)]]",1
"[[(10.38, 11.28), (5.01, 5.91)]]",0
"[[(4.76, 5.66), (3.62, 4.52)]]",1
"[[(8.2, 9.1), (11.37, 12.27)]]",1
"[[(6.66, 7.56), (13.91, 14.81)]]",1
"[[(12.07, 12.97), (12.86, 13.76)]]",0
"[[(13.88, 14.78), (3.78, 4.68)]]",1
"[[(10.62, 11.52), (8.24, 9.14)]]",1
"[[(8.73, 9.63), (10.72, 11.62)]]",1
"[[(9.24, 10.14), (2.5, 3.4)]]",1
"[[(1.36, 2.26), (0.04, 0.94)]]",0
"[[(8.07, 8.97), (12.31, 13.21)]]",0
"[[(11.42, 12.32), (8.53, 9.43)]]",1
"[[(6.94, 7.84), (6.89, 7.79)]]",1
"[[(1.36, 2.26), (12.36, 13.26)]]",1
"[[(6.54, 7.44), (12.87, 13.77)]]",1
"[[(5.71, 6.61), (5.64, 6.54)]]",1
"[[(8.52, 9.42), (4.08, 4.98)]]",0
"[[(12.24, 13.14), (13.45, 14.35)]]",1
"[[(13.11, 14.01), (13.29, 14.19)]]",1
"[[(6.79, 7.69), (13.93, 14.83)]]",1
"[[(6.81, 7.71), (10.11, 11.01)]]",1
"[[(14.0, 14.9), (4.93, 5.83)]]",1
"[[(5.74, 6.64), (0.89, 1.79)]]",1
"[[(0.86, 1.76), (0.38, 1.28)]]",1
"[[(8.17, 9.07), (6.48, 7.38)]]",1
"[[(11.9, 12.8), (3.7, 4.6)]]",1
"[[(10.89, 11.79), (6.95, 7.85)]]",1
"[[(7.0, 7.9), (9.27, 10.17)]]",1
"[[(11.87, 12.77), (5.46, 6.36)]]",1
"[[(6.55, 7.45), (11.53, 12.43)]]",1
"[[(3.65, 4.55), (1.32, 2.22)]]",1
"[[(3.57, 4.47), (12.49, 13.39)]]",1
"[[(5.37, 6.27), (5.1, 6.0)]]",1
"[[(0.51, 1.41), (7.03, 7.93)]]",0
"[[(5.41, 6.31), (11.99, 12.89)]]",1
"[[(5.93, 6.83), (0.92, 1.82)]]",1
"[[(4.12, 5.02), (11.36, 12.26)]]",1
"[[(10.12, 11.02), (12.24, 13.14)]]",1
"[[(9.09, 9.99), (9.24, 10.14)]]",0
"[[(9.48, 10.38), (5.13, 6.03)]]",1
"[[(10.18, 11.08), (4.02, 4.92)]]",0
"[[(13.04, 13.94), (7.7, 8.6)]]",0
"[[(2.38, 3.28), (2.7, 3.6)]]",1
"[[(3.2, 4.1), (2.21, 3.11)]]",1
"[[(0.13, 1.03), (3.05, 3.95)]]",0
"[[(1.69, 2.59), (2.95, 3.85)]]",1
"[[(1.22, 2.12), (12.24, 13.14)]]",1
"[[(12.33, 13.23), (12.54, 13.44)]]",1
"[[(2.21, 3.11), (6.91, 7.81)]]",1
"[[(9.88, 10.78), (5.77, 6.67)]]",1
"[[(8.02, 8.92), (3.41, 4.31)]]",0
"[[(5.18, 6.08), (8.85, 9.75)]]",1
"[[(4.88, 5.78), (10.04, 10.94)]]",0
"[[(2.81, 3.71), (6.28, 7.18)]]",1
"[[(7.62, 8.52), (4.32, 5.22)]]",1
"[[(13.7, 14.6), (2.41, 3.31)]]",1
"[[(8.06, 8.96), (2.04, 2.94)]]",0
"[[(7.44, 8.34), (7.45, 8.35)]]",1
"[[(5.13, 6.03), (4.94, 5.84)]]",1
"[[(12.0, 12.9), (11.97, 12.87)]]",1
"[[(12.36, 13.26), (11.97, 12.87)]]",1
"[[(9.05, 9.95), (4.98, 5.88)]]",0
"[[(0.22, 1.12), (0.7, 1.6)]]",1
"[[(6.8, 7.7), (5.44, 6.34)]]",1
"[[(9.4, 10.3), (9.98, 10.88)]]",1
"[[(11.48, 12.38), (4.55, 5.45)]]",1
"[[(4.93, 5.83), (0.68, 1.58)]]",1
"[[(13.48, 14.38), (5.47, 6.37)]]",1
"[[(8.59, 9.49), (12.03, 12.93)]]",0
"[[(10.33, 11.23), (11.63, 12.53)]]",1
"[[(6.27, 7.17), (5.08, 5.98)]]",0
"[[(8.37, 9.27), (1.89, 2.79)]]",1
"[[(10.94, 11.84), (4.5, 5.4)]]",1
"[[(8.71, 9.61), (6.65, 7.55)]]",1
"[[(4.71, 5.61), (2.51, 3.41)]]",1
"[[(0.27, 1.17), (3.09, 3.99)]]",0
"[[(2.06, 2.96), (8.57, 9.47)]]",0
"[[(4.53, 5.43), (1.85, 2.75)]]",1
"[[(1.77, 2.67), (6.48, 7.38)]]",1
"[[(1.53, 2.43), (5.93, 6.83)]]",1
"[[(8.49, 9.39), (13.54, 14.44)]]",1
"[[(2.69, 3.59), (7.6, 8.5)]]",1
"[[(14.07, 14.97), (13.75, 14.65)]]",0
"[[(1.58, 2.48), (4.44, 5.34)]]",1
"[[(1.73, 2.63), (13.16, 14.06)]]",1
"[[(7.51, 8.41), (3.67, 4.57)]]",1
"[[(10.55, 11.45), (0.7, 1.6)]]",1
"[[(3.5, 4.4), (6.57, 7.47)]]",1
"[[(1.52, 2.42), (3.05, 3.95)]]",0
"[[(6.04, 6.94), (4.59, 5.49)]]",0
"[[(6.1, 7.0), (2.94, 3.84)]]",1
"[[(7.75, 8.65), (1.31, 2.21)]]",1
"[[(1.84, 2.74), (6.2, 7.1)]]",1
"[[(6.8, 7.7), (4.68, 5.58)]]",1
"[[(7.81, 8.71), (4.18, 5.08)]]",1
"[[(2.2, 3.1), (8.57, 9.47)]]",1
"[[(2.4, 3.3), (9.65, 10.55)]]",1
"[[(9.08, 9.98), (5.8, 6.7)]]",0
"[[(9.52, 10.42), (13.11, 14.01)]]",1
"[[(6.69, 7.59), (2.15, 3.05)]]",1
"[[(2.19, 3.09), (11.47, 12.37)]]",1
"[[(1.09, 1.99), (8.26, 9.16)]]",0
"[[(12.63, 13.53), (11.88, 12.78)]]",1
"[[(0.85, 1.75), (0.78, 1.68)]]",1
"[[(0.17, 1.07), (4.71, 5.61)]]",1
"[[(12.31, 13.21), (2.12, 3.02)]]",1
"[[(1.67, 2.57), (10.12, 11.02)]]",1
"[[(5.91, 6.81), (1.57, 2.47)]]",1
"[[(12.19, 13.09), (0.29, 1.19)]]",1
"[[(4.07, 4.97), (10.15, 11.05)]]",0
"[[(8.71, 9.61), (10.93, 11.83)]]",1
"[[(11.48, 12.38), (0.63, 1.53)]]",1
"[[(8.67, 9.57), (10.7, 11.6)]]",1
"[[(11.72, 12.62), (7.21, 8.11)]]",1
"[[(4.6, 5.5), (11.17, 12.07)]]",1
"[[(3.06, 3.96), (1.47, 2.37)]]",0
"[[(8.69, 9.59), (8.16, 9.06)]]",1
"[[(12.12, 13.02), (2.82, 3.72)]]",1
"[[(6.39, 7.29), (5.96, 6.86)]]",1
"[[(7.91, 8.81), (5.94, 6.84)]]",1
"[[(8.54, 9.44), (13.41, 14.31)]]",1
"[[(12.58, 13.48), (6.64, 7.54)]]",1
"[[(0.08, 0.98), (11.61, 12.51)]]",0
"[[(7.32, 8.22), (12.58, 13.48)]]",1
"[[(9.26, 10.16), (8.56, 9.46)]]",1
"[[(0.2, 1.1), (12.42, 13.32)]]",1
"[[(10.31, 11.21), (2.35, 3.25)]]",1
"[[(8.5, 9.4), (3.87, 4.77)]]",1
"[[(9.89, 10.79), (4.91, 5.81)]]",1
"[[(6.98, 7.88), (7.35, 8.25)]]",1
"[[(0.33, 1.23), (7.54, 8.44)]]",1
"[[(9.9, 10.8), (1.97, 2.87)]]",1
"[[(11.12, 12.02), (13.04, 13.94)]]",0
"[[(10.75, 11.65), (8.82, 9.72)]]",1
"[[(7.7, 8.6), (3.35, 4.25)]]",1
"[[(8.27, 9.17), (5.92, 6.82)]]",1
"[[(9.35, 10.25), (1.63, 2.53)]]",1
"[[(12.26, 13.16), (6.06, 6.96)]]",0
"[[(7.3, 8.2), (9.36, 10.26)]]",1
"[[(8.44, 9.34), (1.08, 1.98)]]",0
"[[(8.02, 8.92), (0.25, 1.15)]]",0
"[[(8.59, 9.49), (2.69, 3.59)]]",1
"[[(0.33, 1.23), (4.72, 5.62)]]",1
"[[(12.29, 13.19), (6.48, 7.38)]]",1
"[[(0.18, 1.08), (8.44, 9.34)]]",1
"[[(0.59, 1.49), (10.73, 11.63)]]",1
"[[(9.8, 10.7), (1.28, 2.18)]]",1
"[[(8.06, 8.96), (2.56, 3.46)]]",0
"[[(0.27, 1.17), (6.49, 7.39)]]",1
"[[(12.83, 13.73), (5.43, 6.33)]]",1
"[[(11.15, 12.05), (7.09, 7.99)]]",0
"[[(6.97, 7.87), (1.37, 2.27)]]",1
"[[(4.92, 5.82), (6.01, 6.91)]]",0
"[[(7.28, 8.18), (1.71, 2.61)]]",1
"[[(6.21, 7.11), (11.34, 12.24)]]",1
"[[(12.8, 13.7), (13.26, 14.16)]]",1
"[[(13.3, 14.2), (3.29, 4.19)]]",1
"[[(7.09, 7.99), (3.87, 4.77)]]",0
"[[(13.42, 14.32), (12.34, 13.24)]]",1
"[[(6.4, 7.3), (9.55, 10.45)]]",1
"[[(13.82, 14.72), (10.08, 10.98)]]",0
"[[(9.61, 10.51), (7.73, 8.63)]]",1
"[[(5.71, 6.61), (4.24, 5.14)]]",1
"[[(2.46, 3.36), (1.49, 2.39)]]",1
"[[(5.82, 6.72), (9.46, 10.36)]]",1
"[[(9.38, 10.28), (8.56, 9.46)]]",1
"[[(1.25, 2.15), (10.53, 11.43)]]",1
"[[(10.66, 11.56), (0.42, 1.32)]]",1
"[[(12.55, 13.45), (7.09, 7.99)]]",0
"[[(13.57, 14.47), (1.51, 2.41)]]",1
"[[(9.71, 10.61), (10.28, 11.18)]]",1
"[[(7.39, 8.29), (10.17, 11.07)]]",1
"[[(12.95, 13.85), (7.56, 8.46)]]",1
"[[(4.11, 5.01), (4.78, 5.68)]]",1
"[[(3.97, 4.87), (5.19, 6.09)]]",1
"[[(6.64, 7.54), (9.66, 10.56)]]",1
"[[(13.69, 14.59), (10.05, 10.95)]]",0
"[[(1.28, 2.18), (5.85, 6.75)]]",1
"[[(6.25, 7.15), (3.91, 4.81)]]",1
"[[(10.93, 11.83), (4.15, 5.05)]]",1
"[[(6.18, 7.08), (11.76, 12.66)]]",1
"[[(12.61, 13.51), (13.76, 14.66)]]",1
"[[(1.45, 2.35), (1.26, 2.16)]]",1
"[[(13.61, 14.51), (13.22, 14.12)]]",1
"[[(0.85, 1.75), (10.19, 11.09)]]",1
"[[(12.8, 13.7), (2.13, 3.03)]]",1
"[[(8.31, 9.21), (7.8, 8.7)]]",1
"[[(13.08, 13.98), (1.8, 2.7)]]",0
"[[(12.21, 13.11), (7.24, 8.14)]]",1
"[[(4.99, 5.89), (8.64, 9.54)]]",1
"[[(9.44, 10.34), (5.1, 6.0)]]",1
"[[(7.76, 8.66), (6.0, 6.9)]]",1
"[[(5.62, 6.52), (8.99, 9.89)]]",1
"[[(1.84, 2.74), (12.56, 13.46)]]",1
"[[(12.28, 13.18), (6.7, 7.6)]]",1
"[[(8.45, 9.35), (3.99, 4.89)]]",1
"[[(3.14, 4.04), (2.55, 3.45)]]",1
"[[(9.4, 10.3), (3.2, 4.1)]]",1
"[[(3.74, 4.64), (5.0, 5.9)]]",1
"[[(9.1, 10.0), (7.95, 8.85)]]",1
"[[(9.2, 10.1), (7.49, 8.39)]]",1
"[[(3.1, 4.0), (8.39, 9.29)]]",1
"[[(4.33, 5.23), (6.28, 7.18)]]",1
"[[(0.78, 1.68), (7.99, 8.89)]]",1
"[[(2.73, 3.63), (10.27, 11.17)]]",1
"[[(5.74, 6.64), (1.19, 2.09)]]",1
"[[(12.21, 13.11), (1.95, 2.85)]]",1
"[[(11.22, 12.12), (12.08, 12.98)]]",0
"[[(6.28, 7.18), (10.46, 11.36)]]",1
"[[(13.12, 14.02), (0.8, 1.7)]]",1
"[[(8.95, 9.85), (5.97, 6.87)]]",1
"[[(1.89, 2.79), (4.75, 5.65)]]",1
"[[(3.42, 4.32), (1.38, 2.28)]]",1
"[[(3.91, 4.81), (3.12, 4.02)]]",1
"[[(1.53, 2.43), (7.84, 8.74)]]",1
"[[(11.77, 12.67), (1.32, 2.22)]]",1
"[[(3.83, 4.73), (7.58, 8.48)]]",1
"[[(1.69, 2.59), (4.37, 5.27)]]",1
"[[(5.37, 6.27), (7.14, 8.04)]]",1
"[[(0.64, 1.54), (8.42, 9.32)]]",1
"[[(5.99, 6.89), (6.92, 7.82)]]",1
"[[(10.58, 11.48), (1.95, 2.85)]]",1
"[[(2.89, 3.79), (13.35, 14.25)]]",1
"[[(9.45, 10.35), (10.22, 11.12)]]",1
"[[(5.01, 5.91), (9.37, 10.27)]]",0
"[[(11.16, 12.06), (4.35, 5.25)]]",1
"[[(2.78, 3.68), (3.26, 4.16)]]",1
"[[(4.02, 4.92), (11.15, 12.05)]]",0
"[[(12.13, 13.03), (2.81, 3.71)]]",1
"[[(10.14, 11.04), (10.46, 11.36)]]",1
"[[(9.27, 10.17), (13.28, 14.18)]]",1
"[[(5.48, 6.38), (0.91, 1.81)]]",1
"[[(7.28, 8.18), (4.08, 4.98)]]",0
"[[(2.63, 3.53), (14.09, 14.99)]]",0
"[[(12.11, 13.01), (8.12, 9.02)]]",1
"[[(9.67, 10.57), (9.95, 10.85)]]",1
"[[(9.42, 10.32), (7.97, 8.87)]]",1
"[[(0.29, 1.19), (12.49, 13.39)]]",1
"[[(1.3, 2.2), (8.2, 9.1)]]",1
"[[(9.67, 10.57), (0.5, 1.4)]]",1
"[[(10.93, 11.83), (13.7, 14.6)]]",1
"[[(1.17, 2.07), (1.64, 2.54)]]",1
"[[(10.08, 10.98), (4.34, 5.24)]]",0
"[[(7.74, 8.64), (1.13, 2.03)]]",1
"[[(7.17, 8.07), (10.56, 11.46)]]",1
"[[(6.33, 7.23), (9.36, 10.26)]]",1
"[[(2.7, 3.6), (5.81, 6.71)]]",1
"[[(2.47, 3.37), (6.58, 7.48)]]",1
"[[(2.26, 3.16), (10.31, 11.21)]]",1
"[[(1.54, 2.44), (3.57, 4.47)]]",1
"[[(3.37, 4.27), (7.22, 8.12)]]",1
"[[(11.13, 12.03), (12.61, 13.51)]]",1
"[[(8.9, 9.8), (11.19, 12.09)]]",1
"[[(5.35, 6.25), (3.18, 4.08)]]",1
"[[(2.26, 3.16), (1.11, 2.01)]]",1
"[[(8.91, 9.81), (2.81, 3.71)]]",1
"[[(8.52, 9.42), (11.47, 12.37)]]",1
"[[(5.14, 6.04), (2.74, 3.64)]]",1
"[[(8.02, 8.92), (1.44, 2.34)]]",0
"[[(11.71, 12.61), (0.25, 1.15)]]",1
"[[(7.1, 8.0), (4.98, 5.88)]]",1
"[[(3.48, 4.38), (10.35, 11.25)]]",1
"[[(13.15, 14.05), (0.24, 1.14)]]",1
"[[(5.55, 6.45), (6.84, 7.74)]]",1
"[[(6.65, 7.55), (9.25, 10.15)]]",1
"[[(8.45, 9.35), (0.49, 1.39)]]",1
"[[(10.84, 11.74), (6.19, 7.09)]]",1
"[[(13.44, 14.34), (10.07, 10.97)]]",0
"[[(2.38, 3.28), (4.3, 5.2)]]",1
"[[(2.87, 3.77), (13.46, 14.36)]]",1
"[[(4.33, 5.23), (2.56, 3.46)]]",1
"[[(11.49, 12.39), (8.83, 9.73)]]",1
"[[(6.78, 7.68), (10.53, 11.43)]]",1
"[[(3.6, 4.5), (11.93, 12.83)]]",1
"[[(8.43, 9.33), (13.67, 14.57)]]",1
"[[(12.14, 13.04), (8.27, 9.17)]]",1
"[[(8.64, 9.54), (5.28, 6.18)]]",1
"[[(9.12, 10.02), (13.93, 14.83)]]",1
"[[(10.73, 11.63), (5.76, 6.66)]]",1
"[[(1.93, 2.83), (0.28, 1.18)]]",1
"[[(1.53, 2.43), (4.14, 5.04)]]",1
"[[(2.66, 3.56), (4.69, 5.59)]]",1
"[[(2.99, 3.89), (5.01, 5.91)]]",0
"[[(0.4, 1.3), (11.85, 12.75)]]",1
"[[(1.42, 2.32), (2.67, 3.57)]]",1
"[[(13.12, 14.02), (13.88, 14.78)]]",1
"[[(10.73, 11.63), (9.98, 10.88)]]",1
"[[(5.03, 5.93), (8.95, 9.85)]]",0
"[[(14.0, 14.9), (8.27, 9.17)]]",1
"[[(12.06, 12.96), (13.14, 14.04)]]",0
"[[(5.41, 6.31), (7.96, 8.86)]]",1
"[[(10.87, 11.77), (4.33, 5.23)]]",1
"[[(13.92, 14.82), (10.05, 10.95)]]",0
"[[(5.98, 6.88), (1.98, 2.88)]]",1
"[[(8.26, 9.16), (14.1, 15.0)]]",1
"[[(10.36, 11.26), (6.39, 7.29)]]",1
"[[(5.46, 6.36), (0.19, 1.09)]]",1
"[[(2.02, 2.92), (12.21, 13.11)]]",0
"[[(4.83, 5.73), (1.73, 2.63)]]",1
"[[(4.69, 5.59), (12.82, 13.72)]]",1
"[[(6.08, 6.98), (11.69, 12.59)]]",0
"[[(5.0, 5.9), (5.32, 6.22)]]",1
"[[(0.98, 1.88), (12.33, 13.23)]]",1
"[[(3.94, 4.84), (11.13, 12.03)]]",1
"[[(6.95, 7.85), (7.34, 8.24)]]",1
"[[(2.18, 3.08), (11.52, 12.42)]]",1
"[[(2.69, 3.59), (7.59, 8.49)]]",1
"[[(7.91, 8.81), (4.28, 5.18)]]",1
"[[(9.26, 10.16), (1.14, 2.04)]]",1
"[[(8.27, 9.17), (9.69, 10.59)]]",1
"[[(2.11, 3.01), (6.19, 7.09)]]",1
"[[(8.04, 8.94), (1.73, 2.63)]]",0
"[[(11.0, 11.9), (8.44, 9.34)]]",1
"[[(4.79, 5.69), (2.29, 3.19)]]",1
"[[(4.15, 5.05), (8.74, 9.64)]]",1
"[[(0.8, 1.7), (11.59, 12.49)]]",1
"[[(12.79, 13.69), (9.29, 10.19)]]",1
"[[(12.67, 13.57), (10.79, 11.69)]]",1
"[[(12.34, 13.24), (0.94, 1.84)]]",1
"[[(2.57, 3.47), (3.7, 4.6)]]",1
"[[(12.12, 13.02), (3.14, 4.04)]]",1
"[[(0.88, 1.78), (12.33, 13.23)]]",1
"[[(10.23, 11.13), (5.62, 6.52)]]",1
"[[(7.56, 8.46), (10.84, 11.74)]]",1
"[[(2.12, 3.02), (9.57, 10.47)]]",1
"[[(7.67, 8.57), (0.41, 1.31)]]",1
"[[(8.48, 9.38), (1.85, 2.75)]]",1
"[[(7.37, 8.27), (1.29, 2.19)]]",1
"[[(4.66, 5.56), (10.69, 11.59)]]",1
"[[(8.21, 9.11), (5.24, 6.14)]]",1
"[[(8.19, 9.09), (11.74, 12.64)]]",1
"[[(5.96, 6.86), (6.45, 7.35)]]",1
"[[(8.59, 9.49), (6.34, 7.24)]]",1
"[[(12.83, 13.73), (1.04, 1.94)]]",0
"[[(9.9, 10.8), (13.25, 14.15)]]",1
"[[(11.21, 12.11), (1.52, 2.42)]]",1
"[[(5.45, 6.35), (5.9, 6.8)]]",1
"[[(1.78, 2.68), (11.66, 12.56)]]",1
"[[(1.14, 2.04), (4.53, 5.43)]]",1
"[[(10.91, 11.81), (6.49, 7.39)]]",1
"[[(1.17, 2.07), (10.34, 11.24)]]",1
"[[(2.78, 3.68), (3.23, 4.13)]]",1
"[[(9.92, 10.82), (10.54, 11.44)]]",1
"[[(5.68, 6.58), (0.68, 1.58)]]",1
"[[(11.85, 12.75), (4.1, 5.0)]]",1
"[[(3.18, 4.08), (1.86, 2.76)]]",1
"[[(2.2, 3.1), (9.26, 10.16)]]",1
"[[(7.98, 8.88), (2.14, 3.04)]]",1
"[[(3.95, 4.85), (13.77, 14.67)]]",1
"[[(8.84, 9.74), (10.32, 11.22)]]",1
"[[(1.53, 2.43), (7.99, 8.89)]]",1
"[[(13.15, 14.05), (2.17, 3.07)]]",1
"[[(8.17, 9.07), (13.23, 14.13)]]",1
"[[(3.54, 4.44), (13.47, 14.37)]]",1
"[[(2.69, 3.59), (4.59, 5.49)]]",1
"[[(1.88, 2.78), (5.25, 6.15)]]",1
"[[(7.85, 8.75), (9.87, 10.77)]]",1
"[[(2.65, 3.55), (8.28, 9.18)]]",1
"[[(11.88, 12.78), (8.32, 9.22)]]",1
"[[(10.98, 11.88), (5.03, 5.93)]]",0
"[[(2.36, 3.26), (10.21, 11.11)]]",1
"[[(2.29, 3.19), (10.81, 11.71)]]",1
"[[(7.52, 8.42), (4.31, 5.21)]]",1
"[[(11.38, 12.28), (10.99, 11.89)]]",1
"[[(10.15, 11.05), (10.14, 11.04)]]",1
"[[(7.79, 8.69), (12.0, 12.9)]]",1
"[[(4.2, 5.1), (4.85, 5.75)]]",1
"[[(3.87, 4.77), (11.77, 12.67)]]",1
"[[(7.76, 8.66), (3.95, 4.85)]]",1
"[[(10.22, 11.12), (2.5, 3.4)]]",1
"[[(12.61, 13.51), (12.39, 13.29)]]",1
"[[(10.83, 11.73), (11.62, 12.52)]]",1
"[[(8.84, 9.74), (7.32, 8.22)]]",1
"[[(8.02, 8.92), (11.32, 12.22)]]",0
"[[(12.5, 13.4), (0.45, 1.35)]]",1
"[[(5.6, 6.5), (11.51, 12.41)]]",1
"[[(11.47, 12.37), (10.24, 11.14)]]",1
"[[(2.03, 2.93), (0.71, 1.61)]]",0
"[[(1.41, 2.31), (2.84, 3.74)]]",1
"[[(0.19, 1.09), (6.31, 7.21)]]",1
"[[(8.49, 9.39), (5.29, 6.19)]]",1
"[[(8.66, 9.56), (8.84, 9.74)]]",1
"[[(14.04, 14.94), (4.68, 5.58)]]",0
"[[(2.95, 3.85), (6.17, 7.07)]]",1
"[[(12.78, 13.68), (13.28, 14.18)]]",1
"[[(0.89, 1.79), (2.79, 3.69)]]",1
"[[(12.07, 12.97), (12.13, 13.03)]]",0
"[[(8.64, 9.54), (1.28, 2.18)]]",1
"[[(8.41, 9.31), (6.89, 7.79)]]",1
"[[(12.81, 13.71), (4.07, 4.97)]]",0
"[[(3.0, 3.9), (8.31, 9.21)]]",1
"[[(13.24, 14.14), (4.51, 5.41)]]",1
"[[(6.5, 7.4), (10.59, 11.49)]]",1
"[[(9.97, 10.87), (4.28, 5.18)]]",1
"[[(12.15, 13.05), (1.74, 2.64)]]",1
"[[(5.53, 6.43), (3.99, 4.89)]]",1
"[[(12.01, 12.91), (2.07, 2.97)]]",0
"[[(2.64, 3.54), (7.99, 8.89)]]",1
"[[(7.43, 8.33), (3.74, 4.64)]]",1
"[[(7.11, 8.01), (11.42, 12.32)]]",1
"[[(11.43, 12.33), (9.59, 10.49)]]",1
"[[(6.35, 7.25), (5.4, 6.3)]]",1
"[[(1.27, 2.17), (0.91, 1.81)]]",1
"[[(0.44, 1.34), (12.73, 13.63)]]",1
"[[(5.57, 6.47), (6.77, 7.67)]]",1
"[[(8.89, 9.79), (0.85, 1.75)]]",1
"[[(12.23, 13.13), (1.33, 2.23)]]",1
"[[(13.32, 14.22), (9.64, 10.54)]]",1
"[[(6.38, 7.28), (5.97, 6.87)]]",1
"[[(2.36, 3.26), (9.98, 10.88)]]",1
"[[(11.98, 12.88), (9.89, 10.79)]]",1
"[[(11.38, 12.28), (7.56, 8.46)]]",1
"[[(3.59, 4.49), (0.0, 0.9)]]",1
"[[(7.44, 8.34), (4.34, 5.24)]]",1
"[[(4.75, 5.65), (12.94, 13.84)]]",1
"[[(11.52, 12.42), (8.38, 9.28)]]",1
"[[(3.24, 4.14), (6.78, 7.68)]]",1
"[[(11.14, 12.04), (9.55, 10.45)]]",1
"[[(7.32, 8.22), (9.75, 10.65)]]",1
"[[(5.84, 6.74), (6.18, 7.08)]]",1
"[[(5.68, 6.58), (7.35, 8.25)]]",1
"[[(14.06, 14.96), (1.28, 2.18)]]",0
"[[(2.65, 3.55), (10.28, 11.18)]]",1
"[[(0.21, 1.11), (4.86, 5.76)]]",1
"[[(3.67, 4.57), (12.33, 13.23)]]",1
"[[(13.7, 14.6), (8.33, 9.23)]]",1
"[[(1.37, 2.27), (8.72, 9.62)]]",1
"[[(8.57, 9.47), (9.21, 10.11)]]",1
"[[(12.31, 13.21), (5.38, 6.28)]]",1
"[[(13.97, 14.87), (7.97, 8.87)]]",1
"[[(11.47, 12.37), (0.63, 1.53)]]",1
"[[(7.32, 8.22), (10.16, 11.06)]]",1
"[[(0.47, 1.37), (5.5, 6.4)]]",1
"[[(9.23, 10.13), (6.54, 7.44)]]",1
"[[(9.27, 10.17), (3.22, 4.12)]]",1
"[[(9.7, 10.6), (10.94, 11.84)]]",1
"[[(1.61, 2.51), (10.47, 11.37)]]",1
"[[(8.27, 9.17), (4.35, 5.25)]]",1
"[[(5.05, 5.95), (5.27, 6.17)]]",0
"[[(12.8, 13.7), (3.32, 4.22)]]",1
"[[(8.25, 9.15), (0.09, 0.99)]]",0
"[[(0.54, 1.44), (3.75, 4.65)]]",1
"[[(12.07, 12.97), (5.9, 6.8)]]",0
"[[(5.81, 6.71), (3.47, 4.37)]]",1
"[[(11.99, 12.89), (8.49, 9.39)]]",1
"[[(1.01, 1.91), (2.12, 3.02)]]",0
"[[(4.62, 5.52), (9.15, 10.05)]]",1
"[[(3.83, 4.73), (10.61, 11.51)]]",1
"[[(4.4, 5.3), (1.52, 2.42)]]",1
"[[(9.56, 10.46), (4.94, 5.84)]]",1
"[[(12.05, 12.95), (0.69, 1.59)]]",0
"[[(0.73, 1.63), (13.2, 14.1)]]",1
"[[(9.37, 10.27), (7.05, 7.95)]]",0
"[[(2.11, 3.01), (7.16, 8.06)]]",1
"[[(7.27, 8.17), (13.28, 14.18)]]",1
"[[(2.89, 3.79), (2.13, 3.03)]]",1
"[[(10.36, 11.26), (5.39, 6.29)]]",1
"[[(3.62, 4.52), (0.22, 1.12)]]",1
"[[(6.38, 7.28), (3.5, 4.4)]]",1
"[[(8.64, 9.54), (4.38, 5.28)]]",1
"[[(2.86, 3.76), (8.0, 8.9)]]",1
"[[(12.64, 13.54), (8.73, 9.63)]]",1
"[[(9.24, 10.14), (10.8, 11.7)]]",1
"[[(11.17, 12.07), (1.01, 1.91)]]",0
"[[(7.17, 8.07), (13.16, 14.06)]]",1
"[[(5.54, 6.44), (8.7, 9.6)]]",1
"[[(8.89, 9.79), (4.09, 4.99)]]",0
"[[(7.08, 7.98), (11.3, 12.2)]]",0
"[[(9.19, 10.09), (8.41, 9.31)]]",1
"[[(1.02, 1.92), (11.53, 12.43)]]",0
"[[(8.62, 9.52), (4.79, 5.69)]]",1
