BRC Query,Data Size
"[[(6.68, 10.84), (5.95, 10.11)]]",20
"[[(1.57, 5.73), (1.57, 5.73)]]",16
"[[(10.49, 14.65), (4.33, 8.49)]]",16
"[[(2.08, 6.24), (2.71, 6.87)]]",16
"[[(2.91, 7.07), (8.08, 12.24)]]",20
"[[(5.18, 9.34), (8.27, 12.43)]]",16
"[[(10.4, 14.56), (4.9, 9.06)]]",20
"[[(3.42, 7.58), (3.94, 8.1)]]",20
"[[(7.12, 11.28), (0.7, 4.86)]]",16
"[[(5.76, 9.92), (10.66, 14.82)]]",16
"[[(3.42, 7.58), (5.14, 9.3)]]",16
"[[(7.73, 11.89), (3.56, 7.72)]]",16
"[[(2.16, 6.32), (9.65, 13.81)]]",16
"[[(4.23, 8.39), (2.21, 6.37)]]",16
"[[(5.5, 9.66), (10.39, 14.55)]]",16
"[[(0.65, 4.81), (8.62, 12.78)]]",16
"[[(7.47, 11.63), (2.9, 7.06)]]",20
"[[(3.7, 7.86), (0.11, 4.27)]]",16
"[[(6.39, 10.55), (2.79, 6.95)]]",16
"[[(4.32, 8.48), (3.43, 7.59)]]",16
"[[(8.97, 13.13), (8.24, 12.4)]]",20
"[[(8.66, 12.82), (8.58, 12.74)]]",16
"[[(9.0, 13.16), (0.44, 4.6)]]",20
"[[(7.61, 11.77), (10.37, 14.53)]]",16
"[[(10.19, 14.35), (4.22, 8.38)]]",16
"[[(4.79, 8.95), (3.53, 7.69)]]",16
"[[(4.61, 8.77), (2.73, 6.89)]]",16
"[[(0.69, 4.85), (7.18, 11.34)]]",16
"[[(6.0, 10.16), (6.84, 11.0)]]",25
"[[(4.55, 8.71), (0.01, 4.17)]]",16
"[[(8.38, 12.54), (4.85, 9.01)]]",20
"[[(9.69, 13.85), (8.23, 12.39)]]",16
"[[(1.94, 6.1), (1.96, 6.12)]]",25
"[[(5.86, 10.02), (6.14, 10.3)]]",20
"[[(6.42, 10.58), (6.96, 11.12)]]",20
"[[(6.95, 11.11), (4.05, 8.21)]]",20
"[[(9.58, 13.74), (10.41, 14.57)]]",16
"[[(7.08, 11.24), (3.03, 7.19)]]",16
"[[(8.93, 13.09), (4.67, 8.83)]]",20
"[[(7.93, 12.09), (1.43, 5.59)]]",20
"[[(4.83, 8.99), (6.5, 10.66)]]",16
"[[(9.52, 13.68), (7.39, 11.55)]]",16
"[[(4.58, 8.74), (4.63, 8.79)]]",16
"[[(6.49, 10.65), (3.07, 7.23)]]",16
"[[(5.13, 9.29), (6.87, 11.03)]]",20
"[[(0.43, 4.59), (3.27, 7.43)]]",16
"[[(8.8, 12.96), (0.28, 4.44)]]",16
"[[(7.03, 11.19), (7.05, 11.21)]]",16
"[[(4.94, 9.1), (0.58, 4.74)]]",20
"[[(6.04, 10.2), (4.14, 8.3)]]",16
"[[(8.29, 12.45), (10.21, 14.37)]]",16
"[[(8.47, 12.63), (7.42, 11.58)]]",16
"[[(1.71, 5.87), (10.61, 14.77)]]",16
"[[(5.66, 9.82), (3.48, 7.64)]]",16
"[[(5.64, 9.8), (5.99, 10.15)]]",20
"[[(4.59, 8.75), (9.0, 13.16)]]",20
"[[(8.2, 12.36), (3.19, 7.35)]]",16
"[[(9.29, 13.45), (9.92, 14.08)]]",20
"[[(5.38, 9.54), (3.26, 7.42)]]",16
"[[(10.77, 14.93), (1.82, 5.98)]]",16
"[[(0.66, 4.82), (0.5, 4.66)]]",16
"[[(2.41, 6.57), (7.99, 12.15)]]",20
"[[(3.16, 7.32), (0.86, 5.02)]]",20
"[[(1.15, 5.31), (3.54, 7.7)]]",16
"[[(4.2, 8.36), (9.53, 13.69)]]",16
"[[(2.25, 6.41), (6.05, 10.21)]]",16
"[[(9.15, 13.31), (5.87, 10.03)]]",20
"[[(9.53, 13.69), (10.38, 14.54)]]",16
"[[(0.53, 4.69), (3.06, 7.22)]]",16
"[[(2.31, 6.47), (1.31, 5.47)]]",16
"[[(2.36, 6.52), (7.86, 12.02)]]",20
"[[(10.81, 14.97), (5.84, 10.0)]]",20
"[[(7.35, 11.51), (1.48, 5.64)]]",16
"[[(5.55, 9.71), (0.6, 4.76)]]",16
"[[(5.81, 9.97), (5.78, 9.94)]]",16
"[[(10.4, 14.56), (2.51, 6.67)]]",16
"[[(6.52, 10.68), (5.62, 9.78)]]",16
"[[(10.25, 14.41), (0.25, 4.41)]]",16
"[[(6.03, 10.19), (1.42, 5.58)]]",16
"[[(8.6, 12.76), (6.75, 10.91)]]",16
"[[(5.9, 10.06), (10.5, 14.66)]]",20
"[[(0.62, 4.78), (8.19, 12.35)]]",16
"[[(1.26, 5.42), (3.72, 7.88)]]",16
"[[(8.27, 12.43), (5.96, 10.12)]]",20
"[[(8.86, 13.02), (0.31, 4.47)]]",20
"[[(5.86, 10.02), (1.63, 5.79)]]",20
"[[(7.73, 11.89), (7.97, 12.13)]]",20
"[[(7.47, 11.63), (0.99, 5.15)]]",20
"[[(1.73, 5.89), (10.22, 14.38)]]",16
"[[(4.07, 8.23), (3.62, 7.78)]]",16
"[[(0.32, 4.48), (4.55, 8.71)]]",16
"[[(9.9, 14.06), (8.93, 13.09)]]",25
"[[(1.97, 6.13), (6.56, 10.72)]]",20
"[[(8.12, 12.28), (0.73, 4.89)]]",16
"[[(8.76, 12.92), (10.17, 14.33)]]",16
"[[(5.9, 10.06), (4.82, 8.98)]]",20
"[[(10.24, 14.4), (9.26, 13.42)]]",16
"[[(7.16, 11.32), (9.33, 13.49)]]",16
"[[(0.82, 4.98), (1.38, 5.54)]]",16
"[[(9.12, 13.28), (2.88, 7.04)]]",20
"[[(4.76, 8.92), (9.1, 13.26)]]",16
"[[(7.06, 11.22), (7.5, 11.66)]]",16
"[[(7.61, 11.77), (2.47, 6.63)]]",16
"[[(10.63, 14.79), (5.35, 9.51)]]",16
"[[(9.15, 13.31), (6.49, 10.65)]]",16
"[[(0.34, 4.5), (3.47, 7.63)]]",16
"[[(2.85, 7.01), (6.31, 10.47)]]",20
"[[(4.2, 8.36), (3.51, 7.67)]]",16
"[[(10.35, 14.51), (2.27, 6.43)]]",16
"[[(7.66, 11.82), (6.7, 10.86)]]",16
"[[(0.87, 5.03), (10.22, 14.38)]]",20
"[[(10.57, 14.73), (9.28, 13.44)]]",16
"[[(5.51, 9.67), (1.28, 5.44)]]",16
"[[(5.01, 9.17), (8.43, 12.59)]]",16
"[[(7.51, 11.67), (6.73, 10.89)]]",16
"[[(4.17, 8.33), (1.43, 5.59)]]",16
"[[(10.69, 14.85), (2.68, 6.84)]]",16
"[[(7.56, 11.72), (4.04, 8.2)]]",16
"[[(4.91, 9.07), (3.99, 8.15)]]",25
"[[(8.55, 12.71), (1.31, 5.47)]]",16
"[[(4.3, 8.46), (9.23, 13.39)]]",16
"[[(10.83, 14.99), (1.7, 5.86)]]",16
"[[(4.01, 8.17), (4.23, 8.39)]]",16
"[[(7.78, 11.94), (7.87, 12.03)]]",20
"[[(6.28, 10.44), (8.72, 12.88)]]",16
"[[(0.07, 4.23), (2.31, 6.47)]]",16
"[[(7.57, 11.73), (9.07, 13.23)]]",16
"[[(4.25, 8.41), (6.02, 10.18)]]",16
"[[(4.48, 8.64), (4.14, 8.3)]]",16
"[[(5.87, 10.03), (10.79, 14.95)]]",20
"[[(5.49, 9.65), (4.25, 8.41)]]",16
"[[(1.73, 5.89), (9.74, 13.9)]]",16
"[[(5.62, 9.78), (6.93, 11.09)]]",20
"[[(3.5, 7.66), (3.17, 7.33)]]",16
"[[(5.87, 10.03), (2.31, 6.47)]]",20
"[[(0.82, 4.98), (4.8, 8.96)]]",16
"[[(0.83, 4.99), (0.9, 5.06)]]",20
"[[(5.87, 10.03), (2.78, 6.94)]]",20
"[[(7.44, 11.6), (1.62, 5.78)]]",16
"[[(0.72, 4.88), (7.95, 12.11)]]",20
"[[(4.69, 8.85), (0.59, 4.75)]]",16
"[[(6.59, 10.75), (5.8, 9.96)]]",16
"[[(2.7, 6.86), (7.72, 11.88)]]",16
"[[(3.16, 7.32), (3.72, 7.88)]]",16
"[[(1.96, 6.12), (9.54, 13.7)]]",20
"[[(7.3, 11.46), (7.61, 11.77)]]",16
"[[(8.56, 12.72), (7.87, 12.03)]]",20
"[[(6.9, 11.06), (2.57, 6.73)]]",20
"[[(9.27, 13.43), (5.35, 9.51)]]",16
"[[(1.95, 6.11), (8.18, 12.34)]]",20
"[[(4.58, 8.74), (10.12, 14.28)]]",16
"[[(5.79, 9.95), (1.28, 5.44)]]",16
"[[(2.15, 6.31), (2.28, 6.44)]]",16
"[[(3.77, 7.93), (0.94, 5.1)]]",20
"[[(7.87, 12.03), (2.44, 6.6)]]",20
"[[(9.42, 13.58), (2.57, 6.73)]]",16
"[[(2.57, 6.73), (2.95, 7.11)]]",20
"[[(2.85, 7.01), (1.76, 5.92)]]",20
"[[(0.4, 4.56), (2.54, 6.7)]]",16
"[[(5.81, 9.97), (10.56, 14.72)]]",16
"[[(3.06, 7.22), (5.84, 10.0)]]",20
"[[(1.65, 5.81), (9.31, 13.47)]]",16
"[[(4.23, 8.39), (0.86, 5.02)]]",20
"[[(3.04, 7.2), (8.91, 13.07)]]",20
"[[(8.05, 12.21), (0.49, 4.65)]]",16
"[[(2.01, 6.17), (10.57, 14.73)]]",16
"[[(9.62, 13.78), (1.52, 5.68)]]",16
"[[(2.29, 6.45), (10.08, 14.24)]]",16
"[[(7.89, 12.05), (3.76, 7.92)]]",20
"[[(6.46, 10.62), (4.72, 8.88)]]",16
"[[(5.71, 9.87), (6.08, 10.24)]]",16
"[[(8.88, 13.04), (9.89, 14.05)]]",25
"[[(6.07, 10.23), (3.24, 7.4)]]",16
"[[(9.28, 13.44), (2.72, 6.88)]]",16
"[[(7.96, 12.12), (5.14, 9.3)]]",20
"[[(3.38, 7.54), (5.66, 9.82)]]",16
"[[(1.68, 5.84), (4.02, 8.18)]]",16
"[[(9.62, 13.78), (4.38, 8.54)]]",16
"[[(6.38, 10.54), (9.11, 13.27)]]",16
"[[(6.78, 10.94), (4.24, 8.4)]]",16
"[[(0.12, 4.28), (4.17, 8.33)]]",16
"[[(9.29, 13.45), (10.47, 14.63)]]",16
"[[(10.15, 14.31), (8.61, 12.77)]]",16
"[[(5.39, 9.55), (4.83, 8.99)]]",16
"[[(0.17, 4.33), (0.0, 4.16)]]",20
"[[(8.17, 12.33), (4.53, 8.69)]]",16
"[[(9.2, 13.36), (0.16, 4.32)]]",16
"[[(4.01, 8.17), (9.8, 13.96)]]",16
"[[(3.36, 7.52), (4.13, 8.29)]]",16
"[[(7.08, 11.24), (5.16, 9.32)]]",16
"[[(1.58, 5.74), (6.48, 10.64)]]",16
"[[(6.05, 10.21), (10.65, 14.81)]]",16
"[[(5.96, 10.12), (5.55, 9.71)]]",20
"[[(7.88, 12.04), (9.9, 14.06)]]",25
"[[(0.13, 4.29), (1.28, 5.44)]]",16
"[[(6.19, 10.35), (7.35, 11.51)]]",16
"[[(4.07, 8.23), (9.1, 13.26)]]",16
"[[(6.04, 10.2), (7.25, 11.41)]]",16
"[[(10.58, 14.74), (6.03, 10.19)]]",16
"[[(2.95, 7.11), (7.6, 11.76)]]",20
"[[(4.52, 8.68), (9.1, 13.26)]]",16
"[[(3.34, 7.5), (7.22, 11.38)]]",16
"[[(7.86, 12.02), (7.55, 11.71)]]",20
"[[(0.76, 4.92), (9.97, 14.13)]]",20
"[[(4.71, 8.87), (4.13, 8.29)]]",16
"[[(0.06, 4.22), (3.11, 7.27)]]",16
"[[(1.4, 5.56), (9.02, 13.18)]]",16
"[[(3.11, 7.27), (9.12, 13.28)]]",16
"[[(7.44, 11.6), (10.25, 14.41)]]",16
"[[(9.0, 13.16), (1.56, 5.72)]]",20
"[[(8.79, 12.95), (8.84, 13.0)]]",20
"[[(6.54, 10.7), (9.01, 13.17)]]",16
"[[(10.34, 14.5), (1.38, 5.54)]]",16
"[[(7.39, 11.55), (5.4, 9.56)]]",16
"[[(4.47, 8.63), (7.55, 11.71)]]",16
"[[(0.71, 4.87), (8.28, 12.44)]]",16
"[[(2.1, 6.26), (6.17, 10.33)]]",16
"[[(2.47, 6.63), (2.31, 6.47)]]",16
"[[(10.0, 14.16), (8.71, 12.87)]]",20
"[[(1.24, 5.4), (0.18, 4.34)]]",16
"[[(9.2, 13.36), (8.37, 12.53)]]",16
"[[(3.95, 8.11), (6.71, 10.87)]]",20
"[[(10.25, 14.41), (8.53, 12.69)]]",16
"[[(0.98, 5.14), (6.9, 11.06)]]",25
"[[(1.72, 5.88), (6.28, 10.44)]]",16
"[[(5.27, 9.43), (4.2, 8.36)]]",16
"[[(5.26, 9.42), (0.48, 4.64)]]",16
"[[(3.7, 7.86), (4.92, 9.08)]]",20
"[[(4.84, 9.0), (1.68, 5.84)]]",20
"[[(6.73, 10.89), (6.43, 10.59)]]",16
"[[(10.47, 14.63), (2.42, 6.58)]]",16
"[[(1.53, 5.69), (3.82, 7.98)]]",16
"[[(10.18, 14.34), (5.99, 10.15)]]",20
"[[(9.56, 13.72), (9.45, 13.61)]]",16
"[[(2.49, 6.65), (1.18, 5.34)]]",16
"[[(3.58, 7.74), (0.59, 4.75)]]",16
"[[(7.02, 11.18), (6.9, 11.06)]]",20
"[[(1.77, 5.93), (6.65, 10.81)]]",16
"[[(8.67, 12.83), (2.9, 7.06)]]",20
"[[(6.31, 10.47), (8.98, 13.14)]]",20
"[[(2.23, 6.39), (1.56, 5.72)]]",16
"[[(5.07, 9.23), (8.02, 12.18)]]",16
"[[(2.4, 6.56), (7.33, 11.49)]]",16
"[[(5.13, 9.29), (4.43, 8.59)]]",16
"[[(0.7, 4.86), (3.71, 7.87)]]",16
"[[(1.92, 6.08), (1.51, 5.67)]]",20
"[[(2.52, 6.68), (4.1, 8.26)]]",16
"[[(1.96, 6.12), (2.84, 7.0)]]",25
"[[(2.15, 6.31), (4.33, 8.49)]]",16
"[[(7.29, 11.45), (0.43, 4.59)]]",16
"[[(1.06, 5.22), (4.65, 8.81)]]",16
"[[(1.92, 6.08), (3.46, 7.62)]]",20
"[[(0.05, 4.21), (0.83, 4.99)]]",16
"[[(5.84, 10.0), (9.86, 14.02)]]",25
"[[(0.39, 4.55), (10.14, 14.3)]]",16
"[[(1.89, 6.05), (0.75, 4.91)]]",20
"[[(8.62, 12.78), (3.46, 7.62)]]",16
"[[(7.61, 11.77), (9.66, 13.82)]]",16
"[[(1.74, 5.9), (0.55, 4.71)]]",16
"[[(0.08, 4.24), (8.84, 13.0)]]",20
"[[(0.58, 4.74), (1.46, 5.62)]]",16
"[[(3.74, 7.9), (0.06, 4.22)]]",16
"[[(4.71, 8.87), (6.9, 11.06)]]",20
"[[(8.18, 12.34), (6.01, 10.17)]]",16
"[[(3.44, 7.6), (5.48, 9.64)]]",16
"[[(0.02, 4.18), (7.33, 11.49)]]",16
"[[(6.39, 10.55), (1.04, 5.2)]]",16
"[[(5.36, 9.52), (4.72, 8.88)]]",16
"[[(10.15, 14.31), (8.01, 12.17)]]",16
"[[(9.79, 13.95), (3.62, 7.78)]]",16
"[[(4.57, 8.73), (2.38, 6.54)]]",16
"[[(5.8, 9.96), (0.01, 4.17)]]",16
"[[(6.97, 11.13), (5.64, 9.8)]]",20
"[[(4.0, 8.16), (8.83, 12.99)]]",20
"[[(7.82, 11.98), (2.9, 7.06)]]",20
"[[(9.7, 13.86), (7.31, 11.47)]]",16
"[[(4.14, 8.3), (3.38, 7.54)]]",16
"[[(10.63, 14.79), (3.29, 7.45)]]",16
"[[(8.76, 12.92), (1.36, 5.52)]]",16
"[[(7.57, 11.73), (4.47, 8.63)]]",16
"[[(6.14, 10.3), (2.06, 6.22)]]",16
"[[(0.07, 4.23), (3.37, 7.53)]]",16
"[[(5.71, 9.87), (7.89, 12.05)]]",20
"[[(6.84, 11.0), (10.37, 14.53)]]",20
"[[(3.21, 7.37), (4.81, 8.97)]]",16
"[[(8.87, 13.03), (9.02, 13.18)]]",20
"[[(8.4, 12.56), (7.06, 11.22)]]",16
"[[(10.58, 14.74), (2.01, 6.17)]]",16
"[[(0.77, 4.93), (3.54, 7.7)]]",16
"[[(9.48, 13.64), (1.27, 5.43)]]",16
"[[(7.5, 11.66), (8.66, 12.82)]]",16
"[[(4.36, 8.52), (5.51, 9.67)]]",16
"[[(4.92, 9.08), (0.23, 4.39)]]",20
"[[(9.93, 14.09), (10.51, 14.67)]]",20
"[[(5.31, 9.47), (3.46, 7.62)]]",16
"[[(4.68, 8.84), (6.95, 11.11)]]",20
"[[(7.26, 11.42), (4.23, 8.39)]]",16
"[[(9.72, 13.88), (1.89, 6.05)]]",20
"[[(5.39, 9.55), (8.08, 12.24)]]",16
"[[(1.56, 5.72), (0.65, 4.81)]]",16
"[[(1.62, 5.78), (3.5, 7.66)]]",16
"[[(5.65, 9.81), (0.05, 4.21)]]",16
"[[(9.6, 13.76), (3.69, 7.85)]]",16
"[[(0.26, 4.42), (9.64, 13.8)]]",16
"[[(0.65, 4.81), (9.13, 13.29)]]",16
"[[(2.37, 6.53), (6.84, 11.0)]]",20
"[[(2.41, 6.57), (6.43, 10.59)]]",16
"[[(10.46, 14.62), (10.33, 14.49)]]",16
"[[(0.5, 4.66), (3.99, 8.15)]]",20
"[[(10.69, 14.85), (4.15, 8.31)]]",16
"[[(3.94, 8.1), (7.33, 11.49)]]",20
"[[(7.84, 12.0), (0.62, 4.78)]]",20
"[[(9.12, 13.28), (2.53, 6.69)]]",16
"[[(6.11, 10.27), (3.17, 7.33)]]",16
"[[(2.3, 6.46), (5.42, 9.58)]]",16
"[[(1.65, 5.81), (2.15, 6.31)]]",16
"[[(5.61, 9.77), (6.93, 11.09)]]",20
"[[(7.78, 11.94), (2.98, 7.14)]]",20
"[[(6.04, 10.2), (5.52, 9.68)]]",16
"[[(1.95, 6.11), (8.83, 12.99)]]",20
"[[(4.03, 8.19), (6.17, 10.33)]]",16
"[[(3.18, 7.34), (1.8, 5.96)]]",16
"[[(3.09, 7.25), (3.09, 7.25)]]",16
"[[(4.48, 8.64), (8.61, 12.77)]]",16
"[[(1.99, 6.15), (9.39, 13.55)]]",20
"[[(10.25, 14.41), (6.58, 10.74)]]",16
"[[(3.98, 8.14), (4.79, 8.95)]]",20
"[[(6.97, 11.13), (6.89, 11.05)]]",25
"[[(7.74, 11.9), (3.19, 7.35)]]",16
"[[(8.01, 12.17), (0.71, 4.87)]]",16
"[[(6.67, 10.83), (7.36, 11.52)]]",16
"[[(2.68, 6.84), (9.83, 13.99)]]",16
"[[(9.75, 13.91), (5.53, 9.69)]]",16
"[[(4.29, 8.45), (7.93, 12.09)]]",20
"[[(0.19, 4.35), (6.5, 10.66)]]",16
"[[(0.99, 5.15), (3.67, 7.83)]]",20
"[[(10.58, 14.74), (9.31, 13.47)]]",16
"[[(3.88, 8.04), (9.67, 13.83)]]",20
"[[(2.74, 6.9), (3.04, 7.2)]]",16
"[[(2.95, 7.11), (7.32, 11.48)]]",20
"[[(8.65, 12.81), (4.23, 8.39)]]",16
"[[(1.96, 6.12), (7.22, 11.38)]]",20
"[[(2.02, 6.18), (3.88, 8.04)]]",20
"[[(0.84, 5.0), (5.23, 9.39)]]",20
"[[(10.79, 14.95), (1.46, 5.62)]]",16
"[[(5.86, 10.02), (10.77, 14.93)]]",20
"[[(1.15, 5.31), (5.17, 9.33)]]",16
"[[(0.96, 5.12), (2.59, 6.75)]]",20
"[[(1.38, 5.54), (10.65, 14.81)]]",16
"[[(2.97, 7.13), (2.75, 6.91)]]",20
"[[(0.46, 4.62), (3.89, 8.05)]]",20
"[[(0.11, 4.27), (5.54, 9.7)]]",16
"[[(2.03, 6.19), (1.94, 6.1)]]",20
"[[(0.94, 5.1), (0.23, 4.39)]]",20
"[[(0.03, 4.19), (6.97, 11.13)]]",20
"[[(6.89, 11.05), (2.9, 7.06)]]",25
"[[(4.28, 8.44), (6.3, 10.46)]]",16
"[[(3.11, 7.27), (5.3, 9.46)]]",16
"[[(4.54, 8.7), (2.9, 7.06)]]",20
"[[(1.85, 6.01), (4.25, 8.41)]]",20
"[[(6.78, 10.94), (8.73, 12.89)]]",16
"[[(2.94, 7.1), (8.75, 12.91)]]",20
"[[(8.81, 12.97), (3.5, 7.66)]]",16
"[[(5.56, 9.72), (2.04, 6.2)]]",16
"[[(5.1, 9.26), (9.52, 13.68)]]",16
"[[(10.13, 14.29), (2.7, 6.86)]]",16
"[[(1.6, 5.76), (7.25, 11.41)]]",16
"[[(9.51, 13.67), (2.99, 7.15)]]",20
"[[(7.07, 11.23), (6.6, 10.76)]]",16
"[[(2.67, 6.83), (7.5, 11.66)]]",16
"[[(6.64, 10.8), (1.96, 6.12)]]",20
"[[(4.33, 8.49), (4.85, 9.01)]]",20
"[[(1.31, 5.47), (10.67, 14.83)]]",16
"[[(8.39, 12.55), (1.99, 6.15)]]",20
"[[(0.21, 4.37), (7.18, 11.34)]]",16
"[[(10.49, 14.65), (10.49, 14.65)]]",16
"[[(2.36, 6.52), (3.99, 8.15)]]",20
"[[(5.36, 9.52), (3.06, 7.22)]]",16
"[[(5.94, 10.1), (10.64, 14.8)]]",20
"[[(8.02, 12.18), (1.57, 5.73)]]",16
"[[(5.52, 9.68), (9.44, 13.6)]]",16
"[[(6.83, 10.99), (9.76, 13.92)]]",16
"[[(8.39, 12.55), (6.28, 10.44)]]",16
"[[(7.38, 11.54), (2.96, 7.12)]]",20
"[[(3.35, 7.51), (9.66, 13.82)]]",16
"[[(7.9, 12.06), (7.34, 11.5)]]",20
"[[(10.78, 14.94), (1.6, 5.76)]]",16
"[[(9.4, 13.56), (2.33, 6.49)]]",16
"[[(2.82, 6.98), (10.1, 14.26)]]",16
"[[(8.0, 12.16), (7.31, 11.47)]]",20
"[[(10.58, 14.74), (9.36, 13.52)]]",16
"[[(1.76, 5.92), (9.05, 13.21)]]",16
"[[(8.42, 12.58), (5.37, 9.53)]]",16
"[[(2.26, 6.42), (1.83, 5.99)]]",16
"[[(3.19, 7.35), (2.02, 6.18)]]",16
"[[(9.39, 13.55), (4.54, 8.7)]]",16
"[[(3.73, 7.89), (2.18, 6.34)]]",16
"[[(0.64, 4.8), (10.53, 14.69)]]",16
"[[(7.67, 11.83), (2.52, 6.68)]]",16
"[[(1.4, 5.56), (4.23, 8.39)]]",16
"[[(8.63, 12.79), (0.17, 4.33)]]",16
"[[(1.64, 5.8), (6.75, 10.91)]]",16
"[[(0.97, 5.13), (8.72, 12.88)]]",20
"[[(5.16, 9.32), (0.28, 4.44)]]",16
"[[(5.23, 9.39), (8.12, 12.28)]]",16
"[[(6.16, 10.32), (7.48, 11.64)]]",16
"[[(0.55, 4.71), (3.27, 7.43)]]",16
"[[(10.38, 14.54), (4.32, 8.48)]]",16
"[[(8.72, 12.88), (0.83, 4.99)]]",16
"[[(1.22, 5.38), (2.9, 7.06)]]",20
"[[(7.04, 11.2), (1.48, 5.64)]]",16
"[[(9.42, 13.58), (2.56, 6.72)]]",16
"[[(10.47, 14.63), (0.88, 5.04)]]",20
"[[(10.49, 14.65), (0.72, 4.88)]]",16
"[[(10.14, 14.3), (2.16, 6.32)]]",16
"[[(9.01, 13.17), (6.9, 11.06)]]",20
"[[(6.22, 10.38), (7.18, 11.34)]]",16
"[[(7.94, 12.1), (10.55, 14.71)]]",20
"[[(1.48, 5.64), (3.96, 8.12)]]",20
"[[(6.48, 10.64), (2.95, 7.11)]]",20
"[[(7.11, 11.27), (0.29, 4.45)]]",16
"[[(9.76, 13.92), (3.8, 7.96)]]",16
"[[(6.34, 10.5), (7.39, 11.55)]]",16
"[[(10.65, 14.81), (6.75, 10.91)]]",16
"[[(10.55, 14.71), (0.14, 4.3)]]",16
"[[(1.38, 5.54), (7.02, 11.18)]]",16
"[[(4.67, 8.83), (0.76, 4.92)]]",16
"[[(9.76, 13.92), (6.77, 10.93)]]",16
"[[(5.51, 9.67), (6.53, 10.69)]]",16
"[[(8.63, 12.79), (5.3, 9.46)]]",16
"[[(10.14, 14.3), (6.2, 10.36)]]",16
"[[(5.89, 10.05), (3.67, 7.83)]]",20
"[[(3.75, 7.91), (7.75, 11.91)]]",16
"[[(8.99, 13.15), (0.51, 4.67)]]",20
"[[(10.05, 14.21), (3.0, 7.16)]]",20
"[[(0.99, 5.15), (9.48, 13.64)]]",20
"[[(5.67, 9.83), (10.22, 14.38)]]",16
"[[(2.43, 6.59), (4.12, 8.28)]]",16
"[[(6.8, 10.96), (6.12, 10.28)]]",16
"[[(7.61, 11.77), (8.93, 13.09)]]",20
"[[(5.68, 9.84), (2.76, 6.92)]]",16
"[[(7.16, 11.32), (0.03, 4.19)]]",16
"[[(7.33, 11.49), (6.36, 10.52)]]",16
"[[(8.2, 12.36), (8.05, 12.21)]]",16
"[[(10.12, 14.28), (2.1, 6.26)]]",16
"[[(1.78, 5.94), (2.2, 6.36)]]",16
"[[(3.41, 7.57), (4.39, 8.55)]]",16
"[[(4.39, 8.55), (2.5, 6.66)]]",16
"[[(1.81, 5.97), (9.53, 13.69)]]",16
"[[(5.36, 9.52), (1.76, 5.92)]]",16
"[[(7.06, 11.22), (4.53, 8.69)]]",16
"[[(3.6, 7.76), (10.71, 14.87)]]",16
"[[(10.38, 14.54), (0.83, 4.99)]]",16
"[[(3.18, 7.34), (2.84, 7.0)]]",20
"[[(2.71, 6.87), (9.77, 13.93)]]",16
"[[(1.61, 5.77), (4.47, 8.63)]]",16
"[[(7.7, 11.86), (3.6, 7.76)]]",16
"[[(9.68, 13.84), (9.33, 13.49)]]",16
"[[(9.98, 14.14), (2.1, 6.26)]]",20
"[[(5.77, 9.93), (4.59, 8.75)]]",16
"[[(6.2, 10.36), (9.65, 13.81)]]",16
"[[(10.05, 14.21), (3.68, 7.84)]]",16
"[[(7.07, 11.23), (10.4, 14.56)]]",16
"[[(3.4, 7.56), (3.39, 7.55)]]",16
"[[(3.88, 8.04), (10.72, 14.88)]]",20
"[[(8.36, 12.52), (5.0, 9.16)]]",20
"[[(6.91, 11.07), (10.53, 14.69)]]",20
"[[(9.12, 13.28), (2.84, 7.0)]]",20
"[[(3.82, 7.98), (6.98, 11.14)]]",20
"[[(5.87, 10.03), (0.98, 5.14)]]",25
"[[(10.38, 14.54), (3.9, 8.06)]]",20
"[[(10.42, 14.58), (6.26, 10.42)]]",16
"[[(5.07, 9.23), (2.24, 6.4)]]",16
"[[(6.04, 10.2), (2.33, 6.49)]]",16
"[[(9.71, 13.87), (0.43, 4.59)]]",16
"[[(2.3, 6.46), (8.0, 12.16)]]",20
"[[(5.67, 9.83), (6.35, 10.51)]]",16
"[[(5.88, 10.04), (4.28, 8.44)]]",20
"[[(2.1, 6.26), (3.02, 7.18)]]",16
"[[(7.09, 11.25), (3.99, 8.15)]]",20
"[[(6.74, 10.9), (4.48, 8.64)]]",16
"[[(7.0, 11.16), (7.71, 11.87)]]",20
"[[(9.49, 13.65), (1.53, 5.69)]]",16
"[[(9.5, 13.66), (9.69, 13.85)]]",16
"[[(5.72, 9.88), (4.08, 8.24)]]",16
"[[(7.28, 11.44), (8.45, 12.61)]]",16
"[[(5.99, 10.15), (5.36, 9.52)]]",20
"[[(4.35, 8.51), (3.12, 7.28)]]",16
"[[(10.26, 14.42), (1.04, 5.2)]]",16
"[[(8.71, 12.87), (4.42, 8.58)]]",16
"[[(6.12, 10.28), (0.98, 5.14)]]",20
"[[(0.89, 5.05), (2.37, 6.53)]]",20
"[[(8.62, 12.78), (1.27, 5.43)]]",16
"[[(0.44, 4.6), (2.99, 7.15)]]",20
"[[(3.09, 7.25), (5.66, 9.82)]]",16
"[[(2.97, 7.13), (3.07, 7.23)]]",20
"[[(7.25, 11.41), (7.15, 11.31)]]",16
"[[(4.3, 8.46), (8.32, 12.48)]]",16
"[[(7.69, 11.85), (2.06, 6.22)]]",16
"[[(9.61, 13.77), (0.73, 4.89)]]",16
"[[(10.75, 14.91), (10.17, 14.33)]]",16
"[[(4.08, 8.24), (6.88, 11.04)]]",20
"[[(8.74, 12.9), (2.02, 6.18)]]",16
"[[(10.23, 14.39), (5.2, 9.36)]]",16
"[[(2.77, 6.93), (1.07, 5.23)]]",16
"[[(1.2, 5.36), (1.53, 5.69)]]",16
"[[(1.74, 5.9), (1.11, 5.27)]]",16
"[[(5.46, 9.62), (1.7, 5.86)]]",16
"[[(6.62, 10.78), (3.76, 7.92)]]",16
"[[(8.03, 12.19), (1.57, 5.73)]]",16
"[[(7.81, 11.97), (3.1, 7.26)]]",16
"[[(5.08, 9.24), (6.02, 10.18)]]",16
"[[(0.91, 5.07), (3.41, 7.57)]]",20
"[[(10.64, 14.8), (1.28, 5.44)]]",16
"[[(2.33, 6.49), (5.88, 10.04)]]",20
"[[(6.81, 10.97), (3.48, 7.64)]]",16
"[[(6.64, 10.8), (6.4, 10.56)]]",16
"[[(1.97, 6.13), (9.35, 13.51)]]",20
"[[(10.23, 14.39), (7.54, 11.7)]]",16
"[[(2.38, 6.54), (1.46, 5.62)]]",16
"[[(5.0, 9.16), (6.46, 10.62)]]",20
"[[(2.37, 6.53), (10.2, 14.36)]]",16
"[[(3.62, 7.78), (10.33, 14.49)]]",16
"[[(1.04, 5.2), (2.16, 6.32)]]",16
"[[(8.93, 13.09), (3.06, 7.22)]]",20
"[[(8.23, 12.39), (2.25, 6.41)]]",16
"[[(2.96, 7.12), (3.17, 7.33)]]",20
"[[(7.92, 12.08), (3.86, 8.02)]]",25
"[[(1.66, 5.82), (6.39, 10.55)]]",16
"[[(8.63, 12.79), (0.37, 4.53)]]",16
"[[(3.35, 7.51), (3.0, 7.16)]]",20
"[[(2.19, 6.35), (0.87, 5.03)]]",20
"[[(5.79, 9.95), (0.87, 5.03)]]",20
"[[(4.13, 8.29), (0.6, 4.76)]]",16
"[[(7.86, 12.02), (1.62, 5.78)]]",20
"[[(1.85, 6.01), (6.91, 11.07)]]",25
"[[(3.17, 7.33), (10.38, 14.54)]]",16
"[[(1.56, 5.72), (7.4, 11.56)]]",16
"[[(5.35, 9.51), (3.28, 7.44)]]",16
"[[(4.46, 8.62), (5.22, 9.38)]]",16
"[[(5.79, 9.95), (9.42, 13.58)]]",16
"[[(6.95, 11.11), (6.82, 10.98)]]",20
"[[(5.16, 9.32), (6.58, 10.74)]]",16
"[[(4.81, 8.97), (4.57, 8.73)]]",16
"[[(4.1, 8.26), (3.22, 7.38)]]",16
"[[(6.5, 10.66), (6.42, 10.58)]]",16
"[[(5.48, 9.64), (2.06, 6.22)]]",16
"[[(4.06, 8.22), (4.81, 8.97)]]",16
"[[(0.81, 4.97), (2.61, 6.77)]]",16
"[[(4.34, 8.5), (6.19, 10.35)]]",16
"[[(1.76, 5.92), (2.74, 6.9)]]",16
"[[(7.35, 11.51), (3.82, 7.98)]]",16
"[[(6.57, 10.73), (9.06, 13.22)]]",16
"[[(9.65, 13.81), (6.12, 10.28)]]",16
"[[(5.53, 9.69), (10.66, 14.82)]]",16
"[[(10.02, 14.18), (2.56, 6.72)]]",16
"[[(4.89, 9.05), (3.27, 7.43)]]",20
"[[(0.66, 4.82), (3.97, 8.13)]]",20
"[[(4.04, 8.2), (1.69, 5.85)]]",16
"[[(0.65, 4.81), (8.06, 12.22)]]",16
"[[(2.62, 6.78), (4.98, 9.14)]]",20
"[[(10.1, 14.26), (0.82, 4.98)]]",16
"[[(8.18, 12.34), (2.01, 6.17)]]",16
"[[(7.75, 11.91), (8.57, 12.73)]]",16
"[[(8.92, 13.08), (7.98, 12.14)]]",25
"[[(3.99, 8.15), (5.19, 9.35)]]",20
"[[(7.5, 11.66), (0.93, 5.09)]]",20
"[[(1.08, 5.24), (2.22, 6.38)]]",16
"[[(7.77, 11.93), (10.0, 14.16)]]",20
"[[(4.77, 8.93), (0.76, 4.92)]]",16
"[[(6.44, 10.6), (6.88, 11.04)]]",20
"[[(2.89, 7.05), (1.91, 6.07)]]",25
"[[(5.85, 10.01), (3.6, 7.76)]]",20
"[[(6.64, 10.8), (1.76, 5.92)]]",16
"[[(10.17, 14.33), (5.99, 10.15)]]",20
"[[(6.38, 10.54), (4.1, 8.26)]]",16
"[[(5.12, 9.28), (5.94, 10.1)]]",20
"[[(9.99, 14.15), (9.07, 13.23)]]",20
"[[(1.24, 5.4), (10.57, 14.73)]]",16
"[[(0.83, 4.99), (2.57, 6.73)]]",16
"[[(8.23, 12.39), (3.74, 7.9)]]",16
"[[(0.6, 4.76), (5.0, 9.16)]]",20
"[[(7.71, 11.87), (8.43, 12.59)]]",16
"[[(5.27, 9.43), (8.65, 12.81)]]",16
"[[(8.74, 12.9), (0.16, 4.32)]]",16
"[[(8.61, 12.77), (4.4, 8.56)]]",16
"[[(3.61, 7.77), (5.0, 9.16)]]",20
"[[(10.6, 14.76), (8.57, 12.73)]]",16
"[[(3.5, 7.66), (10.49, 14.65)]]",16
"[[(4.34, 8.5), (2.55, 6.71)]]",16
"[[(5.42, 9.58), (1.96, 6.12)]]",20
"[[(4.48, 8.64), (2.01, 6.17)]]",16
"[[(8.19, 12.35), (10.07, 14.23)]]",16
"[[(6.74, 10.9), (8.48, 12.64)]]",16
"[[(4.57, 8.73), (7.31, 11.47)]]",16
"[[(4.38, 8.54), (4.41, 8.57)]]",16
"[[(7.67, 11.83), (6.12, 10.28)]]",16
"[[(4.47, 8.63), (3.02, 7.18)]]",16
"[[(1.45, 5.61), (6.9, 11.06)]]",20
"[[(5.56, 9.72), (5.47, 9.63)]]",16
"[[(0.53, 4.69), (1.75, 5.91)]]",16
"[[(6.31, 10.47), (5.81, 9.97)]]",16
"[[(4.6, 8.76), (10.24, 14.4)]]",16
"[[(1.54, 5.7), (8.74, 12.9)]]",16
"[[(7.52, 11.68), (1.91, 6.07)]]",20
"[[(0.55, 4.71), (8.72, 12.88)]]",16
"[[(4.8, 8.96), (9.62, 13.78)]]",16
"[[(9.13, 13.29), (0.47, 4.63)]]",16
"[[(10.76, 14.92), (9.04, 13.2)]]",16
"[[(6.0, 10.16), (1.36, 5.52)]]",20
"[[(7.43, 11.59), (8.21, 12.37)]]",16
"[[(6.63, 10.79), (0.4, 4.56)]]",16
"[[(5.1, 9.26), (1.43, 5.59)]]",16
"[[(0.89, 5.05), (3.81, 7.97)]]",20
"[[(1.13, 5.29), (7.63, 11.79)]]",16
"[[(7.92, 12.08), (5.69, 9.85)]]",20
"[[(1.79, 5.95), (0.36, 4.52)]]",16
"[[(5.71, 9.87), (5.95, 10.11)]]",20
"[[(0.36, 4.52), (5.77, 9.93)]]",16
"[[(6.75, 10.91), (3.3, 7.46)]]",16
"[[(0.6, 4.76), (10.05, 14.21)]]",16
"[[(1.11, 5.27), (9.55, 13.71)]]",16
"[[(10.69, 14.85), (0.79, 4.95)]]",16
"[[(6.34, 10.5), (5.38, 9.54)]]",16
"[[(9.73, 13.89), (9.45, 13.61)]]",16
"[[(3.39, 7.55), (6.18, 10.34)]]",16
"[[(1.45, 5.61), (4.35, 8.51)]]",16
"[[(5.55, 9.71), (1.47, 5.63)]]",16
"[[(4.78, 8.94), (8.9, 13.06)]]",20
"[[(6.11, 10.27), (2.25, 6.41)]]",16
"[[(2.27, 6.43), (10.66, 14.82)]]",16
"[[(9.82, 13.98), (8.9, 13.06)]]",20
"[[(0.27, 4.43), (10.67, 14.83)]]",16
"[[(1.18, 5.34), (6.37, 10.53)]]",16
"[[(10.68, 14.84), (6.82, 10.98)]]",16
"[[(7.84, 12.0), (2.59, 6.75)]]",20
"[[(0.01, 4.17), (5.64, 9.8)]]",16
"[[(0.29, 4.45), (5.06, 9.22)]]",16
"[[(4.14, 8.3), (1.77, 5.93)]]",16
"[[(1.54, 5.7), (3.99, 8.15)]]",20
"[[(5.07, 9.23), (6.88, 11.04)]]",20
"[[(0.4, 4.56), (5.79, 9.95)]]",16
"[[(4.49, 8.65), (4.49, 8.65)]]",16
"[[(7.71, 11.87), (9.99, 14.15)]]",20
"[[(9.82, 13.98), (3.94, 8.1)]]",20
"[[(5.45, 9.61), (9.62, 13.78)]]",16
"[[(9.59, 13.75), (3.01, 7.17)]]",16
"[[(4.63, 8.79), (10.24, 14.4)]]",16
"[[(8.49, 12.65), (9.39, 13.55)]]",16
"[[(10.5, 14.66), (8.51, 12.67)]]",16
"[[(5.54, 9.7), (5.96, 10.12)]]",20
"[[(6.35, 10.51), (6.09, 10.25)]]",16
"[[(0.03, 4.19), (8.72, 12.88)]]",16
"[[(6.6, 10.76), (6.8, 10.96)]]",16
"[[(6.06, 10.22), (6.69, 10.85)]]",16
"[[(1.22, 5.38), (8.67, 12.83)]]",16
"[[(8.93, 13.09), (5.73, 9.89)]]",20
"[[(7.55, 11.71), (4.84, 9.0)]]",20
"[[(4.79, 8.95), (2.95, 7.11)]]",20
"[[(1.15, 5.31), (7.86, 12.02)]]",20
"[[(9.81, 13.97), (6.8, 10.96)]]",16
"[[(4.22, 8.38), (0.86, 5.02)]]",20
"[[(10.76, 14.92), (9.19, 13.35)]]",16
"[[(3.78, 7.94), (5.64, 9.8)]]",16
"[[(3.47, 7.63), (4.1, 8.26)]]",16
"[[(0.28, 4.44), (3.96, 8.12)]]",20
"[[(3.02, 7.18), (6.0, 10.16)]]",20
"[[(4.44, 8.6), (2.01, 6.17)]]",16
"[[(2.81, 6.97), (5.09, 9.25)]]",16
"[[(0.4, 4.56), (5.97, 10.13)]]",20
"[[(3.93, 8.09), (6.89, 11.05)]]",25
"[[(1.31, 5.47), (5.64, 9.8)]]",16
"[[(3.63, 7.79), (2.31, 6.47)]]",16
"[[(10.06, 14.22), (1.93, 6.09)]]",20
"[[(5.91, 10.07), (0.96, 5.12)]]",25
"[[(9.77, 13.93), (0.26, 4.42)]]",16
"[[(4.03, 8.19), (0.09, 4.25)]]",16
"[[(3.39, 7.55), (4.23, 8.39)]]",16
"[[(2.58, 6.74), (8.02, 12.18)]]",16
"[[(2.66, 6.82), (0.75, 4.91)]]",16
"[[(4.39, 8.55), (6.06, 10.22)]]",16
"[[(2.02, 6.18), (7.84, 12.0)]]",20
"[[(4.9, 9.06), (5.0, 9.16)]]",25
"[[(4.93, 9.09), (5.49, 9.65)]]",20
"[[(8.33, 12.49), (10.39, 14.55)]]",16
"[[(1.3, 5.46), (8.92, 13.08)]]",20
"[[(6.37, 10.53), (3.17, 7.33)]]",16
"[[(5.9, 10.06), (1.24, 5.4)]]",20
"[[(2.91, 7.07), (10.33, 14.49)]]",20
"[[(5.45, 9.61), (0.44, 4.6)]]",16
"[[(9.3, 13.46), (6.03, 10.19)]]",16
"[[(7.82, 11.98), (2.43, 6.59)]]",16
"[[(5.06, 9.22), (1.54, 5.7)]]",16
"[[(0.25, 4.41), (8.51, 12.67)]]",16
"[[(8.39, 12.55), (6.6, 10.76)]]",16
"[[(10.69, 14.85), (8.16, 12.32)]]",16
"[[(8.8, 12.96), (9.32, 13.48)]]",16
"[[(5.55, 9.71), (8.76, 12.92)]]",16
"[[(2.19, 6.35), (5.43, 9.59)]]",16
"[[(8.08, 12.24), (9.63, 13.79)]]",16
"[[(6.27, 10.43), (2.66, 6.82)]]",16
"[[(1.23, 5.39), (3.59, 7.75)]]",16
"[[(6.56, 10.72), (5.09, 9.25)]]",16
"[[(2.45, 6.61), (4.06, 8.22)]]",16
"[[(0.25, 4.41), (10.26, 14.42)]]",16
"[[(9.12, 13.28), (1.98, 6.14)]]",20
"[[(6.96, 11.12), (6.68, 10.84)]]",20
"[[(8.71, 12.87), (1.15, 5.31)]]",16
"[[(1.46, 5.62), (10.68, 14.84)]]",16
"[[(9.81, 13.97), (1.98, 6.14)]]",20
"[[(5.06, 9.22), (3.85, 8.01)]]",20
"[[(1.83, 5.99), (8.05, 12.21)]]",16
"[[(8.36, 12.52), (7.86, 12.02)]]",20
"[[(5.19, 9.35), (2.69, 6.85)]]",16
"[[(7.13, 11.29), (10.6, 14.76)]]",16
"[[(3.49, 7.65), (0.45, 4.61)]]",16
"[[(8.4, 12.56), (8.57, 12.73)]]",16
"[[(3.31, 7.47), (8.99, 13.15)]]",20
"[[(9.13, 13.29), (7.13, 11.29)]]",16
"[[(1.34, 5.5), (5.45, 9.61)]]",16
"[[(4.26, 8.42), (1.44, 5.6)]]",16
"[[(8.38, 12.54), (3.22, 7.38)]]",16
"[[(8.4, 12.56), (9.88, 14.04)]]",20
"[[(5.53, 9.69), (7.35, 11.51)]]",16
"[[(5.59, 9.75), (8.22, 12.38)]]",16
"[[(8.53, 12.69), (5.45, 9.61)]]",16
"[[(1.31, 5.47), (4.82, 8.98)]]",16
"[[(1.1, 5.26), (10.0, 14.16)]]",20
"[[(1.79, 5.95), (9.57, 13.73)]]",16
"[[(7.66, 11.82), (7.61, 11.77)]]",16
"[[(2.68, 6.84), (1.31, 5.47)]]",16
"[[(5.53, 9.69), (10.51, 14.67)]]",16
"[[(0.28, 4.44), (7.75, 11.91)]]",16
"[[(2.86, 7.02), (6.78, 10.94)]]",20
"[[(1.35, 5.51), (4.11, 8.27)]]",16
"[[(9.95, 14.11), (1.87, 6.03)]]",25
"[[(8.9, 13.06), (7.33, 11.49)]]",20
"[[(0.84, 5.0), (8.51, 12.67)]]",20
"[[(7.5, 11.66), (0.03, 4.19)]]",16
"[[(2.88, 7.04), (7.23, 11.39)]]",20
"[[(10.16, 14.32), (4.99, 9.15)]]",20
"[[(3.56, 7.72), (10.33, 14.49)]]",16
"[[(7.16, 11.32), (8.82, 12.98)]]",16
"[[(6.52, 10.68), (0.35, 4.51)]]",16
"[[(4.01, 8.17), (2.5, 6.66)]]",16
"[[(5.56, 9.72), (6.16, 10.32)]]",16
"[[(0.55, 4.71), (0.61, 4.77)]]",16
"[[(0.47, 4.63), (2.76, 6.92)]]",16
"[[(4.21, 8.37), (3.93, 8.09)]]",20
"[[(5.98, 10.14), (5.33, 9.49)]]",20
"[[(8.72, 12.88), (8.83, 12.99)]]",16
"[[(5.28, 9.44), (2.58, 6.74)]]",16
"[[(9.21, 13.37), (6.37, 10.53)]]",16
"[[(6.26, 10.42), (9.94, 14.1)]]",20
"[[(7.82, 11.98), (2.92, 7.08)]]",20
"[[(8.03, 12.19), (10.67, 14.83)]]",16
"[[(5.92, 10.08), (1.09, 5.25)]]",20
"[[(8.75, 12.91), (4.83, 8.99)]]",16
"[[(1.07, 5.23), (9.68, 13.84)]]",16
"[[(4.63, 8.79), (4.59, 8.75)]]",16
"[[(3.53, 7.69), (5.48, 9.64)]]",16
"[[(6.19, 10.35), (7.42, 11.58)]]",16
"[[(10.67, 14.83), (2.83, 6.99)]]",16
"[[(8.81, 12.97), (9.56, 13.72)]]",16
"[[(4.02, 8.18), (6.68, 10.84)]]",16
"[[(2.8, 6.96), (8.93, 13.09)]]",20
"[[(1.55, 5.71), (6.94, 11.1)]]",20
"[[(10.52, 14.68), (5.14, 9.3)]]",16
"[[(9.86, 14.02), (5.83, 9.99)]]",20
"[[(1.25, 5.41), (4.59, 8.75)]]",16
"[[(3.43, 7.59), (8.48, 12.64)]]",16
"[[(5.7, 9.86), (8.72, 12.88)]]",16
"[[(1.73, 5.89), (3.33, 7.49)]]",16
"[[(7.62, 11.78), (0.72, 4.88)]]",16
"[[(1.59, 5.75), (4.1, 8.26)]]",16
"[[(1.64, 5.8), (8.47, 12.63)]]",16
"[[(3.1, 7.26), (7.35, 11.51)]]",16
"[[(10.69, 14.85), (10.16, 14.32)]]",16
"[[(8.25, 12.41), (3.39, 7.55)]]",16
"[[(4.03, 8.19), (0.11, 4.27)]]",16
"[[(9.36, 13.52), (0.7, 4.86)]]",16
"[[(1.54, 5.7), (5.24, 9.4)]]",16
"[[(8.85, 13.01), (7.17, 11.33)]]",20
"[[(8.52, 12.68), (8.44, 12.6)]]",16
"[[(0.09, 4.25), (7.55, 11.71)]]",16
"[[(2.77, 6.93), (4.17, 8.33)]]",16
"[[(8.34, 12.5), (7.61, 11.77)]]",16
"[[(9.24, 13.4), (0.79, 4.95)]]",16
"[[(7.9, 12.06), (10.56, 14.72)]]",20
"[[(1.59, 5.75), (8.43, 12.59)]]",16
"[[(9.09, 13.25), (0.12, 4.28)]]",16
"[[(5.67, 9.83), (8.5, 12.66)]]",16
"[[(3.66, 7.82), (1.78, 5.94)]]",16
"[[(4.35, 8.51), (6.15, 10.31)]]",16
"[[(7.22, 11.38), (0.35, 4.51)]]",16
"[[(0.39, 4.55), (3.2, 7.36)]]",16
"[[(4.25, 8.41), (9.52, 13.68)]]",16
"[[(7.04, 11.2), (3.76, 7.92)]]",16
"[[(8.1, 12.26), (3.92, 8.08)]]",20
"[[(8.53, 12.69), (6.52, 10.68)]]",16
"[[(4.32, 8.48), (2.32, 6.48)]]",16
"[[(9.61, 13.77), (3.57, 7.73)]]",16
"[[(9.92, 14.08), (9.22, 13.38)]]",20
"[[(2.21, 6.37), (2.12, 6.28)]]",16
"[[(9.53, 13.69), (5.69, 9.85)]]",16
"[[(3.32, 7.48), (9.19, 13.35)]]",16
"[[(5.35, 9.51), (3.94, 8.1)]]",20
"[[(3.76, 7.92), (5.35, 9.51)]]",16
"[[(2.63, 6.79), (6.98, 11.14)]]",20
"[[(4.98, 9.14), (3.6, 7.76)]]",20
"[[(6.87, 11.03), (6.01, 10.17)]]",20
"[[(7.54, 11.7), (4.46, 8.62)]]",16
"[[(9.45, 13.61), (3.99, 8.15)]]",20
"[[(2.49, 6.65), (1.1, 5.26)]]",16
"[[(4.23, 8.39), (1.23, 5.39)]]",16
"[[(0.64, 4.8), (0.99, 5.15)]]",20
"[[(2.58, 6.74), (3.99, 8.15)]]",20
"[[(0.78, 4.94), (9.56, 13.72)]]",16
"[[(8.07, 12.23), (7.69, 11.85)]]",16
"[[(0.08, 4.24), (4.2, 8.36)]]",16
"[[(4.08, 8.24), (8.4, 12.56)]]",16
"[[(7.15, 11.31), (10.54, 14.7)]]",16
"[[(8.15, 12.31), (3.54, 7.7)]]",16
"[[(2.8, 6.96), (3.39, 7.55)]]",16
"[[(3.49, 7.65), (8.97, 13.13)]]",20
"[[(4.16, 8.32), (5.68, 9.84)]]",16
"[[(6.74, 10.9), (0.38, 4.54)]]",16
"[[(9.0, 13.16), (6.2, 10.36)]]",20
"[[(0.99, 5.15), (6.05, 10.21)]]",20
"[[(10.43, 14.59), (7.8, 11.96)]]",16
"[[(3.28, 7.44), (2.55, 6.71)]]",16
"[[(2.86, 7.02), (1.31, 5.47)]]",20
"[[(5.42, 9.58), (10.2, 14.36)]]",16
"[[(3.91, 8.07), (10.07, 14.23)]]",20
"[[(5.03, 9.19), (5.68, 9.84)]]",16
"[[(9.7, 13.86), (4.22, 8.38)]]",16
"[[(2.56, 6.72), (4.79, 8.95)]]",16
"[[(5.53, 9.69), (5.43, 9.59)]]",16
"[[(3.33, 7.49), (8.45, 12.61)]]",16
"[[(5.16, 9.32), (1.73, 5.89)]]",16
"[[(4.57, 8.73), (5.26, 9.42)]]",16
"[[(10.55, 14.71), (10.84, 15.0)]]",20
"[[(5.89, 10.05), (6.61, 10.77)]]",20
"[[(4.07, 8.23), (10.76, 14.92)]]",16
"[[(2.68, 6.84), (0.15, 4.31)]]",16
"[[(0.87, 5.03), (9.23, 13.39)]]",20
"[[(9.92, 14.08), (10.73, 14.89)]]",20
"[[(1.84, 6.0), (10.42, 14.58)]]",20
"[[(7.57, 11.73), (1.69, 5.85)]]",16
"[[(3.54, 7.7), (7.84, 12.0)]]",20
"[[(3.28, 7.44), (5.23, 9.39)]]",16
"[[(3.57, 7.73), (8.61, 12.77)]]",16
"[[(0.92, 5.08), (1.0, 5.16)]]",25
"[[(9.4, 13.56), (5.45, 9.61)]]",16
"[[(4.44, 8.6), (3.15, 7.31)]]",16
"[[(4.65, 8.81), (2.67, 6.83)]]",16
"[[(4.28, 8.44), (5.97, 10.13)]]",20
"[[(9.43, 13.59), (1.34, 5.5)]]",16
"[[(7.49, 11.65), (2.08, 6.24)]]",16
"[[(6.22, 10.38), (1.0, 5.16)]]",20
"[[(4.85, 9.01), (7.12, 11.28)]]",20
"[[(4.7, 8.86), (9.74, 13.9)]]",16
"[[(1.26, 5.42), (6.15, 10.31)]]",16
"[[(3.43, 7.59), (0.37, 4.53)]]",16
"[[(0.45, 4.61), (5.81, 9.97)]]",16
"[[(4.09, 8.25), (9.37, 13.53)]]",16
"[[(9.77, 13.93), (9.0, 13.16)]]",20
"[[(3.75, 7.91), (0.54, 4.7)]]",16
"[[(8.45, 12.61), (3.53, 7.69)]]",16
"[[(0.44, 4.6), (1.52, 5.68)]]",16
"[[(6.46, 10.62), (5.4, 9.56)]]",16
"[[(7.5, 11.66), (5.26, 9.42)]]",16
"[[(8.23, 12.39), (6.4, 10.56)]]",16
"[[(5.6, 9.76), (3.34, 7.5)]]",16
"[[(5.88, 10.04), (6.16, 10.32)]]",20
"[[(7.0, 11.16), (4.83, 8.99)]]",20
"[[(10.71, 14.87), (7.86, 12.02)]]",20
"[[(8.35, 12.51), (6.18, 10.34)]]",16
"[[(5.17, 9.33), (5.32, 9.48)]]",16
"[[(3.39, 7.55), (2.37, 6.53)]]",16
"[[(1.33, 5.49), (8.96, 13.12)]]",20
"[[(8.31, 12.47), (8.13, 12.29)]]",16
"[[(4.95, 9.11), (4.46, 8.62)]]",20
"[[(6.3, 10.46), (9.21, 13.37)]]",16
"[[(10.83, 14.99), (0.87, 5.03)]]",20
"[[(9.04, 13.2), (10.67, 14.83)]]",16
"[[(5.78, 9.94), (10.39, 14.55)]]",16
"[[(2.21, 6.37), (7.44, 11.6)]]",16
"[[(8.59, 12.75), (8.74, 12.9)]]",16
"[[(2.63, 6.79), (3.0, 7.16)]]",20
"[[(4.74, 8.9), (7.27, 11.43)]]",16
"[[(4.17, 8.33), (7.65, 11.81)]]",16
"[[(4.21, 8.37), (0.68, 4.84)]]",16
"[[(6.09, 10.25), (5.74, 9.9)]]",16
"[[(4.05, 8.21), (10.55, 14.71)]]",16
"[[(8.94, 13.1), (7.9, 12.06)]]",25
"[[(5.56, 9.72), (9.14, 13.3)]]",16
"[[(5.38, 9.54), (5.27, 9.43)]]",16
"[[(10.37, 14.53), (3.75, 7.91)]]",16
"[[(10.73, 14.89), (9.82, 13.98)]]",16
"[[(6.37, 10.53), (6.83, 10.99)]]",16
"[[(3.24, 7.4), (3.95, 8.11)]]",20
"[[(8.1, 12.26), (5.54, 9.7)]]",16
"[[(1.83, 5.99), (3.18, 7.34)]]",16
"[[(5.93, 10.09), (10.38, 14.54)]]",20
"[[(1.94, 6.1), (4.85, 9.01)]]",25
"[[(6.26, 10.42), (3.96, 8.12)]]",20
"[[(10.15, 14.31), (10.81, 14.97)]]",16
"[[(4.01, 8.17), (7.13, 11.29)]]",16
"[[(0.4, 4.56), (4.78, 8.94)]]",16
"[[(8.0, 12.16), (0.68, 4.84)]]",20
"[[(0.35, 4.51), (1.39, 5.55)]]",16
"[[(4.51, 8.67), (10.42, 14.58)]]",16
"[[(4.53, 8.69), (1.81, 5.97)]]",16
"[[(10.4, 14.56), (4.46, 8.62)]]",16
"[[(1.52, 5.68), (6.49, 10.65)]]",16
"[[(4.84, 9.0), (0.84, 5.0)]]",25
"[[(1.89, 6.05), (0.25, 4.41)]]",20
"[[(7.68, 11.84), (9.65, 13.81)]]",16
"[[(10.36, 14.52), (0.41, 4.57)]]",16
"[[(2.86, 7.02), (0.07, 4.23)]]",20
"[[(8.49, 12.65), (8.99, 13.15)]]",20
"[[(10.47, 14.63), (6.44, 10.6)]]",16
"[[(0.94, 5.1), (6.68, 10.84)]]",20
"[[(10.69, 14.85), (3.78, 7.94)]]",16
"[[(6.53, 10.69), (3.99, 8.15)]]",20
"[[(7.32, 11.48), (10.08, 14.24)]]",16
"[[(3.07, 7.23), (5.14, 9.3)]]",16
"[[(6.18, 10.34), (7.34, 11.5)]]",16
"[[(10.01, 14.17), (0.98, 5.14)]]",20
"[[(3.42, 7.58), (0.01, 4.17)]]",16
"[[(1.49, 5.65), (7.7, 11.86)]]",16
"[[(3.11, 7.27), (3.18, 7.34)]]",16
"[[(9.09, 13.25), (9.28, 13.44)]]",16
"[[(10.27, 14.43), (0.16, 4.32)]]",16
"[[(0.93, 5.09), (0.62, 4.78)]]",20
"[[(0.99, 5.15), (9.74, 13.9)]]",20
"[[(1.47, 5.63), (6.0, 10.16)]]",20
"[[(2.51, 6.67), (0.95, 5.11)]]",20
"[[(1.64, 5.8), (1.01, 5.17)]]",16
"[[(8.85, 13.01), (3.76, 7.92)]]",20
"[[(6.7, 10.86), (1.05, 5.21)]]",16
"[[(10.72, 14.88), (3.1, 7.26)]]",16
"[[(3.62, 7.78), (3.15, 7.31)]]",16
"[[(1.07, 5.23), (0.38, 4.54)]]",16
"[[(2.36, 6.52), (1.1, 5.26)]]",16
"[[(10.26, 14.42), (7.52, 11.68)]]",16
"[[(2.38, 6.54), (2.88, 7.04)]]",20
"[[(2.01, 6.17), (5.53, 9.69)]]",16
"[[(6.19, 10.35), (7.36, 11.52)]]",16
"[[(3.41, 7.57), (9.37, 13.53)]]",16
"[[(1.98, 6.14), (7.54, 11.7)]]",20
"[[(4.32, 8.48), (0.8, 4.96)]]",16
"[[(10.26, 14.42), (1.29, 5.45)]]",16
"[[(7.85, 12.01), (8.82, 12.98)]]",20
"[[(3.08, 7.24), (8.25, 12.41)]]",16
"[[(9.52, 13.68), (1.26, 5.42)]]",16
"[[(10.59, 14.75), (8.15, 12.31)]]",16
"[[(6.0, 10.16), (0.36, 4.52)]]",20
"[[(8.33, 12.49), (0.26, 4.42)]]",16
"[[(0.05, 4.21), (1.43, 5.59)]]",16
"[[(6.82, 10.98), (10.24, 14.4)]]",16
"[[(0.81, 4.97), (1.38, 5.54)]]",16
"[[(8.95, 13.11), (2.97, 7.13)]]",25
"[[(1.18, 5.34), (7.58, 11.74)]]",16
"[[(4.01, 8.17), (7.37, 11.53)]]",16
"[[(0.11, 4.27), (4.71, 8.87)]]",16
"[[(3.48, 7.64), (8.01, 12.17)]]",16
"[[(9.19, 13.35), (6.45, 10.61)]]",16
"[[(6.35, 10.51), (7.62, 11.78)]]",16
"[[(2.74, 6.9), (7.3, 11.46)]]",16
"[[(5.42, 9.58), (9.73, 13.89)]]",16
"[[(3.34, 7.5), (8.92, 13.08)]]",20
"[[(2.84, 7.0), (6.36, 10.52)]]",20
"[[(9.3, 13.46), (9.91, 14.07)]]",20
"[[(4.23, 8.39), (2.51, 6.67)]]",16
"[[(10.48, 14.64), (3.17, 7.33)]]",16
"[[(2.5, 6.66), (1.49, 5.65)]]",16
"[[(3.34, 7.5), (4.31, 8.47)]]",16
"[[(8.67, 12.83), (3.81, 7.97)]]",16
"[[(4.82, 8.98), (0.81, 4.97)]]",16
"[[(9.28, 13.44), (4.63, 8.79)]]",16
"[[(8.64, 12.8), (7.08, 11.24)]]",16
"[[(10.04, 14.2), (5.83, 9.99)]]",16
"[[(5.42, 9.58), (0.76, 4.92)]]",16
"[[(5.06, 9.22), (0.02, 4.18)]]",16
"[[(4.19, 8.35), (9.97, 14.13)]]",20
"[[(8.16, 12.32), (0.38, 4.54)]]",16
"[[(5.82, 9.98), (2.07, 6.23)]]",16
"[[(3.72, 7.88), (3.81, 7.97)]]",16
"[[(7.29, 11.45), (8.64, 12.8)]]",16
"[[(10.06, 14.22), (7.1, 11.26)]]",16
"[[(8.31, 12.47), (7.29, 11.45)]]",16
"[[(4.94, 9.1), (4.82, 8.98)]]",20
"[[(1.26, 5.42), (4.63, 8.79)]]",16
"[[(1.95, 6.11), (4.05, 8.21)]]",20
"[[(10.01, 14.17), (4.76, 8.92)]]",16
"[[(2.68, 6.84), (10.04, 14.2)]]",16
"[[(2.38, 6.54), (2.1, 6.26)]]",16
"[[(1.0, 5.16), (5.4, 9.56)]]",20
"[[(9.65, 13.81), (10.25, 14.41)]]",16
"[[(4.18, 8.34), (7.71, 11.87)]]",16
"[[(8.83, 12.99), (6.33, 10.49)]]",16
"[[(7.97, 12.13), (4.03, 8.19)]]",20
"[[(0.31, 4.47), (2.61, 6.77)]]",16
"[[(0.61, 4.77), (9.25, 13.41)]]",16
"[[(4.22, 8.38), (8.13, 12.29)]]",16
"[[(3.96, 8.12), (3.89, 8.05)]]",25
"[[(1.66, 5.82), (7.62, 11.78)]]",16
"[[(7.02, 11.18), (7.45, 11.61)]]",16
"[[(9.46, 13.62), (6.05, 10.21)]]",16
"[[(5.45, 9.61), (3.5, 7.66)]]",16
"[[(6.74, 10.9), (7.52, 11.68)]]",16
"[[(3.05, 7.21), (2.05, 6.21)]]",16
"[[(6.12, 10.28), (10.19, 14.35)]]",16
"[[(3.33, 7.49), (7.98, 12.14)]]",20
"[[(8.69, 12.85), (4.68, 8.84)]]",16
"[[(8.4, 12.56), (1.45, 5.61)]]",16
"[[(0.01, 4.17), (8.53, 12.69)]]",16
"[[(9.42, 13.58), (2.81, 6.97)]]",16
"[[(10.67, 14.83), (9.43, 13.59)]]",16
"[[(9.1, 13.26), (7.0, 11.16)]]",20
"[[(7.52, 11.68), (4.92, 9.08)]]",20
"[[(3.51, 7.67), (6.33, 10.49)]]",16
"[[(8.15, 12.31), (7.12, 11.28)]]",16
"[[(6.68, 10.84), (4.66, 8.82)]]",16
"[[(2.5, 6.66), (5.12, 9.28)]]",16
"[[(0.16, 4.32), (3.23, 7.39)]]",16
"[[(3.25, 7.41), (3.53, 7.69)]]",16
"[[(8.07, 12.23), (9.33, 13.49)]]",16
"[[(8.16, 12.32), (9.35, 13.51)]]",16
"[[(3.64, 7.8), (7.17, 11.33)]]",16
"[[(3.1, 7.26), (7.77, 11.93)]]",16
"[[(7.17, 11.33), (4.06, 8.22)]]",16
"[[(8.77, 12.93), (10.12, 14.28)]]",16
"[[(0.15, 4.31), (4.84, 9.0)]]",20
"[[(3.88, 8.04), (7.93, 12.09)]]",25
"[[(3.06, 7.22), (2.33, 6.49)]]",16
"[[(10.24, 14.4), (4.51, 8.67)]]",16
"[[(5.05, 9.21), (2.91, 7.07)]]",20
"[[(8.18, 12.34), (5.17, 9.33)]]",16
"[[(0.54, 4.7), (9.24, 13.4)]]",16
"[[(4.35, 8.51), (10.64, 14.8)]]",16
"[[(4.26, 8.42), (10.32, 14.48)]]",16
"[[(2.43, 6.59), (0.05, 4.21)]]",16
"[[(5.36, 9.52), (3.15, 7.31)]]",16
"[[(9.01, 13.17), (9.82, 13.98)]]",16
"[[(7.41, 11.57), (8.61, 12.77)]]",16
"[[(1.15, 5.31), (6.07, 10.23)]]",16
"[[(4.97, 9.13), (3.55, 7.71)]]",20
"[[(8.24, 12.4), (9.26, 13.42)]]",16
"[[(10.02, 14.18), (1.02, 5.18)]]",16
"[[(9.98, 14.14), (9.88, 14.04)]]",25
"[[(7.37, 11.53), (7.94, 12.1)]]",20
"[[(8.9, 13.06), (0.25, 4.41)]]",20
"[[(3.37, 7.53), (0.61, 4.77)]]",16
"[[(4.47, 8.63), (0.2, 4.36)]]",16
"[[(10.54, 14.7), (1.88, 6.04)]]",20
"[[(2.44, 6.6), (9.8, 13.96)]]",16
"[[(6.02, 10.18), (2.64, 6.8)]]",16
"[[(5.52, 9.68), (1.71, 5.87)]]",16
"[[(1.36, 5.52), (3.72, 7.88)]]",16
"[[(8.05, 12.21), (9.54, 13.7)]]",16
"[[(6.27, 10.43), (4.24, 8.4)]]",16
"[[(7.12, 11.28), (2.58, 6.74)]]",16
"[[(0.79, 4.95), (4.45, 8.61)]]",16
"[[(8.42, 12.58), (5.42, 9.58)]]",16
"[[(4.02, 8.18), (5.76, 9.92)]]",16
"[[(2.09, 6.25), (3.1, 7.26)]]",16
"[[(4.0, 8.16), (0.79, 4.95)]]",20
"[[(1.37, 5.53), (1.0, 5.16)]]",20
"[[(2.9, 7.06), (9.48, 13.64)]]",20
"[[(3.14, 7.3), (9.48, 13.64)]]",16
"[[(9.38, 13.54), (8.37, 12.53)]]",16
"[[(5.07, 9.23), (5.79, 9.95)]]",16
"[[(4.67, 8.83), (6.54, 10.7)]]",16
"[[(4.9, 9.06), (8.69, 12.85)]]",20
"[[(9.38, 13.54), (7.13, 11.29)]]",16
"[[(8.26, 12.42), (6.03, 10.19)]]",16
"[[(10.67, 14.83), (0.99, 5.15)]]",20
"[[(4.39, 8.55), (1.8, 5.96)]]",16
"[[(10.08, 14.24), (8.07, 12.23)]]",16
"[[(3.04, 7.2), (5.57, 9.73)]]",16
"[[(0.96, 5.12), (7.48, 11.64)]]",20
"[[(0.02, 4.18), (9.06, 13.22)]]",16
"[[(10.81, 14.97), (10.4, 14.56)]]",16
"[[(7.14, 11.3), (5.22, 9.38)]]",16
"[[(6.32, 10.48), (8.71, 12.87)]]",16
"[[(6.23, 10.39), (9.79, 13.95)]]",16
"[[(2.06, 6.22), (3.58, 7.74)]]",16
"[[(9.46, 13.62), (8.98, 13.14)]]",20
"[[(3.65, 7.81), (8.18, 12.34)]]",16
"[[(4.03, 8.19), (3.78, 7.94)]]",16
"[[(6.03, 10.19), (5.1, 9.26)]]",16
"[[(4.78, 8.94), (3.42, 7.58)]]",16
"[[(8.08, 12.24), (4.22, 8.38)]]",16
"[[(1.33, 5.49), (4.81, 8.97)]]",16
"[[(6.34, 10.5), (7.0, 11.16)]]",20
"[[(6.59, 10.75), (10.19, 14.35)]]",16
"[[(2.5, 6.66), (7.9, 12.06)]]",20
"[[(3.94, 8.1), (9.55, 13.71)]]",20
"[[(3.8, 7.96), (7.24, 11.4)]]",16
"[[(3.2, 7.36), (7.41, 11.57)]]",16
"[[(6.02, 10.18), (4.96, 9.12)]]",20
"[[(2.7, 6.86), (0.77, 4.93)]]",16
"[[(6.33, 10.49), (6.83, 10.99)]]",16
"[[(9.05, 13.21), (0.82, 4.98)]]",16
"[[(1.6, 5.76), (8.91, 13.07)]]",20
"[[(2.34, 6.5), (3.47, 7.63)]]",16
"[[(6.4, 10.56), (9.75, 13.91)]]",16
"[[(7.7, 11.86), (3.49, 7.65)]]",16
"[[(7.15, 11.31), (7.35, 11.51)]]",16
"[[(6.1, 10.26), (8.94, 13.1)]]",20
"[[(2.18, 6.34), (0.67, 4.83)]]",16
"[[(0.86, 5.02), (0.72, 4.88)]]",20
"[[(0.94, 5.1), (4.58, 8.74)]]",20
"[[(8.85, 13.01), (4.59, 8.75)]]",20
"[[(5.67, 9.83), (4.56, 8.72)]]",16
"[[(0.67, 4.83), (0.98, 5.14)]]",20
"[[(6.51, 10.67), (8.93, 13.09)]]",20
"[[(3.13, 7.29), (5.85, 10.01)]]",20
"[[(0.94, 5.1), (2.8, 6.96)]]",20
"[[(5.2, 9.36), (6.43, 10.59)]]",16
"[[(0.55, 4.71), (0.16, 4.32)]]",16
"[[(8.96, 13.12), (0.16, 4.32)]]",20
"[[(9.56, 13.72), (6.03, 10.19)]]",16
"[[(3.74, 7.9), (10.69, 14.85)]]",16
"[[(9.31, 13.47), (5.53, 9.69)]]",16
"[[(2.55, 6.71), (6.63, 10.79)]]",16
"[[(4.64, 8.8), (4.88, 9.04)]]",20
"[[(8.58, 12.74), (8.03, 12.19)]]",16
"[[(7.68, 11.84), (7.08, 11.24)]]",16
"[[(8.61, 12.77), (4.76, 8.92)]]",16
"[[(2.2, 6.36), (4.68, 8.84)]]",16
"[[(7.15, 11.31), (4.42, 8.58)]]",16
"[[(7.9, 12.06), (1.94, 6.1)]]",25
"[[(7.39, 11.55), (0.7, 4.86)]]",16
"[[(6.0, 10.16), (0.17, 4.33)]]",20
"[[(0.07, 4.23), (2.64, 6.8)]]",16
"[[(3.19, 7.35), (8.66, 12.82)]]",16
"[[(1.84, 6.0), (3.61, 7.77)]]",20
"[[(9.81, 13.97), (9.39, 13.55)]]",16
"[[(9.82, 13.98), (3.67, 7.83)]]",16
"[[(5.99, 10.15), (0.5, 4.66)]]",20
"[[(4.73, 8.89), (3.55, 7.71)]]",16
"[[(9.5, 13.66), (10.43, 14.59)]]",16
"[[(6.33, 10.49), (6.41, 10.57)]]",16
"[[(1.38, 5.54), (10.83, 14.99)]]",16
"[[(0.83, 4.99), (8.2, 12.36)]]",16
"[[(7.22, 11.38), (9.73, 13.89)]]",16
"[[(9.59, 13.75), (0.43, 4.59)]]",16
"[[(7.2, 11.36), (0.96, 5.12)]]",20
"[[(0.92, 5.08), (2.19, 6.35)]]",20
"[[(9.39, 13.55), (2.47, 6.63)]]",16
"[[(2.69, 6.85), (10.3, 14.46)]]",16
"[[(6.45, 10.61), (3.67, 7.83)]]",16
"[[(1.64, 5.8), (2.72, 6.88)]]",16
"[[(0.22, 4.38), (4.81, 8.97)]]",16
"[[(1.6, 5.76), (4.33, 8.49)]]",16
"[[(10.63, 14.79), (6.59, 10.75)]]",16
"[[(2.98, 7.14), (6.27, 10.43)]]",20
"[[(10.16, 14.32), (1.67, 5.83)]]",16
"[[(3.73, 7.89), (3.0, 7.16)]]",20
"[[(9.72, 13.88), (2.8, 6.96)]]",16
"[[(0.51, 4.67), (6.54, 10.7)]]",16
"[[(1.01, 5.17), (10.64, 14.8)]]",16
"[[(8.36, 12.52), (9.3, 13.46)]]",16
"[[(8.11, 12.27), (5.94, 10.1)]]",20
"[[(4.59, 8.75), (1.47, 5.63)]]",16
"[[(4.0, 8.16), (0.0, 4.16)]]",25
"[[(4.7, 8.86), (6.49, 10.65)]]",16
"[[(1.56, 5.72), (2.87, 7.03)]]",20
"[[(5.12, 9.28), (8.33, 12.49)]]",16
"[[(0.68, 4.84), (9.61, 13.77)]]",16
"[[(10.47, 14.63), (2.31, 6.47)]]",16
"[[(9.78, 13.94), (8.58, 12.74)]]",16
"[[(6.71, 10.87), (5.52, 9.68)]]",16
"[[(10.73, 14.89), (1.97, 6.13)]]",20
"[[(4.34, 8.5), (8.94, 13.1)]]",20
"[[(1.84, 6.0), (5.35, 9.51)]]",20
"[[(0.41, 4.57), (8.86, 13.02)]]",20
"[[(0.22, 4.38), (7.14, 11.3)]]",16
"[[(9.82, 13.98), (3.2, 7.36)]]",16
"[[(6.88, 11.04), (9.47, 13.63)]]",20
"[[(6.95, 11.11), (1.28, 5.44)]]",20
"[[(1.97, 6.13), (8.04, 12.2)]]",20
"[[(7.86, 12.02), (0.08, 4.24)]]",20
"[[(3.47, 7.63), (8.83, 12.99)]]",16
"[[(0.57, 4.73), (7.23, 11.39)]]",16
"[[(2.77, 6.93), (4.07, 8.23)]]",16
"[[(9.03, 13.19), (5.12, 9.28)]]",16
"[[(5.4, 9.56), (8.97, 13.13)]]",20
"[[(2.32, 6.48), (10.37, 14.53)]]",16
"[[(8.15, 12.31), (5.54, 9.7)]]",16
"[[(7.14, 11.3), (7.1, 11.26)]]",16
"[[(2.23, 6.39), (7.44, 11.6)]]",16
"[[(4.54, 8.7), (9.21, 13.37)]]",16
"[[(7.38, 11.54), (4.99, 9.15)]]",20
"[[(7.27, 11.43), (2.47, 6.63)]]",16
"[[(5.57, 9.73), (4.0, 8.16)]]",20
"[[(7.39, 11.55), (4.88, 9.04)]]",20
"[[(5.4, 9.56), (7.8, 11.96)]]",16
"[[(6.37, 10.53), (5.45, 9.61)]]",16
"[[(8.49, 12.65), (0.6, 4.76)]]",16
"[[(3.7, 7.86), (5.35, 9.51)]]",16
"[[(9.05, 13.21), (3.92, 8.08)]]",20
"[[(7.23, 11.39), (10.65, 14.81)]]",16
"[[(1.65, 5.81), (3.06, 7.22)]]",16
"[[(5.14, 9.3), (9.99, 14.15)]]",20
"[[(10.62, 14.78), (4.01, 8.17)]]",16
"[[(9.16, 13.32), (0.34, 4.5)]]",16
"[[(6.36, 10.52), (6.19, 10.35)]]",16
"[[(1.52, 5.68), (1.21, 5.37)]]",16
"[[(5.09, 9.25), (0.06, 4.22)]]",16
"[[(7.08, 11.24), (6.94, 11.1)]]",20
"[[(6.49, 10.65), (9.44, 13.6)]]",16
"[[(3.71, 7.87), (6.41, 10.57)]]",16
"[[(2.84, 7.0), (0.36, 4.52)]]",20
"[[(3.47, 7.63), (6.37, 10.53)]]",16
"[[(10.1, 14.26), (9.84, 14.0)]]",20
"[[(7.51, 11.67), (2.35, 6.51)]]",16
"[[(2.83, 6.99), (2.08, 6.24)]]",16
"[[(3.64, 7.8), (5.2, 9.36)]]",16
"[[(10.58, 14.74), (7.61, 11.77)]]",16
"[[(9.74, 13.9), (4.21, 8.37)]]",16
"[[(7.41, 11.57), (7.98, 12.14)]]",20
"[[(3.98, 8.14), (9.77, 13.93)]]",20
"[[(8.48, 12.64), (7.79, 11.95)]]",16
"[[(1.96, 6.12), (4.92, 9.08)]]",25
"[[(3.59, 7.75), (10.63, 14.79)]]",16
"[[(6.94, 11.1), (7.18, 11.34)]]",20
"[[(4.35, 8.51), (10.69, 14.85)]]",16
"[[(0.81, 4.97), (4.19, 8.35)]]",16
"[[(0.99, 5.15), (8.76, 12.92)]]",20
"[[(5.38, 9.54), (2.47, 6.63)]]",16
"[[(0.27, 4.43), (0.04, 4.2)]]",16
"[[(9.81, 13.97), (6.94, 11.1)]]",20
"[[(9.58, 13.74), (8.89, 13.05)]]",20
"[[(7.63, 11.79), (9.29, 13.45)]]",16
"[[(9.67, 13.83), (4.11, 8.27)]]",16
"[[(9.22, 13.38), (6.55, 10.71)]]",16
"[[(5.74, 9.9), (4.39, 8.55)]]",16
"[[(9.53, 13.69), (6.62, 10.78)]]",16
"[[(7.67, 11.83), (0.24, 4.4)]]",16
"[[(6.47, 10.63), (6.11, 10.27)]]",16
"[[(6.58, 10.74), (7.41, 11.57)]]",16
"[[(3.03, 7.19), (10.49, 14.65)]]",16
"[[(0.55, 4.71), (6.91, 11.07)]]",20
"[[(5.99, 10.15), (6.21, 10.37)]]",20
"[[(2.98, 7.14), (2.46, 6.62)]]",20
"[[(1.19, 5.35), (10.22, 14.38)]]",16
"[[(2.4, 6.56), (4.04, 8.2)]]",16
"[[(5.63, 9.79), (5.55, 9.71)]]",16
"[[(3.68, 7.84), (9.34, 13.5)]]",16
"[[(5.34, 9.5), (7.9, 12.06)]]",20
"[[(4.66, 8.82), (6.6, 10.76)]]",16
"[[(8.62, 12.78), (5.07, 9.23)]]",16
"[[(7.16, 11.32), (4.35, 8.51)]]",16
"[[(7.86, 12.02), (8.83, 12.99)]]",20
"[[(1.22, 5.38), (6.02, 10.18)]]",16
"[[(10.69, 14.85), (0.48, 4.64)]]",16
"[[(2.93, 7.09), (8.08, 12.24)]]",20
"[[(6.77, 10.93), (0.02, 4.18)]]",16
"[[(8.61, 12.77), (5.12, 9.28)]]",16
"[[(4.5, 8.66), (8.03, 12.19)]]",16
"[[(10.47, 14.63), (4.67, 8.83)]]",16
"[[(0.43, 4.59), (8.26, 12.42)]]",16
"[[(9.25, 13.41), (1.91, 6.07)]]",20
"[[(1.68, 5.84), (0.07, 4.23)]]",16
"[[(1.51, 5.67), (9.55, 13.71)]]",16
"[[(9.14, 13.3), (7.27, 11.43)]]",16
"[[(9.96, 14.12), (8.08, 12.24)]]",20
"[[(6.82, 10.98), (7.53, 11.69)]]",16
"[[(5.25, 9.41), (0.54, 4.7)]]",16
"[[(1.58, 5.74), (0.99, 5.15)]]",20
"[[(6.41, 10.57), (5.07, 9.23)]]",16
"[[(1.9, 6.06), (1.31, 5.47)]]",20
"[[(10.09, 14.25), (3.8, 7.96)]]",16
"[[(3.98, 8.14), (8.18, 12.34)]]",20
"[[(7.63, 11.79), (8.11, 12.27)]]",16
"[[(3.58, 7.74), (4.24, 8.4)]]",16
"[[(0.3, 4.46), (9.57, 13.73)]]",16
"[[(8.99, 13.15), (10.55, 14.71)]]",20
"[[(4.72, 8.88), (10.5, 14.66)]]",16
"[[(2.52, 6.68), (6.94, 11.1)]]",20
"[[(2.03, 6.19), (3.61, 7.77)]]",16
"[[(8.98, 13.14), (5.87, 10.03)]]",25
"[[(0.2, 4.36), (3.49, 7.65)]]",16
"[[(5.52, 9.68), (8.85, 13.01)]]",20
"[[(4.64, 8.8), (6.28, 10.44)]]",16
"[[(3.73, 7.89), (0.01, 4.17)]]",16
"[[(9.69, 13.85), (8.49, 12.65)]]",16
"[[(3.2, 7.36), (8.89, 13.05)]]",20
"[[(1.95, 6.11), (7.65, 11.81)]]",20
"[[(9.5, 13.66), (3.16, 7.32)]]",16
"[[(7.73, 11.89), (9.22, 13.38)]]",16
"[[(1.64, 5.8), (6.38, 10.54)]]",16
"[[(9.17, 13.33), (1.87, 6.03)]]",20
"[[(9.9, 14.06), (3.49, 7.65)]]",20
"[[(4.24, 8.4), (2.0, 6.16)]]",20
"[[(9.87, 14.03), (1.77, 5.93)]]",20
"[[(5.77, 9.93), (3.64, 7.8)]]",16
"[[(5.82, 9.98), (9.24, 13.4)]]",16
"[[(10.37, 14.53), (1.2, 5.36)]]",16
"[[(1.8, 5.96), (7.96, 12.12)]]",20
"[[(2.84, 7.0), (0.4, 4.56)]]",20
"[[(5.01, 9.17), (9.02, 13.18)]]",16
"[[(2.65, 6.81), (2.68, 6.84)]]",16
"[[(0.31, 4.47), (7.33, 11.49)]]",16
"[[(3.28, 7.44), (4.02, 8.18)]]",16
"[[(5.49, 9.65), (0.43, 4.59)]]",16
"[[(6.97, 11.13), (2.59, 6.75)]]",20
"[[(8.19, 12.35), (0.72, 4.88)]]",16
"[[(2.84, 7.0), (9.44, 13.6)]]",20
"[[(9.56, 13.72), (5.5, 9.66)]]",16
"[[(4.64, 8.8), (7.13, 11.29)]]",16
"[[(0.47, 4.63), (2.3, 6.46)]]",16
"[[(4.46, 8.62), (7.11, 11.27)]]",16
"[[(1.42, 5.58), (10.26, 14.42)]]",16
"[[(9.07, 13.23), (0.25, 4.41)]]",16
"[[(1.64, 5.8), (5.28, 9.44)]]",16
"[[(7.03, 11.19), (6.5, 10.66)]]",16
"[[(1.53, 5.69), (1.04, 5.2)]]",16
"[[(9.47, 13.63), (7.48, 11.64)]]",16
"[[(1.18, 5.34), (6.36, 10.52)]]",16
"[[(2.38, 6.54), (7.42, 11.58)]]",16
"[[(4.26, 8.42), (0.62, 4.78)]]",16
"[[(8.84, 13.0), (4.06, 8.22)]]",20
"[[(5.38, 9.54), (5.62, 9.78)]]",16
"[[(4.54, 8.7), (8.47, 12.63)]]",16
"[[(3.59, 7.75), (2.29, 6.45)]]",16
"[[(4.88, 9.04), (2.71, 6.87)]]",20
"[[(1.36, 5.52), (7.97, 12.13)]]",20
"[[(9.54, 13.7), (10.15, 14.31)]]",16
"[[(9.49, 13.65), (5.48, 9.64)]]",16
"[[(0.84, 5.0), (1.72, 5.88)]]",20
"[[(0.04, 4.2), (0.04, 4.2)]]",16
"[[(8.87, 13.03), (9.05, 13.21)]]",20
"[[(0.72, 4.88), (6.86, 11.02)]]",20
"[[(7.46, 11.62), (0.46, 4.62)]]",16
"[[(7.25, 11.41), (2.12, 6.28)]]",16
"[[(1.34, 5.5), (4.76, 8.92)]]",16
"[[(9.34, 13.5), (3.01, 7.17)]]",16
"[[(0.78, 4.94), (8.96, 13.12)]]",20
"[[(7.29, 11.45), (7.43, 11.59)]]",16
"[[(0.61, 4.77), (8.2, 12.36)]]",16
"[[(2.57, 6.73), (1.46, 5.62)]]",16
"[[(3.09, 7.25), (5.8, 9.96)]]",16
"[[(3.25, 7.41), (0.23, 4.39)]]",16
"[[(4.86, 9.02), (4.12, 8.28)]]",20
"[[(8.18, 12.34), (5.68, 9.84)]]",16
"[[(4.15, 8.31), (7.5, 11.66)]]",16
"[[(1.0, 5.16), (0.51, 4.67)]]",20
"[[(9.18, 13.34), (10.65, 14.81)]]",16
"[[(0.28, 4.44), (2.71, 6.87)]]",16
"[[(5.14, 9.3), (2.65, 6.81)]]",16
"[[(3.15, 7.31), (2.0, 6.16)]]",20
"[[(8.31, 12.47), (6.5, 10.66)]]",16
"[[(1.35, 5.51), (4.73, 8.89)]]",16
"[[(9.43, 13.59), (0.75, 4.91)]]",16
"[[(7.81, 11.97), (2.1, 6.26)]]",16
"[[(10.33, 14.49), (2.72, 6.88)]]",16
"[[(3.88, 8.04), (10.81, 14.97)]]",20
"[[(4.7, 8.86), (3.37, 7.53)]]",16
"[[(8.5, 12.66), (9.32, 13.48)]]",16
"[[(4.38, 8.54), (5.25, 9.41)]]",16
"[[(6.31, 10.47), (4.05, 8.21)]]",16
"[[(5.19, 9.35), (6.26, 10.42)]]",16
"[[(9.34, 13.5), (6.51, 10.67)]]",16
"[[(4.46, 8.62), (8.05, 12.21)]]",16
"[[(3.22, 7.38), (8.4, 12.56)]]",16
"[[(1.33, 5.49), (3.16, 7.32)]]",16
"[[(0.18, 4.34), (9.48, 13.64)]]",16
"[[(9.08, 13.24), (7.99, 12.15)]]",20
"[[(5.01, 9.17), (10.02, 14.18)]]",16
"[[(2.92, 7.08), (8.86, 13.02)]]",25
"[[(3.84, 8.0), (7.27, 11.43)]]",20
"[[(1.01, 5.17), (1.28, 5.44)]]",16
"[[(9.76, 13.92), (0.24, 4.4)]]",16
"[[(6.01, 10.17), (9.88, 14.04)]]",20
"[[(1.53, 5.69), (8.86, 13.02)]]",20
"[[(10.14, 14.3), (0.46, 4.62)]]",16
"[[(0.21, 4.37), (0.73, 4.89)]]",16
"[[(10.06, 14.22), (8.4, 12.56)]]",16
"[[(7.83, 11.99), (0.92, 5.08)]]",20
"[[(3.41, 7.57), (7.05, 11.21)]]",16
"[[(6.83, 10.99), (0.43, 4.59)]]",16
"[[(10.62, 14.78), (9.25, 13.41)]]",16
"[[(1.89, 6.05), (10.61, 14.77)]]",20
"[[(1.28, 5.44), (5.24, 9.4)]]",16
"[[(0.84, 5.0), (1.99, 6.15)]]",25
"[[(8.22, 12.38), (0.28, 4.44)]]",16
"[[(7.26, 11.42), (3.39, 7.55)]]",16
"[[(9.0, 13.16), (6.58, 10.74)]]",20
"[[(1.74, 5.9), (9.02, 13.18)]]",16
"[[(1.91, 6.07), (2.72, 6.88)]]",20
"[[(3.18, 7.34), (0.69, 4.85)]]",16
"[[(8.32, 12.48), (5.62, 9.78)]]",16
"[[(1.39, 5.55), (8.15, 12.31)]]",16
"[[(4.07, 8.23), (1.08, 5.24)]]",16
"[[(1.08, 5.24), (6.6, 10.76)]]",16
"[[(2.11, 6.27), (3.77, 7.93)]]",16
"[[(5.0, 9.16), (0.62, 4.78)]]",20
"[[(10.11, 14.27), (5.11, 9.27)]]",16
"[[(4.06, 8.22), (3.18, 7.34)]]",16
"[[(7.53, 11.69), (4.96, 9.12)]]",20
"[[(1.64, 5.8), (5.47, 9.63)]]",16
"[[(10.32, 14.48), (3.62, 7.78)]]",16
"[[(2.81, 6.97), (6.95, 11.11)]]",20
"[[(10.64, 14.8), (5.66, 9.82)]]",16
"[[(8.57, 12.73), (5.23, 9.39)]]",16
"[[(6.24, 10.4), (9.7, 13.86)]]",16
"[[(4.35, 8.51), (5.35, 9.51)]]",16
"[[(7.57, 11.73), (3.87, 8.03)]]",20
"[[(0.55, 4.71), (8.89, 13.05)]]",20
"[[(8.25, 12.41), (5.03, 9.19)]]",16
"[[(10.77, 14.93), (10.35, 14.51)]]",16
"[[(4.18, 8.34), (4.29, 8.45)]]",16
"[[(4.23, 8.39), (10.69, 14.85)]]",16
"[[(3.84, 8.0), (8.7, 12.86)]]",20
"[[(10.06, 14.22), (4.19, 8.35)]]",16
"[[(6.01, 10.17), (9.03, 13.19)]]",16
"[[(7.06, 11.22), (10.27, 14.43)]]",16
"[[(6.33, 10.49), (4.91, 9.07)]]",20
"[[(2.07, 6.23), (5.56, 9.72)]]",16
"[[(3.38, 7.54), (3.21, 7.37)]]",16
"[[(10.26, 14.42), (5.95, 10.11)]]",20
"[[(9.3, 13.46), (8.45, 12.61)]]",16
"[[(2.36, 6.52), (4.35, 8.51)]]",16
"[[(3.56, 7.72), (7.08, 11.24)]]",16
"[[(3.28, 7.44), (1.87, 6.03)]]",20
"[[(4.92, 9.08), (3.48, 7.64)]]",20
"[[(3.78, 7.94), (8.83, 12.99)]]",16
"[[(9.97, 14.13), (5.03, 9.19)]]",20
"[[(0.25, 4.41), (6.78, 10.94)]]",16
"[[(9.2, 13.36), (4.81, 8.97)]]",16
"[[(1.68, 5.84), (1.06, 5.22)]]",16
"[[(3.56, 7.72), (3.77, 7.93)]]",16
"[[(9.29, 13.45), (9.8, 13.96)]]",16
"[[(3.69, 7.85), (5.79, 9.95)]]",16
"[[(2.73, 6.89), (1.47, 5.63)]]",16
"[[(10.28, 14.44), (9.26, 13.42)]]",16
"[[(9.65, 13.81), (1.75, 5.91)]]",16
"[[(1.65, 5.81), (3.66, 7.82)]]",16
"[[(6.6, 10.76), (3.22, 7.38)]]",16
"[[(9.48, 13.64), (5.49, 9.65)]]",16
"[[(3.86, 8.02), (7.34, 11.5)]]",20
"[[(6.57, 10.73), (6.7, 10.86)]]",16
"[[(2.66, 6.82), (2.09, 6.25)]]",16
"[[(3.02, 7.18), (6.97, 11.13)]]",20
"[[(6.17, 10.33), (7.86, 12.02)]]",20
"[[(2.58, 6.74), (10.32, 14.48)]]",16
"[[(6.56, 10.72), (2.12, 6.28)]]",16
"[[(6.67, 10.83), (10.42, 14.58)]]",16
"[[(0.08, 4.24), (6.87, 11.03)]]",20
"[[(4.62, 8.78), (7.64, 11.8)]]",16
"[[(10.47, 14.63), (8.2, 12.36)]]",16
"[[(7.95, 12.11), (9.77, 13.93)]]",20
"[[(8.95, 13.11), (2.31, 6.47)]]",20
"[[(5.71, 9.87), (5.78, 9.94)]]",16
"[[(3.75, 7.91), (10.18, 14.34)]]",16
"[[(7.7, 11.86), (6.1, 10.26)]]",16
"[[(1.63, 5.79), (6.49, 10.65)]]",16
"[[(7.37, 11.53), (1.11, 5.27)]]",16
"[[(5.55, 9.71), (8.33, 12.49)]]",16
"[[(1.51, 5.67), (1.74, 5.9)]]",16
"[[(0.16, 4.32), (4.14, 8.3)]]",16
"[[(9.77, 13.93), (1.63, 5.79)]]",16
"[[(10.57, 14.73), (6.36, 10.52)]]",16
"[[(10.17, 14.33), (3.71, 7.87)]]",16
"[[(6.36, 10.52), (5.5, 9.66)]]",16
"[[(2.84, 7.0), (4.61, 8.77)]]",20
"[[(9.46, 13.62), (0.53, 4.69)]]",16
"[[(10.27, 14.43), (6.34, 10.5)]]",16
"[[(10.65, 14.81), (10.52, 14.68)]]",16
"[[(2.33, 6.49), (0.29, 4.45)]]",16
"[[(7.96, 12.12), (7.88, 12.04)]]",25
"[[(1.37, 5.53), (0.09, 4.25)]]",16
"[[(3.11, 7.27), (4.45, 8.61)]]",16
"[[(1.83, 5.99), (0.6, 4.76)]]",16
"[[(0.95, 5.11), (9.97, 14.13)]]",25
"[[(1.66, 5.82), (5.27, 9.43)]]",16
"[[(5.58, 9.74), (5.0, 9.16)]]",20
"[[(5.0, 9.16), (6.65, 10.81)]]",20
"[[(5.39, 9.55), (5.79, 9.95)]]",16
"[[(2.83, 6.99), (10.59, 14.75)]]",16
"[[(6.44, 10.6), (7.4, 11.56)]]",16
"[[(2.97, 7.13), (6.05, 10.21)]]",20
"[[(6.72, 10.88), (2.72, 6.88)]]",16
"[[(3.79, 7.95), (4.68, 8.84)]]",16
"[[(8.41, 12.57), (9.08, 13.24)]]",16
"[[(0.47, 4.63), (4.86, 9.02)]]",20
"[[(9.52, 13.68), (6.27, 10.43)]]",16
"[[(9.53, 13.69), (5.92, 10.08)]]",20
"[[(8.69, 12.85), (1.39, 5.55)]]",16
"[[(4.28, 8.44), (2.69, 6.85)]]",16
"[[(4.2, 8.36), (10.3, 14.46)]]",16
"[[(3.18, 7.34), (6.92, 11.08)]]",20
"[[(5.88, 10.04), (1.92, 6.08)]]",25
"[[(1.63, 5.79), (10.17, 14.33)]]",16
"[[(5.96, 10.12), (10.47, 14.63)]]",20
"[[(8.75, 12.91), (9.32, 13.48)]]",16
"[[(0.05, 4.21), (10.0, 14.16)]]",20
"[[(5.24, 9.4), (1.24, 5.4)]]",16
"[[(6.75, 10.91), (1.7, 5.86)]]",16
"[[(8.75, 12.91), (1.77, 5.93)]]",16
"[[(9.6, 13.76), (1.79, 5.95)]]",16
"[[(7.95, 12.11), (3.09, 7.25)]]",20
"[[(7.67, 11.83), (8.09, 12.25)]]",16
"[[(5.63, 9.79), (3.22, 7.38)]]",16
"[[(3.29, 7.45), (10.35, 14.51)]]",16
"[[(6.15, 10.31), (5.76, 9.92)]]",16
"[[(2.87, 7.03), (10.72, 14.88)]]",20
"[[(5.53, 9.69), (7.08, 11.24)]]",16
"[[(7.64, 11.8), (2.71, 6.87)]]",16
"[[(1.75, 5.91), (5.06, 9.22)]]",16
"[[(8.91, 13.07), (2.12, 6.28)]]",20
"[[(7.25, 11.41), (2.25, 6.41)]]",16
"[[(1.49, 5.65), (5.26, 9.42)]]",16
"[[(9.0, 13.16), (0.88, 5.04)]]",25
"[[(5.96, 10.12), (6.33, 10.49)]]",20
"[[(0.45, 4.61), (0.07, 4.23)]]",16
"[[(6.55, 10.71), (1.15, 5.31)]]",16
"[[(7.18, 11.34), (7.99, 12.15)]]",20
"[[(6.32, 10.48), (3.47, 7.63)]]",16
"[[(3.41, 7.57), (8.42, 12.58)]]",16
"[[(1.03, 5.19), (8.76, 12.92)]]",16
"[[(2.82, 6.98), (8.66, 12.82)]]",16
"[[(4.05, 8.21), (6.12, 10.28)]]",16
"[[(3.21, 7.37), (2.68, 6.84)]]",16
"[[(2.52, 6.68), (2.29, 6.45)]]",16
"[[(1.78, 5.94), (0.52, 4.68)]]",16
"[[(6.84, 11.0), (4.8, 8.96)]]",20
"[[(0.18, 4.34), (7.48, 11.64)]]",16
"[[(0.29, 4.45), (10.0, 14.16)]]",20
"[[(5.1, 9.26), (9.01, 13.17)]]",16
"[[(0.11, 4.27), (4.76, 8.92)]]",16
"[[(9.02, 13.18), (5.79, 9.95)]]",16
"[[(2.61, 6.77), (8.3, 12.46)]]",16
"[[(4.55, 8.71), (5.42, 9.58)]]",16
"[[(2.51, 6.67), (3.48, 7.64)]]",16
"[[(5.91, 10.07), (10.75, 14.91)]]",20
"[[(4.73, 8.89), (3.18, 7.34)]]",16
"[[(4.19, 8.35), (10.77, 14.93)]]",16
"[[(1.73, 5.89), (2.05, 6.21)]]",16
"[[(1.21, 5.37), (8.83, 12.99)]]",16
"[[(4.65, 8.81), (1.97, 6.13)]]",20
"[[(4.72, 8.88), (1.85, 6.01)]]",20
"[[(5.55, 9.71), (4.61, 8.77)]]",16
"[[(10.72, 14.88), (8.78, 12.94)]]",16
"[[(9.82, 13.98), (6.41, 10.57)]]",16
"[[(3.88, 8.04), (10.01, 14.17)]]",20
"[[(4.21, 8.37), (4.86, 9.02)]]",20
"[[(2.28, 6.44), (7.95, 12.11)]]",20
"[[(0.71, 4.87), (7.14, 11.3)]]",16
"[[(7.67, 11.83), (10.64, 14.8)]]",16
"[[(3.81, 7.97), (7.29, 11.45)]]",16
"[[(5.02, 9.18), (9.52, 13.68)]]",16
"[[(0.91, 5.07), (0.55, 4.71)]]",20
"[[(6.7, 10.86), (3.55, 7.71)]]",16
"[[(9.27, 13.43), (0.49, 4.65)]]",16
"[[(10.23, 14.39), (3.79, 7.95)]]",16
"[[(10.69, 14.85), (6.67, 10.83)]]",16
"[[(5.58, 9.74), (9.09, 13.25)]]",16
"[[(10.71, 14.87), (2.6, 6.76)]]",16
"[[(6.99, 11.15), (6.57, 10.73)]]",20
"[[(4.42, 8.58), (2.26, 6.42)]]",16
"[[(8.55, 12.71), (9.97, 14.13)]]",20
"[[(7.79, 11.95), (4.36, 8.52)]]",16
"[[(7.56, 11.72), (1.45, 5.61)]]",16
"[[(9.55, 13.71), (9.68, 13.84)]]",16
"[[(3.48, 7.64), (6.51, 10.67)]]",16
"[[(8.13, 12.29), (3.69, 7.85)]]",16
"[[(6.73, 10.89), (3.14, 7.3)]]",16
"[[(2.01, 6.17), (9.58, 13.74)]]",16
"[[(8.83, 12.99), (1.0, 5.16)]]",20
"[[(1.16, 5.32), (0.28, 4.44)]]",16
"[[(5.04, 9.2), (7.26, 11.42)]]",16
"[[(1.45, 5.61), (6.01, 10.17)]]",16
"[[(10.59, 14.75), (5.25, 9.41)]]",16
"[[(2.74, 6.9), (1.35, 5.51)]]",16
"[[(0.99, 5.15), (2.72, 6.88)]]",20
"[[(6.27, 10.43), (6.51, 10.67)]]",16
"[[(1.13, 5.29), (3.6, 7.76)]]",16
"[[(1.37, 5.53), (9.5, 13.66)]]",16
"[[(4.94, 9.1), (4.05, 8.21)]]",20
"[[(6.58, 10.74), (0.01, 4.17)]]",16
"[[(9.81, 13.97), (6.82, 10.98)]]",16
"[[(7.35, 11.51), (9.24, 13.4)]]",16
"[[(4.05, 8.21), (8.42, 12.58)]]",16
"[[(5.38, 9.54), (2.06, 6.22)]]",16
"[[(1.75, 5.91), (5.1, 9.26)]]",16
"[[(0.36, 4.52), (9.9, 14.06)]]",20
"[[(2.28, 6.44), (8.9, 13.06)]]",20
"[[(0.46, 4.62), (2.05, 6.21)]]",16
"[[(4.48, 8.64), (2.4, 6.56)]]",16
"[[(0.64, 4.8), (2.18, 6.34)]]",16
"[[(0.8, 4.96), (8.85, 13.01)]]",20
"[[(7.49, 11.65), (4.85, 9.01)]]",20
"[[(3.39, 7.55), (1.01, 5.17)]]",16
"[[(8.97, 13.13), (7.8, 11.96)]]",20
"[[(3.82, 7.98), (9.86, 14.02)]]",20
"[[(3.45, 7.61), (7.15, 11.31)]]",16
"[[(4.37, 8.53), (1.12, 5.28)]]",16
"[[(2.43, 6.59), (8.78, 12.94)]]",16
"[[(1.28, 5.44), (0.25, 4.41)]]",16
"[[(6.46, 10.62), (1.77, 5.93)]]",16
"[[(1.49, 5.65), (3.75, 7.91)]]",16
"[[(6.03, 10.19), (7.48, 11.64)]]",16
"[[(3.63, 7.79), (5.08, 9.24)]]",16
"[[(4.51, 8.67), (9.26, 13.42)]]",16
"[[(1.91, 6.07), (1.99, 6.15)]]",25
"[[(3.39, 7.55), (1.55, 5.71)]]",16
"[[(1.5, 5.66), (9.62, 13.78)]]",16
"[[(0.17, 4.33), (9.36, 13.52)]]",16
"[[(4.58, 8.74), (3.5, 7.66)]]",16
"[[(10.37, 14.53), (9.92, 14.08)]]",20
"[[(9.97, 14.13), (10.16, 14.32)]]",20
"[[(5.28, 9.44), (5.06, 9.22)]]",16
"[[(2.04, 6.2), (0.33, 4.49)]]",16
"[[(2.04, 6.2), (9.31, 13.47)]]",16
"[[(3.54, 7.7), (9.67, 13.83)]]",16
"[[(7.94, 12.1), (9.21, 13.37)]]",20
"[[(10.83, 14.99), (5.63, 9.79)]]",16
"[[(9.41, 13.57), (2.91, 7.07)]]",20
"[[(4.08, 8.24), (1.41, 5.57)]]",16
"[[(8.42, 12.58), (7.84, 12.0)]]",20
"[[(7.39, 11.55), (4.49, 8.65)]]",16
"[[(6.16, 10.32), (9.17, 13.33)]]",16
"[[(7.75, 11.91), (7.04, 11.2)]]",16
"[[(2.26, 6.42), (9.5, 13.66)]]",16
"[[(3.8, 7.96), (10.22, 14.38)]]",16
"[[(6.19, 10.35), (5.78, 9.94)]]",16
"[[(2.98, 7.14), (10.34, 14.5)]]",20
"[[(6.52, 10.68), (1.64, 5.8)]]",16
"[[(1.81, 5.97), (7.12, 11.28)]]",16
"[[(6.64, 10.8), (2.68, 6.84)]]",16
"[[(2.89, 7.05), (6.39, 10.55)]]",20
"[[(3.43, 7.59), (4.13, 8.29)]]",16
"[[(5.73, 9.89), (2.79, 6.95)]]",16
"[[(8.47, 12.63), (6.87, 11.03)]]",20
"[[(9.52, 13.68), (7.62, 11.78)]]",16
"[[(7.2, 11.36), (9.37, 13.53)]]",16
"[[(7.18, 11.34), (3.48, 7.64)]]",16
"[[(3.7, 7.86), (1.96, 6.12)]]",20
"[[(8.84, 13.0), (2.98, 7.14)]]",25
"[[(2.73, 6.89), (3.1, 7.26)]]",16
"[[(10.2, 14.36), (7.41, 11.57)]]",16
"[[(5.79, 9.95), (9.0, 13.16)]]",20
"[[(6.39, 10.55), (3.99, 8.15)]]",20
"[[(1.32, 5.48), (0.8, 4.96)]]",16
"[[(7.08, 11.24), (2.31, 6.47)]]",16
"[[(9.75, 13.91), (7.82, 11.98)]]",16
"[[(7.78, 11.94), (2.04, 6.2)]]",16
"[[(10.73, 14.89), (7.99, 12.15)]]",20
"[[(6.91, 11.07), (4.14, 8.3)]]",20
"[[(8.91, 13.07), (0.12, 4.28)]]",20
"[[(2.69, 6.85), (8.15, 12.31)]]",16
"[[(8.27, 12.43), (4.69, 8.85)]]",16
"[[(5.21, 9.37), (5.02, 9.18)]]",16
"[[(7.32, 11.48), (3.12, 7.28)]]",16
"[[(9.18, 13.34), (3.44, 7.6)]]",16
"[[(3.7, 7.86), (8.69, 12.85)]]",16
"[[(2.05, 6.21), (0.34, 4.5)]]",16
"[[(0.29, 4.45), (2.68, 6.84)]]",16
"[[(6.81, 10.97), (9.65, 13.81)]]",16
"[[(7.38, 11.54), (2.41, 6.57)]]",16
"[[(2.16, 6.32), (10.38, 14.54)]]",16
"[[(6.55, 10.71), (3.83, 7.99)]]",16
"[[(4.03, 8.19), (3.83, 7.99)]]",16
"[[(9.71, 13.87), (7.73, 11.89)]]",16
"[[(3.88, 8.04), (1.92, 6.08)]]",25
"[[(2.32, 6.48), (2.6, 6.76)]]",16
"[[(8.44, 12.6), (9.37, 13.53)]]",16
"[[(0.41, 4.57), (7.27, 11.43)]]",16
"[[(3.27, 7.43), (10.67, 14.83)]]",16
"[[(8.67, 12.83), (1.33, 5.49)]]",16
"[[(0.88, 5.04), (4.4, 8.56)]]",20
"[[(8.02, 12.18), (5.68, 9.84)]]",16
"[[(10.0, 14.16), (0.91, 5.07)]]",25
"[[(10.06, 14.22), (7.19, 11.35)]]",16
"[[(2.28, 6.44), (5.86, 10.02)]]",20
"[[(9.19, 13.35), (4.82, 8.98)]]",16
"[[(3.33, 7.49), (10.45, 14.61)]]",16
"[[(10.8, 14.96), (2.49, 6.65)]]",16
"[[(7.94, 12.1), (10.42, 14.58)]]",20
"[[(9.98, 14.14), (5.46, 9.62)]]",20
"[[(6.24, 10.4), (7.38, 11.54)]]",16
"[[(4.01, 8.17), (0.84, 5.0)]]",20
"[[(4.89, 9.05), (3.11, 7.27)]]",20
"[[(8.74, 12.9), (8.5, 12.66)]]",16
"[[(3.95, 8.11), (1.53, 5.69)]]",20
"[[(6.61, 10.77), (4.55, 8.71)]]",16
"[[(5.64, 9.8), (10.07, 14.23)]]",16
"[[(2.03, 6.19), (1.15, 5.31)]]",16
"[[(5.2, 9.36), (1.31, 5.47)]]",16
"[[(6.37, 10.53), (2.88, 7.04)]]",20
"[[(8.63, 12.79), (9.17, 13.33)]]",16
"[[(2.24, 6.4), (9.8, 13.96)]]",16
"[[(3.35, 7.51), (6.57, 10.73)]]",16
"[[(3.05, 7.21), (5.21, 9.37)]]",16
"[[(3.32, 7.48), (4.78, 8.94)]]",16
"[[(3.03, 7.19), (4.21, 8.37)]]",16
"[[(1.98, 6.14), (5.06, 9.22)]]",20
"[[(8.7, 12.86), (7.52, 11.68)]]",16
"[[(10.79, 14.95), (0.94, 5.1)]]",20
"[[(5.23, 9.39), (1.42, 5.58)]]",16
"[[(10.57, 14.73), (8.82, 12.98)]]",16
"[[(3.29, 7.45), (7.86, 12.02)]]",20
"[[(7.94, 12.1), (10.76, 14.92)]]",20
"[[(4.21, 8.37), (0.3, 4.46)]]",16
"[[(3.72, 7.88), (10.55, 14.71)]]",16
"[[(6.02, 10.18), (10.43, 14.59)]]",16
"[[(9.28, 13.44), (4.68, 8.84)]]",16
"[[(4.27, 8.43), (3.4, 7.56)]]",16
"[[(7.54, 11.7), (6.06, 10.22)]]",16
"[[(8.64, 12.8), (6.92, 11.08)]]",20
"[[(9.72, 13.88), (6.81, 10.97)]]",16
"[[(0.93, 5.09), (5.05, 9.21)]]",20
"[[(5.9, 10.06), (5.33, 9.49)]]",20
"[[(10.32, 14.48), (8.31, 12.47)]]",16
"[[(6.13, 10.29), (4.45, 8.61)]]",16
"[[(5.56, 9.72), (7.55, 11.71)]]",16
"[[(2.76, 6.92), (5.93, 10.09)]]",20
"[[(2.26, 6.42), (4.37, 8.53)]]",16
"[[(5.21, 9.37), (6.25, 10.41)]]",16
"[[(3.73, 7.89), (8.38, 12.54)]]",16
"[[(6.44, 10.6), (5.59, 9.75)]]",16
"[[(0.06, 4.22), (8.83, 12.99)]]",16
"[[(2.76, 6.92), (2.46, 6.62)]]",16
"[[(1.98, 6.14), (5.51, 9.67)]]",20
"[[(2.99, 7.15), (4.18, 8.34)]]",20
"[[(3.89, 8.05), (3.17, 7.33)]]",20
"[[(8.0, 12.16), (7.33, 11.49)]]",20
"[[(2.17, 6.33), (0.54, 4.7)]]",16
"[[(4.68, 8.84), (0.9, 5.06)]]",20
"[[(6.69, 10.85), (1.75, 5.91)]]",16
"[[(1.2, 5.36), (10.7, 14.86)]]",16
"[[(0.77, 4.93), (7.32, 11.48)]]",16
"[[(0.32, 4.48), (0.74, 4.9)]]",16
"[[(3.65, 7.81), (0.25, 4.41)]]",16
"[[(6.62, 10.78), (9.92, 14.08)]]",20
"[[(5.98, 10.14), (0.31, 4.47)]]",20
"[[(8.17, 12.33), (7.39, 11.55)]]",16
"[[(9.29, 13.45), (4.97, 9.13)]]",20
"[[(9.01, 13.17), (5.72, 9.88)]]",16
"[[(6.02, 10.18), (6.08, 10.24)]]",16
"[[(4.87, 9.03), (3.59, 7.75)]]",20
"[[(1.26, 5.42), (6.67, 10.83)]]",16
"[[(5.18, 9.34), (0.24, 4.4)]]",16
"[[(4.05, 8.21), (9.82, 13.98)]]",16
"[[(4.63, 8.79), (4.58, 8.74)]]",16
"[[(9.67, 13.83), (4.73, 8.89)]]",16
"[[(5.3, 9.46), (5.37, 9.53)]]",16
"[[(7.5, 11.66), (8.04, 12.2)]]",16
"[[(9.41, 13.57), (8.55, 12.71)]]",16
"[[(9.6, 13.76), (4.86, 9.02)]]",20
"[[(7.69, 11.85), (1.22, 5.38)]]",16
"[[(7.78, 11.94), (5.53, 9.69)]]",16
"[[(9.22, 13.38), (8.29, 12.45)]]",16
"[[(5.04, 9.2), (6.34, 10.5)]]",16
"[[(4.66, 8.82), (1.08, 5.24)]]",16
"[[(1.01, 5.17), (0.65, 4.81)]]",16
"[[(4.91, 9.07), (10.25, 14.41)]]",20
"[[(4.78, 8.94), (3.4, 7.56)]]",16
"[[(0.89, 5.05), (3.39, 7.55)]]",20
"[[(5.05, 9.21), (3.35, 7.51)]]",16
"[[(5.43, 9.59), (8.74, 12.9)]]",16
"[[(1.11, 5.27), (4.41, 8.57)]]",16
"[[(2.07, 6.23), (8.14, 12.3)]]",16
"[[(3.44, 7.6), (0.83, 4.99)]]",16
"[[(7.2, 11.36), (0.54, 4.7)]]",16
"[[(5.05, 9.21), (10.43, 14.59)]]",16
"[[(9.63, 13.79), (1.16, 5.32)]]",16
"[[(0.53, 4.69), (9.26, 13.42)]]",16
"[[(1.18, 5.34), (3.08, 7.24)]]",16
"[[(7.37, 11.53), (2.39, 6.55)]]",16
"[[(7.25, 11.41), (2.14, 6.3)]]",16
"[[(7.56, 11.72), (9.62, 13.78)]]",16
"[[(2.27, 6.43), (3.37, 7.53)]]",16
"[[(3.95, 8.11), (6.52, 10.68)]]",20
"[[(0.15, 4.31), (8.64, 12.8)]]",16
"[[(0.81, 4.97), (8.52, 12.68)]]",16
"[[(10.82, 14.98), (4.15, 8.31)]]",16
"[[(8.83, 12.99), (7.4, 11.56)]]",16
"[[(3.2, 7.36), (6.67, 10.83)]]",16
"[[(0.64, 4.8), (6.84, 11.0)]]",20
"[[(0.88, 5.04), (10.14, 14.3)]]",20
"[[(3.65, 7.81), (9.27, 13.43)]]",16
"[[(9.27, 13.43), (2.27, 6.43)]]",16
"[[(4.51, 8.67), (0.75, 4.91)]]",16
"[[(9.08, 13.24), (7.25, 11.41)]]",16
"[[(6.15, 10.31), (0.2, 4.36)]]",16
"[[(0.32, 4.48), (7.26, 11.42)]]",16
"[[(8.33, 12.49), (6.42, 10.58)]]",16
"[[(6.25, 10.41), (0.42, 4.58)]]",16
"[[(8.43, 12.59), (6.22, 10.38)]]",16
"[[(4.39, 8.55), (9.61, 13.77)]]",16
"[[(4.41, 8.57), (1.74, 5.9)]]",16
"[[(9.28, 13.44), (1.38, 5.54)]]",16
"[[(8.9, 13.06), (7.34, 11.5)]]",20
"[[(3.72, 7.88), (2.08, 6.24)]]",16
"[[(1.52, 5.68), (5.19, 9.35)]]",16
"[[(4.64, 8.8), (2.19, 6.35)]]",16
"[[(4.18, 8.34), (9.24, 13.4)]]",16
"[[(5.89, 10.05), (6.69, 10.85)]]",20
"[[(6.79, 10.95), (9.37, 13.53)]]",16
"[[(1.52, 5.68), (7.0, 11.16)]]",20
"[[(1.57, 5.73), (10.0, 14.16)]]",20
"[[(8.99, 13.15), (3.48, 7.64)]]",20
"[[(8.91, 13.07), (4.57, 8.73)]]",20
"[[(9.15, 13.31), (0.24, 4.4)]]",16
"[[(2.82, 6.98), (9.94, 14.1)]]",20
"[[(2.23, 6.39), (9.45, 13.61)]]",16
"[[(10.39, 14.55), (9.51, 13.67)]]",16
"[[(8.38, 12.54), (7.28, 11.44)]]",16
"[[(2.39, 6.55), (7.87, 12.03)]]",20
"[[(2.94, 7.1), (0.26, 4.42)]]",20
"[[(4.53, 8.69), (0.17, 4.33)]]",16
"[[(9.47, 13.63), (4.55, 8.71)]]",16
"[[(4.29, 8.45), (1.84, 6.0)]]",20
"[[(7.6, 11.76), (2.72, 6.88)]]",16
"[[(9.4, 13.56), (7.81, 11.97)]]",16
"[[(10.75, 14.91), (0.83, 4.99)]]",16
"[[(9.42, 13.58), (5.77, 9.93)]]",16
"[[(8.9, 13.06), (7.94, 12.1)]]",25
"[[(5.84, 10.0), (10.19, 14.35)]]",20
"[[(7.8, 11.96), (6.77, 10.93)]]",16
"[[(0.33, 4.49), (6.07, 10.23)]]",16
"[[(9.18, 13.34), (4.34, 8.5)]]",16
"[[(10.24, 14.4), (1.74, 5.9)]]",16
"[[(1.51, 5.67), (10.53, 14.69)]]",16
"[[(8.56, 12.72), (9.52, 13.68)]]",16
"[[(9.62, 13.78), (0.57, 4.73)]]",16
"[[(0.95, 5.11), (10.33, 14.49)]]",20
"[[(2.67, 6.83), (4.69, 8.85)]]",16
"[[(10.16, 14.32), (1.49, 5.65)]]",16
"[[(8.94, 13.1), (1.28, 5.44)]]",20
"[[(3.34, 7.5), (2.28, 6.44)]]",16
"[[(7.02, 11.18), (8.6, 12.76)]]",16
"[[(7.66, 11.82), (3.2, 7.36)]]",16
"[[(9.16, 13.32), (2.75, 6.91)]]",16
"[[(8.16, 12.32), (4.14, 8.3)]]",16
"[[(1.87, 6.03), (3.12, 7.28)]]",20
"[[(2.8, 6.96), (2.55, 6.71)]]",16
"[[(1.78, 5.94), (0.6, 4.76)]]",16
"[[(3.71, 7.87), (5.0, 9.16)]]",20
"[[(7.41, 11.57), (4.95, 9.11)]]",20
"[[(8.99, 13.15), (7.93, 12.09)]]",25
"[[(7.88, 12.04), (1.15, 5.31)]]",20
"[[(10.43, 14.59), (6.43, 10.59)]]",16
"[[(8.37, 12.53), (5.71, 9.87)]]",16
"[[(6.81, 10.97), (6.74, 10.9)]]",16
"[[(7.13, 11.29), (0.44, 4.6)]]",16
"[[(9.91, 14.07), (9.46, 13.62)]]",20
"[[(1.07, 5.23), (5.66, 9.82)]]",16
"[[(0.57, 4.73), (1.24, 5.4)]]",16
"[[(2.84, 7.0), (4.96, 9.12)]]",25
"[[(5.38, 9.54), (3.69, 7.85)]]",16
"[[(9.79, 13.95), (3.97, 8.13)]]",20
"[[(0.68, 4.84), (5.24, 9.4)]]",16
"[[(10.4, 14.56), (8.2, 12.36)]]",16
"[[(0.07, 4.23), (6.86, 11.02)]]",20
"[[(0.89, 5.05), (2.02, 6.18)]]",20
"[[(10.34, 14.5), (4.06, 8.22)]]",16
"[[(9.58, 13.74), (5.98, 10.14)]]",20
"[[(5.21, 9.37), (7.73, 11.89)]]",16
"[[(10.77, 14.93), (6.01, 10.17)]]",16
"[[(8.89, 13.05), (2.91, 7.07)]]",25
"[[(7.87, 12.03), (10.06, 14.22)]]",20
"[[(6.59, 10.75), (4.87, 9.03)]]",20
"[[(3.73, 7.89), (5.41, 9.57)]]",16
"[[(7.54, 11.7), (2.49, 6.65)]]",16
"[[(0.38, 4.54), (0.7, 4.86)]]",16
"[[(9.8, 13.96), (0.92, 5.08)]]",20
"[[(10.75, 14.91), (3.33, 7.49)]]",16
"[[(1.93, 6.09), (0.54, 4.7)]]",20
"[[(2.84, 7.0), (2.88, 7.04)]]",25
"[[(10.18, 14.34), (8.42, 12.58)]]",16
"[[(4.18, 8.34), (1.07, 5.23)]]",16
"[[(0.69, 4.85), (2.96, 7.12)]]",20
"[[(2.3, 6.46), (7.22, 11.38)]]",16
"[[(0.09, 4.25), (10.26, 14.42)]]",16
"[[(2.8, 6.96), (8.46, 12.62)]]",16
"[[(6.96, 11.12), (4.91, 9.07)]]",25
"[[(6.55, 10.71), (6.06, 10.22)]]",16
"[[(6.2, 10.36), (9.03, 13.19)]]",16
"[[(6.61, 10.77), (10.6, 14.76)]]",16
"[[(0.24, 4.4), (9.38, 13.54)]]",16
"[[(3.0, 7.16), (0.17, 4.33)]]",20
"[[(3.35, 7.51), (5.83, 9.99)]]",16
"[[(7.2, 11.36), (6.09, 10.25)]]",16
"[[(0.31, 4.47), (8.04, 12.2)]]",16
"[[(9.42, 13.58), (2.6, 6.76)]]",16
"[[(10.28, 14.44), (10.43, 14.59)]]",16
"[[(2.77, 6.93), (0.29, 4.45)]]",16
"[[(10.42, 14.58), (10.03, 14.19)]]",16
"[[(1.01, 5.17), (6.43, 10.59)]]",16
"[[(0.04, 4.2), (8.12, 12.28)]]",16
"[[(4.55, 8.71), (7.79, 11.95)]]",16
"[[(7.8, 11.96), (6.39, 10.55)]]",16
"[[(4.74, 8.9), (2.8, 6.96)]]",16
"[[(5.55, 9.71), (5.66, 9.82)]]",16
"[[(10.25, 14.41), (9.86, 14.02)]]",20
"[[(10.59, 14.75), (3.48, 7.64)]]",16
"[[(6.85, 11.01), (0.78, 4.94)]]",20
"[[(0.66, 4.82), (6.85, 11.01)]]",20
"[[(5.6, 9.76), (0.2, 4.36)]]",16
"[[(7.47, 11.63), (5.54, 9.7)]]",16
"[[(0.51, 4.67), (4.87, 9.03)]]",20
"[[(5.7, 9.86), (2.88, 7.04)]]",20
"[[(4.58, 8.74), (7.08, 11.24)]]",16
"[[(9.85, 14.01), (9.48, 13.64)]]",20
"[[(6.73, 10.89), (8.06, 12.22)]]",16
"[[(1.18, 5.34), (2.12, 6.28)]]",16
"[[(0.97, 5.13), (2.37, 6.53)]]",20
"[[(10.52, 14.68), (5.01, 9.17)]]",16
"[[(4.14, 8.3), (2.26, 6.42)]]",16
"[[(10.44, 14.6), (2.89, 7.05)]]",20
"[[(10.8, 14.96), (7.59, 11.75)]]",16
"[[(5.27, 9.43), (6.1, 10.26)]]",16
"[[(3.85, 8.01), (9.49, 13.65)]]",20
"[[(7.98, 12.14), (4.16, 8.32)]]",20
"[[(3.83, 7.99), (10.25, 14.41)]]",16
"[[(1.48, 5.64), (9.51, 13.67)]]",16
"[[(0.65, 4.81), (9.46, 13.62)]]",16
"[[(3.28, 7.44), (9.87, 14.03)]]",20
"[[(4.71, 8.87), (9.96, 14.12)]]",20
"[[(7.48, 11.64), (6.05, 10.21)]]",16
"[[(7.89, 12.05), (1.89, 6.05)]]",25
"[[(1.47, 5.63), (0.25, 4.41)]]",16
"[[(2.99, 7.15), (5.03, 9.19)]]",20
"[[(6.47, 10.63), (4.16, 8.32)]]",16
"[[(2.32, 6.48), (6.87, 11.03)]]",20
"[[(9.63, 13.79), (1.54, 5.7)]]",16
"[[(0.65, 4.81), (1.24, 5.4)]]",16
"[[(9.55, 13.71), (8.17, 12.33)]]",16
"[[(8.14, 12.3), (6.0, 10.16)]]",20
"[[(4.68, 8.84), (4.43, 8.59)]]",16
"[[(0.21, 4.37), (0.48, 4.64)]]",16
"[[(0.2, 4.36), (8.33, 12.49)]]",16
"[[(7.9, 12.06), (2.58, 6.74)]]",20
"[[(8.49, 12.65), (9.44, 13.6)]]",16
"[[(6.74, 10.9), (0.18, 4.34)]]",16
"[[(5.56, 9.72), (0.61, 4.77)]]",16
"[[(5.62, 9.78), (0.52, 4.68)]]",16
"[[(2.34, 6.5), (6.65, 10.81)]]",16
"[[(9.25, 13.41), (7.08, 11.24)]]",16
"[[(1.96, 6.12), (10.39, 14.55)]]",20
"[[(3.69, 7.85), (6.89, 11.05)]]",20
"[[(8.25, 12.41), (9.95, 14.11)]]",20
"[[(5.38, 9.54), (10.21, 14.37)]]",16
"[[(2.54, 6.7), (4.99, 9.15)]]",20
"[[(4.97, 9.13), (8.26, 12.42)]]",20
"[[(0.01, 4.17), (2.58, 6.74)]]",16
"[[(9.18, 13.34), (6.88, 11.04)]]",20
"[[(5.64, 9.8), (7.34, 11.5)]]",16
"[[(8.26, 12.42), (5.02, 9.18)]]",16
"[[(2.49, 6.65), (10.65, 14.81)]]",16
"[[(9.42, 13.58), (2.18, 6.34)]]",16
"[[(7.98, 12.14), (2.09, 6.25)]]",20
"[[(2.53, 6.69), (0.12, 4.28)]]",16
"[[(10.8, 14.96), (9.2, 13.36)]]",16
"[[(0.84, 5.0), (2.31, 6.47)]]",20
"[[(4.68, 8.84), (5.67, 9.83)]]",16
"[[(2.36, 6.52), (8.85, 13.01)]]",20
"[[(8.98, 13.14), (5.78, 9.94)]]",20
"[[(5.54, 9.7), (3.47, 7.63)]]",16
"[[(3.95, 8.11), (4.23, 8.39)]]",20
"[[(8.21, 12.37), (8.91, 13.07)]]",20
"[[(6.26, 10.42), (7.06, 11.22)]]",16
"[[(1.77, 5.93), (4.42, 8.58)]]",16
"[[(4.59, 8.75), (8.69, 12.85)]]",16
"[[(5.71, 9.87), (6.0, 10.16)]]",20
"[[(7.61, 11.77), (1.83, 5.99)]]",16
"[[(6.5, 10.66), (1.64, 5.8)]]",16
"[[(7.4, 11.56), (7.26, 11.42)]]",16
"[[(0.79, 4.95), (0.54, 4.7)]]",16
"[[(9.02, 13.18), (1.39, 5.55)]]",16
"[[(4.61, 8.77), (0.01, 4.17)]]",16
"[[(9.99, 14.15), (10.11, 14.27)]]",20
"[[(8.68, 12.84), (2.63, 6.79)]]",16
"[[(6.08, 10.24), (9.39, 13.55)]]",16
"[[(5.04, 9.2), (1.11, 5.27)]]",16
"[[(5.01, 9.17), (3.84, 8.0)]]",20
"[[(3.69, 7.85), (8.59, 12.75)]]",16
"[[(0.71, 4.87), (2.85, 7.01)]]",20
"[[(6.25, 10.41), (5.65, 9.81)]]",16
"[[(7.6, 11.76), (8.65, 12.81)]]",16
"[[(6.85, 11.01), (5.26, 9.42)]]",20
"[[(0.32, 4.48), (7.14, 11.3)]]",16
"[[(1.16, 5.32), (6.6, 10.76)]]",16
"[[(4.35, 8.51), (2.63, 6.79)]]",16
"[[(4.72, 8.88), (2.35, 6.51)]]",16
"[[(3.09, 7.25), (1.52, 5.68)]]",16
"[[(3.96, 8.12), (4.16, 8.32)]]",20
"[[(5.73, 9.89), (2.52, 6.68)]]",16
"[[(10.69, 14.85), (0.43, 4.59)]]",16
"[[(2.73, 6.89), (4.22, 8.38)]]",16
"[[(10.47, 14.63), (5.05, 9.21)]]",16
"[[(5.16, 9.32), (0.13, 4.29)]]",16
"[[(1.22, 5.38), (2.35, 6.51)]]",16
"[[(0.81, 4.97), (1.41, 5.57)]]",16
"[[(3.05, 7.21), (9.4, 13.56)]]",16
"[[(10.7, 14.86), (4.75, 8.91)]]",16
"[[(0.84, 5.0), (9.01, 13.17)]]",20
"[[(2.38, 6.54), (0.33, 4.49)]]",16
"[[(8.52, 12.68), (6.71, 10.87)]]",16
"[[(8.99, 13.15), (10.81, 14.97)]]",20
"[[(7.39, 11.55), (2.92, 7.08)]]",20
"[[(0.7, 4.86), (5.19, 9.35)]]",16
"[[(9.18, 13.34), (2.68, 6.84)]]",16
"[[(5.6, 9.76), (10.14, 14.3)]]",16
"[[(8.49, 12.65), (6.15, 10.31)]]",16
"[[(0.56, 4.72), (8.26, 12.42)]]",16
"[[(9.83, 13.99), (0.86, 5.02)]]",20
"[[(10.43, 14.59), (10.57, 14.73)]]",16
"[[(2.14, 6.3), (2.28, 6.44)]]",16
"[[(5.11, 9.27), (9.4, 13.56)]]",16
"[[(4.19, 8.35), (3.59, 7.75)]]",16
"[[(8.71, 12.87), (6.12, 10.28)]]",16
"[[(0.96, 5.12), (7.18, 11.34)]]",20
"[[(10.74, 14.9), (4.59, 8.75)]]",16
"[[(2.89, 7.05), (1.18, 5.34)]]",20
"[[(4.45, 8.61), (5.65, 9.81)]]",16
"[[(6.97, 11.13), (5.95, 10.11)]]",25
"[[(2.94, 7.1), (6.61, 10.77)]]",20
"[[(8.41, 12.57), (7.83, 11.99)]]",16
"[[(8.58, 12.74), (3.4, 7.56)]]",16
"[[(9.12, 13.28), (2.21, 6.37)]]",16
"[[(3.54, 7.7), (9.61, 13.77)]]",16
"[[(4.6, 8.76), (5.92, 10.08)]]",20
"[[(4.27, 8.43), (10.5, 14.66)]]",16
"[[(3.81, 7.97), (6.27, 10.43)]]",16
"[[(7.88, 12.04), (6.52, 10.68)]]",20
"[[(3.39, 7.55), (8.91, 13.07)]]",20
"[[(7.98, 12.14), (0.21, 4.37)]]",20
"[[(1.72, 5.88), (5.96, 10.12)]]",20
"[[(2.21, 6.37), (4.0, 8.16)]]",20
"[[(1.78, 5.94), (2.29, 6.45)]]",16
"[[(6.09, 10.25), (7.47, 11.63)]]",16
"[[(0.26, 4.42), (10.13, 14.29)]]",16
"[[(6.54, 10.7), (8.03, 12.19)]]",16
"[[(7.64, 11.8), (8.61, 12.77)]]",16
"[[(10.12, 14.28), (4.0, 8.16)]]",20
"[[(1.25, 5.41), (7.43, 11.59)]]",16
"[[(2.69, 6.85), (0.39, 4.55)]]",16
"[[(1.16, 5.32), (0.19, 4.35)]]",16
"[[(9.61, 13.77), (7.45, 11.61)]]",16
"[[(9.13, 13.29), (7.51, 11.67)]]",16
"[[(1.81, 5.97), (0.89, 5.05)]]",20
"[[(4.07, 8.23), (5.84, 10.0)]]",20
"[[(1.45, 5.61), (0.78, 4.94)]]",16
"[[(1.72, 5.88), (8.23, 12.39)]]",16
"[[(8.51, 12.67), (10.8, 14.96)]]",16
"[[(8.46, 12.62), (4.13, 8.29)]]",16
"[[(1.84, 6.0), (3.58, 7.74)]]",20
"[[(4.41, 8.57), (6.79, 10.95)]]",16
"[[(8.92, 13.08), (3.06, 7.22)]]",20
"[[(1.07, 5.23), (8.24, 12.4)]]",16
"[[(1.17, 5.33), (7.57, 11.73)]]",16
"[[(5.05, 9.21), (3.44, 7.6)]]",16
"[[(0.43, 4.59), (5.08, 9.24)]]",16
"[[(5.18, 9.34), (6.32, 10.48)]]",16
"[[(10.8, 14.96), (1.08, 5.24)]]",16
"[[(3.13, 7.29), (10.49, 14.65)]]",16
"[[(5.36, 9.52), (0.57, 4.73)]]",16
"[[(4.67, 8.83), (7.07, 11.23)]]",16
"[[(1.75, 5.91), (6.85, 11.01)]]",20
"[[(0.06, 4.22), (8.76, 12.92)]]",16
"[[(2.94, 7.1), (3.37, 7.53)]]",20
"[[(1.28, 5.44), (1.1, 5.26)]]",16
"[[(10.28, 14.44), (7.34, 11.5)]]",16
"[[(10.71, 14.87), (9.55, 13.71)]]",16
"[[(9.13, 13.29), (9.61, 13.77)]]",16
"[[(1.03, 5.19), (5.11, 9.27)]]",16
"[[(5.45, 9.61), (0.03, 4.19)]]",16
"[[(2.05, 6.21), (10.1, 14.26)]]",16
"[[(2.91, 7.07), (8.07, 12.23)]]",20
"[[(0.8, 4.96), (5.74, 9.9)]]",16
"[[(2.56, 6.72), (4.27, 8.43)]]",16
"[[(5.05, 9.21), (9.14, 13.3)]]",16
"[[(1.79, 5.95), (3.62, 7.78)]]",16
"[[(6.37, 10.53), (4.41, 8.57)]]",16
"[[(8.07, 12.23), (1.87, 6.03)]]",20
"[[(2.96, 7.12), (6.53, 10.69)]]",20
"[[(1.54, 5.7), (8.52, 12.68)]]",16
"[[(5.12, 9.28), (0.8, 4.96)]]",16
"[[(1.08, 5.24), (7.29, 11.45)]]",16
"[[(6.04, 10.2), (8.31, 12.47)]]",16
"[[(6.3, 10.46), (3.87, 8.03)]]",20
"[[(1.82, 5.98), (9.28, 13.44)]]",16
"[[(1.08, 5.24), (7.45, 11.61)]]",16
"[[(10.64, 14.8), (10.64, 14.8)]]",16
"[[(5.0, 9.16), (7.33, 11.49)]]",20
"[[(3.75, 7.91), (0.68, 4.84)]]",16
"[[(10.34, 14.5), (7.15, 11.31)]]",16
"[[(9.21, 13.37), (4.0, 8.16)]]",20
"[[(9.25, 13.41), (6.08, 10.24)]]",16
"[[(0.96, 5.12), (7.83, 11.99)]]",20
"[[(5.69, 9.85), (1.19, 5.35)]]",16
"[[(3.44, 7.6), (0.12, 4.28)]]",16
"[[(8.88, 13.04), (0.51, 4.67)]]",20
"[[(9.13, 13.29), (5.84, 10.0)]]",20
"[[(8.43, 12.59), (7.42, 11.58)]]",16
"[[(4.5, 8.66), (7.04, 11.2)]]",16
"[[(4.39, 8.55), (6.2, 10.36)]]",16
"[[(1.37, 5.53), (1.44, 5.6)]]",16
"[[(10.54, 14.7), (8.73, 12.89)]]",16
"[[(0.56, 4.72), (6.98, 11.14)]]",20
"[[(8.56, 12.72), (6.67, 10.83)]]",16
"[[(3.83, 7.99), (9.67, 13.83)]]",16
"[[(0.73, 4.89), (5.38, 9.54)]]",16
"[[(10.52, 14.68), (9.25, 13.41)]]",16
"[[(9.29, 13.45), (2.12, 6.28)]]",16
"[[(3.63, 7.79), (0.89, 5.05)]]",20
"[[(6.72, 10.88), (3.51, 7.67)]]",16
"[[(7.98, 12.14), (9.17, 13.33)]]",20
"[[(6.48, 10.64), (2.42, 6.58)]]",16
"[[(7.51, 11.67), (7.93, 12.09)]]",20
"[[(7.18, 11.34), (6.46, 10.62)]]",16
"[[(9.53, 13.69), (8.46, 12.62)]]",16
"[[(4.55, 8.71), (7.16, 11.32)]]",16
"[[(2.0, 6.16), (0.5, 4.66)]]",20
"[[(0.21, 4.37), (2.92, 7.08)]]",20
"[[(5.59, 9.75), (6.5, 10.66)]]",16
"[[(6.59, 10.75), (0.89, 5.05)]]",20
"[[(4.49, 8.65), (3.44, 7.6)]]",16
"[[(5.38, 9.54), (9.46, 13.62)]]",16
"[[(8.05, 12.21), (3.36, 7.52)]]",16
"[[(3.1, 7.26), (0.79, 4.95)]]",16
"[[(10.54, 14.7), (0.49, 4.65)]]",16
"[[(2.66, 6.82), (7.25, 11.41)]]",16
"[[(10.76, 14.92), (8.16, 12.32)]]",16
"[[(5.35, 9.51), (9.95, 14.11)]]",20
"[[(4.21, 8.37), (5.05, 9.21)]]",16
"[[(3.28, 7.44), (0.02, 4.18)]]",16
"[[(0.26, 4.42), (7.57, 11.73)]]",16
"[[(10.13, 14.29), (7.28, 11.44)]]",16
"[[(7.28, 11.44), (9.82, 13.98)]]",16
"[[(10.59, 14.75), (9.4, 13.56)]]",16
"[[(0.18, 4.34), (4.39, 8.55)]]",16
"[[(3.84, 8.0), (2.92, 7.08)]]",25
"[[(5.81, 9.97), (2.92, 7.08)]]",20
"[[(8.59, 12.75), (1.67, 5.83)]]",16
"[[(1.69, 5.85), (9.11, 13.27)]]",16
"[[(0.68, 4.84), (4.6, 8.76)]]",16
"[[(4.83, 8.99), (9.29, 13.45)]]",16
"[[(1.6, 5.76), (0.01, 4.17)]]",16
"[[(10.6, 14.76), (3.29, 7.45)]]",16
"[[(10.28, 14.44), (6.24, 10.4)]]",16
"[[(0.42, 4.58), (2.43, 6.59)]]",16
"[[(9.05, 13.21), (8.81, 12.97)]]",16
"[[(1.27, 5.43), (4.03, 8.19)]]",16
"[[(1.83, 5.99), (4.69, 8.85)]]",16
"[[(7.43, 11.59), (7.79, 11.95)]]",16
"[[(1.55, 5.71), (1.75, 5.91)]]",16
"[[(6.91, 11.07), (6.12, 10.28)]]",20
"[[(10.56, 14.72), (4.49, 8.65)]]",16
"[[(9.08, 13.24), (6.41, 10.57)]]",16
"[[(1.98, 6.14), (6.36, 10.52)]]",20
"[[(2.16, 6.32), (9.81, 13.97)]]",16
"[[(2.27, 6.43), (8.79, 12.95)]]",16
"[[(4.7, 8.86), (6.47, 10.63)]]",16
"[[(6.87, 11.03), (3.79, 7.95)]]",20
"[[(5.58, 9.74), (9.78, 13.94)]]",16
"[[(0.58, 4.74), (7.67, 11.83)]]",16
"[[(1.78, 5.94), (0.5, 4.66)]]",16
"[[(2.4, 6.56), (0.27, 4.43)]]",16
"[[(4.54, 8.7), (9.91, 14.07)]]",20
"[[(1.08, 5.24), (8.88, 13.04)]]",20
"[[(1.15, 5.31), (2.66, 6.82)]]",16
"[[(5.89, 10.05), (1.67, 5.83)]]",20
"[[(2.36, 6.52), (2.64, 6.8)]]",16
"[[(1.61, 5.77), (7.22, 11.38)]]",16
"[[(5.28, 9.44), (1.6, 5.76)]]",16
"[[(0.59, 4.75), (10.27, 14.43)]]",16
"[[(2.82, 6.98), (4.78, 8.94)]]",16
"[[(7.03, 11.19), (3.11, 7.27)]]",16
"[[(5.73, 9.89), (0.43, 4.59)]]",16
"[[(9.32, 13.48), (6.88, 11.04)]]",20
"[[(6.46, 10.62), (8.96, 13.12)]]",20
"[[(2.05, 6.21), (3.69, 7.85)]]",16
"[[(3.77, 7.93), (8.52, 12.68)]]",16
"[[(10.32, 14.48), (8.71, 12.87)]]",16
"[[(10.06, 14.22), (1.46, 5.62)]]",16
"[[(9.31, 13.47), (8.5, 12.66)]]",16
"[[(2.35, 6.51), (0.43, 4.59)]]",16
"[[(0.75, 4.91), (0.78, 4.94)]]",16
"[[(6.24, 10.4), (4.05, 8.21)]]",16
"[[(0.81, 4.97), (7.35, 11.51)]]",16
"[[(9.78, 13.94), (6.38, 10.54)]]",16
"[[(1.45, 5.61), (2.09, 6.25)]]",16
"[[(6.38, 10.54), (2.88, 7.04)]]",20
"[[(9.29, 13.45), (10.1, 14.26)]]",16
"[[(5.45, 9.61), (3.86, 8.02)]]",20
"[[(6.53, 10.69), (9.53, 13.69)]]",16
"[[(4.5, 8.66), (2.13, 6.29)]]",16
"[[(6.64, 10.8), (8.09, 12.25)]]",16
"[[(0.21, 4.37), (0.25, 4.41)]]",16
"[[(8.27, 12.43), (3.8, 7.96)]]",16
"[[(0.51, 4.67), (5.16, 9.32)]]",16
"[[(8.61, 12.77), (1.76, 5.92)]]",16
"[[(10.07, 14.23), (3.64, 7.8)]]",16
"[[(7.48, 11.64), (6.91, 11.07)]]",20
"[[(5.82, 9.98), (1.77, 5.93)]]",16
"[[(8.97, 13.13), (3.46, 7.62)]]",20
"[[(8.58, 12.74), (4.6, 8.76)]]",16
"[[(8.19, 12.35), (0.52, 4.68)]]",16
"[[(9.54, 13.7), (2.98, 7.14)]]",20
"[[(6.2, 10.36), (0.57, 4.73)]]",16
"[[(3.3, 7.46), (5.65, 9.81)]]",16
"[[(1.92, 6.08), (5.95, 10.11)]]",25
"[[(7.25, 11.41), (1.04, 5.2)]]",16
"[[(5.83, 9.99), (10.43, 14.59)]]",16
"[[(0.47, 4.63), (1.22, 5.38)]]",16
"[[(6.82, 10.98), (0.16, 4.32)]]",16
"[[(2.14, 6.3), (6.42, 10.58)]]",16
"[[(0.62, 4.78), (1.22, 5.38)]]",16
"[[(0.67, 4.83), (4.92, 9.08)]]",20
"[[(4.02, 8.18), (3.65, 7.81)]]",16
"[[(1.76, 5.92), (6.24, 10.4)]]",16
"[[(0.51, 4.67), (10.46, 14.62)]]",16
"[[(7.6, 11.76), (9.87, 14.03)]]",20
"[[(9.62, 13.78), (10.68, 14.84)]]",16
"[[(0.21, 4.37), (10.15, 14.31)]]",16
"[[(2.7, 6.86), (10.31, 14.47)]]",16
"[[(1.67, 5.83), (4.62, 8.78)]]",16
"[[(5.31, 9.47), (4.98, 9.14)]]",20
"[[(5.99, 10.15), (4.44, 8.6)]]",20
"[[(8.45, 12.61), (7.09, 11.25)]]",16
"[[(2.68, 6.84), (5.43, 9.59)]]",16
"[[(3.28, 7.44), (9.21, 13.37)]]",16
"[[(10.6, 14.76), (8.64, 12.8)]]",16
"[[(9.26, 13.42), (5.76, 9.92)]]",16
"[[(2.3, 6.46), (6.99, 11.15)]]",20
"[[(9.61, 13.77), (0.45, 4.61)]]",16
"[[(4.82, 8.98), (10.26, 14.42)]]",16
"[[(7.03, 11.19), (2.84, 7.0)]]",20
"[[(0.48, 4.64), (7.2, 11.36)]]",16
"[[(9.62, 13.78), (10.34, 14.5)]]",16
"[[(10.28, 14.44), (9.44, 13.6)]]",16
"[[(2.07, 6.23), (2.22, 6.38)]]",16
"[[(4.44, 8.6), (0.37, 4.53)]]",16
"[[(7.83, 11.99), (7.32, 11.48)]]",16
"[[(6.71, 10.87), (9.66, 13.82)]]",16
"[[(1.71, 5.87), (0.88, 5.04)]]",20
"[[(3.37, 7.53), (7.11, 11.27)]]",16
"[[(8.25, 12.41), (0.93, 5.09)]]",20
"[[(3.21, 7.37), (3.72, 7.88)]]",16
"[[(9.54, 13.7), (0.73, 4.89)]]",16
"[[(1.5, 5.66), (0.01, 4.17)]]",16
"[[(5.01, 9.17), (3.25, 7.41)]]",16
"[[(9.35, 13.51), (3.99, 8.15)]]",20
"[[(6.98, 11.14), (6.03, 10.19)]]",20
"[[(10.33, 14.49), (0.16, 4.32)]]",16
"[[(7.18, 11.34), (7.1, 11.26)]]",16
"[[(10.55, 14.71), (7.08, 11.24)]]",16
"[[(7.35, 11.51), (7.82, 11.98)]]",16
"[[(1.83, 5.99), (6.97, 11.13)]]",20
"[[(8.75, 12.91), (3.48, 7.64)]]",16
"[[(1.49, 5.65), (5.81, 9.97)]]",16
"[[(6.92, 11.08), (0.06, 4.22)]]",20
"[[(6.04, 10.2), (7.17, 11.33)]]",16
"[[(8.45, 12.61), (0.27, 4.43)]]",16
"[[(4.01, 8.17), (9.91, 14.07)]]",20
"[[(4.83, 8.99), (10.59, 14.75)]]",16
"[[(5.08, 9.24), (3.27, 7.43)]]",16
"[[(9.35, 13.51), (8.99, 13.15)]]",20
"[[(1.32, 5.48), (3.52, 7.68)]]",16
"[[(7.02, 11.18), (10.17, 14.33)]]",16
"[[(3.41, 7.57), (8.97, 13.13)]]",20
"[[(4.27, 8.43), (5.11, 9.27)]]",16
"[[(6.47, 10.63), (2.14, 6.3)]]",16
"[[(1.74, 5.9), (8.84, 13.0)]]",20
"[[(0.23, 4.39), (4.57, 8.73)]]",16
"[[(3.03, 7.19), (10.8, 14.96)]]",16
"[[(5.03, 9.19), (9.21, 13.37)]]",16
"[[(2.85, 7.01), (5.36, 9.52)]]",20
"[[(8.58, 12.74), (9.16, 13.32)]]",16
"[[(7.65, 11.81), (9.26, 13.42)]]",16
"[[(2.76, 6.92), (4.21, 8.37)]]",16
"[[(0.21, 4.37), (0.92, 5.08)]]",20
"[[(9.51, 13.67), (0.74, 4.9)]]",16
"[[(7.66, 11.82), (9.77, 13.93)]]",16
"[[(9.72, 13.88), (1.86, 6.02)]]",20
"[[(4.49, 8.65), (9.39, 13.55)]]",16
"[[(5.37, 9.53), (7.82, 11.98)]]",16
"[[(3.66, 7.82), (6.04, 10.2)]]",16
"[[(8.87, 13.03), (4.22, 8.38)]]",20
"[[(2.02, 6.18), (7.92, 12.08)]]",20
"[[(2.0, 6.16), (8.3, 12.46)]]",20
"[[(6.1, 10.26), (0.63, 4.79)]]",16
"[[(8.88, 13.04), (8.12, 12.28)]]",20
"[[(7.7, 11.86), (7.22, 11.38)]]",16
"[[(5.88, 10.04), (3.67, 7.83)]]",20
"[[(2.62, 6.78), (2.79, 6.95)]]",16
"[[(4.63, 8.79), (10.6, 14.76)]]",16
"[[(6.62, 10.78), (7.7, 11.86)]]",16
"[[(5.07, 9.23), (9.21, 13.37)]]",16
"[[(6.16, 10.32), (1.32, 5.48)]]",16
"[[(10.53, 14.69), (3.34, 7.5)]]",16
"[[(1.9, 6.06), (5.81, 9.97)]]",20
"[[(7.38, 11.54), (2.47, 6.63)]]",16
"[[(10.77, 14.93), (1.3, 5.46)]]",16
"[[(9.66, 13.82), (3.78, 7.94)]]",16
"[[(9.63, 13.79), (5.95, 10.11)]]",20
"[[(6.07, 10.23), (7.21, 11.37)]]",16
"[[(3.57, 7.73), (10.79, 14.95)]]",16
"[[(9.64, 13.8), (10.66, 14.82)]]",16
"[[(7.17, 11.33), (6.9, 11.06)]]",20
"[[(7.69, 11.85), (5.71, 9.87)]]",16
"[[(6.11, 10.27), (9.26, 13.42)]]",16
"[[(1.33, 5.49), (2.98, 7.14)]]",20
"[[(1.59, 5.75), (0.99, 5.15)]]",20
"[[(0.51, 4.67), (9.48, 13.64)]]",16
"[[(8.4, 12.56), (4.87, 9.03)]]",20
"[[(5.42, 9.58), (7.86, 12.02)]]",20
"[[(8.91, 13.07), (6.68, 10.84)]]",20
"[[(3.4, 7.56), (5.51, 9.67)]]",16
"[[(8.52, 12.68), (6.72, 10.88)]]",16
"[[(10.82, 14.98), (4.4, 8.56)]]",16
"[[(7.34, 11.5), (8.62, 12.78)]]",16
"[[(5.66, 9.82), (3.25, 7.41)]]",16
"[[(10.47, 14.63), (5.06, 9.22)]]",16
"[[(3.35, 7.51), (7.19, 11.35)]]",16
"[[(3.41, 7.57), (9.1, 13.26)]]",16
"[[(2.24, 6.4), (10.22, 14.38)]]",16
"[[(3.23, 7.39), (8.32, 12.48)]]",16
"[[(3.21, 7.37), (10.55, 14.71)]]",16
"[[(7.5, 11.66), (6.81, 10.97)]]",16
"[[(1.49, 5.65), (6.5, 10.66)]]",16
"[[(9.67, 13.83), (10.23, 14.39)]]",16
"[[(5.0, 9.16), (10.27, 14.43)]]",20
"[[(6.27, 10.43), (1.82, 5.98)]]",16
"[[(4.03, 8.19), (0.54, 4.7)]]",16
"[[(0.8, 4.96), (9.41, 13.57)]]",16
"[[(2.98, 7.14), (5.15, 9.31)]]",20
"[[(5.79, 9.95), (3.27, 7.43)]]",16
"[[(4.74, 8.9), (0.8, 4.96)]]",16
"[[(5.12, 9.28), (10.68, 14.84)]]",16
"[[(6.27, 10.43), (2.85, 7.01)]]",20
"[[(5.82, 9.98), (10.59, 14.75)]]",16
"[[(10.59, 14.75), (0.78, 4.94)]]",16
"[[(4.84, 9.0), (1.9, 6.06)]]",25
"[[(7.75, 11.91), (4.76, 8.92)]]",16
"[[(8.51, 12.67), (9.13, 13.29)]]",16
"[[(4.02, 8.18), (6.52, 10.68)]]",16
"[[(5.91, 10.07), (7.93, 12.09)]]",25
"[[(8.86, 13.02), (0.28, 4.44)]]",20
"[[(7.57, 11.73), (9.25, 13.41)]]",16
"[[(4.36, 8.52), (8.81, 12.97)]]",16
"[[(4.65, 8.81), (9.22, 13.38)]]",16
"[[(8.04, 12.2), (1.83, 5.99)]]",16
"[[(1.69, 5.85), (9.4, 13.56)]]",16
"[[(9.93, 14.09), (8.13, 12.29)]]",20
"[[(3.75, 7.91), (4.6, 8.76)]]",16
"[[(0.32, 4.48), (9.26, 13.42)]]",16
"[[(4.14, 8.3), (10.64, 14.8)]]",16
"[[(7.27, 11.43), (4.59, 8.75)]]",16
"[[(3.14, 7.3), (7.21, 11.37)]]",16
"[[(2.06, 6.22), (3.1, 7.26)]]",16
"[[(4.57, 8.73), (1.98, 6.14)]]",20
"[[(5.18, 9.34), (0.5, 4.66)]]",16
"[[(5.98, 10.14), (3.88, 8.04)]]",25
"[[(7.68, 11.84), (0.43, 4.59)]]",16
"[[(9.49, 13.65), (4.69, 8.85)]]",16
"[[(2.51, 6.67), (5.9, 10.06)]]",20
"[[(7.48, 11.64), (0.08, 4.24)]]",16
"[[(10.68, 14.84), (2.53, 6.69)]]",16
"[[(1.29, 5.45), (0.17, 4.33)]]",16
"[[(6.06, 10.22), (9.6, 13.76)]]",16
"[[(9.21, 13.37), (3.08, 7.24)]]",16
"[[(3.06, 7.22), (6.47, 10.63)]]",16
"[[(10.79, 14.95), (9.81, 13.97)]]",16
"[[(9.76, 13.92), (8.13, 12.29)]]",16
"[[(9.81, 13.97), (5.91, 10.07)]]",20
"[[(6.73, 10.89), (7.8, 11.96)]]",16
"[[(9.56, 13.72), (8.65, 12.81)]]",16
"[[(2.65, 6.81), (7.51, 11.67)]]",16
"[[(0.3, 4.46), (0.09, 4.25)]]",16
"[[(7.96, 12.12), (9.04, 13.2)]]",20
"[[(1.22, 5.38), (3.67, 7.83)]]",16
"[[(5.48, 9.64), (5.64, 9.8)]]",16
"[[(0.39, 4.55), (2.04, 6.2)]]",16
"[[(7.43, 11.59), (2.13, 6.29)]]",16
"[[(0.16, 4.32), (2.19, 6.35)]]",16
"[[(9.69, 13.85), (0.58, 4.74)]]",16
"[[(8.98, 13.14), (9.76, 13.92)]]",20
"[[(6.76, 10.92), (2.61, 6.77)]]",16
"[[(3.04, 7.2), (1.28, 5.44)]]",16
"[[(6.52, 10.68), (9.16, 13.32)]]",16
"[[(1.62, 5.78), (4.03, 8.19)]]",16
"[[(0.83, 4.99), (4.01, 8.17)]]",16
"[[(9.96, 14.12), (4.98, 9.14)]]",25
"[[(5.3, 9.46), (8.57, 12.73)]]",16
"[[(1.21, 5.37), (0.24, 4.4)]]",16
"[[(2.0, 6.16), (6.15, 10.31)]]",20
"[[(10.01, 14.17), (5.63, 9.79)]]",16
"[[(5.85, 10.01), (3.06, 7.22)]]",20
"[[(6.35, 10.51), (8.34, 12.5)]]",16
"[[(4.79, 8.95), (3.03, 7.19)]]",16
"[[(2.31, 6.47), (3.15, 7.31)]]",16
"[[(8.19, 12.35), (4.31, 8.47)]]",16
"[[(4.92, 9.08), (10.8, 14.96)]]",20
"[[(2.83, 6.99), (5.77, 9.93)]]",16
"[[(3.1, 7.26), (4.03, 8.19)]]",16
"[[(4.37, 8.53), (5.47, 9.63)]]",16
"[[(3.91, 8.07), (9.92, 14.08)]]",25
"[[(0.7, 4.86), (7.28, 11.44)]]",16
"[[(8.99, 13.15), (9.55, 13.71)]]",20
"[[(3.46, 7.62), (7.52, 11.68)]]",16
"[[(8.27, 12.43), (6.8, 10.96)]]",16
"[[(6.61, 10.77), (0.08, 4.24)]]",16
"[[(8.64, 12.8), (6.5, 10.66)]]",16
"[[(3.72, 7.88), (4.22, 8.38)]]",16
"[[(10.59, 14.75), (9.56, 13.72)]]",16
"[[(0.4, 4.56), (9.55, 13.71)]]",16
"[[(3.35, 7.51), (4.08, 8.24)]]",16
"[[(6.19, 10.35), (3.97, 8.13)]]",20
"[[(9.38, 13.54), (10.47, 14.63)]]",16
"[[(4.61, 8.77), (4.95, 9.11)]]",20
"[[(10.39, 14.55), (10.67, 14.83)]]",16
"[[(6.36, 10.52), (0.78, 4.94)]]",16
"[[(1.71, 5.87), (4.07, 8.23)]]",16
"[[(0.8, 4.96), (2.46, 6.62)]]",16
"[[(9.6, 13.76), (1.53, 5.69)]]",16
"[[(0.29, 4.45), (6.17, 10.33)]]",16
"[[(7.13, 11.29), (9.33, 13.49)]]",16
"[[(5.31, 9.47), (3.75, 7.91)]]",16
"[[(3.66, 7.82), (3.37, 7.53)]]",16
"[[(0.82, 4.98), (10.82, 14.98)]]",16
"[[(2.25, 6.41), (7.44, 11.6)]]",16
"[[(5.23, 9.39), (5.06, 9.22)]]",16
"[[(0.24, 4.4), (5.8, 9.96)]]",16
"[[(1.96, 6.12), (8.12, 12.28)]]",20
"[[(0.62, 4.78), (9.88, 14.04)]]",20
"[[(8.05, 12.21), (7.88, 12.04)]]",20
"[[(1.88, 6.04), (10.39, 14.55)]]",20
"[[(2.72, 6.88), (5.41, 9.57)]]",16
"[[(2.59, 6.75), (8.6, 12.76)]]",16
"[[(6.66, 10.82), (1.64, 5.8)]]",16
"[[(9.04, 13.2), (10.21, 14.37)]]",16
"[[(5.29, 9.45), (7.89, 12.05)]]",20
"[[(3.66, 7.82), (2.88, 7.04)]]",20
"[[(6.4, 10.56), (1.86, 6.02)]]",20
"[[(0.27, 4.43), (4.87, 9.03)]]",20
"[[(4.28, 8.44), (10.66, 14.82)]]",16
"[[(3.03, 7.19), (1.26, 5.42)]]",16
"[[(2.07, 6.23), (2.94, 7.1)]]",20
"[[(4.65, 8.81), (8.83, 12.99)]]",16
"[[(10.01, 14.17), (9.49, 13.65)]]",16
"[[(0.43, 4.59), (9.6, 13.76)]]",16
"[[(4.8, 8.96), (2.98, 7.14)]]",20
"[[(10.29, 14.45), (10.47, 14.63)]]",16
"[[(9.88, 14.04), (3.92, 8.08)]]",25
"[[(3.95, 8.11), (5.06, 9.22)]]",20
"[[(6.92, 11.08), (9.97, 14.13)]]",25
"[[(5.49, 9.65), (4.83, 8.99)]]",16
"[[(9.72, 13.88), (3.86, 8.02)]]",20
"[[(0.83, 4.99), (1.18, 5.34)]]",16
"[[(9.11, 13.27), (7.83, 11.99)]]",16
"[[(4.39, 8.55), (4.98, 9.14)]]",20
"[[(1.06, 5.22), (0.4, 4.56)]]",16
"[[(4.56, 8.72), (2.27, 6.43)]]",16
"[[(7.9, 12.06), (6.22, 10.38)]]",20
"[[(10.63, 14.79), (3.71, 7.87)]]",16
"[[(10.06, 14.22), (6.16, 10.32)]]",16
"[[(9.06, 13.22), (2.7, 6.86)]]",16
"[[(4.55, 8.71), (0.07, 4.23)]]",16
"[[(3.87, 8.03), (10.06, 14.22)]]",20
"[[(3.59, 7.75), (5.24, 9.4)]]",16
"[[(7.15, 11.31), (8.76, 12.92)]]",16
"[[(8.54, 12.7), (4.63, 8.79)]]",16
"[[(6.52, 10.68), (6.1, 10.26)]]",16
"[[(0.11, 4.27), (6.42, 10.58)]]",16
"[[(8.03, 12.19), (7.26, 11.42)]]",16
"[[(1.7, 5.86), (10.3, 14.46)]]",16
"[[(4.24, 8.4), (7.92, 12.08)]]",20
"[[(4.85, 9.01), (0.79, 4.95)]]",20
"[[(1.34, 5.5), (8.11, 12.27)]]",16
"[[(0.86, 5.02), (3.46, 7.62)]]",20
"[[(5.74, 9.9), (0.54, 4.7)]]",16
"[[(7.04, 11.2), (5.73, 9.89)]]",16
"[[(8.61, 12.77), (5.44, 9.6)]]",16
"[[(9.92, 14.08), (10.01, 14.17)]]",20
"[[(3.49, 7.65), (2.89, 7.05)]]",20
"[[(9.9, 14.06), (6.72, 10.88)]]",20
"[[(4.31, 8.47), (6.73, 10.89)]]",16
"[[(8.06, 12.22), (8.68, 12.84)]]",16
"[[(9.81, 13.97), (5.17, 9.33)]]",16
"[[(7.11, 11.27), (6.63, 10.79)]]",16
"[[(9.25, 13.41), (9.73, 13.89)]]",16
"[[(6.48, 10.64), (5.09, 9.25)]]",16
"[[(4.33, 8.49), (9.92, 14.08)]]",20
"[[(2.3, 6.46), (8.21, 12.37)]]",16
"[[(0.09, 4.25), (3.79, 7.95)]]",16
"[[(5.8, 9.96), (2.43, 6.59)]]",16
"[[(0.46, 4.62), (2.84, 7.0)]]",20
"[[(2.2, 6.36), (1.42, 5.58)]]",16
"[[(7.55, 11.71), (10.51, 14.67)]]",16
"[[(5.81, 9.97), (5.16, 9.32)]]",16
"[[(8.5, 12.66), (9.23, 13.39)]]",16
"[[(5.43, 9.59), (4.85, 9.01)]]",20
"[[(7.72, 11.88), (10.03, 14.19)]]",16
"[[(0.47, 4.63), (7.63, 11.79)]]",16
"[[(9.3, 13.46), (3.09, 7.25)]]",16
"[[(2.87, 7.03), (4.62, 8.78)]]",20
"[[(3.81, 7.97), (2.7, 6.86)]]",16
"[[(6.44, 10.6), (3.86, 8.02)]]",20
"[[(1.61, 5.77), (4.08, 8.24)]]",16
"[[(6.19, 10.35), (1.21, 5.37)]]",16
"[[(1.75, 5.91), (5.76, 9.92)]]",16
"[[(9.72, 13.88), (1.08, 5.24)]]",16
"[[(6.4, 10.56), (0.22, 4.38)]]",16
"[[(5.1, 9.26), (9.27, 13.43)]]",16
"[[(10.2, 14.36), (10.35, 14.51)]]",16
"[[(7.88, 12.04), (8.28, 12.44)]]",20
"[[(5.14, 9.3), (4.53, 8.69)]]",16
"[[(5.04, 9.2), (9.04, 13.2)]]",16
"[[(7.11, 11.27), (3.09, 7.25)]]",16
"[[(2.07, 6.23), (9.09, 13.25)]]",16
"[[(1.88, 6.04), (6.97, 11.13)]]",25
"[[(0.82, 4.98), (2.07, 6.23)]]",16
"[[(1.67, 5.83), (7.18, 11.34)]]",16
"[[(9.35, 13.51), (0.75, 4.91)]]",16
"[[(7.16, 11.32), (0.89, 5.05)]]",20
"[[(5.9, 10.06), (6.22, 10.38)]]",20
"[[(4.0, 8.16), (9.83, 13.99)]]",20
"[[(9.83, 13.99), (1.41, 5.57)]]",16
"[[(5.75, 9.91), (1.57, 5.73)]]",16
"[[(1.38, 5.54), (7.83, 11.99)]]",16
"[[(1.26, 5.42), (6.96, 11.12)]]",20
"[[(6.39, 10.55), (5.55, 9.71)]]",16
"[[(2.08, 6.24), (2.76, 6.92)]]",16
"[[(9.95, 14.11), (2.63, 6.79)]]",20
"[[(8.77, 12.93), (4.96, 9.12)]]",20
"[[(1.98, 6.14), (3.39, 7.55)]]",20
"[[(9.28, 13.44), (7.11, 11.27)]]",16
"[[(6.52, 10.68), (7.6, 11.76)]]",16
"[[(7.6, 11.76), (6.43, 10.59)]]",16
"[[(10.35, 14.51), (4.47, 8.63)]]",16
"[[(1.43, 5.59), (5.43, 9.59)]]",16
"[[(0.68, 4.84), (2.49, 6.65)]]",16
"[[(6.68, 10.84), (1.29, 5.45)]]",16
"[[(8.63, 12.79), (5.75, 9.91)]]",16
"[[(2.11, 6.27), (7.49, 11.65)]]",16
"[[(10.61, 14.77), (6.55, 10.71)]]",16
"[[(7.33, 11.49), (0.15, 4.31)]]",16
"[[(1.38, 5.54), (2.43, 6.59)]]",16
"[[(0.68, 4.84), (7.7, 11.86)]]",16
"[[(4.74, 8.9), (2.63, 6.79)]]",16
"[[(10.57, 14.73), (2.61, 6.77)]]",16
"[[(5.46, 9.62), (10.04, 14.2)]]",16
"[[(7.77, 11.93), (1.53, 5.69)]]",16
"[[(3.0, 7.16), (2.36, 6.52)]]",20
"[[(9.84, 14.0), (4.34, 8.5)]]",20
"[[(7.68, 11.84), (10.56, 14.72)]]",16
"[[(8.33, 12.49), (1.41, 5.57)]]",16
"[[(1.77, 5.93), (5.48, 9.64)]]",16
"[[(9.47, 13.63), (4.64, 8.8)]]",16
"[[(7.58, 11.74), (6.06, 10.22)]]",16
"[[(7.18, 11.34), (1.81, 5.97)]]",16
"[[(6.06, 10.22), (7.41, 11.57)]]",16
"[[(7.18, 11.34), (1.24, 5.4)]]",16
"[[(1.61, 5.77), (9.94, 14.1)]]",20
"[[(10.52, 14.68), (7.57, 11.73)]]",16
"[[(0.33, 4.49), (3.27, 7.43)]]",16
"[[(7.34, 11.5), (7.32, 11.48)]]",16
"[[(8.72, 12.88), (1.84, 6.0)]]",20
"[[(7.93, 12.09), (5.34, 9.5)]]",20
"[[(6.99, 11.15), (1.11, 5.27)]]",20
"[[(2.39, 6.55), (5.39, 9.55)]]",16
"[[(2.53, 6.69), (7.62, 11.78)]]",16
"[[(3.43, 7.59), (6.75, 10.91)]]",16
"[[(1.16, 5.32), (3.36, 7.52)]]",16
"[[(10.19, 14.35), (6.77, 10.93)]]",16
"[[(8.96, 13.12), (3.09, 7.25)]]",20
"[[(6.88, 11.04), (5.21, 9.37)]]",20
"[[(1.78, 5.94), (2.54, 6.7)]]",16
"[[(0.45, 4.61), (7.3, 11.46)]]",16
"[[(3.0, 7.16), (6.25, 10.41)]]",20
"[[(3.27, 7.43), (8.25, 12.41)]]",16
"[[(3.48, 7.64), (0.86, 5.02)]]",20
"[[(1.19, 5.35), (10.82, 14.98)]]",16
"[[(5.41, 9.57), (5.81, 9.97)]]",16
"[[(5.02, 9.18), (1.99, 6.15)]]",20
"[[(6.18, 10.34), (8.52, 12.68)]]",16
"[[(3.0, 7.16), (9.58, 13.74)]]",20
"[[(9.65, 13.81), (2.18, 6.34)]]",16
"[[(4.71, 8.87), (3.79, 7.95)]]",16
"[[(0.62, 4.78), (6.59, 10.75)]]",16
"[[(7.65, 11.81), (3.64, 7.8)]]",16
"[[(5.5, 9.66), (9.93, 14.09)]]",20
"[[(2.44, 6.6), (0.42, 4.58)]]",16
"[[(6.83, 10.99), (4.08, 8.24)]]",16
"[[(3.13, 7.29), (9.44, 13.6)]]",16
"[[(6.76, 10.92), (9.3, 13.46)]]",16
"[[(8.57, 12.73), (3.59, 7.75)]]",16
"[[(10.11, 14.27), (7.64, 11.8)]]",16
"[[(0.95, 5.11), (8.48, 12.64)]]",20
"[[(6.64, 10.8), (1.63, 5.79)]]",16
"[[(9.58, 13.74), (3.5, 7.66)]]",16
"[[(7.97, 12.13), (7.37, 11.53)]]",20
"[[(10.33, 14.49), (0.0, 4.16)]]",20
"[[(4.68, 8.84), (7.53, 11.69)]]",16
"[[(6.27, 10.43), (1.69, 5.85)]]",16
"[[(3.03, 7.19), (6.96, 11.12)]]",20
"[[(7.25, 11.41), (3.58, 7.74)]]",16
"[[(8.64, 12.8), (9.57, 13.73)]]",16
"[[(7.24, 11.4), (5.64, 9.8)]]",16
"[[(10.44, 14.6), (6.74, 10.9)]]",16
"[[(1.16, 5.32), (9.21, 13.37)]]",16
"[[(5.71, 9.87), (10.32, 14.48)]]",16
"[[(0.84, 5.0), (6.75, 10.91)]]",20
"[[(3.63, 7.79), (3.9, 8.06)]]",20
"[[(5.46, 9.62), (0.5, 4.66)]]",16
"[[(8.86, 13.02), (2.01, 6.17)]]",20
"[[(6.78, 10.94), (0.86, 5.02)]]",20
"[[(4.82, 8.98), (10.67, 14.83)]]",16
"[[(6.42, 10.58), (6.91, 11.07)]]",20
"[[(9.36, 13.52), (2.5, 6.66)]]",16
"[[(9.29, 13.45), (3.77, 7.93)]]",16
"[[(6.19, 10.35), (2.58, 6.74)]]",16
"[[(4.09, 8.25), (9.66, 13.82)]]",16
"[[(8.66, 12.82), (4.28, 8.44)]]",16
"[[(2.88, 7.04), (0.8, 4.96)]]",20
"[[(0.38, 4.54), (10.33, 14.49)]]",16
"[[(8.04, 12.2), (7.98, 12.14)]]",20
"[[(5.07, 9.23), (8.75, 12.91)]]",16
"[[(0.33, 4.49), (1.17, 5.33)]]",16
"[[(8.91, 13.07), (0.16, 4.32)]]",20
"[[(3.08, 7.24), (3.83, 7.99)]]",16
"[[(8.44, 12.6), (2.16, 6.32)]]",16
"[[(0.8, 4.96), (9.22, 13.38)]]",16
"[[(8.48, 12.64), (0.12, 4.28)]]",16
"[[(2.09, 6.25), (4.09, 8.25)]]",16
"[[(2.02, 6.18), (5.85, 10.01)]]",20
"[[(1.49, 5.65), (6.73, 10.89)]]",16
"[[(0.86, 5.02), (2.77, 6.93)]]",20
"[[(10.05, 14.21), (0.25, 4.41)]]",16
"[[(4.93, 9.09), (0.8, 4.96)]]",20
"[[(6.98, 11.14), (8.04, 12.2)]]",20
"[[(9.67, 13.83), (0.27, 4.43)]]",16
"[[(1.23, 5.39), (9.63, 13.79)]]",16
"[[(10.01, 14.17), (10.49, 14.65)]]",16
"[[(3.72, 7.88), (3.25, 7.41)]]",16
"[[(2.85, 7.01), (4.24, 8.4)]]",20
"[[(3.67, 7.83), (6.35, 10.51)]]",16
"[[(1.47, 5.63), (3.76, 7.92)]]",16
"[[(9.55, 13.71), (9.48, 13.64)]]",16
"[[(10.39, 14.55), (4.7, 8.86)]]",16
"[[(5.87, 10.03), (5.6, 9.76)]]",20
"[[(9.69, 13.85), (1.08, 5.24)]]",16
"[[(0.48, 4.64), (6.24, 10.4)]]",16
"[[(5.91, 10.07), (1.33, 5.49)]]",20
"[[(7.19, 11.35), (10.53, 14.69)]]",16
"[[(6.74, 10.9), (10.0, 14.16)]]",20
"[[(4.89, 9.05), (6.81, 10.97)]]",20
"[[(1.23, 5.39), (5.96, 10.12)]]",20
"[[(1.88, 6.04), (8.68, 12.84)]]",20
"[[(5.29, 9.45), (2.91, 7.07)]]",20
"[[(8.9, 13.06), (6.09, 10.25)]]",20
"[[(0.95, 5.11), (2.59, 6.75)]]",20
"[[(9.25, 13.41), (8.18, 12.34)]]",16
"[[(1.9, 6.06), (8.97, 13.13)]]",25
"[[(1.26, 5.42), (8.47, 12.63)]]",16
"[[(2.17, 6.33), (5.88, 10.04)]]",20
"[[(4.55, 8.71), (7.18, 11.34)]]",16
"[[(0.02, 4.18), (5.29, 9.45)]]",16
"[[(6.44, 10.6), (7.98, 12.14)]]",20
"[[(4.98, 9.14), (4.2, 8.36)]]",20
"[[(5.34, 9.5), (7.23, 11.39)]]",16
"[[(5.61, 9.77), (6.14, 10.3)]]",16
"[[(4.31, 8.47), (7.3, 11.46)]]",16
"[[(3.45, 7.61), (6.34, 10.5)]]",16
"[[(3.85, 8.01), (2.87, 7.03)]]",25
"[[(6.81, 10.97), (8.76, 12.92)]]",16
"[[(0.68, 4.84), (4.0, 8.16)]]",20
"[[(6.28, 10.44), (7.71, 11.87)]]",16
"[[(1.71, 5.87), (0.29, 4.45)]]",16
"[[(5.23, 9.39), (1.27, 5.43)]]",16
"[[(10.72, 14.88), (7.23, 11.39)]]",16
"[[(9.21, 13.37), (9.33, 13.49)]]",16
"[[(5.1, 9.26), (7.7, 11.86)]]",16
"[[(4.54, 8.7), (2.04, 6.2)]]",16
"[[(2.02, 6.18), (9.66, 13.82)]]",16
"[[(6.05, 10.21), (6.74, 10.9)]]",16
"[[(1.22, 5.38), (7.86, 12.02)]]",20
"[[(6.41, 10.57), (4.75, 8.91)]]",16
"[[(7.88, 12.04), (1.66, 5.82)]]",20
"[[(5.8, 9.96), (7.13, 11.29)]]",16
"[[(0.97, 5.13), (6.52, 10.68)]]",20
"[[(9.79, 13.95), (5.91, 10.07)]]",20
"[[(10.1, 14.26), (0.57, 4.73)]]",16
"[[(2.94, 7.1), (8.81, 12.97)]]",20
"[[(4.27, 8.43), (4.43, 8.59)]]",16
"[[(8.33, 12.49), (5.68, 9.84)]]",16
"[[(3.0, 7.16), (10.07, 14.23)]]",20
"[[(1.37, 5.53), (2.51, 6.67)]]",16
"[[(2.89, 7.05), (1.96, 6.12)]]",25
"[[(2.92, 7.08), (7.67, 11.83)]]",20
"[[(8.29, 12.45), (9.0, 13.16)]]",20
"[[(4.75, 8.91), (2.94, 7.1)]]",20
"[[(9.51, 13.67), (0.25, 4.41)]]",16
"[[(2.39, 6.55), (5.14, 9.3)]]",16
"[[(0.79, 4.95), (8.75, 12.91)]]",16
"[[(2.96, 7.12), (4.57, 8.73)]]",20
"[[(4.09, 8.25), (5.1, 9.26)]]",16
"[[(7.91, 12.07), (9.25, 13.41)]]",20
"[[(5.04, 9.2), (10.21, 14.37)]]",16
"[[(9.19, 13.35), (4.09, 8.25)]]",16
"[[(10.32, 14.48), (0.07, 4.23)]]",16
"[[(7.37, 11.53), (7.53, 11.69)]]",16
"[[(4.89, 9.05), (6.29, 10.45)]]",20
"[[(9.87, 14.03), (5.65, 9.81)]]",20
"[[(1.82, 5.98), (0.18, 4.34)]]",16
"[[(9.02, 13.18), (6.91, 11.07)]]",20
"[[(0.36, 4.52), (1.0, 5.16)]]",20
"[[(7.87, 12.03), (5.24, 9.4)]]",20
"[[(5.97, 10.13), (3.79, 7.95)]]",20
"[[(1.09, 5.25), (7.83, 11.99)]]",16
"[[(1.66, 5.82), (3.58, 7.74)]]",16
"[[(1.82, 5.98), (9.01, 13.17)]]",16
"[[(7.28, 11.44), (5.44, 9.6)]]",16
"[[(8.04, 12.2), (4.1, 8.26)]]",16
"[[(5.41, 9.57), (6.3, 10.46)]]",16
"[[(7.5, 11.66), (5.2, 9.36)]]",16
"[[(8.71, 12.87), (3.84, 8.0)]]",20
"[[(3.15, 7.31), (6.91, 11.07)]]",20
"[[(10.19, 14.35), (3.68, 7.84)]]",16
"[[(4.05, 8.21), (7.68, 11.84)]]",16
"[[(7.26, 11.42), (6.86, 11.02)]]",20
"[[(6.4, 10.56), (2.34, 6.5)]]",16
"[[(4.23, 8.39), (1.73, 5.89)]]",16
"[[(5.44, 9.6), (7.85, 12.01)]]",20
"[[(0.16, 4.32), (1.73, 5.89)]]",16
"[[(2.58, 6.74), (8.72, 12.88)]]",16
"[[(9.82, 13.98), (2.4, 6.56)]]",16
"[[(7.63, 11.79), (1.75, 5.91)]]",16
"[[(5.64, 9.8), (5.11, 9.27)]]",16
"[[(3.56, 7.72), (10.66, 14.82)]]",16
"[[(3.4, 7.56), (5.43, 9.59)]]",16
"[[(10.64, 14.8), (0.68, 4.84)]]",16
"[[(8.92, 13.08), (10.84, 15.0)]]",25
"[[(5.79, 9.95), (6.24, 10.4)]]",16
"[[(1.17, 5.33), (8.69, 12.85)]]",16
"[[(4.52, 8.68), (5.46, 9.62)]]",16
"[[(9.97, 14.13), (1.67, 5.83)]]",20
"[[(3.26, 7.42), (0.92, 5.08)]]",20
"[[(4.29, 8.45), (9.93, 14.09)]]",20
"[[(3.24, 7.4), (1.0, 5.16)]]",20
"[[(7.53, 11.69), (7.08, 11.24)]]",16
"[[(4.74, 8.9), (6.88, 11.04)]]",20
"[[(8.2, 12.36), (0.3, 4.46)]]",16
"[[(0.34, 4.5), (3.13, 7.29)]]",16
"[[(8.8, 12.96), (10.12, 14.28)]]",16
"[[(10.27, 14.43), (7.56, 11.72)]]",16
"[[(8.7, 12.86), (9.02, 13.18)]]",16
"[[(9.72, 13.88), (2.66, 6.82)]]",16
"[[(9.11, 13.27), (8.03, 12.19)]]",16
"[[(3.11, 7.27), (1.47, 5.63)]]",16
"[[(7.85, 12.01), (5.73, 9.89)]]",20
"[[(0.73, 4.89), (6.12, 10.28)]]",16
"[[(8.01, 12.17), (1.13, 5.29)]]",16
"[[(0.15, 4.31), (3.68, 7.84)]]",16
"[[(10.64, 14.8), (0.93, 5.09)]]",20
"[[(4.03, 8.19), (9.28, 13.44)]]",16
"[[(7.18, 11.34), (0.8, 4.96)]]",16
"[[(9.16, 13.32), (3.37, 7.53)]]",16
"[[(1.06, 5.22), (4.26, 8.42)]]",16
"[[(10.63, 14.79), (7.2, 11.36)]]",16
"[[(8.34, 12.5), (9.03, 13.19)]]",16
"[[(10.42, 14.58), (9.55, 13.71)]]",16
"[[(6.88, 11.04), (0.67, 4.83)]]",20
"[[(4.9, 9.06), (7.44, 11.6)]]",20
"[[(10.46, 14.62), (7.3, 11.46)]]",16
"[[(0.3, 4.46), (4.95, 9.11)]]",20
"[[(5.46, 9.62), (5.5, 9.66)]]",16
"[[(3.46, 7.62), (1.71, 5.87)]]",16
"[[(1.55, 5.71), (9.55, 13.71)]]",16
"[[(0.25, 4.41), (5.51, 9.67)]]",16
"[[(6.24, 10.4), (7.39, 11.55)]]",16
"[[(8.67, 12.83), (10.14, 14.3)]]",16
"[[(9.66, 13.82), (7.85, 12.01)]]",20
"[[(2.78, 6.94), (6.62, 10.78)]]",16
"[[(4.44, 8.6), (1.32, 5.48)]]",16
"[[(4.19, 8.35), (7.94, 12.1)]]",20
"[[(6.54, 10.7), (3.91, 8.07)]]",20
"[[(7.65, 11.81), (7.0, 11.16)]]",20
"[[(7.76, 11.92), (10.1, 14.26)]]",16
"[[(9.09, 13.25), (9.12, 13.28)]]",16
"[[(0.72, 4.88), (3.3, 7.46)]]",16
"[[(4.99, 9.15), (10.63, 14.79)]]",20
"[[(6.69, 10.85), (6.75, 10.91)]]",16
"[[(8.34, 12.5), (6.27, 10.43)]]",16
"[[(6.73, 10.89), (3.26, 7.42)]]",16
"[[(3.69, 7.85), (6.97, 11.13)]]",20
"[[(4.26, 8.42), (4.81, 8.97)]]",16
"[[(5.53, 9.69), (0.73, 4.89)]]",16
"[[(0.74, 4.9), (9.28, 13.44)]]",16
"[[(5.63, 9.79), (7.23, 11.39)]]",16
"[[(7.75, 11.91), (10.05, 14.21)]]",16
"[[(1.08, 5.24), (10.57, 14.73)]]",16
"[[(1.64, 5.8), (3.55, 7.71)]]",16
"[[(9.85, 14.01), (5.79, 9.95)]]",20
"[[(9.93, 14.09), (4.99, 9.15)]]",25
"[[(6.3, 10.46), (4.68, 8.84)]]",16
"[[(0.11, 4.27), (4.05, 8.21)]]",16
"[[(0.39, 4.55), (3.79, 7.95)]]",16
"[[(0.66, 4.82), (3.46, 7.62)]]",16
"[[(3.01, 7.17), (3.13, 7.29)]]",16
"[[(4.49, 8.65), (4.12, 8.28)]]",16
"[[(10.74, 14.9), (10.13, 14.29)]]",16
"[[(3.29, 7.45), (3.07, 7.23)]]",16
"[[(7.87, 12.03), (1.76, 5.92)]]",20
"[[(10.78, 14.94), (6.93, 11.09)]]",20
"[[(2.2, 6.36), (9.93, 14.09)]]",20
"[[(8.78, 12.94), (6.21, 10.37)]]",16
"[[(1.88, 6.04), (8.05, 12.21)]]",20
"[[(8.95, 13.11), (7.93, 12.09)]]",25
"[[(3.71, 7.87), (8.17, 12.33)]]",16
"[[(1.97, 6.13), (0.28, 4.44)]]",20
"[[(9.6, 13.76), (7.87, 12.03)]]",20
"[[(9.47, 13.63), (7.28, 11.44)]]",16
"[[(9.68, 13.84), (10.35, 14.51)]]",16
"[[(1.49, 5.65), (9.19, 13.35)]]",16
"[[(10.21, 14.37), (7.85, 12.01)]]",20
"[[(1.34, 5.5), (7.89, 12.05)]]",20
"[[(5.81, 9.97), (10.72, 14.88)]]",16
"[[(6.81, 10.97), (6.43, 10.59)]]",16
"[[(6.11, 10.27), (10.6, 14.76)]]",16
"[[(7.6, 11.76), (1.65, 5.81)]]",16
"[[(3.75, 7.91), (5.04, 9.2)]]",16
"[[(8.67, 12.83), (9.97, 14.13)]]",20
"[[(10.44, 14.6), (9.19, 13.35)]]",16
"[[(5.43, 9.59), (2.93, 7.09)]]",20
"[[(9.96, 14.12), (8.1, 12.26)]]",20
"[[(3.23, 7.39), (0.16, 4.32)]]",16
"[[(2.98, 7.14), (10.27, 14.43)]]",20
"[[(10.69, 14.85), (2.38, 6.54)]]",16
"[[(9.79, 13.95), (5.57, 9.73)]]",16
"[[(7.22, 11.38), (8.31, 12.47)]]",16
"[[(3.27, 7.43), (8.93, 13.09)]]",20
"[[(1.1, 5.26), (9.32, 13.48)]]",16
"[[(5.64, 9.8), (10.57, 14.73)]]",16
"[[(6.77, 10.93), (2.69, 6.85)]]",16
"[[(6.49, 10.65), (8.67, 12.83)]]",16
"[[(0.53, 4.69), (4.2, 8.36)]]",16
"[[(9.24, 13.4), (9.28, 13.44)]]",16
"[[(6.31, 10.47), (9.64, 13.8)]]",16
"[[(4.47, 8.63), (0.52, 4.68)]]",16
"[[(3.02, 7.18), (8.89, 13.05)]]",20
"[[(0.98, 5.14), (5.36, 9.52)]]",20
"[[(9.95, 14.11), (9.88, 14.04)]]",25
"[[(3.33, 7.49), (9.63, 13.79)]]",16
"[[(4.87, 9.03), (0.31, 4.47)]]",20
"[[(4.26, 8.42), (8.99, 13.15)]]",20
"[[(3.22, 7.38), (7.87, 12.03)]]",20
"[[(2.05, 6.21), (9.75, 13.91)]]",16
"[[(8.68, 12.84), (0.46, 4.62)]]",16
"[[(10.81, 14.97), (3.21, 7.37)]]",16
"[[(6.48, 10.64), (7.17, 11.33)]]",16
"[[(0.18, 4.34), (4.81, 8.97)]]",16
"[[(9.61, 13.77), (1.46, 5.62)]]",16
"[[(6.15, 10.31), (9.27, 13.43)]]",16
"[[(9.23, 13.39), (8.84, 13.0)]]",20
"[[(9.15, 13.31), (1.16, 5.32)]]",16
"[[(8.08, 12.24), (7.79, 11.95)]]",16
"[[(5.69, 9.85), (7.62, 11.78)]]",16
"[[(4.43, 8.59), (2.91, 7.07)]]",20
"[[(6.14, 10.3), (2.02, 6.18)]]",16
"[[(4.96, 9.12), (2.01, 6.17)]]",20
"[[(1.76, 5.92), (8.65, 12.81)]]",16
"[[(7.63, 11.79), (8.89, 13.05)]]",20
"[[(2.62, 6.78), (5.35, 9.51)]]",16
"[[(7.57, 11.73), (0.51, 4.67)]]",16
"[[(1.21, 5.37), (2.93, 7.09)]]",20
"[[(10.66, 14.82), (10.13, 14.29)]]",16
"[[(6.95, 11.11), (1.31, 5.47)]]",20
"[[(7.9, 12.06), (9.54, 13.7)]]",20
"[[(0.55, 4.71), (2.58, 6.74)]]",16
"[[(1.23, 5.39), (8.26, 12.42)]]",16
"[[(5.33, 9.49), (8.17, 12.33)]]",16
"[[(6.8, 10.96), (10.8, 14.96)]]",16
"[[(5.69, 9.85), (3.7, 7.86)]]",16
"[[(0.24, 4.4), (9.38, 13.54)]]",16
"[[(7.69, 11.85), (7.44, 11.6)]]",16
"[[(9.05, 13.21), (6.63, 10.79)]]",16
"[[(0.66, 4.82), (1.1, 5.26)]]",16
"[[(6.33, 10.49), (5.89, 10.05)]]",20
"[[(8.43, 12.59), (5.59, 9.75)]]",16
"[[(1.48, 5.64), (3.65, 7.81)]]",16
"[[(0.89, 5.05), (9.75, 13.91)]]",20
"[[(1.24, 5.4), (6.87, 11.03)]]",20
"[[(4.64, 8.8), (8.6, 12.76)]]",16
"[[(9.04, 13.2), (9.35, 13.51)]]",16
"[[(1.28, 5.44), (9.92, 14.08)]]",20
"[[(10.62, 14.78), (5.56, 9.72)]]",16
"[[(3.4, 7.56), (9.53, 13.69)]]",16
"[[(10.14, 14.3), (5.59, 9.75)]]",16
"[[(8.43, 12.59), (2.92, 7.08)]]",20
"[[(7.07, 11.23), (1.22, 5.38)]]",16
"[[(2.34, 6.5), (1.33, 5.49)]]",16
"[[(9.93, 14.09), (0.32, 4.48)]]",20
"[[(5.81, 9.97), (3.59, 7.75)]]",16
"[[(10.76, 14.92), (4.21, 8.37)]]",16
"[[(4.22, 8.38), (2.53, 6.69)]]",16
"[[(2.25, 6.41), (7.33, 11.49)]]",16
"[[(9.09, 13.25), (9.47, 13.63)]]",16
"[[(9.11, 13.27), (0.33, 4.49)]]",16
"[[(3.66, 7.82), (2.63, 6.79)]]",16
"[[(4.31, 8.47), (9.97, 14.13)]]",20
"[[(10.09, 14.25), (10.82, 14.98)]]",16
"[[(0.12, 4.28), (0.06, 4.22)]]",16
"[[(2.53, 6.69), (2.3, 6.46)]]",16
"[[(4.13, 8.29), (9.59, 13.75)]]",16
"[[(7.08, 11.24), (8.05, 12.21)]]",16
"[[(7.53, 11.69), (8.44, 12.6)]]",16
"[[(7.02, 11.18), (3.96, 8.12)]]",20
"[[(4.79, 8.95), (1.97, 6.13)]]",20
"[[(5.07, 9.23), (10.77, 14.93)]]",16
"[[(1.32, 5.48), (8.97, 13.13)]]",20
"[[(8.33, 12.49), (9.01, 13.17)]]",16
"[[(2.34, 6.5), (6.55, 10.71)]]",16
"[[(1.93, 6.09), (4.82, 8.98)]]",20
"[[(6.57, 10.73), (3.13, 7.29)]]",16
"[[(9.57, 13.73), (10.7, 14.86)]]",16
"[[(2.33, 6.49), (4.63, 8.79)]]",16
"[[(7.45, 11.61), (2.98, 7.14)]]",20
"[[(7.93, 12.09), (8.6, 12.76)]]",20
"[[(3.92, 8.08), (5.96, 10.12)]]",25
"[[(8.86, 13.02), (9.98, 14.14)]]",25
"[[(5.76, 9.92), (6.42, 10.58)]]",16
"[[(4.01, 8.17), (0.95, 5.11)]]",20
"[[(3.31, 7.47), (1.71, 5.87)]]",16
"[[(2.81, 6.97), (10.77, 14.93)]]",16
"[[(3.64, 7.8), (9.26, 13.42)]]",16
"[[(6.97, 11.13), (5.88, 10.04)]]",25
"[[(1.95, 6.11), (10.63, 14.79)]]",20
"[[(7.13, 11.29), (5.35, 9.51)]]",16
"[[(9.74, 13.9), (0.97, 5.13)]]",20
"[[(7.51, 11.67), (4.49, 8.65)]]",16
"[[(3.36, 7.52), (3.87, 8.03)]]",20
"[[(7.94, 12.1), (2.93, 7.09)]]",25
"[[(7.14, 11.3), (4.35, 8.51)]]",16
"[[(6.21, 10.37), (1.44, 5.6)]]",16
"[[(3.41, 7.57), (1.49, 5.65)]]",16
"[[(0.6, 4.76), (8.34, 12.5)]]",16
"[[(10.39, 14.55), (10.69, 14.85)]]",16
"[[(2.54, 6.7), (5.69, 9.85)]]",16
"[[(1.7, 5.86), (2.67, 6.83)]]",16
"[[(4.8, 8.96), (10.78, 14.94)]]",16
"[[(5.28, 9.44), (4.13, 8.29)]]",16
"[[(6.34, 10.5), (6.68, 10.84)]]",16
"[[(1.34, 5.5), (2.23, 6.39)]]",16
"[[(7.34, 11.5), (9.2, 13.36)]]",16
"[[(0.33, 4.49), (6.18, 10.34)]]",16
"[[(0.01, 4.17), (4.63, 8.79)]]",16
"[[(3.99, 8.15), (6.81, 10.97)]]",20
"[[(1.33, 5.49), (9.23, 13.39)]]",16
"[[(8.47, 12.63), (4.35, 8.51)]]",16
"[[(9.34, 13.5), (5.58, 9.74)]]",16
"[[(9.41, 13.57), (7.11, 11.27)]]",16
"[[(0.13, 4.29), (8.66, 12.82)]]",16
"[[(1.48, 5.64), (9.23, 13.39)]]",16
"[[(2.94, 7.1), (4.71, 8.87)]]",20
"[[(10.57, 14.73), (7.85, 12.01)]]",20
"[[(8.15, 12.31), (2.95, 7.11)]]",20
"[[(1.91, 6.07), (2.41, 6.57)]]",20
"[[(5.96, 10.12), (2.25, 6.41)]]",20
"[[(3.6, 7.76), (3.82, 7.98)]]",16
"[[(1.07, 5.23), (3.93, 8.09)]]",20
"[[(5.35, 9.51), (9.63, 13.79)]]",16
"[[(8.67, 12.83), (8.56, 12.72)]]",16
"[[(2.22, 6.38), (8.1, 12.26)]]",16
"[[(2.57, 6.73), (4.36, 8.52)]]",16
"[[(8.97, 13.13), (7.24, 11.4)]]",20
"[[(9.28, 13.44), (3.89, 8.05)]]",20
"[[(6.0, 10.16), (2.18, 6.34)]]",20
"[[(0.71, 4.87), (6.88, 11.04)]]",20
"[[(3.35, 7.51), (9.88, 14.04)]]",20
"[[(6.4, 10.56), (6.97, 11.13)]]",20
"[[(2.8, 6.96), (1.6, 5.76)]]",16
"[[(2.55, 6.71), (2.57, 6.73)]]",16
"[[(7.14, 11.3), (3.25, 7.41)]]",16
"[[(0.81, 4.97), (2.02, 6.18)]]",16
"[[(2.02, 6.18), (9.03, 13.19)]]",16
"[[(1.74, 5.9), (10.5, 14.66)]]",16
"[[(4.98, 9.14), (0.23, 4.39)]]",20
"[[(2.75, 6.91), (4.51, 8.67)]]",16
"[[(9.72, 13.88), (1.46, 5.62)]]",16
"[[(5.64, 9.8), (2.98, 7.14)]]",20
"[[(9.93, 14.09), (9.04, 13.2)]]",20
"[[(0.63, 4.79), (6.0, 10.16)]]",20
"[[(0.53, 4.69), (0.12, 4.28)]]",16
"[[(10.41, 14.57), (9.89, 14.05)]]",20
"[[(4.23, 8.39), (4.57, 8.73)]]",16
"[[(2.85, 7.01), (8.83, 12.99)]]",20
"[[(2.09, 6.25), (5.02, 9.18)]]",16
"[[(5.45, 9.61), (7.07, 11.23)]]",16
"[[(6.47, 10.63), (8.42, 12.58)]]",16
"[[(2.24, 6.4), (7.03, 11.19)]]",16
"[[(4.78, 8.94), (5.31, 9.47)]]",16
"[[(3.39, 7.55), (4.72, 8.88)]]",16
"[[(8.77, 12.93), (1.5, 5.66)]]",16
"[[(9.53, 13.69), (0.01, 4.17)]]",16
"[[(2.78, 6.94), (10.45, 14.61)]]",16
"[[(6.67, 10.83), (5.68, 9.84)]]",16
"[[(7.57, 11.73), (1.16, 5.32)]]",16
"[[(9.2, 13.36), (4.77, 8.93)]]",16
"[[(2.57, 6.73), (1.15, 5.31)]]",16
"[[(3.51, 7.67), (9.24, 13.4)]]",16
"[[(6.19, 10.35), (4.63, 8.79)]]",16
"[[(3.25, 7.41), (7.18, 11.34)]]",16
"[[(10.08, 14.24), (1.01, 5.17)]]",16
"[[(10.27, 14.43), (5.19, 9.35)]]",16
"[[(9.61, 13.77), (2.56, 6.72)]]",16
"[[(1.49, 5.65), (9.58, 13.74)]]",16
"[[(6.45, 10.61), (5.5, 9.66)]]",16
"[[(4.06, 8.22), (8.94, 13.1)]]",20
"[[(10.78, 14.94), (3.07, 7.23)]]",16
"[[(6.19, 10.35), (10.58, 14.74)]]",16
"[[(8.44, 12.6), (6.79, 10.95)]]",16
"[[(3.96, 8.12), (1.88, 6.04)]]",25
"[[(6.22, 10.38), (0.12, 4.28)]]",16
"[[(4.64, 8.8), (6.66, 10.82)]]",16
"[[(4.21, 8.37), (8.93, 13.09)]]",20
"[[(2.44, 6.6), (9.36, 13.52)]]",16
"[[(6.79, 10.95), (3.69, 7.85)]]",16
"[[(0.24, 4.4), (9.85, 14.01)]]",20
"[[(5.17, 9.33), (5.18, 9.34)]]",16
"[[(1.67, 5.83), (9.8, 13.96)]]",16
"[[(3.38, 7.54), (0.4, 4.56)]]",16
"[[(9.21, 13.37), (4.22, 8.38)]]",16
"[[(10.64, 14.8), (4.48, 8.64)]]",16
"[[(8.86, 13.02), (0.37, 4.53)]]",20
"[[(7.51, 11.67), (5.52, 9.68)]]",16
"[[(5.67, 9.83), (3.44, 7.6)]]",16
"[[(9.28, 13.44), (9.62, 13.78)]]",16
"[[(10.0, 14.16), (3.31, 7.47)]]",20
"[[(7.2, 11.36), (1.58, 5.74)]]",16
"[[(0.08, 4.24), (2.06, 6.22)]]",16
"[[(6.11, 10.27), (2.47, 6.63)]]",16
"[[(5.24, 9.4), (1.85, 6.01)]]",20
"[[(9.83, 13.99), (0.55, 4.71)]]",16
"[[(3.48, 7.64), (0.39, 4.55)]]",16
"[[(3.21, 7.37), (8.77, 12.93)]]",16
"[[(7.79, 11.95), (10.59, 14.75)]]",16
"[[(0.13, 4.29), (6.25, 10.41)]]",16
"[[(2.08, 6.24), (6.67, 10.83)]]",16
"[[(0.32, 4.48), (9.69, 13.85)]]",16
"[[(0.33, 4.49), (1.03, 5.19)]]",16
"[[(5.63, 9.79), (6.92, 11.08)]]",20
"[[(3.75, 7.91), (6.71, 10.87)]]",16
"[[(2.32, 6.48), (9.45, 13.61)]]",16
"[[(8.21, 12.37), (1.11, 5.27)]]",16
"[[(4.67, 8.83), (6.9, 11.06)]]",20
"[[(2.73, 6.89), (8.18, 12.34)]]",16
"[[(9.09, 13.25), (1.92, 6.08)]]",20
"[[(8.67, 12.83), (8.18, 12.34)]]",16
"[[(9.38, 13.54), (9.88, 14.04)]]",20
"[[(7.23, 11.39), (10.81, 14.97)]]",16
"[[(2.53, 6.69), (2.61, 6.77)]]",16
"[[(4.38, 8.54), (6.17, 10.33)]]",16
"[[(7.07, 11.23), (6.55, 10.71)]]",16
"[[(7.13, 11.29), (9.75, 13.91)]]",16
"[[(7.27, 11.43), (4.31, 8.47)]]",16
"[[(3.57, 7.73), (6.44, 10.6)]]",16
"[[(9.01, 13.17), (7.93, 12.09)]]",20
"[[(9.88, 14.04), (10.27, 14.43)]]",20
"[[(3.37, 7.53), (9.19, 13.35)]]",16
"[[(10.25, 14.41), (8.12, 12.28)]]",16
"[[(9.08, 13.24), (5.15, 9.31)]]",16
"[[(3.03, 7.19), (5.25, 9.41)]]",16
"[[(8.8, 12.96), (10.07, 14.23)]]",16
"[[(9.93, 14.09), (2.23, 6.39)]]",20
"[[(6.51, 10.67), (9.3, 13.46)]]",16
"[[(8.74, 12.9), (1.49, 5.65)]]",16
"[[(5.08, 9.24), (9.73, 13.89)]]",16
"[[(7.98, 12.14), (7.13, 11.29)]]",20
"[[(1.55, 5.71), (10.45, 14.61)]]",16
"[[(5.16, 9.32), (0.38, 4.54)]]",16
"[[(6.72, 10.88), (3.62, 7.78)]]",16
"[[(5.74, 9.9), (4.07, 8.23)]]",16
"[[(2.86, 7.02), (8.49, 12.65)]]",20
"[[(8.08, 12.24), (5.2, 9.36)]]",16
"[[(3.28, 7.44), (10.26, 14.42)]]",16
"[[(10.57, 14.73), (3.98, 8.14)]]",20
"[[(2.61, 6.77), (6.28, 10.44)]]",16
"[[(1.66, 5.82), (1.55, 5.71)]]",16
"[[(4.93, 9.09), (9.23, 13.39)]]",20
"[[(2.71, 6.87), (6.32, 10.48)]]",16
"[[(3.37, 7.53), (6.75, 10.91)]]",16
"[[(7.54, 11.7), (5.57, 9.73)]]",16
"[[(5.04, 9.2), (4.28, 8.44)]]",16
"[[(9.55, 13.71), (9.53, 13.69)]]",16
"[[(9.02, 13.18), (0.51, 4.67)]]",16
"[[(0.83, 4.99), (5.02, 9.18)]]",16
"[[(10.63, 14.79), (9.82, 13.98)]]",16
"[[(10.39, 14.55), (2.84, 7.0)]]",20
"[[(0.14, 4.3), (6.74, 10.9)]]",16
"[[(9.56, 13.72), (9.32, 13.48)]]",16
"[[(4.86, 9.02), (10.68, 14.84)]]",20
"[[(2.56, 6.72), (6.85, 11.01)]]",20
"[[(9.08, 13.24), (10.29, 14.45)]]",16
"[[(6.32, 10.48), (1.76, 5.92)]]",16
"[[(9.79, 13.95), (6.16, 10.32)]]",16
"[[(0.99, 5.15), (8.61, 12.77)]]",20
"[[(7.3, 11.46), (4.74, 8.9)]]",16
"[[(5.62, 9.78), (6.14, 10.3)]]",16
"[[(6.24, 10.4), (5.21, 9.37)]]",16
"[[(7.15, 11.31), (2.24, 6.4)]]",16
"[[(0.08, 4.24), (2.54, 6.7)]]",16
"[[(3.02, 7.18), (1.01, 5.17)]]",16
"[[(1.7, 5.86), (2.32, 6.48)]]",16
"[[(4.79, 8.95), (6.85, 11.01)]]",20
"[[(3.39, 7.55), (9.38, 13.54)]]",16
"[[(8.32, 12.48), (9.62, 13.78)]]",16
"[[(6.86, 11.02), (8.48, 12.64)]]",20
"[[(9.64, 13.8), (5.8, 9.96)]]",16
"[[(5.71, 9.87), (8.13, 12.29)]]",16
"[[(2.99, 7.15), (9.41, 13.57)]]",20
"[[(10.74, 14.9), (2.83, 6.99)]]",16
"[[(0.85, 5.01), (9.71, 13.87)]]",20
"[[(6.7, 10.86), (9.16, 13.32)]]",16
"[[(8.47, 12.63), (4.81, 8.97)]]",16
"[[(4.62, 8.78), (2.03, 6.19)]]",16
"[[(10.63, 14.79), (9.75, 13.91)]]",16
"[[(7.48, 11.64), (7.2, 11.36)]]",16
"[[(1.63, 5.79), (8.58, 12.74)]]",16
"[[(7.99, 12.15), (1.91, 6.07)]]",25
"[[(9.66, 13.82), (10.35, 14.51)]]",16
"[[(2.84, 7.0), (3.71, 7.87)]]",20
"[[(9.89, 14.05), (6.92, 11.08)]]",25
"[[(3.88, 8.04), (4.82, 8.98)]]",20
"[[(6.36, 10.52), (3.16, 7.32)]]",16
"[[(4.2, 8.36), (9.76, 13.92)]]",16
"[[(9.85, 14.01), (9.58, 13.74)]]",20
"[[(2.95, 7.11), (1.67, 5.83)]]",20
"[[(0.61, 4.77), (8.63, 12.79)]]",16
"[[(7.18, 11.34), (8.84, 13.0)]]",20
"[[(8.8, 12.96), (8.05, 12.21)]]",16
"[[(9.29, 13.45), (10.63, 14.79)]]",16
"[[(3.99, 8.15), (4.48, 8.64)]]",20
"[[(10.78, 14.94), (8.18, 12.34)]]",16
"[[(10.38, 14.54), (4.03, 8.19)]]",16
"[[(2.15, 6.31), (9.78, 13.94)]]",16
"[[(5.46, 9.62), (7.46, 11.62)]]",16
"[[(3.77, 7.93), (0.19, 4.35)]]",16
"[[(0.5, 4.66), (5.44, 9.6)]]",16
"[[(0.12, 4.28), (7.75, 11.91)]]",16
"[[(2.57, 6.73), (8.67, 12.83)]]",16
"[[(7.5, 11.66), (6.26, 10.42)]]",16
"[[(10.65, 14.81), (10.2, 14.36)]]",16
"[[(3.84, 8.0), (1.14, 5.3)]]",20
"[[(0.11, 4.27), (7.59, 11.75)]]",16
"[[(7.99, 12.15), (10.15, 14.31)]]",20
"[[(9.1, 13.26), (3.14, 7.3)]]",16
"[[(1.14, 5.3), (7.37, 11.53)]]",16
"[[(5.8, 9.96), (10.47, 14.63)]]",16
"[[(5.66, 9.82), (2.52, 6.68)]]",16
"[[(5.68, 9.84), (4.89, 9.05)]]",20
"[[(0.13, 4.29), (8.83, 12.99)]]",16
"[[(7.61, 11.77), (2.55, 6.71)]]",16
"[[(6.1, 10.26), (2.47, 6.63)]]",16
"[[(5.06, 9.22), (3.16, 7.32)]]",16
"[[(6.63, 10.79), (7.13, 11.29)]]",16
"[[(4.55, 8.71), (6.27, 10.43)]]",16
"[[(1.9, 6.06), (7.23, 11.39)]]",20
"[[(6.59, 10.75), (1.61, 5.77)]]",16
"[[(0.41, 4.57), (6.98, 11.14)]]",20
"[[(1.4, 5.56), (10.09, 14.25)]]",16
"[[(9.46, 13.62), (0.33, 4.49)]]",16
"[[(3.45, 7.61), (8.43, 12.59)]]",16
"[[(4.03, 8.19), (5.33, 9.49)]]",16
"[[(10.13, 14.29), (0.98, 5.14)]]",20
"[[(7.06, 11.22), (4.59, 8.75)]]",16
"[[(4.3, 8.46), (7.7, 11.86)]]",16
"[[(1.39, 5.55), (0.65, 4.81)]]",16
"[[(9.91, 14.07), (3.53, 7.69)]]",20
"[[(8.08, 12.24), (1.9, 6.06)]]",20
"[[(3.57, 7.73), (2.14, 6.3)]]",16
"[[(5.17, 9.33), (1.64, 5.8)]]",16
"[[(2.25, 6.41), (5.51, 9.67)]]",16
"[[(2.26, 6.42), (5.74, 9.9)]]",16
"[[(2.62, 6.78), (8.38, 12.54)]]",16
"[[(4.33, 8.49), (4.4, 8.56)]]",16
"[[(6.32, 10.48), (0.92, 5.08)]]",20
"[[(1.7, 5.86), (10.0, 14.16)]]",20
"[[(2.23, 6.39), (5.93, 10.09)]]",20
"[[(3.63, 7.79), (10.36, 14.52)]]",16
"[[(7.93, 12.09), (1.93, 6.09)]]",25
"[[(7.09, 11.25), (1.88, 6.04)]]",20
"[[(9.52, 13.68), (3.44, 7.6)]]",16
"[[(5.5, 9.66), (7.4, 11.56)]]",16
"[[(7.83, 11.99), (6.68, 10.84)]]",16
"[[(4.31, 8.47), (7.95, 12.11)]]",20
"[[(0.04, 4.2), (10.76, 14.92)]]",16
"[[(8.94, 13.1), (1.47, 5.63)]]",20
"[[(10.76, 14.92), (3.09, 7.25)]]",16
"[[(2.83, 6.99), (8.25, 12.41)]]",16
"[[(3.96, 8.12), (1.49, 5.65)]]",20
"[[(3.09, 7.25), (0.28, 4.44)]]",16
"[[(6.2, 10.36), (3.03, 7.19)]]",16
"[[(1.07, 5.23), (7.99, 12.15)]]",20
"[[(4.18, 8.34), (8.97, 13.13)]]",20
"[[(4.7, 8.86), (9.44, 13.6)]]",16
"[[(6.7, 10.86), (5.65, 9.81)]]",16
"[[(5.28, 9.44), (5.87, 10.03)]]",20
"[[(4.7, 8.86), (1.63, 5.79)]]",16
"[[(4.3, 8.46), (0.88, 5.04)]]",20
"[[(10.44, 14.6), (3.6, 7.76)]]",16
"[[(4.1, 8.26), (1.67, 5.83)]]",16
"[[(5.28, 9.44), (5.88, 10.04)]]",20
"[[(1.11, 5.27), (3.56, 7.72)]]",16
"[[(7.11, 11.27), (7.75, 11.91)]]",16
"[[(2.08, 6.24), (3.19, 7.35)]]",16
"[[(9.47, 13.63), (5.0, 9.16)]]",20
"[[(5.02, 9.18), (4.62, 8.78)]]",16
"[[(8.0, 12.16), (6.05, 10.21)]]",20
"[[(5.15, 9.31), (9.36, 13.52)]]",16
"[[(6.09, 10.25), (4.02, 8.18)]]",16
"[[(1.22, 5.38), (1.0, 5.16)]]",20
"[[(6.85, 11.01), (5.42, 9.58)]]",20
"[[(9.55, 13.71), (0.33, 4.49)]]",16
"[[(9.05, 13.21), (3.06, 7.22)]]",16
"[[(1.35, 5.51), (4.52, 8.68)]]",16
"[[(6.53, 10.69), (7.67, 11.83)]]",16
"[[(9.14, 13.3), (0.76, 4.92)]]",16
"[[(5.89, 10.05), (1.76, 5.92)]]",20
"[[(6.93, 11.09), (0.84, 5.0)]]",25
"[[(2.84, 7.0), (5.04, 9.2)]]",20
"[[(7.33, 11.49), (1.07, 5.23)]]",16
"[[(10.61, 14.77), (10.0, 14.16)]]",20
"[[(0.57, 4.73), (3.85, 8.01)]]",20
"[[(1.7, 5.86), (9.37, 13.53)]]",16
"[[(4.52, 8.68), (3.99, 8.15)]]",20
"[[(5.97, 10.13), (10.82, 14.98)]]",20
"[[(8.92, 13.08), (9.15, 13.31)]]",20
"[[(10.62, 14.78), (2.16, 6.32)]]",16
"[[(5.15, 9.31), (4.94, 9.1)]]",20
"[[(0.93, 5.09), (7.52, 11.68)]]",20
"[[(3.92, 8.08), (0.69, 4.85)]]",20
"[[(4.95, 9.11), (4.17, 8.33)]]",20
"[[(5.62, 9.78), (8.88, 13.04)]]",20
"[[(10.29, 14.45), (9.6, 13.76)]]",16
"[[(2.86, 7.02), (1.18, 5.34)]]",20
"[[(10.63, 14.79), (1.31, 5.47)]]",16
"[[(8.05, 12.21), (1.27, 5.43)]]",16
"[[(6.21, 10.37), (6.27, 10.43)]]",16
"[[(10.4, 14.56), (7.25, 11.41)]]",16
"[[(3.04, 7.2), (1.75, 5.91)]]",16
"[[(5.0, 9.16), (1.75, 5.91)]]",20
"[[(9.97, 14.13), (2.1, 6.26)]]",20
"[[(9.76, 13.92), (5.78, 9.94)]]",16
"[[(5.68, 9.84), (3.31, 7.47)]]",16
"[[(7.31, 11.47), (4.25, 8.41)]]",16
"[[(3.96, 8.12), (10.03, 14.19)]]",20
"[[(10.71, 14.87), (5.62, 9.78)]]",16
"[[(5.01, 9.17), (4.41, 8.57)]]",16
"[[(1.07, 5.23), (7.84, 12.0)]]",20
"[[(4.59, 8.75), (7.81, 11.97)]]",16
"[[(5.19, 9.35), (4.37, 8.53)]]",16
"[[(7.4, 11.56), (1.79, 5.95)]]",16
"[[(10.04, 14.2), (8.84, 13.0)]]",20
"[[(8.13, 12.29), (7.5, 11.66)]]",16
"[[(5.8, 9.96), (3.28, 7.44)]]",16
"[[(4.33, 8.49), (2.72, 6.88)]]",16
"[[(9.05, 13.21), (3.25, 7.41)]]",16
"[[(1.31, 5.47), (0.39, 4.55)]]",16
"[[(3.99, 8.15), (0.3, 4.46)]]",20
"[[(0.36, 4.52), (5.16, 9.32)]]",16
"[[(8.1, 12.26), (8.55, 12.71)]]",16
"[[(6.63, 10.79), (3.2, 7.36)]]",16
"[[(10.72, 14.88), (2.84, 7.0)]]",20
"[[(6.04, 10.2), (8.62, 12.78)]]",16
"[[(9.66, 13.82), (3.38, 7.54)]]",16
"[[(8.78, 12.94), (4.43, 8.59)]]",16
"[[(3.99, 8.15), (3.71, 7.87)]]",20
"[[(4.14, 8.3), (9.86, 14.02)]]",20
"[[(2.1, 6.26), (0.98, 5.14)]]",20
"[[(1.28, 5.44), (3.49, 7.65)]]",16
"[[(2.29, 6.45), (10.63, 14.79)]]",16
"[[(3.98, 8.14), (8.26, 12.42)]]",20
"[[(1.75, 5.91), (3.82, 7.98)]]",16
"[[(10.54, 14.7), (2.97, 7.13)]]",20
"[[(2.42, 6.58), (9.31, 13.47)]]",16
"[[(4.59, 8.75), (8.65, 12.81)]]",16
"[[(3.53, 7.69), (9.16, 13.32)]]",16
"[[(1.77, 5.93), (4.0, 8.16)]]",20
"[[(9.16, 13.32), (9.49, 13.65)]]",16
"[[(9.81, 13.97), (3.87, 8.03)]]",20
"[[(9.26, 13.42), (8.42, 12.58)]]",16
"[[(4.11, 8.27), (9.53, 13.69)]]",16
"[[(2.27, 6.43), (4.73, 8.89)]]",16
"[[(1.66, 5.82), (8.95, 13.11)]]",20
"[[(0.13, 4.29), (4.42, 8.58)]]",16
"[[(3.64, 7.8), (4.15, 8.31)]]",16
"[[(10.67, 14.83), (0.38, 4.54)]]",16
"[[(3.34, 7.5), (0.25, 4.41)]]",16
"[[(4.69, 8.85), (6.87, 11.03)]]",20
"[[(4.02, 8.18), (6.71, 10.87)]]",16
"[[(4.88, 9.04), (7.9, 12.06)]]",25
"[[(5.25, 9.41), (2.09, 6.25)]]",16
"[[(3.61, 7.77), (8.74, 12.9)]]",16
"[[(7.39, 11.55), (2.22, 6.38)]]",16
"[[(8.64, 12.8), (0.1, 4.26)]]",16
"[[(10.56, 14.72), (4.59, 8.75)]]",16
"[[(3.98, 8.14), (4.26, 8.42)]]",20
"[[(9.44, 13.6), (0.9, 5.06)]]",20
"[[(8.79, 12.95), (9.7, 13.86)]]",16
"[[(0.67, 4.83), (8.37, 12.53)]]",16
"[[(4.15, 8.31), (9.36, 13.52)]]",16
"[[(0.48, 4.64), (10.64, 14.8)]]",16
"[[(5.73, 9.89), (6.37, 10.53)]]",16
"[[(8.23, 12.39), (4.31, 8.47)]]",16
"[[(5.77, 9.93), (6.22, 10.38)]]",16
"[[(10.64, 14.8), (4.33, 8.49)]]",16
"[[(4.12, 8.28), (0.01, 4.17)]]",16
"[[(7.45, 11.61), (8.3, 12.46)]]",16
"[[(0.01, 4.17), (3.21, 7.37)]]",16
"[[(0.64, 4.8), (3.05, 7.21)]]",16
"[[(0.9, 5.06), (2.6, 6.76)]]",20
"[[(1.08, 5.24), (9.01, 13.17)]]",16
"[[(2.87, 7.03), (2.13, 6.29)]]",20
"[[(0.87, 5.03), (4.57, 8.73)]]",20
"[[(5.07, 9.23), (1.93, 6.09)]]",20
"[[(10.12, 14.28), (6.69, 10.85)]]",16
"[[(2.52, 6.68), (5.27, 9.43)]]",16
"[[(2.37, 6.53), (4.64, 8.8)]]",16
"[[(3.56, 7.72), (5.32, 9.48)]]",16
"[[(3.51, 7.67), (5.84, 10.0)]]",20
"[[(2.23, 6.39), (2.69, 6.85)]]",16
"[[(0.47, 4.63), (1.13, 5.29)]]",16
"[[(5.29, 9.45), (4.53, 8.69)]]",16
"[[(6.77, 10.93), (6.14, 10.3)]]",16
"[[(1.7, 5.86), (5.44, 9.6)]]",16
"[[(1.42, 5.58), (2.57, 6.73)]]",16
"[[(4.6, 8.76), (0.84, 5.0)]]",20
"[[(10.47, 14.63), (2.38, 6.54)]]",16
"[[(2.64, 6.8), (10.0, 14.16)]]",20
"[[(6.55, 10.71), (4.12, 8.28)]]",16
"[[(2.12, 6.28), (4.94, 9.1)]]",20
"[[(3.95, 8.11), (1.16, 5.32)]]",20
"[[(4.74, 8.9), (7.84, 12.0)]]",20
"[[(3.2, 7.36), (5.35, 9.51)]]",16
"[[(4.19, 8.35), (2.69, 6.85)]]",16
"[[(7.66, 11.82), (10.17, 14.33)]]",16
"[[(3.13, 7.29), (10.59, 14.75)]]",16
"[[(5.87, 10.03), (3.7, 7.86)]]",20
"[[(6.82, 10.98), (9.55, 13.71)]]",16
"[[(0.01, 4.17), (2.86, 7.02)]]",20
"[[(9.96, 14.12), (3.56, 7.72)]]",20
"[[(1.54, 5.7), (6.6, 10.76)]]",16
"[[(7.83, 11.99), (5.4, 9.56)]]",16
"[[(5.97, 10.13), (9.63, 13.79)]]",20
"[[(4.74, 8.9), (8.63, 12.79)]]",16
"[[(9.27, 13.43), (3.77, 7.93)]]",16
"[[(3.03, 7.19), (5.52, 9.68)]]",16
"[[(1.81, 5.97), (3.45, 7.61)]]",16
"[[(4.35, 8.51), (7.73, 11.89)]]",16
"[[(8.15, 12.31), (2.56, 6.72)]]",16
"[[(3.65, 7.81), (7.16, 11.32)]]",16
"[[(10.71, 14.87), (1.37, 5.53)]]",16
"[[(3.19, 7.35), (8.91, 13.07)]]",20
"[[(1.96, 6.12), (1.83, 5.99)]]",20
"[[(0.96, 5.12), (8.27, 12.43)]]",20
"[[(8.62, 12.78), (9.21, 13.37)]]",16
"[[(4.66, 8.82), (8.36, 12.52)]]",16
"[[(8.47, 12.63), (2.6, 6.76)]]",16
"[[(6.11, 10.27), (9.61, 13.77)]]",16
"[[(1.68, 5.84), (7.33, 11.49)]]",16
"[[(4.61, 8.77), (7.89, 12.05)]]",20
"[[(10.16, 14.32), (7.39, 11.55)]]",16
"[[(7.73, 11.89), (1.79, 5.95)]]",16
"[[(1.59, 5.75), (7.28, 11.44)]]",16
"[[(3.72, 7.88), (8.21, 12.37)]]",16
"[[(0.18, 4.34), (4.99, 9.15)]]",20
"[[(3.34, 7.5), (8.24, 12.4)]]",16
"[[(5.92, 10.08), (2.91, 7.07)]]",25
"[[(9.12, 13.28), (4.59, 8.75)]]",16
"[[(10.11, 14.27), (0.85, 5.01)]]",20
"[[(1.87, 6.03), (2.87, 7.03)]]",25
"[[(10.55, 14.71), (1.44, 5.6)]]",16
"[[(5.64, 9.8), (8.97, 13.13)]]",20
"[[(8.61, 12.77), (4.81, 8.97)]]",16
"[[(3.49, 7.65), (2.3, 6.46)]]",16
"[[(4.69, 8.85), (8.52, 12.68)]]",16
"[[(5.88, 10.04), (9.95, 14.11)]]",25
"[[(2.35, 6.51), (7.37, 11.53)]]",16
"[[(3.28, 7.44), (7.45, 11.61)]]",16
"[[(8.63, 12.79), (3.21, 7.37)]]",16
"[[(4.82, 8.98), (2.91, 7.07)]]",20
"[[(1.24, 5.4), (1.39, 5.55)]]",16
"[[(7.51, 11.67), (6.76, 10.92)]]",16
"[[(0.4, 4.56), (5.32, 9.48)]]",16
"[[(3.2, 7.36), (1.75, 5.91)]]",16
"[[(5.34, 9.5), (9.06, 13.22)]]",16
"[[(2.66, 6.82), (4.09, 8.25)]]",16
"[[(9.9, 14.06), (9.33, 13.49)]]",20
"[[(4.42, 8.58), (2.01, 6.17)]]",16
"[[(6.58, 10.74), (3.09, 7.25)]]",16
"[[(2.37, 6.53), (9.95, 14.11)]]",20
"[[(8.35, 12.51), (5.97, 10.13)]]",20
"[[(2.58, 6.74), (3.81, 7.97)]]",16
"[[(8.97, 13.13), (8.37, 12.53)]]",20
"[[(9.88, 14.04), (3.93, 8.09)]]",25
"[[(7.33, 11.49), (1.95, 6.11)]]",20
"[[(8.94, 13.1), (6.99, 11.15)]]",25
"[[(10.16, 14.32), (3.88, 8.04)]]",20
"[[(6.43, 10.59), (5.89, 10.05)]]",20
"[[(4.1, 8.26), (5.42, 9.58)]]",16
"[[(2.89, 7.05), (0.24, 4.4)]]",20
"[[(7.89, 12.05), (0.92, 5.08)]]",25
"[[(6.76, 10.92), (8.86, 13.02)]]",20
"[[(2.95, 7.11), (7.87, 12.03)]]",25
"[[(1.43, 5.59), (5.73, 9.89)]]",16
"[[(3.04, 7.2), (8.38, 12.54)]]",16
"[[(6.31, 10.47), (3.63, 7.79)]]",16
"[[(7.48, 11.64), (1.03, 5.19)]]",16
"[[(10.28, 14.44), (4.46, 8.62)]]",16
"[[(7.1, 11.26), (2.58, 6.74)]]",16
"[[(0.33, 4.49), (4.4, 8.56)]]",16
"[[(4.18, 8.34), (9.79, 13.95)]]",16
"[[(1.52, 5.68), (10.34, 14.5)]]",16
"[[(8.87, 13.03), (3.39, 7.55)]]",20
"[[(0.52, 4.68), (0.22, 4.38)]]",16
"[[(7.86, 12.02), (4.82, 8.98)]]",20
"[[(9.37, 13.53), (2.99, 7.15)]]",20
"[[(5.75, 9.91), (9.25, 13.41)]]",16
"[[(4.16, 8.32), (8.58, 12.74)]]",16
"[[(10.35, 14.51), (2.08, 6.24)]]",16
"[[(8.41, 12.57), (1.71, 5.87)]]",16
"[[(7.24, 11.4), (5.21, 9.37)]]",16
"[[(7.93, 12.09), (9.77, 13.93)]]",20
"[[(1.8, 5.96), (6.51, 10.67)]]",16
"[[(2.72, 6.88), (10.05, 14.21)]]",16
"[[(0.29, 4.45), (1.45, 5.61)]]",16
"[[(6.15, 10.31), (5.16, 9.32)]]",16
"[[(7.08, 11.24), (1.5, 5.66)]]",16
"[[(7.58, 11.74), (5.16, 9.32)]]",16
"[[(7.53, 11.69), (2.08, 6.24)]]",16
"[[(1.2, 5.36), (3.02, 7.18)]]",16
"[[(2.46, 6.62), (9.78, 13.94)]]",16
"[[(9.91, 14.07), (3.74, 7.9)]]",20
"[[(8.69, 12.85), (0.74, 4.9)]]",16
"[[(8.62, 12.78), (7.62, 11.78)]]",16
"[[(9.86, 14.02), (4.48, 8.64)]]",20
"[[(10.78, 14.94), (5.26, 9.42)]]",16
"[[(1.02, 5.18), (1.63, 5.79)]]",16
"[[(6.16, 10.32), (10.43, 14.59)]]",16
"[[(4.58, 8.74), (6.6, 10.76)]]",16
"[[(1.84, 6.0), (7.84, 12.0)]]",25
"[[(10.46, 14.62), (9.14, 13.3)]]",16
"[[(0.79, 4.95), (5.88, 10.04)]]",20
"[[(2.45, 6.61), (7.44, 11.6)]]",16
"[[(9.58, 13.74), (10.44, 14.6)]]",16
"[[(7.74, 11.9), (6.64, 10.8)]]",16
"[[(9.67, 13.83), (9.16, 13.32)]]",16
"[[(2.51, 6.67), (7.18, 11.34)]]",16
"[[(3.55, 7.71), (1.07, 5.23)]]",16
"[[(4.12, 8.28), (4.52, 8.68)]]",16
"[[(10.84, 15.0), (2.52, 6.68)]]",20
"[[(10.41, 14.57), (5.83, 9.99)]]",16
"[[(10.04, 14.2), (8.03, 12.19)]]",16
"[[(4.88, 9.04), (5.05, 9.21)]]",20
"[[(10.81, 14.97), (8.01, 12.17)]]",16
"[[(5.01, 9.17), (6.23, 10.39)]]",16
"[[(0.34, 4.5), (0.51, 4.67)]]",16
"[[(0.72, 4.88), (8.26, 12.42)]]",16
"[[(9.35, 13.51), (5.84, 10.0)]]",20
"[[(4.25, 8.41), (0.37, 4.53)]]",16
"[[(5.77, 9.93), (0.28, 4.44)]]",16
"[[(9.58, 13.74), (4.57, 8.73)]]",16
"[[(1.96, 6.12), (2.33, 6.49)]]",20
"[[(10.27, 14.43), (5.91, 10.07)]]",20
"[[(4.85, 9.01), (2.99, 7.15)]]",25
"[[(7.23, 11.39), (2.07, 6.23)]]",16
"[[(3.16, 7.32), (8.7, 12.86)]]",16
"[[(1.39, 5.55), (10.07, 14.23)]]",16
"[[(1.55, 5.71), (6.91, 11.07)]]",20
"[[(8.57, 12.73), (3.35, 7.51)]]",16
"[[(1.78, 5.94), (9.2, 13.36)]]",16
"[[(3.71, 7.87), (5.58, 9.74)]]",16
"[[(7.96, 12.12), (0.05, 4.21)]]",20
"[[(0.26, 4.42), (5.75, 9.91)]]",16
"[[(3.04, 7.2), (1.67, 5.83)]]",16
"[[(4.34, 8.5), (9.75, 13.91)]]",16
"[[(3.0, 7.16), (8.68, 12.84)]]",20
"[[(1.17, 5.33), (3.94, 8.1)]]",20
"[[(7.64, 11.8), (4.77, 8.93)]]",16
"[[(0.76, 4.92), (8.21, 12.37)]]",16
"[[(6.03, 10.19), (10.11, 14.27)]]",16
"[[(8.66, 12.82), (1.55, 5.71)]]",16
"[[(5.96, 10.12), (3.35, 7.51)]]",20
"[[(7.65, 11.81), (6.03, 10.19)]]",16
"[[(6.98, 11.14), (6.6, 10.76)]]",20
"[[(4.49, 8.65), (1.61, 5.77)]]",16
"[[(6.07, 10.23), (0.07, 4.23)]]",16
"[[(4.83, 8.99), (4.98, 9.14)]]",20
"[[(9.46, 13.62), (0.15, 4.31)]]",16
"[[(3.05, 7.21), (2.48, 6.64)]]",16
"[[(1.9, 6.06), (4.2, 8.36)]]",20
"[[(8.06, 12.22), (3.51, 7.67)]]",16
"[[(1.19, 5.35), (5.26, 9.42)]]",16
"[[(2.66, 6.82), (5.55, 9.71)]]",16
"[[(8.4, 12.56), (6.05, 10.21)]]",16
"[[(0.95, 5.11), (9.15, 13.31)]]",20
"[[(6.95, 11.11), (10.38, 14.54)]]",20
"[[(10.64, 14.8), (9.27, 13.43)]]",16
"[[(9.21, 13.37), (8.6, 12.76)]]",16
"[[(2.47, 6.63), (8.34, 12.5)]]",16
"[[(2.31, 6.47), (2.7, 6.86)]]",16
"[[(7.22, 11.38), (2.02, 6.18)]]",16
"[[(7.43, 11.59), (8.06, 12.22)]]",16
"[[(3.04, 7.2), (3.26, 7.42)]]",16
"[[(6.06, 10.22), (0.24, 4.4)]]",16
"[[(9.66, 13.82), (5.88, 10.04)]]",20
"[[(6.27, 10.43), (1.02, 5.18)]]",16
"[[(3.0, 7.16), (7.94, 12.1)]]",25
"[[(7.61, 11.77), (4.93, 9.09)]]",20
"[[(10.72, 14.88), (2.67, 6.83)]]",16
"[[(4.78, 8.94), (8.84, 13.0)]]",20
"[[(7.98, 12.14), (4.7, 8.86)]]",20
"[[(0.13, 4.29), (3.83, 7.99)]]",16
"[[(0.36, 4.52), (6.87, 11.03)]]",20
"[[(9.47, 13.63), (8.7, 12.86)]]",16
"[[(8.09, 12.25), (6.49, 10.65)]]",16
"[[(6.76, 10.92), (9.68, 13.84)]]",16
"[[(0.92, 5.08), (5.45, 9.61)]]",20
"[[(6.46, 10.62), (1.12, 5.28)]]",16
"[[(6.27, 10.43), (4.05, 8.21)]]",16
"[[(5.36, 9.52), (3.13, 7.29)]]",16
"[[(1.63, 5.79), (9.78, 13.94)]]",16
"[[(5.42, 9.58), (10.03, 14.19)]]",16
"[[(10.03, 14.19), (5.43, 9.59)]]",16
"[[(4.62, 8.78), (2.78, 6.94)]]",16
"[[(5.76, 9.92), (3.18, 7.34)]]",16
"[[(8.78, 12.94), (2.92, 7.08)]]",20
"[[(9.68, 13.84), (3.93, 8.09)]]",20
"[[(7.97, 12.13), (9.88, 14.04)]]",25
"[[(9.69, 13.85), (9.79, 13.95)]]",16
"[[(4.43, 8.59), (4.72, 8.88)]]",16
"[[(6.77, 10.93), (6.77, 10.93)]]",16
"[[(2.91, 7.07), (9.96, 14.12)]]",25
"[[(4.23, 8.39), (4.67, 8.83)]]",16
"[[(6.07, 10.23), (9.91, 14.07)]]",20
"[[(2.04, 6.2), (2.0, 6.16)]]",20
"[[(9.02, 13.18), (9.68, 13.84)]]",16
"[[(4.46, 8.62), (0.73, 4.89)]]",16
"[[(6.51, 10.67), (10.4, 14.56)]]",16
"[[(1.5, 5.66), (6.39, 10.55)]]",16
"[[(5.94, 10.1), (7.16, 11.32)]]",20
"[[(7.06, 11.22), (9.26, 13.42)]]",16
"[[(7.57, 11.73), (7.46, 11.62)]]",16
"[[(0.78, 4.94), (5.85, 10.01)]]",20
"[[(9.12, 13.28), (10.46, 14.62)]]",16
"[[(3.93, 8.09), (2.46, 6.62)]]",20
"[[(9.88, 14.04), (5.32, 9.48)]]",20
"[[(5.24, 9.4), (9.06, 13.22)]]",16
"[[(1.68, 5.84), (6.89, 11.05)]]",20
"[[(8.29, 12.45), (5.15, 9.31)]]",16
"[[(6.96, 11.12), (2.9, 7.06)]]",25
"[[(9.19, 13.35), (9.12, 13.28)]]",16
"[[(8.18, 12.34), (0.83, 4.99)]]",16
"[[(6.46, 10.62), (10.13, 14.29)]]",16
"[[(10.75, 14.91), (2.18, 6.34)]]",16
"[[(7.49, 11.65), (4.02, 8.18)]]",16
"[[(2.19, 6.35), (4.75, 8.91)]]",16
"[[(2.43, 6.59), (4.79, 8.95)]]",16
"[[(5.78, 9.94), (10.55, 14.71)]]",16
"[[(2.23, 6.39), (3.04, 7.2)]]",16
"[[(5.91, 10.07), (7.37, 11.53)]]",20
"[[(1.55, 5.71), (9.01, 13.17)]]",16
"[[(7.09, 11.25), (4.53, 8.69)]]",16
"[[(7.79, 11.95), (8.34, 12.5)]]",16
"[[(3.59, 7.75), (9.67, 13.83)]]",16
"[[(2.65, 6.81), (4.45, 8.61)]]",16
"[[(10.2, 14.36), (2.53, 6.69)]]",16
"[[(4.53, 8.69), (0.46, 4.62)]]",16
"[[(8.54, 12.7), (4.57, 8.73)]]",16
"[[(2.97, 7.13), (8.32, 12.48)]]",20
"[[(0.45, 4.61), (1.23, 5.39)]]",16
"[[(6.5, 10.66), (8.57, 12.73)]]",16
"[[(4.58, 8.74), (5.83, 9.99)]]",16
"[[(6.22, 10.38), (1.14, 5.3)]]",16
"[[(7.78, 11.94), (0.89, 5.05)]]",20
"[[(10.17, 14.33), (7.42, 11.58)]]",16
"[[(3.78, 7.94), (3.03, 7.19)]]",16
"[[(5.2, 9.36), (9.04, 13.2)]]",16
"[[(1.84, 6.0), (2.15, 6.31)]]",20
"[[(10.7, 14.86), (0.31, 4.47)]]",16
"[[(2.62, 6.78), (2.54, 6.7)]]",16
"[[(4.54, 8.7), (7.96, 12.12)]]",20
"[[(7.68, 11.84), (10.27, 14.43)]]",16
"[[(10.11, 14.27), (10.4, 14.56)]]",16
"[[(0.94, 5.1), (0.58, 4.74)]]",20
"[[(2.28, 6.44), (1.55, 5.71)]]",16
"[[(3.57, 7.73), (0.28, 4.44)]]",16
"[[(0.05, 4.21), (3.86, 8.02)]]",20
"[[(0.74, 4.9), (3.48, 7.64)]]",16
"[[(7.75, 11.91), (1.0, 5.16)]]",20
"[[(10.82, 14.98), (0.66, 4.82)]]",16
"[[(8.13, 12.29), (6.93, 11.09)]]",20
"[[(8.26, 12.42), (8.03, 12.19)]]",16
"[[(3.91, 8.07), (1.44, 5.6)]]",20
"[[(8.88, 13.04), (8.4, 12.56)]]",20
"[[(3.95, 8.11), (6.09, 10.25)]]",20
"[[(10.77, 14.93), (4.92, 9.08)]]",20
"[[(5.08, 9.24), (4.44, 8.6)]]",16
"[[(7.63, 11.79), (1.75, 5.91)]]",16
"[[(2.29, 6.45), (5.63, 9.79)]]",16
"[[(5.18, 9.34), (7.1, 11.26)]]",16
"[[(0.95, 5.11), (6.97, 11.13)]]",25
"[[(6.57, 10.73), (3.95, 8.11)]]",20
"[[(1.74, 5.9), (4.89, 9.05)]]",20
"[[(7.36, 11.52), (7.45, 11.61)]]",16
"[[(1.48, 5.64), (0.17, 4.33)]]",16
"[[(9.67, 13.83), (4.09, 8.25)]]",16
"[[(4.48, 8.64), (6.46, 10.62)]]",16
"[[(9.59, 13.75), (9.31, 13.47)]]",16
"[[(1.16, 5.32), (2.16, 6.32)]]",16
"[[(3.6, 7.76), (5.89, 10.05)]]",20
"[[(8.44, 12.6), (6.21, 10.37)]]",16
"[[(6.45, 10.61), (2.73, 6.89)]]",16
"[[(3.12, 7.28), (3.14, 7.3)]]",16
"[[(1.49, 5.65), (8.62, 12.78)]]",16
"[[(9.66, 13.82), (7.21, 11.37)]]",16
"[[(8.09, 12.25), (8.34, 12.5)]]",16
"[[(2.0, 6.16), (1.52, 5.68)]]",20
"[[(2.38, 6.54), (3.01, 7.17)]]",16
"[[(6.0, 10.16), (9.01, 13.17)]]",20
"[[(10.15, 14.31), (0.19, 4.35)]]",16
"[[(5.79, 9.95), (6.04, 10.2)]]",16
"[[(3.41, 7.57), (0.38, 4.54)]]",16
"[[(2.18, 6.34), (3.74, 7.9)]]",16
"[[(5.82, 9.98), (3.02, 7.18)]]",16
"[[(0.29, 4.45), (8.08, 12.24)]]",16
"[[(1.65, 5.81), (0.09, 4.25)]]",16
"[[(4.4, 8.56), (4.34, 8.5)]]",16
"[[(7.08, 11.24), (7.89, 12.05)]]",20
"[[(3.73, 7.89), (3.27, 7.43)]]",16
"[[(4.9, 9.06), (3.56, 7.72)]]",20
"[[(1.54, 5.7), (3.68, 7.84)]]",16
"[[(2.82, 6.98), (7.84, 12.0)]]",20
"[[(7.52, 11.68), (3.96, 8.12)]]",20
"[[(4.17, 8.33), (9.91, 14.07)]]",20
"[[(7.99, 12.15), (9.14, 13.3)]]",20
"[[(7.31, 11.47), (1.68, 5.84)]]",16
"[[(6.78, 10.94), (7.47, 11.63)]]",16
"[[(4.49, 8.65), (10.76, 14.92)]]",16
"[[(3.52, 7.68), (4.65, 8.81)]]",16
"[[(10.3, 14.46), (10.63, 14.79)]]",16
"[[(1.83, 5.99), (3.15, 7.31)]]",16
"[[(7.92, 12.08), (5.13, 9.29)]]",20
"[[(2.62, 6.78), (1.94, 6.1)]]",20
"[[(2.98, 7.14), (6.26, 10.42)]]",20
"[[(1.72, 5.88), (3.05, 7.21)]]",16
"[[(0.65, 4.81), (2.25, 6.41)]]",16
"[[(5.87, 10.03), (7.88, 12.04)]]",25
"[[(3.3, 7.46), (6.21, 10.37)]]",16
"[[(1.17, 5.33), (6.53, 10.69)]]",16
"[[(7.89, 12.05), (2.98, 7.14)]]",25
"[[(0.3, 4.46), (8.35, 12.51)]]",16
"[[(5.32, 9.48), (5.64, 9.8)]]",16
"[[(5.26, 9.42), (2.65, 6.81)]]",16
"[[(5.5, 9.66), (7.55, 11.71)]]",16
"[[(6.4, 10.56), (5.86, 10.02)]]",20
"[[(5.7, 9.86), (3.89, 8.05)]]",20
"[[(2.98, 7.14), (3.21, 7.37)]]",20
"[[(3.73, 7.89), (4.95, 9.11)]]",20
"[[(5.08, 9.24), (4.78, 8.94)]]",16
"[[(0.33, 4.49), (10.71, 14.87)]]",16
"[[(9.3, 13.46), (0.55, 4.71)]]",16
"[[(0.41, 4.57), (10.32, 14.48)]]",16
"[[(9.75, 13.91), (5.27, 9.43)]]",16
"[[(2.31, 6.47), (8.14, 12.3)]]",16
"[[(6.56, 10.72), (1.55, 5.71)]]",16
"[[(0.32, 4.48), (9.37, 13.53)]]",16
"[[(1.87, 6.03), (1.37, 5.53)]]",20
"[[(5.43, 9.59), (5.66, 9.82)]]",16
"[[(3.77, 7.93), (2.7, 6.86)]]",16
"[[(7.58, 11.74), (6.06, 10.22)]]",16
"[[(9.24, 13.4), (4.95, 9.11)]]",20
"[[(10.66, 14.82), (5.05, 9.21)]]",16
"[[(7.84, 12.0), (9.07, 13.23)]]",20
"[[(7.11, 11.27), (1.24, 5.4)]]",16
"[[(0.93, 5.09), (1.54, 5.7)]]",20
"[[(0.54, 4.7), (5.45, 9.61)]]",16
"[[(4.95, 9.11), (0.01, 4.17)]]",20
"[[(4.2, 8.36), (6.65, 10.81)]]",16
"[[(1.57, 5.73), (3.46, 7.62)]]",16
"[[(9.97, 14.13), (2.78, 6.94)]]",20
"[[(6.74, 10.9), (1.48, 5.64)]]",16
"[[(8.6, 12.76), (6.28, 10.44)]]",16
"[[(9.54, 13.7), (8.99, 13.15)]]",20
"[[(7.67, 11.83), (3.05, 7.21)]]",16
"[[(6.44, 10.6), (3.61, 7.77)]]",16
"[[(2.55, 6.71), (9.04, 13.2)]]",16
"[[(3.79, 7.95), (3.23, 7.39)]]",16
"[[(1.48, 5.64), (2.2, 6.36)]]",16
"[[(6.03, 10.19), (5.63, 9.79)]]",16
"[[(0.4, 4.56), (2.54, 6.7)]]",16
"[[(0.36, 4.52), (9.38, 13.54)]]",16
"[[(8.65, 12.81), (10.61, 14.77)]]",16
"[[(4.88, 9.04), (6.39, 10.55)]]",20
"[[(2.63, 6.79), (9.24, 13.4)]]",16
"[[(6.36, 10.52), (4.13, 8.29)]]",16
"[[(1.26, 5.42), (2.91, 7.07)]]",20
"[[(9.38, 13.54), (10.15, 14.31)]]",16
"[[(0.95, 5.11), (1.29, 5.45)]]",20
"[[(10.18, 14.34), (6.42, 10.58)]]",16
"[[(1.35, 5.51), (8.24, 12.4)]]",16
"[[(6.98, 11.14), (1.18, 5.34)]]",20
"[[(9.34, 13.5), (9.51, 13.67)]]",16
"[[(0.29, 4.45), (6.14, 10.3)]]",16
"[[(9.33, 13.49), (8.94, 13.1)]]",20
"[[(2.0, 6.16), (6.43, 10.59)]]",20
"[[(6.81, 10.97), (1.91, 6.07)]]",20
"[[(5.54, 9.7), (3.37, 7.53)]]",16
"[[(3.01, 7.17), (6.61, 10.77)]]",16
"[[(6.97, 11.13), (8.1, 12.26)]]",20
"[[(9.11, 13.27), (4.11, 8.27)]]",16
"[[(5.25, 9.41), (0.26, 4.42)]]",16
"[[(4.48, 8.64), (3.67, 7.83)]]",16
"[[(5.89, 10.05), (2.96, 7.12)]]",25
"[[(3.1, 7.26), (10.41, 14.57)]]",16
"[[(8.86, 13.02), (10.71, 14.87)]]",20
"[[(8.68, 12.84), (6.35, 10.51)]]",16
"[[(5.89, 10.05), (9.53, 13.69)]]",20
"[[(3.25, 7.41), (0.47, 4.63)]]",16
"[[(4.91, 9.07), (7.23, 11.39)]]",20
"[[(3.7, 7.86), (2.35, 6.51)]]",16
"[[(1.38, 5.54), (2.33, 6.49)]]",16
"[[(3.45, 7.61), (4.93, 9.09)]]",20
"[[(1.61, 5.77), (7.73, 11.89)]]",16
"[[(5.87, 10.03), (1.51, 5.67)]]",20
"[[(7.3, 11.46), (4.47, 8.63)]]",16
"[[(9.02, 13.18), (7.24, 11.4)]]",16
"[[(1.98, 6.14), (4.84, 9.0)]]",25
"[[(6.96, 11.12), (10.17, 14.33)]]",20
"[[(3.72, 7.88), (7.95, 12.11)]]",20
"[[(10.42, 14.58), (5.18, 9.34)]]",16
"[[(8.37, 12.53), (0.06, 4.22)]]",16
"[[(1.51, 5.67), (9.38, 13.54)]]",16
"[[(4.5, 8.66), (0.66, 4.82)]]",16
"[[(10.42, 14.58), (3.26, 7.42)]]",16
"[[(9.77, 13.93), (5.91, 10.07)]]",20
"[[(4.04, 8.2), (9.11, 13.27)]]",16
"[[(1.7, 5.86), (6.5, 10.66)]]",16
"[[(2.4, 6.56), (2.3, 6.46)]]",16
"[[(0.51, 4.67), (5.78, 9.94)]]",16
"[[(5.87, 10.03), (0.37, 4.53)]]",20
"[[(3.27, 7.43), (0.85, 5.01)]]",20
"[[(10.52, 14.68), (1.31, 5.47)]]",16
"[[(0.57, 4.73), (3.52, 7.68)]]",16
"[[(7.93, 12.09), (4.63, 8.79)]]",20
"[[(0.49, 4.65), (2.15, 6.31)]]",16
"[[(1.33, 5.49), (10.52, 14.68)]]",16
"[[(6.6, 10.76), (5.07, 9.23)]]",16
"[[(7.63, 11.79), (0.62, 4.78)]]",16
"[[(6.11, 10.27), (5.07, 9.23)]]",16
"[[(5.28, 9.44), (4.74, 8.9)]]",16
"[[(10.15, 14.31), (4.42, 8.58)]]",16
"[[(8.56, 12.72), (0.24, 4.4)]]",16
"[[(7.85, 12.01), (1.52, 5.68)]]",20
"[[(1.83, 5.99), (5.34, 9.5)]]",16
"[[(8.25, 12.41), (5.85, 10.01)]]",20
"[[(5.64, 9.8), (1.88, 6.04)]]",20
"[[(3.7, 7.86), (2.54, 6.7)]]",16
"[[(7.09, 11.25), (4.66, 8.82)]]",16
"[[(5.51, 9.67), (5.3, 9.46)]]",16
"[[(1.25, 5.41), (6.2, 10.36)]]",16
"[[(6.29, 10.45), (9.31, 13.47)]]",16
"[[(7.86, 12.02), (1.4, 5.56)]]",20
"[[(7.64, 11.8), (3.56, 7.72)]]",16
"[[(5.8, 9.96), (1.61, 5.77)]]",16
"[[(6.98, 11.14), (8.74, 12.9)]]",20
"[[(0.54, 4.7), (9.52, 13.68)]]",16
"[[(1.69, 5.85), (2.9, 7.06)]]",20
"[[(5.12, 9.28), (4.99, 9.15)]]",20
"[[(5.21, 9.37), (4.17, 8.33)]]",16
"[[(7.85, 12.01), (4.15, 8.31)]]",20
"[[(10.08, 14.24), (6.25, 10.41)]]",16
"[[(8.51, 12.67), (8.63, 12.79)]]",16
"[[(1.66, 5.82), (9.43, 13.59)]]",16
"[[(4.4, 8.56), (1.4, 5.56)]]",16
"[[(7.77, 11.93), (8.52, 12.68)]]",16
"[[(8.3, 12.46), (3.18, 7.34)]]",16
"[[(2.47, 6.63), (3.08, 7.24)]]",16
"[[(2.31, 6.47), (10.19, 14.35)]]",16
"[[(8.79, 12.95), (8.63, 12.79)]]",16
"[[(9.48, 13.64), (9.09, 13.25)]]",16
"[[(10.07, 14.23), (6.62, 10.78)]]",16
"[[(6.12, 10.28), (9.29, 13.45)]]",16
"[[(5.44, 9.6), (10.8, 14.96)]]",16
"[[(8.57, 12.73), (5.54, 9.7)]]",16
"[[(8.84, 13.0), (5.59, 9.75)]]",20
"[[(0.55, 4.71), (2.65, 6.81)]]",16
"[[(10.77, 14.93), (3.57, 7.73)]]",16
"[[(0.09, 4.25), (7.98, 12.14)]]",20
"[[(3.66, 7.82), (0.23, 4.39)]]",16
"[[(8.88, 13.04), (9.44, 13.6)]]",20
"[[(9.64, 13.8), (2.8, 6.96)]]",16
"[[(4.98, 9.14), (7.82, 11.98)]]",20
"[[(9.34, 13.5), (1.72, 5.88)]]",16
"[[(6.42, 10.58), (1.98, 6.14)]]",20
"[[(7.28, 11.44), (4.54, 8.7)]]",16
"[[(0.97, 5.13), (1.63, 5.79)]]",20
"[[(4.92, 9.08), (5.83, 9.99)]]",20
"[[(10.22, 14.38), (3.98, 8.14)]]",20
"[[(4.92, 9.08), (4.94, 9.1)]]",25
"[[(9.55, 13.71), (4.58, 8.74)]]",16
"[[(1.83, 5.99), (7.69, 11.85)]]",16
"[[(1.7, 5.86), (2.3, 6.46)]]",16
"[[(8.55, 12.71), (4.18, 8.34)]]",16
"[[(9.4, 13.56), (1.02, 5.18)]]",16
"[[(9.55, 13.71), (8.12, 12.28)]]",16
"[[(4.26, 8.42), (4.59, 8.75)]]",16
"[[(10.37, 14.53), (6.36, 10.52)]]",16
"[[(2.07, 6.23), (7.22, 11.38)]]",16
"[[(2.01, 6.17), (7.02, 11.18)]]",16
"[[(10.56, 14.72), (9.65, 13.81)]]",16
"[[(9.77, 13.93), (10.82, 14.98)]]",16
"[[(7.54, 11.7), (2.7, 6.86)]]",16
"[[(1.79, 5.95), (0.65, 4.81)]]",16
"[[(6.42, 10.58), (8.81, 12.97)]]",16
"[[(1.81, 5.97), (9.35, 13.51)]]",16
"[[(0.92, 5.08), (7.77, 11.93)]]",20
"[[(8.28, 12.44), (3.42, 7.58)]]",16
"[[(5.2, 9.36), (3.49, 7.65)]]",16
"[[(3.49, 7.65), (6.08, 10.24)]]",16
"[[(7.97, 12.13), (5.96, 10.12)]]",25
"[[(9.32, 13.48), (5.95, 10.11)]]",20
"[[(1.49, 5.65), (6.17, 10.33)]]",16
"[[(2.19, 6.35), (8.34, 12.5)]]",16
"[[(3.26, 7.42), (1.31, 5.47)]]",16
"[[(5.66, 9.82), (8.35, 12.51)]]",16
"[[(8.28, 12.44), (3.88, 8.04)]]",20
"[[(7.75, 11.91), (3.02, 7.18)]]",16
"[[(10.13, 14.29), (7.9, 12.06)]]",20
"[[(0.05, 4.21), (10.5, 14.66)]]",16
"[[(0.63, 4.79), (2.01, 6.17)]]",16
"[[(10.42, 14.58), (7.07, 11.23)]]",16
"[[(0.33, 4.49), (10.51, 14.67)]]",16
"[[(8.84, 13.0), (1.47, 5.63)]]",20
"[[(1.39, 5.55), (5.16, 9.32)]]",16
"[[(5.78, 9.94), (4.44, 8.6)]]",16
"[[(8.66, 12.82), (6.03, 10.19)]]",16
"[[(0.14, 4.3), (2.56, 6.72)]]",16
"[[(8.37, 12.53), (4.49, 8.65)]]",16
"[[(2.4, 6.56), (4.82, 8.98)]]",16
"[[(10.55, 14.71), (5.95, 10.11)]]",20
"[[(2.45, 6.61), (5.38, 9.54)]]",16
"[[(5.04, 9.2), (4.79, 8.95)]]",16
"[[(10.54, 14.7), (9.48, 13.64)]]",16
"[[(9.16, 13.32), (4.84, 9.0)]]",20
"[[(4.23, 8.39), (3.63, 7.79)]]",16
"[[(7.48, 11.64), (9.34, 13.5)]]",16
"[[(4.76, 8.92), (9.46, 13.62)]]",16
"[[(0.67, 4.83), (8.7, 12.86)]]",16
"[[(10.24, 14.4), (8.86, 13.02)]]",20
"[[(3.91, 8.07), (10.09, 14.25)]]",20
"[[(10.66, 14.82), (10.01, 14.17)]]",16
"[[(10.55, 14.71), (9.41, 13.57)]]",16
"[[(8.19, 12.35), (8.32, 12.48)]]",16
"[[(2.9, 7.06), (5.37, 9.53)]]",20
"[[(9.87, 14.03), (5.13, 9.29)]]",20
"[[(4.25, 8.41), (6.17, 10.33)]]",16
"[[(0.3, 4.46), (0.17, 4.33)]]",16
"[[(8.63, 12.79), (6.22, 10.38)]]",16
"[[(6.76, 10.92), (8.41, 12.57)]]",16
"[[(9.45, 13.61), (1.93, 6.09)]]",20
"[[(1.58, 5.74), (7.78, 11.94)]]",16
"[[(6.42, 10.58), (4.59, 8.75)]]",16
"[[(7.34, 11.5), (1.71, 5.87)]]",16
"[[(7.59, 11.75), (8.38, 12.54)]]",16
"[[(2.78, 6.94), (9.49, 13.65)]]",16
"[[(9.66, 13.82), (10.32, 14.48)]]",16
"[[(4.7, 8.86), (5.15, 9.31)]]",16
"[[(7.61, 11.77), (9.57, 13.73)]]",16
"[[(7.13, 11.29), (1.35, 5.51)]]",16
"[[(4.91, 9.07), (3.59, 7.75)]]",20
"[[(2.74, 6.9), (2.3, 6.46)]]",16
"[[(4.3, 8.46), (10.18, 14.34)]]",16
"[[(4.78, 8.94), (7.54, 11.7)]]",16
"[[(8.41, 12.57), (0.16, 4.32)]]",16
"[[(5.9, 10.06), (7.26, 11.42)]]",20
"[[(3.3, 7.46), (1.07, 5.23)]]",16
"[[(10.28, 14.44), (5.16, 9.32)]]",16
"[[(7.74, 11.9), (2.02, 6.18)]]",16
"[[(9.55, 13.71), (5.51, 9.67)]]",16
"[[(3.49, 7.65), (8.69, 12.85)]]",16
"[[(8.83, 12.99), (8.58, 12.74)]]",16
"[[(2.58, 6.74), (5.57, 9.73)]]",16
"[[(9.46, 13.62), (4.28, 8.44)]]",16
"[[(5.93, 10.09), (6.72, 10.88)]]",20
"[[(10.45, 14.61), (5.42, 9.58)]]",16
"[[(1.7, 5.86), (5.89, 10.05)]]",20
"[[(2.26, 6.42), (7.07, 11.23)]]",16
"[[(6.1, 10.26), (3.58, 7.74)]]",16
"[[(4.6, 8.76), (9.21, 13.37)]]",16
"[[(0.57, 4.73), (8.23, 12.39)]]",16
"[[(8.2, 12.36), (4.84, 9.0)]]",20
"[[(9.33, 13.49), (5.48, 9.64)]]",16
"[[(1.43, 5.59), (7.46, 11.62)]]",16
"[[(1.24, 5.4), (5.55, 9.71)]]",16
"[[(10.42, 14.58), (2.67, 6.83)]]",16
"[[(5.91, 10.07), (9.0, 13.16)]]",25
"[[(10.63, 14.79), (8.35, 12.51)]]",16
"[[(6.7, 10.86), (9.58, 13.74)]]",16
"[[(10.25, 14.41), (3.65, 7.81)]]",16
"[[(1.39, 5.55), (8.58, 12.74)]]",16
"[[(10.58, 14.74), (8.43, 12.59)]]",16
"[[(9.32, 13.48), (5.61, 9.77)]]",16
"[[(8.32, 12.48), (7.97, 12.13)]]",20
"[[(6.67, 10.83), (8.22, 12.38)]]",16
"[[(5.47, 9.63), (4.8, 8.96)]]",16
"[[(2.54, 6.7), (0.01, 4.17)]]",16
"[[(6.42, 10.58), (8.51, 12.67)]]",16
"[[(4.56, 8.72), (1.59, 5.75)]]",16
"[[(0.36, 4.52), (1.8, 5.96)]]",16
"[[(6.86, 11.02), (5.89, 10.05)]]",25
"[[(7.45, 11.61), (4.26, 8.42)]]",16
"[[(1.2, 5.36), (3.26, 7.42)]]",16
"[[(6.39, 10.55), (4.22, 8.38)]]",16
"[[(7.35, 11.51), (3.31, 7.47)]]",16
"[[(4.03, 8.19), (6.9, 11.06)]]",20
"[[(6.07, 10.23), (4.64, 8.8)]]",16
"[[(5.35, 9.51), (10.08, 14.24)]]",16
"[[(2.47, 6.63), (4.56, 8.72)]]",16
"[[(0.78, 4.94), (4.69, 8.85)]]",16
"[[(10.32, 14.48), (2.1, 6.26)]]",16
"[[(6.64, 10.8), (0.6, 4.76)]]",16
"[[(4.6, 8.76), (10.08, 14.24)]]",16
"[[(8.9, 13.06), (7.84, 12.0)]]",25
"[[(2.52, 6.68), (10.66, 14.82)]]",16
"[[(9.75, 13.91), (8.01, 12.17)]]",16
"[[(6.71, 10.87), (7.45, 11.61)]]",16
"[[(1.47, 5.63), (6.71, 10.87)]]",16
"[[(2.71, 6.87), (2.29, 6.45)]]",16
"[[(7.39, 11.55), (4.65, 8.81)]]",16
"[[(1.72, 5.88), (10.49, 14.65)]]",16
"[[(3.65, 7.81), (0.2, 4.36)]]",16
"[[(6.79, 10.95), (9.84, 14.0)]]",20
"[[(9.94, 14.1), (1.11, 5.27)]]",20
"[[(9.07, 13.23), (4.37, 8.53)]]",16
"[[(5.55, 9.71), (10.28, 14.44)]]",16
"[[(2.27, 6.43), (2.91, 7.07)]]",20
"[[(5.01, 9.17), (2.72, 6.88)]]",16
"[[(8.54, 12.7), (4.64, 8.8)]]",16
"[[(6.36, 10.52), (5.37, 9.53)]]",16
"[[(1.44, 5.6), (6.52, 10.68)]]",16
"[[(7.78, 11.94), (4.02, 8.18)]]",16
"[[(5.01, 9.17), (2.26, 6.42)]]",16
"[[(8.53, 12.69), (9.73, 13.89)]]",16
"[[(4.79, 8.95), (3.07, 7.23)]]",16
"[[(0.61, 4.77), (8.86, 13.02)]]",20
"[[(9.01, 13.17), (6.18, 10.34)]]",16
"[[(9.23, 13.39), (1.79, 5.95)]]",16
"[[(10.43, 14.59), (7.12, 11.28)]]",16
"[[(2.13, 6.29), (5.34, 9.5)]]",16
"[[(5.69, 9.85), (6.16, 10.32)]]",16
"[[(4.74, 8.9), (8.26, 12.42)]]",16
"[[(3.33, 7.49), (3.77, 7.93)]]",16
"[[(7.48, 11.64), (2.93, 7.09)]]",20
"[[(10.37, 14.53), (4.15, 8.31)]]",16
"[[(6.76, 10.92), (7.54, 11.7)]]",16
"[[(2.18, 6.34), (1.95, 6.11)]]",20
"[[(10.04, 14.2), (4.79, 8.95)]]",16
"[[(1.93, 6.09), (3.5, 7.66)]]",20
"[[(0.12, 4.28), (9.15, 13.31)]]",16
"[[(2.78, 6.94), (1.16, 5.32)]]",16
"[[(2.79, 6.95), (0.39, 4.55)]]",16
"[[(3.5, 7.66), (4.67, 8.83)]]",16
"[[(6.48, 10.64), (4.46, 8.62)]]",16
"[[(1.78, 5.94), (1.77, 5.93)]]",16
"[[(6.81, 10.97), (4.6, 8.76)]]",16
"[[(1.89, 6.05), (8.85, 13.01)]]",25
"[[(2.83, 6.99), (4.06, 8.22)]]",16
"[[(8.0, 12.16), (6.93, 11.09)]]",25
"[[(7.93, 12.09), (7.96, 12.12)]]",25
"[[(3.2, 7.36), (6.04, 10.2)]]",16
"[[(8.47, 12.63), (8.69, 12.85)]]",16
"[[(3.54, 7.7), (8.53, 12.69)]]",16
"[[(2.99, 7.15), (5.04, 9.2)]]",20
"[[(9.88, 14.04), (7.99, 12.15)]]",25
"[[(2.64, 6.8), (1.75, 5.91)]]",16
"[[(6.68, 10.84), (0.52, 4.68)]]",16
"[[(2.86, 7.02), (8.05, 12.21)]]",20
"[[(4.07, 8.23), (7.78, 11.94)]]",16
"[[(9.5, 13.66), (1.25, 5.41)]]",16
"[[(7.38, 11.54), (7.44, 11.6)]]",16
"[[(9.69, 13.85), (4.23, 8.39)]]",16
"[[(0.54, 4.7), (10.63, 14.79)]]",16
"[[(2.91, 7.07), (4.96, 9.12)]]",25
"[[(6.64, 10.8), (8.04, 12.2)]]",16
"[[(8.24, 12.4), (6.14, 10.3)]]",16
"[[(8.96, 13.12), (2.88, 7.04)]]",25
"[[(7.77, 11.93), (4.13, 8.29)]]",16
"[[(9.59, 13.75), (3.04, 7.2)]]",16
"[[(3.97, 8.13), (4.24, 8.4)]]",20
"[[(7.85, 12.01), (0.09, 4.25)]]",20
"[[(1.17, 5.33), (3.43, 7.59)]]",16
"[[(8.46, 12.62), (10.27, 14.43)]]",16
"[[(9.02, 13.18), (6.93, 11.09)]]",20
"[[(0.91, 5.07), (7.15, 11.31)]]",20
"[[(1.37, 5.53), (8.39, 12.55)]]",16
"[[(3.89, 8.05), (6.84, 11.0)]]",25
"[[(7.79, 11.95), (1.59, 5.75)]]",16
"[[(9.28, 13.44), (7.46, 11.62)]]",16
"[[(3.49, 7.65), (9.4, 13.56)]]",16
"[[(9.62, 13.78), (10.05, 14.21)]]",16
"[[(5.84, 10.0), (8.77, 12.93)]]",20
"[[(9.17, 13.33), (1.01, 5.17)]]",16
"[[(9.06, 13.22), (5.04, 9.2)]]",16
"[[(5.22, 9.38), (4.6, 8.76)]]",16
"[[(7.58, 11.74), (4.45, 8.61)]]",16
"[[(7.11, 11.27), (8.7, 12.86)]]",16
"[[(2.15, 6.31), (1.37, 5.53)]]",16
"[[(4.71, 8.87), (10.44, 14.6)]]",16
"[[(10.51, 14.67), (0.32, 4.48)]]",16
"[[(1.98, 6.14), (5.54, 9.7)]]",20
"[[(2.55, 6.71), (8.69, 12.85)]]",16
"[[(5.52, 9.68), (10.33, 14.49)]]",16
"[[(1.18, 5.34), (1.17, 5.33)]]",16
"[[(4.64, 8.8), (2.17, 6.33)]]",16
"[[(8.84, 13.0), (1.77, 5.93)]]",20
"[[(1.47, 5.63), (4.48, 8.64)]]",16
"[[(9.26, 13.42), (1.21, 5.37)]]",16
"[[(3.5, 7.66), (9.19, 13.35)]]",16
"[[(2.86, 7.02), (1.05, 5.21)]]",20
"[[(4.29, 8.45), (6.2, 10.36)]]",16
"[[(1.61, 5.77), (1.7, 5.86)]]",16
"[[(2.21, 6.37), (10.71, 14.87)]]",16
"[[(0.81, 4.97), (9.59, 13.75)]]",16
"[[(9.13, 13.29), (0.73, 4.89)]]",16
"[[(10.17, 14.33), (4.66, 8.82)]]",16
"[[(10.59, 14.75), (1.54, 5.7)]]",16
"[[(10.7, 14.86), (3.95, 8.11)]]",20
"[[(6.69, 10.85), (9.53, 13.69)]]",16
"[[(1.39, 5.55), (1.44, 5.6)]]",16
"[[(7.2, 11.36), (5.34, 9.5)]]",16
"[[(5.65, 9.81), (5.74, 9.9)]]",16
"[[(8.37, 12.53), (4.98, 9.14)]]",20
"[[(2.68, 6.84), (6.94, 11.1)]]",20
"[[(6.2, 10.36), (7.65, 11.81)]]",16
"[[(5.55, 9.71), (7.01, 11.17)]]",16
"[[(0.51, 4.67), (8.23, 12.39)]]",16
"[[(8.97, 13.13), (2.86, 7.02)]]",25
"[[(7.75, 11.91), (9.14, 13.3)]]",16
"[[(9.95, 14.11), (3.43, 7.59)]]",20
"[[(8.16, 12.32), (1.15, 5.31)]]",16
"[[(1.78, 5.94), (4.38, 8.54)]]",16
"[[(9.71, 13.87), (0.94, 5.1)]]",20
"[[(9.83, 13.99), (3.85, 8.01)]]",20
"[[(2.8, 6.96), (9.84, 14.0)]]",20
"[[(5.06, 9.22), (0.17, 4.33)]]",16
"[[(9.85, 14.01), (7.48, 11.64)]]",20
"[[(1.71, 5.87), (5.18, 9.34)]]",16
"[[(2.72, 6.88), (2.24, 6.4)]]",16
"[[(3.47, 7.63), (8.18, 12.34)]]",16
"[[(4.8, 8.96), (7.58, 11.74)]]",16
"[[(2.31, 6.47), (4.93, 9.09)]]",20
"[[(3.51, 7.67), (1.33, 5.49)]]",16
"[[(3.33, 7.49), (1.72, 5.88)]]",16
"[[(2.98, 7.14), (4.87, 9.03)]]",25
"[[(1.14, 5.3), (6.4, 10.56)]]",16
"[[(3.11, 7.27), (0.14, 4.3)]]",16
"[[(1.94, 6.1), (6.45, 10.61)]]",20
"[[(7.54, 11.7), (7.79, 11.95)]]",16
"[[(4.35, 8.51), (9.27, 13.43)]]",16
"[[(0.07, 4.23), (9.24, 13.4)]]",16
"[[(4.7, 8.86), (8.32, 12.48)]]",16
"[[(7.49, 11.65), (5.14, 9.3)]]",16
"[[(7.14, 11.3), (9.64, 13.8)]]",16
"[[(3.79, 7.95), (7.47, 11.63)]]",16
"[[(1.5, 5.66), (0.24, 4.4)]]",16
"[[(8.1, 12.26), (1.6, 5.76)]]",16
"[[(7.09, 11.25), (0.04, 4.2)]]",16
"[[(1.15, 5.31), (3.64, 7.8)]]",16
"[[(4.01, 8.17), (1.44, 5.6)]]",16
"[[(7.7, 11.86), (9.65, 13.81)]]",16
"[[(9.65, 13.81), (10.26, 14.42)]]",16
"[[(3.98, 8.14), (5.32, 9.48)]]",20
"[[(3.18, 7.34), (4.16, 8.32)]]",16
"[[(7.71, 11.87), (8.33, 12.49)]]",16
"[[(3.84, 8.0), (2.77, 6.93)]]",20
"[[(6.83, 10.99), (10.59, 14.75)]]",16
"[[(1.65, 5.81), (8.57, 12.73)]]",16
"[[(7.1, 11.26), (9.39, 13.55)]]",16
"[[(5.02, 9.18), (6.82, 10.98)]]",16
"[[(0.49, 4.65), (6.31, 10.47)]]",16
"[[(10.65, 14.81), (7.24, 11.4)]]",16
"[[(6.67, 10.83), (7.66, 11.82)]]",16
"[[(2.93, 7.09), (10.71, 14.87)]]",20
"[[(3.0, 7.16), (0.54, 4.7)]]",20
"[[(6.46, 10.62), (3.52, 7.68)]]",16
"[[(8.76, 12.92), (5.0, 9.16)]]",20
"[[(4.84, 9.0), (2.43, 6.59)]]",20
"[[(5.74, 9.9), (5.89, 10.05)]]",20
"[[(1.25, 5.41), (9.07, 13.23)]]",16
"[[(9.39, 13.55), (5.86, 10.02)]]",20
"[[(9.66, 13.82), (5.05, 9.21)]]",16
"[[(4.14, 8.3), (3.14, 7.3)]]",16
"[[(9.42, 13.58), (0.23, 4.39)]]",16
"[[(5.99, 10.15), (6.3, 10.46)]]",20
"[[(2.9, 7.06), (10.55, 14.71)]]",20
"[[(7.02, 11.18), (5.42, 9.58)]]",16
"[[(1.34, 5.5), (5.1, 9.26)]]",16
"[[(2.24, 6.4), (4.05, 8.21)]]",16
"[[(0.08, 4.24), (5.83, 9.99)]]",16
"[[(1.22, 5.38), (7.71, 11.87)]]",16
"[[(2.55, 6.71), (0.8, 4.96)]]",16
"[[(9.87, 14.03), (1.83, 5.99)]]",20
"[[(0.19, 4.35), (5.49, 9.65)]]",16
"[[(0.44, 4.6), (2.08, 6.24)]]",16
"[[(7.22, 11.38), (10.41, 14.57)]]",16
"[[(1.25, 5.41), (6.88, 11.04)]]",20
"[[(2.37, 6.53), (0.27, 4.43)]]",16
"[[(10.25, 14.41), (5.55, 9.71)]]",16
"[[(9.31, 13.47), (5.54, 9.7)]]",16
"[[(2.81, 6.97), (8.12, 12.28)]]",16
"[[(3.95, 8.11), (2.05, 6.21)]]",20
"[[(7.75, 11.91), (1.66, 5.82)]]",16
"[[(8.94, 13.1), (3.03, 7.19)]]",20
"[[(1.76, 5.92), (9.59, 13.75)]]",16
"[[(5.91, 10.07), (2.93, 7.09)]]",25
"[[(1.63, 5.79), (7.57, 11.73)]]",16
"[[(8.08, 12.24), (6.55, 10.71)]]",16
"[[(10.6, 14.76), (2.42, 6.58)]]",16
"[[(10.51, 14.67), (8.39, 12.55)]]",16
"[[(10.68, 14.84), (6.28, 10.44)]]",16
"[[(9.68, 13.84), (5.71, 9.87)]]",16
"[[(10.38, 14.54), (0.54, 4.7)]]",16
"[[(3.51, 7.67), (2.69, 6.85)]]",16
"[[(7.91, 12.07), (10.18, 14.34)]]",20
"[[(2.81, 6.97), (8.99, 13.15)]]",20
"[[(6.33, 10.49), (7.8, 11.96)]]",16
"[[(1.27, 5.43), (9.59, 13.75)]]",16
"[[(8.3, 12.46), (7.44, 11.6)]]",16
"[[(2.53, 6.69), (6.13, 10.29)]]",16
"[[(9.25, 13.41), (0.06, 4.22)]]",16
"[[(4.34, 8.5), (0.02, 4.18)]]",16
"[[(9.37, 13.53), (4.34, 8.5)]]",16
"[[(6.51, 10.67), (2.29, 6.45)]]",16
"[[(3.58, 7.74), (3.82, 7.98)]]",16
"[[(3.35, 7.51), (10.55, 14.71)]]",16
"[[(7.37, 11.53), (2.55, 6.71)]]",16
"[[(4.99, 9.15), (8.54, 12.7)]]",20
"[[(4.82, 8.98), (9.63, 13.79)]]",16
"[[(5.57, 9.73), (5.23, 9.39)]]",16
"[[(6.0, 10.16), (2.34, 6.5)]]",20
"[[(0.75, 4.91), (1.13, 5.29)]]",16
"[[(0.61, 4.77), (5.01, 9.17)]]",16
"[[(8.82, 12.98), (0.16, 4.32)]]",16
"[[(0.27, 4.43), (9.49, 13.65)]]",16
"[[(9.4, 13.56), (1.78, 5.94)]]",16
"[[(8.95, 13.11), (0.05, 4.21)]]",20
"[[(1.7, 5.86), (4.23, 8.39)]]",16
"[[(0.39, 4.55), (1.37, 5.53)]]",16
"[[(10.25, 14.41), (8.91, 13.07)]]",20
"[[(0.4, 4.56), (4.85, 9.01)]]",20
"[[(10.29, 14.45), (2.26, 6.42)]]",16
"[[(8.31, 12.47), (8.2, 12.36)]]",16
"[[(0.51, 4.67), (7.94, 12.1)]]",20
"[[(7.08, 11.24), (4.11, 8.27)]]",16
"[[(1.26, 5.42), (0.53, 4.69)]]",16
"[[(2.47, 6.63), (6.59, 10.75)]]",16
"[[(8.69, 12.85), (0.03, 4.19)]]",16
"[[(8.42, 12.58), (5.93, 10.09)]]",20
"[[(1.16, 5.32), (2.1, 6.26)]]",16
"[[(2.34, 6.5), (7.12, 11.28)]]",16
"[[(7.5, 11.66), (2.98, 7.14)]]",20
"[[(9.04, 13.2), (4.82, 8.98)]]",16
"[[(6.14, 10.3), (7.24, 11.4)]]",16
"[[(10.52, 14.68), (6.29, 10.45)]]",16
"[[(3.65, 7.81), (0.27, 4.43)]]",16
"[[(8.49, 12.65), (5.92, 10.08)]]",20
"[[(2.62, 6.78), (6.84, 11.0)]]",20
"[[(6.41, 10.57), (2.6, 6.76)]]",16
"[[(0.31, 4.47), (0.33, 4.49)]]",16
"[[(7.96, 12.12), (8.74, 12.9)]]",20
"[[(6.91, 11.07), (3.63, 7.79)]]",20
"[[(3.36, 7.52), (2.9, 7.06)]]",20
"[[(3.31, 7.47), (4.19, 8.35)]]",16
"[[(3.78, 7.94), (10.06, 14.22)]]",16
"[[(6.42, 10.58), (4.48, 8.64)]]",16
"[[(1.97, 6.13), (7.93, 12.09)]]",25
"[[(10.81, 14.97), (1.52, 5.68)]]",16
"[[(9.73, 13.89), (2.39, 6.55)]]",16
"[[(5.52, 9.68), (6.47, 10.63)]]",16
"[[(6.73, 10.89), (3.64, 7.8)]]",16
"[[(6.74, 10.9), (10.1, 14.26)]]",16
"[[(7.56, 11.72), (5.23, 9.39)]]",16
"[[(7.85, 12.01), (5.91, 10.07)]]",25
"[[(1.88, 6.04), (0.05, 4.21)]]",20
"[[(8.03, 12.19), (3.06, 7.22)]]",16
"[[(4.67, 8.83), (1.18, 5.34)]]",16
"[[(5.68, 9.84), (5.99, 10.15)]]",20
"[[(1.89, 6.05), (2.76, 6.92)]]",20
"[[(4.28, 8.44), (4.37, 8.53)]]",16
"[[(7.63, 11.79), (10.18, 14.34)]]",16
"[[(10.0, 14.16), (2.96, 7.12)]]",25
"[[(5.22, 9.38), (3.25, 7.41)]]",16
"[[(2.57, 6.73), (4.64, 8.8)]]",16
"[[(10.14, 14.3), (1.15, 5.31)]]",16
"[[(2.36, 6.52), (5.41, 9.57)]]",16
"[[(4.57, 8.73), (10.35, 14.51)]]",16
"[[(5.46, 9.62), (7.14, 11.3)]]",16
"[[(0.81, 4.97), (10.15, 14.31)]]",16
"[[(10.82, 14.98), (10.55, 14.71)]]",16
"[[(8.23, 12.39), (1.04, 5.2)]]",16
"[[(7.27, 11.43), (9.07, 13.23)]]",16
"[[(0.97, 5.13), (9.35, 13.51)]]",20
"[[(3.01, 7.17), (6.2, 10.36)]]",16
"[[(3.3, 7.46), (7.84, 12.0)]]",20
"[[(2.7, 6.86), (8.87, 13.03)]]",20
"[[(10.67, 14.83), (2.7, 6.86)]]",16
"[[(7.98, 12.14), (10.2, 14.36)]]",20
"[[(5.9, 10.06), (4.18, 8.34)]]",20
"[[(1.49, 5.65), (5.19, 9.35)]]",16
"[[(1.12, 5.28), (10.01, 14.17)]]",16
"[[(9.18, 13.34), (2.65, 6.81)]]",16
"[[(6.61, 10.77), (3.8, 7.96)]]",16
"[[(8.33, 12.49), (5.0, 9.16)]]",20
"[[(8.17, 12.33), (9.46, 13.62)]]",16
"[[(7.53, 11.69), (3.57, 7.73)]]",16
"[[(2.22, 6.38), (5.38, 9.54)]]",16
"[[(1.43, 5.59), (7.18, 11.34)]]",16
"[[(6.48, 10.64), (9.0, 13.16)]]",20
"[[(6.52, 10.68), (3.31, 7.47)]]",16
"[[(8.39, 12.55), (9.21, 13.37)]]",16
"[[(1.59, 5.75), (8.28, 12.44)]]",16
"[[(10.64, 14.8), (6.75, 10.91)]]",16
"[[(5.15, 9.31), (6.87, 11.03)]]",20
"[[(6.47, 10.63), (8.57, 12.73)]]",16
"[[(9.2, 13.36), (10.6, 14.76)]]",16
"[[(7.43, 11.59), (10.59, 14.75)]]",16
"[[(10.42, 14.58), (0.31, 4.47)]]",16
"[[(10.6, 14.76), (7.57, 11.73)]]",16
"[[(2.01, 6.17), (5.05, 9.21)]]",16
"[[(10.44, 14.6), (9.72, 13.88)]]",16
"[[(9.94, 14.1), (0.71, 4.87)]]",20
"[[(10.0, 14.16), (0.21, 4.37)]]",20
"[[(0.54, 4.7), (0.87, 5.03)]]",20
"[[(5.1, 9.26), (10.26, 14.42)]]",16
"[[(2.28, 6.44), (0.08, 4.24)]]",16
"[[(1.08, 5.24), (5.78, 9.94)]]",16
"[[(10.22, 14.38), (6.19, 10.35)]]",16
"[[(5.64, 9.8), (3.77, 7.93)]]",16
"[[(10.45, 14.61), (4.8, 8.96)]]",16
"[[(9.83, 13.99), (9.6, 13.76)]]",16
"[[(7.62, 11.78), (7.49, 11.65)]]",16
"[[(6.77, 10.93), (2.19, 6.35)]]",16
"[[(8.46, 12.62), (4.74, 8.9)]]",16
"[[(4.57, 8.73), (7.58, 11.74)]]",16
"[[(2.89, 7.05), (10.6, 14.76)]]",20
"[[(0.69, 4.85), (8.8, 12.96)]]",16
"[[(8.18, 12.34), (6.89, 11.05)]]",20
"[[(2.34, 6.5), (0.88, 5.04)]]",20
"[[(7.24, 11.4), (9.8, 13.96)]]",16
"[[(10.59, 14.75), (9.69, 13.85)]]",16
"[[(8.53, 12.69), (2.22, 6.38)]]",16
"[[(10.65, 14.81), (4.56, 8.72)]]",16
"[[(2.48, 6.64), (2.5, 6.66)]]",16
"[[(3.48, 7.64), (8.58, 12.74)]]",16
"[[(7.04, 11.2), (0.15, 4.31)]]",16
"[[(3.06, 7.22), (2.92, 7.08)]]",20
"[[(5.31, 9.47), (4.32, 8.48)]]",16
"[[(2.09, 6.25), (0.5, 4.66)]]",16
"[[(10.57, 14.73), (4.6, 8.76)]]",16
"[[(10.72, 14.88), (8.79, 12.95)]]",16
"[[(6.17, 10.33), (9.62, 13.78)]]",16
"[[(8.36, 12.52), (4.72, 8.88)]]",16
"[[(7.67, 11.83), (10.47, 14.63)]]",16
"[[(0.79, 4.95), (1.68, 5.84)]]",16
"[[(0.03, 4.19), (1.4, 5.56)]]",16
"[[(2.79, 6.95), (9.46, 13.62)]]",16
"[[(7.48, 11.64), (0.16, 4.32)]]",16
"[[(5.16, 9.32), (7.97, 12.13)]]",20
"[[(0.75, 4.91), (9.71, 13.87)]]",16
"[[(1.36, 5.52), (0.54, 4.7)]]",16
"[[(0.74, 4.9), (8.91, 13.07)]]",20
"[[(4.4, 8.56), (10.14, 14.3)]]",16
"[[(6.58, 10.74), (3.75, 7.91)]]",16
"[[(8.62, 12.78), (5.12, 9.28)]]",16
"[[(9.5, 13.66), (4.63, 8.79)]]",16
"[[(8.99, 13.15), (4.6, 8.76)]]",20
"[[(1.74, 5.9), (0.83, 4.99)]]",16
"[[(5.83, 9.99), (8.69, 12.85)]]",16
"[[(5.94, 10.1), (5.01, 9.17)]]",20
"[[(10.5, 14.66), (9.29, 13.45)]]",16
"[[(3.06, 7.22), (10.44, 14.6)]]",16
"[[(6.68, 10.84), (1.46, 5.62)]]",16
"[[(10.73, 14.89), (3.79, 7.95)]]",16
"[[(8.39, 12.55), (2.49, 6.65)]]",16
"[[(7.29, 11.45), (4.21, 8.37)]]",16
"[[(9.21, 13.37), (1.9, 6.06)]]",20
"[[(0.2, 4.36), (4.12, 8.28)]]",16
"[[(2.54, 6.7), (4.47, 8.63)]]",16
"[[(8.83, 12.99), (9.96, 14.12)]]",20
"[[(0.47, 4.63), (8.54, 12.7)]]",16
"[[(3.88, 8.04), (5.3, 9.46)]]",20
"[[(3.87, 8.03), (8.48, 12.64)]]",20
"[[(9.16, 13.32), (0.98, 5.14)]]",20
"[[(4.82, 8.98), (0.31, 4.47)]]",16
"[[(6.39, 10.55), (2.1, 6.26)]]",16
"[[(1.19, 5.35), (8.26, 12.42)]]",16
"[[(4.11, 8.27), (3.6, 7.76)]]",16
"[[(0.96, 5.12), (8.13, 12.29)]]",20
"[[(1.58, 5.74), (3.5, 7.66)]]",16
"[[(5.46, 9.62), (7.94, 12.1)]]",20
"[[(3.1, 7.26), (6.6, 10.76)]]",16
"[[(4.98, 9.14), (5.94, 10.1)]]",25
"[[(2.34, 6.5), (8.8, 12.96)]]",16
"[[(2.67, 6.83), (6.83, 10.99)]]",16
"[[(8.46, 12.62), (3.32, 7.48)]]",16
"[[(8.3, 12.46), (10.08, 14.24)]]",16
"[[(9.51, 13.67), (6.47, 10.63)]]",16
"[[(8.29, 12.45), (7.35, 11.51)]]",16
"[[(5.54, 9.7), (1.98, 6.14)]]",20
"[[(8.84, 13.0), (6.24, 10.4)]]",20
"[[(2.57, 6.73), (5.38, 9.54)]]",16
"[[(3.85, 8.01), (0.39, 4.55)]]",20
"[[(8.35, 12.51), (4.79, 8.95)]]",16
"[[(4.66, 8.82), (5.67, 9.83)]]",16
"[[(9.77, 13.93), (4.15, 8.31)]]",16
"[[(5.03, 9.19), (10.27, 14.43)]]",16
"[[(8.58, 12.74), (7.49, 11.65)]]",16
"[[(6.97, 11.13), (4.25, 8.41)]]",20
"[[(2.05, 6.21), (3.35, 7.51)]]",16
"[[(6.81, 10.97), (0.14, 4.3)]]",16
"[[(2.25, 6.41), (10.39, 14.55)]]",16
"[[(6.75, 10.91), (9.69, 13.85)]]",16
"[[(1.78, 5.94), (6.08, 10.24)]]",16
"[[(0.98, 5.14), (1.21, 5.37)]]",20
"[[(9.26, 13.42), (6.92, 11.08)]]",20
"[[(9.51, 13.67), (0.2, 4.36)]]",16
"[[(10.1, 14.26), (10.03, 14.19)]]",16
"[[(2.97, 7.13), (0.06, 4.22)]]",20
"[[(2.39, 6.55), (5.12, 9.28)]]",16
"[[(0.79, 4.95), (5.53, 9.69)]]",16
"[[(9.89, 14.05), (9.38, 13.54)]]",20
"[[(0.29, 4.45), (3.82, 7.98)]]",16
"[[(9.39, 13.55), (2.33, 6.49)]]",16
"[[(1.11, 5.27), (2.03, 6.19)]]",16
"[[(3.16, 7.32), (7.21, 11.37)]]",16
"[[(10.56, 14.72), (8.3, 12.46)]]",16
"[[(4.35, 8.51), (8.22, 12.38)]]",16
"[[(1.91, 6.07), (8.36, 12.52)]]",20
"[[(3.24, 7.4), (4.35, 8.51)]]",16
"[[(7.67, 11.83), (2.26, 6.42)]]",16
"[[(1.86, 6.02), (3.46, 7.62)]]",20
"[[(9.07, 13.23), (0.14, 4.3)]]",16
"[[(5.05, 9.21), (8.72, 12.88)]]",16
"[[(10.04, 14.2), (3.81, 7.97)]]",16
"[[(7.54, 11.7), (9.31, 13.47)]]",16
"[[(6.12, 10.28), (7.8, 11.96)]]",16
"[[(0.87, 5.03), (7.24, 11.4)]]",20
"[[(8.14, 12.3), (7.33, 11.49)]]",16
"[[(6.58, 10.74), (4.11, 8.27)]]",16
"[[(5.84, 10.0), (2.73, 6.89)]]",20
"[[(9.34, 13.5), (1.24, 5.4)]]",16
"[[(10.65, 14.81), (7.82, 11.98)]]",16
"[[(9.14, 13.3), (3.1, 7.26)]]",16
"[[(2.25, 6.41), (8.83, 12.99)]]",16
"[[(8.85, 13.01), (9.8, 13.96)]]",20
"[[(0.93, 5.09), (5.3, 9.46)]]",20
"[[(9.62, 13.78), (5.5, 9.66)]]",16
"[[(6.16, 10.32), (6.91, 11.07)]]",20
"[[(1.71, 5.87), (1.26, 5.42)]]",16
"[[(10.41, 14.57), (0.3, 4.46)]]",16
"[[(1.71, 5.87), (4.17, 8.33)]]",16
"[[(3.57, 7.73), (6.1, 10.26)]]",16
"[[(9.92, 14.08), (0.89, 5.05)]]",25
"[[(4.6, 8.76), (4.25, 8.41)]]",16
"[[(0.97, 5.13), (8.51, 12.67)]]",20
"[[(0.55, 4.71), (5.49, 9.65)]]",16
"[[(4.35, 8.51), (5.3, 9.46)]]",16
"[[(7.88, 12.04), (10.74, 14.9)]]",20
"[[(8.23, 12.39), (9.02, 13.18)]]",16
"[[(5.78, 9.94), (3.58, 7.74)]]",16
"[[(5.31, 9.47), (3.69, 7.85)]]",16
"[[(7.24, 11.4), (10.53, 14.69)]]",16
"[[(10.48, 14.64), (1.06, 5.22)]]",16
"[[(6.3, 10.46), (1.36, 5.52)]]",16
"[[(10.32, 14.48), (0.8, 4.96)]]",16
"[[(0.52, 4.68), (3.98, 8.14)]]",20
"[[(9.08, 13.24), (8.04, 12.2)]]",16
"[[(3.03, 7.19), (1.34, 5.5)]]",16
"[[(9.98, 14.14), (6.1, 10.26)]]",20
"[[(8.13, 12.29), (10.12, 14.28)]]",16
"[[(7.32, 11.48), (10.38, 14.54)]]",16
"[[(8.56, 12.72), (7.5, 11.66)]]",16
"[[(1.31, 5.47), (4.03, 8.19)]]",16
"[[(6.03, 10.19), (3.53, 7.69)]]",16
"[[(5.16, 9.32), (2.65, 6.81)]]",16
"[[(9.69, 13.85), (9.37, 13.53)]]",16
"[[(4.92, 9.08), (8.93, 13.09)]]",25
"[[(2.06, 6.22), (4.71, 8.87)]]",16
"[[(2.73, 6.89), (10.56, 14.72)]]",16
"[[(3.77, 7.93), (5.66, 9.82)]]",16
"[[(3.15, 7.31), (1.79, 5.95)]]",16
"[[(5.05, 9.21), (9.95, 14.11)]]",20
"[[(6.25, 10.41), (0.58, 4.74)]]",16
"[[(3.3, 7.46), (3.22, 7.38)]]",16
"[[(2.22, 6.38), (10.43, 14.59)]]",16
"[[(4.19, 8.35), (0.52, 4.68)]]",16
"[[(6.49, 10.65), (1.66, 5.82)]]",16
"[[(5.75, 9.91), (6.19, 10.35)]]",16
"[[(8.52, 12.68), (2.85, 7.01)]]",20
"[[(0.9, 5.06), (1.55, 5.71)]]",20
"[[(1.21, 5.37), (2.52, 6.68)]]",16
"[[(6.0, 10.16), (5.16, 9.32)]]",20
"[[(0.65, 4.81), (3.57, 7.73)]]",16
"[[(1.07, 5.23), (3.26, 7.42)]]",16
"[[(5.39, 9.55), (5.27, 9.43)]]",16
"[[(7.07, 11.23), (9.91, 14.07)]]",20
"[[(9.07, 13.23), (7.6, 11.76)]]",16
"[[(10.4, 14.56), (7.32, 11.48)]]",16
"[[(9.21, 13.37), (9.81, 13.97)]]",16
"[[(7.58, 11.74), (5.04, 9.2)]]",16
"[[(9.25, 13.41), (8.29, 12.45)]]",16
"[[(4.02, 8.18), (4.43, 8.59)]]",16
"[[(10.73, 14.89), (4.83, 8.99)]]",16
"[[(4.41, 8.57), (4.58, 8.74)]]",16
"[[(3.78, 7.94), (10.62, 14.78)]]",16
"[[(7.84, 12.0), (2.23, 6.39)]]",20
"[[(5.44, 9.6), (6.46, 10.62)]]",16
"[[(9.3, 13.46), (7.6, 11.76)]]",16
"[[(0.9, 5.06), (3.58, 7.74)]]",20
"[[(9.6, 13.76), (8.89, 13.05)]]",20
"[[(0.26, 4.42), (7.23, 11.39)]]",16
"[[(5.45, 9.61), (9.72, 13.88)]]",16
"[[(9.01, 13.17), (10.49, 14.65)]]",16
"[[(5.08, 9.24), (10.67, 14.83)]]",16
"[[(3.66, 7.82), (1.54, 5.7)]]",16
"[[(1.32, 5.48), (6.91, 11.07)]]",20
"[[(7.41, 11.57), (8.52, 12.68)]]",16
"[[(4.45, 8.61), (1.47, 5.63)]]",16
"[[(6.09, 10.25), (4.12, 8.28)]]",16
"[[(7.74, 11.9), (0.66, 4.82)]]",16
"[[(2.68, 6.84), (10.09, 14.25)]]",16
"[[(7.8, 11.96), (10.63, 14.79)]]",16
"[[(10.11, 14.27), (3.9, 8.06)]]",20
"[[(1.24, 5.4), (0.98, 5.14)]]",20
"[[(9.19, 13.35), (5.3, 9.46)]]",16
"[[(9.3, 13.46), (2.02, 6.18)]]",16
"[[(2.04, 6.2), (8.87, 13.03)]]",20
"[[(3.65, 7.81), (10.01, 14.17)]]",16
"[[(8.34, 12.5), (10.02, 14.18)]]",16
"[[(2.9, 7.06), (7.63, 11.79)]]",20
"[[(8.5, 12.66), (2.48, 6.64)]]",16
"[[(7.08, 11.24), (5.31, 9.47)]]",16
"[[(4.26, 8.42), (5.46, 9.62)]]",16
"[[(10.32, 14.48), (2.66, 6.82)]]",16
"[[(9.92, 14.08), (2.87, 7.03)]]",25
"[[(10.74, 14.9), (4.65, 8.81)]]",16
"[[(3.42, 7.58), (5.41, 9.57)]]",16
"[[(0.07, 4.23), (10.73, 14.89)]]",16
"[[(2.37, 6.53), (7.67, 11.83)]]",16
"[[(2.32, 6.48), (5.19, 9.35)]]",16
"[[(1.96, 6.12), (5.99, 10.15)]]",25
"[[(2.46, 6.62), (3.14, 7.3)]]",16
"[[(0.41, 4.57), (7.12, 11.28)]]",16
"[[(5.93, 10.09), (5.17, 9.33)]]",20
"[[(4.44, 8.6), (8.7, 12.86)]]",16
"[[(0.68, 4.84), (5.5, 9.66)]]",16
"[[(8.21, 12.37), (2.48, 6.64)]]",16
"[[(3.06, 7.22), (6.32, 10.48)]]",16
"[[(10.67, 14.83), (0.68, 4.84)]]",16
"[[(4.36, 8.52), (9.06, 13.22)]]",16
"[[(1.31, 5.47), (7.0, 11.16)]]",20
"[[(8.35, 12.51), (7.97, 12.13)]]",20
"[[(7.25, 11.41), (0.79, 4.95)]]",16
"[[(2.56, 6.72), (7.98, 12.14)]]",20
"[[(4.73, 8.89), (0.83, 4.99)]]",16
"[[(2.89, 7.05), (6.84, 11.0)]]",25
"[[(8.0, 12.16), (8.25, 12.41)]]",20
"[[(8.68, 12.84), (8.41, 12.57)]]",16
"[[(7.33, 11.49), (0.1, 4.26)]]",16
"[[(7.62, 11.78), (0.69, 4.85)]]",16
"[[(7.44, 11.6), (9.54, 13.7)]]",16
"[[(4.04, 8.2), (6.61, 10.77)]]",16
"[[(0.6, 4.76), (8.0, 12.16)]]",20
"[[(9.38, 13.54), (1.86, 6.02)]]",20
"[[(3.98, 8.14), (8.62, 12.78)]]",20
"[[(7.47, 11.63), (3.64, 7.8)]]",16
"[[(0.0, 4.16), (6.37, 10.53)]]",20
"[[(1.75, 5.91), (8.83, 12.99)]]",16
"[[(5.38, 9.54), (6.97, 11.13)]]",20
"[[(1.96, 6.12), (10.52, 14.68)]]",20
"[[(8.59, 12.75), (9.84, 14.0)]]",20
"[[(0.03, 4.19), (1.71, 5.87)]]",16
"[[(4.72, 8.88), (9.38, 13.54)]]",16
"[[(1.3, 5.46), (7.86, 12.02)]]",20
"[[(10.49, 14.65), (4.83, 8.99)]]",16
"[[(5.36, 9.52), (10.19, 14.35)]]",16
"[[(8.63, 12.79), (2.39, 6.55)]]",16
"[[(8.26, 12.42), (8.41, 12.57)]]",16
"[[(0.71, 4.87), (0.23, 4.39)]]",16
"[[(2.7, 6.86), (5.87, 10.03)]]",20
"[[(5.51, 9.67), (8.37, 12.53)]]",16
"[[(0.27, 4.43), (1.74, 5.9)]]",16
"[[(1.68, 5.84), (1.71, 5.87)]]",16
"[[(5.29, 9.45), (1.77, 5.93)]]",16
"[[(9.55, 13.71), (1.6, 5.76)]]",16
"[[(0.12, 4.28), (5.4, 9.56)]]",16
"[[(10.82, 14.98), (0.56, 4.72)]]",16
"[[(10.43, 14.59), (8.84, 13.0)]]",20
"[[(5.29, 9.45), (9.5, 13.66)]]",16
"[[(2.15, 6.31), (1.47, 5.63)]]",16
"[[(5.77, 9.93), (8.15, 12.31)]]",16
"[[(10.09, 14.25), (6.22, 10.38)]]",16
"[[(8.7, 12.86), (4.5, 8.66)]]",16
"[[(8.23, 12.39), (4.64, 8.8)]]",16
"[[(8.98, 13.14), (1.83, 5.99)]]",20
"[[(0.01, 4.17), (7.9, 12.06)]]",20
"[[(7.94, 12.1), (5.17, 9.33)]]",20
"[[(7.75, 11.91), (6.01, 10.17)]]",16
"[[(9.93, 14.09), (9.96, 14.12)]]",25
"[[(0.26, 4.42), (3.91, 8.07)]]",20
"[[(4.77, 8.93), (9.56, 13.72)]]",16
"[[(4.82, 8.98), (5.03, 9.19)]]",16
"[[(2.65, 6.81), (9.17, 13.33)]]",16
"[[(7.91, 12.07), (9.16, 13.32)]]",20
"[[(1.36, 5.52), (3.23, 7.39)]]",16
"[[(7.71, 11.87), (2.5, 6.66)]]",16
"[[(7.01, 11.17), (1.47, 5.63)]]",16
"[[(3.07, 7.23), (5.04, 9.2)]]",16
"[[(8.56, 12.72), (5.44, 9.6)]]",16
"[[(10.2, 14.36), (1.15, 5.31)]]",16
"[[(6.49, 10.65), (7.85, 12.01)]]",20
"[[(7.99, 12.15), (6.6, 10.76)]]",20
"[[(9.04, 13.2), (9.08, 13.24)]]",16
"[[(1.79, 5.95), (3.34, 7.5)]]",16
"[[(7.82, 11.98), (8.15, 12.31)]]",16
"[[(10.62, 14.78), (5.83, 9.99)]]",16
"[[(6.88, 11.04), (0.03, 4.19)]]",20
"[[(7.63, 11.79), (9.04, 13.2)]]",16
"[[(9.18, 13.34), (5.15, 9.31)]]",16
"[[(1.12, 5.28), (0.09, 4.25)]]",16
"[[(8.77, 12.93), (8.66, 12.82)]]",16
"[[(7.99, 12.15), (2.9, 7.06)]]",25
"[[(9.25, 13.41), (9.75, 13.91)]]",16
"[[(8.88, 13.04), (6.37, 10.53)]]",20
"[[(1.21, 5.37), (2.9, 7.06)]]",20
"[[(5.35, 9.51), (10.5, 14.66)]]",16
"[[(2.01, 6.17), (9.3, 13.46)]]",16
"[[(3.68, 7.84), (10.8, 14.96)]]",16
"[[(9.94, 14.1), (8.93, 13.09)]]",25
"[[(5.16, 9.32), (1.62, 5.78)]]",16
"[[(6.24, 10.4), (10.45, 14.61)]]",16
"[[(9.81, 13.97), (0.29, 4.45)]]",16
"[[(8.3, 12.46), (1.21, 5.37)]]",16
"[[(0.49, 4.65), (5.54, 9.7)]]",16
"[[(1.16, 5.32), (0.81, 4.97)]]",16
"[[(4.82, 8.98), (9.37, 13.53)]]",16
"[[(0.66, 4.82), (9.84, 14.0)]]",20
"[[(7.4, 11.56), (1.71, 5.87)]]",16
"[[(10.09, 14.25), (4.67, 8.83)]]",16
"[[(2.41, 6.57), (7.23, 11.39)]]",16
"[[(9.3, 13.46), (9.69, 13.85)]]",16
"[[(6.65, 10.81), (4.97, 9.13)]]",20
"[[(2.36, 6.52), (5.96, 10.12)]]",20
"[[(4.37, 8.53), (10.33, 14.49)]]",16
"[[(10.25, 14.41), (0.54, 4.7)]]",16
"[[(8.13, 12.29), (5.04, 9.2)]]",16
"[[(2.27, 6.43), (10.01, 14.17)]]",16
"[[(7.1, 11.26), (9.55, 13.71)]]",16
"[[(4.48, 8.64), (6.76, 10.92)]]",16
"[[(3.8, 7.96), (8.14, 12.3)]]",16
"[[(2.91, 7.07), (10.02, 14.18)]]",20
"[[(9.09, 13.25), (9.8, 13.96)]]",16
"[[(1.97, 6.13), (1.71, 5.87)]]",20
"[[(6.34, 10.5), (3.66, 7.82)]]",16
"[[(10.27, 14.43), (7.84, 12.0)]]",20
"[[(10.21, 14.37), (2.02, 6.18)]]",16
"[[(9.6, 13.76), (7.0, 11.16)]]",20
"[[(5.57, 9.73), (4.51, 8.67)]]",16
"[[(3.27, 7.43), (6.91, 11.07)]]",20
"[[(1.3, 5.46), (9.18, 13.34)]]",16
"[[(10.57, 14.73), (4.46, 8.62)]]",16
"[[(1.58, 5.74), (2.62, 6.78)]]",16
"[[(6.94, 11.1), (8.09, 12.25)]]",20
"[[(0.36, 4.52), (1.08, 5.24)]]",16
"[[(9.58, 13.74), (6.19, 10.35)]]",16
"[[(6.32, 10.48), (8.95, 13.11)]]",20
"[[(7.95, 12.11), (0.2, 4.36)]]",20
"[[(5.89, 10.05), (5.64, 9.8)]]",20
"[[(2.41, 6.57), (0.97, 5.13)]]",20
"[[(1.7, 5.86), (4.76, 8.92)]]",16
"[[(5.53, 9.69), (3.46, 7.62)]]",16
"[[(3.66, 7.82), (6.24, 10.4)]]",16
"[[(8.37, 12.53), (10.55, 14.71)]]",16
"[[(7.45, 11.61), (7.44, 11.6)]]",16
"[[(8.61, 12.77), (3.04, 7.2)]]",16
"[[(7.74, 11.9), (2.78, 6.94)]]",16
"[[(7.7, 11.86), (3.81, 7.97)]]",16
"[[(6.03, 10.19), (5.57, 9.73)]]",16
"[[(6.5, 10.66), (2.48, 6.64)]]",16
"[[(1.49, 5.65), (0.2, 4.36)]]",16
"[[(9.19, 13.35), (10.46, 14.62)]]",16
"[[(5.21, 9.37), (5.62, 9.78)]]",16
"[[(5.39, 9.55), (7.09, 11.25)]]",16
"[[(6.54, 10.7), (0.81, 4.97)]]",16
"[[(7.69, 11.85), (5.43, 9.59)]]",16
"[[(9.7, 13.86), (2.54, 6.7)]]",16
"[[(9.55, 13.71), (7.23, 11.39)]]",16
"[[(6.53, 10.69), (9.91, 14.07)]]",20
"[[(8.06, 12.22), (5.0, 9.16)]]",20
"[[(1.29, 5.45), (5.92, 10.08)]]",20
"[[(6.36, 10.52), (4.51, 8.67)]]",16
"[[(4.64, 8.8), (9.61, 13.77)]]",16
"[[(2.86, 7.02), (2.5, 6.66)]]",20
"[[(1.69, 5.85), (6.23, 10.39)]]",16
"[[(2.61, 6.77), (4.32, 8.48)]]",16
"[[(4.55, 8.71), (4.73, 8.89)]]",16
"[[(6.08, 10.24), (4.02, 8.18)]]",16
"[[(6.46, 10.62), (9.52, 13.68)]]",16
"[[(10.25, 14.41), (6.52, 10.68)]]",16
"[[(0.73, 4.89), (7.15, 11.31)]]",16
"[[(6.22, 10.38), (6.72, 10.88)]]",16
"[[(0.32, 4.48), (0.1, 4.26)]]",16
"[[(8.09, 12.25), (1.94, 6.1)]]",20
"[[(6.22, 10.38), (10.45, 14.61)]]",16
"[[(10.66, 14.82), (1.0, 5.16)]]",20
"[[(1.79, 5.95), (3.14, 7.3)]]",16
"[[(7.0, 11.16), (3.5, 7.66)]]",20
"[[(8.54, 12.7), (3.04, 7.2)]]",16
"[[(10.75, 14.91), (5.49, 9.65)]]",16
"[[(0.59, 4.75), (9.71, 13.87)]]",16
"[[(10.1, 14.26), (2.67, 6.83)]]",16
"[[(6.99, 11.15), (7.58, 11.74)]]",20
"[[(3.16, 7.32), (6.51, 10.67)]]",16
"[[(5.42, 9.58), (5.26, 9.42)]]",16
"[[(2.57, 6.73), (2.81, 6.97)]]",16
"[[(2.81, 6.97), (6.3, 10.46)]]",16
"[[(1.57, 5.73), (8.6, 12.76)]]",16
"[[(1.46, 5.62), (9.65, 13.81)]]",16
"[[(7.82, 11.98), (0.3, 4.46)]]",16
"[[(9.31, 13.47), (5.76, 9.92)]]",16
"[[(9.48, 13.64), (5.1, 9.26)]]",16
"[[(4.13, 8.29), (7.65, 11.81)]]",16
"[[(1.58, 5.74), (4.3, 8.46)]]",16
"[[(2.24, 6.4), (1.02, 5.18)]]",16
"[[(9.56, 13.72), (0.62, 4.78)]]",16
"[[(4.15, 8.31), (6.75, 10.91)]]",16
"[[(6.25, 10.41), (4.98, 9.14)]]",20
"[[(5.07, 9.23), (5.17, 9.33)]]",16
"[[(7.04, 11.2), (7.54, 11.7)]]",16
"[[(2.86, 7.02), (5.22, 9.38)]]",20
"[[(6.07, 10.23), (1.58, 5.74)]]",16
"[[(1.0, 5.16), (3.3, 7.46)]]",20
"[[(8.94, 13.1), (5.7, 9.86)]]",20
"[[(8.96, 13.12), (1.41, 5.57)]]",20
"[[(5.92, 10.08), (0.46, 4.62)]]",20
"[[(5.27, 9.43), (0.13, 4.29)]]",16
"[[(1.96, 6.12), (5.96, 10.12)]]",25
"[[(3.55, 7.71), (4.4, 8.56)]]",16
"[[(2.33, 6.49), (6.18, 10.34)]]",16
"[[(8.11, 12.27), (3.25, 7.41)]]",16
"[[(7.94, 12.1), (2.89, 7.05)]]",25
"[[(2.18, 6.34), (1.27, 5.43)]]",16
"[[(4.81, 8.97), (0.1, 4.26)]]",16
"[[(1.45, 5.61), (10.59, 14.75)]]",16
"[[(9.25, 13.41), (5.47, 9.63)]]",16
"[[(1.32, 5.48), (2.59, 6.75)]]",16
"[[(3.12, 7.28), (1.04, 5.2)]]",16
"[[(5.6, 9.76), (2.27, 6.43)]]",16
"[[(10.27, 14.43), (1.16, 5.32)]]",16
"[[(7.34, 11.5), (8.59, 12.75)]]",16
"[[(5.63, 9.79), (3.7, 7.86)]]",16
"[[(10.72, 14.88), (1.97, 6.13)]]",20
"[[(2.7, 6.86), (8.75, 12.91)]]",16
"[[(0.91, 5.07), (2.23, 6.39)]]",20
"[[(5.49, 9.65), (10.21, 14.37)]]",16
"[[(1.86, 6.02), (9.75, 13.91)]]",20
"[[(4.23, 8.39), (8.16, 12.32)]]",16
"[[(6.01, 10.17), (3.25, 7.41)]]",16
"[[(2.22, 6.38), (10.3, 14.46)]]",16
"[[(7.37, 11.53), (7.68, 11.84)]]",16
"[[(3.62, 7.78), (2.84, 7.0)]]",20
"[[(4.78, 8.94), (6.37, 10.53)]]",16
"[[(4.99, 9.15), (0.23, 4.39)]]",20
"[[(4.63, 8.79), (8.45, 12.61)]]",16
"[[(3.01, 7.17), (1.15, 5.31)]]",16
"[[(4.95, 9.11), (5.27, 9.43)]]",20
"[[(2.03, 6.19), (10.81, 14.97)]]",16
"[[(8.66, 12.82), (3.42, 7.58)]]",16
"[[(5.29, 9.45), (6.25, 10.41)]]",16
"[[(8.9, 13.06), (1.46, 5.62)]]",20
"[[(7.45, 11.61), (9.11, 13.27)]]",16
"[[(10.44, 14.6), (0.18, 4.34)]]",16
"[[(3.98, 8.14), (1.56, 5.72)]]",20
"[[(2.0, 6.16), (7.13, 11.29)]]",20
"[[(8.18, 12.34), (9.24, 13.4)]]",16
"[[(3.3, 7.46), (4.17, 8.33)]]",16
"[[(0.5, 4.66), (7.61, 11.77)]]",16
"[[(9.76, 13.92), (7.53, 11.69)]]",16
"[[(3.51, 7.67), (2.95, 7.11)]]",20
"[[(10.51, 14.67), (7.69, 11.85)]]",16
"[[(7.93, 12.09), (2.93, 7.09)]]",25
"[[(5.34, 9.5), (1.75, 5.91)]]",16
"[[(1.97, 6.13), (2.13, 6.29)]]",20
"[[(6.35, 10.51), (8.97, 13.13)]]",20
"[[(9.57, 13.73), (1.84, 6.0)]]",20
"[[(5.96, 10.12), (4.43, 8.59)]]",20
"[[(1.04, 5.2), (5.4, 9.56)]]",16
"[[(8.87, 13.03), (1.89, 6.05)]]",25
"[[(10.09, 14.25), (0.79, 4.95)]]",16
"[[(0.88, 5.04), (9.4, 13.56)]]",20
"[[(0.28, 4.44), (9.72, 13.88)]]",16
"[[(7.24, 11.4), (4.86, 9.02)]]",20
"[[(7.35, 11.51), (5.35, 9.51)]]",16
"[[(4.81, 8.97), (3.98, 8.14)]]",20
"[[(6.44, 10.6), (4.14, 8.3)]]",16
"[[(4.47, 8.63), (5.83, 9.99)]]",16
"[[(8.04, 12.2), (3.27, 7.43)]]",16
"[[(5.33, 9.49), (0.16, 4.32)]]",16
"[[(7.07, 11.23), (1.04, 5.2)]]",16
"[[(2.07, 6.23), (10.44, 14.6)]]",16
"[[(6.98, 11.14), (4.32, 8.48)]]",20
"[[(10.55, 14.71), (6.19, 10.35)]]",16
"[[(2.07, 6.23), (8.85, 13.01)]]",20
"[[(2.87, 7.03), (4.91, 9.07)]]",25
"[[(9.76, 13.92), (10.39, 14.55)]]",16
"[[(1.07, 5.23), (0.25, 4.41)]]",16
"[[(9.54, 13.7), (1.32, 5.48)]]",16
"[[(4.72, 8.88), (10.46, 14.62)]]",16
"[[(1.79, 5.95), (1.31, 5.47)]]",16
"[[(6.36, 10.52), (6.31, 10.47)]]",16
"[[(1.92, 6.08), (5.89, 10.05)]]",25
"[[(7.0, 11.16), (2.13, 6.29)]]",20
"[[(10.1, 14.26), (7.53, 11.69)]]",16
"[[(9.95, 14.11), (3.66, 7.82)]]",20
"[[(9.82, 13.98), (4.56, 8.72)]]",16
"[[(0.15, 4.31), (10.83, 14.99)]]",16
"[[(0.27, 4.43), (3.99, 8.15)]]",20
"[[(5.78, 9.94), (6.46, 10.62)]]",16
"[[(6.63, 10.79), (1.43, 5.59)]]",16
"[[(4.91, 9.07), (4.6, 8.76)]]",20
"[[(4.19, 8.35), (0.03, 4.19)]]",16
"[[(5.89, 10.05), (4.32, 8.48)]]",20
"[[(9.58, 13.74), (8.04, 12.2)]]",16
"[[(6.3, 10.46), (7.77, 11.93)]]",16
"[[(3.27, 7.43), (6.97, 11.13)]]",20
"[[(2.72, 6.88), (6.89, 11.05)]]",20
"[[(1.33, 5.49), (2.74, 6.9)]]",16
"[[(2.32, 6.48), (9.88, 14.04)]]",20
"[[(6.09, 10.25), (9.36, 13.52)]]",16
"[[(10.37, 14.53), (3.94, 8.1)]]",20
"[[(8.84, 13.0), (5.8, 9.96)]]",20
"[[(5.84, 10.0), (8.89, 13.05)]]",25
"[[(7.82, 11.98), (2.76, 6.92)]]",16
"[[(6.52, 10.68), (7.45, 11.61)]]",16
"[[(2.54, 6.7), (1.78, 5.94)]]",16
"[[(7.77, 11.93), (1.91, 6.07)]]",20
"[[(9.78, 13.94), (6.69, 10.85)]]",16
"[[(6.68, 10.84), (0.68, 4.84)]]",16
"[[(1.59, 5.75), (0.92, 5.08)]]",20
"[[(6.71, 10.87), (9.65, 13.81)]]",16
"[[(9.86, 14.02), (7.59, 11.75)]]",20
"[[(9.7, 13.86), (5.53, 9.69)]]",16
"[[(3.48, 7.64), (4.64, 8.8)]]",16
"[[(3.68, 7.84), (7.39, 11.55)]]",16
"[[(2.42, 6.58), (0.95, 5.11)]]",20
"[[(2.55, 6.71), (3.85, 8.01)]]",20
"[[(5.85, 10.01), (8.21, 12.37)]]",20
"[[(1.16, 5.32), (10.76, 14.92)]]",16
"[[(1.54, 5.7), (8.43, 12.59)]]",16
"[[(10.76, 14.92), (7.2, 11.36)]]",16
"[[(4.49, 8.65), (10.52, 14.68)]]",16
"[[(8.14, 12.3), (6.59, 10.75)]]",16
"[[(8.98, 13.14), (9.06, 13.22)]]",20
"[[(10.45, 14.61), (2.83, 6.99)]]",16
"[[(9.79, 13.95), (9.93, 14.09)]]",20
"[[(4.8, 8.96), (1.92, 6.08)]]",20
"[[(1.47, 5.63), (10.03, 14.19)]]",16
"[[(2.68, 6.84), (9.27, 13.43)]]",16
"[[(0.93, 5.09), (1.0, 5.16)]]",25
"[[(1.15, 5.31), (5.01, 9.17)]]",16
"[[(0.32, 4.48), (9.16, 13.32)]]",16
"[[(0.16, 4.32), (4.08, 8.24)]]",16
"[[(7.76, 11.92), (1.05, 5.21)]]",16
"[[(10.75, 14.91), (2.06, 6.22)]]",16
"[[(1.56, 5.72), (3.49, 7.65)]]",16
"[[(3.79, 7.95), (0.99, 5.15)]]",20
"[[(6.51, 10.67), (7.13, 11.29)]]",16
"[[(7.45, 11.61), (8.92, 13.08)]]",20
"[[(10.16, 14.32), (2.39, 6.55)]]",16
"[[(9.95, 14.11), (0.49, 4.65)]]",20
"[[(3.42, 7.58), (9.67, 13.83)]]",16
"[[(9.96, 14.12), (5.75, 9.91)]]",20
"[[(2.56, 6.72), (4.21, 8.37)]]",16
"[[(0.29, 4.45), (3.86, 8.02)]]",20
"[[(8.79, 12.95), (2.04, 6.2)]]",16
"[[(4.42, 8.58), (1.95, 6.11)]]",20
"[[(10.21, 14.37), (8.17, 12.33)]]",16
"[[(8.85, 13.01), (2.28, 6.44)]]",20
"[[(6.41, 10.57), (3.5, 7.66)]]",16
"[[(6.4, 10.56), (6.29, 10.45)]]",16
"[[(10.31, 14.47), (2.31, 6.47)]]",16
"[[(1.69, 5.85), (8.87, 13.03)]]",20
"[[(6.41, 10.57), (4.93, 9.09)]]",20
"[[(7.31, 11.47), (3.09, 7.25)]]",16
"[[(2.51, 6.67), (6.94, 11.1)]]",20
"[[(1.1, 5.26), (0.75, 4.91)]]",16
"[[(4.29, 8.45), (4.6, 8.76)]]",16
"[[(3.65, 7.81), (5.88, 10.04)]]",20
"[[(5.29, 9.45), (5.71, 9.87)]]",16
"[[(8.6, 12.76), (4.6, 8.76)]]",16
"[[(7.28, 11.44), (5.84, 10.0)]]",20
"[[(4.65, 8.81), (0.76, 4.92)]]",16
"[[(3.31, 7.47), (4.7, 8.86)]]",16
"[[(9.03, 13.19), (9.44, 13.6)]]",16
"[[(4.04, 8.2), (3.49, 7.65)]]",16
"[[(9.12, 13.28), (0.92, 5.08)]]",20
"[[(6.56, 10.72), (1.38, 5.54)]]",16
"[[(8.88, 13.04), (4.87, 9.03)]]",25
"[[(3.66, 7.82), (0.41, 4.57)]]",16
"[[(10.0, 14.16), (3.61, 7.77)]]",20
"[[(7.47, 11.63), (1.41, 5.57)]]",16
"[[(1.75, 5.91), (8.83, 12.99)]]",16
"[[(9.41, 13.57), (4.01, 8.17)]]",16
"[[(9.35, 13.51), (5.3, 9.46)]]",16
"[[(7.37, 11.53), (7.89, 12.05)]]",20
"[[(9.76, 13.92), (7.76, 11.92)]]",16
"[[(1.8, 5.96), (1.22, 5.38)]]",16
"[[(1.11, 5.27), (9.13, 13.29)]]",16
"[[(5.07, 9.23), (0.89, 5.05)]]",20
"[[(3.22, 7.38), (9.83, 13.99)]]",16
"[[(2.73, 6.89), (0.73, 4.89)]]",16
"[[(5.6, 9.76), (6.86, 11.02)]]",20
"[[(9.14, 13.3), (7.08, 11.24)]]",16
"[[(0.69, 4.85), (4.88, 9.04)]]",20
"[[(2.8, 6.96), (9.32, 13.48)]]",16
"[[(8.45, 12.61), (1.11, 5.27)]]",16
"[[(2.94, 7.1), (8.2, 12.36)]]",20
"[[(2.81, 6.97), (9.04, 13.2)]]",16
"[[(8.69, 12.85), (0.02, 4.18)]]",16
"[[(0.97, 5.13), (7.08, 11.24)]]",20
"[[(8.89, 13.05), (6.55, 10.71)]]",20
"[[(10.29, 14.45), (0.39, 4.55)]]",16
"[[(3.51, 7.67), (1.4, 5.56)]]",16
"[[(5.67, 9.83), (6.19, 10.35)]]",16
"[[(1.76, 5.92), (5.04, 9.2)]]",16
"[[(0.97, 5.13), (8.67, 12.83)]]",20
"[[(9.8, 13.96), (3.12, 7.28)]]",16
"[[(1.46, 5.62), (6.31, 10.47)]]",16
"[[(2.06, 6.22), (7.7, 11.86)]]",16
"[[(6.96, 11.12), (3.58, 7.74)]]",20
"[[(2.37, 6.53), (2.14, 6.3)]]",16
"[[(5.46, 9.62), (10.23, 14.39)]]",16
"[[(1.77, 5.93), (10.34, 14.5)]]",16
"[[(9.09, 13.25), (2.59, 6.75)]]",16
"[[(9.39, 13.55), (6.74, 10.9)]]",16
"[[(4.89, 9.05), (0.08, 4.24)]]",20
"[[(2.51, 6.67), (0.71, 4.87)]]",16
"[[(10.49, 14.65), (6.18, 10.34)]]",16
"[[(8.0, 12.16), (6.51, 10.67)]]",20
"[[(5.38, 9.54), (9.23, 13.39)]]",16
"[[(7.45, 11.61), (9.43, 13.59)]]",16
"[[(5.42, 9.58), (1.41, 5.57)]]",16
"[[(4.29, 8.45), (7.92, 12.08)]]",20
"[[(9.77, 13.93), (3.66, 7.82)]]",16
"[[(8.78, 12.94), (4.35, 8.51)]]",16
"[[(8.04, 12.2), (1.68, 5.84)]]",16
"[[(1.53, 5.69), (5.92, 10.08)]]",20
"[[(6.78, 10.94), (8.0, 12.16)]]",20
"[[(1.24, 5.4), (1.0, 5.16)]]",20
"[[(8.96, 13.12), (6.03, 10.19)]]",20
"[[(7.23, 11.39), (0.31, 4.47)]]",16
"[[(5.41, 9.57), (2.29, 6.45)]]",16
"[[(5.14, 9.3), (9.03, 13.19)]]",16
"[[(6.32, 10.48), (10.24, 14.4)]]",16
"[[(0.31, 4.47), (5.06, 9.22)]]",16
"[[(3.71, 7.87), (10.42, 14.58)]]",16
"[[(0.76, 4.92), (8.77, 12.93)]]",16
"[[(1.7, 5.86), (10.6, 14.76)]]",16
"[[(1.33, 5.49), (7.97, 12.13)]]",20
"[[(9.48, 13.64), (8.29, 12.45)]]",16
"[[(9.56, 13.72), (3.94, 8.1)]]",20
"[[(10.07, 14.23), (3.85, 8.01)]]",20
"[[(4.1, 8.26), (8.9, 13.06)]]",20
"[[(6.99, 11.15), (1.45, 5.61)]]",20
"[[(9.76, 13.92), (2.42, 6.58)]]",16
"[[(9.16, 13.32), (6.53, 10.69)]]",16
"[[(3.94, 8.1), (7.9, 12.06)]]",25
"[[(5.25, 9.41), (10.29, 14.45)]]",16
"[[(9.04, 13.2), (9.29, 13.45)]]",16
"[[(8.84, 13.0), (5.72, 9.88)]]",20
"[[(7.27, 11.43), (0.28, 4.44)]]",16
"[[(5.58, 9.74), (8.45, 12.61)]]",16
"[[(8.02, 12.18), (6.93, 11.09)]]",20
"[[(3.13, 7.29), (4.19, 8.35)]]",16
"[[(2.52, 6.68), (9.02, 13.18)]]",16
"[[(2.75, 6.91), (4.75, 8.91)]]",16
"[[(9.56, 13.72), (7.73, 11.89)]]",16
"[[(1.72, 5.88), (1.5, 5.66)]]",16
"[[(8.83, 12.99), (5.52, 9.68)]]",16
"[[(9.22, 13.38), (1.65, 5.81)]]",16
"[[(6.78, 10.94), (7.63, 11.79)]]",16
"[[(4.08, 8.24), (4.24, 8.4)]]",16
"[[(4.44, 8.6), (10.02, 14.18)]]",16
"[[(3.53, 7.69), (0.05, 4.21)]]",16
"[[(7.96, 12.12), (9.15, 13.31)]]",20
"[[(10.36, 14.52), (8.76, 12.92)]]",16
"[[(10.03, 14.19), (2.69, 6.85)]]",16
"[[(8.55, 12.71), (5.91, 10.07)]]",20
"[[(3.48, 7.64), (2.59, 6.75)]]",16
"[[(5.11, 9.27), (1.56, 5.72)]]",16
"[[(9.86, 14.02), (0.43, 4.59)]]",20
"[[(10.72, 14.88), (10.18, 14.34)]]",16
"[[(2.01, 6.17), (9.39, 13.55)]]",16
"[[(0.33, 4.49), (10.62, 14.78)]]",16
"[[(9.8, 13.96), (5.47, 9.63)]]",16
"[[(1.6, 5.76), (10.15, 14.31)]]",16
"[[(5.65, 9.81), (2.99, 7.15)]]",20
"[[(7.1, 11.26), (10.09, 14.25)]]",16
"[[(1.87, 6.03), (5.02, 9.18)]]",20
"[[(9.23, 13.39), (3.83, 7.99)]]",16
"[[(5.82, 9.98), (5.21, 9.37)]]",16
"[[(5.03, 9.19), (7.57, 11.73)]]",16
"[[(9.17, 13.33), (1.29, 5.45)]]",16
"[[(9.74, 13.9), (4.92, 9.08)]]",20
"[[(2.23, 6.39), (4.99, 9.15)]]",20
"[[(0.53, 4.69), (7.83, 11.99)]]",16
"[[(3.65, 7.81), (2.15, 6.31)]]",16
"[[(0.16, 4.32), (7.66, 11.82)]]",16
"[[(3.31, 7.47), (8.88, 13.04)]]",20
"[[(0.53, 4.69), (0.58, 4.74)]]",16
"[[(4.67, 8.83), (8.56, 12.72)]]",16
"[[(2.43, 6.59), (3.5, 7.66)]]",16
"[[(7.27, 11.43), (3.54, 7.7)]]",16
"[[(1.13, 5.29), (8.86, 13.02)]]",20
"[[(7.33, 11.49), (1.62, 5.78)]]",16
"[[(4.02, 8.18), (2.9, 7.06)]]",20
"[[(3.44, 7.6), (6.09, 10.25)]]",16
"[[(4.57, 8.73), (2.44, 6.6)]]",16
"[[(1.7, 5.86), (8.89, 13.05)]]",20
"[[(7.22, 11.38), (10.57, 14.73)]]",16
"[[(8.71, 12.87), (5.77, 9.93)]]",16
"[[(9.86, 14.02), (0.83, 4.99)]]",20
"[[(5.21, 9.37), (7.25, 11.41)]]",16
"[[(2.73, 6.89), (7.28, 11.44)]]",16
"[[(9.92, 14.08), (8.0, 12.16)]]",25
"[[(4.68, 8.84), (6.65, 10.81)]]",16
"[[(6.48, 10.64), (6.56, 10.72)]]",16
"[[(10.84, 15.0), (3.01, 7.17)]]",20
"[[(8.84, 13.0), (8.03, 12.19)]]",20
"[[(3.63, 7.79), (7.05, 11.21)]]",16
"[[(8.82, 12.98), (10.24, 14.4)]]",16
"[[(9.76, 13.92), (5.7, 9.86)]]",16
"[[(10.6, 14.76), (6.29, 10.45)]]",16
"[[(7.47, 11.63), (8.62, 12.78)]]",16
"[[(4.25, 8.41), (1.29, 5.45)]]",16
"[[(6.0, 10.16), (5.59, 9.75)]]",20
"[[(7.7, 11.86), (4.17, 8.33)]]",16
"[[(9.41, 13.57), (1.94, 6.1)]]",20
"[[(5.17, 9.33), (7.73, 11.89)]]",16
"[[(10.18, 14.34), (3.26, 7.42)]]",16
"[[(2.3, 6.46), (10.44, 14.6)]]",16
"[[(2.77, 6.93), (6.24, 10.4)]]",16
"[[(1.5, 5.66), (4.44, 8.6)]]",16
"[[(10.37, 14.53), (5.47, 9.63)]]",16
"[[(5.98, 10.14), (5.66, 9.82)]]",20
"[[(0.29, 4.45), (7.22, 11.38)]]",16
"[[(10.07, 14.23), (0.46, 4.62)]]",16
"[[(2.81, 6.97), (0.3, 4.46)]]",16
"[[(9.49, 13.65), (9.66, 13.82)]]",16
"[[(6.53, 10.69), (10.63, 14.79)]]",16
"[[(0.63, 4.79), (2.01, 6.17)]]",16
"[[(0.18, 4.34), (7.64, 11.8)]]",16
"[[(1.58, 5.74), (6.96, 11.12)]]",20
"[[(5.32, 9.48), (7.46, 11.62)]]",16
"[[(7.43, 11.59), (9.54, 13.7)]]",16
"[[(4.96, 9.12), (4.94, 9.1)]]",25
"[[(4.01, 8.17), (9.29, 13.45)]]",16
"[[(8.84, 13.0), (1.17, 5.33)]]",20
"[[(6.28, 10.44), (3.78, 7.94)]]",16
"[[(1.47, 5.63), (10.09, 14.25)]]",16
"[[(7.59, 11.75), (4.12, 8.28)]]",16
"[[(6.89, 11.05), (1.17, 5.33)]]",20
"[[(8.39, 12.55), (4.96, 9.12)]]",20
"[[(0.7, 4.86), (0.81, 4.97)]]",16
"[[(0.49, 4.65), (9.09, 13.25)]]",16
"[[(2.81, 6.97), (9.48, 13.64)]]",16
"[[(4.12, 8.28), (5.67, 9.83)]]",16
"[[(5.83, 9.99), (0.05, 4.21)]]",16
"[[(8.01, 12.17), (3.26, 7.42)]]",16
"[[(6.37, 10.53), (1.3, 5.46)]]",16
"[[(7.85, 12.01), (9.51, 13.67)]]",20
"[[(3.16, 7.32), (9.43, 13.59)]]",16
"[[(2.53, 6.69), (7.47, 11.63)]]",16
"[[(3.68, 7.84), (6.13, 10.29)]]",16
"[[(9.68, 13.84), (9.29, 13.45)]]",16
"[[(1.42, 5.58), (8.95, 13.11)]]",20
"[[(10.75, 14.91), (4.18, 8.34)]]",16
"[[(8.91, 13.07), (6.87, 11.03)]]",25
"[[(2.86, 7.02), (5.85, 10.01)]]",25
"[[(0.42, 4.58), (9.6, 13.76)]]",16
"[[(7.13, 11.29), (1.9, 6.06)]]",20
"[[(4.3, 8.46), (4.23, 8.39)]]",16
"[[(0.54, 4.7), (2.05, 6.21)]]",16
"[[(9.71, 13.87), (1.39, 5.55)]]",16
"[[(6.97, 11.13), (0.25, 4.41)]]",20
"[[(2.35, 6.51), (10.31, 14.47)]]",16
"[[(6.5, 10.66), (5.44, 9.6)]]",16
"[[(7.28, 11.44), (1.35, 5.51)]]",16
"[[(0.73, 4.89), (2.44, 6.6)]]",16
"[[(6.8, 10.96), (10.19, 14.35)]]",16
"[[(0.6, 4.76), (9.55, 13.71)]]",16
"[[(1.6, 5.76), (7.55, 11.71)]]",16
"[[(8.46, 12.62), (0.9, 5.06)]]",20
"[[(4.65, 8.81), (7.98, 12.14)]]",20
"[[(6.0, 10.16), (4.92, 9.08)]]",25
"[[(7.46, 11.62), (0.39, 4.55)]]",16
"[[(4.79, 8.95), (10.12, 14.28)]]",16
"[[(8.46, 12.62), (5.51, 9.67)]]",16
"[[(6.3, 10.46), (1.87, 6.03)]]",20
"[[(6.04, 10.2), (6.09, 10.25)]]",16
"[[(10.29, 14.45), (5.28, 9.44)]]",16
"[[(9.92, 14.08), (5.76, 9.92)]]",20
"[[(9.74, 13.9), (8.62, 12.78)]]",16
"[[(7.33, 11.49), (4.27, 8.43)]]",16
"[[(10.64, 14.8), (10.48, 14.64)]]",16
"[[(9.88, 14.04), (4.33, 8.49)]]",20
"[[(9.76, 13.92), (6.14, 10.3)]]",16
"[[(6.8, 10.96), (10.66, 14.82)]]",16
"[[(7.33, 11.49), (4.45, 8.61)]]",16
"[[(6.36, 10.52), (8.62, 12.78)]]",16
"[[(4.0, 8.16), (0.26, 4.42)]]",20
"[[(3.9, 8.06), (3.89, 8.05)]]",25
"[[(3.75, 7.91), (8.28, 12.44)]]",16
"[[(8.16, 12.32), (0.21, 4.37)]]",16
"[[(2.05, 6.21), (3.33, 7.49)]]",16
"[[(6.89, 11.05), (3.89, 8.05)]]",25
"[[(4.1, 8.26), (8.52, 12.68)]]",16
"[[(8.4, 12.56), (7.22, 11.38)]]",16
"[[(4.02, 8.18), (9.25, 13.41)]]",16
"[[(6.49, 10.65), (8.98, 13.14)]]",20
"[[(2.3, 6.46), (10.1, 14.26)]]",16
"[[(1.18, 5.34), (4.73, 8.89)]]",16
"[[(7.66, 11.82), (10.75, 14.91)]]",16
"[[(9.53, 13.69), (7.52, 11.68)]]",16
"[[(10.12, 14.28), (4.17, 8.33)]]",16
"[[(8.96, 13.12), (9.85, 14.01)]]",25
"[[(8.55, 12.71), (9.04, 13.2)]]",16
"[[(9.84, 14.0), (5.68, 9.84)]]",20
"[[(6.63, 10.79), (1.55, 5.71)]]",16
"[[(0.81, 4.97), (4.63, 8.79)]]",16
"[[(4.67, 8.83), (5.96, 10.12)]]",20
"[[(6.89, 11.05), (6.49, 10.65)]]",20
"[[(7.25, 11.41), (1.11, 5.27)]]",16
"[[(5.74, 9.9), (5.75, 9.91)]]",16
"[[(9.21, 13.37), (3.76, 7.92)]]",16
"[[(2.21, 6.37), (2.17, 6.33)]]",16
"[[(5.72, 9.88), (9.33, 13.49)]]",16
"[[(0.8, 4.96), (8.02, 12.18)]]",16
"[[(6.43, 10.59), (6.08, 10.24)]]",16
"[[(9.58, 13.74), (2.37, 6.53)]]",16
"[[(10.54, 14.7), (9.57, 13.73)]]",16
"[[(8.08, 12.24), (0.67, 4.83)]]",16
"[[(7.92, 12.08), (5.31, 9.47)]]",20
"[[(7.21, 11.37), (0.95, 5.11)]]",20
"[[(1.91, 6.07), (8.18, 12.34)]]",20
"[[(4.29, 8.45), (0.2, 4.36)]]",16
"[[(0.77, 4.93), (8.39, 12.55)]]",16
"[[(1.23, 5.39), (0.81, 4.97)]]",16
"[[(4.44, 8.6), (3.11, 7.27)]]",16
"[[(9.79, 13.95), (1.07, 5.23)]]",16
"[[(10.48, 14.64), (6.86, 11.02)]]",20
"[[(3.41, 7.57), (3.87, 8.03)]]",20
"[[(2.2, 6.36), (10.37, 14.53)]]",16
"[[(9.75, 13.91), (0.11, 4.27)]]",16
"[[(0.91, 5.07), (10.67, 14.83)]]",20
"[[(6.4, 10.56), (0.34, 4.5)]]",16
"[[(8.2, 12.36), (0.62, 4.78)]]",16
"[[(9.74, 13.9), (2.85, 7.01)]]",20
"[[(9.21, 13.37), (4.08, 8.24)]]",16
"[[(1.86, 6.02), (9.47, 13.63)]]",20
"[[(2.47, 6.63), (5.24, 9.4)]]",16
"[[(5.58, 9.74), (1.93, 6.09)]]",20
"[[(9.61, 13.77), (4.86, 9.02)]]",20
"[[(3.8, 7.96), (0.67, 4.83)]]",16
"[[(3.09, 7.25), (8.4, 12.56)]]",16
"[[(1.07, 5.23), (0.63, 4.79)]]",16
"[[(9.62, 13.78), (9.79, 13.95)]]",16
"[[(5.01, 9.17), (1.36, 5.52)]]",16
"[[(2.93, 7.09), (9.98, 14.14)]]",25
"[[(0.04, 4.2), (5.67, 9.83)]]",16
"[[(5.09, 9.25), (0.34, 4.5)]]",16
"[[(0.8, 4.96), (5.98, 10.14)]]",20
"[[(6.01, 10.17), (6.06, 10.22)]]",16
"[[(8.6, 12.76), (2.9, 7.06)]]",20
"[[(10.76, 14.92), (0.49, 4.65)]]",16
"[[(5.23, 9.39), (8.35, 12.51)]]",16
"[[(8.28, 12.44), (8.78, 12.94)]]",16
"[[(7.37, 11.53), (1.94, 6.1)]]",20
"[[(0.77, 4.93), (4.4, 8.56)]]",16
"[[(7.7, 11.86), (4.21, 8.37)]]",16
"[[(0.02, 4.18), (8.24, 12.4)]]",16
"[[(9.18, 13.34), (1.02, 5.18)]]",16
"[[(6.24, 10.4), (8.95, 13.11)]]",20
"[[(3.37, 7.53), (0.93, 5.09)]]",20
"[[(6.95, 11.11), (8.36, 12.52)]]",20
"[[(8.34, 12.5), (9.27, 13.43)]]",16
"[[(9.94, 14.1), (10.08, 14.24)]]",20
"[[(0.13, 4.29), (2.45, 6.61)]]",16
"[[(1.25, 5.41), (1.26, 5.42)]]",16
"[[(1.64, 5.8), (3.15, 7.31)]]",16
"[[(0.67, 4.83), (4.74, 8.9)]]",16
"[[(0.38, 4.54), (4.37, 8.53)]]",16
"[[(6.3, 10.46), (3.39, 7.55)]]",16
"[[(3.78, 7.94), (7.62, 11.78)]]",16
"[[(8.47, 12.63), (3.97, 8.13)]]",20
"[[(3.53, 7.69), (4.98, 9.14)]]",20
"[[(6.75, 10.91), (0.8, 4.96)]]",16
"[[(1.46, 5.62), (4.31, 8.47)]]",16
"[[(6.36, 10.52), (3.42, 7.58)]]",16
"[[(0.55, 4.71), (7.66, 11.82)]]",16
"[[(10.15, 14.31), (10.58, 14.74)]]",16
"[[(8.49, 12.65), (10.51, 14.67)]]",16
"[[(3.5, 7.66), (10.01, 14.17)]]",16
"[[(6.22, 10.38), (8.09, 12.25)]]",16
"[[(1.91, 6.07), (10.39, 14.55)]]",20
"[[(10.64, 14.8), (5.31, 9.47)]]",16
"[[(9.48, 13.64), (9.5, 13.66)]]",16
"[[(2.2, 6.36), (0.08, 4.24)]]",16
"[[(5.08, 9.24), (0.22, 4.38)]]",16
"[[(3.96, 8.12), (8.02, 12.18)]]",20
"[[(4.69, 8.85), (5.16, 9.32)]]",16
"[[(3.71, 7.87), (6.62, 10.78)]]",16
"[[(7.04, 11.2), (2.87, 7.03)]]",20
"[[(9.8, 13.96), (4.89, 9.05)]]",20
"[[(6.7, 10.86), (9.93, 14.09)]]",20
"[[(0.21, 4.37), (1.05, 5.21)]]",16
"[[(2.05, 6.21), (8.26, 12.42)]]",16
"[[(2.54, 6.7), (1.34, 5.5)]]",16
"[[(3.61, 7.77), (2.47, 6.63)]]",16
"[[(5.09, 9.25), (1.17, 5.33)]]",16
"[[(9.9, 14.06), (5.44, 9.6)]]",20
"[[(8.09, 12.25), (0.45, 4.61)]]",16
"[[(9.47, 13.63), (10.8, 14.96)]]",16
"[[(9.71, 13.87), (9.85, 14.01)]]",20
"[[(10.42, 14.58), (0.49, 4.65)]]",16
"[[(2.65, 6.81), (1.38, 5.54)]]",16
"[[(4.68, 8.84), (6.12, 10.28)]]",16
"[[(3.97, 8.13), (5.54, 9.7)]]",20
"[[(2.44, 6.6), (6.13, 10.29)]]",16
"[[(4.29, 8.45), (9.63, 13.79)]]",16
"[[(7.96, 12.12), (7.42, 11.58)]]",20
"[[(9.72, 13.88), (5.24, 9.4)]]",16
"[[(1.99, 6.15), (8.96, 13.12)]]",25
"[[(10.77, 14.93), (1.98, 6.14)]]",20
"[[(9.09, 13.25), (4.45, 8.61)]]",16
"[[(3.2, 7.36), (3.47, 7.63)]]",16
"[[(4.6, 8.76), (7.02, 11.18)]]",16
"[[(8.52, 12.68), (9.46, 13.62)]]",16
"[[(1.76, 5.92), (1.21, 5.37)]]",16
"[[(7.49, 11.65), (6.07, 10.23)]]",16
"[[(9.67, 13.83), (6.88, 11.04)]]",20
"[[(8.54, 12.7), (1.15, 5.31)]]",16
"[[(2.53, 6.69), (5.21, 9.37)]]",16
"[[(1.24, 5.4), (3.49, 7.65)]]",16
"[[(0.31, 4.47), (8.81, 12.97)]]",16
"[[(10.38, 14.54), (7.11, 11.27)]]",16
"[[(9.21, 13.37), (1.06, 5.22)]]",16
"[[(9.84, 14.0), (9.42, 13.58)]]",20
"[[(0.99, 5.15), (9.61, 13.77)]]",20
"[[(5.28, 9.44), (5.52, 9.68)]]",16
"[[(3.88, 8.04), (9.78, 13.94)]]",20
"[[(5.4, 9.56), (10.68, 14.84)]]",16
"[[(8.68, 12.84), (3.66, 7.82)]]",16
"[[(2.37, 6.53), (8.93, 13.09)]]",20
"[[(7.61, 11.77), (9.36, 13.52)]]",16
"[[(6.31, 10.47), (10.31, 14.47)]]",16
"[[(8.61, 12.77), (6.33, 10.49)]]",16
"[[(3.5, 7.66), (7.08, 11.24)]]",16
"[[(2.13, 6.29), (5.96, 10.12)]]",20
"[[(9.72, 13.88), (1.69, 5.85)]]",16
"[[(6.41, 10.57), (8.16, 12.32)]]",16
"[[(1.09, 5.25), (2.2, 6.36)]]",16
"[[(2.8, 6.96), (7.31, 11.47)]]",16
"[[(9.6, 13.76), (8.42, 12.58)]]",16
"[[(2.5, 6.66), (1.4, 5.56)]]",16
"[[(2.46, 6.62), (8.77, 12.93)]]",16
"[[(6.01, 10.17), (3.78, 7.94)]]",16
"[[(10.2, 14.36), (8.22, 12.38)]]",16
"[[(4.45, 8.61), (6.84, 11.0)]]",20
"[[(7.72, 11.88), (1.12, 5.28)]]",16
"[[(9.58, 13.74), (6.85, 11.01)]]",20
"[[(7.49, 11.65), (6.77, 10.93)]]",16
"[[(4.59, 8.75), (4.48, 8.64)]]",16
"[[(5.33, 9.49), (6.08, 10.24)]]",16
"[[(6.86, 11.02), (9.96, 14.12)]]",25
"[[(7.48, 11.64), (3.14, 7.3)]]",16
"[[(2.3, 6.46), (8.5, 12.66)]]",16
"[[(0.6, 4.76), (9.01, 13.17)]]",16
"[[(9.13, 13.29), (9.98, 14.14)]]",20
"[[(7.32, 11.48), (2.78, 6.94)]]",16
"[[(9.38, 13.54), (10.61, 14.77)]]",16
"[[(8.98, 13.14), (1.69, 5.85)]]",20
"[[(9.34, 13.5), (4.71, 8.87)]]",16
"[[(1.2, 5.36), (4.3, 8.46)]]",16
"[[(3.83, 7.99), (8.69, 12.85)]]",16
"[[(3.69, 7.85), (0.15, 4.31)]]",16
"[[(4.47, 8.63), (8.15, 12.31)]]",16
"[[(4.9, 9.06), (4.1, 8.26)]]",20
"[[(6.32, 10.48), (1.71, 5.87)]]",16
"[[(2.1, 6.26), (5.36, 9.52)]]",16
"[[(7.45, 11.61), (6.08, 10.24)]]",16
"[[(3.39, 7.55), (1.74, 5.9)]]",16
"[[(1.88, 6.04), (9.97, 14.13)]]",25
"[[(4.44, 8.6), (3.36, 7.52)]]",16
"[[(5.1, 9.26), (0.01, 4.17)]]",16
"[[(9.08, 13.24), (8.11, 12.27)]]",16
"[[(3.13, 7.29), (7.56, 11.72)]]",16
"[[(6.65, 10.81), (0.43, 4.59)]]",16
"[[(6.42, 10.58), (0.75, 4.91)]]",16
"[[(6.36, 10.52), (8.19, 12.35)]]",16
"[[(4.32, 8.48), (8.53, 12.69)]]",16
"[[(9.05, 13.21), (10.53, 14.69)]]",16
"[[(10.3, 14.46), (1.69, 5.85)]]",16
"[[(0.9, 5.06), (5.22, 9.38)]]",20
"[[(2.0, 6.16), (2.71, 6.87)]]",20
"[[(2.45, 6.61), (7.9, 12.06)]]",20
"[[(1.18, 5.34), (1.88, 6.04)]]",20
"[[(9.98, 14.14), (7.05, 11.21)]]",20
"[[(5.67, 9.83), (4.05, 8.21)]]",16
"[[(0.7, 4.86), (3.27, 7.43)]]",16
"[[(4.69, 8.85), (0.84, 5.0)]]",20
"[[(7.65, 11.81), (8.94, 13.1)]]",20
"[[(6.12, 10.28), (9.84, 14.0)]]",20
"[[(5.4, 9.56), (10.49, 14.65)]]",16
"[[(9.41, 13.57), (1.86, 6.02)]]",20
"[[(2.05, 6.21), (8.63, 12.79)]]",16
"[[(9.61, 13.77), (2.7, 6.86)]]",16
"[[(7.23, 11.39), (4.76, 8.92)]]",16
"[[(8.8, 12.96), (0.41, 4.57)]]",16
"[[(4.88, 9.04), (7.56, 11.72)]]",20
"[[(6.73, 10.89), (2.1, 6.26)]]",16
"[[(5.2, 9.36), (7.55, 11.71)]]",16
"[[(10.56, 14.72), (5.87, 10.03)]]",20
"[[(5.2, 9.36), (10.39, 14.55)]]",16
"[[(2.81, 6.97), (6.01, 10.17)]]",16
"[[(6.66, 10.82), (7.58, 11.74)]]",16
"[[(6.92, 11.08), (6.64, 10.8)]]",20
"[[(3.68, 7.84), (0.46, 4.62)]]",16
"[[(5.88, 10.04), (9.3, 13.46)]]",20
"[[(4.59, 8.75), (8.86, 13.02)]]",20
"[[(9.93, 14.09), (5.53, 9.69)]]",20
"[[(1.46, 5.62), (9.18, 13.34)]]",16
"[[(3.08, 7.24), (1.41, 5.57)]]",16
"[[(6.45, 10.61), (4.37, 8.53)]]",16
"[[(9.13, 13.29), (0.91, 5.07)]]",20
"[[(3.35, 7.51), (0.09, 4.25)]]",16
"[[(5.68, 9.84), (3.37, 7.53)]]",16
"[[(7.54, 11.7), (4.48, 8.64)]]",16
"[[(3.55, 7.71), (2.44, 6.6)]]",16
"[[(6.49, 10.65), (3.62, 7.78)]]",16
"[[(8.98, 13.14), (0.84, 5.0)]]",25
"[[(9.52, 13.68), (8.57, 12.73)]]",16
"[[(8.46, 12.62), (6.6, 10.76)]]",16
"[[(6.84, 11.0), (0.49, 4.65)]]",20
"[[(7.96, 12.12), (5.6, 9.76)]]",20
"[[(7.11, 11.27), (9.17, 13.33)]]",16
"[[(9.39, 13.55), (3.37, 7.53)]]",16
"[[(0.54, 4.7), (6.59, 10.75)]]",16
"[[(0.44, 4.6), (8.38, 12.54)]]",16
"[[(4.9, 9.06), (2.8, 6.96)]]",20
"[[(10.81, 14.97), (6.61, 10.77)]]",16
"[[(5.34, 9.5), (9.06, 13.22)]]",16
"[[(4.11, 8.27), (8.2, 12.36)]]",16
"[[(7.01, 11.17), (3.98, 8.14)]]",20
"[[(7.26, 11.42), (7.72, 11.88)]]",16
"[[(9.66, 13.82), (0.44, 4.6)]]",16
"[[(7.18, 11.34), (2.61, 6.77)]]",16
"[[(0.49, 4.65), (3.85, 8.01)]]",20
"[[(2.96, 7.12), (10.35, 14.51)]]",20
"[[(1.66, 5.82), (6.57, 10.73)]]",16
"[[(10.11, 14.27), (8.68, 12.84)]]",16
"[[(5.11, 9.27), (3.97, 8.13)]]",20
"[[(0.57, 4.73), (5.27, 9.43)]]",16
"[[(3.46, 7.62), (10.14, 14.3)]]",16
"[[(7.4, 11.56), (10.62, 14.78)]]",16
"[[(8.11, 12.27), (3.29, 7.45)]]",16
"[[(2.83, 6.99), (6.21, 10.37)]]",16
"[[(2.81, 6.97), (0.55, 4.71)]]",16
"[[(7.97, 12.13), (4.63, 8.79)]]",20
"[[(3.26, 7.42), (1.1, 5.26)]]",16
"[[(2.91, 7.07), (3.08, 7.24)]]",20
"[[(1.02, 5.18), (10.32, 14.48)]]",16
"[[(2.2, 6.36), (3.82, 7.98)]]",16
"[[(10.15, 14.31), (9.23, 13.39)]]",16
"[[(2.81, 6.97), (2.54, 6.7)]]",16
"[[(4.04, 8.2), (2.89, 7.05)]]",20
"[[(1.05, 5.21), (10.5, 14.66)]]",16
"[[(9.67, 13.83), (1.38, 5.54)]]",16
"[[(1.43, 5.59), (4.92, 9.08)]]",20
"[[(8.57, 12.73), (6.21, 10.37)]]",16
"[[(9.64, 13.8), (4.24, 8.4)]]",16
"[[(0.3, 4.46), (0.32, 4.48)]]",16
"[[(1.56, 5.72), (9.01, 13.17)]]",16
"[[(10.49, 14.65), (5.33, 9.49)]]",16
"[[(8.63, 12.79), (3.27, 7.43)]]",16
"[[(2.18, 6.34), (8.78, 12.94)]]",16
"[[(2.39, 6.55), (1.52, 5.68)]]",16
"[[(9.52, 13.68), (8.79, 12.95)]]",16
"[[(2.53, 6.69), (5.01, 9.17)]]",16
"[[(9.86, 14.02), (4.95, 9.11)]]",25
"[[(1.8, 5.96), (9.36, 13.52)]]",16
"[[(7.12, 11.28), (9.8, 13.96)]]",16
"[[(9.48, 13.64), (10.41, 14.57)]]",16
"[[(0.82, 4.98), (9.21, 13.37)]]",16
"[[(0.96, 5.12), (6.73, 10.89)]]",20
"[[(5.54, 9.7), (6.49, 10.65)]]",16
"[[(2.81, 6.97), (0.56, 4.72)]]",16
"[[(4.27, 8.43), (5.77, 9.93)]]",16
"[[(9.3, 13.46), (8.95, 13.11)]]",20
"[[(10.68, 14.84), (3.73, 7.89)]]",16
"[[(8.5, 12.66), (1.88, 6.04)]]",20
"[[(8.97, 13.13), (9.79, 13.95)]]",20
"[[(0.67, 4.83), (2.77, 6.93)]]",16
"[[(8.18, 12.34), (0.69, 4.85)]]",16
"[[(9.67, 13.83), (6.72, 10.88)]]",16
"[[(0.87, 5.03), (0.52, 4.68)]]",20
"[[(4.71, 8.87), (8.15, 12.31)]]",16
"[[(2.55, 6.71), (8.75, 12.91)]]",16
"[[(10.38, 14.54), (5.13, 9.29)]]",16
"[[(1.79, 5.95), (0.35, 4.51)]]",16
"[[(1.41, 5.57), (10.22, 14.38)]]",16
"[[(0.37, 4.53), (8.36, 12.52)]]",16
"[[(0.19, 4.35), (8.84, 13.0)]]",20
"[[(9.09, 13.25), (1.12, 5.28)]]",16
"[[(5.44, 9.6), (9.08, 13.24)]]",16
"[[(8.69, 12.85), (10.07, 14.23)]]",16
"[[(0.4, 4.56), (0.89, 5.05)]]",20
"[[(9.17, 13.33), (7.66, 11.82)]]",16
"[[(0.92, 5.08), (8.01, 12.17)]]",20
"[[(10.82, 14.98), (6.11, 10.27)]]",16
"[[(10.01, 14.17), (9.57, 13.73)]]",16
"[[(6.26, 10.42), (10.23, 14.39)]]",16
"[[(5.99, 10.15), (9.7, 13.86)]]",20
"[[(7.94, 12.1), (3.43, 7.59)]]",20
"[[(6.29, 10.45), (6.21, 10.37)]]",16
"[[(4.0, 8.16), (5.38, 9.54)]]",20
"[[(8.62, 12.78), (1.66, 5.82)]]",16
"[[(10.75, 14.91), (2.58, 6.74)]]",16
"[[(8.33, 12.49), (4.61, 8.77)]]",16
"[[(9.76, 13.92), (3.86, 8.02)]]",20
"[[(0.72, 4.88), (2.76, 6.92)]]",16
"[[(3.49, 7.65), (2.07, 6.23)]]",16
"[[(3.18, 7.34), (4.23, 8.39)]]",16
"[[(3.04, 7.2), (2.28, 6.44)]]",16
"[[(5.49, 9.65), (2.18, 6.34)]]",16
"[[(3.13, 7.29), (6.93, 11.09)]]",20
"[[(2.43, 6.59), (10.29, 14.45)]]",16
"[[(5.78, 9.94), (0.02, 4.18)]]",16
"[[(6.24, 10.4), (3.29, 7.45)]]",16
"[[(4.67, 8.83), (6.48, 10.64)]]",16
"[[(4.69, 8.85), (3.73, 7.89)]]",16
"[[(8.78, 12.94), (6.85, 11.01)]]",20
"[[(4.76, 8.92), (4.82, 8.98)]]",16
"[[(1.34, 5.5), (3.77, 7.93)]]",16
"[[(4.95, 9.11), (6.54, 10.7)]]",20
"[[(8.47, 12.63), (4.41, 8.57)]]",16
"[[(2.5, 6.66), (10.04, 14.2)]]",16
"[[(0.62, 4.78), (0.77, 4.93)]]",16
"[[(10.55, 14.71), (4.95, 9.11)]]",20
"[[(3.89, 8.05), (4.97, 9.13)]]",25
"[[(8.39, 12.55), (6.24, 10.4)]]",16
"[[(8.62, 12.78), (0.88, 5.04)]]",20
"[[(4.58, 8.74), (5.89, 10.05)]]",20
"[[(0.01, 4.17), (6.26, 10.42)]]",16
"[[(5.7, 9.86), (8.85, 13.01)]]",20
"[[(1.65, 5.81), (3.41, 7.57)]]",16
"[[(2.47, 6.63), (6.57, 10.73)]]",16
"[[(1.47, 5.63), (5.56, 9.72)]]",16
"[[(9.26, 13.42), (8.65, 12.81)]]",16
"[[(10.79, 14.95), (8.76, 12.92)]]",16
"[[(6.16, 10.32), (4.22, 8.38)]]",16
"[[(2.7, 6.86), (2.46, 6.62)]]",16
"[[(0.83, 4.99), (8.53, 12.69)]]",16
"[[(2.09, 6.25), (5.11, 9.27)]]",16
"[[(1.07, 5.23), (2.41, 6.57)]]",16
"[[(2.4, 6.56), (9.08, 13.24)]]",16
"[[(4.77, 8.93), (7.88, 12.04)]]",20
"[[(0.75, 4.91), (2.97, 7.13)]]",20
"[[(3.87, 8.03), (3.82, 7.98)]]",20
"[[(5.0, 9.16), (0.08, 4.24)]]",20
"[[(0.16, 4.32), (4.22, 8.38)]]",16
"[[(1.17, 5.33), (2.25, 6.41)]]",16
"[[(6.6, 10.76), (9.14, 13.3)]]",16
"[[(7.19, 11.35), (7.26, 11.42)]]",16
"[[(10.42, 14.58), (6.66, 10.82)]]",16
"[[(6.61, 10.77), (0.99, 5.15)]]",20
"[[(9.19, 13.35), (1.8, 5.96)]]",16
"[[(5.3, 9.46), (2.29, 6.45)]]",16
"[[(9.69, 13.85), (3.66, 7.82)]]",16
"[[(6.95, 11.11), (3.73, 7.89)]]",20
"[[(6.61, 10.77), (5.18, 9.34)]]",16
"[[(10.57, 14.73), (0.25, 4.41)]]",16
"[[(2.89, 7.05), (7.93, 12.09)]]",25
"[[(7.8, 11.96), (6.7, 10.86)]]",16
"[[(8.57, 12.73), (4.18, 8.34)]]",16
"[[(9.37, 13.53), (7.72, 11.88)]]",16
"[[(3.25, 7.41), (2.67, 6.83)]]",16
"[[(7.46, 11.62), (2.24, 6.4)]]",16
"[[(3.07, 7.23), (4.46, 8.62)]]",16
"[[(3.43, 7.59), (10.41, 14.57)]]",16
"[[(5.5, 9.66), (2.3, 6.46)]]",16
"[[(10.29, 14.45), (0.67, 4.83)]]",16
"[[(4.71, 8.87), (3.9, 8.06)]]",20
"[[(7.71, 11.87), (4.81, 8.97)]]",16
"[[(8.06, 12.22), (8.94, 13.1)]]",20
"[[(10.5, 14.66), (5.91, 10.07)]]",20
"[[(1.72, 5.88), (2.16, 6.32)]]",16
"[[(8.87, 13.03), (6.46, 10.62)]]",20
"[[(10.65, 14.81), (5.05, 9.21)]]",16
"[[(3.86, 8.02), (7.37, 11.53)]]",20
"[[(6.7, 10.86), (0.3, 4.46)]]",16
"[[(4.25, 8.41), (5.67, 9.83)]]",16
"[[(8.37, 12.53), (9.73, 13.89)]]",16
"[[(5.39, 9.55), (5.74, 9.9)]]",16
"[[(4.51, 8.67), (6.28, 10.44)]]",16
"[[(1.77, 5.93), (4.58, 8.74)]]",16
"[[(3.86, 8.02), (2.48, 6.64)]]",20
"[[(2.71, 6.87), (10.39, 14.55)]]",16
"[[(5.28, 9.44), (0.71, 4.87)]]",16
"[[(7.98, 12.14), (3.02, 7.18)]]",20
"[[(2.77, 6.93), (9.64, 13.8)]]",16
"[[(5.65, 9.81), (8.15, 12.31)]]",16
"[[(7.92, 12.08), (6.64, 10.8)]]",20
"[[(1.62, 5.78), (0.05, 4.21)]]",16
"[[(2.53, 6.69), (2.62, 6.78)]]",16
"[[(4.71, 8.87), (2.49, 6.65)]]",16
"[[(4.68, 8.84), (4.07, 8.23)]]",16
"[[(9.53, 13.69), (2.06, 6.22)]]",16
"[[(8.58, 12.74), (1.47, 5.63)]]",16
"[[(4.07, 8.23), (4.04, 8.2)]]",16
"[[(6.73, 10.89), (6.37, 10.53)]]",16
"[[(1.9, 6.06), (1.24, 5.4)]]",20
"[[(1.5, 5.66), (0.18, 4.34)]]",16
"[[(5.02, 9.18), (5.77, 9.93)]]",16
"[[(5.1, 9.26), (2.43, 6.59)]]",16
"[[(6.69, 10.85), (3.71, 7.87)]]",16
"[[(10.32, 14.48), (4.13, 8.29)]]",16
"[[(4.17, 8.33), (8.37, 12.53)]]",16
"[[(3.55, 7.71), (6.41, 10.57)]]",16
"[[(4.21, 8.37), (8.07, 12.23)]]",16
"[[(3.45, 7.61), (1.89, 6.05)]]",20
"[[(7.23, 11.39), (3.61, 7.77)]]",16
"[[(1.86, 6.02), (4.42, 8.58)]]",20
"[[(4.17, 8.33), (4.13, 8.29)]]",16
"[[(4.66, 8.82), (3.74, 7.9)]]",16
"[[(8.76, 12.92), (4.7, 8.86)]]",16
"[[(0.44, 4.6), (10.76, 14.92)]]",16
"[[(1.35, 5.51), (10.84, 15.0)]]",20
"[[(3.19, 7.35), (3.81, 7.97)]]",16
"[[(5.76, 9.92), (4.65, 8.81)]]",16
"[[(2.62, 6.78), (4.47, 8.63)]]",16
"[[(7.14, 11.3), (9.6, 13.76)]]",16
"[[(9.15, 13.31), (10.79, 14.95)]]",16
"[[(5.73, 9.89), (4.36, 8.52)]]",16
"[[(2.54, 6.7), (5.93, 10.09)]]",20
"[[(10.0, 14.16), (2.87, 7.03)]]",25
"[[(6.93, 11.09), (9.54, 13.7)]]",20
"[[(2.3, 6.46), (7.87, 12.03)]]",20
"[[(10.82, 14.98), (1.67, 5.83)]]",16
"[[(0.87, 5.03), (7.32, 11.48)]]",20
"[[(4.5, 8.66), (3.01, 7.17)]]",16
"[[(3.21, 7.37), (8.58, 12.74)]]",16
"[[(6.33, 10.49), (2.87, 7.03)]]",20
"[[(2.02, 6.18), (9.1, 13.26)]]",16
"[[(6.69, 10.85), (8.19, 12.35)]]",16
"[[(8.56, 12.72), (5.38, 9.54)]]",16
"[[(6.39, 10.55), (4.04, 8.2)]]",16
"[[(4.81, 8.97), (3.86, 8.02)]]",20
"[[(2.22, 6.38), (6.89, 11.05)]]",20
"[[(7.51, 11.67), (4.4, 8.56)]]",16
"[[(5.22, 9.38), (4.06, 8.22)]]",16
"[[(2.26, 6.42), (3.7, 7.86)]]",16
"[[(1.37, 5.53), (1.35, 5.51)]]",16
"[[(10.05, 14.21), (1.27, 5.43)]]",16
"[[(0.67, 4.83), (1.85, 6.01)]]",20
"[[(7.81, 11.97), (4.46, 8.62)]]",16
"[[(7.03, 11.19), (1.45, 5.61)]]",16
"[[(5.9, 10.06), (6.45, 10.61)]]",20
"[[(2.5, 6.66), (7.42, 11.58)]]",16
"[[(5.3, 9.46), (7.03, 11.19)]]",16
"[[(2.81, 6.97), (3.69, 7.85)]]",16
"[[(4.77, 8.93), (1.35, 5.51)]]",16
"[[(3.85, 8.01), (1.71, 5.87)]]",20
"[[(5.14, 9.3), (1.93, 6.09)]]",20
"[[(8.22, 12.38), (9.64, 13.8)]]",16
"[[(1.86, 6.02), (3.16, 7.32)]]",20
"[[(3.01, 7.17), (4.26, 8.42)]]",16
"[[(10.4, 14.56), (1.89, 6.05)]]",20
"[[(6.58, 10.74), (10.53, 14.69)]]",16
"[[(1.25, 5.41), (0.93, 5.09)]]",20
"[[(4.02, 8.18), (7.66, 11.82)]]",16
"[[(10.78, 14.94), (3.35, 7.51)]]",16
"[[(6.73, 10.89), (2.62, 6.78)]]",16
"[[(0.92, 5.08), (4.35, 8.51)]]",20
"[[(10.2, 14.36), (3.98, 8.14)]]",20
"[[(2.89, 7.05), (1.62, 5.78)]]",20
"[[(3.42, 7.58), (4.86, 9.02)]]",20
"[[(3.41, 7.57), (10.09, 14.25)]]",16
"[[(9.81, 13.97), (9.94, 14.1)]]",20
"[[(7.6, 11.76), (9.87, 14.03)]]",20
"[[(5.51, 9.67), (10.15, 14.31)]]",16
"[[(4.03, 8.19), (3.78, 7.94)]]",16
"[[(6.52, 10.68), (2.82, 6.98)]]",16
"[[(8.11, 12.27), (2.6, 6.76)]]",16
"[[(2.11, 6.27), (8.88, 13.04)]]",20
"[[(4.32, 8.48), (8.61, 12.77)]]",16
"[[(9.21, 13.37), (4.61, 8.77)]]",16
"[[(4.66, 8.82), (5.36, 9.52)]]",16
"[[(4.86, 9.02), (1.06, 5.22)]]",20
"[[(9.11, 13.27), (4.93, 9.09)]]",20
"[[(7.46, 11.62), (2.44, 6.6)]]",16
"[[(1.97, 6.13), (0.11, 4.27)]]",20
"[[(6.36, 10.52), (1.87, 6.03)]]",20
"[[(0.07, 4.23), (10.45, 14.61)]]",16
"[[(0.43, 4.59), (8.31, 12.47)]]",16
"[[(8.86, 13.02), (6.35, 10.51)]]",20
"[[(2.53, 6.69), (9.52, 13.68)]]",16
"[[(3.07, 7.23), (9.89, 14.05)]]",20
"[[(8.94, 13.1), (1.57, 5.73)]]",20
"[[(0.42, 4.58), (2.72, 6.88)]]",16
"[[(0.88, 5.04), (5.85, 10.01)]]",25
"[[(10.08, 14.24), (8.5, 12.66)]]",16
"[[(9.0, 13.16), (5.97, 10.13)]]",25
"[[(1.97, 6.13), (9.26, 13.42)]]",20
"[[(7.92, 12.08), (7.49, 11.65)]]",20
"[[(10.47, 14.63), (0.13, 4.29)]]",16
"[[(5.93, 10.09), (7.59, 11.75)]]",20
"[[(4.91, 9.07), (5.67, 9.83)]]",20
"[[(6.33, 10.49), (1.4, 5.56)]]",16
"[[(5.63, 9.79), (1.28, 5.44)]]",16
"[[(4.89, 9.05), (5.79, 9.95)]]",20
"[[(0.1, 4.26), (5.92, 10.08)]]",20
"[[(0.78, 4.94), (6.93, 11.09)]]",20
"[[(9.41, 13.57), (0.68, 4.84)]]",16
"[[(2.99, 7.15), (6.84, 11.0)]]",25
"[[(1.29, 5.45), (7.15, 11.31)]]",16
"[[(3.91, 8.07), (6.93, 11.09)]]",25
"[[(2.35, 6.51), (4.3, 8.46)]]",16
"[[(6.07, 10.23), (2.51, 6.67)]]",16
"[[(2.33, 6.49), (2.74, 6.9)]]",16
"[[(8.11, 12.27), (3.81, 7.97)]]",16
"[[(1.15, 5.31), (6.82, 10.98)]]",16
"[[(7.56, 11.72), (2.48, 6.64)]]",16
"[[(10.14, 14.3), (5.02, 9.18)]]",16
"[[(2.96, 7.12), (8.44, 12.6)]]",20
"[[(0.64, 4.8), (7.37, 11.53)]]",16
"[[(4.33, 8.49), (5.29, 9.45)]]",16
"[[(8.59, 12.75), (1.64, 5.8)]]",16
"[[(4.61, 8.77), (4.12, 8.28)]]",16
"[[(1.68, 5.84), (2.03, 6.19)]]",16
"[[(9.26, 13.42), (5.51, 9.67)]]",16
"[[(4.39, 8.55), (7.41, 11.57)]]",16
"[[(0.51, 4.67), (1.73, 5.89)]]",16
"[[(3.67, 7.83), (7.5, 11.66)]]",16
"[[(5.24, 9.4), (10.02, 14.18)]]",16
"[[(2.24, 6.4), (2.42, 6.58)]]",16
"[[(0.3, 4.46), (1.17, 5.33)]]",16
"[[(7.64, 11.8), (8.86, 13.02)]]",20
"[[(9.63, 13.79), (10.56, 14.72)]]",16
"[[(10.54, 14.7), (7.35, 11.51)]]",16
"[[(9.67, 13.83), (4.93, 9.09)]]",20
"[[(3.28, 7.44), (5.62, 9.78)]]",16
"[[(9.2, 13.36), (7.37, 11.53)]]",16
"[[(8.2, 12.36), (0.62, 4.78)]]",16
"[[(6.21, 10.37), (6.93, 11.09)]]",20
"[[(1.13, 5.29), (10.4, 14.56)]]",16
"[[(0.77, 4.93), (0.66, 4.82)]]",16
"[[(6.71, 10.87), (4.67, 8.83)]]",16
"[[(2.05, 6.21), (1.29, 5.45)]]",16
"[[(2.15, 6.31), (10.64, 14.8)]]",16
"[[(6.59, 10.75), (4.33, 8.49)]]",16
"[[(0.45, 4.61), (6.47, 10.63)]]",16
"[[(10.11, 14.27), (2.73, 6.89)]]",16
"[[(5.07, 9.23), (1.96, 6.12)]]",20
"[[(2.28, 6.44), (10.15, 14.31)]]",16
"[[(4.57, 8.73), (6.25, 10.41)]]",16
"[[(8.98, 13.14), (9.37, 13.53)]]",20
"[[(7.0, 11.16), (8.5, 12.66)]]",20
"[[(6.55, 10.71), (9.82, 13.98)]]",16
"[[(1.61, 5.77), (8.75, 12.91)]]",16
"[[(6.08, 10.24), (2.67, 6.83)]]",16
"[[(10.15, 14.31), (3.27, 7.43)]]",16
"[[(4.24, 8.4), (8.08, 12.24)]]",16
"[[(6.59, 10.75), (3.84, 8.0)]]",20
"[[(2.09, 6.25), (9.94, 14.1)]]",20
"[[(8.75, 12.91), (1.15, 5.31)]]",16
"[[(4.73, 8.89), (7.88, 12.04)]]",20
"[[(8.03, 12.19), (0.56, 4.72)]]",16
"[[(2.41, 6.57), (4.98, 9.14)]]",20
"[[(5.92, 10.08), (1.12, 5.28)]]",20
"[[(8.22, 12.38), (0.8, 4.96)]]",16
"[[(1.3, 5.46), (4.74, 8.9)]]",16
"[[(1.44, 5.6), (0.61, 4.77)]]",16
"[[(8.3, 12.46), (0.59, 4.75)]]",16
"[[(3.56, 7.72), (1.74, 5.9)]]",16
"[[(9.24, 13.4), (3.91, 8.07)]]",20
"[[(2.36, 6.52), (6.44, 10.6)]]",16
"[[(0.03, 4.19), (1.22, 5.38)]]",16
"[[(8.81, 12.97), (9.43, 13.59)]]",16
"[[(7.89, 12.05), (2.02, 6.18)]]",20
"[[(10.19, 14.35), (10.59, 14.75)]]",16
"[[(10.14, 14.3), (4.69, 8.85)]]",16
"[[(7.15, 11.31), (6.35, 10.51)]]",16
"[[(4.69, 8.85), (0.32, 4.48)]]",16
"[[(0.74, 4.9), (2.84, 7.0)]]",20
"[[(5.95, 10.11), (6.15, 10.31)]]",20
"[[(7.04, 11.2), (7.36, 11.52)]]",16
"[[(3.8, 7.96), (9.69, 13.85)]]",16
"[[(10.79, 14.95), (8.17, 12.33)]]",16
"[[(10.46, 14.62), (3.77, 7.93)]]",16
"[[(8.06, 12.22), (7.5, 11.66)]]",16
"[[(8.67, 12.83), (7.47, 11.63)]]",16
"[[(1.02, 5.18), (3.99, 8.15)]]",20
"[[(3.5, 7.66), (7.57, 11.73)]]",16
"[[(6.98, 11.14), (5.64, 9.8)]]",20
"[[(1.27, 5.43), (5.98, 10.14)]]",20
"[[(5.11, 9.27), (9.13, 13.29)]]",16
"[[(8.14, 12.3), (8.13, 12.29)]]",16
"[[(3.88, 8.04), (3.87, 8.03)]]",25
"[[(10.31, 14.47), (10.14, 14.3)]]",16
"[[(9.64, 13.8), (4.81, 8.97)]]",16
"[[(5.91, 10.07), (1.19, 5.35)]]",20
"[[(1.98, 6.14), (3.5, 7.66)]]",20
"[[(5.79, 9.95), (9.55, 13.71)]]",16
"[[(4.65, 8.81), (2.01, 6.17)]]",16
"[[(0.02, 4.18), (0.47, 4.63)]]",16
"[[(2.85, 7.01), (7.43, 11.59)]]",20
"[[(1.56, 5.72), (4.64, 8.8)]]",16
"[[(7.2, 11.36), (3.26, 7.42)]]",16
"[[(2.66, 6.82), (10.13, 14.29)]]",16
"[[(1.49, 5.65), (3.48, 7.64)]]",16
"[[(10.78, 14.94), (10.69, 14.85)]]",16
"[[(6.15, 10.31), (5.94, 10.1)]]",20
"[[(1.07, 5.23), (2.17, 6.33)]]",16
"[[(3.98, 8.14), (0.99, 5.15)]]",25
"[[(4.37, 8.53), (8.29, 12.45)]]",16
"[[(5.72, 9.88), (3.9, 8.06)]]",20
"[[(1.83, 5.99), (5.42, 9.58)]]",16
"[[(3.74, 7.9), (0.72, 4.88)]]",16
"[[(8.32, 12.48), (5.31, 9.47)]]",16
"[[(10.36, 14.52), (0.64, 4.8)]]",16
"[[(4.24, 8.4), (6.29, 10.45)]]",16
"[[(5.37, 9.53), (2.86, 7.02)]]",20
"[[(8.74, 12.9), (4.01, 8.17)]]",16
"[[(0.46, 4.62), (5.74, 9.9)]]",16
"[[(1.42, 5.58), (9.42, 13.58)]]",16
"[[(5.18, 9.34), (5.62, 9.78)]]",16
"[[(10.15, 14.31), (5.15, 9.31)]]",16
"[[(10.77, 14.93), (1.81, 5.97)]]",16
"[[(0.35, 4.51), (6.96, 11.12)]]",20
"[[(5.22, 9.38), (0.08, 4.24)]]",16
"[[(5.55, 9.71), (7.19, 11.35)]]",16
"[[(9.17, 13.33), (9.95, 14.11)]]",20
"[[(4.93, 9.09), (5.17, 9.33)]]",20
"[[(0.69, 4.85), (5.89, 10.05)]]",20
"[[(10.56, 14.72), (0.16, 4.32)]]",16
"[[(5.31, 9.47), (1.63, 5.79)]]",16
"[[(0.75, 4.91), (9.18, 13.34)]]",16
"[[(5.08, 9.24), (10.76, 14.92)]]",16
"[[(6.59, 10.75), (10.65, 14.81)]]",16
"[[(9.05, 13.21), (5.54, 9.7)]]",16
"[[(1.56, 5.72), (2.89, 7.05)]]",20
"[[(8.67, 12.83), (7.06, 11.22)]]",16
"[[(6.04, 10.2), (5.26, 9.42)]]",16
"[[(5.25, 9.41), (1.45, 5.61)]]",16
"[[(0.63, 4.79), (1.86, 6.02)]]",20
"[[(4.8, 8.96), (7.25, 11.41)]]",16
"[[(2.81, 6.97), (10.41, 14.57)]]",16
"[[(7.5, 11.66), (6.23, 10.39)]]",16
"[[(5.08, 9.24), (8.95, 13.11)]]",20
"[[(2.59, 6.75), (9.83, 13.99)]]",16
"[[(10.35, 14.51), (4.36, 8.52)]]",16
"[[(10.06, 14.22), (9.92, 14.08)]]",20
"[[(4.27, 8.43), (6.05, 10.21)]]",16
"[[(5.1, 9.26), (3.83, 7.99)]]",16
"[[(6.56, 10.72), (7.32, 11.48)]]",16
"[[(9.02, 13.18), (1.05, 5.21)]]",16
"[[(8.64, 12.8), (0.29, 4.45)]]",16
"[[(9.42, 13.58), (4.97, 9.13)]]",20
"[[(2.9, 7.06), (10.42, 14.58)]]",20
"[[(9.73, 13.89), (3.69, 7.85)]]",16
"[[(5.28, 9.44), (1.62, 5.78)]]",16
"[[(8.42, 12.58), (3.84, 8.0)]]",20
"[[(5.24, 9.4), (10.77, 14.93)]]",16
"[[(9.03, 13.19), (10.75, 14.91)]]",16
"[[(1.25, 5.41), (10.24, 14.4)]]",16
"[[(8.24, 12.4), (10.29, 14.45)]]",16
"[[(8.69, 12.85), (9.83, 13.99)]]",16
"[[(0.87, 5.03), (10.63, 14.79)]]",20
"[[(0.58, 4.74), (2.75, 6.91)]]",16
"[[(3.38, 7.54), (9.15, 13.31)]]",16
"[[(7.63, 11.79), (7.87, 12.03)]]",20
"[[(4.66, 8.82), (1.37, 5.53)]]",16
"[[(4.88, 9.04), (6.91, 11.07)]]",25
"[[(0.55, 4.71), (8.32, 12.48)]]",16
"[[(9.26, 13.42), (10.18, 14.34)]]",16
"[[(8.97, 13.13), (5.74, 9.9)]]",20
"[[(8.49, 12.65), (7.58, 11.74)]]",16
"[[(6.62, 10.78), (8.8, 12.96)]]",16
"[[(4.16, 8.32), (1.44, 5.6)]]",16
"[[(7.09, 11.25), (1.9, 6.06)]]",20
"[[(9.46, 13.62), (10.21, 14.37)]]",16
"[[(3.44, 7.6), (0.14, 4.3)]]",16
"[[(9.9, 14.06), (0.17, 4.33)]]",20
"[[(4.81, 8.97), (0.53, 4.69)]]",16
"[[(4.92, 9.08), (5.37, 9.53)]]",20
"[[(5.13, 9.29), (3.92, 8.08)]]",20
"[[(7.68, 11.84), (2.69, 6.85)]]",16
"[[(8.94, 13.1), (1.97, 6.13)]]",25
"[[(2.84, 7.0), (9.98, 14.14)]]",25
"[[(2.32, 6.48), (0.56, 4.72)]]",16
"[[(10.05, 14.21), (5.71, 9.87)]]",16
"[[(8.11, 12.27), (2.81, 6.97)]]",16
"[[(2.4, 6.56), (3.4, 7.56)]]",16
"[[(10.83, 14.99), (4.66, 8.82)]]",16
"[[(4.08, 8.24), (2.22, 6.38)]]",16
"[[(3.53, 7.69), (8.84, 13.0)]]",20
"[[(1.61, 5.77), (5.78, 9.94)]]",16
"[[(3.24, 7.4), (2.3, 6.46)]]",16
"[[(3.95, 8.11), (1.62, 5.78)]]",20
"[[(2.47, 6.63), (2.96, 7.12)]]",20
"[[(8.92, 13.08), (8.72, 12.88)]]",20
"[[(5.27, 9.43), (8.48, 12.64)]]",16
"[[(2.81, 6.97), (7.6, 11.76)]]",16
"[[(9.71, 13.87), (6.34, 10.5)]]",16
"[[(6.39, 10.55), (7.65, 11.81)]]",16
"[[(8.22, 12.38), (0.52, 4.68)]]",16
"[[(2.64, 6.8), (6.33, 10.49)]]",16
"[[(1.66, 5.82), (10.28, 14.44)]]",16
"[[(8.2, 12.36), (10.36, 14.52)]]",16
"[[(1.25, 5.41), (4.25, 8.41)]]",16
"[[(9.65, 13.81), (3.41, 7.57)]]",16
"[[(5.05, 9.21), (2.66, 6.82)]]",16
"[[(10.38, 14.54), (9.85, 14.01)]]",20
"[[(4.81, 8.97), (0.3, 4.46)]]",16
"[[(3.81, 7.97), (0.95, 5.11)]]",20
"[[(6.43, 10.59), (2.07, 6.23)]]",16
"[[(6.34, 10.5), (9.57, 13.73)]]",16
"[[(5.75, 9.91), (5.76, 9.92)]]",16
"[[(7.09, 11.25), (1.2, 5.36)]]",16
"[[(5.17, 9.33), (10.51, 14.67)]]",16
"[[(3.94, 8.1), (3.79, 7.95)]]",20
"[[(6.98, 11.14), (8.52, 12.68)]]",20
"[[(6.23, 10.39), (5.01, 9.17)]]",16
"[[(7.86, 12.02), (0.2, 4.36)]]",20
"[[(6.11, 10.27), (10.5, 14.66)]]",16
"[[(5.93, 10.09), (5.07, 9.23)]]",20
"[[(1.37, 5.53), (8.06, 12.22)]]",16
"[[(0.39, 4.55), (2.09, 6.25)]]",16
"[[(0.32, 4.48), (6.94, 11.1)]]",20
"[[(10.33, 14.49), (3.59, 7.75)]]",16
"[[(5.99, 10.15), (9.15, 13.31)]]",20
"[[(3.41, 7.57), (7.45, 11.61)]]",16
"[[(7.44, 11.6), (9.56, 13.72)]]",16
"[[(9.0, 13.16), (3.99, 8.15)]]",25
"[[(2.68, 6.84), (9.07, 13.23)]]",16
"[[(4.87, 9.03), (5.37, 9.53)]]",20
"[[(9.07, 13.23), (9.81, 13.97)]]",16
"[[(8.45, 12.61), (3.93, 8.09)]]",20
"[[(10.75, 14.91), (5.44, 9.6)]]",16
"[[(0.36, 4.52), (3.84, 8.0)]]",20
"[[(1.23, 5.39), (0.1, 4.26)]]",16
"[[(8.75, 12.91), (7.0, 11.16)]]",20
"[[(4.4, 8.56), (10.33, 14.49)]]",16
"[[(0.23, 4.39), (0.28, 4.44)]]",16
"[[(9.93, 14.09), (4.82, 8.98)]]",20
"[[(4.63, 8.79), (8.21, 12.37)]]",16
"[[(10.09, 14.25), (0.68, 4.84)]]",16
"[[(1.91, 6.07), (6.17, 10.33)]]",20
"[[(2.6, 6.76), (0.73, 4.89)]]",16
"[[(4.86, 9.02), (9.32, 13.48)]]",20
"[[(2.73, 6.89), (5.06, 9.22)]]",16
"[[(2.12, 6.28), (5.94, 10.1)]]",20
"[[(10.65, 14.81), (8.22, 12.38)]]",16
"[[(1.53, 5.69), (3.02, 7.18)]]",16
"[[(2.7, 6.86), (7.51, 11.67)]]",16
"[[(4.25, 8.41), (7.52, 11.68)]]",16
"[[(4.13, 8.29), (3.6, 7.76)]]",16
"[[(2.29, 6.45), (4.82, 8.98)]]",16
"[[(6.84, 11.0), (4.17, 8.33)]]",20
"[[(10.1, 14.26), (7.32, 11.48)]]",16
"[[(3.42, 7.58), (4.69, 8.85)]]",16
"[[(9.32, 13.48), (8.93, 13.09)]]",20
"[[(5.43, 9.59), (4.26, 8.42)]]",16
"[[(10.19, 14.35), (1.72, 5.88)]]",16
"[[(3.17, 7.33), (5.93, 10.09)]]",20
"[[(6.96, 11.12), (5.69, 9.85)]]",20
"[[(1.15, 5.31), (10.42, 14.58)]]",16
"[[(5.62, 9.78), (2.83, 6.99)]]",16
"[[(2.39, 6.55), (1.15, 5.31)]]",16
"[[(3.99, 8.15), (6.42, 10.58)]]",20
"[[(7.85, 12.01), (1.01, 5.17)]]",20
"[[(3.31, 7.47), (7.51, 11.67)]]",16
"[[(4.81, 8.97), (9.5, 13.66)]]",16
"[[(8.21, 12.37), (3.01, 7.17)]]",16
"[[(4.01, 8.17), (1.55, 5.71)]]",16
"[[(2.78, 6.94), (2.92, 7.08)]]",20
"[[(9.13, 13.29), (6.14, 10.3)]]",16
"[[(2.5, 6.66), (9.46, 13.62)]]",16
"[[(1.11, 5.27), (1.36, 5.52)]]",16
"[[(10.18, 14.34), (3.48, 7.64)]]",16
"[[(6.17, 10.33), (6.46, 10.62)]]",16
"[[(3.52, 7.68), (0.2, 4.36)]]",16
"[[(8.88, 13.04), (1.79, 5.95)]]",20
"[[(4.71, 8.87), (5.72, 9.88)]]",16
"[[(5.86, 10.02), (5.11, 9.27)]]",20
"[[(8.07, 12.23), (0.03, 4.19)]]",16
"[[(10.71, 14.87), (3.63, 7.79)]]",16
"[[(7.66, 11.82), (9.35, 13.51)]]",16
"[[(4.6, 8.76), (9.73, 13.89)]]",16
"[[(8.21, 12.37), (9.06, 13.22)]]",16
"[[(3.74, 7.9), (4.37, 8.53)]]",16
"[[(1.04, 5.2), (6.42, 10.58)]]",16
"[[(5.66, 9.82), (4.46, 8.62)]]",16
"[[(0.67, 4.83), (9.16, 13.32)]]",16
"[[(5.6, 9.76), (5.59, 9.75)]]",16
"[[(10.41, 14.57), (1.15, 5.31)]]",16
"[[(2.24, 6.4), (7.05, 11.21)]]",16
"[[(4.79, 8.95), (6.1, 10.26)]]",16
"[[(9.98, 14.14), (6.08, 10.24)]]",20
"[[(9.41, 13.57), (3.03, 7.19)]]",16
"[[(9.31, 13.47), (6.03, 10.19)]]",16
"[[(5.33, 9.49), (6.46, 10.62)]]",16
"[[(6.42, 10.58), (9.7, 13.86)]]",16
"[[(0.35, 4.51), (4.94, 9.1)]]",20
"[[(7.25, 11.41), (7.44, 11.6)]]",16
"[[(8.2, 12.36), (5.96, 10.12)]]",20
"[[(9.28, 13.44), (6.98, 11.14)]]",20
"[[(4.7, 8.86), (1.04, 5.2)]]",16
"[[(5.79, 9.95), (7.88, 12.04)]]",20
"[[(2.77, 6.93), (0.18, 4.34)]]",16
"[[(0.07, 4.23), (7.94, 12.1)]]",20
"[[(10.8, 14.96), (0.29, 4.45)]]",16
"[[(5.15, 9.31), (2.78, 6.94)]]",16
"[[(4.24, 8.4), (9.62, 13.78)]]",16
"[[(0.71, 4.87), (7.99, 12.15)]]",20
"[[(9.64, 13.8), (0.66, 4.82)]]",16
"[[(10.77, 14.93), (8.6, 12.76)]]",16
"[[(4.6, 8.76), (8.67, 12.83)]]",16
"[[(3.4, 7.56), (4.02, 8.18)]]",16
"[[(3.05, 7.21), (0.3, 4.46)]]",16
"[[(1.71, 5.87), (8.64, 12.8)]]",16
"[[(5.38, 9.54), (7.16, 11.32)]]",16
"[[(0.41, 4.57), (8.59, 12.75)]]",16
"[[(10.14, 14.3), (4.64, 8.8)]]",16
"[[(6.44, 10.6), (8.35, 12.51)]]",16
"[[(0.86, 5.02), (3.79, 7.95)]]",20
"[[(10.19, 14.35), (9.8, 13.96)]]",16
"[[(9.59, 13.75), (5.09, 9.25)]]",16
"[[(2.04, 6.2), (10.63, 14.79)]]",16
"[[(5.83, 9.99), (2.66, 6.82)]]",16
"[[(9.78, 13.94), (2.13, 6.29)]]",16
"[[(4.74, 8.9), (5.88, 10.04)]]",20
"[[(5.52, 9.68), (2.84, 7.0)]]",20
"[[(2.82, 6.98), (7.27, 11.43)]]",16
"[[(4.04, 8.2), (10.07, 14.23)]]",16
"[[(0.19, 4.35), (7.95, 12.11)]]",20
"[[(4.49, 8.65), (2.64, 6.8)]]",16
"[[(9.85, 14.01), (6.37, 10.53)]]",20
"[[(7.97, 12.13), (8.12, 12.28)]]",20
"[[(8.56, 12.72), (6.06, 10.22)]]",16
"[[(8.16, 12.32), (2.51, 6.67)]]",16
"[[(3.28, 7.44), (0.87, 5.03)]]",20
"[[(6.23, 10.39), (1.05, 5.21)]]",16
"[[(5.04, 9.2), (8.96, 13.12)]]",20
"[[(3.1, 7.26), (8.55, 12.71)]]",16
"[[(5.49, 9.65), (0.6, 4.76)]]",16
"[[(6.37, 10.53), (4.49, 8.65)]]",16
"[[(10.12, 14.28), (1.28, 5.44)]]",16
"[[(10.54, 14.7), (0.18, 4.34)]]",16
"[[(1.88, 6.04), (8.58, 12.74)]]",20
"[[(3.39, 7.55), (7.17, 11.33)]]",16
"[[(5.32, 9.48), (9.22, 13.38)]]",16
"[[(4.84, 9.0), (2.84, 7.0)]]",25
"[[(0.38, 4.54), (7.0, 11.16)]]",20
"[[(8.59, 12.75), (8.88, 13.04)]]",20
"[[(9.11, 13.27), (0.34, 4.5)]]",16
"[[(4.03, 8.19), (4.03, 8.19)]]",16
"[[(6.84, 11.0), (4.18, 8.34)]]",20
"[[(6.06, 10.22), (6.69, 10.85)]]",16
"[[(5.12, 9.28), (1.3, 5.46)]]",16
"[[(9.15, 13.31), (10.65, 14.81)]]",16
"[[(8.99, 13.15), (8.93, 13.09)]]",25
"[[(7.84, 12.0), (1.7, 5.86)]]",20
"[[(7.49, 11.65), (9.17, 13.33)]]",16
"[[(2.02, 6.18), (3.17, 7.33)]]",16
"[[(3.23, 7.39), (9.13, 13.29)]]",16
"[[(0.69, 4.85), (6.9, 11.06)]]",20
"[[(0.47, 4.63), (6.27, 10.43)]]",16
"[[(10.17, 14.33), (3.6, 7.76)]]",16
"[[(10.05, 14.21), (10.71, 14.87)]]",16
"[[(9.58, 13.74), (7.77, 11.93)]]",16
"[[(9.1, 13.26), (4.92, 9.08)]]",20
"[[(9.43, 13.59), (9.34, 13.5)]]",16
"[[(2.69, 6.85), (5.35, 9.51)]]",16
"[[(8.21, 12.37), (10.03, 14.19)]]",16
"[[(7.79, 11.95), (4.63, 8.79)]]",16
"[[(10.61, 14.77), (10.51, 14.67)]]",16
"[[(9.63, 13.79), (3.43, 7.59)]]",16
"[[(0.15, 4.31), (7.12, 11.28)]]",16
"[[(3.93, 8.09), (7.17, 11.33)]]",20
"[[(1.54, 5.7), (4.46, 8.62)]]",16
"[[(5.23, 9.39), (5.75, 9.91)]]",16
"[[(4.43, 8.59), (10.25, 14.41)]]",16
"[[(6.2, 10.36), (9.1, 13.26)]]",16
"[[(9.95, 14.11), (8.27, 12.43)]]",20
"[[(4.6, 8.76), (9.01, 13.17)]]",16
"[[(6.35, 10.51), (2.25, 6.41)]]",16
"[[(0.78, 4.94), (9.0, 13.16)]]",20
"[[(3.17, 7.33), (3.01, 7.17)]]",16
"[[(9.59, 13.75), (1.51, 5.67)]]",16
"[[(5.4, 9.56), (2.92, 7.08)]]",20
"[[(3.77, 7.93), (2.38, 6.54)]]",16
"[[(5.28, 9.44), (3.62, 7.78)]]",16
"[[(0.58, 4.74), (4.96, 9.12)]]",20
"[[(3.54, 7.7), (10.3, 14.46)]]",16
"[[(6.18, 10.34), (10.54, 14.7)]]",16
"[[(9.02, 13.18), (8.2, 12.36)]]",16
"[[(6.08, 10.24), (6.22, 10.38)]]",16
"[[(4.7, 8.86), (7.01, 11.17)]]",16
"[[(6.57, 10.73), (1.2, 5.36)]]",16
"[[(5.26, 9.42), (8.91, 13.07)]]",20
"[[(8.11, 12.27), (6.11, 10.27)]]",16
"[[(9.85, 14.01), (9.59, 13.75)]]",20
"[[(0.9, 5.06), (5.09, 9.25)]]",20
"[[(2.87, 7.03), (4.53, 8.69)]]",20
"[[(10.71, 14.87), (3.32, 7.48)]]",16
"[[(4.98, 9.14), (5.2, 9.36)]]",20
"[[(1.3, 5.46), (6.03, 10.19)]]",16
"[[(1.31, 5.47), (3.79, 7.95)]]",16
"[[(1.94, 6.1), (4.72, 8.88)]]",20
"[[(9.6, 13.76), (1.21, 5.37)]]",16
"[[(5.89, 10.05), (8.82, 12.98)]]",20
"[[(3.91, 8.07), (9.31, 13.47)]]",20
"[[(9.38, 13.54), (0.62, 4.78)]]",16
"[[(2.81, 6.97), (5.71, 9.87)]]",16
"[[(7.72, 11.88), (8.6, 12.76)]]",16
"[[(5.14, 9.3), (7.09, 11.25)]]",16
"[[(10.29, 14.45), (10.08, 14.24)]]",16
"[[(2.36, 6.52), (1.76, 5.92)]]",16
"[[(0.69, 4.85), (2.47, 6.63)]]",16
"[[(1.03, 5.19), (3.9, 8.06)]]",20
"[[(2.27, 6.43), (3.66, 7.82)]]",16
"[[(10.02, 14.18), (2.68, 6.84)]]",16
"[[(10.35, 14.51), (5.11, 9.27)]]",16
"[[(5.34, 9.5), (4.22, 8.38)]]",16
"[[(9.72, 13.88), (3.63, 7.79)]]",16
"[[(3.44, 7.6), (10.58, 14.74)]]",16
"[[(2.21, 6.37), (1.82, 5.98)]]",16
"[[(6.13, 10.29), (6.77, 10.93)]]",16
"[[(7.98, 12.14), (6.19, 10.35)]]",20
"[[(0.36, 4.52), (5.91, 10.07)]]",20
"[[(4.95, 9.11), (9.88, 14.04)]]",25
"[[(0.35, 4.51), (5.56, 9.72)]]",16
"[[(2.5, 6.66), (8.05, 12.21)]]",16
"[[(5.2, 9.36), (9.98, 14.14)]]",20
"[[(8.25, 12.41), (2.37, 6.53)]]",16
"[[(9.05, 13.21), (5.9, 10.06)]]",20
"[[(10.76, 14.92), (2.84, 7.0)]]",20
"[[(0.32, 4.48), (6.74, 10.9)]]",16
"[[(1.21, 5.37), (9.58, 13.74)]]",16
"[[(8.58, 12.74), (7.28, 11.44)]]",16
"[[(1.79, 5.95), (0.41, 4.57)]]",16
"[[(5.95, 10.11), (0.38, 4.54)]]",20
"[[(7.02, 11.18), (3.09, 7.25)]]",16
"[[(10.19, 14.35), (6.11, 10.27)]]",16
"[[(4.08, 8.24), (8.64, 12.8)]]",16
"[[(7.1, 11.26), (4.02, 8.18)]]",16
"[[(6.18, 10.34), (9.72, 13.88)]]",16
"[[(2.93, 7.09), (2.73, 6.89)]]",20
"[[(6.41, 10.57), (0.69, 4.85)]]",16
"[[(2.56, 6.72), (2.67, 6.83)]]",16
"[[(9.27, 13.43), (9.93, 14.09)]]",20
"[[(8.31, 12.47), (8.27, 12.43)]]",16
"[[(3.77, 7.93), (4.8, 8.96)]]",16
"[[(9.4, 13.56), (3.44, 7.6)]]",16
"[[(10.06, 14.22), (1.62, 5.78)]]",16
"[[(8.55, 12.71), (2.31, 6.47)]]",16
"[[(0.63, 4.79), (10.83, 14.99)]]",16
"[[(5.5, 9.66), (5.75, 9.91)]]",16
"[[(4.63, 8.79), (10.39, 14.55)]]",16
"[[(8.19, 12.35), (4.61, 8.77)]]",16
"[[(1.4, 5.56), (3.18, 7.34)]]",16
"[[(4.09, 8.25), (6.56, 10.72)]]",16
"[[(2.31, 6.47), (4.14, 8.3)]]",16
"[[(9.63, 13.79), (4.53, 8.69)]]",16
"[[(3.75, 7.91), (4.02, 8.18)]]",16
"[[(10.51, 14.67), (5.41, 9.57)]]",16
"[[(9.68, 13.84), (2.34, 6.5)]]",16
"[[(1.08, 5.24), (7.42, 11.58)]]",16
"[[(6.9, 11.06), (0.23, 4.39)]]",20
"[[(1.04, 5.2), (6.24, 10.4)]]",16
"[[(2.38, 6.54), (5.52, 9.68)]]",16
"[[(7.23, 11.39), (7.36, 11.52)]]",16
"[[(4.47, 8.63), (4.92, 9.08)]]",20
"[[(7.08, 11.24), (1.18, 5.34)]]",16
"[[(4.35, 8.51), (1.92, 6.08)]]",20
"[[(2.96, 7.12), (0.73, 4.89)]]",20
"[[(2.94, 7.1), (8.23, 12.39)]]",20
"[[(7.77, 11.93), (5.62, 9.78)]]",16
"[[(6.76, 10.92), (9.82, 13.98)]]",16
"[[(1.21, 5.37), (1.32, 5.48)]]",16
"[[(9.8, 13.96), (1.54, 5.7)]]",16
"[[(1.13, 5.29), (5.68, 9.84)]]",16
"[[(2.98, 7.14), (10.75, 14.91)]]",20
"[[(6.36, 10.52), (0.84, 5.0)]]",20
"[[(5.99, 10.15), (7.63, 11.79)]]",20
"[[(1.3, 5.46), (8.19, 12.35)]]",16
"[[(0.9, 5.06), (0.58, 4.74)]]",20
"[[(6.7, 10.86), (0.74, 4.9)]]",16
"[[(4.49, 8.65), (6.9, 11.06)]]",20
"[[(4.24, 8.4), (6.9, 11.06)]]",20
"[[(7.15, 11.31), (1.52, 5.68)]]",16
"[[(5.69, 9.85), (3.03, 7.19)]]",16
"[[(7.32, 11.48), (5.33, 9.49)]]",16
"[[(2.99, 7.15), (7.22, 11.38)]]",20
"[[(1.73, 5.89), (2.96, 7.12)]]",20
"[[(0.86, 5.02), (8.92, 13.08)]]",25
"[[(10.16, 14.32), (9.54, 13.7)]]",16
"[[(3.08, 7.24), (9.85, 14.01)]]",20
"[[(1.09, 5.25), (2.72, 6.88)]]",16
"[[(4.78, 8.94), (0.91, 5.07)]]",20
"[[(1.83, 5.99), (8.33, 12.49)]]",16
"[[(7.93, 12.09), (2.5, 6.66)]]",20
"[[(10.23, 14.39), (1.65, 5.81)]]",16
"[[(5.43, 9.59), (10.5, 14.66)]]",16
"[[(1.55, 5.71), (6.98, 11.14)]]",20
"[[(6.55, 10.71), (2.55, 6.71)]]",16
"[[(9.51, 13.67), (3.81, 7.97)]]",16
"[[(6.85, 11.01), (10.15, 14.31)]]",20
"[[(1.49, 5.65), (1.31, 5.47)]]",16
"[[(1.65, 5.81), (10.72, 14.88)]]",16
"[[(7.25, 11.41), (5.95, 10.11)]]",20
"[[(4.71, 8.87), (4.76, 8.92)]]",16
"[[(8.69, 12.85), (1.6, 5.76)]]",16
"[[(3.42, 7.58), (4.01, 8.17)]]",16
"[[(9.67, 13.83), (9.04, 13.2)]]",16
"[[(1.85, 6.01), (5.53, 9.69)]]",20
"[[(5.21, 9.37), (8.82, 12.98)]]",16
"[[(8.96, 13.12), (0.18, 4.34)]]",20
"[[(5.78, 9.94), (0.42, 4.58)]]",16
"[[(4.51, 8.67), (0.38, 4.54)]]",16
"[[(3.64, 7.8), (6.77, 10.93)]]",16
"[[(8.47, 12.63), (10.57, 14.73)]]",16
"[[(8.93, 13.09), (1.54, 5.7)]]",20
"[[(5.55, 9.71), (2.6, 6.76)]]",16
"[[(10.8, 14.96), (4.58, 8.74)]]",16
"[[(7.53, 11.69), (8.61, 12.77)]]",16
"[[(3.34, 7.5), (4.67, 8.83)]]",16
"[[(9.29, 13.45), (8.09, 12.25)]]",16
"[[(10.31, 14.47), (8.92, 13.08)]]",20
"[[(9.25, 13.41), (1.76, 5.92)]]",16
"[[(9.67, 13.83), (9.1, 13.26)]]",16
"[[(1.9, 6.06), (0.84, 5.0)]]",25
"[[(5.36, 9.52), (0.05, 4.21)]]",16
"[[(7.69, 11.85), (6.03, 10.19)]]",16
"[[(8.22, 12.38), (4.84, 9.0)]]",20
"[[(1.95, 6.11), (10.35, 14.51)]]",20
"[[(7.06, 11.22), (7.06, 11.22)]]",16
"[[(1.27, 5.43), (10.26, 14.42)]]",16
"[[(0.13, 4.29), (5.94, 10.1)]]",20
"[[(6.51, 10.67), (7.32, 11.48)]]",16
"[[(4.12, 8.28), (4.77, 8.93)]]",16
"[[(4.77, 8.93), (2.62, 6.78)]]",16
"[[(9.3, 13.46), (5.61, 9.77)]]",16
"[[(0.17, 4.33), (2.25, 6.41)]]",16
"[[(1.78, 5.94), (10.56, 14.72)]]",16
"[[(7.2, 11.36), (10.07, 14.23)]]",16
"[[(2.13, 6.29), (1.55, 5.71)]]",16
"[[(10.09, 14.25), (5.13, 9.29)]]",16
"[[(5.5, 9.66), (5.81, 9.97)]]",16
"[[(1.31, 5.47), (4.59, 8.75)]]",16
"[[(0.36, 4.52), (5.56, 9.72)]]",16
"[[(1.48, 5.64), (9.79, 13.95)]]",16
"[[(6.33, 10.49), (2.62, 6.78)]]",16
"[[(4.97, 9.13), (3.45, 7.61)]]",20
"[[(9.19, 13.35), (9.69, 13.85)]]",16
"[[(10.76, 14.92), (1.49, 5.65)]]",16
"[[(10.22, 14.38), (7.6, 11.76)]]",16
"[[(0.34, 4.5), (8.42, 12.58)]]",16
"[[(8.97, 13.13), (3.39, 7.55)]]",20
"[[(5.78, 9.94), (8.49, 12.65)]]",16
"[[(8.23, 12.39), (9.75, 13.91)]]",16
"[[(0.31, 4.47), (4.54, 8.7)]]",16
"[[(2.44, 6.6), (5.38, 9.54)]]",16
"[[(2.67, 6.83), (9.82, 13.98)]]",16
"[[(7.04, 11.2), (10.54, 14.7)]]",16
"[[(6.28, 10.44), (1.14, 5.3)]]",16
"[[(5.63, 9.79), (6.12, 10.28)]]",16
"[[(9.01, 13.17), (3.37, 7.53)]]",16
"[[(9.96, 14.12), (0.69, 4.85)]]",20
"[[(1.16, 5.32), (5.2, 9.36)]]",16
"[[(7.87, 12.03), (0.11, 4.27)]]",20
"[[(2.52, 6.68), (8.53, 12.69)]]",16
"[[(3.31, 7.47), (1.96, 6.12)]]",20
"[[(0.06, 4.22), (2.42, 6.58)]]",16
"[[(10.76, 14.92), (0.24, 4.4)]]",16
"[[(3.15, 7.31), (7.71, 11.87)]]",16
"[[(7.13, 11.29), (3.85, 8.01)]]",20
"[[(2.37, 6.53), (10.66, 14.82)]]",16
"[[(4.96, 9.12), (2.54, 6.7)]]",20
"[[(3.31, 7.47), (0.66, 4.82)]]",16
"[[(7.43, 11.59), (9.43, 13.59)]]",16
"[[(4.11, 8.27), (0.4, 4.56)]]",16
"[[(1.97, 6.13), (9.14, 13.3)]]",20
"[[(7.25, 11.41), (10.14, 14.3)]]",16
"[[(4.97, 9.13), (0.28, 4.44)]]",20
"[[(0.83, 4.99), (7.3, 11.46)]]",16
"[[(3.88, 8.04), (6.9, 11.06)]]",25
"[[(10.79, 14.95), (5.81, 9.97)]]",16
"[[(4.29, 8.45), (8.38, 12.54)]]",16
"[[(8.31, 12.47), (9.56, 13.72)]]",16
"[[(1.19, 5.35), (10.72, 14.88)]]",16
"[[(0.87, 5.03), (7.4, 11.56)]]",20
"[[(2.09, 6.25), (6.1, 10.26)]]",16
"[[(7.77, 11.93), (1.27, 5.43)]]",16
"[[(5.32, 9.48), (9.29, 13.45)]]",16
"[[(10.05, 14.21), (5.11, 9.27)]]",16
"[[(2.28, 6.44), (0.51, 4.67)]]",16
"[[(1.1, 5.26), (0.41, 4.57)]]",16
"[[(3.41, 7.57), (0.92, 5.08)]]",20
"[[(4.79, 8.95), (5.71, 9.87)]]",16
"[[(2.42, 6.58), (1.22, 5.38)]]",16
"[[(8.32, 12.48), (0.13, 4.29)]]",16
"[[(9.64, 13.8), (2.38, 6.54)]]",16
"[[(1.29, 5.45), (3.67, 7.83)]]",16
"[[(8.29, 12.45), (9.47, 13.63)]]",16
"[[(1.12, 5.28), (7.31, 11.47)]]",16
"[[(10.44, 14.6), (8.31, 12.47)]]",16
"[[(9.51, 13.67), (1.59, 5.75)]]",16
"[[(3.33, 7.49), (5.9, 10.06)]]",20
"[[(2.33, 6.49), (2.51, 6.67)]]",16
"[[(2.48, 6.64), (0.84, 5.0)]]",20
"[[(3.94, 8.1), (5.7, 9.86)]]",20
"[[(4.35, 8.51), (0.39, 4.55)]]",16
"[[(4.1, 8.26), (9.8, 13.96)]]",16
"[[(4.01, 8.17), (2.14, 6.3)]]",16
"[[(3.14, 7.3), (6.04, 10.2)]]",16
"[[(8.88, 13.04), (7.96, 12.12)]]",25
"[[(6.81, 10.97), (10.23, 14.39)]]",16
"[[(7.23, 11.39), (2.44, 6.6)]]",16
"[[(1.94, 6.1), (10.04, 14.2)]]",20
"[[(0.27, 4.43), (8.53, 12.69)]]",16
"[[(1.76, 5.92), (0.34, 4.5)]]",16
"[[(2.26, 6.42), (9.77, 13.93)]]",16
"[[(5.2, 9.36), (1.05, 5.21)]]",16
"[[(6.66, 10.82), (4.92, 9.08)]]",20
"[[(4.47, 8.63), (9.19, 13.35)]]",16
"[[(1.72, 5.88), (1.18, 5.34)]]",16
"[[(10.74, 14.9), (8.82, 12.98)]]",16
"[[(8.57, 12.73), (3.97, 8.13)]]",20
"[[(3.52, 7.68), (2.48, 6.64)]]",16
"[[(0.58, 4.74), (0.7, 4.86)]]",16
"[[(8.88, 13.04), (9.35, 13.51)]]",20
"[[(7.75, 11.91), (3.55, 7.71)]]",16
"[[(8.64, 12.8), (6.19, 10.35)]]",16
"[[(7.67, 11.83), (8.28, 12.44)]]",16
"[[(1.2, 5.36), (1.91, 6.07)]]",20
"[[(0.06, 4.22), (6.35, 10.51)]]",16
"[[(6.62, 10.78), (9.04, 13.2)]]",16
"[[(1.3, 5.46), (2.08, 6.24)]]",16
"[[(8.71, 12.87), (7.32, 11.48)]]",16
"[[(1.93, 6.09), (6.89, 11.05)]]",25
"[[(4.08, 8.24), (0.54, 4.7)]]",16
"[[(10.67, 14.83), (7.1, 11.26)]]",16
"[[(8.89, 13.05), (1.56, 5.72)]]",20
"[[(8.81, 12.97), (0.44, 4.6)]]",16
"[[(5.79, 9.95), (4.55, 8.71)]]",16
"[[(8.72, 12.88), (3.88, 8.04)]]",20
"[[(6.55, 10.71), (7.65, 11.81)]]",16
"[[(3.09, 7.25), (0.55, 4.71)]]",16
"[[(7.91, 12.07), (9.98, 14.14)]]",25
"[[(9.53, 13.69), (3.81, 7.97)]]",16
"[[(10.01, 14.17), (1.07, 5.23)]]",16
"[[(6.52, 10.68), (8.03, 12.19)]]",16
"[[(9.85, 14.01), (4.91, 9.07)]]",25
"[[(9.0, 13.16), (3.26, 7.42)]]",20
"[[(9.42, 13.58), (0.19, 4.35)]]",16
"[[(7.1, 11.26), (0.46, 4.62)]]",16
"[[(9.04, 13.2), (7.2, 11.36)]]",16
"[[(8.52, 12.68), (4.32, 8.48)]]",16
"[[(3.79, 7.95), (3.66, 7.82)]]",16
"[[(0.19, 4.35), (0.88, 5.04)]]",20
"[[(9.18, 13.34), (4.09, 8.25)]]",16
"[[(7.1, 11.26), (4.29, 8.45)]]",16
"[[(6.62, 10.78), (0.81, 4.97)]]",16
"[[(3.71, 7.87), (5.54, 9.7)]]",16
"[[(8.5, 12.66), (6.8, 10.96)]]",16
"[[(6.95, 11.11), (9.99, 14.15)]]",25
"[[(0.21, 4.37), (8.36, 12.52)]]",16
"[[(10.08, 14.24), (0.39, 4.55)]]",16
"[[(9.86, 14.02), (9.01, 13.17)]]",20
"[[(7.78, 11.94), (6.85, 11.01)]]",20
"[[(5.42, 9.58), (8.39, 12.55)]]",16
"[[(5.39, 9.55), (7.75, 11.91)]]",16
"[[(0.38, 4.54), (3.11, 7.27)]]",16
"[[(4.27, 8.43), (3.78, 7.94)]]",16
"[[(6.53, 10.69), (4.96, 9.12)]]",20
"[[(9.13, 13.29), (6.81, 10.97)]]",16
"[[(5.27, 9.43), (9.2, 13.36)]]",16
"[[(5.08, 9.24), (6.12, 10.28)]]",16
"[[(5.06, 9.22), (2.05, 6.21)]]",16
"[[(1.66, 5.82), (6.51, 10.67)]]",16
"[[(10.19, 14.35), (9.26, 13.42)]]",16
"[[(0.41, 4.57), (4.62, 8.78)]]",16
"[[(10.39, 14.55), (7.62, 11.78)]]",16
"[[(5.17, 9.33), (10.07, 14.23)]]",16
"[[(0.61, 4.77), (9.22, 13.38)]]",16
"[[(6.86, 11.02), (9.93, 14.09)]]",25
"[[(0.13, 4.29), (7.77, 11.93)]]",16
"[[(7.7, 11.86), (0.4, 4.56)]]",16
"[[(10.23, 14.39), (0.87, 5.03)]]",20
"[[(3.22, 7.38), (0.36, 4.52)]]",16
"[[(9.45, 13.61), (9.92, 14.08)]]",20
"[[(3.24, 7.4), (1.11, 5.27)]]",16
"[[(9.53, 13.69), (3.66, 7.82)]]",16
"[[(8.14, 12.3), (10.42, 14.58)]]",16
"[[(7.22, 11.38), (4.21, 8.37)]]",16
"[[(0.43, 4.59), (10.83, 14.99)]]",16
"[[(3.18, 7.34), (1.23, 5.39)]]",16
"[[(0.07, 4.23), (7.8, 11.96)]]",16
"[[(5.48, 9.64), (6.75, 10.91)]]",16
"[[(4.57, 8.73), (2.07, 6.23)]]",16
"[[(7.08, 11.24), (0.57, 4.73)]]",16
"[[(10.21, 14.37), (4.62, 8.78)]]",16
"[[(0.68, 4.84), (2.87, 7.03)]]",20
"[[(3.03, 7.19), (9.71, 13.87)]]",16
"[[(7.13, 11.29), (9.52, 13.68)]]",16
"[[(6.16, 10.32), (9.93, 14.09)]]",20
"[[(6.3, 10.46), (10.61, 14.77)]]",16
"[[(9.6, 13.76), (8.34, 12.5)]]",16
"[[(3.79, 7.95), (5.53, 9.69)]]",16
"[[(4.77, 8.93), (0.11, 4.27)]]",16
"[[(4.94, 9.1), (4.54, 8.7)]]",20
"[[(6.52, 10.68), (9.68, 13.84)]]",16
"[[(1.71, 5.87), (3.81, 7.97)]]",16
"[[(7.04, 11.2), (5.93, 10.09)]]",20
"[[(10.27, 14.43), (0.27, 4.43)]]",16
"[[(3.8, 7.96), (0.82, 4.98)]]",16
"[[(1.33, 5.49), (5.64, 9.8)]]",16
"[[(2.5, 6.66), (5.08, 9.24)]]",16
"[[(10.84, 15.0), (6.47, 10.63)]]",20
"[[(4.49, 8.65), (2.96, 7.12)]]",20
"[[(0.21, 4.37), (1.32, 5.48)]]",16
"[[(3.08, 7.24), (2.17, 6.33)]]",16
"[[(7.14, 11.3), (10.2, 14.36)]]",16
"[[(2.71, 6.87), (4.84, 9.0)]]",20
"[[(5.24, 9.4), (1.53, 5.69)]]",16
"[[(0.72, 4.88), (4.73, 8.89)]]",16
"[[(4.27, 8.43), (0.24, 4.4)]]",16
"[[(4.26, 8.42), (4.5, 8.66)]]",16
"[[(0.31, 4.47), (4.3, 8.46)]]",16
"[[(10.3, 14.46), (0.85, 5.01)]]",20
"[[(5.78, 9.94), (6.65, 10.81)]]",16
"[[(1.82, 5.98), (6.18, 10.34)]]",16
"[[(1.77, 5.93), (2.97, 7.13)]]",20
"[[(2.61, 6.77), (10.75, 14.91)]]",16
"[[(7.88, 12.04), (9.97, 14.13)]]",25
"[[(0.59, 4.75), (6.64, 10.8)]]",16
"[[(0.49, 4.65), (8.69, 12.85)]]",16
"[[(10.69, 14.85), (10.68, 14.84)]]",16
"[[(0.14, 4.3), (3.03, 7.19)]]",16
"[[(6.62, 10.78), (3.27, 7.43)]]",16
"[[(8.6, 12.76), (6.8, 10.96)]]",16
"[[(7.93, 12.09), (6.57, 10.73)]]",20
"[[(4.56, 8.72), (2.89, 7.05)]]",20
"[[(2.0, 6.16), (8.05, 12.21)]]",20
"[[(0.75, 4.91), (2.41, 6.57)]]",16
"[[(1.71, 5.87), (5.82, 9.98)]]",16
"[[(2.03, 6.19), (2.1, 6.26)]]",16
"[[(6.81, 10.97), (0.47, 4.63)]]",16
"[[(5.26, 9.42), (1.18, 5.34)]]",16
"[[(6.04, 10.2), (10.62, 14.78)]]",16
"[[(7.92, 12.08), (3.98, 8.14)]]",25
"[[(8.74, 12.9), (2.78, 6.94)]]",16
"[[(0.75, 4.91), (5.69, 9.85)]]",16
"[[(1.27, 5.43), (1.35, 5.51)]]",16
"[[(0.76, 4.92), (8.72, 12.88)]]",16
"[[(4.82, 8.98), (7.55, 11.71)]]",16
"[[(8.14, 12.3), (1.2, 5.36)]]",16
"[[(6.37, 10.53), (7.03, 11.19)]]",16
"[[(10.74, 14.9), (2.53, 6.69)]]",16
"[[(7.4, 11.56), (1.37, 5.53)]]",16
"[[(7.05, 11.21), (9.56, 13.72)]]",16
"[[(0.32, 4.48), (4.17, 8.33)]]",16
"[[(8.63, 12.79), (8.07, 12.23)]]",16
"[[(9.88, 14.04), (6.88, 11.04)]]",25
"[[(2.25, 6.41), (4.57, 8.73)]]",16
"[[(10.58, 14.74), (6.08, 10.24)]]",16
"[[(1.94, 6.1), (5.01, 9.17)]]",20
"[[(2.1, 6.26), (1.56, 5.72)]]",16
"[[(4.97, 9.13), (9.35, 13.51)]]",20
"[[(2.85, 7.01), (10.73, 14.89)]]",20
"[[(9.05, 13.21), (0.17, 4.33)]]",16
"[[(5.04, 9.2), (9.53, 13.69)]]",16
"[[(7.05, 11.21), (9.47, 13.63)]]",16
"[[(10.19, 14.35), (10.28, 14.44)]]",16
"[[(9.74, 13.9), (4.79, 8.95)]]",16
"[[(6.9, 11.06), (6.42, 10.58)]]",20
"[[(3.65, 7.81), (6.81, 10.97)]]",16
"[[(1.88, 6.04), (7.53, 11.69)]]",20
"[[(9.32, 13.48), (6.87, 11.03)]]",20
"[[(7.54, 11.7), (7.74, 11.9)]]",16
"[[(3.95, 8.11), (8.65, 12.81)]]",20
"[[(7.24, 11.4), (2.57, 6.73)]]",16
"[[(5.61, 9.77), (0.92, 5.08)]]",20
"[[(9.61, 13.77), (8.95, 13.11)]]",20
"[[(0.05, 4.21), (4.44, 8.6)]]",16
"[[(5.91, 10.07), (10.82, 14.98)]]",20
"[[(3.63, 7.79), (7.92, 12.08)]]",20
"[[(6.19, 10.35), (6.09, 10.25)]]",16
"[[(2.89, 7.05), (6.77, 10.93)]]",20
"[[(5.44, 9.6), (5.93, 10.09)]]",20
"[[(0.53, 4.69), (6.69, 10.85)]]",16
"[[(3.77, 7.93), (6.49, 10.65)]]",16
"[[(5.97, 10.13), (7.94, 12.1)]]",25
"[[(2.58, 6.74), (5.87, 10.03)]]",20
"[[(4.76, 8.92), (6.21, 10.37)]]",16
"[[(8.51, 12.67), (4.93, 9.09)]]",20
"[[(2.94, 7.1), (3.92, 8.08)]]",25
"[[(6.31, 10.47), (3.39, 7.55)]]",16
"[[(3.76, 7.92), (1.67, 5.83)]]",16
"[[(3.98, 8.14), (2.07, 6.23)]]",20
"[[(5.11, 9.27), (3.26, 7.42)]]",16
"[[(8.74, 12.9), (7.29, 11.45)]]",16
"[[(6.92, 11.08), (8.36, 12.52)]]",20
"[[(1.37, 5.53), (8.88, 13.04)]]",20
"[[(7.38, 11.54), (7.65, 11.81)]]",16
"[[(2.71, 6.87), (8.66, 12.82)]]",16
"[[(6.07, 10.23), (1.87, 6.03)]]",20
"[[(8.0, 12.16), (9.64, 13.8)]]",20
"[[(10.6, 14.76), (0.54, 4.7)]]",16
"[[(4.5, 8.66), (2.65, 6.81)]]",16
"[[(9.09, 13.25), (6.66, 10.82)]]",16
"[[(10.32, 14.48), (3.0, 7.16)]]",20
"[[(9.84, 14.0), (1.74, 5.9)]]",20
"[[(0.48, 4.64), (1.14, 5.3)]]",16
"[[(6.88, 11.04), (9.34, 13.5)]]",20
"[[(1.05, 5.21), (10.03, 14.19)]]",16
"[[(4.8, 8.96), (4.81, 8.97)]]",16
"[[(8.19, 12.35), (6.28, 10.44)]]",16
"[[(3.92, 8.08), (1.45, 5.61)]]",20
"[[(0.03, 4.19), (7.06, 11.22)]]",16
"[[(8.02, 12.18), (7.63, 11.79)]]",16
"[[(7.97, 12.13), (7.29, 11.45)]]",20
"[[(10.84, 15.0), (5.53, 9.69)]]",20
"[[(4.01, 8.17), (6.82, 10.98)]]",16
"[[(4.09, 8.25), (1.07, 5.23)]]",16
"[[(9.94, 14.1), (1.42, 5.58)]]",20
"[[(2.57, 6.73), (4.27, 8.43)]]",16
"[[(6.48, 10.64), (6.89, 11.05)]]",20
"[[(5.09, 9.25), (1.13, 5.29)]]",16
"[[(8.47, 12.63), (3.18, 7.34)]]",16
"[[(5.88, 10.04), (3.08, 7.24)]]",20
"[[(1.99, 6.15), (6.61, 10.77)]]",20
"[[(1.43, 5.59), (3.28, 7.44)]]",16
"[[(2.53, 6.69), (1.05, 5.21)]]",16
"[[(2.82, 6.98), (2.34, 6.5)]]",16
"[[(8.23, 12.39), (5.8, 9.96)]]",16
"[[(8.57, 12.73), (8.7, 12.86)]]",16
"[[(6.01, 10.17), (2.77, 6.93)]]",16
"[[(7.24, 11.4), (3.86, 8.02)]]",20
"[[(10.19, 14.35), (5.84, 10.0)]]",20
"[[(5.22, 9.38), (6.27, 10.43)]]",16
"[[(0.33, 4.49), (2.21, 6.37)]]",16
"[[(5.93, 10.09), (2.83, 6.99)]]",20
"[[(10.34, 14.5), (9.82, 13.98)]]",16
"[[(0.02, 4.18), (0.33, 4.49)]]",16
"[[(4.81, 8.97), (0.03, 4.19)]]",16
"[[(3.15, 7.31), (10.13, 14.29)]]",16
"[[(6.17, 10.33), (4.87, 9.03)]]",20
"[[(4.52, 8.68), (4.21, 8.37)]]",16
"[[(9.12, 13.28), (4.72, 8.88)]]",16
"[[(3.5, 7.66), (2.23, 6.39)]]",16
"[[(8.57, 12.73), (0.06, 4.22)]]",16
"[[(9.7, 13.86), (0.85, 5.01)]]",20
"[[(0.51, 4.67), (2.46, 6.62)]]",16
"[[(10.64, 14.8), (1.68, 5.84)]]",16
"[[(9.66, 13.82), (9.02, 13.18)]]",16
"[[(0.77, 4.93), (0.25, 4.41)]]",16
"[[(0.92, 5.08), (0.24, 4.4)]]",20
"[[(5.25, 9.41), (9.24, 13.4)]]",16
"[[(8.69, 12.85), (0.38, 4.54)]]",16
"[[(0.65, 4.81), (0.7, 4.86)]]",16
"[[(4.42, 8.58), (1.62, 5.78)]]",16
"[[(9.46, 13.62), (6.1, 10.26)]]",16
"[[(4.48, 8.64), (2.85, 7.01)]]",20
"[[(4.39, 8.55), (1.15, 5.31)]]",16
"[[(10.1, 14.26), (6.25, 10.41)]]",16
"[[(0.11, 4.27), (8.28, 12.44)]]",16
"[[(7.91, 12.07), (6.42, 10.58)]]",20
"[[(10.36, 14.52), (6.35, 10.51)]]",16
"[[(7.89, 12.05), (5.32, 9.48)]]",20
"[[(1.46, 5.62), (9.18, 13.34)]]",16
"[[(0.71, 4.87), (10.36, 14.52)]]",16
"[[(4.62, 8.78), (6.79, 10.95)]]",16
"[[(4.02, 8.18), (10.64, 14.8)]]",16
"[[(6.35, 10.51), (9.65, 13.81)]]",16
"[[(4.51, 8.67), (7.53, 11.69)]]",16
"[[(9.99, 14.15), (6.07, 10.23)]]",20
"[[(0.76, 4.92), (5.55, 9.71)]]",16
"[[(6.17, 10.33), (5.9, 10.06)]]",20
"[[(6.19, 10.35), (0.21, 4.37)]]",16
"[[(8.46, 12.62), (4.87, 9.03)]]",20
"[[(9.18, 13.34), (10.5, 14.66)]]",16
"[[(1.36, 5.52), (1.1, 5.26)]]",16
"[[(4.74, 8.9), (6.23, 10.39)]]",16
"[[(6.39, 10.55), (6.24, 10.4)]]",16
"[[(8.14, 12.3), (1.32, 5.48)]]",16
"[[(0.98, 5.14), (6.97, 11.13)]]",25
"[[(9.67, 13.83), (1.87, 6.03)]]",20
"[[(0.87, 5.03), (1.37, 5.53)]]",20
"[[(8.03, 12.19), (6.14, 10.3)]]",16
"[[(3.81, 7.97), (10.04, 14.2)]]",16
"[[(8.85, 13.01), (8.34, 12.5)]]",20
"[[(3.03, 7.19), (1.66, 5.82)]]",16
"[[(6.19, 10.35), (9.37, 13.53)]]",16
"[[(4.38, 8.54), (1.99, 6.15)]]",20
"[[(2.92, 7.08), (9.06, 13.22)]]",20
"[[(0.95, 5.11), (3.54, 7.7)]]",20
"[[(0.89, 5.05), (6.87, 11.03)]]",25
"[[(10.27, 14.43), (2.13, 6.29)]]",16
"[[(0.5, 4.66), (4.91, 9.07)]]",20
"[[(1.38, 5.54), (4.62, 8.78)]]",16
"[[(0.0, 4.16), (9.74, 13.9)]]",20
"[[(1.89, 6.05), (4.62, 8.78)]]",20
"[[(6.27, 10.43), (9.14, 13.3)]]",16
"[[(3.28, 7.44), (4.64, 8.8)]]",16
"[[(0.03, 4.19), (10.2, 14.36)]]",16
"[[(4.71, 8.87), (10.8, 14.96)]]",16
"[[(0.83, 4.99), (10.63, 14.79)]]",16
"[[(8.8, 12.96), (2.72, 6.88)]]",16
"[[(3.85, 8.01), (6.92, 11.08)]]",25
"[[(4.55, 8.71), (8.9, 13.06)]]",20
"[[(1.23, 5.39), (1.18, 5.34)]]",16
"[[(5.49, 9.65), (5.11, 9.27)]]",16
"[[(9.22, 13.38), (1.36, 5.52)]]",16
"[[(5.83, 9.99), (0.44, 4.6)]]",16
"[[(4.55, 8.71), (10.38, 14.54)]]",16
"[[(2.1, 6.26), (10.35, 14.51)]]",16
"[[(7.87, 12.03), (2.24, 6.4)]]",20
"[[(1.18, 5.34), (0.78, 4.94)]]",16
"[[(0.51, 4.67), (7.38, 11.54)]]",16
"[[(0.81, 4.97), (1.89, 6.05)]]",20
"[[(7.89, 12.05), (4.14, 8.3)]]",20
"[[(7.23, 11.39), (6.42, 10.58)]]",16
"[[(6.38, 10.54), (3.85, 8.01)]]",20
"[[(2.64, 6.8), (0.48, 4.64)]]",16
"[[(2.93, 7.09), (1.09, 5.25)]]",20
"[[(8.6, 12.76), (6.84, 11.0)]]",20
"[[(1.26, 5.42), (5.76, 9.92)]]",16
"[[(10.82, 14.98), (4.91, 9.07)]]",20
"[[(5.29, 9.45), (8.0, 12.16)]]",20
"[[(4.95, 9.11), (10.58, 14.74)]]",20
"[[(4.93, 9.09), (0.14, 4.3)]]",20
"[[(2.77, 6.93), (8.68, 12.84)]]",16
"[[(3.93, 8.09), (2.91, 7.07)]]",25
"[[(5.32, 9.48), (0.73, 4.89)]]",16
"[[(4.0, 8.16), (6.05, 10.21)]]",20
"[[(8.01, 12.17), (1.2, 5.36)]]",16
"[[(8.92, 13.08), (10.39, 14.55)]]",20
"[[(10.76, 14.92), (10.18, 14.34)]]",16
"[[(5.85, 10.01), (3.61, 7.77)]]",20
"[[(3.76, 7.92), (3.98, 8.14)]]",20
"[[(9.85, 14.01), (1.94, 6.1)]]",25
"[[(5.65, 9.81), (5.0, 9.16)]]",20
"[[(6.74, 10.9), (5.52, 9.68)]]",16
"[[(5.95, 10.11), (5.11, 9.27)]]",20
"[[(6.73, 10.89), (7.45, 11.61)]]",16
"[[(8.93, 13.09), (1.7, 5.86)]]",20
"[[(4.16, 8.32), (4.98, 9.14)]]",20
"[[(4.4, 8.56), (3.23, 7.39)]]",16
"[[(9.96, 14.12), (6.03, 10.19)]]",20
"[[(2.86, 7.02), (5.36, 9.52)]]",20
"[[(8.86, 13.02), (1.42, 5.58)]]",20
"[[(1.07, 5.23), (7.87, 12.03)]]",20
"[[(7.67, 11.83), (0.69, 4.85)]]",16
"[[(6.25, 10.41), (10.07, 14.23)]]",16
"[[(1.35, 5.51), (1.85, 6.01)]]",20
"[[(5.03, 9.19), (9.77, 13.93)]]",16
"[[(0.91, 5.07), (8.69, 12.85)]]",20
"[[(4.52, 8.68), (7.89, 12.05)]]",20
"[[(10.35, 14.51), (5.76, 9.92)]]",16
"[[(5.89, 10.05), (1.1, 5.26)]]",20
"[[(8.11, 12.27), (7.65, 11.81)]]",16
"[[(9.76, 13.92), (8.5, 12.66)]]",16
"[[(6.59, 10.75), (10.44, 14.6)]]",16
"[[(2.83, 6.99), (3.54, 7.7)]]",16
"[[(9.28, 13.44), (3.57, 7.73)]]",16
"[[(2.28, 6.44), (6.3, 10.46)]]",16
"[[(7.77, 11.93), (8.32, 12.48)]]",16
"[[(9.65, 13.81), (8.09, 12.25)]]",16
"[[(10.13, 14.29), (6.1, 10.26)]]",16
"[[(7.5, 11.66), (5.14, 9.3)]]",16
"[[(1.83, 5.99), (3.69, 7.85)]]",16
"[[(9.95, 14.11), (6.88, 11.04)]]",25
"[[(8.22, 12.38), (9.49, 13.65)]]",16
"[[(6.66, 10.82), (6.69, 10.85)]]",16
"[[(3.21, 7.37), (1.42, 5.58)]]",16
"[[(4.65, 8.81), (1.66, 5.82)]]",16
"[[(9.39, 13.55), (3.06, 7.22)]]",16
"[[(8.8, 12.96), (5.84, 10.0)]]",20
"[[(5.32, 9.48), (4.72, 8.88)]]",16
"[[(0.44, 4.6), (9.15, 13.31)]]",16
"[[(4.81, 8.97), (1.89, 6.05)]]",20
"[[(4.07, 8.23), (6.88, 11.04)]]",20
"[[(10.24, 14.4), (1.66, 5.82)]]",16
"[[(1.74, 5.9), (1.69, 5.85)]]",16
"[[(4.36, 8.52), (7.99, 12.15)]]",20
"[[(1.07, 5.23), (9.63, 13.79)]]",16
"[[(1.6, 5.76), (6.47, 10.63)]]",16
"[[(6.82, 10.98), (4.13, 8.29)]]",16
"[[(1.13, 5.29), (10.36, 14.52)]]",16
"[[(6.51, 10.67), (10.15, 14.31)]]",16
"[[(4.4, 8.56), (8.14, 12.3)]]",16
"[[(7.22, 11.38), (6.83, 10.99)]]",16
"[[(8.41, 12.57), (1.71, 5.87)]]",16
"[[(8.98, 13.14), (4.84, 9.0)]]",25
"[[(9.5, 13.66), (6.61, 10.77)]]",16
"[[(8.5, 12.66), (1.5, 5.66)]]",16
"[[(5.41, 9.57), (7.92, 12.08)]]",20
"[[(1.35, 5.51), (0.39, 4.55)]]",16
"[[(10.78, 14.94), (2.14, 6.3)]]",16
"[[(3.71, 7.87), (10.59, 14.75)]]",16
"[[(6.53, 10.69), (5.65, 9.81)]]",16
"[[(8.51, 12.67), (2.79, 6.95)]]",16
"[[(2.34, 6.5), (0.51, 4.67)]]",16
"[[(5.97, 10.13), (2.73, 6.89)]]",20
"[[(0.45, 4.61), (7.89, 12.05)]]",20
"[[(9.46, 13.62), (7.66, 11.82)]]",16
"[[(10.53, 14.69), (9.46, 13.62)]]",16
"[[(3.82, 7.98), (10.11, 14.27)]]",16
"[[(3.75, 7.91), (7.29, 11.45)]]",16
"[[(10.3, 14.46), (2.43, 6.59)]]",16
"[[(6.44, 10.6), (9.83, 13.99)]]",16
"[[(5.82, 9.98), (4.06, 8.22)]]",16
"[[(0.58, 4.74), (4.28, 8.44)]]",16
"[[(5.6, 9.76), (9.25, 13.41)]]",16
"[[(9.51, 13.67), (0.19, 4.35)]]",16
"[[(10.74, 14.9), (9.31, 13.47)]]",16
"[[(1.15, 5.31), (6.93, 11.09)]]",20
"[[(1.18, 5.34), (4.92, 9.08)]]",20
"[[(3.77, 7.93), (2.31, 6.47)]]",16
"[[(8.01, 12.17), (8.79, 12.95)]]",16
"[[(7.71, 11.87), (7.64, 11.8)]]",16
"[[(9.9, 14.06), (4.98, 9.14)]]",25
"[[(8.63, 12.79), (1.05, 5.21)]]",16
"[[(0.69, 4.85), (9.08, 13.24)]]",16
"[[(9.88, 14.04), (9.28, 13.44)]]",20
"[[(0.1, 4.26), (1.13, 5.29)]]",16
"[[(2.08, 6.24), (5.77, 9.93)]]",16
"[[(7.11, 11.27), (7.81, 11.97)]]",16
"[[(8.42, 12.58), (8.07, 12.23)]]",16
"[[(9.07, 13.23), (0.31, 4.47)]]",16
"[[(5.21, 9.37), (2.76, 6.92)]]",16
"[[(0.35, 4.51), (2.76, 6.92)]]",16
"[[(4.09, 8.25), (8.46, 12.62)]]",16
"[[(8.7, 12.86), (4.4, 8.56)]]",16
"[[(2.23, 6.39), (1.13, 5.29)]]",16
"[[(6.07, 10.23), (2.69, 6.85)]]",16
"[[(6.73, 10.89), (0.41, 4.57)]]",16
"[[(1.93, 6.09), (2.54, 6.7)]]",20
"[[(10.24, 14.4), (8.25, 12.41)]]",16
"[[(4.8, 8.96), (9.44, 13.6)]]",16
"[[(8.3, 12.46), (10.25, 14.41)]]",16
"[[(9.15, 13.31), (7.63, 11.79)]]",16
"[[(2.53, 6.69), (10.4, 14.56)]]",16
"[[(9.86, 14.02), (8.99, 13.15)]]",25
"[[(3.85, 8.01), (1.74, 5.9)]]",20
"[[(7.06, 11.22), (1.7, 5.86)]]",16
"[[(1.79, 5.95), (10.42, 14.58)]]",16
"[[(1.48, 5.64), (2.17, 6.33)]]",16
"[[(9.32, 13.48), (8.76, 12.92)]]",16
"[[(4.21, 8.37), (4.95, 9.11)]]",20
"[[(4.78, 8.94), (3.44, 7.6)]]",16
"[[(9.42, 13.58), (1.9, 6.06)]]",20
"[[(0.01, 4.17), (2.84, 7.0)]]",20
"[[(8.59, 12.75), (5.61, 9.77)]]",16
"[[(7.62, 11.78), (10.46, 14.62)]]",16
"[[(2.73, 6.89), (10.03, 14.19)]]",16
"[[(1.97, 6.13), (7.37, 11.53)]]",20
"[[(6.33, 10.49), (8.9, 13.06)]]",20
"[[(8.65, 12.81), (8.79, 12.95)]]",16
"[[(6.01, 10.17), (9.15, 13.31)]]",16
"[[(8.83, 12.99), (3.95, 8.11)]]",20
"[[(4.37, 8.53), (8.79, 12.95)]]",16
"[[(0.57, 4.73), (1.31, 5.47)]]",16
"[[(6.78, 10.94), (2.45, 6.61)]]",16
"[[(0.47, 4.63), (2.29, 6.45)]]",16
"[[(4.17, 8.33), (7.94, 12.1)]]",20
"[[(4.03, 8.19), (10.65, 14.81)]]",16
"[[(6.84, 11.0), (8.41, 12.57)]]",20
"[[(10.81, 14.97), (1.6, 5.76)]]",16
"[[(1.2, 5.36), (2.58, 6.74)]]",16
"[[(9.75, 13.91), (7.77, 11.93)]]",16
"[[(5.05, 9.21), (7.75, 11.91)]]",16
"[[(10.23, 14.39), (1.11, 5.27)]]",16
"[[(2.16, 6.32), (7.62, 11.78)]]",16
"[[(8.17, 12.33), (9.44, 13.6)]]",16
"[[(7.66, 11.82), (4.65, 8.81)]]",16
"[[(2.14, 6.3), (5.25, 9.41)]]",16
"[[(9.25, 13.41), (0.85, 5.01)]]",20
"[[(7.38, 11.54), (4.44, 8.6)]]",16
"[[(9.99, 14.15), (7.86, 12.02)]]",25
"[[(4.38, 8.54), (9.85, 14.01)]]",20
"[[(3.11, 7.27), (1.09, 5.25)]]",16
"[[(0.86, 5.02), (10.72, 14.88)]]",20
"[[(1.35, 5.51), (4.47, 8.63)]]",16
"[[(7.98, 12.14), (1.95, 6.11)]]",25
"[[(1.51, 5.67), (2.99, 7.15)]]",20
"[[(1.38, 5.54), (10.68, 14.84)]]",16
"[[(9.06, 13.22), (1.15, 5.31)]]",16
"[[(0.91, 5.07), (9.75, 13.91)]]",20
"[[(2.98, 7.14), (7.0, 11.16)]]",25
"[[(0.06, 4.22), (4.07, 8.23)]]",16
"[[(7.77, 11.93), (1.33, 5.49)]]",16
"[[(8.93, 13.09), (5.76, 9.92)]]",20
"[[(4.64, 8.8), (9.94, 14.1)]]",20
"[[(2.53, 6.69), (8.19, 12.35)]]",16
"[[(4.71, 8.87), (7.41, 11.57)]]",16
"[[(3.41, 7.57), (4.56, 8.72)]]",16
"[[(10.77, 14.93), (8.86, 13.02)]]",20
"[[(1.47, 5.63), (6.21, 10.37)]]",16
"[[(2.53, 6.69), (1.42, 5.58)]]",16
"[[(5.08, 9.24), (4.71, 8.87)]]",16
"[[(4.49, 8.65), (7.16, 11.32)]]",16
"[[(6.31, 10.47), (3.41, 7.57)]]",16
"[[(3.0, 7.16), (10.41, 14.57)]]",20
"[[(6.53, 10.69), (3.21, 7.37)]]",16
"[[(9.35, 13.51), (9.41, 13.57)]]",16
"[[(8.96, 13.12), (9.14, 13.3)]]",20
"[[(1.03, 5.19), (1.56, 5.72)]]",16
"[[(7.27, 11.43), (2.17, 6.33)]]",16
"[[(0.02, 4.18), (0.39, 4.55)]]",16
"[[(10.31, 14.47), (8.17, 12.33)]]",16
"[[(3.64, 7.8), (9.67, 13.83)]]",16
"[[(3.17, 7.33), (9.12, 13.28)]]",16
"[[(7.57, 11.73), (1.05, 5.21)]]",16
"[[(7.01, 11.17), (0.36, 4.52)]]",16
"[[(7.56, 11.72), (3.18, 7.34)]]",16
"[[(7.08, 11.24), (5.45, 9.61)]]",16
"[[(7.4, 11.56), (10.59, 14.75)]]",16
"[[(2.02, 6.18), (7.88, 12.04)]]",20
"[[(0.66, 4.82), (0.31, 4.47)]]",16
"[[(1.76, 5.92), (6.33, 10.49)]]",16
"[[(6.86, 11.02), (5.15, 9.31)]]",20
"[[(6.79, 10.95), (9.4, 13.56)]]",16
"[[(7.96, 12.12), (5.51, 9.67)]]",20
"[[(0.74, 4.9), (5.32, 9.48)]]",16
"[[(7.24, 11.4), (5.75, 9.91)]]",16
"[[(5.88, 10.04), (10.44, 14.6)]]",20
"[[(8.51, 12.67), (4.59, 8.75)]]",16
"[[(6.76, 10.92), (7.88, 12.04)]]",20
"[[(7.85, 12.01), (2.97, 7.13)]]",25
"[[(5.7, 9.86), (5.73, 9.89)]]",16
"[[(3.67, 7.83), (7.78, 11.94)]]",16
"[[(7.73, 11.89), (10.54, 14.7)]]",16
"[[(6.1, 10.26), (6.84, 11.0)]]",20
"[[(9.93, 14.09), (7.4, 11.56)]]",20
"[[(1.34, 5.5), (9.93, 14.09)]]",20
"[[(7.38, 11.54), (8.91, 13.07)]]",20
"[[(4.07, 8.23), (3.38, 7.54)]]",16
"[[(1.3, 5.46), (10.59, 14.75)]]",16
"[[(10.14, 14.3), (3.39, 7.55)]]",16
"[[(9.08, 13.24), (10.59, 14.75)]]",16
"[[(4.11, 8.27), (3.38, 7.54)]]",16
"[[(6.45, 10.61), (4.62, 8.78)]]",16
"[[(6.69, 10.85), (8.72, 12.88)]]",16
"[[(9.97, 14.13), (9.78, 13.94)]]",20
"[[(2.19, 6.35), (2.5, 6.66)]]",16
"[[(1.3, 5.46), (8.4, 12.56)]]",16
"[[(0.43, 4.59), (10.03, 14.19)]]",16
"[[(8.97, 13.13), (6.05, 10.21)]]",20
"[[(9.17, 13.33), (4.54, 8.7)]]",16
"[[(5.89, 10.05), (0.47, 4.63)]]",20
"[[(9.35, 13.51), (3.77, 7.93)]]",16
"[[(5.63, 9.79), (9.9, 14.06)]]",20
"[[(3.68, 7.84), (2.57, 6.73)]]",16
"[[(4.51, 8.67), (6.0, 10.16)]]",20
"[[(9.86, 14.02), (0.71, 4.87)]]",20
"[[(8.54, 12.7), (3.68, 7.84)]]",16
"[[(3.19, 7.35), (5.75, 9.91)]]",16
"[[(9.45, 13.61), (1.2, 5.36)]]",16
"[[(1.11, 5.27), (3.57, 7.73)]]",16
"[[(9.92, 14.08), (4.99, 9.15)]]",25
"[[(6.92, 11.08), (9.39, 13.55)]]",20
"[[(2.18, 6.34), (0.2, 4.36)]]",16
"[[(8.43, 12.59), (2.43, 6.59)]]",16
"[[(10.81, 14.97), (4.29, 8.45)]]",16
"[[(9.86, 14.02), (0.6, 4.76)]]",20
"[[(1.57, 5.73), (3.32, 7.48)]]",16
"[[(7.17, 11.33), (2.89, 7.05)]]",20
"[[(2.58, 6.74), (10.21, 14.37)]]",16
"[[(6.61, 10.77), (10.58, 14.74)]]",16
"[[(1.92, 6.08), (10.26, 14.42)]]",20
"[[(9.33, 13.49), (2.77, 6.93)]]",16
"[[(1.54, 5.7), (0.71, 4.87)]]",16
"[[(2.33, 6.49), (8.34, 12.5)]]",16
"[[(9.93, 14.09), (9.96, 14.12)]]",25
"[[(8.53, 12.69), (9.21, 13.37)]]",16
"[[(4.87, 9.03), (9.82, 13.98)]]",20
"[[(5.72, 9.88), (6.63, 10.79)]]",16
"[[(0.24, 4.4), (1.75, 5.91)]]",16
"[[(0.72, 4.88), (8.64, 12.8)]]",16
"[[(8.21, 12.37), (3.35, 7.51)]]",16
"[[(2.55, 6.71), (5.77, 9.93)]]",16
"[[(2.21, 6.37), (3.27, 7.43)]]",16
"[[(6.57, 10.73), (4.51, 8.67)]]",16
"[[(4.09, 8.25), (9.69, 13.85)]]",16
"[[(7.36, 11.52), (6.43, 10.59)]]",16
"[[(0.35, 4.51), (7.63, 11.79)]]",16
"[[(5.95, 10.11), (0.05, 4.21)]]",20
"[[(10.26, 14.42), (4.28, 8.44)]]",16
"[[(8.71, 12.87), (7.97, 12.13)]]",20
"[[(5.21, 9.37), (6.52, 10.68)]]",16
"[[(8.79, 12.95), (7.3, 11.46)]]",16
"[[(2.88, 7.04), (6.77, 10.93)]]",20
"[[(8.82, 12.98), (7.94, 12.1)]]",20
"[[(1.6, 5.76), (5.6, 9.76)]]",16
"[[(0.34, 4.5), (7.78, 11.94)]]",16
"[[(1.86, 6.02), (0.29, 4.45)]]",20
"[[(9.83, 13.99), (7.72, 11.88)]]",16
"[[(4.24, 8.4), (2.41, 6.57)]]",16
"[[(4.57, 8.73), (6.73, 10.89)]]",16
"[[(6.62, 10.78), (7.3, 11.46)]]",16
"[[(0.86, 5.02), (10.62, 14.78)]]",20
"[[(0.61, 4.77), (10.68, 14.84)]]",16
"[[(6.92, 11.08), (6.32, 10.48)]]",20
"[[(3.84, 8.0), (2.73, 6.89)]]",20
"[[(9.1, 13.26), (2.19, 6.35)]]",16
"[[(4.02, 8.18), (2.54, 6.7)]]",16
"[[(2.54, 6.7), (9.81, 13.97)]]",16
"[[(6.02, 10.18), (2.13, 6.29)]]",16
"[[(0.46, 4.62), (5.89, 10.05)]]",20
"[[(3.38, 7.54), (2.86, 7.02)]]",20
"[[(2.27, 6.43), (7.56, 11.72)]]",16
"[[(0.19, 4.35), (2.88, 7.04)]]",20
"[[(8.42, 12.58), (9.69, 13.85)]]",16
"[[(5.48, 9.64), (9.47, 13.63)]]",16
"[[(6.29, 10.45), (5.47, 9.63)]]",16
"[[(2.1, 6.26), (1.82, 5.98)]]",16
"[[(4.42, 8.58), (3.39, 7.55)]]",16
"[[(4.96, 9.12), (5.1, 9.26)]]",20
"[[(6.54, 10.7), (2.12, 6.28)]]",16
"[[(7.37, 11.53), (0.2, 4.36)]]",16
"[[(10.31, 14.47), (7.96, 12.12)]]",20
"[[(6.35, 10.51), (2.24, 6.4)]]",16
"[[(7.51, 11.67), (3.7, 7.86)]]",16
"[[(9.71, 13.87), (5.35, 9.51)]]",16
"[[(5.43, 9.59), (5.0, 9.16)]]",20
"[[(9.34, 13.5), (9.54, 13.7)]]",16
"[[(5.46, 9.62), (1.7, 5.86)]]",16
"[[(5.94, 10.1), (3.37, 7.53)]]",20
"[[(4.92, 9.08), (10.72, 14.88)]]",20
"[[(8.83, 12.99), (6.44, 10.6)]]",16
"[[(1.59, 5.75), (5.11, 9.27)]]",16
"[[(4.45, 8.61), (7.65, 11.81)]]",16
"[[(6.61, 10.77), (3.31, 7.47)]]",16
"[[(5.36, 9.52), (7.4, 11.56)]]",16
"[[(7.31, 11.47), (5.82, 9.98)]]",16
"[[(2.57, 6.73), (9.04, 13.2)]]",16
"[[(3.18, 7.34), (9.07, 13.23)]]",16
"[[(3.28, 7.44), (7.7, 11.86)]]",16
"[[(0.53, 4.69), (0.45, 4.61)]]",16
"[[(4.62, 8.78), (10.53, 14.69)]]",16
"[[(5.83, 9.99), (6.22, 10.38)]]",16
"[[(5.63, 9.79), (2.66, 6.82)]]",16
"[[(1.25, 5.41), (10.26, 14.42)]]",16
"[[(5.32, 9.48), (3.44, 7.6)]]",16
"[[(9.81, 13.97), (9.78, 13.94)]]",16
"[[(4.97, 9.13), (5.21, 9.37)]]",20
"[[(0.57, 4.73), (3.73, 7.89)]]",16
"[[(10.09, 14.25), (1.22, 5.38)]]",16
"[[(1.95, 6.11), (5.23, 9.39)]]",20
"[[(6.27, 10.43), (6.43, 10.59)]]",16
"[[(1.24, 5.4), (9.58, 13.74)]]",16
"[[(6.48, 10.64), (1.4, 5.56)]]",16
"[[(9.84, 14.0), (2.03, 6.19)]]",20
"[[(8.49, 12.65), (3.89, 8.05)]]",20
"[[(6.42, 10.58), (3.05, 7.21)]]",16
"[[(9.78, 13.94), (5.89, 10.05)]]",20
"[[(9.44, 13.6), (0.42, 4.58)]]",16
"[[(3.42, 7.58), (2.67, 6.83)]]",16
"[[(8.09, 12.25), (2.61, 6.77)]]",16
"[[(3.48, 7.64), (3.66, 7.82)]]",16
"[[(0.05, 4.21), (2.79, 6.95)]]",16
"[[(0.99, 5.15), (1.52, 5.68)]]",20
"[[(6.33, 10.49), (8.68, 12.84)]]",16
"[[(0.51, 4.67), (9.34, 13.5)]]",16
"[[(5.6, 9.76), (8.95, 13.11)]]",20
"[[(8.14, 12.3), (2.01, 6.17)]]",16
"[[(10.01, 14.17), (5.21, 9.37)]]",16
"[[(4.52, 8.68), (0.23, 4.39)]]",16
"[[(0.01, 4.17), (0.23, 4.39)]]",16
"[[(2.09, 6.25), (2.71, 6.87)]]",16
"[[(7.22, 11.38), (1.12, 5.28)]]",16
"[[(7.67, 11.83), (2.7, 6.86)]]",16
"[[(2.77, 6.93), (6.33, 10.49)]]",16
"[[(5.69, 9.85), (6.21, 10.37)]]",16
"[[(3.72, 7.88), (2.98, 7.14)]]",20
"[[(5.37, 9.53), (6.62, 10.78)]]",16
"[[(10.49, 14.65), (6.24, 10.4)]]",16
"[[(7.67, 11.83), (4.27, 8.43)]]",16
"[[(10.83, 14.99), (6.33, 10.49)]]",16
"[[(3.61, 7.77), (10.51, 14.67)]]",16
"[[(3.12, 7.28), (2.32, 6.48)]]",16
"[[(10.09, 14.25), (3.11, 7.27)]]",16
"[[(4.75, 8.91), (3.75, 7.91)]]",16
"[[(2.27, 6.43), (4.88, 9.04)]]",20
"[[(3.85, 8.01), (10.57, 14.73)]]",20
"[[(0.07, 4.23), (0.64, 4.8)]]",16
"[[(8.89, 13.05), (2.35, 6.51)]]",20
"[[(4.68, 8.84), (1.99, 6.15)]]",20
"[[(7.45, 11.61), (2.32, 6.48)]]",16
"[[(1.17, 5.33), (9.32, 13.48)]]",16
"[[(1.9, 6.06), (0.08, 4.24)]]",20
"[[(5.37, 9.53), (8.66, 12.82)]]",16
"[[(1.0, 5.16), (7.55, 11.71)]]",20
"[[(10.62, 14.78), (1.3, 5.46)]]",16
"[[(6.17, 10.33), (10.4, 14.56)]]",16
"[[(6.73, 10.89), (3.85, 8.01)]]",20
"[[(3.45, 7.61), (0.25, 4.41)]]",16
"[[(8.45, 12.61), (1.73, 5.89)]]",16
"[[(8.72, 12.88), (3.31, 7.47)]]",16
"[[(6.87, 11.03), (6.88, 11.04)]]",25
"[[(4.57, 8.73), (7.78, 11.94)]]",16
"[[(0.62, 4.78), (3.91, 8.07)]]",20
"[[(1.2, 5.36), (5.99, 10.15)]]",20
"[[(3.61, 7.77), (2.26, 6.42)]]",16
"[[(9.89, 14.05), (0.54, 4.7)]]",20
"[[(7.64, 11.8), (3.03, 7.19)]]",16
"[[(6.03, 10.19), (0.14, 4.3)]]",16
"[[(7.33, 11.49), (9.25, 13.41)]]",16
"[[(8.0, 12.16), (5.06, 9.22)]]",20
"[[(0.45, 4.61), (0.11, 4.27)]]",16
"[[(7.45, 11.61), (5.36, 9.52)]]",16
"[[(0.48, 4.64), (3.75, 7.91)]]",16
"[[(0.43, 4.59), (9.14, 13.3)]]",16
"[[(1.17, 5.33), (1.9, 6.06)]]",20
"[[(3.99, 8.15), (3.83, 7.99)]]",20
"[[(5.89, 10.05), (1.9, 6.06)]]",25
"[[(4.68, 8.84), (3.11, 7.27)]]",16
"[[(4.48, 8.64), (9.49, 13.65)]]",16
"[[(4.41, 8.57), (10.84, 15.0)]]",20
"[[(7.34, 11.5), (5.2, 9.36)]]",16
"[[(2.89, 7.05), (1.01, 5.17)]]",20
"[[(7.5, 11.66), (5.36, 9.52)]]",16
"[[(6.19, 10.35), (2.11, 6.27)]]",16
"[[(8.99, 13.15), (2.02, 6.18)]]",20
"[[(10.27, 14.43), (7.6, 11.76)]]",16
"[[(5.58, 9.74), (5.8, 9.96)]]",16
"[[(5.58, 9.74), (9.4, 13.56)]]",16
"[[(1.26, 5.42), (2.76, 6.92)]]",16
"[[(2.0, 6.16), (7.33, 11.49)]]",20
"[[(3.58, 7.74), (7.41, 11.57)]]",16
"[[(7.75, 11.91), (4.36, 8.52)]]",16
"[[(3.14, 7.3), (7.54, 11.7)]]",16
"[[(6.12, 10.28), (5.32, 9.48)]]",16
"[[(4.72, 8.88), (9.69, 13.85)]]",16
"[[(5.99, 10.15), (6.7, 10.86)]]",20
"[[(2.47, 6.63), (6.37, 10.53)]]",16
"[[(3.46, 7.62), (1.41, 5.57)]]",16
"[[(7.88, 12.04), (7.24, 11.4)]]",20
"[[(7.84, 12.0), (5.69, 9.85)]]",20
"[[(3.0, 7.16), (4.89, 9.05)]]",25
"[[(2.07, 6.23), (8.82, 12.98)]]",16
"[[(3.27, 7.43), (6.56, 10.72)]]",16
"[[(4.92, 9.08), (4.64, 8.8)]]",20
"[[(8.09, 12.25), (5.16, 9.32)]]",16
"[[(4.8, 8.96), (0.0, 4.16)]]",20
"[[(6.78, 10.94), (0.27, 4.43)]]",16
"[[(0.91, 5.07), (7.16, 11.32)]]",20
"[[(7.39, 11.55), (3.7, 7.86)]]",16
"[[(6.32, 10.48), (9.33, 13.49)]]",16
"[[(8.03, 12.19), (4.61, 8.77)]]",16
"[[(6.71, 10.87), (10.42, 14.58)]]",16
"[[(10.72, 14.88), (10.66, 14.82)]]",16
"[[(0.14, 4.3), (8.22, 12.38)]]",16
"[[(4.03, 8.19), (2.67, 6.83)]]",16
"[[(8.9, 13.06), (5.43, 9.59)]]",20
"[[(10.69, 14.85), (6.11, 10.27)]]",16
"[[(6.12, 10.28), (9.61, 13.77)]]",16
"[[(8.99, 13.15), (8.18, 12.34)]]",20
"[[(6.66, 10.82), (5.59, 9.75)]]",16
"[[(9.85, 14.01), (6.45, 10.61)]]",20
"[[(5.34, 9.5), (7.6, 11.76)]]",16
"[[(5.16, 9.32), (4.58, 8.74)]]",16
"[[(4.78, 8.94), (2.75, 6.91)]]",16
"[[(8.42, 12.58), (1.63, 5.79)]]",16
"[[(4.17, 8.33), (7.09, 11.25)]]",16
"[[(5.88, 10.04), (3.42, 7.58)]]",20
"[[(8.49, 12.65), (5.86, 10.02)]]",20
"[[(8.13, 12.29), (7.58, 11.74)]]",16
"[[(3.82, 7.98), (8.98, 13.14)]]",20
"[[(9.61, 13.77), (5.89, 10.05)]]",20
"[[(0.05, 4.21), (4.38, 8.54)]]",16
"[[(3.07, 7.23), (1.21, 5.37)]]",16
"[[(8.75, 12.91), (10.04, 14.2)]]",16
"[[(7.06, 11.22), (1.19, 5.35)]]",16
"[[(7.71, 11.87), (9.53, 13.69)]]",16
"[[(7.68, 11.84), (1.99, 6.15)]]",20
"[[(4.21, 8.37), (6.34, 10.5)]]",16
"[[(0.62, 4.78), (5.04, 9.2)]]",16
"[[(1.59, 5.75), (4.98, 9.14)]]",20
"[[(7.68, 11.84), (9.35, 13.51)]]",16
"[[(0.29, 4.45), (1.01, 5.17)]]",16
"[[(4.02, 8.18), (1.77, 5.93)]]",16
"[[(0.37, 4.53), (6.55, 10.71)]]",16
"[[(3.24, 7.4), (1.75, 5.91)]]",16
"[[(10.22, 14.38), (9.39, 13.55)]]",16
"[[(3.91, 8.07), (0.75, 4.91)]]",20
"[[(3.75, 7.91), (10.05, 14.21)]]",16
"[[(7.98, 12.14), (5.84, 10.0)]]",25
"[[(0.86, 5.02), (8.66, 12.82)]]",20
"[[(10.67, 14.83), (7.25, 11.41)]]",16
"[[(5.38, 9.54), (4.45, 8.61)]]",16
"[[(4.32, 8.48), (2.42, 6.58)]]",16
"[[(0.41, 4.57), (4.83, 8.99)]]",16
"[[(10.72, 14.88), (6.42, 10.58)]]",16
"[[(7.7, 11.86), (9.86, 14.02)]]",20
"[[(5.77, 9.93), (6.4, 10.56)]]",16
"[[(2.91, 7.07), (2.91, 7.07)]]",25
"[[(2.52, 6.68), (5.99, 10.15)]]",20
"[[(4.21, 8.37), (4.92, 9.08)]]",20
"[[(6.14, 10.3), (10.06, 14.22)]]",16
"[[(2.59, 6.75), (2.16, 6.32)]]",16
"[[(8.28, 12.44), (7.26, 11.42)]]",16
"[[(0.4, 4.56), (8.61, 12.77)]]",16
"[[(6.13, 10.29), (4.39, 8.55)]]",16
"[[(0.55, 4.71), (7.34, 11.5)]]",16
"[[(4.59, 8.75), (7.54, 11.7)]]",16
"[[(1.0, 5.16), (0.18, 4.34)]]",20
"[[(1.8, 5.96), (8.65, 12.81)]]",16
"[[(2.68, 6.84), (0.58, 4.74)]]",16
"[[(2.97, 7.13), (9.92, 14.08)]]",25
"[[(8.01, 12.17), (8.25, 12.41)]]",16
"[[(0.22, 4.38), (0.79, 4.95)]]",16
"[[(8.45, 12.61), (2.37, 6.53)]]",16
"[[(3.25, 7.41), (1.69, 5.85)]]",16
"[[(9.2, 13.36), (0.24, 4.4)]]",16
"[[(8.94, 13.1), (4.94, 9.1)]]",25
"[[(7.1, 11.26), (7.06, 11.22)]]",16
"[[(7.97, 12.13), (10.42, 14.58)]]",20
"[[(1.07, 5.23), (5.23, 9.39)]]",16
"[[(1.07, 5.23), (8.94, 13.1)]]",20
"[[(2.69, 6.85), (2.56, 6.72)]]",16
"[[(8.39, 12.55), (7.99, 12.15)]]",20
"[[(10.13, 14.29), (3.12, 7.28)]]",16
"[[(3.57, 7.73), (3.34, 7.5)]]",16
"[[(7.67, 11.83), (4.67, 8.83)]]",16
"[[(4.51, 8.67), (10.35, 14.51)]]",16
"[[(10.66, 14.82), (2.33, 6.49)]]",16
"[[(9.13, 13.29), (0.43, 4.59)]]",16
"[[(5.13, 9.29), (4.15, 8.31)]]",16
"[[(9.09, 13.25), (7.64, 11.8)]]",16
"[[(5.34, 9.5), (9.68, 13.84)]]",16
"[[(1.15, 5.31), (4.96, 9.12)]]",20
"[[(0.67, 4.83), (2.98, 7.14)]]",20
"[[(6.18, 10.34), (10.04, 14.2)]]",16
"[[(7.76, 11.92), (1.35, 5.51)]]",16
"[[(5.08, 9.24), (6.8, 10.96)]]",16
"[[(9.35, 13.51), (3.96, 8.12)]]",20
"[[(4.19, 8.35), (10.28, 14.44)]]",16
"[[(8.97, 13.13), (2.22, 6.38)]]",20
"[[(1.92, 6.08), (2.3, 6.46)]]",20
"[[(5.49, 9.65), (3.88, 8.04)]]",20
"[[(2.42, 6.58), (8.54, 12.7)]]",16
"[[(3.35, 7.51), (1.53, 5.69)]]",16
"[[(3.15, 7.31), (1.03, 5.19)]]",16
"[[(10.69, 14.85), (5.89, 10.05)]]",20
"[[(3.7, 7.86), (2.61, 6.77)]]",16
"[[(10.06, 14.22), (2.99, 7.15)]]",20
"[[(4.3, 8.46), (10.77, 14.93)]]",16
"[[(6.79, 10.95), (9.56, 13.72)]]",16
"[[(0.98, 5.14), (2.96, 7.12)]]",25
"[[(10.82, 14.98), (8.06, 12.22)]]",16
"[[(2.16, 6.32), (5.51, 9.67)]]",16
"[[(7.24, 11.4), (8.01, 12.17)]]",16
"[[(2.13, 6.29), (9.48, 13.64)]]",16
"[[(4.3, 8.46), (9.39, 13.55)]]",16
"[[(4.44, 8.6), (2.49, 6.65)]]",16
"[[(2.11, 6.27), (6.44, 10.6)]]",16
"[[(9.51, 13.67), (3.34, 7.5)]]",16
"[[(3.28, 7.44), (1.39, 5.55)]]",16
"[[(2.23, 6.39), (2.42, 6.58)]]",16
"[[(6.21, 10.37), (10.37, 14.53)]]",16
"[[(0.08, 4.24), (9.24, 13.4)]]",16
"[[(1.07, 5.23), (7.77, 11.93)]]",16
"[[(2.59, 6.75), (6.39, 10.55)]]",16
"[[(5.07, 9.23), (5.55, 9.71)]]",16
"[[(8.55, 12.71), (8.54, 12.7)]]",16
"[[(1.6, 5.76), (9.95, 14.11)]]",20
"[[(0.98, 5.14), (6.33, 10.49)]]",20
"[[(0.66, 4.82), (9.62, 13.78)]]",16
"[[(8.91, 13.07), (0.27, 4.43)]]",20
"[[(7.39, 11.55), (10.06, 14.22)]]",16
"[[(9.34, 13.5), (9.62, 13.78)]]",16
"[[(3.62, 7.78), (10.75, 14.91)]]",16
"[[(1.16, 5.32), (8.69, 12.85)]]",16
"[[(0.44, 4.6), (6.02, 10.18)]]",16
"[[(6.42, 10.58), (0.82, 4.98)]]",16
"[[(2.35, 6.51), (2.52, 6.68)]]",16
"[[(8.71, 12.87), (10.2, 14.36)]]",16
"[[(5.51, 9.67), (2.99, 7.15)]]",20
"[[(5.5, 9.66), (5.17, 9.33)]]",16
"[[(0.79, 4.95), (3.69, 7.85)]]",16
"[[(5.04, 9.2), (9.81, 13.97)]]",16
"[[(5.19, 9.35), (9.58, 13.74)]]",16
"[[(0.65, 4.81), (7.42, 11.58)]]",16
"[[(3.66, 7.82), (8.35, 12.51)]]",16
"[[(10.82, 14.98), (7.8, 11.96)]]",16
"[[(6.65, 10.81), (4.74, 8.9)]]",16
"[[(6.16, 10.32), (8.42, 12.58)]]",16
"[[(9.0, 13.16), (8.35, 12.51)]]",20
"[[(2.07, 6.23), (0.28, 4.44)]]",16
"[[(2.03, 6.19), (0.7, 4.86)]]",16
"[[(9.3, 13.46), (2.5, 6.66)]]",16
"[[(4.39, 8.55), (3.07, 7.23)]]",16
"[[(9.46, 13.62), (6.39, 10.55)]]",16
"[[(10.02, 14.18), (4.8, 8.96)]]",16
"[[(1.63, 5.79), (8.39, 12.55)]]",16
"[[(7.15, 11.31), (5.83, 9.99)]]",16
"[[(4.67, 8.83), (6.01, 10.17)]]",16
"[[(6.35, 10.51), (9.17, 13.33)]]",16
"[[(5.99, 10.15), (2.84, 7.0)]]",25
"[[(0.89, 5.05), (1.13, 5.29)]]",20
"[[(0.78, 4.94), (10.59, 14.75)]]",16
"[[(6.54, 10.7), (4.81, 8.97)]]",16
"[[(10.55, 14.71), (5.66, 9.82)]]",16
"[[(3.32, 7.48), (0.3, 4.46)]]",16
"[[(4.49, 8.65), (7.27, 11.43)]]",16
"[[(4.93, 9.09), (3.83, 7.99)]]",20
"[[(2.79, 6.95), (10.66, 14.82)]]",16
"[[(5.9, 10.06), (0.11, 4.27)]]",20
"[[(1.52, 5.68), (3.57, 7.73)]]",16
"[[(8.7, 12.86), (9.6, 13.76)]]",16
"[[(0.63, 4.79), (0.08, 4.24)]]",16
"[[(8.88, 13.04), (4.24, 8.4)]]",20
"[[(7.69, 11.85), (8.17, 12.33)]]",16
"[[(1.94, 6.1), (2.88, 7.04)]]",25
"[[(1.43, 5.59), (5.28, 9.44)]]",16
"[[(9.58, 13.74), (0.03, 4.19)]]",16
"[[(0.36, 4.52), (7.1, 11.26)]]",16
"[[(8.86, 13.02), (5.82, 9.98)]]",20
"[[(1.07, 5.23), (8.26, 12.42)]]",16
"[[(0.93, 5.09), (5.83, 9.99)]]",20
"[[(8.69, 12.85), (1.89, 6.05)]]",20
"[[(5.4, 9.56), (2.3, 6.46)]]",16
"[[(7.95, 12.11), (6.57, 10.73)]]",20
"[[(1.9, 6.06), (7.21, 11.37)]]",20
"[[(9.05, 13.21), (8.2, 12.36)]]",16
"[[(2.32, 6.48), (2.69, 6.85)]]",16
"[[(8.38, 12.54), (3.98, 8.14)]]",20
"[[(3.63, 7.79), (4.18, 8.34)]]",16
"[[(1.92, 6.08), (10.48, 14.64)]]",20
"[[(4.34, 8.5), (3.59, 7.75)]]",16
"[[(7.85, 12.01), (1.53, 5.69)]]",20
"[[(5.9, 10.06), (7.6, 11.76)]]",20
"[[(8.74, 12.9), (2.13, 6.29)]]",16
"[[(1.68, 5.84), (2.52, 6.68)]]",16
"[[(10.18, 14.34), (0.33, 4.49)]]",16
"[[(2.25, 6.41), (10.08, 14.24)]]",16
"[[(9.6, 13.76), (9.43, 13.59)]]",16
"[[(9.77, 13.93), (7.52, 11.68)]]",16
"[[(3.75, 7.91), (10.2, 14.36)]]",16
"[[(3.39, 7.55), (7.19, 11.35)]]",16
"[[(10.1, 14.26), (4.64, 8.8)]]",16
"[[(6.73, 10.89), (0.63, 4.79)]]",16
"[[(7.32, 11.48), (5.64, 9.8)]]",16
"[[(3.18, 7.34), (0.26, 4.42)]]",16
"[[(2.08, 6.24), (10.55, 14.71)]]",16
"[[(1.59, 5.75), (0.9, 5.06)]]",20
"[[(1.11, 5.27), (8.03, 12.19)]]",16
"[[(5.44, 9.6), (2.81, 6.97)]]",16
"[[(3.63, 7.79), (10.11, 14.27)]]",16
"[[(3.79, 7.95), (0.72, 4.88)]]",16
"[[(5.8, 9.96), (0.5, 4.66)]]",16
"[[(6.12, 10.28), (6.12, 10.28)]]",16
"[[(8.05, 12.21), (0.19, 4.35)]]",16
"[[(9.12, 13.28), (1.02, 5.18)]]",16
"[[(1.71, 5.87), (1.92, 6.08)]]",20
"[[(6.85, 11.01), (4.93, 9.09)]]",25
"[[(1.53, 5.69), (9.41, 13.57)]]",16
"[[(9.71, 13.87), (5.86, 10.02)]]",20
"[[(9.89, 14.05), (3.12, 7.28)]]",20
"[[(3.12, 7.28), (1.78, 5.94)]]",16
"[[(2.57, 6.73), (0.55, 4.71)]]",16
"[[(10.81, 14.97), (2.61, 6.77)]]",16
"[[(3.92, 8.08), (6.65, 10.81)]]",20
"[[(10.55, 14.71), (4.78, 8.94)]]",16
"[[(2.54, 6.7), (6.99, 11.15)]]",20
"[[(1.02, 5.18), (4.32, 8.48)]]",16
"[[(1.67, 5.83), (1.39, 5.55)]]",16
"[[(2.54, 6.7), (1.99, 6.15)]]",20
"[[(8.43, 12.59), (2.72, 6.88)]]",16
"[[(3.93, 8.09), (5.52, 9.68)]]",20
"[[(9.49, 13.65), (10.55, 14.71)]]",16
"[[(5.55, 9.71), (3.75, 7.91)]]",16
"[[(4.03, 8.19), (7.88, 12.04)]]",20
"[[(3.84, 8.0), (0.36, 4.52)]]",20
"[[(9.05, 13.21), (2.71, 6.87)]]",16
"[[(4.29, 8.45), (1.83, 5.99)]]",16
"[[(0.69, 4.85), (5.62, 9.78)]]",16
"[[(6.39, 10.55), (1.6, 5.76)]]",16
"[[(9.54, 13.7), (8.97, 13.13)]]",20
"[[(10.01, 14.17), (0.06, 4.22)]]",16
"[[(8.33, 12.49), (0.39, 4.55)]]",16
"[[(5.0, 9.16), (1.27, 5.43)]]",20
"[[(6.53, 10.69), (7.64, 11.8)]]",16
"[[(9.7, 13.86), (2.07, 6.23)]]",16
"[[(6.98, 11.14), (10.84, 15.0)]]",25
"[[(8.12, 12.28), (0.42, 4.58)]]",16
"[[(1.17, 5.33), (7.01, 11.17)]]",16
"[[(3.59, 7.75), (2.72, 6.88)]]",16
"[[(10.28, 14.44), (4.1, 8.26)]]",16
"[[(7.3, 11.46), (1.04, 5.2)]]",16
"[[(4.83, 8.99), (2.91, 7.07)]]",20
"[[(4.63, 8.79), (2.08, 6.24)]]",16
"[[(10.01, 14.17), (1.09, 5.25)]]",16
"[[(4.79, 8.95), (9.91, 14.07)]]",20
"[[(9.99, 14.15), (7.28, 11.44)]]",20
"[[(8.38, 12.54), (5.85, 10.01)]]",20
"[[(5.97, 10.13), (5.55, 9.71)]]",20
"[[(1.27, 5.43), (0.15, 4.31)]]",16
"[[(3.63, 7.79), (2.61, 6.77)]]",16
"[[(2.79, 6.95), (7.35, 11.51)]]",16
"[[(7.29, 11.45), (1.21, 5.37)]]",16
"[[(10.06, 14.22), (1.68, 5.84)]]",16
"[[(0.7, 4.86), (1.76, 5.92)]]",16
"[[(7.91, 12.07), (4.71, 8.87)]]",20
"[[(1.61, 5.77), (3.31, 7.47)]]",16
"[[(1.5, 5.66), (2.06, 6.22)]]",16
"[[(4.15, 8.31), (0.9, 5.06)]]",20
"[[(8.37, 12.53), (4.41, 8.57)]]",16
"[[(4.67, 8.83), (2.72, 6.88)]]",16
"[[(1.53, 5.69), (2.49, 6.65)]]",16
"[[(0.18, 4.34), (1.69, 5.85)]]",16
"[[(9.26, 13.42), (9.2, 13.36)]]",16
"[[(2.38, 6.54), (7.27, 11.43)]]",16
"[[(6.51, 10.67), (1.56, 5.72)]]",16
"[[(6.49, 10.65), (4.45, 8.61)]]",16
"[[(9.34, 13.5), (7.87, 12.03)]]",20
"[[(10.34, 14.5), (9.76, 13.92)]]",16
"[[(9.16, 13.32), (5.46, 9.62)]]",16
"[[(10.7, 14.86), (3.46, 7.62)]]",16
"[[(0.94, 5.1), (0.58, 4.74)]]",20
"[[(6.42, 10.58), (4.09, 8.25)]]",16
"[[(2.32, 6.48), (4.26, 8.42)]]",16
"[[(4.59, 8.75), (2.45, 6.61)]]",16
"[[(5.88, 10.04), (0.78, 4.94)]]",20
"[[(3.47, 7.63), (4.81, 8.97)]]",16
"[[(5.67, 9.83), (7.96, 12.12)]]",20
"[[(2.65, 6.81), (9.52, 13.68)]]",16
"[[(7.89, 12.05), (10.7, 14.86)]]",20
"[[(3.53, 7.69), (4.19, 8.35)]]",16
"[[(7.25, 11.41), (3.32, 7.48)]]",16
"[[(1.27, 5.43), (10.66, 14.82)]]",16
"[[(8.66, 12.82), (9.4, 13.56)]]",16
"[[(7.75, 11.91), (9.84, 14.0)]]",20
"[[(8.37, 12.53), (3.92, 8.08)]]",20
"[[(3.59, 7.75), (1.48, 5.64)]]",16
"[[(1.74, 5.9), (3.62, 7.78)]]",16
"[[(5.6, 9.76), (3.07, 7.23)]]",16
"[[(3.76, 7.92), (10.28, 14.44)]]",16
"[[(4.3, 8.46), (0.95, 5.11)]]",20
"[[(3.05, 7.21), (7.83, 11.99)]]",16
"[[(9.04, 13.2), (3.45, 7.61)]]",16
"[[(0.64, 4.8), (5.48, 9.64)]]",16
"[[(6.19, 10.35), (5.44, 9.6)]]",16
"[[(8.88, 13.04), (9.85, 14.01)]]",25
"[[(5.93, 10.09), (8.84, 13.0)]]",25
"[[(9.63, 13.79), (0.93, 5.09)]]",20
"[[(7.37, 11.53), (10.4, 14.56)]]",16
"[[(4.09, 8.25), (9.74, 13.9)]]",16
"[[(8.33, 12.49), (7.49, 11.65)]]",16
"[[(10.13, 14.29), (6.44, 10.6)]]",16
"[[(4.07, 8.23), (6.07, 10.23)]]",16
"[[(9.21, 13.37), (2.43, 6.59)]]",16
"[[(9.03, 13.19), (0.25, 4.41)]]",16
"[[(4.94, 9.1), (9.05, 13.21)]]",20
"[[(1.51, 5.67), (2.67, 6.83)]]",16
"[[(4.41, 8.57), (9.61, 13.77)]]",16
"[[(9.81, 13.97), (3.76, 7.92)]]",16
"[[(3.7, 7.86), (9.77, 13.93)]]",16
"[[(5.15, 9.31), (8.07, 12.23)]]",16
"[[(0.77, 4.93), (6.23, 10.39)]]",16
"[[(8.31, 12.47), (5.96, 10.12)]]",20
"[[(1.32, 5.48), (7.7, 11.86)]]",16
"[[(5.72, 9.88), (4.69, 8.85)]]",16
"[[(8.16, 12.32), (5.29, 9.45)]]",16
"[[(2.22, 6.38), (0.51, 4.67)]]",16
"[[(2.97, 7.13), (6.36, 10.52)]]",20
"[[(6.32, 10.48), (1.44, 5.6)]]",16
"[[(4.4, 8.56), (5.33, 9.49)]]",16
"[[(5.81, 9.97), (2.34, 6.5)]]",16
"[[(9.35, 13.51), (1.8, 5.96)]]",16
"[[(2.08, 6.24), (1.38, 5.54)]]",16
"[[(10.25, 14.41), (9.47, 13.63)]]",16
"[[(5.23, 9.39), (5.36, 9.52)]]",16
"[[(0.96, 5.12), (6.15, 10.31)]]",20
"[[(8.78, 12.94), (7.96, 12.12)]]",20
"[[(1.55, 5.71), (1.31, 5.47)]]",16
"[[(6.84, 11.0), (8.01, 12.17)]]",20
"[[(4.78, 8.94), (9.82, 13.98)]]",16
"[[(3.0, 7.16), (1.5, 5.66)]]",20
"[[(9.5, 13.66), (7.76, 11.92)]]",16
"[[(6.99, 11.15), (5.79, 9.95)]]",20
"[[(3.67, 7.83), (7.17, 11.33)]]",16
"[[(0.34, 4.5), (8.67, 12.83)]]",16
"[[(6.56, 10.72), (0.26, 4.42)]]",16
"[[(7.15, 11.31), (6.89, 11.05)]]",20
"[[(2.04, 6.2), (7.41, 11.57)]]",16
"[[(5.43, 9.59), (4.87, 9.03)]]",20
"[[(7.96, 12.12), (5.22, 9.38)]]",20
"[[(0.57, 4.73), (3.87, 8.03)]]",20
"[[(3.26, 7.42), (5.23, 9.39)]]",16
"[[(5.72, 9.88), (1.5, 5.66)]]",16
"[[(10.39, 14.55), (2.72, 6.88)]]",16
"[[(5.01, 9.17), (10.05, 14.21)]]",16
"[[(8.16, 12.32), (2.31, 6.47)]]",16
"[[(4.43, 8.59), (3.76, 7.92)]]",16
"[[(6.26, 10.42), (4.38, 8.54)]]",16
"[[(2.24, 6.4), (1.6, 5.76)]]",16
"[[(6.43, 10.59), (8.28, 12.44)]]",16
"[[(3.03, 7.19), (0.19, 4.35)]]",16
"[[(6.11, 10.27), (1.43, 5.59)]]",16
"[[(9.0, 13.16), (6.39, 10.55)]]",20
"[[(3.57, 7.73), (8.25, 12.41)]]",16
"[[(5.45, 9.61), (5.35, 9.51)]]",16
"[[(9.47, 13.63), (3.53, 7.69)]]",16
"[[(0.11, 4.27), (4.69, 8.85)]]",16
"[[(2.37, 6.53), (4.88, 9.04)]]",20
"[[(4.72, 8.88), (10.12, 14.28)]]",16
"[[(1.65, 5.81), (2.72, 6.88)]]",16
"[[(4.65, 8.81), (2.13, 6.29)]]",16
"[[(0.05, 4.21), (7.12, 11.28)]]",16
"[[(10.32, 14.48), (3.43, 7.59)]]",16
"[[(3.65, 7.81), (1.97, 6.13)]]",20
"[[(3.45, 7.61), (5.22, 9.38)]]",16
"[[(6.64, 10.8), (7.11, 11.27)]]",16
"[[(9.47, 13.63), (9.91, 14.07)]]",20
"[[(6.57, 10.73), (3.29, 7.45)]]",16
"[[(10.17, 14.33), (2.07, 6.23)]]",16
"[[(4.91, 9.07), (0.58, 4.74)]]",20
"[[(10.35, 14.51), (6.5, 10.66)]]",16
"[[(1.13, 5.29), (1.13, 5.29)]]",16
"[[(5.84, 10.0), (10.06, 14.22)]]",20
"[[(9.94, 14.1), (3.75, 7.91)]]",20
"[[(2.54, 6.7), (5.13, 9.29)]]",16
"[[(7.93, 12.09), (2.07, 6.23)]]",20
"[[(4.52, 8.68), (10.4, 14.56)]]",16
"[[(5.66, 9.82), (7.82, 11.98)]]",16
"[[(10.23, 14.39), (2.08, 6.24)]]",16
"[[(10.5, 14.66), (5.57, 9.73)]]",16
"[[(5.24, 9.4), (6.31, 10.47)]]",16
"[[(5.43, 9.59), (2.24, 6.4)]]",16
"[[(5.74, 9.9), (9.9, 14.06)]]",20
"[[(4.47, 8.63), (1.65, 5.81)]]",16
"[[(1.54, 5.7), (10.16, 14.32)]]",16
"[[(5.22, 9.38), (2.78, 6.94)]]",16
"[[(8.74, 12.9), (3.26, 7.42)]]",16
"[[(5.07, 9.23), (3.76, 7.92)]]",16
"[[(3.59, 7.75), (8.53, 12.69)]]",16
"[[(1.21, 5.37), (1.0, 5.16)]]",20
"[[(2.7, 6.86), (3.23, 7.39)]]",16
"[[(6.96, 11.12), (0.22, 4.38)]]",20
"[[(0.68, 4.84), (7.54, 11.7)]]",16
"[[(0.62, 4.78), (5.75, 9.91)]]",16
"[[(3.68, 7.84), (10.01, 14.17)]]",16
"[[(8.65, 12.81), (2.73, 6.89)]]",16
"[[(9.22, 13.38), (2.3, 6.46)]]",16
"[[(6.49, 10.65), (6.13, 10.29)]]",16
"[[(2.69, 6.85), (9.13, 13.29)]]",16
"[[(10.38, 14.54), (4.84, 9.0)]]",20
"[[(7.95, 12.11), (10.79, 14.95)]]",20
"[[(4.74, 8.9), (4.69, 8.85)]]",16
"[[(7.37, 11.53), (4.56, 8.72)]]",16
"[[(9.75, 13.91), (10.73, 14.89)]]",16
"[[(1.43, 5.59), (9.52, 13.68)]]",16
"[[(10.09, 14.25), (4.5, 8.66)]]",16
"[[(10.6, 14.76), (2.01, 6.17)]]",16
"[[(0.84, 5.0), (4.09, 8.25)]]",20
"[[(1.99, 6.15), (9.9, 14.06)]]",25
"[[(2.6, 6.76), (10.47, 14.63)]]",16
"[[(9.41, 13.57), (8.35, 12.51)]]",16
"[[(2.58, 6.74), (1.18, 5.34)]]",16
"[[(8.23, 12.39), (4.45, 8.61)]]",16
"[[(4.1, 8.26), (5.81, 9.97)]]",16
"[[(9.17, 13.33), (8.52, 12.68)]]",16
"[[(4.82, 8.98), (4.45, 8.61)]]",16
"[[(0.91, 5.07), (9.14, 13.3)]]",20
"[[(10.84, 15.0), (7.71, 11.87)]]",20
"[[(3.43, 7.59), (2.07, 6.23)]]",16
"[[(10.7, 14.86), (1.64, 5.8)]]",16
"[[(10.21, 14.37), (10.8, 14.96)]]",16
"[[(1.84, 6.0), (6.48, 10.64)]]",20
"[[(10.24, 14.4), (2.87, 7.03)]]",20
"[[(0.82, 4.98), (10.38, 14.54)]]",16
"[[(8.09, 12.25), (2.65, 6.81)]]",16
"[[(6.5, 10.66), (6.48, 10.64)]]",16
"[[(3.27, 7.43), (6.92, 11.08)]]",20
"[[(4.15, 8.31), (5.15, 9.31)]]",16
"[[(3.2, 7.36), (9.74, 13.9)]]",16
"[[(5.73, 9.89), (8.09, 12.25)]]",16
"[[(3.54, 7.7), (3.42, 7.58)]]",16
"[[(0.31, 4.47), (9.07, 13.23)]]",16
"[[(10.5, 14.66), (3.94, 8.1)]]",20
"[[(9.75, 13.91), (6.09, 10.25)]]",16
"[[(7.99, 12.15), (7.27, 11.43)]]",20
"[[(9.22, 13.38), (7.24, 11.4)]]",16
"[[(0.8, 4.96), (5.62, 9.78)]]",16
"[[(4.91, 9.07), (7.04, 11.2)]]",20
"[[(4.76, 8.92), (2.81, 6.97)]]",16
"[[(8.31, 12.47), (2.01, 6.17)]]",16
"[[(8.82, 12.98), (1.13, 5.29)]]",16
"[[(3.51, 7.67), (5.73, 9.89)]]",16
"[[(5.39, 9.55), (9.32, 13.48)]]",16
"[[(9.57, 13.73), (1.08, 5.24)]]",16
"[[(1.15, 5.31), (5.22, 9.38)]]",16
"[[(4.4, 8.56), (2.53, 6.69)]]",16
"[[(2.01, 6.17), (3.34, 7.5)]]",16
"[[(8.49, 12.65), (7.28, 11.44)]]",16
"[[(0.65, 4.81), (6.1, 10.26)]]",16
"[[(6.34, 10.5), (4.42, 8.58)]]",16
"[[(1.87, 6.03), (7.25, 11.41)]]",20
"[[(9.63, 13.79), (2.74, 6.9)]]",16
"[[(1.84, 6.0), (7.11, 11.27)]]",20
"[[(5.45, 9.61), (9.76, 13.92)]]",16
"[[(0.9, 5.06), (6.12, 10.28)]]",20
"[[(7.29, 11.45), (8.4, 12.56)]]",16
"[[(9.07, 13.23), (6.0, 10.16)]]",20
"[[(2.08, 6.24), (6.76, 10.92)]]",16
"[[(10.08, 14.24), (8.21, 12.37)]]",16
"[[(8.39, 12.55), (1.9, 6.06)]]",20
"[[(4.75, 8.91), (10.57, 14.73)]]",16
"[[(0.33, 4.49), (6.61, 10.77)]]",16
"[[(3.91, 8.07), (10.42, 14.58)]]",20
"[[(0.26, 4.42), (9.6, 13.76)]]",16
"[[(2.05, 6.21), (2.85, 7.01)]]",20
"[[(1.53, 5.69), (4.4, 8.56)]]",16
"[[(4.66, 8.82), (8.64, 12.8)]]",16
"[[(6.45, 10.61), (10.41, 14.57)]]",16
"[[(7.19, 11.35), (9.16, 13.32)]]",16
"[[(1.49, 5.65), (5.87, 10.03)]]",20
"[[(0.3, 4.46), (8.13, 12.29)]]",16
"[[(0.19, 4.35), (0.75, 4.91)]]",16
"[[(8.13, 12.29), (0.74, 4.9)]]",16
"[[(5.59, 9.75), (1.46, 5.62)]]",16
"[[(0.19, 4.35), (8.97, 13.13)]]",20
"[[(2.63, 6.79), (5.84, 10.0)]]",20
"[[(4.65, 8.81), (6.96, 11.12)]]",20
"[[(4.23, 8.39), (6.84, 11.0)]]",20
"[[(2.3, 6.46), (1.84, 6.0)]]",20
"[[(4.69, 8.85), (1.17, 5.33)]]",16
"[[(5.42, 9.58), (4.88, 9.04)]]",20
"[[(2.09, 6.25), (5.23, 9.39)]]",16
"[[(7.85, 12.01), (2.07, 6.23)]]",20
"[[(5.66, 9.82), (2.06, 6.22)]]",16
"[[(9.9, 14.06), (10.55, 14.71)]]",20
"[[(3.69, 7.85), (5.76, 9.92)]]",16
"[[(6.78, 10.94), (9.21, 13.37)]]",16
"[[(4.93, 9.09), (7.25, 11.41)]]",20
"[[(9.37, 13.53), (0.85, 5.01)]]",20
"[[(4.86, 9.02), (7.16, 11.32)]]",20
"[[(5.99, 10.15), (8.26, 12.42)]]",20
"[[(1.86, 6.02), (7.28, 11.44)]]",20
"[[(7.0, 11.16), (4.82, 8.98)]]",20
"[[(7.18, 11.34), (9.68, 13.84)]]",16
"[[(2.0, 6.16), (1.72, 5.88)]]",20
"[[(2.91, 7.07), (4.94, 9.1)]]",25
"[[(5.64, 9.8), (8.17, 12.33)]]",16
"[[(6.65, 10.81), (5.2, 9.36)]]",16
"[[(0.43, 4.59), (0.55, 4.71)]]",16
"[[(3.71, 7.87), (3.36, 7.52)]]",16
"[[(6.04, 10.2), (2.98, 7.14)]]",20
"[[(1.59, 5.75), (6.51, 10.67)]]",16
"[[(6.72, 10.88), (1.61, 5.77)]]",16
"[[(10.84, 15.0), (4.22, 8.38)]]",20
"[[(2.05, 6.21), (7.36, 11.52)]]",16
"[[(2.47, 6.63), (5.16, 9.32)]]",16
"[[(6.42, 10.58), (4.85, 9.01)]]",20
"[[(3.28, 7.44), (0.56, 4.72)]]",16
"[[(1.26, 5.42), (5.96, 10.12)]]",20
"[[(3.78, 7.94), (1.56, 5.72)]]",16
"[[(8.71, 12.87), (0.95, 5.11)]]",20
"[[(7.53, 11.69), (1.19, 5.35)]]",16
"[[(1.79, 5.95), (8.15, 12.31)]]",16
"[[(4.54, 8.7), (8.76, 12.92)]]",16
"[[(1.03, 5.19), (3.57, 7.73)]]",16
"[[(9.43, 13.59), (5.4, 9.56)]]",16
"[[(10.65, 14.81), (10.57, 14.73)]]",16
"[[(8.16, 12.32), (2.96, 7.12)]]",20
"[[(10.14, 14.3), (9.55, 13.71)]]",16
"[[(8.27, 12.43), (3.4, 7.56)]]",16
"[[(4.5, 8.66), (7.58, 11.74)]]",16
"[[(2.19, 6.35), (6.6, 10.76)]]",16
"[[(2.01, 6.17), (9.73, 13.89)]]",16
"[[(6.21, 10.37), (4.66, 8.82)]]",16
"[[(8.4, 12.56), (6.87, 11.03)]]",20
"[[(1.34, 5.5), (8.29, 12.45)]]",16
"[[(8.77, 12.93), (9.14, 13.3)]]",16
"[[(6.32, 10.48), (10.48, 14.64)]]",16
"[[(8.86, 13.02), (3.2, 7.36)]]",20
"[[(6.77, 10.93), (2.33, 6.49)]]",16
"[[(9.25, 13.41), (9.5, 13.66)]]",16
"[[(8.95, 13.11), (5.32, 9.48)]]",20
"[[(0.27, 4.43), (8.59, 12.75)]]",16
"[[(9.78, 13.94), (3.26, 7.42)]]",16
"[[(6.21, 10.37), (5.21, 9.37)]]",16
"[[(1.81, 5.97), (8.0, 12.16)]]",20
"[[(5.77, 9.93), (6.58, 10.74)]]",16
"[[(5.76, 9.92), (10.7, 14.86)]]",16
"[[(4.4, 8.56), (2.38, 6.54)]]",16
"[[(9.75, 13.91), (9.47, 13.63)]]",16
"[[(3.1, 7.26), (9.72, 13.88)]]",16
"[[(8.9, 13.06), (5.13, 9.29)]]",20
"[[(4.14, 8.3), (7.37, 11.53)]]",16
"[[(9.65, 13.81), (10.62, 14.78)]]",16
"[[(4.62, 8.78), (7.35, 11.51)]]",16
"[[(2.44, 6.6), (9.83, 13.99)]]",16
"[[(6.16, 10.32), (6.81, 10.97)]]",16
"[[(5.78, 9.94), (4.46, 8.62)]]",16
"[[(5.44, 9.6), (3.71, 7.87)]]",16
"[[(2.31, 6.47), (8.12, 12.28)]]",16
"[[(8.41, 12.57), (0.4, 4.56)]]",16
"[[(0.9, 5.06), (7.41, 11.57)]]",20
"[[(0.2, 4.36), (6.11, 10.27)]]",16
"[[(8.82, 12.98), (9.52, 13.68)]]",16
"[[(5.75, 9.91), (0.29, 4.45)]]",16
"[[(5.59, 9.75), (7.2, 11.36)]]",16
"[[(2.55, 6.71), (6.24, 10.4)]]",16
"[[(9.05, 13.21), (6.05, 10.21)]]",16
"[[(4.93, 9.09), (0.83, 4.99)]]",20
"[[(1.37, 5.53), (3.78, 7.94)]]",16
"[[(9.62, 13.78), (4.99, 9.15)]]",20
"[[(5.07, 9.23), (1.28, 5.44)]]",16
"[[(1.79, 5.95), (0.63, 4.79)]]",16
"[[(7.41, 11.57), (4.92, 9.08)]]",20
"[[(1.02, 5.18), (7.6, 11.76)]]",16
"[[(10.34, 14.5), (3.43, 7.59)]]",16
"[[(0.36, 4.52), (10.05, 14.21)]]",16
"[[(6.31, 10.47), (8.39, 12.55)]]",16
"[[(9.35, 13.51), (9.75, 13.91)]]",16
"[[(7.2, 11.36), (5.61, 9.77)]]",16
"[[(8.74, 12.9), (1.34, 5.5)]]",16
"[[(2.1, 6.26), (6.0, 10.16)]]",20
"[[(0.01, 4.17), (7.56, 11.72)]]",16
"[[(0.4, 4.56), (4.37, 8.53)]]",16
"[[(0.07, 4.23), (8.14, 12.3)]]",16
"[[(2.65, 6.81), (0.59, 4.75)]]",16
"[[(0.83, 4.99), (4.27, 8.43)]]",16
"[[(8.26, 12.42), (3.32, 7.48)]]",16
"[[(8.5, 12.66), (8.96, 13.12)]]",20
"[[(10.36, 14.52), (4.09, 8.25)]]",16
"[[(5.82, 9.98), (10.12, 14.28)]]",16
"[[(0.66, 4.82), (0.41, 4.57)]]",16
"[[(6.21, 10.37), (4.57, 8.73)]]",16
"[[(9.36, 13.52), (1.14, 5.3)]]",16
"[[(4.51, 8.67), (5.44, 9.6)]]",16
"[[(7.83, 11.99), (5.62, 9.78)]]",16
"[[(9.04, 13.2), (9.49, 13.65)]]",16
"[[(8.15, 12.31), (6.48, 10.64)]]",16
"[[(3.39, 7.55), (5.8, 9.96)]]",16
"[[(9.64, 13.8), (0.8, 4.96)]]",16
"[[(10.44, 14.6), (1.7, 5.86)]]",16
"[[(10.46, 14.62), (8.71, 12.87)]]",16
"[[(2.72, 6.88), (4.88, 9.04)]]",20
"[[(9.48, 13.64), (4.79, 8.95)]]",16
"[[(8.14, 12.3), (3.86, 8.02)]]",20
"[[(6.85, 11.01), (4.73, 8.89)]]",20
"[[(7.04, 11.2), (6.76, 10.92)]]",16
"[[(5.73, 9.89), (5.75, 9.91)]]",16
"[[(7.05, 11.21), (3.71, 7.87)]]",16
"[[(2.49, 6.65), (9.4, 13.56)]]",16
"[[(1.78, 5.94), (10.42, 14.58)]]",16
"[[(7.62, 11.78), (9.26, 13.42)]]",16
"[[(0.81, 4.97), (4.21, 8.37)]]",16
"[[(7.39, 11.55), (1.3, 5.46)]]",16
"[[(10.56, 14.72), (5.0, 9.16)]]",20
"[[(8.98, 13.14), (6.57, 10.73)]]",20
"[[(6.46, 10.62), (4.21, 8.37)]]",16
"[[(9.29, 13.45), (4.44, 8.6)]]",16
"[[(0.73, 4.89), (5.69, 9.85)]]",16
"[[(2.86, 7.02), (7.94, 12.1)]]",25
"[[(3.2, 7.36), (7.72, 11.88)]]",16
"[[(1.78, 5.94), (4.6, 8.76)]]",16
"[[(5.55, 9.71), (6.96, 11.12)]]",20
"[[(10.22, 14.38), (0.57, 4.73)]]",16
"[[(2.33, 6.49), (8.99, 13.15)]]",20
"[[(4.14, 8.3), (5.57, 9.73)]]",16
"[[(5.58, 9.74), (9.9, 14.06)]]",20
"[[(10.76, 14.92), (5.93, 10.09)]]",20
"[[(1.15, 5.31), (0.98, 5.14)]]",20
"[[(8.14, 12.3), (9.84, 14.0)]]",20
"[[(7.47, 11.63), (6.16, 10.32)]]",16
"[[(2.41, 6.57), (7.0, 11.16)]]",20
"[[(10.82, 14.98), (6.81, 10.97)]]",16
"[[(0.26, 4.42), (2.86, 7.02)]]",20
"[[(2.17, 6.33), (1.25, 5.41)]]",16
"[[(8.69, 12.85), (9.39, 13.55)]]",16
"[[(9.24, 13.4), (1.36, 5.52)]]",16
"[[(7.99, 12.15), (7.92, 12.08)]]",25
"[[(1.53, 5.69), (10.19, 14.35)]]",16
"[[(10.17, 14.33), (7.55, 11.71)]]",16
"[[(6.33, 10.49), (10.13, 14.29)]]",16
"[[(0.36, 4.52), (2.46, 6.62)]]",16
"[[(8.26, 12.42), (3.25, 7.41)]]",16
"[[(2.9, 7.06), (9.63, 13.79)]]",20
"[[(7.72, 11.88), (9.43, 13.59)]]",16
"[[(10.03, 14.19), (10.55, 14.71)]]",16
"[[(4.81, 8.97), (9.37, 13.53)]]",16
"[[(3.75, 7.91), (3.17, 7.33)]]",16
"[[(6.54, 10.7), (5.63, 9.79)]]",16
"[[(4.79, 8.95), (4.25, 8.41)]]",16
"[[(9.99, 14.15), (1.76, 5.92)]]",20
"[[(5.75, 9.91), (4.28, 8.44)]]",16
"[[(1.24, 5.4), (7.31, 11.47)]]",16
"[[(4.61, 8.77), (2.66, 6.82)]]",16
"[[(6.56, 10.72), (7.07, 11.23)]]",16
"[[(7.37, 11.53), (7.07, 11.23)]]",16
"[[(9.36, 13.52), (9.59, 13.75)]]",16
"[[(3.17, 7.33), (0.6, 4.76)]]",16
"[[(4.36, 8.52), (9.14, 13.3)]]",16
"[[(5.67, 9.83), (9.25, 13.41)]]",16
"[[(2.84, 7.0), (0.25, 4.41)]]",20
"[[(4.49, 8.65), (2.22, 6.38)]]",16
"[[(10.62, 14.78), (10.4, 14.56)]]",16
"[[(7.24, 11.4), (10.65, 14.81)]]",16
"[[(9.69, 13.85), (5.11, 9.27)]]",16
"[[(1.93, 6.09), (7.76, 11.92)]]",20
"[[(1.7, 5.86), (9.13, 13.29)]]",16
"[[(7.14, 11.3), (9.5, 13.66)]]",16
"[[(0.4, 4.56), (0.08, 4.24)]]",16
"[[(0.67, 4.83), (5.24, 9.4)]]",16
"[[(3.03, 7.19), (2.65, 6.81)]]",16
"[[(2.82, 6.98), (10.68, 14.84)]]",16
"[[(1.94, 6.1), (8.29, 12.45)]]",20
"[[(3.41, 7.57), (2.05, 6.21)]]",16
"[[(5.05, 9.21), (8.54, 12.7)]]",16
"[[(3.26, 7.42), (2.75, 6.91)]]",16
"[[(9.46, 13.62), (2.1, 6.26)]]",16
"[[(3.79, 7.95), (3.66, 7.82)]]",16
"[[(5.36, 9.52), (7.79, 11.95)]]",16
"[[(10.48, 14.64), (4.89, 9.05)]]",20
"[[(7.21, 11.37), (5.85, 10.01)]]",20
"[[(5.08, 9.24), (0.94, 5.1)]]",20
"[[(3.75, 7.91), (8.16, 12.32)]]",16
"[[(10.09, 14.25), (4.71, 8.87)]]",16
"[[(4.35, 8.51), (6.88, 11.04)]]",20
"[[(4.1, 8.26), (3.69, 7.85)]]",16
"[[(7.24, 11.4), (6.66, 10.82)]]",16
"[[(8.58, 12.74), (6.9, 11.06)]]",20
"[[(1.72, 5.88), (6.13, 10.29)]]",16
"[[(0.59, 4.75), (9.54, 13.7)]]",16
"[[(3.58, 7.74), (8.04, 12.2)]]",16
"[[(5.11, 9.27), (9.7, 13.86)]]",16
"[[(0.62, 4.78), (3.29, 7.45)]]",16
"[[(1.52, 5.68), (2.45, 6.61)]]",16
"[[(3.26, 7.42), (4.56, 8.72)]]",16
"[[(6.06, 10.22), (1.06, 5.22)]]",16
"[[(3.89, 8.05), (7.97, 12.13)]]",25
"[[(7.84, 12.0), (8.2, 12.36)]]",20
"[[(9.81, 13.97), (10.7, 14.86)]]",16
"[[(8.41, 12.57), (5.0, 9.16)]]",20
"[[(7.33, 11.49), (10.13, 14.29)]]",16
"[[(9.71, 13.87), (6.42, 10.58)]]",16
"[[(6.27, 10.43), (2.72, 6.88)]]",16
"[[(6.69, 10.85), (8.85, 13.01)]]",20
"[[(9.72, 13.88), (6.98, 11.14)]]",20
"[[(8.98, 13.14), (4.32, 8.48)]]",20
"[[(10.36, 14.52), (9.69, 13.85)]]",16
"[[(2.35, 6.51), (9.24, 13.4)]]",16
"[[(9.86, 14.02), (6.35, 10.51)]]",20
"[[(2.33, 6.49), (0.42, 4.58)]]",16
"[[(1.37, 5.53), (2.44, 6.6)]]",16
"[[(8.91, 13.07), (8.89, 13.05)]]",25
"[[(3.11, 7.27), (6.2, 10.36)]]",16
"[[(2.58, 6.74), (3.66, 7.82)]]",16
"[[(9.99, 14.15), (5.44, 9.6)]]",20
"[[(7.63, 11.79), (2.97, 7.13)]]",20
"[[(9.89, 14.05), (5.34, 9.5)]]",20
"[[(6.71, 10.87), (1.15, 5.31)]]",16
"[[(8.2, 12.36), (5.22, 9.38)]]",16
"[[(0.44, 4.6), (5.3, 9.46)]]",16
"[[(0.29, 4.45), (8.21, 12.37)]]",16
"[[(2.97, 7.13), (4.15, 8.31)]]",20
"[[(7.43, 11.59), (5.77, 9.93)]]",16
"[[(2.78, 6.94), (9.82, 13.98)]]",16
"[[(5.14, 9.3), (4.72, 8.88)]]",16
"[[(1.86, 6.02), (2.8, 6.96)]]",20
"[[(7.16, 11.32), (9.18, 13.34)]]",16
"[[(9.69, 13.85), (0.33, 4.49)]]",16
"[[(4.78, 8.94), (0.19, 4.35)]]",16
"[[(0.5, 4.66), (5.01, 9.17)]]",16
"[[(7.6, 11.76), (5.42, 9.58)]]",16
"[[(0.1, 4.26), (5.43, 9.59)]]",16
"[[(1.75, 5.91), (3.36, 7.52)]]",16
"[[(5.64, 9.8), (3.03, 7.19)]]",16
"[[(5.2, 9.36), (8.58, 12.74)]]",16
"[[(0.57, 4.73), (10.52, 14.68)]]",16
"[[(6.61, 10.77), (1.28, 5.44)]]",16
"[[(3.4, 7.56), (5.35, 9.51)]]",16
"[[(2.28, 6.44), (7.57, 11.73)]]",16
"[[(8.17, 12.33), (5.36, 9.52)]]",16
"[[(8.53, 12.69), (8.1, 12.26)]]",16
"[[(1.24, 5.4), (6.93, 11.09)]]",20
"[[(1.46, 5.62), (3.22, 7.38)]]",16
"[[(4.55, 8.71), (0.81, 4.97)]]",16
"[[(2.83, 6.99), (6.17, 10.33)]]",16
"[[(9.06, 13.22), (5.68, 9.84)]]",16
"[[(1.99, 6.15), (2.9, 7.06)]]",25
"[[(3.27, 7.43), (5.96, 10.12)]]",20
"[[(4.82, 8.98), (1.64, 5.8)]]",16
"[[(7.35, 11.51), (8.71, 12.87)]]",16
"[[(7.28, 11.44), (5.35, 9.51)]]",16
"[[(7.32, 11.48), (2.14, 6.3)]]",16
"[[(2.05, 6.21), (8.92, 13.08)]]",20
"[[(9.63, 13.79), (9.01, 13.17)]]",16
"[[(4.1, 8.26), (3.6, 7.76)]]",16
"[[(4.76, 8.92), (9.75, 13.91)]]",16
"[[(0.42, 4.58), (7.85, 12.01)]]",20
"[[(2.8, 6.96), (7.96, 12.12)]]",20
"[[(8.42, 12.58), (3.59, 7.75)]]",16
"[[(1.63, 5.79), (9.54, 13.7)]]",16
"[[(7.15, 11.31), (6.04, 10.2)]]",16
"[[(6.14, 10.3), (7.69, 11.85)]]",16
"[[(4.06, 8.22), (6.77, 10.93)]]",16
"[[(0.02, 4.18), (0.48, 4.64)]]",16
"[[(2.88, 7.04), (4.8, 8.96)]]",20
"[[(4.53, 8.69), (5.64, 9.8)]]",16
"[[(5.94, 10.1), (7.32, 11.48)]]",20
"[[(2.56, 6.72), (9.2, 13.36)]]",16
"[[(6.9, 11.06), (4.66, 8.82)]]",20
"[[(0.6, 4.76), (1.33, 5.49)]]",16
"[[(8.06, 12.22), (5.53, 9.69)]]",16
"[[(1.36, 5.52), (8.56, 12.72)]]",16
"[[(6.13, 10.29), (2.26, 6.42)]]",16
"[[(8.62, 12.78), (8.29, 12.45)]]",16
"[[(3.55, 7.71), (2.29, 6.45)]]",16
"[[(1.14, 5.3), (3.65, 7.81)]]",16
"[[(2.04, 6.2), (8.54, 12.7)]]",16
"[[(5.09, 9.25), (9.95, 14.11)]]",20
"[[(2.36, 6.52), (2.85, 7.01)]]",20
"[[(9.61, 13.77), (3.66, 7.82)]]",16
"[[(0.38, 4.54), (6.52, 10.68)]]",16
"[[(1.07, 5.23), (4.46, 8.62)]]",16
"[[(0.38, 4.54), (2.22, 6.38)]]",16
"[[(7.62, 11.78), (1.94, 6.1)]]",20
"[[(4.22, 8.38), (7.87, 12.03)]]",20
"[[(2.44, 6.6), (8.0, 12.16)]]",20
"[[(10.43, 14.59), (10.83, 14.99)]]",16
"[[(8.6, 12.76), (2.78, 6.94)]]",16
"[[(10.21, 14.37), (1.94, 6.1)]]",20
"[[(5.78, 9.94), (9.89, 14.05)]]",20
"[[(6.67, 10.83), (5.53, 9.69)]]",16
"[[(0.5, 4.66), (9.54, 13.7)]]",16
"[[(4.02, 8.18), (2.19, 6.35)]]",16
"[[(1.97, 6.13), (2.75, 6.91)]]",20
"[[(3.96, 8.12), (6.97, 11.13)]]",25
"[[(3.21, 7.37), (0.44, 4.6)]]",16
"[[(3.56, 7.72), (4.66, 8.82)]]",16
"[[(8.37, 12.53), (10.1, 14.26)]]",16
"[[(4.49, 8.65), (10.72, 14.88)]]",16
"[[(3.72, 7.88), (10.18, 14.34)]]",16
"[[(0.45, 4.61), (7.3, 11.46)]]",16
"[[(5.0, 9.16), (0.75, 4.91)]]",20
"[[(9.2, 13.36), (1.71, 5.87)]]",16
"[[(1.97, 6.13), (4.26, 8.42)]]",20
"[[(4.84, 9.0), (6.9, 11.06)]]",25
"[[(8.74, 12.9), (5.06, 9.22)]]",16
"[[(8.82, 12.98), (7.87, 12.03)]]",20
"[[(7.52, 11.68), (6.95, 11.11)]]",20
"[[(4.15, 8.31), (3.63, 7.79)]]",16
"[[(3.6, 7.76), (5.3, 9.46)]]",16
"[[(6.53, 10.69), (0.02, 4.18)]]",16
"[[(9.86, 14.02), (8.23, 12.39)]]",20
"[[(5.51, 9.67), (3.73, 7.89)]]",16
"[[(6.06, 10.22), (10.33, 14.49)]]",16
"[[(7.41, 11.57), (3.11, 7.27)]]",16
"[[(1.77, 5.93), (7.49, 11.65)]]",16
"[[(7.63, 11.79), (9.82, 13.98)]]",16
"[[(3.12, 7.28), (8.25, 12.41)]]",16
"[[(9.63, 13.79), (7.2, 11.36)]]",16
"[[(4.44, 8.6), (5.82, 9.98)]]",16
"[[(7.83, 11.99), (7.05, 11.21)]]",16
"[[(0.25, 4.41), (10.68, 14.84)]]",16
"[[(8.92, 13.08), (1.78, 5.94)]]",20
"[[(2.21, 6.37), (7.39, 11.55)]]",16
"[[(1.22, 5.38), (3.76, 7.92)]]",16
"[[(1.28, 5.44), (9.59, 13.75)]]",16
"[[(2.28, 6.44), (9.32, 13.48)]]",16
"[[(4.08, 8.24), (2.9, 7.06)]]",20
"[[(10.17, 14.33), (0.31, 4.47)]]",16
"[[(8.68, 12.84), (0.05, 4.21)]]",16
"[[(4.91, 9.07), (9.43, 13.59)]]",20
"[[(9.93, 14.09), (5.2, 9.36)]]",20
"[[(3.15, 7.31), (0.73, 4.89)]]",16
"[[(8.69, 12.85), (10.63, 14.79)]]",16
"[[(2.53, 6.69), (7.29, 11.45)]]",16
"[[(3.96, 8.12), (1.2, 5.36)]]",20
"[[(8.19, 12.35), (8.76, 12.92)]]",16
"[[(5.56, 9.72), (2.79, 6.95)]]",16
"[[(2.91, 7.07), (9.92, 14.08)]]",25
"[[(2.93, 7.09), (10.82, 14.98)]]",20
"[[(4.44, 8.6), (9.82, 13.98)]]",16
"[[(1.54, 5.7), (1.98, 6.14)]]",20
"[[(8.05, 12.21), (4.16, 8.32)]]",16
"[[(1.09, 5.25), (2.18, 6.34)]]",16
"[[(4.62, 8.78), (6.73, 10.89)]]",16
"[[(8.71, 12.87), (1.02, 5.18)]]",16
"[[(5.91, 10.07), (6.74, 10.9)]]",20
"[[(9.14, 13.3), (5.73, 9.89)]]",16
"[[(10.82, 14.98), (6.47, 10.63)]]",16
"[[(10.51, 14.67), (0.56, 4.72)]]",16
"[[(1.04, 5.2), (2.35, 6.51)]]",16
"[[(7.61, 11.77), (8.21, 12.37)]]",16
"[[(1.27, 5.43), (8.76, 12.92)]]",16
"[[(3.4, 7.56), (4.12, 8.28)]]",16
"[[(3.09, 7.25), (10.32, 14.48)]]",16
"[[(6.5, 10.66), (2.22, 6.38)]]",16
"[[(0.65, 4.81), (0.07, 4.23)]]",16
"[[(0.51, 4.67), (10.36, 14.52)]]",16
"[[(5.16, 9.32), (5.56, 9.72)]]",16
"[[(0.96, 5.12), (9.67, 13.83)]]",20
"[[(7.92, 12.08), (6.05, 10.21)]]",20
"[[(2.65, 6.81), (6.42, 10.58)]]",16
"[[(8.37, 12.53), (7.49, 11.65)]]",16
"[[(1.12, 5.28), (7.19, 11.35)]]",16
"[[(6.72, 10.88), (2.32, 6.48)]]",16
"[[(1.63, 5.79), (6.44, 10.6)]]",16
"[[(6.67, 10.83), (8.13, 12.29)]]",16
"[[(5.92, 10.08), (7.12, 11.28)]]",20
"[[(5.85, 10.01), (6.17, 10.33)]]",20
"[[(1.79, 5.95), (6.37, 10.53)]]",16
"[[(10.76, 14.92), (2.94, 7.1)]]",20
"[[(5.64, 9.8), (3.35, 7.51)]]",16
"[[(0.59, 4.75), (9.74, 13.9)]]",16
"[[(4.33, 8.49), (0.5, 4.66)]]",16
"[[(3.12, 7.28), (4.72, 8.88)]]",16
"[[(0.81, 4.97), (10.13, 14.29)]]",16
"[[(3.36, 7.52), (0.49, 4.65)]]",16
"[[(1.39, 5.55), (8.14, 12.3)]]",16
"[[(3.05, 7.21), (0.59, 4.75)]]",16
"[[(5.27, 9.43), (2.96, 7.12)]]",20
"[[(8.17, 12.33), (7.43, 11.59)]]",16
"[[(6.26, 10.42), (2.34, 6.5)]]",16
"[[(1.45, 5.61), (9.54, 13.7)]]",16
"[[(2.28, 6.44), (0.3, 4.46)]]",16
"[[(3.6, 7.76), (7.14, 11.3)]]",16
"[[(2.81, 6.97), (3.62, 7.78)]]",16
"[[(9.01, 13.17), (5.18, 9.34)]]",16
"[[(2.32, 6.48), (8.83, 12.99)]]",16
"[[(0.07, 4.23), (2.27, 6.43)]]",16
"[[(5.42, 9.58), (2.29, 6.45)]]",16
"[[(3.56, 7.72), (2.95, 7.11)]]",20
"[[(3.35, 7.51), (2.67, 6.83)]]",16
"[[(7.8, 11.96), (2.45, 6.61)]]",16
"[[(10.7, 14.86), (4.26, 8.42)]]",16
"[[(4.1, 8.26), (5.91, 10.07)]]",20
"[[(2.71, 6.87), (1.57, 5.73)]]",16
"[[(2.32, 6.48), (0.49, 4.65)]]",16
"[[(8.59, 12.75), (8.34, 12.5)]]",16
"[[(1.44, 5.6), (0.69, 4.85)]]",16
"[[(4.66, 8.82), (5.11, 9.27)]]",16
"[[(5.45, 9.61), (1.86, 6.02)]]",20
"[[(0.95, 5.11), (0.77, 4.93)]]",20
"[[(7.5, 11.66), (6.8, 10.96)]]",16
"[[(0.76, 4.92), (8.93, 13.09)]]",20
"[[(10.54, 14.7), (5.19, 9.35)]]",16
"[[(9.4, 13.56), (7.38, 11.54)]]",16
"[[(7.0, 11.16), (6.88, 11.04)]]",25
"[[(4.84, 9.0), (6.75, 10.91)]]",20
"[[(9.93, 14.09), (0.25, 4.41)]]",20
"[[(7.66, 11.82), (7.87, 12.03)]]",20
"[[(6.36, 10.52), (6.5, 10.66)]]",16
"[[(10.19, 14.35), (6.89, 11.05)]]",20
"[[(4.71, 8.87), (8.73, 12.89)]]",16
"[[(8.59, 12.75), (2.4, 6.56)]]",16
"[[(10.24, 14.4), (9.59, 13.75)]]",16
"[[(9.19, 13.35), (9.75, 13.91)]]",16
"[[(2.55, 6.71), (3.96, 8.12)]]",20
"[[(8.22, 12.38), (0.34, 4.5)]]",16
"[[(7.57, 11.73), (4.16, 8.32)]]",16
"[[(2.19, 6.35), (4.98, 9.14)]]",20
"[[(4.34, 8.5), (0.17, 4.33)]]",16
"[[(6.16, 10.32), (3.12, 7.28)]]",16
"[[(10.71, 14.87), (8.28, 12.44)]]",16
"[[(6.43, 10.59), (0.2, 4.36)]]",16
"[[(0.46, 4.62), (1.26, 5.42)]]",16
"[[(7.71, 11.87), (9.29, 13.45)]]",16
"[[(0.82, 4.98), (2.42, 6.58)]]",16
"[[(1.79, 5.95), (5.94, 10.1)]]",20
"[[(5.38, 9.54), (4.34, 8.5)]]",16
"[[(6.05, 10.21), (4.2, 8.36)]]",16
"[[(7.0, 11.16), (4.09, 8.25)]]",20
"[[(7.4, 11.56), (3.24, 7.4)]]",16
"[[(9.51, 13.67), (2.97, 7.13)]]",20
"[[(5.74, 9.9), (1.7, 5.86)]]",16
"[[(1.25, 5.41), (8.47, 12.63)]]",16
"[[(8.18, 12.34), (10.16, 14.32)]]",16
"[[(4.9, 9.06), (9.67, 13.83)]]",20
"[[(3.23, 7.39), (1.39, 5.55)]]",16
"[[(4.3, 8.46), (1.37, 5.53)]]",16
"[[(10.78, 14.94), (6.89, 11.05)]]",20
"[[(0.03, 4.19), (8.45, 12.61)]]",16
"[[(1.36, 5.52), (5.47, 9.63)]]",16
"[[(1.4, 5.56), (6.66, 10.82)]]",16
"[[(2.33, 6.49), (8.1, 12.26)]]",16
"[[(4.07, 8.23), (4.44, 8.6)]]",16
"[[(4.86, 9.02), (5.84, 10.0)]]",25
"[[(2.36, 6.52), (3.57, 7.73)]]",16
"[[(1.77, 5.93), (9.81, 13.97)]]",16
"[[(1.93, 6.09), (2.46, 6.62)]]",20
"[[(8.38, 12.54), (10.71, 14.87)]]",16
"[[(6.39, 10.55), (1.4, 5.56)]]",16
"[[(4.65, 8.81), (7.01, 11.17)]]",16
"[[(6.43, 10.59), (2.9, 7.06)]]",20
"[[(2.95, 7.11), (4.04, 8.2)]]",20
"[[(1.33, 5.49), (1.84, 6.0)]]",20
"[[(9.41, 13.57), (1.44, 5.6)]]",16
"[[(7.37, 11.53), (9.88, 14.04)]]",20
"[[(8.51, 12.67), (5.63, 9.79)]]",16
"[[(10.49, 14.65), (0.23, 4.39)]]",16
"[[(5.22, 9.38), (10.48, 14.64)]]",16
"[[(0.35, 4.51), (3.31, 7.47)]]",16
"[[(7.8, 11.96), (1.93, 6.09)]]",20
"[[(2.66, 6.82), (0.35, 4.51)]]",16
"[[(9.41, 13.57), (10.01, 14.17)]]",16
"[[(6.49, 10.65), (4.25, 8.41)]]",16
"[[(1.85, 6.01), (3.69, 7.85)]]",20
"[[(0.82, 4.98), (8.58, 12.74)]]",16
"[[(2.22, 6.38), (2.43, 6.59)]]",16
"[[(3.98, 8.14), (1.73, 5.89)]]",20
"[[(7.81, 11.97), (3.71, 7.87)]]",16
"[[(7.94, 12.1), (6.46, 10.62)]]",20
"[[(7.28, 11.44), (8.14, 12.3)]]",16
"[[(0.48, 4.64), (8.35, 12.51)]]",16
"[[(3.39, 7.55), (7.7, 11.86)]]",16
"[[(7.5, 11.66), (4.8, 8.96)]]",16
"[[(6.7, 10.86), (1.59, 5.75)]]",16
"[[(5.45, 9.61), (7.98, 12.14)]]",20
"[[(4.62, 8.78), (8.23, 12.39)]]",16
"[[(2.98, 7.14), (2.39, 6.55)]]",20
"[[(10.45, 14.61), (4.73, 8.89)]]",16
"[[(7.68, 11.84), (9.66, 13.82)]]",16
"[[(4.08, 8.24), (5.75, 9.91)]]",16
"[[(8.68, 12.84), (0.3, 4.46)]]",16
"[[(1.87, 6.03), (7.79, 11.95)]]",20
"[[(4.63, 8.79), (6.55, 10.71)]]",16
"[[(4.18, 8.34), (0.56, 4.72)]]",16
"[[(0.19, 4.35), (9.62, 13.78)]]",16
"[[(7.07, 11.23), (8.21, 12.37)]]",16
"[[(3.51, 7.67), (9.22, 13.38)]]",16
"[[(5.83, 9.99), (10.01, 14.17)]]",16
"[[(0.23, 4.39), (7.1, 11.26)]]",16
"[[(7.66, 11.82), (8.63, 12.79)]]",16
"[[(8.71, 12.87), (1.88, 6.04)]]",20
"[[(3.19, 7.35), (9.22, 13.38)]]",16
"[[(7.0, 11.16), (2.93, 7.09)]]",25
"[[(0.09, 4.25), (9.96, 14.12)]]",20
"[[(6.33, 10.49), (1.76, 5.92)]]",16
"[[(2.2, 6.36), (7.83, 11.99)]]",16
"[[(9.9, 14.06), (1.18, 5.34)]]",20
"[[(9.31, 13.47), (0.79, 4.95)]]",16
"[[(3.02, 7.18), (10.34, 14.5)]]",16
"[[(2.68, 6.84), (7.81, 11.97)]]",16
"[[(8.0, 12.16), (8.56, 12.72)]]",20
"[[(9.51, 13.67), (8.37, 12.53)]]",16
"[[(3.04, 7.2), (4.68, 8.84)]]",16
"[[(7.59, 11.75), (5.01, 9.17)]]",16
"[[(2.49, 6.65), (8.19, 12.35)]]",16
"[[(8.83, 12.99), (10.51, 14.67)]]",16
"[[(9.53, 13.69), (9.62, 13.78)]]",16
"[[(8.98, 13.14), (2.06, 6.22)]]",20
"[[(5.64, 9.8), (10.56, 14.72)]]",16
"[[(3.62, 7.78), (3.03, 7.19)]]",16
"[[(3.26, 7.42), (0.3, 4.46)]]",16
"[[(2.21, 6.37), (4.23, 8.39)]]",16
"[[(4.68, 8.84), (6.1, 10.26)]]",16
"[[(7.38, 11.54), (10.6, 14.76)]]",16
"[[(2.2, 6.36), (5.16, 9.32)]]",16
"[[(4.68, 8.84), (5.27, 9.43)]]",16
"[[(2.42, 6.58), (7.65, 11.81)]]",16
"[[(5.0, 9.16), (5.87, 10.03)]]",25
"[[(2.44, 6.6), (9.37, 13.53)]]",16
"[[(0.72, 4.88), (5.74, 9.9)]]",16
"[[(0.75, 4.91), (1.85, 6.01)]]",20
"[[(1.6, 5.76), (4.98, 9.14)]]",20
"[[(4.79, 8.95), (10.78, 14.94)]]",16
"[[(2.88, 7.04), (0.11, 4.27)]]",20
"[[(4.55, 8.71), (5.3, 9.46)]]",16
"[[(10.58, 14.74), (5.95, 10.11)]]",20
"[[(0.8, 4.96), (2.78, 6.94)]]",16
"[[(0.05, 4.21), (9.6, 13.76)]]",16
"[[(3.26, 7.42), (8.0, 12.16)]]",20
"[[(10.32, 14.48), (1.64, 5.8)]]",16
"[[(10.16, 14.32), (5.78, 9.94)]]",16
"[[(10.12, 14.28), (0.93, 5.09)]]",20
"[[(4.36, 8.52), (4.92, 9.08)]]",20
"[[(4.61, 8.77), (5.99, 10.15)]]",20
"[[(0.08, 4.24), (10.79, 14.95)]]",16
"[[(3.23, 7.39), (6.84, 11.0)]]",20
"[[(0.38, 4.54), (2.64, 6.8)]]",16
"[[(9.17, 13.33), (9.63, 13.79)]]",16
"[[(7.38, 11.54), (5.99, 10.15)]]",20
"[[(3.25, 7.41), (3.26, 7.42)]]",16
"[[(4.44, 8.6), (2.2, 6.36)]]",16
"[[(3.4, 7.56), (7.21, 11.37)]]",16
"[[(0.87, 5.03), (10.16, 14.32)]]",20
"[[(10.41, 14.57), (1.45, 5.61)]]",16
"[[(5.06, 9.22), (6.06, 10.22)]]",16
"[[(8.78, 12.94), (5.02, 9.18)]]",16
"[[(3.46, 7.62), (6.04, 10.2)]]",16
"[[(9.75, 13.91), (6.28, 10.44)]]",16
"[[(2.05, 6.21), (6.43, 10.59)]]",16
"[[(1.5, 5.66), (10.16, 14.32)]]",16
"[[(8.67, 12.83), (8.24, 12.4)]]",16
"[[(8.78, 12.94), (10.2, 14.36)]]",16
"[[(5.79, 9.95), (7.46, 11.62)]]",16
"[[(5.15, 9.31), (4.86, 9.02)]]",20
"[[(10.16, 14.32), (4.98, 9.14)]]",20
"[[(5.31, 9.47), (5.6, 9.76)]]",16
"[[(8.99, 13.15), (9.43, 13.59)]]",20
"[[(6.43, 10.59), (2.82, 6.98)]]",16
"[[(5.35, 9.51), (10.23, 14.39)]]",16
"[[(5.48, 9.64), (9.02, 13.18)]]",16
"[[(5.68, 9.84), (9.83, 13.99)]]",16
"[[(10.05, 14.21), (9.86, 14.02)]]",20
"[[(9.98, 14.14), (7.51, 11.67)]]",20
"[[(7.97, 12.13), (7.45, 11.61)]]",20
"[[(5.16, 9.32), (10.64, 14.8)]]",16
"[[(6.97, 11.13), (1.27, 5.43)]]",20
"[[(4.1, 8.26), (1.0, 5.16)]]",20
"[[(3.39, 7.55), (5.68, 9.84)]]",16
"[[(4.69, 8.85), (2.71, 6.87)]]",16
"[[(3.32, 7.48), (6.63, 10.79)]]",16
"[[(5.89, 10.05), (0.44, 4.6)]]",20
"[[(1.26, 5.42), (6.59, 10.75)]]",16
"[[(0.9, 5.06), (0.34, 4.5)]]",20
"[[(10.67, 14.83), (7.52, 11.68)]]",16
"[[(4.44, 8.6), (2.89, 7.05)]]",20
"[[(6.71, 10.87), (7.95, 12.11)]]",20
"[[(5.54, 9.7), (9.8, 13.96)]]",16
"[[(4.15, 8.31), (5.57, 9.73)]]",16
"[[(5.29, 9.45), (4.82, 8.98)]]",16
"[[(2.92, 7.08), (2.2, 6.36)]]",20
"[[(5.27, 9.43), (2.57, 6.73)]]",16
"[[(1.13, 5.29), (5.33, 9.49)]]",16
"[[(1.33, 5.49), (10.11, 14.27)]]",16
"[[(4.25, 8.41), (7.22, 11.38)]]",16
"[[(6.5, 10.66), (1.07, 5.23)]]",16
"[[(7.38, 11.54), (3.11, 7.27)]]",16
"[[(5.0, 9.16), (3.23, 7.39)]]",20
"[[(2.15, 6.31), (10.34, 14.5)]]",16
"[[(6.42, 10.58), (4.1, 8.26)]]",16
"[[(1.77, 5.93), (1.88, 6.04)]]",20
"[[(3.68, 7.84), (9.0, 13.16)]]",20
"[[(10.74, 14.9), (10.84, 15.0)]]",20
"[[(4.4, 8.56), (10.79, 14.95)]]",16
"[[(2.59, 6.75), (9.22, 13.38)]]",16
"[[(8.17, 12.33), (7.66, 11.82)]]",16
"[[(6.88, 11.04), (5.76, 9.92)]]",20
"[[(1.23, 5.39), (0.7, 4.86)]]",16
"[[(3.42, 7.58), (8.29, 12.45)]]",16
"[[(7.1, 11.26), (3.84, 8.0)]]",20
"[[(10.02, 14.18), (5.89, 10.05)]]",20
"[[(3.74, 7.9), (3.85, 8.01)]]",20
"[[(5.56, 9.72), (2.01, 6.17)]]",16
"[[(0.64, 4.8), (6.01, 10.17)]]",16
"[[(6.04, 10.2), (0.47, 4.63)]]",16
"[[(6.51, 10.67), (6.26, 10.42)]]",16
"[[(8.87, 13.03), (0.16, 4.32)]]",20
"[[(9.69, 13.85), (4.91, 9.07)]]",20
"[[(5.85, 10.01), (1.46, 5.62)]]",20
"[[(7.63, 11.79), (4.47, 8.63)]]",16
"[[(0.66, 4.82), (1.84, 6.0)]]",20
"[[(5.35, 9.51), (7.25, 11.41)]]",16
"[[(7.32, 11.48), (8.61, 12.77)]]",16
"[[(9.61, 13.77), (1.94, 6.1)]]",20
"[[(4.59, 8.75), (8.38, 12.54)]]",16
"[[(3.82, 7.98), (1.89, 6.05)]]",20
"[[(0.34, 4.5), (4.61, 8.77)]]",16
"[[(8.03, 12.19), (0.59, 4.75)]]",16
"[[(4.45, 8.61), (0.06, 4.22)]]",16
"[[(3.81, 7.97), (1.15, 5.31)]]",16
"[[(5.13, 9.29), (9.87, 14.03)]]",20
"[[(8.65, 12.81), (0.56, 4.72)]]",16
"[[(1.31, 5.47), (10.7, 14.86)]]",16
"[[(8.12, 12.28), (6.2, 10.36)]]",16
"[[(10.49, 14.65), (3.8, 7.96)]]",16
"[[(1.78, 5.94), (0.39, 4.55)]]",16
"[[(3.91, 8.07), (6.83, 10.99)]]",20
"[[(5.44, 9.6), (9.12, 13.28)]]",16
"[[(0.64, 4.8), (3.79, 7.95)]]",16
"[[(2.53, 6.69), (5.42, 9.58)]]",16
"[[(4.77, 8.93), (3.09, 7.25)]]",16
"[[(5.77, 9.93), (9.56, 13.72)]]",16
"[[(0.24, 4.4), (9.17, 13.33)]]",16
"[[(1.78, 5.94), (9.46, 13.62)]]",16
"[[(7.28, 11.44), (1.68, 5.84)]]",16
"[[(3.33, 7.49), (1.17, 5.33)]]",16
"[[(0.49, 4.65), (5.81, 9.97)]]",16
"[[(0.39, 4.55), (2.6, 6.76)]]",16
"[[(2.24, 6.4), (4.64, 8.8)]]",16
"[[(1.07, 5.23), (7.59, 11.75)]]",16
"[[(4.48, 8.64), (5.62, 9.78)]]",16
"[[(1.77, 5.93), (2.03, 6.19)]]",16
"[[(5.73, 9.89), (9.68, 13.84)]]",16
"[[(9.72, 13.88), (3.45, 7.61)]]",16
"[[(4.82, 8.98), (1.3, 5.46)]]",16
"[[(9.03, 13.19), (9.4, 13.56)]]",16
"[[(4.08, 8.24), (7.13, 11.29)]]",16
"[[(4.46, 8.62), (1.3, 5.46)]]",16
"[[(7.53, 11.69), (3.94, 8.1)]]",20
"[[(8.6, 12.76), (6.86, 11.02)]]",20
"[[(4.66, 8.82), (3.68, 7.84)]]",16
"[[(9.51, 13.67), (5.27, 9.43)]]",16
"[[(2.88, 7.04), (7.76, 11.92)]]",20
"[[(2.03, 6.19), (9.35, 13.51)]]",16
"[[(7.56, 11.72), (6.17, 10.33)]]",16
"[[(4.9, 9.06), (7.33, 11.49)]]",20
"[[(9.85, 14.01), (4.74, 8.9)]]",20
"[[(8.56, 12.72), (0.26, 4.42)]]",16
"[[(2.2, 6.36), (1.96, 6.12)]]",20
"[[(0.31, 4.47), (4.37, 8.53)]]",16
"[[(1.39, 5.55), (5.71, 9.87)]]",16
"[[(4.05, 8.21), (8.93, 13.09)]]",20
"[[(3.06, 7.22), (4.22, 8.38)]]",16
"[[(0.96, 5.12), (4.66, 8.82)]]",20
"[[(10.44, 14.6), (2.19, 6.35)]]",16
"[[(1.64, 5.8), (8.18, 12.34)]]",16
"[[(4.77, 8.93), (6.81, 10.97)]]",16
"[[(7.4, 11.56), (0.62, 4.78)]]",16
"[[(6.21, 10.37), (1.5, 5.66)]]",16
"[[(4.57, 8.73), (0.87, 5.03)]]",20
"[[(8.64, 12.8), (8.22, 12.38)]]",16
"[[(8.26, 12.42), (2.59, 6.75)]]",16
"[[(5.47, 9.63), (0.13, 4.29)]]",16
"[[(7.06, 11.22), (1.46, 5.62)]]",16
"[[(5.05, 9.21), (0.5, 4.66)]]",16
"[[(9.46, 13.62), (5.34, 9.5)]]",16
"[[(8.22, 12.38), (3.62, 7.78)]]",16
"[[(5.92, 10.08), (4.51, 8.67)]]",20
"[[(0.52, 4.68), (0.36, 4.52)]]",16
"[[(1.95, 6.11), (6.73, 10.89)]]",20
"[[(2.96, 7.12), (0.8, 4.96)]]",20
"[[(9.31, 13.47), (6.41, 10.57)]]",16
"[[(2.13, 6.29), (10.33, 14.49)]]",16
"[[(3.28, 7.44), (3.19, 7.35)]]",16
"[[(2.28, 6.44), (2.59, 6.75)]]",16
"[[(5.3, 9.46), (5.47, 9.63)]]",16
"[[(8.61, 12.77), (6.63, 10.79)]]",16
"[[(10.58, 14.74), (1.28, 5.44)]]",16
"[[(0.71, 4.87), (1.11, 5.27)]]",16
"[[(2.6, 6.76), (10.28, 14.44)]]",16
"[[(3.99, 8.15), (0.16, 4.32)]]",20
"[[(3.78, 7.94), (1.95, 6.11)]]",20
"[[(6.16, 10.32), (4.42, 8.58)]]",16
"[[(1.82, 5.98), (3.11, 7.27)]]",16
"[[(8.62, 12.78), (10.29, 14.45)]]",16
"[[(6.23, 10.39), (2.91, 7.07)]]",20
"[[(1.33, 5.49), (6.87, 11.03)]]",20
"[[(4.03, 8.19), (10.2, 14.36)]]",16
"[[(9.86, 14.02), (9.07, 13.23)]]",20
"[[(6.15, 10.31), (1.11, 5.27)]]",16
"[[(10.11, 14.27), (3.31, 7.47)]]",16
"[[(8.64, 12.8), (5.12, 9.28)]]",16
"[[(7.92, 12.08), (10.34, 14.5)]]",20
"[[(8.42, 12.58), (4.22, 8.38)]]",16
"[[(7.03, 11.19), (6.53, 10.69)]]",16
"[[(8.72, 12.88), (3.23, 7.39)]]",16
"[[(10.22, 14.38), (8.94, 13.1)]]",20
"[[(3.03, 7.19), (1.93, 6.09)]]",20
"[[(0.12, 4.28), (6.57, 10.73)]]",16
"[[(6.43, 10.59), (10.15, 14.31)]]",16
"[[(4.09, 8.25), (3.1, 7.26)]]",16
"[[(10.11, 14.27), (9.32, 13.48)]]",16
"[[(7.17, 11.33), (6.12, 10.28)]]",16
"[[(6.69, 10.85), (9.08, 13.24)]]",16
"[[(3.71, 7.87), (0.84, 5.0)]]",20
"[[(3.49, 7.65), (4.2, 8.36)]]",16
"[[(5.8, 9.96), (5.48, 9.64)]]",16
"[[(8.04, 12.2), (6.51, 10.67)]]",16
"[[(10.75, 14.91), (8.8, 12.96)]]",16
"[[(0.19, 4.35), (7.8, 11.96)]]",16
"[[(8.67, 12.83), (7.53, 11.69)]]",16
"[[(8.91, 13.07), (0.69, 4.85)]]",20
"[[(7.64, 11.8), (5.64, 9.8)]]",16
"[[(9.13, 13.29), (9.59, 13.75)]]",16
"[[(4.79, 8.95), (9.51, 13.67)]]",16
"[[(0.7, 4.86), (10.2, 14.36)]]",16
"[[(0.89, 5.05), (4.72, 8.88)]]",20
"[[(5.74, 9.9), (7.53, 11.69)]]",16
"[[(0.8, 4.96), (1.7, 5.86)]]",16
"[[(10.01, 14.17), (0.71, 4.87)]]",16
"[[(0.02, 4.18), (2.03, 6.19)]]",16
"[[(4.04, 8.2), (0.47, 4.63)]]",16
"[[(2.13, 6.29), (9.77, 13.93)]]",16
"[[(3.31, 7.47), (10.24, 14.4)]]",16
"[[(3.17, 7.33), (8.49, 12.65)]]",16
"[[(9.89, 14.05), (0.29, 4.45)]]",20
"[[(10.79, 14.95), (0.16, 4.32)]]",16
"[[(9.1, 13.26), (8.54, 12.7)]]",16
"[[(3.8, 7.96), (2.93, 7.09)]]",20
"[[(0.38, 4.54), (4.08, 8.24)]]",16
"[[(4.15, 8.31), (4.22, 8.38)]]",16
"[[(0.81, 4.97), (9.08, 13.24)]]",16
"[[(10.03, 14.19), (9.23, 13.39)]]",16
"[[(2.62, 6.78), (1.81, 5.97)]]",16
"[[(0.26, 4.42), (9.47, 13.63)]]",16
"[[(7.57, 11.73), (2.5, 6.66)]]",16
"[[(5.38, 9.54), (10.71, 14.87)]]",16
"[[(0.64, 4.8), (2.73, 6.89)]]",16
"[[(5.11, 9.27), (4.92, 9.08)]]",20
"[[(6.76, 10.92), (4.44, 8.6)]]",16
"[[(4.34, 8.5), (6.43, 10.59)]]",16
"[[(4.9, 9.06), (7.43, 11.59)]]",20
"[[(5.43, 9.59), (4.0, 8.16)]]",20
"[[(5.14, 9.3), (6.5, 10.66)]]",16
"[[(6.04, 10.2), (4.93, 9.09)]]",20
"[[(1.97, 6.13), (0.92, 5.08)]]",25
"[[(5.68, 9.84), (7.16, 11.32)]]",16
"[[(9.81, 13.97), (1.53, 5.69)]]",16
"[[(3.85, 8.01), (10.37, 14.53)]]",20
"[[(0.09, 4.25), (9.31, 13.47)]]",16
"[[(2.27, 6.43), (6.39, 10.55)]]",16
"[[(4.44, 8.6), (6.75, 10.91)]]",16
"[[(0.62, 4.78), (4.11, 8.27)]]",16
"[[(8.29, 12.45), (7.04, 11.2)]]",16
"[[(2.46, 6.62), (6.51, 10.67)]]",16
"[[(3.63, 7.79), (7.14, 11.3)]]",16
"[[(10.57, 14.73), (10.37, 14.53)]]",16
"[[(3.15, 7.31), (4.19, 8.35)]]",16
"[[(6.8, 10.96), (3.35, 7.51)]]",16
"[[(1.52, 5.68), (0.98, 5.14)]]",20
"[[(2.79, 6.95), (6.0, 10.16)]]",20
"[[(4.76, 8.92), (1.11, 5.27)]]",16
"[[(6.72, 10.88), (4.8, 8.96)]]",16
"[[(8.36, 12.52), (0.21, 4.37)]]",16
"[[(7.14, 11.3), (9.05, 13.21)]]",16
"[[(3.76, 7.92), (1.43, 5.59)]]",16
"[[(6.83, 10.99), (8.09, 12.25)]]",16
"[[(8.52, 12.68), (10.33, 14.49)]]",16
"[[(6.3, 10.46), (4.46, 8.62)]]",16
"[[(8.08, 12.24), (7.12, 11.28)]]",16
"[[(10.08, 14.24), (9.31, 13.47)]]",16
"[[(8.46, 12.62), (7.94, 12.1)]]",20
"[[(8.51, 12.67), (1.59, 5.75)]]",16
"[[(8.67, 12.83), (0.53, 4.69)]]",16
"[[(5.57, 9.73), (9.37, 13.53)]]",16
"[[(10.63, 14.79), (3.02, 7.18)]]",16
"[[(3.7, 7.86), (10.14, 14.3)]]",16
"[[(10.69, 14.85), (3.98, 8.14)]]",20
"[[(3.24, 7.4), (4.58, 8.74)]]",16
"[[(6.24, 10.4), (3.79, 7.95)]]",16
"[[(6.07, 10.23), (7.6, 11.76)]]",16
"[[(10.01, 14.17), (7.29, 11.45)]]",16
"[[(6.36, 10.52), (7.48, 11.64)]]",16
"[[(0.11, 4.27), (9.64, 13.8)]]",16
"[[(4.06, 8.22), (3.53, 7.69)]]",16
"[[(10.68, 14.84), (8.41, 12.57)]]",16
"[[(2.42, 6.58), (1.15, 5.31)]]",16
"[[(7.14, 11.3), (6.29, 10.45)]]",16
"[[(7.83, 11.99), (2.08, 6.24)]]",16
"[[(9.93, 14.09), (2.08, 6.24)]]",20
"[[(0.9, 5.06), (4.07, 8.23)]]",20
"[[(4.44, 8.6), (0.18, 4.34)]]",16
"[[(10.17, 14.33), (5.17, 9.33)]]",16
"[[(4.43, 8.59), (3.85, 8.01)]]",20
"[[(7.3, 11.46), (8.26, 12.42)]]",16
"[[(5.1, 9.26), (10.12, 14.28)]]",16
"[[(9.57, 13.73), (7.44, 11.6)]]",16
"[[(7.92, 12.08), (0.48, 4.64)]]",20
"[[(7.31, 11.47), (6.68, 10.84)]]",16
"[[(5.97, 10.13), (8.97, 13.13)]]",25
"[[(10.74, 14.9), (6.06, 10.22)]]",16
"[[(6.61, 10.77), (7.61, 11.77)]]",16
"[[(4.73, 8.89), (2.56, 6.72)]]",16
"[[(1.58, 5.74), (7.63, 11.79)]]",16
"[[(3.38, 7.54), (4.89, 9.05)]]",20
"[[(6.2, 10.36), (5.67, 9.83)]]",16
"[[(10.2, 14.36), (7.09, 11.25)]]",16
"[[(8.8, 12.96), (10.03, 14.19)]]",16
"[[(7.5, 11.66), (10.54, 14.7)]]",16
"[[(5.47, 9.63), (9.32, 13.48)]]",16
"[[(2.61, 6.77), (0.88, 5.04)]]",20
"[[(2.7, 6.86), (0.37, 4.53)]]",16
"[[(2.75, 6.91), (2.61, 6.77)]]",16
"[[(9.4, 13.56), (9.58, 13.74)]]",16
"[[(2.64, 6.8), (1.84, 6.0)]]",20
"[[(2.08, 6.24), (2.56, 6.72)]]",16
"[[(3.39, 7.55), (0.2, 4.36)]]",16
"[[(0.33, 4.49), (10.06, 14.22)]]",16
"[[(10.59, 14.75), (3.63, 7.79)]]",16
"[[(2.01, 6.17), (10.52, 14.68)]]",16
"[[(3.21, 7.37), (4.6, 8.76)]]",16
"[[(5.97, 10.13), (4.36, 8.52)]]",20
"[[(8.63, 12.79), (5.7, 9.86)]]",16
"[[(8.49, 12.65), (5.8, 9.96)]]",16
"[[(6.91, 11.07), (6.34, 10.5)]]",20
"[[(10.29, 14.45), (0.63, 4.79)]]",16
"[[(7.66, 11.82), (5.24, 9.4)]]",16
"[[(8.0, 12.16), (5.53, 9.69)]]",20
"[[(7.46, 11.62), (1.6, 5.76)]]",16
"[[(7.36, 11.52), (8.7, 12.86)]]",16
"[[(4.3, 8.46), (6.54, 10.7)]]",16
"[[(9.32, 13.48), (8.6, 12.76)]]",16
"[[(2.81, 6.97), (4.73, 8.89)]]",16
"[[(0.08, 4.24), (8.91, 13.07)]]",20
"[[(8.63, 12.79), (3.16, 7.32)]]",16
"[[(2.94, 7.1), (3.08, 7.24)]]",20
"[[(0.71, 4.87), (6.75, 10.91)]]",16
"[[(10.0, 14.16), (4.95, 9.11)]]",25
"[[(10.39, 14.55), (8.73, 12.89)]]",16
"[[(6.86, 11.02), (5.47, 9.63)]]",20
"[[(3.3, 7.46), (0.19, 4.35)]]",16
"[[(9.4, 13.56), (0.47, 4.63)]]",16
"[[(10.61, 14.77), (7.27, 11.43)]]",16
"[[(6.56, 10.72), (9.61, 13.77)]]",16
"[[(1.84, 6.0), (7.07, 11.23)]]",20
"[[(7.22, 11.38), (3.72, 7.88)]]",16
"[[(4.1, 8.26), (6.17, 10.33)]]",16
"[[(1.52, 5.68), (8.43, 12.59)]]",16
"[[(8.86, 13.02), (5.52, 9.68)]]",20
"[[(3.29, 7.45), (7.29, 11.45)]]",16
"[[(8.27, 12.43), (9.79, 13.95)]]",16
"[[(5.83, 9.99), (5.77, 9.93)]]",16
"[[(6.16, 10.32), (4.59, 8.75)]]",16
"[[(6.42, 10.58), (7.92, 12.08)]]",20
"[[(7.33, 11.49), (1.92, 6.08)]]",20
"[[(10.76, 14.92), (6.39, 10.55)]]",16
"[[(7.99, 12.15), (2.83, 6.99)]]",20
"[[(10.12, 14.28), (1.57, 5.73)]]",16
"[[(4.48, 8.64), (3.6, 7.76)]]",16
"[[(4.23, 8.39), (4.48, 8.64)]]",16
"[[(5.17, 9.33), (4.31, 8.47)]]",16
"[[(2.5, 6.66), (9.27, 13.43)]]",16
"[[(4.46, 8.62), (4.76, 8.92)]]",16
"[[(5.33, 9.49), (8.47, 12.63)]]",16
"[[(3.23, 7.39), (4.83, 8.99)]]",16
"[[(0.58, 4.74), (9.73, 13.89)]]",16
"[[(10.44, 14.6), (8.98, 13.14)]]",20
"[[(10.3, 14.46), (0.63, 4.79)]]",16
"[[(10.7, 14.86), (3.48, 7.64)]]",16
"[[(5.4, 9.56), (4.68, 8.84)]]",16
"[[(0.24, 4.4), (2.07, 6.23)]]",16
"[[(10.0, 14.16), (1.96, 6.12)]]",25
"[[(8.47, 12.63), (10.06, 14.22)]]",16
"[[(9.42, 13.58), (0.18, 4.34)]]",16
"[[(6.47, 10.63), (5.37, 9.53)]]",16
"[[(8.3, 12.46), (3.96, 8.12)]]",20
"[[(5.92, 10.08), (5.1, 9.26)]]",20
"[[(2.75, 6.91), (2.95, 7.11)]]",20
"[[(4.31, 8.47), (8.39, 12.55)]]",16
"[[(5.1, 9.26), (9.81, 13.97)]]",16
"[[(5.14, 9.3), (3.09, 7.25)]]",16
"[[(7.14, 11.3), (7.48, 11.64)]]",16
"[[(2.04, 6.2), (1.11, 5.27)]]",16
"[[(3.94, 8.1), (10.82, 14.98)]]",20
"[[(2.04, 6.2), (0.57, 4.73)]]",16
"[[(4.97, 9.13), (5.77, 9.93)]]",20
"[[(5.64, 9.8), (5.18, 9.34)]]",16
"[[(8.31, 12.47), (8.66, 12.82)]]",16
"[[(10.05, 14.21), (6.72, 10.88)]]",16
"[[(4.49, 8.65), (10.56, 14.72)]]",16
"[[(4.03, 8.19), (1.34, 5.5)]]",16
"[[(1.0, 5.16), (9.9, 14.06)]]",25
"[[(1.54, 5.7), (3.95, 8.11)]]",20
"[[(2.22, 6.38), (0.34, 4.5)]]",16
"[[(7.94, 12.1), (6.88, 11.04)]]",25
"[[(8.17, 12.33), (4.07, 8.23)]]",16
"[[(4.63, 8.79), (6.23, 10.39)]]",16
"[[(6.86, 11.02), (1.92, 6.08)]]",25
"[[(0.09, 4.25), (2.47, 6.63)]]",16
"[[(8.72, 12.88), (8.52, 12.68)]]",16
"[[(5.76, 9.92), (6.24, 10.4)]]",16
"[[(6.46, 10.62), (1.71, 5.87)]]",16
"[[(5.21, 9.37), (3.62, 7.78)]]",16
"[[(6.45, 10.61), (9.4, 13.56)]]",16
"[[(3.52, 7.68), (5.52, 9.68)]]",16
"[[(1.97, 6.13), (6.43, 10.59)]]",20
"[[(5.14, 9.3), (8.58, 12.74)]]",16
"[[(0.7, 4.86), (0.94, 5.1)]]",20
"[[(7.7, 11.86), (6.71, 10.87)]]",16
"[[(1.77, 5.93), (2.98, 7.14)]]",20
"[[(2.34, 6.5), (4.27, 8.43)]]",16
"[[(8.91, 13.07), (2.34, 6.5)]]",20
"[[(10.68, 14.84), (6.6, 10.76)]]",16
"[[(2.24, 6.4), (8.37, 12.53)]]",16
"[[(0.1, 4.26), (9.32, 13.48)]]",16
"[[(7.55, 11.71), (0.99, 5.15)]]",20
"[[(0.93, 5.09), (3.07, 7.23)]]",20
"[[(9.68, 13.84), (7.07, 11.23)]]",16
"[[(6.07, 10.23), (0.38, 4.54)]]",16
"[[(2.73, 6.89), (2.39, 6.55)]]",16
"[[(4.08, 8.24), (5.11, 9.27)]]",16
"[[(3.68, 7.84), (7.77, 11.93)]]",16
"[[(0.22, 4.38), (6.63, 10.79)]]",16
"[[(3.62, 7.78), (2.64, 6.8)]]",16
"[[(5.38, 9.54), (10.62, 14.78)]]",16
"[[(0.93, 5.09), (9.68, 13.84)]]",20
"[[(3.0, 7.16), (0.41, 4.57)]]",20
"[[(4.47, 8.63), (3.05, 7.21)]]",16
"[[(5.18, 9.34), (10.3, 14.46)]]",16
"[[(1.85, 6.01), (2.71, 6.87)]]",20
"[[(4.17, 8.33), (9.34, 13.5)]]",16
"[[(4.58, 8.74), (5.43, 9.59)]]",16
"[[(10.69, 14.85), (2.43, 6.59)]]",16
"[[(6.58, 10.74), (5.07, 9.23)]]",16
"[[(0.22, 4.38), (3.07, 7.23)]]",16
"[[(5.25, 9.41), (8.45, 12.61)]]",16
"[[(3.12, 7.28), (7.36, 11.52)]]",16
"[[(5.53, 9.69), (7.91, 12.07)]]",20
"[[(8.03, 12.19), (7.2, 11.36)]]",16
"[[(2.17, 6.33), (7.59, 11.75)]]",16
"[[(10.26, 14.42), (1.4, 5.56)]]",16
"[[(2.14, 6.3), (6.65, 10.81)]]",16
"[[(5.45, 9.61), (3.02, 7.18)]]",16
"[[(2.45, 6.61), (7.85, 12.01)]]",20
"[[(0.06, 4.22), (0.72, 4.88)]]",16
"[[(6.37, 10.53), (1.65, 5.81)]]",16
"[[(4.29, 8.45), (0.52, 4.68)]]",16
"[[(0.94, 5.1), (4.72, 8.88)]]",20
"[[(0.0, 4.16), (5.3, 9.46)]]",20
"[[(1.58, 5.74), (6.68, 10.84)]]",16
"[[(8.2, 12.36), (8.46, 12.62)]]",16
"[[(8.63, 12.79), (6.92, 11.08)]]",20
"[[(3.37, 7.53), (2.35, 6.51)]]",16
"[[(5.15, 9.31), (5.65, 9.81)]]",16
"[[(7.15, 11.31), (9.08, 13.24)]]",16
"[[(10.41, 14.57), (4.11, 8.27)]]",16
"[[(8.5, 12.66), (8.77, 12.93)]]",16
"[[(4.42, 8.58), (1.03, 5.19)]]",16
"[[(9.76, 13.92), (10.51, 14.67)]]",16
"[[(7.32, 11.48), (6.91, 11.07)]]",20
"[[(1.12, 5.28), (10.12, 14.28)]]",16
"[[(0.11, 4.27), (0.78, 4.94)]]",16
"[[(0.48, 4.64), (9.9, 14.06)]]",20
"[[(7.68, 11.84), (10.25, 14.41)]]",16
"[[(7.53, 11.69), (4.56, 8.72)]]",16
"[[(3.52, 7.68), (8.89, 13.05)]]",20
"[[(6.91, 11.07), (8.07, 12.23)]]",20
"[[(9.21, 13.37), (5.7, 9.86)]]",16
"[[(3.98, 8.14), (6.95, 11.11)]]",25
"[[(10.05, 14.21), (10.22, 14.38)]]",16
"[[(6.24, 10.4), (5.46, 9.62)]]",16
"[[(0.82, 4.98), (5.88, 10.04)]]",20
"[[(3.54, 7.7), (10.01, 14.17)]]",16
"[[(4.4, 8.56), (5.46, 9.62)]]",16
"[[(1.67, 5.83), (6.46, 10.62)]]",16
"[[(8.3, 12.46), (1.85, 6.01)]]",20
"[[(10.77, 14.93), (3.52, 7.68)]]",16
"[[(7.56, 11.72), (1.33, 5.49)]]",16
"[[(2.83, 6.99), (2.08, 6.24)]]",16
"[[(3.95, 8.11), (3.91, 8.07)]]",25
"[[(2.14, 6.3), (6.09, 10.25)]]",16
"[[(7.69, 11.85), (2.3, 6.46)]]",16
"[[(5.75, 9.91), (6.19, 10.35)]]",16
"[[(4.66, 8.82), (6.15, 10.31)]]",16
"[[(8.19, 12.35), (3.83, 7.99)]]",16
"[[(1.29, 5.45), (7.9, 12.06)]]",20
"[[(1.9, 6.06), (2.66, 6.82)]]",20
"[[(3.95, 8.11), (3.83, 7.99)]]",20
"[[(3.59, 7.75), (9.69, 13.85)]]",16
"[[(2.99, 7.15), (8.11, 12.27)]]",20
"[[(9.74, 13.9), (0.04, 4.2)]]",16
"[[(6.96, 11.12), (2.96, 7.12)]]",25
"[[(1.57, 5.73), (2.81, 6.97)]]",16
"[[(8.78, 12.94), (8.99, 13.15)]]",20
"[[(8.53, 12.69), (5.13, 9.29)]]",16
"[[(10.07, 14.23), (0.38, 4.54)]]",16
"[[(0.03, 4.19), (7.39, 11.55)]]",16
"[[(8.36, 12.52), (1.08, 5.24)]]",16
"[[(9.92, 14.08), (10.6, 14.76)]]",20
"[[(4.61, 8.77), (2.25, 6.41)]]",16
"[[(4.81, 8.97), (7.25, 11.41)]]",16
"[[(2.46, 6.62), (8.29, 12.45)]]",16
"[[(6.61, 10.77), (5.53, 9.69)]]",16
"[[(3.79, 7.95), (8.58, 12.74)]]",16
"[[(7.29, 11.45), (5.77, 9.93)]]",16
"[[(6.27, 10.43), (9.25, 13.41)]]",16
"[[(2.25, 6.41), (7.1, 11.26)]]",16
"[[(9.03, 13.19), (5.5, 9.66)]]",16
"[[(5.66, 9.82), (2.63, 6.79)]]",16
"[[(7.42, 11.58), (8.94, 13.1)]]",20
"[[(6.15, 10.31), (2.25, 6.41)]]",16
"[[(6.89, 11.05), (3.56, 7.72)]]",20
"[[(4.09, 8.25), (10.1, 14.26)]]",16
"[[(5.35, 9.51), (0.75, 4.91)]]",16
"[[(8.87, 13.03), (10.61, 14.77)]]",20
"[[(3.15, 7.31), (7.43, 11.59)]]",16
"[[(6.45, 10.61), (8.34, 12.5)]]",16
"[[(6.71, 10.87), (4.65, 8.81)]]",16
"[[(0.3, 4.46), (1.2, 5.36)]]",16
"[[(2.37, 6.53), (4.05, 8.21)]]",16
"[[(2.84, 7.0), (0.01, 4.17)]]",20
"[[(0.16, 4.32), (10.72, 14.88)]]",16
"[[(6.69, 10.85), (3.92, 8.08)]]",20
"[[(6.1, 10.26), (7.94, 12.1)]]",20
"[[(1.73, 5.89), (0.4, 4.56)]]",16
"[[(9.18, 13.34), (10.58, 14.74)]]",16
"[[(8.25, 12.41), (5.07, 9.23)]]",16
"[[(2.06, 6.22), (8.46, 12.62)]]",16
"[[(7.03, 11.19), (8.57, 12.73)]]",16
"[[(6.45, 10.61), (4.24, 8.4)]]",16
"[[(4.49, 8.65), (3.34, 7.5)]]",16
"[[(2.5, 6.66), (1.1, 5.26)]]",16
"[[(4.76, 8.92), (8.43, 12.59)]]",16
"[[(0.38, 4.54), (4.06, 8.22)]]",16
"[[(1.02, 5.18), (1.09, 5.25)]]",16
"[[(1.33, 5.49), (0.73, 4.89)]]",16
"[[(3.06, 7.22), (1.47, 5.63)]]",16
"[[(7.54, 11.7), (7.52, 11.68)]]",16
"[[(6.03, 10.19), (7.03, 11.19)]]",16
"[[(10.5, 14.66), (4.87, 9.03)]]",20
"[[(6.52, 10.68), (0.18, 4.34)]]",16
"[[(5.5, 9.66), (7.51, 11.67)]]",16
"[[(9.49, 13.65), (6.42, 10.58)]]",16
"[[(9.38, 13.54), (9.42, 13.58)]]",16
"[[(7.05, 11.21), (10.28, 14.44)]]",16
"[[(5.25, 9.41), (4.98, 9.14)]]",20
"[[(6.82, 10.98), (0.82, 4.98)]]",16
"[[(1.15, 5.31), (10.4, 14.56)]]",16
"[[(3.83, 7.99), (9.19, 13.35)]]",16
"[[(3.57, 7.73), (4.71, 8.87)]]",16
"[[(1.07, 5.23), (1.55, 5.71)]]",16
"[[(3.74, 7.9), (4.5, 8.66)]]",16
"[[(10.83, 14.99), (6.18, 10.34)]]",16
"[[(9.0, 13.16), (8.54, 12.7)]]",20
"[[(8.21, 12.37), (1.75, 5.91)]]",16
"[[(3.92, 8.08), (0.01, 4.17)]]",20
"[[(4.46, 8.62), (10.67, 14.83)]]",16
"[[(7.24, 11.4), (10.34, 14.5)]]",16
"[[(8.57, 12.73), (5.96, 10.12)]]",20
"[[(1.27, 5.43), (10.35, 14.51)]]",16
"[[(2.81, 6.97), (0.12, 4.28)]]",16
"[[(7.81, 11.97), (2.9, 7.06)]]",20
"[[(2.37, 6.53), (2.88, 7.04)]]",20
"[[(10.24, 14.4), (10.61, 14.77)]]",16
"[[(7.17, 11.33), (5.36, 9.52)]]",16
"[[(3.92, 8.08), (4.73, 8.89)]]",20
"[[(8.57, 12.73), (3.56, 7.72)]]",16
"[[(2.04, 6.2), (6.37, 10.53)]]",16
"[[(2.59, 6.75), (10.66, 14.82)]]",16
"[[(8.64, 12.8), (4.47, 8.63)]]",16
"[[(3.78, 7.94), (10.51, 14.67)]]",16
"[[(6.66, 10.82), (6.56, 10.72)]]",16
"[[(0.96, 5.12), (5.69, 9.85)]]",20
"[[(1.96, 6.12), (1.0, 5.16)]]",25
"[[(5.03, 9.19), (9.47, 13.63)]]",16
"[[(5.92, 10.08), (2.2, 6.36)]]",20
"[[(2.29, 6.45), (6.73, 10.89)]]",16
"[[(8.48, 12.64), (1.57, 5.73)]]",16
"[[(0.73, 4.89), (4.0, 8.16)]]",20
"[[(10.53, 14.69), (7.47, 11.63)]]",16
"[[(7.76, 11.92), (9.77, 13.93)]]",16
"[[(0.22, 4.38), (0.02, 4.18)]]",16
"[[(8.54, 12.7), (3.28, 7.44)]]",16
"[[(1.46, 5.62), (8.26, 12.42)]]",16
"[[(1.65, 5.81), (6.39, 10.55)]]",16
"[[(5.78, 9.94), (7.9, 12.06)]]",20
"[[(10.4, 14.56), (3.39, 7.55)]]",16
"[[(7.26, 11.42), (9.72, 13.88)]]",16
"[[(1.23, 5.39), (0.31, 4.47)]]",16
"[[(2.02, 6.18), (8.89, 13.05)]]",20
"[[(4.87, 9.03), (2.45, 6.61)]]",20
"[[(8.33, 12.49), (4.21, 8.37)]]",16
"[[(7.18, 11.34), (6.63, 10.79)]]",16
"[[(6.84, 11.0), (8.95, 13.11)]]",25
"[[(10.35, 14.51), (0.56, 4.72)]]",16
"[[(2.87, 7.03), (6.6, 10.76)]]",20
"[[(1.02, 5.18), (5.49, 9.65)]]",16
"[[(9.76, 13.92), (6.47, 10.63)]]",16
"[[(9.01, 13.17), (9.76, 13.92)]]",16
"[[(10.74, 14.9), (3.76, 7.92)]]",16
"[[(7.05, 11.21), (3.33, 7.49)]]",16
"[[(0.7, 4.86), (2.95, 7.11)]]",20
"[[(9.81, 13.97), (2.63, 6.79)]]",16
"[[(0.03, 4.19), (6.05, 10.21)]]",16
"[[(4.79, 8.95), (9.7, 13.86)]]",16
"[[(3.98, 8.14), (2.65, 6.81)]]",20
"[[(5.33, 9.49), (0.42, 4.58)]]",16
"[[(0.97, 5.13), (7.07, 11.23)]]",20
"[[(9.33, 13.49), (3.33, 7.49)]]",16
"[[(9.35, 13.51), (7.15, 11.31)]]",16
"[[(3.04, 7.2), (3.28, 7.44)]]",16
"[[(8.3, 12.46), (0.07, 4.23)]]",16
"[[(6.34, 10.5), (9.83, 13.99)]]",16
"[[(0.68, 4.84), (5.68, 9.84)]]",16
"[[(2.77, 6.93), (10.69, 14.85)]]",16
"[[(3.36, 7.52), (0.16, 4.32)]]",16
"[[(4.53, 8.69), (5.77, 9.93)]]",16
"[[(6.52, 10.68), (5.04, 9.2)]]",16
"[[(4.17, 8.33), (10.38, 14.54)]]",16
"[[(4.89, 9.05), (3.05, 7.21)]]",20
"[[(8.33, 12.49), (9.96, 14.12)]]",20
"[[(1.85, 6.01), (3.19, 7.35)]]",20
"[[(0.85, 5.01), (1.46, 5.62)]]",20
"[[(5.52, 9.68), (4.86, 9.02)]]",20
"[[(10.59, 14.75), (0.77, 4.93)]]",16
"[[(3.21, 7.37), (3.1, 7.26)]]",16
"[[(10.07, 14.23), (1.59, 5.75)]]",16
"[[(8.41, 12.57), (5.95, 10.11)]]",20
"[[(7.03, 11.19), (9.26, 13.42)]]",16
"[[(6.21, 10.37), (10.68, 14.84)]]",16
"[[(3.27, 7.43), (5.84, 10.0)]]",20
"[[(5.71, 9.87), (6.79, 10.95)]]",16
"[[(7.82, 11.98), (8.16, 12.32)]]",16
"[[(9.94, 14.1), (5.69, 9.85)]]",20
"[[(3.15, 7.31), (2.03, 6.19)]]",16
"[[(2.59, 6.75), (7.57, 11.73)]]",16
"[[(1.94, 6.1), (10.1, 14.26)]]",20
"[[(9.95, 14.11), (9.14, 13.3)]]",20
"[[(7.25, 11.41), (1.6, 5.76)]]",16
"[[(8.57, 12.73), (9.07, 13.23)]]",16
"[[(2.13, 6.29), (2.91, 7.07)]]",20
"[[(9.83, 13.99), (6.32, 10.48)]]",16
"[[(2.89, 7.05), (5.29, 9.45)]]",20
"[[(1.34, 5.5), (8.28, 12.44)]]",16
"[[(0.27, 4.43), (9.48, 13.64)]]",16
"[[(6.08, 10.24), (7.99, 12.15)]]",20
"[[(6.62, 10.78), (0.52, 4.68)]]",16
"[[(5.76, 9.92), (4.58, 8.74)]]",16
"[[(5.88, 10.04), (8.61, 12.77)]]",20
"[[(0.62, 4.78), (2.2, 6.36)]]",16
"[[(8.45, 12.61), (1.6, 5.76)]]",16
"[[(10.07, 14.23), (8.12, 12.28)]]",16
"[[(10.83, 14.99), (1.63, 5.79)]]",16
"[[(5.06, 9.22), (0.34, 4.5)]]",16
"[[(3.96, 8.12), (7.76, 11.92)]]",20
"[[(3.33, 7.49), (7.82, 11.98)]]",16
"[[(2.82, 6.98), (3.52, 7.68)]]",16
"[[(5.08, 9.24), (3.52, 7.68)]]",16
"[[(3.53, 7.69), (7.15, 11.31)]]",16
"[[(4.03, 8.19), (3.78, 7.94)]]",16
"[[(5.46, 9.62), (6.89, 11.05)]]",20
"[[(1.44, 5.6), (3.27, 7.43)]]",16
"[[(9.42, 13.58), (4.41, 8.57)]]",16
"[[(9.79, 13.95), (4.62, 8.78)]]",16
"[[(8.41, 12.57), (0.12, 4.28)]]",16
"[[(8.92, 13.08), (6.49, 10.65)]]",20
"[[(2.07, 6.23), (9.97, 14.13)]]",20
"[[(9.0, 13.16), (10.39, 14.55)]]",20
"[[(0.71, 4.87), (9.82, 13.98)]]",16
"[[(1.0, 5.16), (3.3, 7.46)]]",20
"[[(10.48, 14.64), (9.15, 13.31)]]",16
"[[(3.36, 7.52), (7.51, 11.67)]]",16
"[[(0.48, 4.64), (9.48, 13.64)]]",16
"[[(6.03, 10.19), (1.26, 5.42)]]",16
"[[(8.15, 12.31), (4.13, 8.29)]]",16
"[[(10.56, 14.72), (0.57, 4.73)]]",16
"[[(1.6, 5.76), (3.0, 7.16)]]",20
"[[(4.47, 8.63), (3.93, 8.09)]]",20
"[[(1.61, 5.77), (0.73, 4.89)]]",16
"[[(2.74, 6.9), (6.83, 10.99)]]",16
"[[(10.36, 14.52), (10.08, 14.24)]]",16
"[[(5.76, 9.92), (7.38, 11.54)]]",16
"[[(4.44, 8.6), (8.59, 12.75)]]",16
"[[(9.95, 14.11), (10.8, 14.96)]]",20
"[[(9.62, 13.78), (9.66, 13.82)]]",16
"[[(2.61, 6.77), (5.56, 9.72)]]",16
"[[(4.45, 8.61), (6.81, 10.97)]]",16
"[[(6.91, 11.07), (1.69, 5.85)]]",20
"[[(7.31, 11.47), (10.24, 14.4)]]",16
"[[(9.29, 13.45), (9.19, 13.35)]]",16
"[[(2.3, 6.46), (9.41, 13.57)]]",16
"[[(0.58, 4.74), (2.59, 6.75)]]",16
"[[(7.74, 11.9), (9.45, 13.61)]]",16
"[[(8.26, 12.42), (3.62, 7.78)]]",16
"[[(9.35, 13.51), (2.57, 6.73)]]",16
"[[(3.2, 7.36), (8.03, 12.19)]]",16
"[[(8.55, 12.71), (4.8, 8.96)]]",16
"[[(7.81, 11.97), (6.33, 10.49)]]",16
"[[(3.39, 7.55), (0.68, 4.84)]]",16
"[[(9.65, 13.81), (8.9, 13.06)]]",20
"[[(10.4, 14.56), (9.28, 13.44)]]",16
"[[(8.58, 12.74), (1.83, 5.99)]]",16
"[[(10.57, 14.73), (4.58, 8.74)]]",16
"[[(6.47, 10.63), (8.32, 12.48)]]",16
"[[(3.39, 7.55), (8.03, 12.19)]]",16
"[[(7.8, 11.96), (4.76, 8.92)]]",16
"[[(6.86, 11.02), (9.17, 13.33)]]",20
"[[(0.36, 4.52), (10.76, 14.92)]]",16
"[[(1.63, 5.79), (3.11, 7.27)]]",16
"[[(4.79, 8.95), (4.59, 8.75)]]",16
"[[(8.91, 13.07), (7.6, 11.76)]]",20
"[[(7.59, 11.75), (5.32, 9.48)]]",16
"[[(8.97, 13.13), (7.06, 11.22)]]",20
"[[(1.17, 5.33), (7.28, 11.44)]]",16
"[[(0.91, 5.07), (6.07, 10.23)]]",20
"[[(1.12, 5.28), (2.01, 6.17)]]",16
"[[(10.65, 14.81), (5.93, 10.09)]]",20
"[[(5.65, 9.81), (3.78, 7.94)]]",16
"[[(5.27, 9.43), (10.72, 14.88)]]",16
"[[(1.07, 5.23), (10.33, 14.49)]]",16
"[[(0.19, 4.35), (3.36, 7.52)]]",16
"[[(1.02, 5.18), (7.2, 11.36)]]",16
"[[(1.36, 5.52), (5.44, 9.6)]]",16
"[[(9.18, 13.34), (5.01, 9.17)]]",16
"[[(6.02, 10.18), (10.58, 14.74)]]",16
"[[(9.19, 13.35), (8.89, 13.05)]]",20
"[[(7.58, 11.74), (3.96, 8.12)]]",20
"[[(7.42, 11.58), (0.23, 4.39)]]",16
"[[(1.64, 5.8), (8.36, 12.52)]]",16
"[[(1.79, 5.95), (7.73, 11.89)]]",16
"[[(4.41, 8.57), (10.21, 14.37)]]",16
"[[(1.24, 5.4), (1.86, 6.02)]]",20
"[[(4.32, 8.48), (2.07, 6.23)]]",16
"[[(10.35, 14.51), (6.12, 10.28)]]",16
"[[(10.65, 14.81), (6.33, 10.49)]]",16
"[[(3.28, 7.44), (7.08, 11.24)]]",16
"[[(3.46, 7.62), (6.29, 10.45)]]",16
"[[(4.31, 8.47), (9.06, 13.22)]]",16
"[[(9.25, 13.41), (1.39, 5.55)]]",16
"[[(0.27, 4.43), (6.28, 10.44)]]",16
"[[(4.8, 8.96), (3.59, 7.75)]]",16
"[[(5.4, 9.56), (9.25, 13.41)]]",16
"[[(6.13, 10.29), (2.81, 6.97)]]",16
"[[(9.8, 13.96), (0.36, 4.52)]]",16
"[[(8.1, 12.26), (0.18, 4.34)]]",16
"[[(1.87, 6.03), (1.68, 5.84)]]",20
"[[(2.61, 6.77), (4.44, 8.6)]]",16
"[[(2.01, 6.17), (5.33, 9.49)]]",16
"[[(10.29, 14.45), (4.62, 8.78)]]",16
"[[(0.99, 5.15), (9.24, 13.4)]]",20
"[[(3.91, 8.07), (5.85, 10.01)]]",25
"[[(6.64, 10.8), (4.34, 8.5)]]",16
"[[(5.68, 9.84), (9.49, 13.65)]]",16
"[[(0.43, 4.59), (0.02, 4.18)]]",16
"[[(4.57, 8.73), (9.01, 13.17)]]",16
"[[(5.5, 9.66), (8.27, 12.43)]]",16
"[[(7.69, 11.85), (9.19, 13.35)]]",16
"[[(3.1, 7.26), (0.36, 4.52)]]",16
"[[(8.83, 12.99), (8.47, 12.63)]]",16
"[[(7.46, 11.62), (6.14, 10.3)]]",16
"[[(10.66, 14.82), (5.34, 9.5)]]",16
"[[(4.25, 8.41), (2.16, 6.32)]]",16
"[[(2.45, 6.61), (7.32, 11.48)]]",16
"[[(0.14, 4.3), (7.17, 11.33)]]",16
"[[(9.92, 14.08), (0.54, 4.7)]]",20
"[[(2.01, 6.17), (8.68, 12.84)]]",16
"[[(5.41, 9.57), (8.72, 12.88)]]",16
"[[(6.65, 10.81), (7.89, 12.05)]]",20
"[[(3.69, 7.85), (2.48, 6.64)]]",16
"[[(6.32, 10.48), (7.04, 11.2)]]",16
"[[(0.46, 4.62), (10.12, 14.28)]]",16
"[[(0.06, 4.22), (7.28, 11.44)]]",16
"[[(5.34, 9.5), (3.92, 8.08)]]",20
"[[(1.01, 5.17), (6.35, 10.51)]]",16
"[[(10.21, 14.37), (7.91, 12.07)]]",20
"[[(5.84, 10.0), (10.8, 14.96)]]",20
"[[(8.6, 12.76), (7.46, 11.62)]]",16
"[[(0.12, 4.28), (8.03, 12.19)]]",16
"[[(1.0, 5.16), (2.96, 7.12)]]",25
"[[(10.61, 14.77), (4.85, 9.01)]]",20
"[[(5.31, 9.47), (3.65, 7.81)]]",16
"[[(5.29, 9.45), (10.54, 14.7)]]",16
"[[(4.41, 8.57), (5.4, 9.56)]]",16
"[[(1.27, 5.43), (9.84, 14.0)]]",20
"[[(4.22, 8.38), (2.81, 6.97)]]",16
"[[(2.59, 6.75), (6.51, 10.67)]]",16
"[[(9.7, 13.86), (2.92, 7.08)]]",20
"[[(0.41, 4.57), (7.01, 11.17)]]",16
"[[(6.61, 10.77), (4.84, 9.0)]]",20
"[[(2.61, 6.77), (5.23, 9.39)]]",16
"[[(2.77, 6.93), (3.19, 7.35)]]",16
"[[(10.68, 14.84), (5.69, 9.85)]]",16
"[[(7.7, 11.86), (10.29, 14.45)]]",16
"[[(5.34, 9.5), (2.43, 6.59)]]",16
"[[(9.95, 14.11), (4.29, 8.45)]]",20
"[[(6.49, 10.65), (6.91, 11.07)]]",20
"[[(4.92, 9.08), (10.5, 14.66)]]",20
"[[(9.9, 14.06), (2.41, 6.57)]]",20
"[[(2.91, 7.07), (10.23, 14.39)]]",20
"[[(8.13, 12.29), (1.61, 5.77)]]",16
"[[(1.06, 5.22), (0.99, 5.15)]]",20
"[[(7.26, 11.42), (4.63, 8.79)]]",16
"[[(8.0, 12.16), (2.47, 6.63)]]",20
"[[(8.23, 12.39), (10.03, 14.19)]]",16
"[[(0.53, 4.69), (10.28, 14.44)]]",16
"[[(8.52, 12.68), (4.34, 8.5)]]",16
"[[(1.02, 5.18), (6.72, 10.88)]]",16
"[[(8.11, 12.27), (10.5, 14.66)]]",16
"[[(2.5, 6.66), (1.09, 5.25)]]",16
"[[(7.9, 12.06), (9.74, 13.9)]]",20
"[[(3.55, 7.71), (9.67, 13.83)]]",16
"[[(9.18, 13.34), (6.59, 10.75)]]",16
"[[(5.26, 9.42), (6.63, 10.79)]]",16
"[[(1.13, 5.29), (2.57, 6.73)]]",16
"[[(5.84, 10.0), (5.73, 9.89)]]",20
"[[(7.03, 11.19), (2.72, 6.88)]]",16
"[[(7.51, 11.67), (5.21, 9.37)]]",16
"[[(0.67, 4.83), (3.46, 7.62)]]",16
"[[(10.04, 14.2), (6.21, 10.37)]]",16
"[[(6.23, 10.39), (4.18, 8.34)]]",16
"[[(0.45, 4.61), (8.89, 13.05)]]",20
"[[(6.46, 10.62), (0.03, 4.19)]]",16
"[[(2.53, 6.69), (10.34, 14.5)]]",16
"[[(7.36, 11.52), (5.02, 9.18)]]",16
"[[(2.04, 6.2), (2.39, 6.55)]]",16
"[[(3.38, 7.54), (4.37, 8.53)]]",16
"[[(6.01, 10.17), (3.88, 8.04)]]",20
"[[(6.42, 10.58), (2.68, 6.84)]]",16
"[[(5.23, 9.39), (5.47, 9.63)]]",16
"[[(8.14, 12.3), (2.54, 6.7)]]",16
"[[(1.94, 6.1), (5.59, 9.75)]]",20
"[[(5.21, 9.37), (6.75, 10.91)]]",16
"[[(10.36, 14.52), (6.01, 10.17)]]",16
"[[(2.71, 6.87), (5.76, 9.92)]]",16
"[[(1.98, 6.14), (2.27, 6.43)]]",20
"[[(8.69, 12.85), (7.37, 11.53)]]",16
"[[(10.11, 14.27), (8.35, 12.51)]]",16
"[[(0.18, 4.34), (2.7, 6.86)]]",16
"[[(0.9, 5.06), (6.94, 11.1)]]",25
"[[(7.39, 11.55), (7.06, 11.22)]]",16
"[[(6.58, 10.74), (1.91, 6.07)]]",20
"[[(3.57, 7.73), (5.53, 9.69)]]",16
"[[(10.21, 14.37), (6.61, 10.77)]]",16
"[[(8.16, 12.32), (3.25, 7.41)]]",16
"[[(6.49, 10.65), (8.39, 12.55)]]",16
"[[(5.05, 9.21), (2.76, 6.92)]]",16
"[[(1.43, 5.59), (7.93, 12.09)]]",20
"[[(4.97, 9.13), (1.14, 5.3)]]",20
"[[(1.66, 5.82), (0.18, 4.34)]]",16
"[[(0.17, 4.33), (10.07, 14.23)]]",16
"[[(1.54, 5.7), (1.06, 5.22)]]",16
"[[(6.8, 10.96), (8.26, 12.42)]]",16
"[[(7.8, 11.96), (2.35, 6.51)]]",16
"[[(6.39, 10.55), (0.9, 5.06)]]",20
"[[(5.34, 9.5), (7.39, 11.55)]]",16
"[[(8.29, 12.45), (2.15, 6.31)]]",16
"[[(8.21, 12.37), (9.09, 13.25)]]",16
"[[(5.04, 9.2), (0.86, 5.02)]]",20
"[[(3.89, 8.05), (6.65, 10.81)]]",20
"[[(7.91, 12.07), (6.58, 10.74)]]",20
"[[(5.84, 10.0), (1.24, 5.4)]]",20
"[[(4.36, 8.52), (8.08, 12.24)]]",16
"[[(10.32, 14.48), (7.97, 12.13)]]",20
"[[(2.53, 6.69), (4.42, 8.58)]]",16
"[[(0.07, 4.23), (5.0, 9.16)]]",20
"[[(2.28, 6.44), (4.58, 8.74)]]",16
"[[(10.55, 14.71), (4.64, 8.8)]]",16
"[[(10.71, 14.87), (4.91, 9.07)]]",20
"[[(5.52, 9.68), (7.94, 12.1)]]",20
"[[(4.44, 8.6), (5.27, 9.43)]]",16
"[[(7.14, 11.3), (0.81, 4.97)]]",16
"[[(1.21, 5.37), (7.78, 11.94)]]",16
"[[(5.24, 9.4), (0.81, 4.97)]]",16
"[[(2.44, 6.6), (8.72, 12.88)]]",16
"[[(1.01, 5.17), (9.21, 13.37)]]",16
"[[(0.37, 4.53), (2.37, 6.53)]]",16
"[[(4.43, 8.59), (9.85, 14.01)]]",20
"[[(2.62, 6.78), (6.27, 10.43)]]",16
"[[(4.17, 8.33), (1.24, 5.4)]]",16
"[[(9.55, 13.71), (7.49, 11.65)]]",16
"[[(1.37, 5.53), (9.12, 13.28)]]",16
"[[(9.05, 13.21), (10.19, 14.35)]]",16
"[[(0.22, 4.38), (9.85, 14.01)]]",20
"[[(3.05, 7.21), (5.69, 9.85)]]",16
"[[(10.61, 14.77), (10.48, 14.64)]]",16
"[[(5.5, 9.66), (5.39, 9.55)]]",16
"[[(9.28, 13.44), (0.04, 4.2)]]",16
"[[(7.72, 11.88), (0.43, 4.59)]]",16
"[[(2.59, 6.75), (0.53, 4.69)]]",16
"[[(9.78, 13.94), (7.77, 11.93)]]",16
"[[(4.26, 8.42), (4.94, 9.1)]]",20
"[[(4.1, 8.26), (4.89, 9.05)]]",20
"[[(5.36, 9.52), (6.0, 10.16)]]",20
"[[(9.12, 13.28), (1.11, 5.27)]]",16
"[[(4.3, 8.46), (1.43, 5.59)]]",16
"[[(9.25, 13.41), (0.46, 4.62)]]",16
"[[(4.75, 8.91), (9.22, 13.38)]]",16
"[[(1.99, 6.15), (10.42, 14.58)]]",20
"[[(7.83, 11.99), (7.35, 11.51)]]",16
"[[(6.62, 10.78), (10.83, 14.99)]]",16
"[[(5.42, 9.58), (2.63, 6.79)]]",16
"[[(6.0, 10.16), (2.14, 6.3)]]",20
"[[(3.17, 7.33), (4.88, 9.04)]]",20
"[[(9.75, 13.91), (0.94, 5.1)]]",20
"[[(2.51, 6.67), (6.62, 10.78)]]",16
"[[(5.94, 10.1), (5.65, 9.81)]]",20
"[[(2.16, 6.32), (2.07, 6.23)]]",16
"[[(4.12, 8.28), (9.35, 13.51)]]",16
"[[(5.45, 9.61), (2.63, 6.79)]]",16
"[[(3.02, 7.18), (2.66, 6.82)]]",16
"[[(5.52, 9.68), (6.17, 10.33)]]",16
"[[(5.65, 9.81), (6.13, 10.29)]]",16
"[[(4.6, 8.76), (9.24, 13.4)]]",16
"[[(10.26, 14.42), (9.44, 13.6)]]",16
"[[(7.73, 11.89), (2.48, 6.64)]]",16
"[[(5.37, 9.53), (9.81, 13.97)]]",16
"[[(1.83, 5.99), (7.56, 11.72)]]",16
"[[(9.71, 13.87), (3.01, 7.17)]]",16
"[[(9.61, 13.77), (6.62, 10.78)]]",16
"[[(0.72, 4.88), (7.44, 11.6)]]",16
"[[(0.18, 4.34), (3.23, 7.39)]]",16
"[[(8.61, 12.77), (4.42, 8.58)]]",16
"[[(7.5, 11.66), (10.19, 14.35)]]",16
"[[(1.73, 5.89), (3.78, 7.94)]]",16
"[[(4.12, 8.28), (1.61, 5.77)]]",16
"[[(4.91, 9.07), (6.83, 10.99)]]",20
"[[(3.02, 7.18), (0.97, 5.13)]]",20
"[[(1.24, 5.4), (9.52, 13.68)]]",16
"[[(9.69, 13.85), (9.18, 13.34)]]",16
"[[(3.85, 8.01), (9.67, 13.83)]]",20
"[[(4.85, 9.01), (1.92, 6.08)]]",25
"[[(3.89, 8.05), (2.99, 7.15)]]",25
"[[(9.03, 13.19), (0.37, 4.53)]]",16
"[[(3.39, 7.55), (1.15, 5.31)]]",16
"[[(5.04, 9.2), (2.2, 6.36)]]",16
"[[(10.39, 14.55), (7.82, 11.98)]]",16
"[[(0.03, 4.19), (3.99, 8.15)]]",20
"[[(8.74, 12.9), (3.14, 7.3)]]",16
"[[(0.82, 4.98), (3.12, 7.28)]]",16
"[[(8.52, 12.68), (0.2, 4.36)]]",16
"[[(10.32, 14.48), (3.32, 7.48)]]",16
"[[(9.94, 14.1), (10.4, 14.56)]]",20
"[[(6.57, 10.73), (8.25, 12.41)]]",16
"[[(9.97, 14.13), (2.55, 6.71)]]",20
"[[(0.03, 4.19), (8.16, 12.32)]]",16
"[[(1.39, 5.55), (4.71, 8.87)]]",16
"[[(1.37, 5.53), (6.89, 11.05)]]",20
"[[(7.53, 11.69), (6.68, 10.84)]]",16
"[[(8.24, 12.4), (8.89, 13.05)]]",20
"[[(3.01, 7.17), (10.81, 14.97)]]",16
"[[(7.98, 12.14), (1.62, 5.78)]]",20
"[[(1.7, 5.86), (2.31, 6.47)]]",16
"[[(4.24, 8.4), (9.47, 13.63)]]",16
"[[(5.59, 9.75), (4.51, 8.67)]]",16
"[[(4.0, 8.16), (5.09, 9.25)]]",20
"[[(7.11, 11.27), (2.34, 6.5)]]",16
"[[(3.22, 7.38), (1.69, 5.85)]]",16
"[[(9.9, 14.06), (10.77, 14.93)]]",20
"[[(1.57, 5.73), (1.71, 5.87)]]",16
"[[(5.56, 9.72), (0.9, 5.06)]]",20
"[[(9.48, 13.64), (8.48, 12.64)]]",16
"[[(3.13, 7.29), (6.23, 10.39)]]",16
"[[(6.84, 11.0), (7.13, 11.29)]]",20
"[[(6.14, 10.3), (8.39, 12.55)]]",16
"[[(8.8, 12.96), (6.16, 10.32)]]",16
"[[(9.16, 13.32), (10.58, 14.74)]]",16
"[[(6.45, 10.61), (9.51, 13.67)]]",16
"[[(9.95, 14.11), (8.74, 12.9)]]",20
"[[(0.34, 4.5), (6.55, 10.71)]]",16
"[[(5.5, 9.66), (6.54, 10.7)]]",16
"[[(9.21, 13.37), (9.36, 13.52)]]",16
"[[(10.06, 14.22), (10.77, 14.93)]]",16
"[[(2.57, 6.73), (10.24, 14.4)]]",16
"[[(1.53, 5.69), (9.02, 13.18)]]",16
"[[(7.91, 12.07), (7.02, 11.18)]]",20
"[[(1.09, 5.25), (8.88, 13.04)]]",20
"[[(2.22, 6.38), (1.02, 5.18)]]",16
"[[(3.12, 7.28), (9.76, 13.92)]]",16
"[[(3.32, 7.48), (4.82, 8.98)]]",16
"[[(10.48, 14.64), (0.73, 4.89)]]",16
"[[(10.5, 14.66), (9.29, 13.45)]]",16
"[[(10.24, 14.4), (10.06, 14.22)]]",16
"[[(8.16, 12.32), (7.74, 11.9)]]",16
"[[(5.39, 9.55), (7.27, 11.43)]]",16
"[[(4.6, 8.76), (0.97, 5.13)]]",20
"[[(6.64, 10.8), (1.04, 5.2)]]",16
"[[(8.17, 12.33), (9.71, 13.87)]]",16
"[[(7.16, 11.32), (4.46, 8.62)]]",16
"[[(0.96, 5.12), (2.94, 7.1)]]",25
"[[(7.76, 11.92), (10.83, 14.99)]]",16
"[[(8.42, 12.58), (8.35, 12.51)]]",16
"[[(7.25, 11.41), (0.25, 4.41)]]",16
"[[(2.85, 7.01), (4.63, 8.79)]]",20
"[[(1.08, 5.24), (1.55, 5.71)]]",16
"[[(7.68, 11.84), (3.55, 7.71)]]",16
"[[(10.28, 14.44), (7.65, 11.81)]]",16
"[[(4.28, 8.44), (6.67, 10.83)]]",16
"[[(2.39, 6.55), (7.04, 11.2)]]",16
"[[(7.2, 11.36), (1.5, 5.66)]]",16
"[[(8.18, 12.34), (1.75, 5.91)]]",16
"[[(2.2, 6.36), (2.68, 6.84)]]",16
"[[(1.01, 5.17), (8.3, 12.46)]]",16
"[[(2.1, 6.26), (9.33, 13.49)]]",16
"[[(5.69, 9.85), (1.7, 5.86)]]",16
"[[(3.96, 8.12), (10.04, 14.2)]]",20
"[[(7.84, 12.0), (8.56, 12.72)]]",20
"[[(1.04, 5.2), (7.73, 11.89)]]",16
"[[(10.39, 14.55), (7.16, 11.32)]]",16
"[[(6.25, 10.41), (3.33, 7.49)]]",16
"[[(7.33, 11.49), (0.66, 4.82)]]",16
"[[(1.09, 5.25), (10.2, 14.36)]]",16
"[[(3.55, 7.71), (8.57, 12.73)]]",16
"[[(0.12, 4.28), (10.69, 14.85)]]",16
"[[(1.47, 5.63), (8.54, 12.7)]]",16
"[[(3.81, 7.97), (2.06, 6.22)]]",16
"[[(4.6, 8.76), (2.59, 6.75)]]",16
"[[(5.04, 9.2), (7.28, 11.44)]]",16
"[[(6.75, 10.91), (7.77, 11.93)]]",16
"[[(0.21, 4.37), (9.97, 14.13)]]",20
"[[(1.63, 5.79), (7.75, 11.91)]]",16
"[[(10.07, 14.23), (3.7, 7.86)]]",16
"[[(2.75, 6.91), (2.31, 6.47)]]",16
"[[(1.81, 5.97), (5.97, 10.13)]]",20
"[[(10.43, 14.59), (9.5, 13.66)]]",16
"[[(6.28, 10.44), (3.52, 7.68)]]",16
"[[(8.85, 13.01), (6.92, 11.08)]]",25
"[[(3.66, 7.82), (9.48, 13.64)]]",16
"[[(9.95, 14.11), (4.87, 9.03)]]",25
"[[(2.37, 6.53), (3.05, 7.21)]]",16
"[[(0.66, 4.82), (5.78, 9.94)]]",16
"[[(7.2, 11.36), (0.47, 4.63)]]",16
"[[(5.74, 9.9), (10.62, 14.78)]]",16
"[[(5.73, 9.89), (3.57, 7.73)]]",16
"[[(6.3, 10.46), (10.64, 14.8)]]",16
"[[(2.36, 6.52), (8.54, 12.7)]]",16
"[[(5.05, 9.21), (6.03, 10.19)]]",16
"[[(6.18, 10.34), (6.06, 10.22)]]",16
"[[(0.92, 5.08), (0.94, 5.1)]]",25
"[[(3.41, 7.57), (0.32, 4.48)]]",16
"[[(0.27, 4.43), (6.78, 10.94)]]",16
"[[(3.39, 7.55), (1.52, 5.68)]]",16
"[[(8.39, 12.55), (4.77, 8.93)]]",16
"[[(7.84, 12.0), (4.54, 8.7)]]",20
"[[(7.14, 11.3), (5.79, 9.95)]]",16
"[[(9.83, 13.99), (0.4, 4.56)]]",16
"[[(9.33, 13.49), (5.51, 9.67)]]",16
"[[(3.61, 7.77), (2.25, 6.41)]]",16
"[[(2.44, 6.6), (8.2, 12.36)]]",16
"[[(9.07, 13.23), (9.95, 14.11)]]",20
"[[(3.19, 7.35), (1.86, 6.02)]]",20
"[[(1.76, 5.92), (8.3, 12.46)]]",16
"[[(9.28, 13.44), (2.7, 6.86)]]",16
"[[(8.37, 12.53), (10.71, 14.87)]]",16
"[[(6.77, 10.93), (4.79, 8.95)]]",16
"[[(3.03, 7.19), (9.18, 13.34)]]",16
"[[(2.71, 6.87), (2.46, 6.62)]]",16
"[[(8.94, 13.1), (5.86, 10.02)]]",25
"[[(7.48, 11.64), (6.72, 10.88)]]",16
"[[(0.41, 4.57), (10.08, 14.24)]]",16
"[[(4.55, 8.71), (5.47, 9.63)]]",16
"[[(1.77, 5.93), (6.88, 11.04)]]",20
"[[(3.41, 7.57), (9.19, 13.35)]]",16
"[[(0.01, 4.17), (7.7, 11.86)]]",16
"[[(3.29, 7.45), (4.93, 9.09)]]",20
"[[(4.3, 8.46), (7.01, 11.17)]]",16
"[[(0.33, 4.49), (7.86, 12.02)]]",20
"[[(10.51, 14.67), (6.89, 11.05)]]",20
"[[(4.37, 8.53), (9.6, 13.76)]]",16
"[[(10.63, 14.79), (9.13, 13.29)]]",16
"[[(4.22, 8.38), (0.82, 4.98)]]",16
"[[(8.37, 12.53), (1.26, 5.42)]]",16
"[[(0.03, 4.19), (1.47, 5.63)]]",16
"[[(5.11, 9.27), (5.6, 9.76)]]",16
"[[(8.96, 13.12), (5.56, 9.72)]]",20
"[[(6.54, 10.7), (7.19, 11.35)]]",16
"[[(6.08, 10.24), (2.62, 6.78)]]",16
"[[(2.2, 6.36), (1.65, 5.81)]]",16
"[[(0.69, 4.85), (1.02, 5.18)]]",16
"[[(7.55, 11.71), (7.37, 11.53)]]",16
"[[(4.08, 8.24), (9.01, 13.17)]]",16
"[[(3.1, 7.26), (1.55, 5.71)]]",16
"[[(9.71, 13.87), (5.24, 9.4)]]",16
"[[(7.37, 11.53), (3.12, 7.28)]]",16
"[[(4.53, 8.69), (0.08, 4.24)]]",16
"[[(5.29, 9.45), (7.28, 11.44)]]",16
"[[(5.88, 10.04), (3.78, 7.94)]]",20
"[[(4.0, 8.16), (4.44, 8.6)]]",20
"[[(10.04, 14.2), (3.4, 7.56)]]",16
"[[(6.16, 10.32), (0.69, 4.85)]]",16
"[[(2.58, 6.74), (1.02, 5.18)]]",16
"[[(0.45, 4.61), (2.99, 7.15)]]",20
"[[(8.95, 13.11), (2.14, 6.3)]]",20
"[[(6.7, 10.86), (5.21, 9.37)]]",16
"[[(0.12, 4.28), (0.24, 4.4)]]",16
"[[(9.59, 13.75), (5.43, 9.59)]]",16
"[[(0.13, 4.29), (7.55, 11.71)]]",16
"[[(9.78, 13.94), (5.64, 9.8)]]",16
"[[(5.97, 10.13), (0.68, 4.84)]]",20
"[[(1.87, 6.03), (2.75, 6.91)]]",20
"[[(9.76, 13.92), (5.83, 9.99)]]",16
"[[(8.37, 12.53), (3.23, 7.39)]]",16
"[[(1.51, 5.67), (5.84, 10.0)]]",20
"[[(2.61, 6.77), (5.12, 9.28)]]",16
"[[(9.73, 13.89), (6.75, 10.91)]]",16
"[[(0.88, 5.04), (9.19, 13.35)]]",20
"[[(8.23, 12.39), (2.8, 6.96)]]",16
"[[(3.43, 7.59), (7.5, 11.66)]]",16
"[[(10.37, 14.53), (6.57, 10.73)]]",16
"[[(0.99, 5.15), (9.07, 13.23)]]",20
"[[(5.04, 9.2), (2.19, 6.35)]]",16
"[[(5.0, 9.16), (7.45, 11.61)]]",20
"[[(2.13, 6.29), (4.47, 8.63)]]",16
"[[(0.35, 4.51), (0.27, 4.43)]]",16
"[[(1.63, 5.79), (8.78, 12.94)]]",16
"[[(1.61, 5.77), (5.28, 9.44)]]",16
"[[(5.72, 9.88), (0.01, 4.17)]]",16
"[[(3.41, 7.57), (0.22, 4.38)]]",16
"[[(4.33, 8.49), (7.71, 11.87)]]",16
"[[(6.62, 10.78), (7.52, 11.68)]]",16
"[[(8.68, 12.84), (6.02, 10.18)]]",16
"[[(8.47, 12.63), (7.89, 12.05)]]",20
"[[(1.02, 5.18), (5.96, 10.12)]]",20
"[[(2.06, 6.22), (4.57, 8.73)]]",16
"[[(7.33, 11.49), (7.51, 11.67)]]",16
"[[(8.8, 12.96), (10.58, 14.74)]]",16
"[[(10.27, 14.43), (1.89, 6.05)]]",20
"[[(6.99, 11.15), (5.39, 9.55)]]",20
"[[(10.45, 14.61), (1.64, 5.8)]]",16
"[[(6.84, 11.0), (5.26, 9.42)]]",20
"[[(7.61, 11.77), (0.17, 4.33)]]",16
"[[(3.16, 7.32), (1.48, 5.64)]]",16
"[[(1.98, 6.14), (7.52, 11.68)]]",20
"[[(3.35, 7.51), (1.34, 5.5)]]",16
"[[(10.65, 14.81), (4.94, 9.1)]]",20
"[[(0.12, 4.28), (5.05, 9.21)]]",16
"[[(8.93, 13.09), (7.03, 11.19)]]",20
"[[(0.89, 5.05), (10.49, 14.65)]]",20
"[[(1.73, 5.89), (7.0, 11.16)]]",20
"[[(7.93, 12.09), (1.22, 5.38)]]",20
"[[(2.8, 6.96), (7.89, 12.05)]]",20
"[[(6.81, 10.97), (3.42, 7.58)]]",16
"[[(8.45, 12.61), (7.54, 11.7)]]",16
"[[(3.64, 7.8), (2.9, 7.06)]]",20
"[[(3.12, 7.28), (3.82, 7.98)]]",16
"[[(5.88, 10.04), (6.78, 10.94)]]",20
"[[(2.4, 6.56), (3.36, 7.52)]]",16
"[[(10.2, 14.36), (9.6, 13.76)]]",16
"[[(5.57, 9.73), (8.7, 12.86)]]",16
"[[(7.86, 12.02), (7.6, 11.76)]]",20
"[[(9.13, 13.29), (6.99, 11.15)]]",20
"[[(1.37, 5.53), (5.2, 9.36)]]",16
"[[(8.94, 13.1), (4.72, 8.88)]]",20
"[[(10.71, 14.87), (5.76, 9.92)]]",16
"[[(9.99, 14.15), (6.05, 10.21)]]",20
"[[(1.14, 5.3), (6.65, 10.81)]]",16
"[[(2.09, 6.25), (8.66, 12.82)]]",16
"[[(8.0, 12.16), (5.69, 9.85)]]",20
"[[(5.02, 9.18), (0.81, 4.97)]]",16
"[[(2.06, 6.22), (4.28, 8.44)]]",16
"[[(9.63, 13.79), (2.75, 6.91)]]",16
"[[(8.93, 13.09), (3.58, 7.74)]]",20
"[[(9.0, 13.16), (8.73, 12.89)]]",20
"[[(1.08, 5.24), (0.82, 4.98)]]",16
"[[(2.85, 7.01), (5.44, 9.6)]]",20
"[[(7.68, 11.84), (2.09, 6.25)]]",16
"[[(8.54, 12.7), (4.29, 8.45)]]",16
"[[(4.96, 9.12), (5.55, 9.71)]]",20
"[[(3.12, 7.28), (10.76, 14.92)]]",16
"[[(4.8, 8.96), (5.33, 9.49)]]",16
"[[(3.91, 8.07), (10.22, 14.38)]]",20
"[[(10.53, 14.69), (3.52, 7.68)]]",16
"[[(5.68, 9.84), (0.62, 4.78)]]",16
"[[(8.53, 12.69), (5.5, 9.66)]]",16
"[[(4.05, 8.21), (0.31, 4.47)]]",16
"[[(6.29, 10.45), (8.09, 12.25)]]",16
"[[(5.16, 9.32), (0.5, 4.66)]]",16
"[[(0.69, 4.85), (4.73, 8.89)]]",16
"[[(2.57, 6.73), (2.89, 7.05)]]",20
"[[(3.22, 7.38), (5.79, 9.95)]]",16
"[[(7.89, 12.05), (6.51, 10.67)]]",20
"[[(3.0, 7.16), (3.56, 7.72)]]",20
"[[(0.63, 4.79), (2.58, 6.74)]]",16
"[[(6.11, 10.27), (10.75, 14.91)]]",16
"[[(7.87, 12.03), (6.33, 10.49)]]",20
"[[(10.5, 14.66), (6.2, 10.36)]]",16
"[[(5.22, 9.38), (10.16, 14.32)]]",16
"[[(5.36, 9.52), (7.26, 11.42)]]",16
"[[(3.54, 7.7), (0.62, 4.78)]]",16
"[[(4.26, 8.42), (6.91, 11.07)]]",20
"[[(2.02, 6.18), (2.73, 6.89)]]",16
"[[(4.13, 8.29), (6.87, 11.03)]]",20
"[[(6.97, 11.13), (2.45, 6.61)]]",20
"[[(5.35, 9.51), (10.58, 14.74)]]",16
"[[(2.26, 6.42), (3.29, 7.45)]]",16
"[[(4.47, 8.63), (6.8, 10.96)]]",16
"[[(4.78, 8.94), (2.2, 6.36)]]",16
"[[(0.35, 4.51), (9.21, 13.37)]]",16
"[[(8.65, 12.81), (2.78, 6.94)]]",16
"[[(5.71, 9.87), (3.57, 7.73)]]",16
"[[(0.9, 5.06), (7.29, 11.45)]]",20
"[[(3.53, 7.69), (6.0, 10.16)]]",20
"[[(6.85, 11.01), (9.82, 13.98)]]",20
"[[(2.24, 6.4), (0.34, 4.5)]]",16
"[[(2.12, 6.28), (2.62, 6.78)]]",16
"[[(0.09, 4.25), (8.19, 12.35)]]",16
"[[(8.71, 12.87), (7.7, 11.86)]]",16
"[[(0.22, 4.38), (10.03, 14.19)]]",16
"[[(3.07, 7.23), (9.67, 13.83)]]",16
"[[(4.46, 8.62), (3.96, 8.12)]]",20
"[[(5.13, 9.29), (5.91, 10.07)]]",20
"[[(8.09, 12.25), (5.0, 9.16)]]",20
"[[(7.81, 11.97), (0.87, 5.03)]]",20
"[[(9.92, 14.08), (5.61, 9.77)]]",20
"[[(6.77, 10.93), (4.76, 8.92)]]",16
"[[(1.83, 5.99), (10.69, 14.85)]]",16
"[[(10.56, 14.72), (0.45, 4.61)]]",16
"[[(2.02, 6.18), (7.91, 12.07)]]",20
"[[(4.53, 8.69), (5.41, 9.57)]]",16
"[[(2.19, 6.35), (8.78, 12.94)]]",16
"[[(5.98, 10.14), (7.01, 11.17)]]",20
"[[(2.01, 6.17), (0.33, 4.49)]]",16
"[[(7.6, 11.76), (5.31, 9.47)]]",16
"[[(6.08, 10.24), (1.01, 5.17)]]",16
"[[(6.31, 10.47), (5.08, 9.24)]]",16
"[[(2.24, 6.4), (7.57, 11.73)]]",16
"[[(10.0, 14.16), (10.47, 14.63)]]",20
"[[(0.98, 5.14), (5.67, 9.83)]]",20
"[[(1.34, 5.5), (1.12, 5.28)]]",16
"[[(3.42, 7.58), (3.06, 7.22)]]",16
"[[(2.91, 7.07), (10.05, 14.21)]]",20
"[[(6.61, 10.77), (2.52, 6.68)]]",16
"[[(5.59, 9.75), (6.25, 10.41)]]",16
"[[(1.08, 5.24), (3.97, 8.13)]]",20
"[[(8.92, 13.08), (9.71, 13.87)]]",20
"[[(0.18, 4.34), (7.84, 12.0)]]",20
"[[(10.15, 14.31), (5.12, 9.28)]]",16
"[[(7.39, 11.55), (8.65, 12.81)]]",16
"[[(7.68, 11.84), (9.44, 13.6)]]",16
"[[(9.84, 14.0), (8.9, 13.06)]]",25
"[[(7.74, 11.9), (9.3, 13.46)]]",16
"[[(6.38, 10.54), (4.11, 8.27)]]",16
"[[(4.1, 8.26), (3.91, 8.07)]]",20
"[[(0.67, 4.83), (8.48, 12.64)]]",16
"[[(1.27, 5.43), (0.19, 4.35)]]",16
"[[(0.56, 4.72), (0.89, 5.05)]]",20
"[[(8.98, 13.14), (4.09, 8.25)]]",20
"[[(4.55, 8.71), (6.62, 10.78)]]",16
"[[(9.42, 13.58), (6.16, 10.32)]]",16
"[[(10.56, 14.72), (8.67, 12.83)]]",16
"[[(5.95, 10.11), (0.62, 4.78)]]",20
"[[(0.59, 4.75), (10.75, 14.91)]]",16
"[[(6.25, 10.41), (7.32, 11.48)]]",16
"[[(9.9, 14.06), (10.0, 14.16)]]",25
"[[(3.64, 7.8), (0.93, 5.09)]]",20
"[[(6.39, 10.55), (0.25, 4.41)]]",16
"[[(0.3, 4.46), (7.29, 11.45)]]",16
"[[(3.74, 7.9), (4.03, 8.19)]]",16
"[[(6.29, 10.45), (2.39, 6.55)]]",16
"[[(9.11, 13.27), (2.01, 6.17)]]",16
"[[(6.88, 11.04), (3.15, 7.31)]]",20
"[[(7.44, 11.6), (0.72, 4.88)]]",16
"[[(1.09, 5.25), (9.69, 13.85)]]",16
"[[(2.55, 6.71), (0.4, 4.56)]]",16
"[[(7.32, 11.48), (5.48, 9.64)]]",16
"[[(2.48, 6.64), (2.21, 6.37)]]",16
"[[(0.87, 5.03), (0.13, 4.29)]]",20
"[[(0.12, 4.28), (2.97, 7.13)]]",20
"[[(2.4, 6.56), (1.22, 5.38)]]",16
"[[(7.07, 11.23), (4.87, 9.03)]]",20
"[[(4.08, 8.24), (8.74, 12.9)]]",16
"[[(1.72, 5.88), (1.48, 5.64)]]",16
"[[(4.09, 8.25), (2.31, 6.47)]]",16
"[[(9.41, 13.57), (8.03, 12.19)]]",16
"[[(7.45, 11.61), (10.82, 14.98)]]",16
"[[(0.5, 4.66), (4.87, 9.03)]]",20
"[[(5.66, 9.82), (0.08, 4.24)]]",16
"[[(4.69, 8.85), (5.23, 9.39)]]",16
"[[(2.19, 6.35), (3.28, 7.44)]]",16
"[[(4.97, 9.13), (2.83, 6.99)]]",20
"[[(2.39, 6.55), (7.05, 11.21)]]",16
"[[(1.52, 5.68), (0.08, 4.24)]]",16
"[[(0.94, 5.1), (8.13, 12.29)]]",20
"[[(8.91, 13.07), (2.41, 6.57)]]",20
"[[(1.35, 5.51), (6.95, 11.11)]]",20
"[[(2.98, 7.14), (8.17, 12.33)]]",20
"[[(1.2, 5.36), (5.71, 9.87)]]",16
"[[(5.37, 9.53), (6.3, 10.46)]]",16
"[[(5.16, 9.32), (1.58, 5.74)]]",16
"[[(4.61, 8.77), (1.27, 5.43)]]",16
"[[(3.9, 8.06), (1.6, 5.76)]]",20
"[[(0.98, 5.14), (5.08, 9.24)]]",20
"[[(5.68, 9.84), (2.44, 6.6)]]",16
"[[(2.21, 6.37), (2.08, 6.24)]]",16
"[[(1.06, 5.22), (1.47, 5.63)]]",16
"[[(0.08, 4.24), (5.91, 10.07)]]",20
"[[(6.5, 10.66), (3.54, 7.7)]]",16
"[[(6.07, 10.23), (2.12, 6.28)]]",16
"[[(10.32, 14.48), (3.17, 7.33)]]",16
"[[(3.12, 7.28), (6.8, 10.96)]]",16
"[[(3.89, 8.05), (8.69, 12.85)]]",20
"[[(10.76, 14.92), (0.0, 4.16)]]",20
"[[(1.26, 5.42), (0.05, 4.21)]]",16
"[[(0.37, 4.53), (0.2, 4.36)]]",16
"[[(10.59, 14.75), (4.53, 8.69)]]",16
"[[(1.22, 5.38), (8.12, 12.28)]]",16
"[[(4.47, 8.63), (4.55, 8.71)]]",16
"[[(0.28, 4.44), (4.27, 8.43)]]",16
"[[(0.06, 4.22), (5.27, 9.43)]]",16
"[[(10.81, 14.97), (8.27, 12.43)]]",16
"[[(10.19, 14.35), (2.08, 6.24)]]",16
"[[(1.2, 5.36), (10.29, 14.45)]]",16
"[[(4.58, 8.74), (10.82, 14.98)]]",16
"[[(10.2, 14.36), (4.12, 8.28)]]",16
"[[(2.05, 6.21), (1.18, 5.34)]]",16
"[[(3.81, 7.97), (8.74, 12.9)]]",16
"[[(1.37, 5.53), (9.75, 13.91)]]",16
"[[(0.52, 4.68), (10.35, 14.51)]]",16
"[[(0.71, 4.87), (2.98, 7.14)]]",20
"[[(5.9, 10.06), (4.58, 8.74)]]",20
"[[(6.35, 10.51), (1.22, 5.38)]]",16
"[[(5.28, 9.44), (5.13, 9.29)]]",16
"[[(8.68, 12.84), (0.61, 4.77)]]",16
"[[(5.94, 10.1), (4.32, 8.48)]]",20
"[[(9.79, 13.95), (0.28, 4.44)]]",16
"[[(9.8, 13.96), (8.54, 12.7)]]",16
"[[(8.38, 12.54), (9.83, 13.99)]]",16
"[[(10.25, 14.41), (0.65, 4.81)]]",16
"[[(8.46, 12.62), (4.82, 8.98)]]",16
"[[(8.34, 12.5), (2.32, 6.48)]]",16
"[[(4.25, 8.41), (0.09, 4.25)]]",16
"[[(6.52, 10.68), (10.09, 14.25)]]",16
"[[(5.46, 9.62), (10.15, 14.31)]]",16
"[[(7.13, 11.29), (5.49, 9.65)]]",16
"[[(8.03, 12.19), (5.7, 9.86)]]",16
"[[(5.78, 9.94), (1.34, 5.5)]]",16
"[[(4.73, 8.89), (1.0, 5.16)]]",20
"[[(7.23, 11.39), (7.17, 11.33)]]",16
"[[(7.73, 11.89), (9.64, 13.8)]]",16
"[[(4.05, 8.21), (7.57, 11.73)]]",16
"[[(1.03, 5.19), (1.44, 5.6)]]",16
"[[(9.94, 14.1), (3.5, 7.66)]]",20
"[[(0.11, 4.27), (3.76, 7.92)]]",16
"[[(2.59, 6.75), (3.96, 8.12)]]",20
"[[(4.93, 9.09), (0.61, 4.77)]]",20
"[[(2.32, 6.48), (6.22, 10.38)]]",16
"[[(6.22, 10.38), (9.86, 14.02)]]",20
"[[(9.61, 13.77), (2.51, 6.67)]]",16
"[[(2.89, 7.05), (4.37, 8.53)]]",20
"[[(6.61, 10.77), (2.0, 6.16)]]",20
"[[(1.69, 5.85), (3.89, 8.05)]]",20
"[[(0.49, 4.65), (6.94, 11.1)]]",20
"[[(6.38, 10.54), (0.64, 4.8)]]",16
"[[(5.43, 9.59), (4.48, 8.64)]]",16
"[[(0.67, 4.83), (4.22, 8.38)]]",16
"[[(3.33, 7.49), (4.06, 8.22)]]",16
"[[(0.86, 5.02), (4.52, 8.68)]]",20
"[[(6.9, 11.06), (5.15, 9.31)]]",20
"[[(4.61, 8.77), (2.44, 6.6)]]",16
"[[(3.17, 7.33), (4.67, 8.83)]]",16
"[[(4.05, 8.21), (1.73, 5.89)]]",16
"[[(9.24, 13.4), (3.13, 7.29)]]",16
"[[(3.12, 7.28), (10.79, 14.95)]]",16
"[[(4.83, 8.99), (3.37, 7.53)]]",16
"[[(3.02, 7.18), (5.73, 9.89)]]",16
"[[(5.0, 9.16), (6.62, 10.78)]]",20
"[[(0.12, 4.28), (2.4, 6.56)]]",16
"[[(8.33, 12.49), (3.58, 7.74)]]",16
"[[(9.17, 13.33), (10.7, 14.86)]]",16
"[[(3.94, 8.1), (9.04, 13.2)]]",20
"[[(0.27, 4.43), (10.31, 14.47)]]",16
"[[(9.33, 13.49), (7.78, 11.94)]]",16
"[[(10.43, 14.59), (6.72, 10.88)]]",16
"[[(6.59, 10.75), (6.33, 10.49)]]",16
"[[(2.64, 6.8), (5.55, 9.71)]]",16
"[[(8.47, 12.63), (0.18, 4.34)]]",16
"[[(10.19, 14.35), (2.99, 7.15)]]",20
"[[(4.78, 8.94), (4.62, 8.78)]]",16
"[[(5.28, 9.44), (4.78, 8.94)]]",16
"[[(9.46, 13.62), (7.37, 11.53)]]",16
"[[(5.48, 9.64), (6.46, 10.62)]]",16
"[[(7.16, 11.32), (6.0, 10.16)]]",20
"[[(2.8, 6.96), (0.88, 5.04)]]",20
"[[(4.37, 8.53), (3.46, 7.62)]]",16
"[[(7.85, 12.01), (9.49, 13.65)]]",20
"[[(0.4, 4.56), (4.58, 8.74)]]",16
"[[(2.46, 6.62), (10.61, 14.77)]]",16
"[[(10.7, 14.86), (8.0, 12.16)]]",20
"[[(8.2, 12.36), (2.53, 6.69)]]",16
"[[(6.22, 10.38), (2.53, 6.69)]]",16
"[[(9.31, 13.47), (10.81, 14.97)]]",16
"[[(10.57, 14.73), (5.58, 9.74)]]",16
"[[(1.99, 6.15), (9.12, 13.28)]]",20
"[[(5.42, 9.58), (5.84, 10.0)]]",20
"[[(8.3, 12.46), (1.36, 5.52)]]",16
"[[(2.68, 6.84), (3.6, 7.76)]]",16
"[[(8.46, 12.62), (9.93, 14.09)]]",20
"[[(1.75, 5.91), (4.77, 8.93)]]",16
"[[(2.73, 6.89), (1.67, 5.83)]]",16
"[[(5.74, 9.9), (5.13, 9.29)]]",16
"[[(3.4, 7.56), (0.57, 4.73)]]",16
"[[(3.37, 7.53), (2.68, 6.84)]]",16
"[[(5.47, 9.63), (2.14, 6.3)]]",16
"[[(0.12, 4.28), (9.09, 13.25)]]",16
"[[(3.31, 7.47), (4.62, 8.78)]]",16
"[[(1.21, 5.37), (5.49, 9.65)]]",16
"[[(0.15, 4.31), (8.16, 12.32)]]",16
"[[(5.52, 9.68), (5.73, 9.89)]]",16
"[[(5.13, 9.29), (2.6, 6.76)]]",16
"[[(0.51, 4.67), (6.6, 10.76)]]",16
"[[(3.09, 7.25), (6.82, 10.98)]]",16
"[[(6.59, 10.75), (5.14, 9.3)]]",16
"[[(3.35, 7.51), (8.97, 13.13)]]",20
"[[(5.0, 9.16), (8.15, 12.31)]]",20
"[[(8.11, 12.27), (8.4, 12.56)]]",16
"[[(4.46, 8.62), (8.59, 12.75)]]",16
"[[(10.4, 14.56), (4.44, 8.6)]]",16
"[[(2.27, 6.43), (9.97, 14.13)]]",20
"[[(2.67, 6.83), (3.66, 7.82)]]",16
"[[(8.77, 12.93), (6.34, 10.5)]]",16
"[[(9.03, 13.19), (7.78, 11.94)]]",16
"[[(5.13, 9.29), (5.13, 9.29)]]",16
"[[(9.79, 13.95), (1.44, 5.6)]]",16
"[[(1.77, 5.93), (3.8, 7.96)]]",16
"[[(4.19, 8.35), (8.15, 12.31)]]",16
"[[(8.56, 12.72), (4.35, 8.51)]]",16
"[[(7.94, 12.1), (1.65, 5.81)]]",20
"[[(7.4, 11.56), (2.24, 6.4)]]",16
"[[(1.33, 5.49), (1.07, 5.23)]]",16
"[[(7.21, 11.37), (7.73, 11.89)]]",16
"[[(8.94, 13.1), (3.05, 7.21)]]",20
"[[(1.33, 5.49), (10.03, 14.19)]]",16
"[[(10.01, 14.17), (3.06, 7.22)]]",16
"[[(6.6, 10.76), (4.77, 8.93)]]",16
"[[(1.27, 5.43), (1.18, 5.34)]]",16
"[[(8.35, 12.51), (6.17, 10.33)]]",16
"[[(8.68, 12.84), (7.15, 11.31)]]",16
"[[(10.02, 14.18), (10.77, 14.93)]]",16
"[[(9.74, 13.9), (8.94, 13.1)]]",20
"[[(4.04, 8.2), (8.27, 12.43)]]",16
"[[(9.48, 13.64), (1.91, 6.07)]]",20
"[[(3.97, 8.13), (5.6, 9.76)]]",20
"[[(0.81, 4.97), (7.93, 12.09)]]",20
"[[(7.69, 11.85), (7.5, 11.66)]]",16
"[[(5.14, 9.3), (1.28, 5.44)]]",16
"[[(9.66, 13.82), (0.01, 4.17)]]",16
"[[(1.7, 5.86), (3.14, 7.3)]]",16
"[[(7.91, 12.07), (4.9, 9.06)]]",25
"[[(3.04, 7.2), (5.05, 9.21)]]",16
"[[(8.82, 12.98), (4.34, 8.5)]]",16
"[[(10.56, 14.72), (0.39, 4.55)]]",16
"[[(0.7, 4.86), (10.35, 14.51)]]",16
"[[(9.86, 14.02), (5.75, 9.91)]]",20
"[[(8.03, 12.19), (5.38, 9.54)]]",16
"[[(5.94, 10.1), (6.12, 10.28)]]",20
"[[(1.42, 5.58), (4.59, 8.75)]]",16
"[[(2.18, 6.34), (6.58, 10.74)]]",16
"[[(2.01, 6.17), (6.12, 10.28)]]",16
"[[(9.95, 14.11), (1.15, 5.31)]]",20
"[[(7.97, 12.13), (8.3, 12.46)]]",20
"[[(9.57, 13.73), (10.62, 14.78)]]",16
"[[(7.52, 11.68), (8.4, 12.56)]]",16
"[[(3.35, 7.51), (9.97, 14.13)]]",20
"[[(4.3, 8.46), (0.84, 5.0)]]",20
"[[(5.42, 9.58), (9.7, 13.86)]]",16
"[[(3.94, 8.1), (1.37, 5.53)]]",20
"[[(8.71, 12.87), (4.64, 8.8)]]",16
"[[(5.4, 9.56), (5.27, 9.43)]]",16
"[[(3.12, 7.28), (3.61, 7.77)]]",16
"[[(4.09, 8.25), (4.91, 9.07)]]",20
"[[(9.71, 13.87), (6.2, 10.36)]]",16
"[[(6.59, 10.75), (6.32, 10.48)]]",16
"[[(5.41, 9.57), (7.15, 11.31)]]",16
"[[(8.06, 12.22), (1.19, 5.35)]]",16
"[[(10.63, 14.79), (3.46, 7.62)]]",16
"[[(8.46, 12.62), (2.46, 6.62)]]",16
"[[(9.84, 14.0), (10.72, 14.88)]]",20
"[[(0.92, 5.08), (8.25, 12.41)]]",20
"[[(9.64, 13.8), (8.14, 12.3)]]",16
"[[(1.2, 5.36), (3.69, 7.85)]]",16
"[[(1.46, 5.62), (2.9, 7.06)]]",20
"[[(0.57, 4.73), (9.66, 13.82)]]",16
"[[(7.23, 11.39), (4.32, 8.48)]]",16
"[[(7.39, 11.55), (9.17, 13.33)]]",16
"[[(0.8, 4.96), (4.52, 8.68)]]",16
"[[(1.87, 6.03), (6.07, 10.23)]]",20
"[[(7.86, 12.02), (8.15, 12.31)]]",20
"[[(4.42, 8.58), (0.85, 5.01)]]",20
"[[(8.93, 13.09), (9.5, 13.66)]]",20
"[[(5.45, 9.61), (1.62, 5.78)]]",16
"[[(3.62, 7.78), (7.05, 11.21)]]",16
"[[(10.26, 14.42), (7.66, 11.82)]]",16
"[[(1.61, 5.77), (1.59, 5.75)]]",16
"[[(2.76, 6.92), (3.45, 7.61)]]",16
"[[(9.76, 13.92), (9.23, 13.39)]]",16
"[[(3.09, 7.25), (8.95, 13.11)]]",20
"[[(1.83, 5.99), (2.66, 6.82)]]",16
"[[(3.23, 7.39), (8.85, 13.01)]]",20
"[[(8.11, 12.27), (6.53, 10.69)]]",16
"[[(3.67, 7.83), (7.73, 11.89)]]",16
"[[(9.65, 13.81), (6.75, 10.91)]]",16
"[[(3.1, 7.26), (8.58, 12.74)]]",16
"[[(0.53, 4.69), (8.16, 12.32)]]",16
"[[(1.24, 5.4), (2.33, 6.49)]]",16
"[[(5.5, 9.66), (2.58, 6.74)]]",16
"[[(6.03, 10.19), (4.65, 8.81)]]",16
"[[(6.54, 10.7), (6.93, 11.09)]]",20
"[[(4.8, 8.96), (10.42, 14.58)]]",16
"[[(0.74, 4.9), (5.88, 10.04)]]",20
"[[(4.09, 8.25), (3.94, 8.1)]]",20
"[[(7.23, 11.39), (1.64, 5.8)]]",16
"[[(9.36, 13.52), (5.76, 9.92)]]",16
"[[(2.45, 6.61), (9.49, 13.65)]]",16
"[[(7.0, 11.16), (3.87, 8.03)]]",25
"[[(6.05, 10.21), (5.96, 10.12)]]",20
"[[(2.33, 6.49), (4.43, 8.59)]]",16
"[[(0.33, 4.49), (0.53, 4.69)]]",16
"[[(10.65, 14.81), (4.78, 8.94)]]",16
"[[(0.24, 4.4), (7.2, 11.36)]]",16
"[[(1.26, 5.42), (8.21, 12.37)]]",16
"[[(10.26, 14.42), (6.03, 10.19)]]",16
"[[(6.47, 10.63), (10.01, 14.17)]]",16
"[[(2.41, 6.57), (10.46, 14.62)]]",16
"[[(2.2, 6.36), (3.42, 7.58)]]",16
"[[(7.24, 11.4), (10.53, 14.69)]]",16
"[[(5.74, 9.9), (7.38, 11.54)]]",16
"[[(8.8, 12.96), (10.72, 14.88)]]",16
"[[(2.21, 6.37), (1.73, 5.89)]]",16
"[[(5.24, 9.4), (2.16, 6.32)]]",16
"[[(1.99, 6.15), (4.66, 8.82)]]",20
"[[(5.9, 10.06), (8.17, 12.33)]]",20
"[[(2.97, 7.13), (0.08, 4.24)]]",20
"[[(3.43, 7.59), (6.76, 10.92)]]",16
"[[(9.69, 13.85), (4.0, 8.16)]]",20
"[[(10.61, 14.77), (5.32, 9.48)]]",16
"[[(6.28, 10.44), (10.2, 14.36)]]",16
"[[(6.7, 10.86), (1.84, 6.0)]]",20
"[[(3.05, 7.21), (10.34, 14.5)]]",16
"[[(10.74, 14.9), (3.79, 7.95)]]",16
"[[(7.93, 12.09), (3.61, 7.77)]]",20
"[[(4.81, 8.97), (8.94, 13.1)]]",20
"[[(1.94, 6.1), (1.49, 5.65)]]",20
"[[(0.83, 4.99), (10.14, 14.3)]]",16
"[[(1.58, 5.74), (4.38, 8.54)]]",16
"[[(5.75, 9.91), (9.67, 13.83)]]",16
"[[(0.23, 4.39), (9.09, 13.25)]]",16
"[[(8.9, 13.06), (1.46, 5.62)]]",20
"[[(0.89, 5.05), (9.61, 13.77)]]",20
"[[(7.82, 11.98), (4.25, 8.41)]]",16
"[[(8.44, 12.6), (5.48, 9.64)]]",16
"[[(7.49, 11.65), (1.48, 5.64)]]",16
"[[(7.27, 11.43), (5.96, 10.12)]]",20
"[[(6.78, 10.94), (5.34, 9.5)]]",16
"[[(7.4, 11.56), (5.09, 9.25)]]",16
"[[(9.75, 13.91), (8.18, 12.34)]]",16
"[[(3.12, 7.28), (0.29, 4.45)]]",16
"[[(0.96, 5.12), (4.92, 9.08)]]",25
"[[(8.04, 12.2), (8.26, 12.42)]]",16
"[[(4.84, 9.0), (6.78, 10.94)]]",20
"[[(2.41, 6.57), (7.34, 11.5)]]",16
"[[(10.26, 14.42), (5.13, 9.29)]]",16
"[[(9.99, 14.15), (8.56, 12.72)]]",20
"[[(7.41, 11.57), (6.83, 10.99)]]",16
"[[(2.5, 6.66), (8.5, 12.66)]]",16
"[[(4.69, 8.85), (5.21, 9.37)]]",16
"[[(3.46, 7.62), (4.06, 8.22)]]",16
"[[(9.51, 13.67), (2.02, 6.18)]]",16
"[[(2.04, 6.2), (1.35, 5.51)]]",16
"[[(5.63, 9.79), (10.55, 14.71)]]",16
"[[(8.99, 13.15), (0.19, 4.35)]]",20
"[[(10.34, 14.5), (7.29, 11.45)]]",16
"[[(5.93, 10.09), (3.14, 7.3)]]",20
"[[(1.19, 5.35), (4.29, 8.45)]]",16
"[[(7.67, 11.83), (0.64, 4.8)]]",16
"[[(10.19, 14.35), (1.47, 5.63)]]",16
"[[(8.76, 12.92), (5.46, 9.62)]]",16
"[[(5.76, 9.92), (1.7, 5.86)]]",16
"[[(7.78, 11.94), (1.87, 6.03)]]",20
"[[(7.02, 11.18), (10.54, 14.7)]]",16
"[[(0.19, 4.35), (5.44, 9.6)]]",16
"[[(4.69, 8.85), (4.89, 9.05)]]",20
"[[(7.22, 11.38), (9.83, 13.99)]]",16
"[[(3.95, 8.11), (2.89, 7.05)]]",25
"[[(5.23, 9.39), (1.56, 5.72)]]",16
"[[(5.14, 9.3), (2.04, 6.2)]]",16
"[[(1.7, 5.86), (5.58, 9.74)]]",16
"[[(8.23, 12.39), (8.48, 12.64)]]",16
"[[(5.99, 10.15), (1.5, 5.66)]]",20
"[[(6.25, 10.41), (8.53, 12.69)]]",16
"[[(2.8, 6.96), (0.94, 5.1)]]",20
"[[(0.31, 4.47), (7.26, 11.42)]]",16
"[[(2.87, 7.03), (1.18, 5.34)]]",20
"[[(0.0, 4.16), (4.86, 9.02)]]",25
"[[(0.33, 4.49), (5.51, 9.67)]]",16
"[[(0.98, 5.14), (5.92, 10.08)]]",25
"[[(1.81, 5.97), (7.12, 11.28)]]",16
"[[(2.78, 6.94), (2.52, 6.68)]]",16
"[[(10.68, 14.84), (6.82, 10.98)]]",16
"[[(2.69, 6.85), (0.3, 4.46)]]",16
"[[(8.5, 12.66), (9.27, 13.43)]]",16
"[[(5.44, 9.6), (9.85, 14.01)]]",20
"[[(3.92, 8.08), (4.46, 8.62)]]",20
"[[(2.38, 6.54), (8.39, 12.55)]]",16
"[[(4.21, 8.37), (3.01, 7.17)]]",16
"[[(0.14, 4.3), (2.92, 7.08)]]",20
"[[(4.06, 8.22), (0.09, 4.25)]]",16
"[[(5.5, 9.66), (10.76, 14.92)]]",16
"[[(9.85, 14.01), (6.59, 10.75)]]",20
"[[(9.89, 14.05), (9.11, 13.27)]]",20
"[[(0.06, 4.22), (4.89, 9.05)]]",20
"[[(7.56, 11.72), (9.09, 13.25)]]",16
"[[(1.56, 5.72), (7.29, 11.45)]]",16
"[[(2.06, 6.22), (1.8, 5.96)]]",16
"[[(9.79, 13.95), (7.01, 11.17)]]",16
"[[(8.2, 12.36), (3.7, 7.86)]]",16
"[[(6.18, 10.34), (0.57, 4.73)]]",16
"[[(3.43, 7.59), (1.56, 5.72)]]",16
"[[(8.32, 12.48), (5.83, 9.99)]]",16
"[[(1.49, 5.65), (5.5, 9.66)]]",16
"[[(9.33, 13.49), (8.46, 12.62)]]",16
"[[(9.43, 13.59), (6.61, 10.77)]]",16
"[[(1.0, 5.16), (3.19, 7.35)]]",20
"[[(2.73, 6.89), (4.52, 8.68)]]",16
"[[(7.79, 11.95), (3.08, 7.24)]]",16
"[[(4.35, 8.51), (9.92, 14.08)]]",20
"[[(0.5, 4.66), (10.62, 14.78)]]",16
"[[(5.24, 9.4), (5.19, 9.35)]]",16
"[[(8.89, 13.05), (5.8, 9.96)]]",20
"[[(1.9, 6.06), (9.7, 13.86)]]",20
"[[(6.25, 10.41), (4.99, 9.15)]]",20
"[[(2.17, 6.33), (8.4, 12.56)]]",16
"[[(10.39, 14.55), (10.32, 14.48)]]",16
"[[(3.21, 7.37), (7.27, 11.43)]]",16
"[[(5.61, 9.77), (2.91, 7.07)]]",20
"[[(6.45, 10.61), (5.01, 9.17)]]",16
"[[(9.13, 13.29), (7.47, 11.63)]]",16
"[[(6.28, 10.44), (9.04, 13.2)]]",16
"[[(0.2, 4.36), (2.45, 6.61)]]",16
"[[(7.21, 11.37), (8.09, 12.25)]]",16
"[[(4.59, 8.75), (7.59, 11.75)]]",16
"[[(5.08, 9.24), (10.49, 14.65)]]",16
"[[(4.13, 8.29), (9.95, 14.11)]]",20
"[[(0.99, 5.15), (3.22, 7.38)]]",20
"[[(9.46, 13.62), (6.06, 10.22)]]",16
"[[(10.71, 14.87), (6.81, 10.97)]]",16
"[[(9.19, 13.35), (10.1, 14.26)]]",16
"[[(6.79, 10.95), (9.57, 13.73)]]",16
"[[(3.98, 8.14), (1.59, 5.75)]]",20
"[[(5.74, 9.9), (3.46, 7.62)]]",16
"[[(9.18, 13.34), (4.37, 8.53)]]",16
"[[(0.79, 4.95), (10.17, 14.33)]]",16
"[[(3.65, 7.81), (1.92, 6.08)]]",20
"[[(9.5, 13.66), (9.6, 13.76)]]",16
"[[(4.61, 8.77), (10.62, 14.78)]]",16
"[[(1.94, 6.1), (6.89, 11.05)]]",25
"[[(10.15, 14.31), (7.13, 11.29)]]",16
"[[(4.43, 8.59), (0.91, 5.07)]]",20
"[[(8.78, 12.94), (1.1, 5.26)]]",16
"[[(9.14, 13.3), (7.18, 11.34)]]",16
"[[(1.11, 5.27), (0.47, 4.63)]]",16
"[[(0.95, 5.11), (0.35, 4.51)]]",20
"[[(7.12, 11.28), (1.32, 5.48)]]",16
"[[(8.33, 12.49), (1.57, 5.73)]]",16
"[[(1.2, 5.36), (3.98, 8.14)]]",20
"[[(4.48, 8.64), (10.81, 14.97)]]",16
"[[(4.37, 8.53), (8.01, 12.17)]]",16
"[[(9.71, 13.87), (7.97, 12.13)]]",20
"[[(0.01, 4.17), (4.15, 8.31)]]",16
"[[(10.65, 14.81), (7.71, 11.87)]]",16
"[[(0.17, 4.33), (2.74, 6.9)]]",16
"[[(6.82, 10.98), (6.29, 10.45)]]",16
"[[(5.66, 9.82), (4.59, 8.75)]]",16
"[[(0.39, 4.55), (4.14, 8.3)]]",16
"[[(9.4, 13.56), (7.46, 11.62)]]",16
"[[(0.76, 4.92), (4.76, 8.92)]]",16
"[[(5.32, 9.48), (7.53, 11.69)]]",16
"[[(3.7, 7.86), (4.95, 9.11)]]",20
"[[(6.64, 10.8), (7.38, 11.54)]]",16
"[[(3.99, 8.15), (8.43, 12.59)]]",20
"[[(6.53, 10.69), (7.64, 11.8)]]",16
"[[(5.37, 9.53), (2.72, 6.88)]]",16
"[[(7.16, 11.32), (8.83, 12.99)]]",16
"[[(7.9, 12.06), (7.28, 11.44)]]",20
"[[(1.28, 5.44), (8.43, 12.59)]]",16
"[[(2.99, 7.15), (7.03, 11.19)]]",20
"[[(2.27, 6.43), (4.48, 8.64)]]",16
"[[(10.16, 14.32), (4.64, 8.8)]]",16
"[[(7.85, 12.01), (2.58, 6.74)]]",20
"[[(1.26, 5.42), (4.08, 8.24)]]",16
"[[(0.26, 4.42), (9.55, 13.71)]]",16
"[[(0.53, 4.69), (9.71, 13.87)]]",16
"[[(6.96, 11.12), (2.13, 6.29)]]",20
"[[(3.5, 7.66), (9.87, 14.03)]]",20
"[[(8.53, 12.69), (5.33, 9.49)]]",16
"[[(2.33, 6.49), (7.41, 11.57)]]",16
"[[(9.8, 13.96), (7.6, 11.76)]]",16
"[[(0.99, 5.15), (7.46, 11.62)]]",20
"[[(5.96, 10.12), (3.69, 7.85)]]",20
"[[(9.52, 13.68), (4.67, 8.83)]]",16
"[[(1.09, 5.25), (3.01, 7.17)]]",16
"[[(6.35, 10.51), (8.44, 12.6)]]",16
"[[(10.4, 14.56), (4.83, 8.99)]]",16
"[[(5.43, 9.59), (0.48, 4.64)]]",16
"[[(5.74, 9.9), (3.63, 7.79)]]",16
"[[(1.74, 5.9), (7.08, 11.24)]]",16
"[[(4.43, 8.59), (1.71, 5.87)]]",16
"[[(7.78, 11.94), (7.33, 11.49)]]",16
"[[(1.18, 5.34), (4.24, 8.4)]]",16
"[[(8.61, 12.77), (9.48, 13.64)]]",16
"[[(8.59, 12.75), (7.61, 11.77)]]",16
"[[(9.28, 13.44), (4.72, 8.88)]]",16
"[[(10.55, 14.71), (0.1, 4.26)]]",16
"[[(1.06, 5.22), (2.85, 7.01)]]",20
"[[(0.13, 4.29), (4.75, 8.91)]]",16
"[[(1.32, 5.48), (0.65, 4.81)]]",16
"[[(0.04, 4.2), (0.42, 4.58)]]",16
"[[(1.58, 5.74), (8.62, 12.78)]]",16
"[[(10.3, 14.46), (4.25, 8.41)]]",16
"[[(5.09, 9.25), (7.44, 11.6)]]",16
"[[(7.4, 11.56), (5.56, 9.72)]]",16
"[[(0.11, 4.27), (2.12, 6.28)]]",16
"[[(4.01, 8.17), (4.32, 8.48)]]",16
"[[(7.92, 12.08), (7.35, 11.51)]]",20
"[[(10.42, 14.58), (3.54, 7.7)]]",16
"[[(5.37, 9.53), (10.08, 14.24)]]",16
"[[(1.27, 5.43), (6.55, 10.71)]]",16
"[[(0.5, 4.66), (0.49, 4.65)]]",16
"[[(4.05, 8.21), (2.15, 6.31)]]",16
"[[(2.19, 6.35), (8.72, 12.88)]]",16
"[[(2.21, 6.37), (9.14, 13.3)]]",16
"[[(4.21, 8.37), (6.86, 11.02)]]",20
"[[(6.7, 10.86), (8.14, 12.3)]]",16
"[[(8.97, 13.13), (9.77, 13.93)]]",20
"[[(6.46, 10.62), (2.96, 7.12)]]",20
"[[(3.77, 7.93), (10.79, 14.95)]]",16
"[[(4.44, 8.6), (5.57, 9.73)]]",16
"[[(6.21, 10.37), (5.89, 10.05)]]",20
"[[(8.88, 13.04), (1.54, 5.7)]]",20
"[[(3.78, 7.94), (5.87, 10.03)]]",20
"[[(1.48, 5.64), (10.4, 14.56)]]",16
"[[(9.21, 13.37), (10.75, 14.91)]]",16
"[[(9.61, 13.77), (1.04, 5.2)]]",16
"[[(7.78, 11.94), (1.53, 5.69)]]",16
"[[(10.21, 14.37), (7.63, 11.79)]]",16
"[[(5.85, 10.01), (1.85, 6.01)]]",25
"[[(0.03, 4.19), (8.51, 12.67)]]",16
"[[(1.38, 5.54), (5.6, 9.76)]]",16
"[[(2.67, 6.83), (9.91, 14.07)]]",20
"[[(1.43, 5.59), (4.56, 8.72)]]",16
"[[(1.56, 5.72), (2.44, 6.6)]]",16
"[[(4.35, 8.51), (4.93, 9.09)]]",20
"[[(9.28, 13.44), (0.95, 5.11)]]",20
"[[(10.79, 14.95), (10.34, 14.5)]]",16
"[[(7.09, 11.25), (10.61, 14.77)]]",16
"[[(2.46, 6.62), (2.19, 6.35)]]",16
"[[(4.38, 8.54), (2.65, 6.81)]]",16
"[[(2.04, 6.2), (3.95, 8.11)]]",20
"[[(6.79, 10.95), (0.73, 4.89)]]",16
"[[(6.11, 10.27), (1.03, 5.19)]]",16
"[[(2.59, 6.75), (0.28, 4.44)]]",16
"[[(10.15, 14.31), (1.85, 6.01)]]",20
"[[(5.12, 9.28), (1.27, 5.43)]]",16
"[[(4.56, 8.72), (3.16, 7.32)]]",16
"[[(8.55, 12.71), (1.21, 5.37)]]",16
"[[(6.85, 11.01), (6.29, 10.45)]]",20
"[[(1.06, 5.22), (8.3, 12.46)]]",16
"[[(5.44, 9.6), (7.9, 12.06)]]",20
"[[(5.15, 9.31), (6.93, 11.09)]]",20
"[[(4.72, 8.88), (4.13, 8.29)]]",16
"[[(4.35, 8.51), (8.2, 12.36)]]",16
"[[(1.9, 6.06), (10.83, 14.99)]]",20
"[[(6.46, 10.62), (5.77, 9.93)]]",16
"[[(1.01, 5.17), (0.73, 4.89)]]",16
"[[(3.66, 7.82), (9.09, 13.25)]]",16
"[[(1.92, 6.08), (6.26, 10.42)]]",20
"[[(7.65, 11.81), (1.31, 5.47)]]",16
"[[(8.94, 13.1), (8.3, 12.46)]]",20
"[[(2.07, 6.23), (2.43, 6.59)]]",16
"[[(9.34, 13.5), (9.31, 13.47)]]",16
"[[(5.5, 9.66), (2.54, 6.7)]]",16
"[[(10.79, 14.95), (0.13, 4.29)]]",16
"[[(3.07, 7.23), (8.87, 13.03)]]",20
"[[(8.95, 13.11), (8.42, 12.58)]]",20
"[[(2.77, 6.93), (5.1, 9.26)]]",16
"[[(0.03, 4.19), (0.99, 5.15)]]",20
"[[(3.12, 7.28), (1.12, 5.28)]]",16
"[[(7.19, 11.35), (10.1, 14.26)]]",16
"[[(9.66, 13.82), (2.63, 6.79)]]",16
"[[(1.04, 5.2), (3.62, 7.78)]]",16
"[[(1.95, 6.11), (7.55, 11.71)]]",20
"[[(5.84, 10.0), (1.15, 5.31)]]",20
"[[(2.85, 7.01), (0.49, 4.65)]]",20
"[[(8.44, 12.6), (10.06, 14.22)]]",16
"[[(9.83, 13.99), (6.78, 10.94)]]",16
"[[(2.43, 6.59), (1.08, 5.24)]]",16
"[[(6.3, 10.46), (3.37, 7.53)]]",16
"[[(4.32, 8.48), (1.65, 5.81)]]",16
"[[(2.5, 6.66), (1.08, 5.24)]]",16
"[[(4.66, 8.82), (9.2, 13.36)]]",16
"[[(9.19, 13.35), (6.98, 11.14)]]",20
"[[(3.84, 8.0), (0.21, 4.37)]]",20
"[[(0.0, 4.16), (1.39, 5.55)]]",20
"[[(5.65, 9.81), (7.02, 11.18)]]",16
"[[(7.77, 11.93), (4.44, 8.6)]]",16
"[[(3.57, 7.73), (5.75, 9.91)]]",16
"[[(0.9, 5.06), (5.05, 9.21)]]",20
"[[(2.65, 6.81), (2.41, 6.57)]]",16
"[[(1.84, 6.0), (3.72, 7.88)]]",20
"[[(9.57, 13.73), (8.31, 12.47)]]",16
"[[(9.42, 13.58), (9.4, 13.56)]]",16
"[[(2.02, 6.18), (5.02, 9.18)]]",16
"[[(1.64, 5.8), (1.04, 5.2)]]",16
"[[(8.02, 12.18), (7.28, 11.44)]]",16
"[[(2.53, 6.69), (3.71, 7.87)]]",16
"[[(4.35, 8.51), (4.49, 8.65)]]",16
"[[(4.0, 8.16), (4.57, 8.73)]]",20
"[[(0.17, 4.33), (8.38, 12.54)]]",16
"[[(2.55, 6.71), (4.66, 8.82)]]",16
"[[(0.75, 4.91), (7.52, 11.68)]]",16
"[[(8.78, 12.94), (3.62, 7.78)]]",16
"[[(8.76, 12.92), (5.2, 9.36)]]",16
"[[(6.54, 10.7), (1.73, 5.89)]]",16
"[[(8.01, 12.17), (6.21, 10.37)]]",16
"[[(7.42, 11.58), (1.3, 5.46)]]",16
"[[(1.36, 5.52), (5.72, 9.88)]]",16
"[[(10.52, 14.68), (9.88, 14.04)]]",20
"[[(3.22, 7.38), (7.6, 11.76)]]",16
"[[(9.2, 13.36), (6.47, 10.63)]]",16
"[[(9.8, 13.96), (3.79, 7.95)]]",16
"[[(8.56, 12.72), (2.07, 6.23)]]",16
"[[(4.43, 8.59), (2.13, 6.29)]]",16
"[[(6.78, 10.94), (5.97, 10.13)]]",20
"[[(5.68, 9.84), (6.72, 10.88)]]",16
"[[(6.68, 10.84), (10.7, 14.86)]]",16
"[[(9.19, 13.35), (3.61, 7.77)]]",16
"[[(3.89, 8.05), (8.22, 12.38)]]",20
"[[(6.46, 10.62), (8.08, 12.24)]]",16
"[[(3.89, 8.05), (10.69, 14.85)]]",20
"[[(2.22, 6.38), (3.47, 7.63)]]",16
"[[(10.5, 14.66), (3.09, 7.25)]]",16
"[[(4.31, 8.47), (3.39, 7.55)]]",16
"[[(9.29, 13.45), (5.74, 9.9)]]",16
"[[(4.05, 8.21), (5.97, 10.13)]]",20
"[[(6.85, 11.01), (7.76, 11.92)]]",20
"[[(6.2, 10.36), (5.54, 9.7)]]",16
"[[(2.49, 6.65), (0.01, 4.17)]]",16
"[[(5.11, 9.27), (6.74, 10.9)]]",16
"[[(5.8, 9.96), (7.16, 11.32)]]",16
"[[(5.8, 9.96), (5.8, 9.96)]]",16
"[[(3.86, 8.02), (5.34, 9.5)]]",20
"[[(6.37, 10.53), (5.92, 10.08)]]",20
"[[(9.27, 13.43), (1.18, 5.34)]]",16
"[[(8.92, 13.08), (8.24, 12.4)]]",20
"[[(7.95, 12.11), (10.18, 14.34)]]",20
"[[(6.61, 10.77), (2.15, 6.31)]]",16
"[[(8.73, 12.89), (9.97, 14.13)]]",20
"[[(3.22, 7.38), (7.25, 11.41)]]",16
"[[(6.44, 10.6), (2.34, 6.5)]]",16
"[[(3.73, 7.89), (6.71, 10.87)]]",16
"[[(3.12, 7.28), (10.56, 14.72)]]",16
"[[(0.2, 4.36), (9.94, 14.1)]]",20
"[[(4.1, 8.26), (8.63, 12.79)]]",16
"[[(10.84, 15.0), (6.52, 10.68)]]",20
"[[(2.13, 6.29), (8.11, 12.27)]]",16
"[[(10.41, 14.57), (6.22, 10.38)]]",16
"[[(6.38, 10.54), (5.53, 9.69)]]",16
"[[(6.16, 10.32), (0.9, 5.06)]]",20
"[[(3.2, 7.36), (6.18, 10.34)]]",16
"[[(8.62, 12.78), (6.03, 10.19)]]",16
"[[(7.78, 11.94), (3.49, 7.65)]]",16
"[[(6.77, 10.93), (7.65, 11.81)]]",16
"[[(9.88, 14.04), (3.67, 7.83)]]",20
"[[(1.09, 5.25), (5.76, 9.92)]]",16
"[[(2.12, 6.28), (3.47, 7.63)]]",16
"[[(0.96, 5.12), (10.7, 14.86)]]",20
"[[(1.74, 5.9), (8.51, 12.67)]]",16
"[[(7.17, 11.33), (2.75, 6.91)]]",16
"[[(1.59, 5.75), (0.65, 4.81)]]",16
"[[(6.63, 10.79), (2.87, 7.03)]]",20
"[[(0.24, 4.4), (1.73, 5.89)]]",16
"[[(0.49, 4.65), (8.74, 12.9)]]",16
"[[(5.97, 10.13), (0.18, 4.34)]]",20
"[[(2.74, 6.9), (6.46, 10.62)]]",16
"[[(9.11, 13.27), (10.34, 14.5)]]",16
"[[(7.92, 12.08), (6.61, 10.77)]]",20
"[[(3.69, 7.85), (10.59, 14.75)]]",16
"[[(0.53, 4.69), (10.29, 14.45)]]",16
"[[(0.63, 4.79), (8.51, 12.67)]]",16
"[[(3.06, 7.22), (8.58, 12.74)]]",16
"[[(0.32, 4.48), (4.95, 9.11)]]",20
"[[(7.52, 11.68), (10.19, 14.35)]]",16
"[[(0.99, 5.15), (9.04, 13.2)]]",20
"[[(9.8, 13.96), (6.74, 10.9)]]",16
"[[(9.77, 13.93), (1.43, 5.59)]]",16
"[[(5.53, 9.69), (4.79, 8.95)]]",16
"[[(10.68, 14.84), (2.71, 6.87)]]",16
"[[(7.86, 12.02), (4.27, 8.43)]]",20
"[[(0.35, 4.51), (0.95, 5.11)]]",20
"[[(0.89, 5.05), (10.17, 14.33)]]",20
"[[(7.34, 11.5), (10.63, 14.79)]]",16
"[[(8.52, 12.68), (1.99, 6.15)]]",20
"[[(2.62, 6.78), (0.85, 5.01)]]",20
"[[(7.79, 11.95), (0.89, 5.05)]]",20
"[[(7.56, 11.72), (10.11, 14.27)]]",16
"[[(4.13, 8.29), (1.4, 5.56)]]",16
"[[(8.91, 13.07), (5.91, 10.07)]]",25
"[[(9.34, 13.5), (10.1, 14.26)]]",16
"[[(10.39, 14.55), (9.59, 13.75)]]",16
"[[(8.1, 12.26), (9.43, 13.59)]]",16
"[[(5.56, 9.72), (2.29, 6.45)]]",16
"[[(3.07, 7.23), (8.97, 13.13)]]",20
"[[(8.92, 13.08), (3.49, 7.65)]]",20
"[[(4.85, 9.01), (8.6, 12.76)]]",20
"[[(1.96, 6.12), (0.39, 4.55)]]",20
"[[(3.64, 7.8), (7.77, 11.93)]]",16
"[[(4.03, 8.19), (7.64, 11.8)]]",16
"[[(10.7, 14.86), (9.06, 13.22)]]",16
"[[(5.64, 9.8), (0.59, 4.75)]]",16
"[[(2.29, 6.45), (2.78, 6.94)]]",16
"[[(9.19, 13.35), (7.88, 12.04)]]",20
"[[(1.87, 6.03), (8.25, 12.41)]]",20
"[[(7.7, 11.86), (9.07, 13.23)]]",16
"[[(6.22, 10.38), (4.65, 8.81)]]",16
"[[(2.16, 6.32), (8.86, 13.02)]]",20
"[[(2.66, 6.82), (0.49, 4.65)]]",16
"[[(2.78, 6.94), (7.46, 11.62)]]",16
"[[(0.26, 4.42), (9.95, 14.11)]]",20
"[[(6.27, 10.43), (6.76, 10.92)]]",16
"[[(5.4, 9.56), (0.03, 4.19)]]",16
"[[(0.45, 4.61), (10.71, 14.87)]]",16
"[[(9.38, 13.54), (2.9, 7.06)]]",20
"[[(7.7, 11.86), (2.54, 6.7)]]",16
"[[(0.15, 4.31), (4.54, 8.7)]]",16
"[[(3.8, 7.96), (7.4, 11.56)]]",16
"[[(2.45, 6.61), (1.95, 6.11)]]",20
"[[(9.83, 13.99), (7.48, 11.64)]]",16
"[[(7.34, 11.5), (9.63, 13.79)]]",16
"[[(0.85, 5.01), (10.42, 14.58)]]",20
"[[(10.35, 14.51), (7.56, 11.72)]]",16
"[[(3.37, 7.53), (8.6, 12.76)]]",16
"[[(0.89, 5.05), (1.84, 6.0)]]",25
"[[(6.59, 10.75), (5.12, 9.28)]]",16
"[[(5.04, 9.2), (0.68, 4.84)]]",16
"[[(4.84, 9.0), (1.79, 5.95)]]",20
"[[(3.02, 7.18), (4.23, 8.39)]]",16
"[[(1.46, 5.62), (5.94, 10.1)]]",20
"[[(5.8, 9.96), (9.76, 13.92)]]",16
"[[(9.61, 13.77), (0.03, 4.19)]]",16
"[[(6.0, 10.16), (10.63, 14.79)]]",20
"[[(2.1, 6.26), (4.0, 8.16)]]",20
"[[(9.06, 13.22), (9.04, 13.2)]]",16
"[[(4.8, 8.96), (3.7, 7.86)]]",16
"[[(0.8, 4.96), (2.6, 6.76)]]",16
"[[(8.91, 13.07), (0.15, 4.31)]]",20
"[[(1.0, 5.16), (9.56, 13.72)]]",20
"[[(0.27, 4.43), (6.81, 10.97)]]",16
"[[(8.31, 12.47), (5.37, 9.53)]]",16
"[[(0.62, 4.78), (4.55, 8.71)]]",16
"[[(3.61, 7.77), (1.52, 5.68)]]",16
"[[(4.11, 8.27), (0.62, 4.78)]]",16
"[[(6.24, 10.4), (5.19, 9.35)]]",16
"[[(1.08, 5.24), (5.31, 9.47)]]",16
"[[(5.66, 9.82), (1.49, 5.65)]]",16
"[[(4.41, 8.57), (7.23, 11.39)]]",16
"[[(1.04, 5.2), (10.5, 14.66)]]",16
"[[(5.09, 9.25), (7.86, 12.02)]]",20
"[[(8.52, 12.68), (1.64, 5.8)]]",16
"[[(9.87, 14.03), (6.32, 10.48)]]",20
"[[(10.82, 14.98), (4.96, 9.12)]]",20
"[[(1.4, 5.56), (6.64, 10.8)]]",16
"[[(3.73, 7.89), (4.69, 8.85)]]",16
"[[(1.71, 5.87), (10.34, 14.5)]]",16
"[[(2.65, 6.81), (9.0, 13.16)]]",20
"[[(6.34, 10.5), (0.73, 4.89)]]",16
"[[(2.97, 7.13), (8.7, 12.86)]]",20
"[[(6.93, 11.09), (7.27, 11.43)]]",20
"[[(4.01, 8.17), (10.64, 14.8)]]",16
"[[(7.79, 11.95), (7.91, 12.07)]]",20
"[[(9.85, 14.01), (8.86, 13.02)]]",25
"[[(9.11, 13.27), (3.16, 7.32)]]",16
"[[(2.57, 6.73), (1.72, 5.88)]]",16
"[[(4.99, 9.15), (10.71, 14.87)]]",20
"[[(5.5, 9.66), (4.25, 8.41)]]",16
"[[(1.57, 5.73), (10.72, 14.88)]]",16
"[[(1.75, 5.91), (4.91, 9.07)]]",20
"[[(6.55, 10.71), (9.66, 13.82)]]",16
"[[(9.74, 13.9), (9.96, 14.12)]]",20
"[[(9.25, 13.41), (2.26, 6.42)]]",16
"[[(0.25, 4.41), (9.64, 13.8)]]",16
"[[(4.0, 8.16), (6.44, 10.6)]]",20
"[[(8.37, 12.53), (9.18, 13.34)]]",16
"[[(7.24, 11.4), (3.29, 7.45)]]",16
"[[(2.59, 6.75), (6.44, 10.6)]]",16
"[[(10.77, 14.93), (1.74, 5.9)]]",16
"[[(6.09, 10.25), (8.94, 13.1)]]",20
"[[(5.32, 9.48), (9.62, 13.78)]]",16
"[[(0.27, 4.43), (9.79, 13.95)]]",16
"[[(6.13, 10.29), (1.59, 5.75)]]",16
"[[(10.55, 14.71), (10.18, 14.34)]]",16
"[[(0.88, 5.04), (2.55, 6.71)]]",20
"[[(8.14, 12.3), (7.26, 11.42)]]",16
"[[(3.6, 7.76), (10.23, 14.39)]]",16
"[[(9.04, 13.2), (0.53, 4.69)]]",16
"[[(9.81, 13.97), (9.31, 13.47)]]",16
"[[(8.01, 12.17), (2.92, 7.08)]]",20
"[[(7.75, 11.91), (8.7, 12.86)]]",16
"[[(9.62, 13.78), (9.38, 13.54)]]",16
"[[(4.83, 8.99), (8.19, 12.35)]]",16
"[[(8.86, 13.02), (6.5, 10.66)]]",20
"[[(5.59, 9.75), (5.86, 10.02)]]",20
"[[(0.41, 4.57), (6.35, 10.51)]]",16
"[[(10.81, 14.97), (1.59, 5.75)]]",16
"[[(0.52, 4.68), (9.74, 13.9)]]",16
"[[(2.99, 7.15), (1.23, 5.39)]]",20
"[[(0.09, 4.25), (8.44, 12.6)]]",16
"[[(8.74, 12.9), (4.88, 9.04)]]",20
"[[(0.17, 4.33), (9.6, 13.76)]]",16
"[[(4.14, 8.3), (1.21, 5.37)]]",16
"[[(8.41, 12.57), (3.22, 7.38)]]",16
"[[(5.16, 9.32), (8.37, 12.53)]]",16
"[[(2.25, 6.41), (3.54, 7.7)]]",16
"[[(3.9, 8.06), (7.93, 12.09)]]",25
"[[(3.98, 8.14), (6.45, 10.61)]]",20
"[[(10.75, 14.91), (10.31, 14.47)]]",16
"[[(3.93, 8.09), (2.58, 6.74)]]",20
"[[(1.19, 5.35), (1.42, 5.58)]]",16
"[[(5.79, 9.95), (1.76, 5.92)]]",16
"[[(10.31, 14.47), (3.53, 7.69)]]",16
"[[(7.39, 11.55), (9.62, 13.78)]]",16
"[[(1.87, 6.03), (4.84, 9.0)]]",25
"[[(1.7, 5.86), (5.26, 9.42)]]",16
"[[(5.64, 9.8), (7.41, 11.57)]]",16
"[[(4.78, 8.94), (10.06, 14.22)]]",16
"[[(4.85, 9.01), (2.8, 6.96)]]",20
"[[(6.31, 10.47), (3.74, 7.9)]]",16
"[[(4.62, 8.78), (4.57, 8.73)]]",16
"[[(3.49, 7.65), (2.13, 6.29)]]",16
"[[(9.76, 13.92), (6.35, 10.51)]]",16
"[[(6.4, 10.56), (2.06, 6.22)]]",16
"[[(1.52, 5.68), (10.55, 14.71)]]",16
"[[(1.54, 5.7), (8.69, 12.85)]]",16
"[[(8.95, 13.11), (9.41, 13.57)]]",20
"[[(6.64, 10.8), (1.05, 5.21)]]",16
"[[(9.48, 13.64), (9.97, 14.13)]]",20
"[[(3.52, 7.68), (3.81, 7.97)]]",16
"[[(4.31, 8.47), (0.79, 4.95)]]",16
"[[(10.34, 14.5), (1.0, 5.16)]]",20
"[[(5.58, 9.74), (6.16, 10.32)]]",16
"[[(3.21, 7.37), (2.72, 6.88)]]",16
"[[(8.73, 12.89), (7.98, 12.14)]]",20
"[[(5.23, 9.39), (9.98, 14.14)]]",20
"[[(1.67, 5.83), (1.04, 5.2)]]",16
"[[(5.98, 10.14), (6.25, 10.41)]]",20
"[[(9.63, 13.79), (8.39, 12.55)]]",16
"[[(4.67, 8.83), (6.21, 10.37)]]",16
"[[(1.92, 6.08), (0.44, 4.6)]]",20
"[[(6.56, 10.72), (10.7, 14.86)]]",16
"[[(8.77, 12.93), (3.22, 7.38)]]",16
"[[(5.29, 9.45), (8.11, 12.27)]]",16
"[[(3.24, 7.4), (3.53, 7.69)]]",16
"[[(8.57, 12.73), (0.15, 4.31)]]",16
"[[(9.84, 14.0), (7.37, 11.53)]]",20
"[[(3.36, 7.52), (10.63, 14.79)]]",16
"[[(5.62, 9.78), (5.21, 9.37)]]",16
"[[(3.95, 8.11), (9.59, 13.75)]]",20
"[[(2.99, 7.15), (0.73, 4.89)]]",20
"[[(3.25, 7.41), (6.89, 11.05)]]",20
"[[(6.82, 10.98), (0.33, 4.49)]]",16
"[[(2.75, 6.91), (3.24, 7.4)]]",16
"[[(6.42, 10.58), (5.28, 9.44)]]",16
"[[(3.69, 7.85), (5.22, 9.38)]]",16
"[[(6.06, 10.22), (2.13, 6.29)]]",16
"[[(4.3, 8.46), (0.87, 5.03)]]",20
"[[(9.87, 14.03), (10.54, 14.7)]]",20
"[[(6.82, 10.98), (2.01, 6.17)]]",16
"[[(7.6, 11.76), (1.62, 5.78)]]",16
"[[(10.27, 14.43), (5.49, 9.65)]]",16
"[[(5.49, 9.65), (2.14, 6.3)]]",16
"[[(1.83, 5.99), (4.58, 8.74)]]",16
"[[(0.36, 4.52), (0.97, 5.13)]]",20
"[[(9.89, 14.05), (0.41, 4.57)]]",20
"[[(3.94, 8.1), (3.93, 8.09)]]",25
"[[(4.05, 8.21), (1.8, 5.96)]]",16
"[[(7.53, 11.69), (9.81, 13.97)]]",16
"[[(4.42, 8.58), (4.32, 8.48)]]",16
"[[(9.96, 14.12), (4.37, 8.53)]]",20
"[[(8.57, 12.73), (6.09, 10.25)]]",16
"[[(6.38, 10.54), (6.1, 10.26)]]",16
"[[(10.5, 14.66), (3.07, 7.23)]]",16
"[[(5.91, 10.07), (4.08, 8.24)]]",20
"[[(8.68, 12.84), (4.52, 8.68)]]",16
"[[(8.92, 13.08), (9.02, 13.18)]]",20
"[[(10.81, 14.97), (3.29, 7.45)]]",16
"[[(10.19, 14.35), (3.55, 7.71)]]",16
"[[(10.37, 14.53), (0.3, 4.46)]]",16
"[[(3.26, 7.42), (0.56, 4.72)]]",16
"[[(0.12, 4.28), (6.18, 10.34)]]",16
"[[(3.61, 7.77), (2.63, 6.79)]]",16
"[[(1.26, 5.42), (7.61, 11.77)]]",16
"[[(10.63, 14.79), (5.94, 10.1)]]",20
"[[(10.63, 14.79), (6.53, 10.69)]]",16
"[[(3.68, 7.84), (3.51, 7.67)]]",16
"[[(9.0, 13.16), (5.83, 9.99)]]",20
"[[(6.32, 10.48), (3.01, 7.17)]]",16
"[[(2.75, 6.91), (9.83, 13.99)]]",16
"[[(9.53, 13.69), (10.5, 14.66)]]",16
"[[(10.73, 14.89), (9.11, 13.27)]]",16
"[[(8.79, 12.95), (7.57, 11.73)]]",16
"[[(0.38, 4.54), (2.53, 6.69)]]",16
"[[(5.48, 9.64), (8.03, 12.19)]]",16
"[[(10.03, 14.19), (2.19, 6.35)]]",16
"[[(0.29, 4.45), (0.74, 4.9)]]",16
