,DAG,KD
0,2,2
1,2,0
2,2,1
3,2,2
4,2,2
5,2,2
6,2,2
7,2,2
8,2,2
9,2,2
10,2,1
11,2,0
12,2,0
13,2,1
14,4,2
15,2,1
16,3,3
17,2,1
18,2,0
19,2,0
20,2,2
21,2,1
22,2,0
23,2,2
24,2,0
25,2,0
26,2,2
27,2,2
28,2,0
29,2,2
30,2,0
31,4,4
32,2,0
33,2,0
34,2,2
35,3,1
36,2,2
37,2,1
38,2,2
39,2,2
40,3,3
41,2,1
42,2,2
43,2,2
44,2,2
45,2,2
46,2,2
47,3,2
48,2,2
49,2,2
50,2,2
51,2,0
52,2,2
53,3,2
54,3,3
55,2,2
56,2,0
57,4,2
58,2,1
59,4,4
60,4,4
61,3,2
62,2,0
63,2,2
64,2,0
65,2,0
66,2,2
67,2,1
68,2,2
69,2,2
70,2,1
71,2,2
72,2,0
73,2,0
74,2,0
75,2,0
76,2,0
77,3,3
78,2,0
79,2,1
80,2,2
81,2,2
82,2,2
83,4,2
84,2,0
85,2,1
86,3,3
87,4,0
88,2,0
89,4,2
90,4,0
91,2,0
92,3,1
93,3,2
94,2,2
95,2,2
96,2,1
97,2,2
98,2,0
99,2,2
100,3,3
101,2,2
102,2,2
103,2,0
104,2,0
105,4,2
106,2,0
107,2,2
108,2,1
109,3,0
110,2,0
111,2,2
112,3,3
113,2,1
114,2,1
115,3,2
116,2,1
117,2,0
118,3,0
119,2,2
120,2,2
121,3,3
122,2,0
123,4,1
124,2,2
125,2,0
126,3,2
127,2,1
128,2,2
129,2,0
130,2,2
131,2,2
132,2,0
133,3,1
134,2,2
135,2,0
136,2,0
137,2,2
138,3,3
139,2,0
140,2,2
141,2,0
142,3,1
143,3,3
144,2,0
145,3,3
146,2,1
147,2,0
148,2,1
149,3,1
150,2,2
151,2,0
152,3,3
153,2,2
154,2,2
155,3,1
156,2,2
157,2,2
158,2,2
159,2,1
160,2,0
161,2,0
162,2,0
163,2,0
164,2,1
165,2,2
166,2,1
167,2,2
168,2,0
169,2,2
170,3,3
171,2,0
172,2,0
173,3,3
174,2,2
175,3,3
176,4,4
177,2,0
178,2,0
179,2,0
180,2,0
181,2,2
182,2,2
183,4,1
184,3,2
185,2,2
186,2,0
187,2,2
188,2,2
189,2,1
190,3,0
191,3,0
192,2,0
193,2,1
194,2,2
195,2,2
196,2,1
197,2,2
198,2,0
199,2,2
200,3,1
201,2,0
202,4,0
203,2,1
204,2,0
205,2,0
206,2,2
207,2,2
208,2,1
209,3,3
210,2,0
211,2,0
212,2,2
213,2,0
214,2,2
215,2,2
216,2,0
217,2,2
218,3,1
219,2,2
220,2,2
221,2,2
222,2,2
223,2,2
224,2,1
225,2,0
226,3,3
227,3,3
228,2,2
229,3,1
230,2,0
231,2,2
232,2,2
233,2,2
234,2,0
235,2,2
236,2,0
237,3,2
238,3,1
239,3,2
240,3,0
241,2,0
242,2,2
243,2,2
244,3,1
245,2,2
246,3,3
247,3,1
248,2,2
249,2,1
250,2,0
251,3,1
252,2,2
253,2,2
254,2,2
255,2,1
256,3,3
257,2,0
258,2,0
259,2,1
260,2,0
261,3,0
262,2,2
263,2,2
264,2,2
265,2,2
266,2,2
267,4,4
268,2,0
269,2,2
270,2,0
271,2,1
272,2,2
273,2,2
274,2,2
275,2,1
276,2,1
277,2,0
278,2,2
279,2,2
280,2,2
281,2,2
282,2,0
283,3,0
284,3,0
285,2,0
286,2,2
287,3,0
288,3,2
289,2,2
290,2,2
291,2,2
292,2,2
293,2,1
294,2,2
295,2,0
296,2,2
297,2,0
298,2,0
299,2,1
300,3,3
301,2,1
302,2,0
303,2,2
304,3,3
305,2,0
306,2,1
307,2,0
308,3,1
309,4,0
310,2,1
311,2,2
312,2,2
313,3,1
314,2,0
315,2,2
316,3,2
317,2,2
318,3,3
319,3,2
320,2,1
321,2,1
322,2,2
323,2,1
324,2,2
325,2,0
326,2,0
327,2,2
328,2,0
329,2,2
330,3,2
331,3,1
332,2,0
333,2,2
334,2,2
335,2,1
336,2,0
337,3,1
338,2,1
339,2,0
340,2,2
341,2,2
342,2,0
343,3,0
344,2,2
345,2,2
346,4,0
347,2,1
348,2,0
349,2,2
350,2,2
351,2,2
352,2,1
353,2,0
354,2,2
355,2,2
356,2,0
357,2,0
358,2,2
359,4,0
360,4,1
361,2,2
362,2,2
363,2,1
364,2,1
365,3,1
366,3,1
367,2,2
368,2,2
369,2,2
370,2,1
371,4,3
372,4,4
373,2,2
374,2,2
375,4,1
376,2,0
377,2,0
378,3,2
379,2,0
380,2,0
381,2,1
382,2,0
383,2,0
384,2,2
385,3,3
386,2,2
387,2,0
388,2,1
389,2,1
390,2,2
391,3,3
392,3,1
393,2,1
394,2,0
395,2,2
396,2,0
397,2,2
398,2,2
399,3,3
400,2,2
401,2,2
402,2,1
403,2,0
404,2,0
405,2,0
406,2,0
407,2,2
408,2,1
409,2,2
410,2,2
411,2,1
412,2,2
413,3,3
414,2,0
415,2,0
416,3,2
417,2,2
418,2,0
419,2,2
420,4,4
421,2,2
422,2,2
423,4,3
424,3,2
425,2,2
426,2,2
427,4,3
428,2,2
429,2,0
430,2,2
431,2,0
432,3,3
433,2,0
434,3,3
435,2,2
436,2,2
437,3,3
438,2,0
439,2,1
440,2,2
441,4,0
442,3,3
443,2,2
444,2,2
445,4,2
446,2,0
447,4,1
448,2,2
449,3,0
450,2,0
451,2,2
452,2,2
453,4,0
454,2,0
455,2,2
456,3,0
457,2,1
458,4,2
459,2,0
460,2,0
461,2,0
462,2,2
463,2,0
464,2,2
465,3,0
466,2,2
467,2,2
468,2,1
469,2,0
470,4,0
471,2,2
472,2,1
473,2,2
474,2,2
475,2,2
476,3,3
477,2,0
478,2,0
479,3,0
480,2,2
481,2,2
482,2,0
483,2,2
484,2,2
485,2,0
486,3,1
487,2,1
488,2,2
489,2,1
490,2,2
491,2,2
492,3,0
493,2,0
494,2,2
495,2,1
496,4,4
497,2,1
498,2,2
499,2,2
500,2,2
501,3,3
502,2,2
503,2,0
504,2,2
505,2,0
506,2,0
507,3,1
508,2,0
509,4,0
510,2,2
511,2,0
512,2,0
513,2,0
514,2,2
515,2,0
516,2,0
517,3,3
518,2,0
519,3,2
520,2,0
521,2,2
522,2,0
523,2,1
524,2,2
525,4,0
526,2,2
527,2,0
528,2,0
529,2,0
530,3,1
531,4,2
532,2,0
533,2,0
534,2,2
535,3,0
536,2,2
537,4,2
538,4,4
539,2,0
540,2,2
541,2,0
542,2,2
543,2,2
544,2,2
545,2,1
546,4,0
547,2,0
548,2,2
549,2,1
550,2,2
551,2,2
552,4,3
553,2,2
554,2,2
555,2,0
556,2,1
557,2,2
558,2,2
559,2,1
560,2,2
561,2,2
562,2,0
563,2,1
564,2,1
565,2,2
566,2,2
567,2,2
568,2,2
569,2,0
570,3,3
571,2,2
572,2,1
573,2,1
574,2,0
575,2,2
576,2,0
577,2,0
578,2,0
579,2,2
580,2,2
581,2,2
582,3,3
583,3,3
584,3,0
585,2,0
586,2,0
587,3,2
588,2,2
589,2,2
590,2,1
591,2,1
592,2,2
593,2,2
594,2,2
595,3,3
596,2,2
597,2,2
598,2,2
599,2,2
600,2,2
601,2,2
602,3,3
603,2,2
604,2,0
605,2,0
606,2,2
607,2,2
608,3,2
609,2,2
610,2,1
611,3,3
612,3,1
613,2,2
614,2,2
615,3,2
616,3,0
617,2,2
618,2,0
619,3,2
620,2,2
621,2,2
622,3,3
623,2,0
624,2,0
625,2,2
626,2,2
627,2,2
628,2,2
629,2,2
630,2,0
631,2,0
632,2,1
633,4,2
634,2,0
635,2,1
636,3,2
637,3,3
638,2,0
639,2,1
640,2,2
641,2,1
642,2,1
643,4,3
644,2,0
645,2,0
646,2,0
647,2,1
648,2,2
649,2,2
650,4,2
651,2,0
652,4,1
653,2,1
654,2,0
655,3,3
656,2,2
657,4,3
658,3,2
659,2,0
660,3,1
661,3,1
662,2,0
663,2,1
664,2,0
665,2,0
666,2,0
667,3,1
668,2,2
669,2,0
670,2,2
671,2,0
672,2,0
673,2,2
674,2,2
675,2,1
676,2,0
677,2,2
678,2,0
679,3,3
680,2,0
681,2,2
682,2,1
683,3,3
684,2,2
685,2,2
686,2,0
687,3,0
688,3,1
689,2,1
690,4,3
691,2,2
692,3,0
693,2,0
694,2,2
695,4,2
696,3,1
697,2,1
698,3,0
699,2,0
700,2,2
701,4,0
702,2,2
703,3,1
704,3,1
705,3,2
706,2,0
707,3,3
708,3,3
709,2,2
710,4,0
711,3,3
712,2,2
713,2,2
714,3,2
715,2,2
716,2,2
717,2,0
718,2,2
719,2,2
720,2,0
721,2,2
722,4,2
723,3,1
724,2,2
725,2,2
726,2,0
727,2,2
728,2,2
729,2,2
730,4,2
731,2,0
732,2,2
733,3,2
734,2,2
735,2,0
736,2,1
737,2,2
738,3,2
739,3,2
740,3,1
741,2,2
742,3,2
743,2,0
744,2,2
745,2,0
746,2,2
747,2,0
748,2,2
749,2,2
750,2,1
751,2,0
752,3,0
753,2,0
754,2,0
755,3,3
756,2,0
757,2,1
758,2,2
759,4,0
760,2,2
761,2,0
762,2,2
763,3,3
764,2,2
765,2,0
766,2,0
767,3,3
768,3,0
769,2,2
770,2,2
771,2,1
772,2,2
773,2,2
774,3,1
775,4,2
776,2,0
777,2,2
778,3,3
779,4,3
780,2,0
781,2,1
782,2,0
783,2,2
784,2,2
785,2,0
786,2,1
787,2,1
788,2,1
789,4,3
790,3,3
791,2,1
792,2,2
793,2,2
794,2,0
795,3,1
796,2,2
797,2,2
798,2,0
799,3,0
800,2,2
801,2,1
802,3,1
803,2,0
804,3,3
805,3,3
806,3,1
807,2,2
808,2,1
809,2,2
810,2,2
811,2,2
812,3,1
813,2,2
814,2,0
815,2,0
816,3,3
817,2,0
818,2,2
819,3,0
820,3,0
821,2,1
822,2,0
823,2,2
824,2,2
825,2,2
826,2,0
827,2,2
828,2,0
829,2,1
830,2,2
831,2,0
832,2,0
833,3,2
834,2,1
835,4,2
836,3,1
837,4,4
838,2,2
839,2,2
840,2,2
841,3,0
842,3,3
843,2,1
844,2,0
845,2,2
846,4,0
847,2,1
848,2,1
849,2,1
850,2,1
851,2,0
852,2,0
853,4,4
854,2,2
855,3,1
856,2,2
857,3,3
858,2,0
859,2,2
860,2,0
861,2,2
862,4,0
863,2,1
864,2,0
865,2,0
866,2,2
867,2,0
868,3,3
869,3,3
870,3,2
871,2,0
872,4,2
873,2,0
874,2,0
875,2,2
876,2,2
877,2,2
878,2,0
879,3,3
880,2,2
881,3,1
882,2,0
883,4,2
884,2,0
885,2,0
886,2,1
887,3,3
888,2,1
889,2,0
890,2,2
891,2,0
892,2,2
893,2,2
894,2,0
895,2,2
896,2,0
897,2,2
898,2,0
899,2,0
900,2,2
901,3,0
902,2,1
903,2,0
904,2,2
905,3,2
906,3,2
907,2,2
908,3,1
909,2,0
910,2,2
911,2,0
912,2,2
913,2,0
914,2,2
915,2,1
916,2,2
917,3,1
918,2,2
919,2,2
920,4,4
921,2,2
922,2,2
923,2,1
924,2,1
925,3,1
926,2,0
927,3,1
928,2,0
929,3,2
930,3,1
931,2,2
932,4,2
933,2,0
934,2,0
935,2,2
936,2,1
937,2,2
938,2,2
939,2,1
940,2,2
941,3,3
942,3,3
943,2,1
944,2,2
945,2,0
946,2,0
947,2,1
948,3,1
949,2,2
950,3,2
951,2,2
952,4,0
953,2,2
954,2,2
955,2,2
956,3,2
957,3,3
958,2,1
959,2,0
960,2,2
961,2,2
962,2,1
963,2,2
964,2,2
965,3,0
966,2,0
967,2,2
968,2,2
969,3,0
970,2,2
971,3,3
972,4,0
973,3,0
974,2,2
975,2,2
976,2,2
977,4,1
978,3,3
979,2,2
980,2,2
981,2,1
982,2,0
983,4,4
984,2,1
985,3,0
986,2,2
987,2,1
988,2,2
989,2,0
990,2,0
991,2,1
992,2,0
993,2,1
994,2,2
995,2,2
996,2,2
997,2,2
998,2,0
999,4,4
1000,2,1
1001,2,0
1002,2,2
1003,2,2
1004,3,2
1005,2,1
1006,2,2
1007,2,2
1008,3,1
1009,2,2
1010,2,0
1011,2,2
1012,3,1
1013,2,0
1014,2,0
1015,2,0
1016,2,2
1017,2,2
1018,2,2
1019,2,2
1020,3,3
1021,2,2
1022,3,1
1023,2,0
1024,2,2
1025,2,0
1026,2,2
1027,2,1
1028,2,1
1029,2,0
1030,2,0
1031,4,2
1032,2,2
1033,2,0
1034,2,1
1035,2,1
1036,2,2
1037,2,1
1038,2,1
1039,3,1
1040,2,2
1041,2,1
1042,2,0
1043,3,2
1044,2,0
1045,2,2
1046,2,0
1047,2,0
1048,2,2
1049,4,1
1050,2,0
1051,2,2
1052,2,2
1053,2,2
1054,2,1
1055,2,0
1056,2,0
1057,2,2
1058,2,2
1059,2,0
1060,2,2
1061,2,2
1062,3,2
1063,2,0
1064,2,2
1065,2,2
1066,2,2
1067,2,1
1068,2,2
1069,3,0
1070,2,2
1071,3,0
1072,2,2
1073,3,3
1074,4,4
1075,2,2
1076,3,0
1077,2,1
1078,3,1
1079,4,1
1080,2,0
1081,2,0
1082,3,2
1083,2,2
1084,3,2
1085,3,2
1086,2,0
1087,2,0
1088,2,2
1089,2,0
1090,2,2
1091,2,0
1092,2,0
1093,2,2
1094,2,1
1095,3,1
1096,4,0
1097,3,3
1098,2,2
1099,4,4
1100,2,1
1101,4,4
1102,2,0
1103,2,0
1104,3,0
1105,3,1
1106,2,2
1107,2,0
1108,3,1
1109,2,2
1110,2,2
1111,2,2
1112,2,2
1113,3,3
1114,3,1
1115,2,1
1116,3,0
1117,2,0
1118,2,2
1119,2,0
1120,3,2
1121,2,1
1122,4,1
1123,2,0
1124,2,1
1125,4,4
1126,4,1
1127,2,1
1128,2,0
1129,2,1
1130,3,3
1131,2,2
1132,2,2
1133,2,2
1134,2,2
1135,2,2
1136,2,2
1137,2,0
1138,3,1
1139,2,1
1140,2,0
1141,2,2
1142,3,2
1143,2,2
1144,2,0
1145,2,2
1146,2,0
1147,2,2
1148,2,1
1149,4,1
1150,3,1
1151,2,1
1152,2,0
1153,2,2
1154,2,2
1155,2,2
1156,2,2
1157,2,0
1158,4,2
1159,2,1
1160,2,0
1161,2,2
1162,2,0
1163,2,0
1164,2,2
1165,2,0
1166,2,2
1167,2,2
1168,2,1
1169,2,0
1170,2,0
1171,4,1
1172,2,0
1173,2,2
1174,2,0
1175,2,0
1176,2,1
1177,2,2
1178,2,2
1179,2,1
1180,2,1
1181,2,0
1182,2,0
1183,2,0
1184,4,4
1185,2,0
1186,2,0
1187,2,2
1188,3,0
1189,2,2
1190,2,1
1191,2,0
1192,3,3
1193,2,2
1194,3,0
1195,2,1
1196,2,1
1197,3,1
1198,2,1
1199,2,2
1200,2,2
1201,2,2
1202,3,2
1203,2,2
1204,2,2
1205,2,2
1206,2,0
1207,2,1
1208,2,0
1209,2,2
1210,3,3
1211,2,2
1212,2,2
1213,2,0
1214,2,2
1215,3,1
1216,2,2
1217,2,0
1218,2,2
1219,2,2
1220,2,1
1221,3,3
1222,2,2
1223,2,1
1224,3,0
1225,2,2
1226,2,2
1227,3,0
1228,2,2
1229,2,2
1230,2,0
1231,2,2
1232,2,2
1233,2,2
1234,3,2
1235,2,1
1236,2,2
1237,3,1
1238,2,0
1239,4,1
1240,2,2
1241,2,2
1242,3,1
1243,2,0
1244,2,0
1245,2,1
1246,2,2
1247,2,0
1248,4,1
1249,3,3
1250,4,2
1251,3,1
1252,2,1
1253,2,1
1254,3,3
1255,2,0
1256,3,2
1257,2,1
1258,2,2
1259,3,3
1260,2,0
1261,2,2
1262,2,2
1263,3,0
1264,2,2
1265,2,2
1266,2,2
1267,2,2
1268,2,1
1269,2,0
1270,2,0
1271,2,0
1272,2,0
1273,3,3
1274,2,2
1275,2,0
1276,2,0
1277,2,0
1278,2,0
1279,2,2
1280,2,2
1281,4,4
1282,2,1
1283,2,2
1284,2,1
1285,2,0
1286,2,1
1287,3,0
1288,2,1
1289,2,2
1290,2,0
1291,2,0
1292,2,0
1293,2,2
1294,2,0
1295,2,0
1296,2,0
1297,3,2
1298,3,0
1299,2,2
1300,2,0
1301,2,1
1302,3,1
1303,2,2
1304,2,0
1305,2,2
1306,2,2
1307,2,2
1308,2,0
1309,2,2
1310,2,1
1311,2,1
1312,2,1
1313,2,2
1314,2,2
1315,2,1
1316,2,2
1317,2,2
1318,2,2
1319,2,2
1320,2,2
1321,2,1
1322,2,1
1323,2,0
1324,3,1
1325,3,3
1326,3,3
1327,2,0
1328,2,1
1329,3,0
1330,2,2
1331,2,0
1332,2,0
1333,2,2
1334,3,3
1335,2,0
1336,2,2
1337,2,0
1338,2,2
1339,2,2
1340,2,0
1341,4,4
1342,2,2
1343,2,2
1344,3,0
1345,4,3
1346,2,0
1347,2,0
1348,2,0
1349,2,0
1350,2,0
1351,2,2
1352,2,0
1353,2,2
1354,2,1
1355,2,0
1356,2,0
1357,2,1
1358,2,2
1359,2,0
1360,2,0
1361,2,0
1362,2,1
1363,2,2
1364,3,0
1365,2,2
1366,2,1
1367,2,2
1368,2,0
1369,3,3
1370,2,2
1371,2,1
1372,2,2
1373,2,0
1374,2,2
1375,3,3
1376,2,0
1377,2,1
1378,2,2
1379,3,2
1380,2,2
1381,4,2
1382,3,0
1383,2,2
1384,3,2
1385,3,3
1386,2,0
1387,3,3
1388,4,4
1389,3,0
1390,2,1
1391,2,2
1392,2,0
1393,2,1
1394,2,2
1395,2,2
1396,2,0
1397,4,3
1398,2,2
1399,3,3
1400,3,1
1401,3,3
1402,2,1
1403,2,2
1404,2,0
1405,2,2
1406,2,0
1407,2,2
1408,2,0
1409,2,2
1410,2,0
1411,2,2
1412,3,0
1413,2,0
1414,2,0
1415,2,2
1416,4,0
1417,2,0
1418,2,2
1419,2,2
1420,2,1
1421,2,0
1422,3,2
1423,2,0
1424,3,1
1425,2,2
1426,2,2
1427,2,1
1428,2,2
1429,2,0
1430,2,1
1431,2,2
1432,2,2
1433,2,2
1434,3,3
1435,3,2
1436,2,2
1437,2,2
1438,2,0
1439,2,0
1440,2,1
1441,3,0
1442,2,2
1443,2,0
1444,2,1
1445,3,1
1446,2,2
1447,2,2
1448,2,1
1449,2,0
1450,2,1
1451,2,0
1452,2,2
1453,2,1
1454,2,2
1455,3,1
1456,3,1
1457,3,1
1458,2,2
1459,3,2
1460,2,0
1461,3,1
1462,2,1
1463,2,2
1464,2,0
1465,4,0
1466,3,3
1467,2,2
1468,2,0
1469,3,0
1470,3,3
1471,3,3
1472,2,2
1473,3,3
1474,2,0
1475,2,1
1476,4,4
1477,2,0
1478,3,2
1479,2,0
1480,2,2
1481,2,2
1482,4,3
1483,2,1
1484,2,2
1485,2,2
1486,2,0
1487,3,0
1488,3,0
1489,3,2
1490,2,1
1491,3,3
1492,2,2
1493,2,2
1494,2,2
1495,2,2
1496,2,0
1497,2,2
1498,2,1
1499,2,2
1500,2,2
1501,2,2
1502,2,0
1503,2,0
1504,2,2
1505,2,1
1506,2,0
1507,2,2
1508,2,2
1509,3,1
1510,2,2
1511,2,0
1512,2,2
1513,2,0
1514,2,0
1515,2,0
1516,4,3
1517,3,3
1518,2,2
1519,4,4
1520,2,2
1521,2,2
1522,2,0
1523,3,0
1524,3,0
1525,3,3
1526,2,0
1527,2,2
1528,3,2
1529,3,3
1530,2,0
1531,2,1
1532,3,0
1533,2,0
1534,2,2
1535,2,2
1536,2,2
1537,2,0
1538,2,0
1539,2,2
1540,2,2
1541,3,1
1542,2,2
1543,2,2
1544,2,0
1545,2,0
1546,3,2
1547,2,2
1548,3,2
1549,2,2
1550,3,3
1551,2,2
1552,2,1
1553,2,2
1554,3,0
1555,2,1
1556,2,2
1557,2,2
1558,2,1
1559,3,1
1560,2,0
1561,2,0
1562,2,2
1563,3,2
1564,2,0
1565,2,2
1566,2,0
1567,3,1
1568,3,1
1569,2,1
1570,2,2
1571,4,4
1572,2,0
1573,2,2
1574,4,2
1575,2,0
1576,3,1
1577,2,2
1578,3,0
1579,2,0
1580,3,3
1581,2,1
1582,3,3
1583,2,1
1584,2,0
1585,3,0
1586,2,0
1587,2,0
1588,2,2
1589,2,0
1590,2,2
1591,2,0
1592,3,1
1593,2,2
1594,2,0
1595,3,1
1596,4,2
1597,2,2
1598,3,3
1599,2,0
1600,2,2
1601,3,0
1602,2,2
1603,3,1
1604,2,2
1605,2,0
1606,2,1
1607,4,1
1608,2,0
1609,2,2
1610,2,2
1611,2,1
1612,4,2
1613,2,0
1614,2,2
1615,2,2
1616,2,2
1617,2,0
1618,3,1
1619,2,2
1620,2,1
1621,2,0
1622,2,1
1623,4,4
1624,2,0
1625,2,0
1626,2,0
1627,3,3
1628,2,0
1629,3,2
1630,2,0
1631,2,0
1632,2,2
1633,2,1
1634,3,2
1635,2,0
1636,2,2
1637,2,2
1638,2,2
1639,3,3
1640,3,3
1641,2,2
1642,4,2
1643,3,2
1644,2,1
1645,4,3
1646,4,2
1647,2,2
1648,3,1
1649,2,0
1650,2,2
1651,2,1
1652,3,0
1653,3,3
1654,2,0
1655,2,2
1656,2,2
1657,2,2
1658,2,2
1659,3,3
1660,2,2
1661,2,1
1662,2,0
1663,2,2
1664,2,2
1665,3,3
1666,3,1
1667,2,2
1668,2,2
1669,2,2
1670,2,0
1671,2,2
1672,2,0
1673,2,1
1674,2,0
1675,2,2
1676,2,0
1677,2,2
1678,2,1
1679,2,2
1680,4,1
1681,3,0
1682,2,0
1683,2,2
1684,3,3
1685,2,0
1686,3,3
1687,3,1
1688,2,1
1689,2,1
1690,2,0
1691,3,3
1692,2,1
1693,2,2
1694,2,1
1695,2,0
1696,4,4
1697,2,2
1698,2,2
1699,3,2
1700,3,3
1701,2,2
1702,3,0
1703,2,2
1704,2,2
1705,3,3
1706,2,0
1707,2,0
1708,2,1
1709,2,1
1710,3,3
1711,2,0
1712,3,2
1713,2,1
1714,2,0
1715,4,4
1716,2,0
1717,3,0
1718,2,1
1719,2,1
1720,2,2
1721,3,1
1722,2,1
1723,2,0
1724,2,0
1725,2,0
1726,3,0
1727,2,0
1728,2,2
1729,4,2
1730,2,0
1731,2,0
1732,2,0
1733,2,2
1734,2,2
1735,2,0
1736,2,0
1737,2,2
1738,2,0
1739,2,0
1740,2,1
1741,2,2
1742,2,2
1743,2,2
1744,4,2
1745,2,0
1746,2,0
1747,2,2
1748,2,0
1749,2,2
1750,3,3
1751,2,2
1752,2,2
1753,3,3
1754,2,2
1755,2,1
1756,3,3
1757,2,0
1758,3,3
1759,2,1
1760,2,0
1761,2,1
1762,2,2
1763,2,2
1764,2,2
1765,4,4
1766,2,0
1767,2,2
1768,2,0
1769,2,2
1770,2,2
1771,2,2
1772,3,2
1773,2,1
1774,2,1
1775,2,2
1776,2,0
1777,3,0
1778,2,2
1779,3,2
1780,4,4
1781,2,2
1782,2,2
1783,3,2
1784,2,2
1785,2,1
1786,2,2
1787,2,0
1788,4,0
1789,3,2
1790,2,0
1791,3,2
1792,2,2
1793,2,0
1794,3,2
1795,2,1
1796,3,1
1797,3,2
1798,2,0
1799,2,0
1800,2,1
1801,2,1
1802,3,0
1803,2,0
1804,2,1
1805,2,2
1806,3,1
1807,2,0
1808,3,3
1809,3,3
1810,2,1
1811,4,0
1812,2,0
1813,2,0
1814,3,0
1815,2,0
1816,2,1
1817,2,0
1818,2,0
1819,3,0
1820,2,2
1821,2,0
1822,3,3
1823,2,1
1824,4,1
1825,2,2
1826,2,0
1827,2,2
1828,2,1
1829,2,1
1830,4,0
1831,3,0
1832,2,2
1833,3,1
1834,2,1
1835,2,2
1836,2,1
1837,3,3
1838,2,2
1839,2,0
1840,3,2
1841,2,2
1842,2,2
1843,2,0
1844,2,0
1845,2,0
1846,2,2
1847,2,2
1848,2,1
1849,3,2
1850,2,1
1851,2,0
1852,2,2
1853,3,1
1854,2,2
1855,3,1
1856,2,0
1857,2,2
1858,3,1
1859,4,2
1860,2,0
1861,3,0
1862,2,1
1863,2,2
1864,2,1
1865,2,2
1866,2,1
1867,2,2
1868,2,0
1869,2,0
1870,2,2
1871,2,2
1872,3,0
1873,2,2
1874,2,2
1875,2,2
1876,2,0
1877,2,0
1878,2,2
1879,2,2
1880,3,2
1881,3,3
1882,2,2
1883,3,0
1884,2,1
1885,3,1
1886,3,2
1887,2,0
1888,3,3
1889,2,2
1890,2,2
1891,4,4
1892,3,2
1893,2,1
1894,2,0
1895,2,2
1896,3,0
1897,2,0
1898,3,3
1899,2,2
1900,2,2
1901,2,2
1902,3,2
1903,2,1
1904,2,2
1905,2,0
1906,3,1
1907,2,0
1908,3,2
1909,2,0
1910,2,2
1911,2,1
1912,4,2
1913,2,2
1914,2,2
1915,2,2
1916,2,2
1917,4,0
1918,2,2
1919,4,4
1920,2,0
1921,2,0
1922,3,1
1923,2,0
1924,3,1
1925,2,0
1926,2,2
1927,2,0
1928,2,2
1929,3,2
1930,2,1
1931,2,2
1932,2,0
1933,2,2
1934,3,2
1935,2,2
1936,2,1
1937,2,2
1938,3,3
1939,2,0
1940,2,1
1941,2,2
1942,2,0
1943,3,2
1944,2,1
1945,2,0
1946,2,0
1947,3,2
1948,3,2
1949,2,2
1950,3,3
1951,2,1
1952,2,1
1953,2,0
1954,2,2
1955,2,0
1956,2,1
1957,2,2
1958,4,3
1959,3,1
1960,3,3
1961,3,1
1962,2,2
1963,4,0
1964,2,2
1965,2,2
1966,2,0
1967,2,2
1968,2,0
1969,2,0
1970,2,0
1971,2,1
1972,2,0
1973,2,2
1974,2,2
1975,2,2
1976,2,0
1977,2,0
1978,3,1
1979,3,0
1980,2,0
1981,3,0
1982,2,1
1983,3,1
1984,2,2
1985,2,2
1986,3,0
1987,2,2
1988,2,0
1989,2,2
1990,2,0
1991,2,2
1992,2,0
1993,2,2
1994,3,1
1995,2,2
1996,2,2
1997,2,0
1998,3,1
1999,3,1
2000,2,1
2001,2,2
2002,2,2
2003,2,1
2004,2,2
2005,2,2
2006,2,0
2007,2,2
2008,2,2
2009,2,2
2010,3,2
2011,2,2
2012,2,2
2013,2,2
2014,3,3
2015,2,0
2016,3,2
2017,2,2
2018,2,0
2019,3,0
2020,2,2
2021,2,2
2022,2,2
2023,2,1
2024,4,4
2025,2,1
2026,3,3
2027,2,0
2028,2,2
2029,2,2
2030,2,1
2031,2,0
2032,2,2
2033,2,1
2034,2,2
2035,2,2
2036,3,1
2037,4,2
2038,2,2
2039,2,2
2040,4,3
2041,2,0
2042,4,0
2043,2,2
2044,2,2
2045,2,2
2046,2,2
2047,2,2
2048,2,2
2049,3,2
2050,2,2
2051,2,1
2052,4,3
2053,3,3
2054,2,1
2055,3,2
2056,3,3
2057,2,0
2058,2,2
2059,3,1
2060,2,2
2061,2,2
2062,2,0
2063,2,2
2064,4,3
2065,3,3
2066,2,2
2067,2,0
2068,4,1
2069,2,2
2070,3,3
2071,3,2
2072,2,2
2073,2,0
2074,2,2
2075,2,2
2076,4,4
2077,2,2
2078,3,2
2079,2,2
2080,2,1
2081,2,2
2082,2,0
2083,2,2
2084,4,0
2085,2,2
2086,2,1
2087,2,0
2088,2,2
2089,3,1
2090,2,0
2091,2,1
2092,2,2
2093,2,2
2094,2,2
2095,3,1
2096,2,2
2097,2,2
2098,2,0
2099,2,0
2100,3,3
2101,2,2
2102,4,4
2103,2,1
2104,2,0
2105,2,1
2106,4,4
2107,2,0
2108,2,0
2109,2,2
2110,3,0
2111,4,2
2112,2,0
2113,2,2
2114,2,0
2115,2,2
2116,4,4
2117,2,0
2118,2,2
2119,2,0
2120,2,1
2121,4,2
2122,2,2
2123,3,3
2124,2,2
2125,2,1
2126,2,0
2127,2,2
2128,3,3
2129,2,0
2130,2,0
2131,4,0
2132,2,0
2133,2,2
2134,2,2
2135,2,1
2136,2,1
2137,2,0
2138,2,1
2139,3,1
2140,2,0
2141,2,2
2142,2,2
2143,2,2
2144,2,1
2145,2,0
2146,2,2
2147,2,2
2148,2,0
2149,4,2
2150,3,2
2151,3,3
2152,2,1
2153,2,0
2154,2,1
2155,2,2
2156,2,0
2157,2,0
2158,2,0
2159,2,0
2160,4,0
2161,2,2
2162,3,2
2163,3,1
2164,2,0
2165,3,2
2166,2,0
2167,2,0
2168,2,0
2169,2,1
2170,2,2
2171,2,0
2172,3,1
2173,2,1
2174,2,2
2175,2,2
2176,3,1
2177,2,0
2178,2,2
2179,2,0
2180,2,2
2181,3,1
2182,3,2
2183,2,2
2184,2,0
2185,2,1
2186,3,3
2187,2,2
2188,2,2
2189,2,2
2190,2,0
2191,3,3
2192,2,2
2193,3,3
2194,2,0
2195,2,2
2196,2,2
2197,2,0
2198,2,0
2199,2,2
2200,2,2
2201,4,3
2202,2,2
2203,4,4
2204,2,2
2205,2,0
2206,2,0
2207,2,0
2208,2,2
2209,2,0
2210,2,2
2211,3,3
2212,2,0
2213,2,2
2214,2,1
2215,3,1
2216,3,2
2217,2,1
2218,3,3
2219,3,2
2220,3,1
2221,2,2
2222,2,0
2223,2,2
2224,3,3
2225,2,2
2226,4,0
2227,4,2
2228,4,2
2229,2,2
2230,2,2
2231,2,2
2232,2,0
2233,3,3
2234,2,1
2235,2,2
2236,2,0
2237,2,0
2238,2,0
2239,3,2
2240,2,0
2241,2,0
2242,3,3
2243,2,0
2244,2,2
2245,2,2
2246,2,2
2247,2,0
2248,2,2
2249,3,1
2250,2,2
2251,4,4
2252,2,2
2253,3,1
2254,2,2
2255,2,2
2256,2,1
2257,2,2
2258,2,1
2259,2,2
2260,2,1
2261,3,0
2262,3,3
2263,2,0
2264,2,2
2265,2,0
2266,2,0
2267,4,2
2268,3,0
2269,2,2
2270,4,2
2271,3,0
2272,2,1
2273,2,0
2274,2,2
2275,4,4
2276,2,0
2277,2,2
2278,2,0
2279,2,1
2280,3,0
2281,3,3
2282,3,2
2283,3,1
2284,2,2
2285,2,0
2286,3,2
2287,2,2
2288,2,2
2289,2,1
2290,2,2
2291,2,2
2292,3,1
2293,3,1
2294,2,2
2295,2,2
2296,3,3
2297,3,1
2298,2,0
2299,2,0
2300,3,1
2301,2,2
2302,2,0
2303,2,0
2304,2,0
2305,4,0
2306,2,2
2307,4,2
2308,4,0
2309,2,2
2310,3,3
2311,2,0
2312,2,2
2313,2,0
2314,2,2
2315,4,2
2316,2,1
2317,3,2
2318,2,0
2319,2,1
2320,4,2
2321,2,2
2322,4,0
2323,2,0
2324,2,0
2325,4,3
2326,3,3
2327,3,3
2328,2,2
2329,3,0
2330,2,2
2331,2,2
2332,2,1
2333,2,1
2334,2,2
2335,2,0
2336,3,2
2337,2,1
2338,3,3
2339,2,2
2340,2,1
2341,2,2
2342,2,1
2343,2,0
2344,2,0
2345,2,2
2346,2,0
2347,2,0
2348,2,2
2349,2,2
2350,2,2
2351,2,2
2352,2,2
2353,2,2
2354,2,1
2355,2,2
2356,4,0
2357,3,1
2358,4,2
2359,2,2
2360,2,0
2361,2,0
2362,3,3
2363,2,2
2364,2,2
2365,3,2
2366,3,3
2367,3,2
2368,2,0
2369,2,1
2370,2,1
2371,2,2
2372,2,1
2373,2,0
2374,2,2
2375,2,1
2376,2,2
2377,2,2
2378,2,2
2379,3,2
2380,2,1
2381,2,0
2382,3,1
2383,2,2
2384,2,1
2385,2,2
2386,2,2
2387,2,0
2388,2,2
2389,2,0
2390,2,2
2391,2,2
2392,2,1
2393,2,2
2394,2,2
2395,2,2
2396,2,0
2397,2,0
2398,2,2
2399,3,0
2400,2,1
2401,2,0
2402,2,1
2403,2,2
2404,2,0
2405,3,1
2406,3,0
2407,2,2
2408,2,1
2409,2,0
2410,2,0
2411,2,2
2412,2,1
2413,3,1
2414,2,0
2415,2,0
2416,4,4
2417,2,0
2418,2,0
2419,2,2
2420,4,0
2421,2,1
2422,2,2
2423,2,0
2424,3,0
2425,2,0
2426,3,2
2427,2,0
2428,2,0
2429,2,0
2430,2,2
2431,2,2
2432,2,1
2433,2,1
2434,2,2
2435,2,2
2436,2,2
2437,2,1
2438,2,0
2439,3,2
2440,2,2
2441,2,0
2442,2,2
2443,3,1
2444,2,2
2445,2,0
2446,2,0
2447,3,0
2448,2,2
2449,3,1
2450,2,2
2451,2,1
2452,2,0
2453,3,2
2454,2,1
2455,2,2
2456,2,1
2457,3,1
2458,2,0
2459,2,2
2460,2,2
2461,2,0
2462,2,2
2463,2,0
2464,3,3
2465,2,2
2466,2,0
2467,2,2
2468,3,0
2469,2,0
2470,2,2
2471,2,1
2472,2,1
2473,2,1
2474,2,1
2475,4,3
2476,2,2
2477,2,2
2478,3,2
2479,3,1
2480,4,0
2481,4,0
2482,3,0
2483,2,0
2484,3,1
2485,2,0
2486,2,0
2487,2,2
2488,2,1
2489,2,2
2490,3,3
2491,3,2
2492,2,2
2493,2,0
2494,2,2
2495,2,0
2496,3,2
2497,2,2
2498,2,0
2499,4,2
2500,4,1
2501,2,1
2502,4,3
2503,2,0
2504,2,0
2505,2,2
2506,2,2
2507,2,2
2508,2,0
2509,2,1
2510,2,0
2511,2,0
2512,2,2
2513,2,0
2514,3,2
2515,2,0
2516,2,1
2517,4,2
2518,2,2
2519,2,0
2520,2,2
2521,3,3
2522,2,0
2523,2,2
2524,3,1
2525,2,2
2526,2,0
2527,2,0
2528,2,0
2529,4,2
2530,3,2
2531,2,0
2532,4,1
2533,2,2
2534,2,0
2535,3,2
2536,2,2
2537,2,2
2538,2,0
2539,3,1
2540,2,1
2541,2,2
2542,2,2
2543,2,0
2544,2,1
2545,2,0
2546,2,2
2547,3,3
2548,2,2
2549,2,1
2550,3,1
2551,3,3
2552,2,2
2553,4,2
2554,3,3
2555,2,2
2556,2,2
2557,2,2
2558,4,1
2559,2,2
2560,2,2
2561,2,1
2562,2,2
2563,2,1
2564,2,1
2565,2,2
2566,3,3
2567,3,1
2568,2,0
2569,2,2
2570,2,0
2571,2,0
2572,2,2
2573,2,1
2574,3,3
2575,3,0
2576,3,3
2577,2,2
2578,2,2
2579,2,1
2580,2,1
2581,2,2
2582,2,2
2583,2,2
2584,2,0
2585,3,3
2586,2,1
2587,3,2
2588,2,0
2589,2,2
2590,3,3
2591,3,1
2592,2,1
2593,2,2
2594,3,3
2595,2,0
2596,2,2
2597,2,0
2598,3,1
2599,2,1
2600,2,0
2601,2,1
2602,2,0
2603,4,4
2604,2,0
2605,2,2
2606,2,2
2607,2,2
2608,2,2
2609,2,0
2610,2,0
2611,3,3
2612,3,1
2613,2,0
2614,2,2
2615,2,0
2616,3,3
2617,2,0
2618,2,1
2619,2,1
2620,2,2
2621,2,2
2622,3,3
2623,2,1
2624,2,0
2625,3,0
2626,2,2
2627,2,0
2628,2,1
2629,2,0
2630,4,1
2631,2,2
2632,2,0
2633,2,0
2634,2,0
2635,3,0
2636,3,1
2637,3,1
2638,2,2
2639,2,2
2640,2,2
2641,2,2
2642,2,0
2643,2,0
2644,2,0
2645,2,0
2646,2,0
2647,2,2
2648,2,1
2649,3,1
2650,2,2
2651,2,1
2652,2,1
2653,2,0
2654,4,0
2655,2,0
2656,2,2
2657,2,2
2658,2,2
2659,2,1
2660,2,2
2661,2,0
2662,3,0
2663,2,0
2664,2,1
2665,2,1
2666,2,2
2667,2,1
2668,4,1
2669,2,2
2670,2,1
2671,3,2
2672,3,3
2673,2,1
2674,3,1
2675,2,2
2676,4,4
2677,2,0
2678,2,0
2679,2,0
2680,2,1
2681,2,2
2682,2,2
2683,3,0
2684,2,0
2685,2,1
2686,2,0
2687,4,2
2688,2,2
2689,2,2
2690,3,1
2691,4,0
2692,2,0
2693,2,2
2694,2,2
2695,3,1
2696,2,1
2697,2,0
2698,3,1
2699,2,0
2700,2,2
2701,2,2
2702,2,0
2703,2,1
2704,2,0
2705,2,2
2706,2,2
2707,2,1
2708,2,1
2709,4,0
2710,2,0
2711,3,0
2712,2,2
2713,3,0
2714,2,2
2715,2,0
2716,2,1
2717,2,0
2718,3,3
2719,3,3
2720,2,2
2721,2,2
2722,2,2
2723,2,2
2724,2,0
2725,2,1
2726,2,2
2727,2,2
2728,2,2
2729,2,2
2730,2,2
2731,2,0
2732,2,2
2733,3,1
2734,2,0
2735,3,2
2736,4,2
2737,2,2
2738,2,0
2739,2,0
2740,2,2
2741,4,2
2742,2,0
2743,2,0
2744,2,2
2745,2,2
2746,3,1
2747,3,3
2748,2,1
2749,2,2
2750,4,3
2751,2,0
2752,2,2
2753,2,0
2754,2,1
2755,2,2
2756,2,2
2757,2,0
2758,2,2
2759,2,2
2760,2,0
2761,2,2
2762,2,0
2763,2,2
2764,2,1
2765,2,0
2766,2,2
2767,3,3
2768,2,2
2769,2,1
2770,3,2
2771,2,0
2772,2,1
2773,2,2
2774,3,3
2775,2,2
2776,2,0
2777,2,2
2778,2,1
2779,3,3
2780,2,0
2781,2,2
2782,2,2
2783,2,0
2784,3,1
2785,2,2
2786,2,1
2787,2,2
2788,4,3
2789,2,2
2790,2,2
2791,2,2
2792,2,2
2793,2,2
2794,2,0
2795,2,0
2796,2,2
2797,2,1
2798,3,3
2799,2,2
2800,2,1
2801,2,2
2802,3,3
2803,2,2
2804,4,2
2805,2,0
2806,2,1
2807,2,2
2808,3,3
2809,2,0
2810,2,1
2811,2,2
2812,2,2
2813,2,2
2814,2,0
2815,2,0
2816,2,0
2817,3,1
2818,2,1
2819,2,2
2820,2,0
2821,2,0
2822,2,2
2823,2,0
2824,3,3
2825,2,0
2826,2,1
2827,3,2
2828,2,0
2829,2,1
2830,2,2
2831,2,2
2832,2,2
2833,2,2
2834,2,2
2835,2,0
2836,2,1
2837,2,2
2838,4,0
2839,2,0
2840,3,3
2841,2,2
2842,2,1
2843,2,2
2844,2,0
2845,2,0
2846,2,2
2847,2,0
2848,2,1
2849,2,1
2850,2,0
2851,4,4
2852,2,0
2853,2,2
2854,2,2
2855,2,2
2856,2,2
2857,4,1
2858,2,0
2859,2,2
2860,2,2
2861,2,1
2862,2,2
2863,4,3
2864,2,0
2865,2,0
2866,2,2
2867,2,2
2868,2,0
2869,2,0
2870,2,1
2871,2,2
2872,4,0
2873,3,1
2874,2,0
2875,3,1
2876,3,2
2877,2,0
2878,4,3
2879,2,0
2880,2,2
2881,3,1
2882,2,2
2883,3,3
2884,2,0
2885,2,2
2886,3,3
2887,2,2
2888,2,2
2889,2,2
2890,2,1
2891,2,1
2892,3,2
2893,3,2
2894,2,2
2895,2,2
2896,3,1
2897,2,1
2898,2,1
2899,2,2
2900,2,2
2901,2,1
2902,2,0
2903,2,0
2904,2,2
2905,3,1
2906,2,2
2907,2,1
2908,4,1
2909,2,2
2910,2,2
2911,2,0
2912,3,2
2913,3,3
2914,2,0
2915,2,2
2916,2,1
2917,2,0
2918,2,0
2919,2,0
2920,3,2
2921,3,0
2922,2,0
2923,3,1
2924,2,0
2925,3,3
2926,3,1
2927,2,2
2928,4,4
2929,2,1
2930,2,0
2931,2,2
2932,2,2
2933,3,2
2934,2,0
2935,3,2
2936,2,0
2937,2,1
2938,2,2
2939,2,2
2940,2,2
2941,2,2
2942,2,0
2943,2,2
2944,2,2
2945,3,3
2946,2,2
2947,2,0
2948,4,2
2949,2,2
2950,4,4
2951,2,2
2952,3,1
2953,3,0
2954,2,2
2955,4,0
2956,4,1
2957,2,1
2958,2,2
2959,2,2
2960,2,0
2961,2,2
2962,2,0
2963,3,0
2964,3,3
2965,3,1
2966,2,2
2967,3,3
2968,2,1
2969,2,0
2970,2,2
2971,2,1
2972,2,0
2973,3,2
2974,2,1
2975,2,2
2976,2,2
2977,2,0
2978,2,0
2979,2,2
2980,4,4
2981,2,0
2982,2,0
2983,2,2
2984,2,1
2985,3,0
2986,2,0
2987,2,1
2988,2,1
2989,2,2
2990,2,0
2991,2,1
2992,4,0
2993,2,1
2994,3,2
2995,4,4
2996,2,2
2997,2,0
2998,2,0
2999,3,0
3000,2,1
3001,2,0
3002,2,2
3003,2,2
3004,2,2
3005,2,2
3006,2,0
3007,2,0
3008,2,1
3009,2,2
3010,4,2
3011,2,2
3012,2,0
3013,2,0
3014,2,2
3015,2,1
3016,2,2
3017,2,2
3018,4,4
3019,3,3
3020,2,0
3021,2,0
3022,3,1
3023,2,0
3024,2,0
3025,2,0
3026,2,2
3027,3,3
3028,2,2
3029,2,2
3030,2,2
3031,3,0
3032,2,0
3033,2,0
3034,2,2
3035,2,1
3036,2,0
3037,2,1
3038,2,0
3039,3,3
3040,3,3
3041,2,2
3042,2,0
3043,2,2
3044,2,0
3045,2,2
3046,3,2
3047,2,2
3048,2,1
3049,2,2
3050,3,0
3051,2,0
3052,2,2
3053,2,0
3054,2,0
3055,3,2
3056,2,2
3057,4,2
3058,2,2
3059,2,2
3060,2,0
3061,2,2
3062,2,0
3063,2,0
3064,2,0
3065,2,0
3066,2,1
3067,3,3
3068,3,3
3069,2,2
3070,2,2
3071,4,2
3072,2,1
3073,2,2
3074,2,2
3075,3,0
3076,2,0
3077,2,2
3078,2,0
3079,2,1
3080,3,3
3081,2,2
3082,2,0
3083,3,1
3084,3,1
3085,2,1
3086,3,2
3087,2,2
3088,3,3
3089,2,0
3090,4,4
3091,2,0
3092,2,0
3093,2,1
3094,3,0
3095,4,0
3096,3,3
3097,4,4
3098,2,2
3099,2,0
3100,2,0
3101,2,2
3102,2,1
3103,2,0
3104,2,2
3105,2,1
3106,2,0
3107,2,2
3108,2,0
3109,2,2
3110,2,0
3111,2,2
3112,2,2
3113,2,0
3114,2,2
3115,2,0
3116,3,3
3117,2,2
3118,2,2
3119,2,0
3120,2,2
3121,2,2
3122,2,2
3123,2,0
3124,2,2
3125,2,0
3126,3,0
3127,2,1
3128,4,0
3129,2,1
3130,4,1
3131,3,1
3132,2,2
3133,2,1
3134,2,0
3135,2,0
3136,2,2
3137,2,2
3138,2,2
3139,3,0
3140,2,2
3141,2,0
3142,2,2
3143,3,3
3144,3,2
3145,2,2
3146,2,2
3147,2,2
3148,2,1
3149,3,1
3150,3,3
3151,2,1
3152,2,0
3153,2,1
3154,2,0
3155,2,0
3156,2,0
3157,2,1
3158,2,0
3159,2,2
3160,4,2
3161,2,2
3162,3,3
3163,2,0
3164,2,0
3165,2,0
3166,3,3
3167,3,0
3168,3,2
3169,2,0
3170,2,2
3171,2,0
3172,3,1
3173,2,0
3174,2,0
3175,2,2
3176,2,0
3177,2,1
3178,3,3
3179,2,0
3180,2,2
3181,2,1
3182,2,0
3183,2,0
3184,2,2
3185,2,0
3186,2,0
3187,2,2
3188,2,0
3189,3,0
3190,2,2
3191,4,4
3192,2,2
3193,2,2
3194,2,0
3195,2,0
3196,2,1
3197,2,1
3198,3,3
3199,3,2
3200,4,4
3201,2,1
3202,4,2
3203,2,2
3204,2,0
3205,2,2
3206,2,0
3207,2,2
3208,2,0
3209,4,1
3210,2,2
3211,2,2
3212,3,2
3213,2,2
3214,2,2
3215,2,2
3216,2,2
3217,4,2
3218,4,1
3219,2,2
3220,3,2
3221,3,1
3222,4,0
3223,2,0
3224,2,0
3225,2,2
3226,2,2
3227,2,2
3228,2,2
3229,2,2
3230,2,0
3231,2,2
3232,4,3
3233,2,2
3234,2,2
3235,2,1
3236,2,1
3237,2,2
3238,4,2
3239,2,1
3240,2,0
3241,2,2
3242,4,1
3243,2,0
3244,2,1
3245,3,1
3246,3,0
3247,2,0
3248,2,2
3249,2,0
3250,2,0
3251,3,3
3252,2,2
3253,2,0
3254,2,0
3255,4,2
3256,2,2
3257,2,0
3258,3,3
3259,2,2
3260,3,2
3261,2,1
3262,2,2
3263,2,1
3264,2,1
3265,2,2
3266,2,0
3267,2,2
3268,2,1
3269,2,1
3270,2,2
3271,3,3
3272,2,1
3273,3,1
3274,2,2
3275,3,0
3276,2,2
3277,3,2
3278,3,0
3279,2,2
3280,2,2
3281,2,0
3282,2,2
3283,2,2
3284,2,1
3285,2,1
3286,2,2
3287,2,0
3288,2,2
3289,3,3
3290,2,0
3291,2,2
3292,2,2
3293,2,2
3294,2,0
3295,2,2
3296,2,2
3297,2,0
3298,3,1
3299,2,2
3300,4,4
3301,3,2
3302,4,3
3303,2,0
3304,4,4
3305,2,0
3306,2,1
3307,2,2
3308,2,2
3309,2,2
3310,3,1
3311,2,0
3312,4,1
3313,2,0
3314,2,2
3315,2,2
3316,2,2
3317,3,2
3318,2,2
3319,2,0
3320,2,1
3321,2,2
3322,2,2
3323,3,3
3324,3,1
3325,2,1
3326,3,2
3327,2,0
3328,3,2
3329,2,2
3330,2,2
3331,4,1
3332,2,2
3333,2,1
3334,2,0
3335,2,2
3336,3,1
3337,2,0
3338,2,0
3339,3,0
3340,2,0
3341,2,1
3342,3,3
3343,2,1
3344,3,1
3345,2,1
3346,2,1
3347,4,0
3348,3,0
3349,4,0
3350,3,3
3351,2,2
3352,2,0
3353,2,0
3354,2,2
3355,2,2
3356,2,1
3357,4,0
3358,2,2
3359,2,1
3360,4,3
3361,2,0
3362,2,1
3363,3,1
3364,3,1
3365,3,3
3366,2,0
3367,2,2
3368,4,0
3369,2,2
3370,2,2
3371,2,2
3372,2,0
3373,4,2
3374,2,0
3375,3,1
3376,3,1
3377,2,2
3378,4,2
3379,2,2
3380,4,4
3381,2,0
3382,3,3
3383,2,2
3384,4,2
3385,2,0
3386,3,2
3387,2,0
3388,2,2
3389,3,0
3390,2,0
3391,2,0
3392,3,0
3393,2,2
3394,2,0
3395,2,2
3396,2,1
3397,2,2
3398,4,4
3399,3,1
3400,2,2
3401,3,1
3402,2,2
3403,2,1
3404,3,3
3405,2,0
3406,2,1
3407,2,1
3408,2,2
3409,2,0
3410,2,2
3411,3,3
3412,2,0
3413,2,0
3414,2,2
3415,4,4
3416,4,0
3417,2,2
3418,3,2
3419,3,1
3420,2,1
3421,2,0
3422,2,2
3423,2,2
3424,3,2
3425,2,0
3426,3,2
3427,2,0
3428,2,0
3429,2,2
3430,2,2
3431,3,3
3432,3,3
3433,2,2
3434,2,2
3435,2,2
3436,2,1
3437,2,0
3438,2,0
3439,3,0
3440,2,0
3441,2,2
3442,2,0
3443,2,1
3444,2,0
3445,2,1
3446,2,0
3447,2,2
3448,2,0
3449,2,2
3450,2,2
3451,3,1
3452,2,2
3453,3,0
3454,4,1
3455,2,1
3456,2,2
3457,3,3
3458,2,2
3459,3,0
3460,3,2
3461,2,1
3462,2,0
3463,2,0
3464,2,0
3465,2,2
3466,2,1
3467,2,1
3468,2,2
3469,2,2
3470,2,2
3471,3,3
3472,3,0
3473,2,1
3474,2,2
3475,2,0
3476,2,1
3477,2,0
3478,2,2
3479,2,2
3480,2,1
3481,2,1
3482,3,2
3483,2,2
3484,3,2
3485,3,2
3486,3,3
3487,3,2
3488,2,1
3489,3,1
3490,3,1
3491,2,0
3492,2,0
3493,3,3
3494,2,0
3495,2,1
3496,2,1
3497,2,0
3498,3,1
3499,2,0
3500,3,1
3501,2,2
3502,2,2
3503,2,2
3504,2,0
3505,2,0
3506,2,2
3507,2,0
3508,4,1
3509,3,3
3510,2,2
3511,2,2
3512,2,2
3513,2,2
3514,2,0
3515,3,1
3516,3,2
3517,2,2
3518,2,2
3519,3,2
3520,4,3
3521,2,2
3522,3,3
3523,2,0
3524,4,3
3525,2,2
3526,2,1
3527,2,1
3528,2,2
3529,4,4
3530,3,2
3531,2,2
3532,2,0
3533,3,3
3534,2,2
3535,3,3
3536,2,0
3537,3,3
3538,2,1
3539,2,0
3540,2,2
3541,2,2
3542,3,1
3543,2,0
3544,2,2
3545,2,2
3546,2,2
3547,3,1
3548,2,2
3549,2,2
3550,2,2
3551,4,2
3552,2,2
3553,2,1
3554,2,2
3555,3,3
3556,2,2
3557,3,3
3558,2,2
3559,2,0
3560,2,1
3561,3,3
3562,2,2
3563,2,0
3564,2,0
3565,3,3
3566,3,2
3567,2,2
3568,4,3
3569,2,2
3570,3,2
3571,2,2
3572,2,2
3573,2,0
3574,2,1
3575,2,2
3576,2,2
3577,2,2
3578,2,1
3579,3,3
3580,2,0
3581,2,0
3582,2,2
3583,3,0
3584,3,2
3585,2,1
3586,2,0
3587,3,1
3588,4,3
3589,3,3
3590,2,1
3591,2,1
3592,2,0
3593,2,2
3594,4,3
3595,2,0
3596,2,2
3597,2,0
3598,2,2
3599,2,0
3600,2,0
3601,2,2
3602,2,0
3603,4,0
3604,3,3
3605,2,0
3606,2,2
3607,2,2
3608,2,2
3609,2,2
3610,2,2
3611,2,1
3612,2,2
3613,3,2
3614,2,1
3615,2,0
3616,4,0
3617,2,0
3618,3,0
3619,3,2
3620,2,1
3621,2,0
3622,3,2
3623,2,2
3624,2,1
3625,2,0
3626,2,0
3627,2,0
3628,2,2
3629,3,0
3630,2,0
3631,2,0
3632,2,2
3633,2,2
3634,2,2
3635,2,2
3636,3,1
3637,2,2
3638,2,1
3639,2,0
3640,2,0
3641,2,1
3642,2,2
3643,2,0
3644,2,1
3645,2,2
3646,2,0
3647,2,2
3648,2,2
3649,2,2
3650,2,1
3651,2,2
3652,2,1
3653,3,3
3654,2,1
3655,2,2
3656,2,2
3657,2,0
3658,4,3
3659,2,2
3660,2,2
3661,2,0
3662,2,0
3663,3,1
3664,2,2
3665,3,3
3666,2,2
3667,2,2
3668,2,0
3669,2,0
3670,3,1
3671,3,0
3672,4,1
3673,2,2
3674,2,0
3675,2,2
3676,2,0
3677,2,1
3678,2,0
3679,2,0
3680,2,2
3681,2,2
3682,2,1
3683,4,4
3684,3,3
3685,2,2
3686,2,2
3687,2,2
3688,2,1
3689,2,1
3690,3,0
3691,2,2
3692,3,1
3693,2,2
3694,2,2
3695,2,2
3696,2,0
3697,2,2
3698,2,1
3699,2,2
3700,2,1
3701,2,2
3702,2,1
3703,2,2
3704,3,1
3705,4,1
3706,3,1
3707,2,0
3708,2,2
3709,3,0
3710,2,1
3711,2,0
3712,2,0
3713,2,0
3714,2,0
3715,2,2
3716,2,0
3717,3,1
3718,2,2
3719,2,0
3720,2,2
3721,4,4
3722,2,2
3723,2,0
3724,2,2
3725,3,3
3726,2,2
3727,3,3
3728,4,0
3729,2,1
3730,2,2
3731,2,1
3732,2,2
3733,3,2
3734,2,0
3735,2,0
3736,2,2
3737,2,1
3738,2,0
3739,2,0
3740,2,0
3741,2,0
3742,4,4
3743,4,0
3744,2,0
3745,2,0
3746,2,2
3747,2,2
3748,2,2
3749,2,1
3750,2,2
3751,2,0
3752,3,1
3753,2,2
3754,3,3
3755,2,2
3756,2,0
3757,2,1
3758,2,0
3759,2,2
3760,2,2
3761,2,2
3762,3,3
3763,2,0
3764,2,2
3765,2,2
3766,2,2
3767,3,3
3768,2,2
3769,2,2
3770,2,2
3771,3,3
3772,2,2
3773,2,0
3774,2,2
3775,3,1
3776,2,2
3777,3,2
3778,2,0
3779,2,0
3780,2,0
3781,2,2
3782,2,2
3783,2,0
3784,2,2
3785,3,0
3786,2,2
3787,2,2
3788,2,1
3789,2,2
3790,2,2
3791,3,3
3792,2,0
3793,3,0
3794,3,1
3795,2,1
3796,2,0
3797,2,2
3798,3,2
3799,2,1
3800,2,1
3801,2,2
3802,3,1
3803,2,2
3804,2,1
3805,2,2
3806,3,1
3807,2,2
3808,2,1
3809,2,1
3810,3,0
3811,4,4
3812,2,2
3813,2,1
3814,3,3
3815,2,2
3816,4,4
3817,2,1
3818,3,3
3819,2,1
3820,2,0
3821,2,2
3822,2,2
3823,3,0
3824,2,1
3825,2,1
3826,2,0
3827,2,0
3828,3,2
3829,3,3
3830,2,2
3831,2,2
3832,2,2
3833,2,0
3834,2,1
3835,2,2
3836,2,0
3837,2,2
3838,4,2
3839,3,3
3840,4,2
3841,2,2
3842,2,2
3843,3,3
3844,2,0
3845,2,2
3846,2,2
3847,2,1
3848,4,4
3849,2,1
3850,2,1
3851,2,0
3852,3,1
3853,2,1
3854,2,0
3855,2,1
3856,3,1
3857,3,1
3858,3,2
3859,2,2
3860,2,1
3861,2,2
3862,2,1
3863,3,3
3864,2,1
3865,3,2
3866,2,0
3867,2,1
3868,2,0
3869,3,2
3870,2,0
3871,3,0
3872,2,0
3873,3,3
3874,2,1
3875,3,3
3876,2,0
3877,2,2
3878,2,2
3879,3,2
3880,2,2
3881,2,1
3882,3,2
3883,2,2
3884,4,2
3885,3,3
3886,2,2
3887,3,2
3888,2,0
3889,2,0
3890,4,4
3891,2,0
3892,2,0
3893,2,2
3894,2,0
3895,3,1
3896,2,2
3897,3,1
3898,3,0
3899,2,0
3900,4,3
3901,2,2
3902,2,2
3903,2,1
3904,2,2
3905,2,2
3906,2,0
3907,4,4
3908,2,0
3909,2,2
3910,2,2
3911,3,3
3912,2,2
3913,2,2
3914,3,3
3915,2,2
3916,2,0
3917,2,2
3918,2,2
3919,2,0
3920,2,2
3921,2,2
3922,2,2
3923,2,2
3924,2,2
3925,2,1
3926,2,0
3927,2,0
3928,2,1
3929,2,0
3930,2,1
3931,3,2
3932,2,0
3933,4,0
3934,2,1
3935,2,0
3936,2,2
3937,2,2
3938,2,0
3939,2,0
3940,2,1
3941,2,1
3942,3,2
3943,3,3
3944,2,2
3945,2,0
3946,3,0
3947,2,0
3948,2,0
3949,2,1
3950,2,0
3951,2,2
3952,3,2
3953,2,1
3954,3,0
3955,2,1
3956,3,0
3957,2,0
3958,3,1
3959,2,0
3960,3,0
3961,3,3
3962,2,2
3963,2,1
3964,2,1
3965,3,2
3966,2,0
3967,2,2
3968,2,0
3969,3,0
3970,2,2
3971,4,0
3972,2,2
3973,2,1
3974,2,0
3975,2,1
3976,3,3
3977,3,3
3978,2,1
3979,2,2
3980,2,2
3981,2,0
3982,2,2
3983,3,3
3984,2,0
3985,2,2
3986,2,1
3987,2,2
3988,2,0
3989,3,1
3990,3,1
3991,2,1
3992,2,0
3993,2,0
3994,2,1
3995,2,0
3996,3,1
3997,2,2
3998,3,1
3999,2,2
4000,2,2
4001,4,2
4002,2,0
4003,3,3
4004,3,1
4005,3,3
4006,2,2
4007,2,0
4008,2,2
4009,3,3
4010,3,3
4011,3,3
4012,3,1
4013,4,4
4014,3,3
4015,2,2
4016,3,0
4017,2,0
4018,2,2
4019,3,1
4020,2,0
4021,2,1
4022,2,0
4023,2,1
4024,2,2
4025,3,1
4026,2,0
4027,2,0
4028,2,2
4029,2,2
4030,3,3
4031,3,3
4032,2,0
4033,2,1
4034,3,0
4035,2,0
4036,2,0
4037,2,0
4038,2,0
4039,2,2
4040,2,1
4041,2,1
4042,2,0
4043,2,0
4044,2,0
4045,3,0
4046,3,2
4047,3,1
4048,2,0
4049,2,0
4050,2,2
4051,2,0
4052,3,1
4053,2,2
4054,2,0
4055,3,3
4056,4,0
4057,3,2
4058,3,1
4059,3,1
4060,2,1
4061,2,1
4062,2,0
4063,2,0
4064,2,1
4065,2,1
4066,2,1
4067,2,0
4068,2,0
4069,3,3
4070,2,0
4071,3,1
4072,2,2
4073,2,2
4074,2,2
4075,4,1
4076,3,3
4077,2,2
4078,2,2
4079,2,2
4080,2,1
4081,3,2
4082,3,2
4083,2,2
4084,2,2
4085,3,1
4086,2,2
4087,2,0
4088,2,2
4089,3,3
4090,2,0
4091,2,0
4092,2,0
4093,2,2
4094,2,0
4095,2,1
4096,2,1
4097,2,0
4098,2,0
4099,3,3
4100,3,3
4101,2,0
4102,2,2
4103,2,0
4104,2,0
4105,2,2
4106,2,2
4107,2,0
4108,2,1
4109,2,2
4110,2,2
4111,2,2
4112,2,1
4113,2,2
4114,2,0
4115,2,0
4116,3,3
4117,2,0
4118,2,2
4119,3,1
4120,2,2
4121,3,2
4122,3,0
4123,2,0
4124,2,0
4125,2,2
4126,2,2
4127,2,0
4128,2,0
4129,2,0
4130,3,1
4131,4,4
4132,2,0
4133,2,2
4134,3,2
4135,2,1
4136,2,0
4137,2,1
4138,2,0
4139,2,0
4140,2,2
4141,2,0
4142,3,3
4143,2,2
4144,3,3
4145,3,3
4146,2,2
4147,2,2
4148,2,2
4149,2,0
4150,2,0
4151,2,2
4152,3,3
4153,2,2
4154,2,2
4155,3,3
4156,2,2
4157,2,1
4158,2,1
4159,2,0
4160,3,2
4161,2,2
4162,2,2
4163,2,2
4164,2,2
4165,3,1
4166,2,2
4167,2,0
4168,2,0
4169,2,2
4170,2,2
4171,2,0
4172,2,2
4173,2,2
4174,2,2
4175,2,2
4176,2,1
4177,2,2
4178,2,0
4179,2,2
4180,2,2
4181,2,2
4182,3,3
4183,4,4
4184,2,2
4185,2,2
4186,2,0
4187,3,2
4188,2,2
4189,2,2
4190,2,1
4191,2,2
4192,2,0
4193,2,0
4194,2,2
4195,3,3
4196,2,2
4197,2,2
4198,2,2
4199,4,2
4200,2,1
4201,2,2
4202,3,2
4203,2,0
4204,2,2
4205,2,0
4206,2,2
4207,2,2
4208,2,2
4209,2,1
4210,2,2
4211,2,2
4212,2,2
4213,3,3
4214,4,2
4215,2,2
4216,3,2
4217,2,1
4218,2,1
4219,2,2
4220,4,3
4221,2,0
4222,2,1
4223,2,2
4224,3,1
4225,2,2
4226,2,1
4227,2,0
4228,3,0
4229,3,2
4230,2,2
4231,2,0
4232,3,2
4233,3,2
4234,2,2
4235,2,1
4236,2,2
4237,2,2
4238,2,2
4239,2,2
4240,3,0
4241,3,0
4242,3,0
4243,2,2
4244,2,2
4245,3,3
4246,2,0
4247,2,2
4248,2,0
4249,3,2
4250,2,1
4251,2,2
4252,2,0
4253,3,1
4254,2,1
4255,2,1
4256,3,2
4257,2,2
4258,2,2
4259,2,2
4260,2,2
4261,2,2
4262,2,0
4263,4,1
4264,2,0
4265,2,2
4266,2,1
4267,2,0
4268,2,2
4269,2,2
4270,3,1
4271,3,3
4272,2,1
4273,3,1
4274,3,3
4275,2,0
4276,2,0
4277,2,2
4278,2,2
4279,3,1
4280,2,2
4281,2,0
4282,2,1
4283,2,0
4284,2,0
4285,4,1
4286,2,1
4287,2,1
4288,2,1
4289,2,0
4290,2,1
4291,2,1
4292,2,2
4293,2,0
4294,2,2
4295,4,4
4296,2,0
4297,2,0
4298,2,2
4299,2,1
4300,2,0
4301,2,1
4302,2,2
4303,2,1
4304,3,3
4305,2,0
4306,2,0
4307,2,1
4308,3,0
4309,2,2
4310,3,3
4311,2,0
4312,2,0
4313,2,0
4314,2,1
4315,2,1
4316,2,0
4317,2,0
4318,2,1
4319,2,0
4320,2,0
4321,2,0
4322,3,0
4323,2,2
4324,2,1
4325,2,0
4326,4,0
4327,3,0
4328,2,2
4329,2,0
4330,2,0
4331,2,0
4332,4,3
4333,3,1
4334,3,3
4335,3,3
4336,2,2
4337,4,3
4338,3,1
4339,2,2
4340,2,2
4341,2,2
4342,2,0
4343,4,2
4344,3,0
4345,2,1
4346,2,0
4347,2,0
4348,2,0
4349,2,2
4350,2,2
4351,2,0
4352,2,2
4353,3,2
4354,3,3
4355,2,0
4356,2,0
4357,2,1
4358,3,0
4359,2,2
4360,2,0
4361,2,2
4362,2,1
4363,2,1
4364,2,1
4365,2,0
4366,2,2
4367,3,3
4368,2,0
4369,3,0
4370,2,2
4371,2,0
4372,2,0
4373,3,1
4374,2,0
4375,2,2
4376,2,2
4377,3,1
4378,2,0
4379,2,0
4380,2,1
4381,2,1
4382,3,3
4383,2,2
4384,2,2
4385,2,1
4386,2,0
4387,3,3
4388,2,2
4389,3,2
4390,2,0
4391,2,1
4392,3,0
4393,2,0
4394,2,2
4395,2,0
4396,4,1
4397,2,2
4398,2,2
4399,4,3
4400,4,2
4401,2,0
4402,2,0
4403,3,3
4404,2,0
4405,4,4
4406,3,1
4407,2,1
4408,2,1
4409,2,2
4410,2,2
4411,2,0
4412,4,1
4413,2,0
4414,3,3
4415,2,1
4416,2,2
4417,2,0
4418,2,1
4419,4,4
4420,3,0
4421,2,2
4422,2,1
4423,3,0
4424,3,0
4425,4,4
4426,2,1
4427,2,2
4428,2,0
4429,2,2
4430,2,0
4431,2,2
4432,2,2
4433,3,3
4434,2,2
4435,2,2
4436,2,0
4437,4,4
4438,2,1
4439,2,2
4440,2,2
4441,2,2
4442,2,1
4443,2,0
4444,2,2
4445,2,1
4446,2,2
4447,2,1
4448,2,2
4449,4,3
4450,2,2
4451,2,0
4452,3,3
4453,3,0
4454,2,0
4455,2,2
4456,2,2
4457,2,2
4458,3,0
4459,2,0
4460,2,0
4461,2,2
4462,2,2
4463,2,1
4464,3,0
4465,2,2
4466,2,2
4467,2,2
4468,2,0
4469,2,2
4470,2,2
4471,2,2
4472,2,2
4473,2,0
4474,2,2
4475,2,0
4476,2,2
4477,2,2
4478,2,0
4479,3,3
4480,3,1
4481,2,0
4482,2,0
4483,3,3
4484,2,0
4485,2,2
4486,3,3
4487,3,0
4488,2,0
4489,2,2
4490,2,0
4491,2,0
4492,2,0
4493,2,0
4494,2,1
4495,3,2
4496,2,2
4497,2,2
4498,2,1
4499,2,1
4500,2,2
4501,2,2
4502,2,2
4503,2,0
4504,2,1
4505,3,0
4506,2,2
4507,2,2
4508,2,2
4509,2,1
4510,3,3
4511,2,2
4512,2,2
4513,2,0
4514,2,0
4515,3,2
4516,3,1
4517,2,0
4518,2,2
4519,2,0
4520,2,0
4521,2,0
4522,2,0
4523,3,2
4524,2,0
4525,2,1
4526,3,1
4527,2,1
4528,2,0
4529,2,0
4530,2,1
4531,2,0
4532,2,0
4533,2,1
4534,2,0
4535,2,2
4536,2,2
4537,2,0
4538,2,2
4539,2,2
4540,2,0
4541,2,0
4542,2,2
4543,2,0
4544,2,0
4545,2,2
4546,3,3
4547,2,2
4548,2,0
4549,2,2
4550,2,0
4551,3,3
4552,2,1
4553,2,1
4554,2,1
4555,2,2
4556,2,2
4557,2,2
4558,4,1
4559,2,0
4560,2,2
4561,2,2
4562,3,2
4563,2,2
4564,2,2
4565,3,3
4566,2,0
4567,2,0
4568,2,0
4569,4,2
4570,4,4
4571,2,0
4572,2,1
4573,2,0
4574,2,2
4575,2,2
4576,2,1
4577,2,2
4578,2,0
4579,3,3
4580,2,0
4581,2,0
4582,3,3
4583,2,1
4584,3,3
4585,2,0
4586,2,0
4587,2,0
4588,2,0
4589,2,1
4590,2,2
4591,3,1
4592,2,2
4593,2,0
4594,2,0
4595,2,0
4596,2,2
4597,2,2
4598,2,2
4599,2,2
4600,3,3
4601,2,2
4602,2,2
4603,2,0
4604,2,0
4605,2,0
4606,2,1
4607,2,1
4608,2,2
4609,2,0
4610,2,2
4611,2,1
4612,2,1
4613,3,3
4614,2,2
4615,2,2
4616,3,3
4617,2,2
4618,2,0
4619,2,2
4620,2,0
4621,2,2
4622,2,0
4623,3,2
4624,2,2
4625,2,2
4626,3,3
4627,2,0
4628,4,4
4629,2,1
4630,2,0
4631,2,2
4632,3,1
4633,2,2
4634,2,1
4635,2,0
4636,2,2
4637,2,2
4638,3,3
4639,2,0
4640,2,0
4641,4,3
4642,4,0
4643,2,2
4644,2,2
4645,4,4
4646,2,2
4647,2,1
4648,2,2
4649,3,0
4650,2,0
4651,3,2
4652,2,2
4653,2,2
4654,2,2
4655,2,0
4656,3,2
4657,2,0
4658,2,2
4659,3,1
4660,2,2
4661,4,1
4662,2,0
4663,2,0
4664,2,2
4665,2,2
4666,2,0
4667,2,2
4668,2,0
4669,2,2
4670,2,2
4671,2,0
4672,2,1
4673,2,0
4674,2,2
4675,2,0
4676,2,0
4677,2,1
4678,4,4
4679,2,2
4680,2,1
4681,2,1
4682,2,1
4683,4,3
4684,2,0
4685,3,2
4686,3,2
4687,2,0
4688,2,0
4689,2,2
4690,4,1
4691,2,2
4692,2,0
4693,2,0
4694,2,0
4695,2,2
4696,2,1
4697,4,3
4698,2,2
4699,2,0
4700,2,0
4701,2,2
4702,2,2
4703,4,3
4704,2,2
4705,2,1
4706,2,1
4707,2,0
4708,2,0
4709,3,3
4710,2,1
4711,2,2
4712,2,2
4713,2,2
4714,4,4
4715,2,1
4716,2,2
4717,2,2
4718,2,2
4719,4,1
4720,2,2
4721,2,2
4722,2,0
4723,3,1
4724,2,2
4725,2,2
4726,2,0
4727,3,3
4728,2,2
4729,2,2
4730,2,0
4731,3,0
4732,2,1
4733,3,2
4734,2,0
4735,2,0
4736,2,0
4737,2,0
4738,3,1
4739,2,0
4740,2,2
4741,2,0
4742,3,1
4743,3,1
4744,2,0
4745,2,1
4746,2,0
4747,3,2
4748,4,0
4749,2,1
4750,2,2
4751,4,0
4752,4,4
4753,2,2
4754,2,2
4755,2,1
4756,3,1
4757,2,0
4758,2,2
4759,2,2
4760,2,2
4761,2,2
4762,3,1
4763,3,1
4764,2,2
4765,2,0
4766,2,1
4767,2,2
4768,2,2
4769,3,3
4770,2,2
4771,2,2
4772,2,1
4773,2,0
4774,3,1
4775,2,2
4776,4,1
4777,2,0
4778,2,0
4779,3,0
4780,2,0
4781,2,0
4782,2,2
4783,2,2
4784,3,1
4785,2,2
4786,2,0
4787,2,2
4788,2,2
4789,4,2
4790,2,2
4791,2,2
4792,3,0
4793,2,0
4794,2,2
4795,3,3
4796,2,0
4797,2,2
4798,2,0
4799,2,1
4800,2,0
4801,2,2
4802,2,2
4803,2,2
4804,2,1
4805,2,0
4806,2,2
4807,2,0
4808,2,2
4809,3,0
4810,3,3
4811,3,1
4812,2,0
4813,2,2
4814,3,3
4815,2,0
4816,2,1
4817,2,0
4818,2,0
4819,2,0
4820,2,2
4821,2,0
4822,2,2
4823,2,0
4824,3,0
4825,2,1
4826,2,2
4827,3,2
4828,2,2
4829,4,0
4830,2,1
4831,3,2
4832,3,3
4833,3,0
4834,2,1
4835,2,2
4836,4,2
4837,2,2
4838,2,0
4839,2,2
4840,2,2
4841,2,0
4842,3,1
4843,2,0
4844,2,2
4845,2,0
4846,3,0
4847,2,0
4848,2,0
4849,2,1
4850,4,3
4851,3,3
4852,2,1
4853,3,3
4854,2,2
4855,4,0
4856,2,0
4857,3,0
4858,2,0
4859,2,2
4860,2,2
4861,3,3
4862,2,2
4863,2,2
4864,2,1
4865,2,2
4866,2,1
4867,2,0
4868,2,2
4869,2,1
4870,3,1
4871,2,0
4872,2,2
4873,2,2
4874,2,1
4875,2,0
4876,2,2
4877,2,0
4878,2,0
4879,2,2
4880,2,2
4881,2,0
4882,2,2
4883,2,2
4884,2,0
4885,2,1
4886,3,1
4887,2,0
4888,3,2
4889,2,1
4890,2,0
4891,2,2
4892,3,3
4893,2,0
4894,3,0
4895,2,1
4896,2,2
4897,2,0
4898,2,0
4899,2,0
4900,2,2
4901,2,0
4902,2,0
4903,2,2
4904,2,2
4905,2,0
4906,2,2
4907,2,1
4908,3,0
4909,3,0
4910,3,1
4911,2,0
4912,3,3
4913,3,1
4914,2,2
4915,2,2
4916,3,1
4917,2,2
4918,2,0
4919,4,0
4920,2,2
4921,2,1
4922,2,1
4923,2,0
4924,3,3
4925,3,3
4926,2,0
4927,4,2
4928,2,2
4929,3,0
4930,2,0
4931,2,2
4932,3,3
4933,2,2
4934,2,2
4935,2,1
4936,2,0
4937,3,0
4938,2,0
4939,2,0
4940,3,3
4941,2,2
4942,2,1
4943,4,4
4944,2,0
4945,2,2
4946,2,2
4947,2,1
4948,2,1
4949,3,0
4950,3,3
4951,2,0
4952,2,0
4953,2,2
4954,3,0
4955,2,0
4956,2,0
4957,2,1
4958,2,1
4959,2,2
4960,2,2
4961,2,2
4962,2,1
4963,2,0
4964,2,1
4965,3,1
4966,2,0
4967,2,1
4968,2,0
4969,2,1
4970,2,0
4971,2,0
4972,2,0
4973,2,2
4974,3,1
4975,4,2
4976,2,2
4977,2,1
4978,2,0
4979,2,2
4980,3,3
4981,3,3
4982,3,2
4983,2,1
4984,2,0
4985,2,2
4986,3,2
4987,2,2
4988,2,1
4989,2,0
4990,2,2
4991,3,1
4992,3,1
4993,2,2
4994,2,0
4995,2,2
4996,2,2
4997,3,2
4998,2,2
4999,4,4
5000,2,0
5001,2,0
5002,2,2
5003,2,0
5004,2,2
5005,3,3
5006,2,2
5007,4,2
5008,2,0
5009,4,1
5010,2,2
5011,2,0
5012,2,0
5013,3,1
5014,2,2
5015,2,2
5016,2,2
5017,2,0
5018,2,0
5019,3,1
5020,2,0
5021,3,1
5022,3,3
5023,2,2
5024,3,3
5025,2,1
5026,3,1
5027,2,2
5028,2,0
5029,2,0
5030,2,0
5031,2,0
5032,2,0
5033,2,0
5034,2,0
5035,4,0
5036,2,2
5037,3,2
5038,2,0
5039,2,1
5040,2,2
5041,3,0
5042,2,2
5043,2,1
5044,2,2
5045,4,2
5046,3,2
5047,2,1
5048,2,1
5049,2,1
5050,2,0
5051,2,0
5052,3,1
5053,4,3
5054,4,0
5055,3,3
5056,3,3
5057,3,2
5058,2,2
5059,3,2
5060,2,0
5061,2,0
5062,2,1
5063,2,2
5064,2,0
5065,2,0
5066,3,2
5067,3,3
5068,2,2
5069,3,3
5070,2,2
5071,2,2
5072,2,2
5073,2,2
5074,3,0
5075,2,2
5076,2,0
5077,2,0
5078,2,0
5079,2,2
5080,2,0
5081,2,0
5082,2,0
5083,2,0
5084,2,2
5085,2,2
5086,3,2
5087,2,2
5088,2,1
5089,2,2
5090,2,0
5091,3,3
5092,2,0
5093,2,0
5094,3,3
5095,2,1
5096,2,0
5097,2,2
5098,2,2
5099,2,0
5100,2,2
5101,2,2
5102,2,0
5103,2,2
5104,2,2
5105,2,0
5106,2,1
5107,3,3
5108,2,2
5109,2,2
5110,2,2
5111,4,3
5112,2,2
5113,2,0
5114,2,2
5115,2,2
5116,2,0
5117,2,2
5118,2,2
5119,2,2
5120,2,2
5121,2,2
5122,2,2
5123,2,2
5124,2,2
5125,2,2
5126,4,4
5127,2,0
5128,2,2
5129,2,1
5130,2,2
5131,3,3
5132,2,0
5133,3,0
5134,2,2
5135,3,3
5136,2,1
5137,2,2
5138,2,2
5139,3,3
5140,3,3
5141,2,2
5142,2,0
5143,2,2
5144,2,2
5145,2,2
5146,2,1
5147,3,0
5148,4,2
5149,2,0
5150,2,0
5151,2,1
5152,3,2
5153,2,1
5154,3,2
5155,2,1
5156,3,3
5157,2,2
5158,3,3
5159,2,2
5160,3,1
5161,2,1
5162,2,1
5163,2,2
5164,2,2
5165,2,1
5166,2,1
5167,2,2
5168,3,3
5169,2,2
5170,2,0
5171,2,2
5172,4,4
5173,2,0
5174,3,2
5175,2,2
5176,2,0
5177,2,2
5178,2,0
5179,2,2
5180,2,2
5181,2,0
5182,2,1
5183,2,2
5184,2,1
5185,2,0
5186,3,3
5187,2,2
5188,2,1
5189,2,2
5190,2,0
5191,2,0
5192,2,2
5193,4,3
5194,2,2
5195,2,2
5196,2,2
5197,2,0
5198,2,2
5199,2,1
5200,2,2
5201,3,0
5202,2,0
5203,3,2
5204,3,2
5205,2,1
5206,2,0
5207,2,1
5208,2,1
5209,3,0
5210,3,3
5211,2,2
5212,2,2
5213,2,2
5214,2,2
5215,3,1
5216,2,2
5217,3,0
5218,2,2
5219,2,2
5220,3,2
5221,2,2
5222,2,1
5223,2,2
5224,3,3
5225,3,1
5226,2,2
5227,2,2
5228,2,2
5229,2,1
5230,3,1
5231,3,1
5232,2,2
5233,3,0
5234,3,2
5235,2,2
5236,3,2
5237,2,2
5238,2,2
5239,2,0
5240,4,2
5241,2,0
5242,2,1
5243,2,2
5244,3,1
5245,4,3
5246,2,2
5247,2,0
5248,2,0
5249,2,0
5250,2,0
5251,3,3
5252,2,2
5253,2,2
5254,2,2
5255,2,0
5256,2,0
5257,3,1
5258,2,0
5259,2,2
5260,3,3
5261,4,1
5262,3,3
5263,2,0
5264,2,1
5265,2,2
5266,2,2
5267,2,0
5268,2,0
5269,2,2
5270,2,0
5271,2,0
5272,4,1
5273,4,2
5274,2,1
5275,2,2
5276,2,1
5277,2,2
5278,2,2
5279,2,0
5280,2,2
5281,2,0
5282,2,0
5283,2,0
5284,2,0
5285,2,2
5286,3,0
5287,2,2
5288,3,1
5289,2,0
5290,2,1
5291,4,0
5292,2,2
5293,2,1
5294,3,3
5295,3,0
5296,2,2
5297,2,2
5298,4,4
5299,2,2
5300,3,0
5301,2,0
5302,2,2
5303,2,2
5304,4,3
5305,2,2
5306,2,1
5307,2,1
5308,2,0
5309,2,1
5310,2,2
5311,2,2
5312,2,2
5313,3,0
5314,2,1
5315,2,1
5316,2,2
5317,3,1
5318,2,2
5319,2,2
5320,3,3
5321,4,4
5322,2,2
5323,3,1
5324,3,3
5325,2,1
5326,2,2
5327,2,2
5328,2,2
5329,3,1
5330,3,1
5331,2,1
5332,2,0
5333,4,2
5334,3,2
5335,2,2
5336,2,2
5337,3,3
5338,2,2
5339,2,2
5340,2,2
5341,2,2
5342,2,1
5343,3,0
5344,2,0
5345,2,0
5346,3,3
5347,4,2
5348,2,2
5349,2,1
5350,4,0
5351,3,3
5352,4,3
5353,2,1
5354,2,0
5355,4,4
5356,2,0
5357,2,1
5358,3,0
5359,2,0
5360,2,2
5361,2,2
5362,2,0
5363,2,0
5364,2,0
5365,3,2
5366,2,2
5367,2,0
5368,2,0
5369,3,0
5370,3,0
5371,3,2
5372,2,0
5373,2,2
5374,2,0
5375,3,1
5376,4,0
5377,2,0
5378,2,2
5379,2,0
5380,2,2
5381,2,1
5382,2,0
5383,3,3
5384,2,1
5385,2,2
5386,3,3
5387,2,2
5388,2,0
5389,2,2
5390,2,2
5391,2,0
5392,2,2
5393,3,3
5394,2,2
5395,2,0
5396,4,4
5397,2,2
5398,2,2
5399,3,3
5400,2,1
5401,2,0
5402,2,2
5403,2,2
5404,2,1
5405,2,2
5406,3,3
5407,3,1
5408,2,1
5409,2,1
5410,2,2
5411,2,1
5412,3,1
5413,2,1
5414,2,0
5415,2,2
5416,2,2
5417,3,0
5418,2,1
5419,2,2
5420,3,0
5421,2,1
5422,3,2
5423,2,1
5424,3,0
5425,3,2
5426,2,2
5427,2,2
5428,2,1
5429,3,0
5430,4,1
5431,2,1
5432,2,2
5433,2,0
5434,2,2
5435,3,2
5436,2,0
5437,4,1
5438,3,1
5439,3,3
5440,2,2
5441,4,4
5442,3,1
5443,3,1
5444,2,0
5445,2,2
5446,3,3
5447,2,2
5448,2,0
5449,2,1
5450,2,0
5451,2,2
5452,2,2
5453,3,3
5454,2,1
5455,2,0
5456,2,2
5457,2,1
5458,2,2
5459,2,0
5460,2,0
5461,2,0
5462,2,2
5463,3,1
5464,2,1
5465,2,0
5466,3,1
5467,2,2
5468,3,1
5469,3,1
5470,2,0
5471,2,0
5472,2,1
5473,2,2
5474,2,1
5475,3,2
5476,2,2
5477,3,1
5478,2,2
5479,3,2
5480,2,2
5481,3,2
5482,2,2
5483,2,2
5484,3,3
5485,2,2
5486,3,1
5487,3,2
5488,4,4
5489,2,0
5490,2,2
5491,2,2
5492,2,2
5493,3,3
5494,2,0
5495,2,1
5496,3,3
5497,2,2
5498,2,2
5499,3,0
5500,3,2
5501,2,1
5502,2,0
5503,2,2
5504,2,1
5505,2,0
5506,2,0
5507,3,1
5508,2,2
5509,4,3
5510,2,0
5511,2,2
5512,2,2
5513,2,0
5514,2,0
5515,2,2
5516,3,3
5517,3,0
5518,2,1
5519,2,2
5520,2,1
5521,2,1
5522,3,0
5523,2,2
5524,2,2
5525,2,2
5526,2,0
5527,3,1
5528,2,2
5529,2,0
5530,2,2
5531,2,2
5532,2,2
5533,2,2
5534,2,0
5535,2,2
5536,4,3
5537,3,2
5538,2,2
5539,2,2
5540,2,1
5541,2,2
5542,2,0
5543,2,2
5544,3,3
5545,2,0
5546,2,0
5547,2,0
5548,2,0
5549,2,2
5550,2,0
5551,2,0
5552,2,0
5553,4,2
5554,2,1
5555,3,3
5556,2,0
5557,2,2
5558,4,4
5559,2,2
5560,3,2
5561,2,2
5562,2,0
5563,2,2
5564,2,1
5565,2,1
5566,2,2
5567,3,3
5568,4,0
5569,2,2
5570,2,0
5571,2,2
5572,2,2
5573,2,1
5574,2,2
5575,2,0
5576,2,2
5577,4,1
5578,2,1
5579,2,1
5580,2,1
5581,2,2
5582,3,3
5583,2,0
5584,3,1
5585,3,3
5586,2,2
5587,3,2
5588,2,0
5589,2,0
5590,2,2
5591,2,1
5592,2,0
5593,4,0
5594,2,2
5595,2,1
5596,2,0
5597,2,2
5598,3,3
5599,2,0
5600,2,0
5601,4,4
5602,2,1
5603,2,2
5604,2,0
5605,2,2
5606,2,0
5607,2,2
5608,2,2
5609,2,2
5610,2,2
5611,2,2
5612,2,2
5613,2,0
5614,2,1
5615,2,2
5616,2,2
5617,2,2
5618,2,0
5619,2,1
5620,2,2
5621,3,0
5622,3,3
5623,4,4
5624,2,2
5625,2,0
5626,2,0
5627,2,0
5628,2,0
5629,2,2
5630,4,4
5631,2,2
5632,3,2
5633,3,3
5634,2,2
5635,2,0
5636,4,1
5637,2,0
5638,2,1
5639,2,0
5640,4,0
5641,2,2
5642,3,3
5643,3,1
5644,3,3
5645,2,2
5646,4,1
5647,2,0
5648,2,2
5649,4,1
5650,2,2
5651,4,1
5652,3,1
5653,4,4
5654,2,0
5655,3,3
5656,2,2
5657,2,0
5658,2,0
5659,3,3
5660,2,2
5661,2,2
5662,2,0
5663,3,3
5664,4,4
5665,2,2
5666,2,2
5667,3,0
5668,2,1
5669,2,2
5670,2,0
5671,2,2
5672,4,2
5673,4,0
5674,2,2
5675,2,2
5676,2,2
5677,3,0
5678,2,0
5679,2,2
5680,2,2
5681,2,1
5682,3,3
5683,2,0
5684,2,2
5685,3,1
5686,2,0
5687,2,2
5688,2,0
5689,2,2
5690,2,0
5691,3,3
5692,4,2
5693,2,1
5694,3,3
5695,2,2
5696,3,1
5697,2,0
5698,2,2
5699,2,1
5700,2,1
5701,3,1
5702,2,2
5703,2,2
5704,2,2
5705,2,2
5706,2,0
5707,2,0
5708,4,3
5709,2,0
5710,2,2
5711,3,2
5712,3,3
5713,2,1
5714,4,4
5715,2,0
5716,2,1
5717,2,2
5718,2,2
5719,2,1
5720,3,1
5721,2,2
5722,3,2
5723,2,2
5724,2,2
5725,2,2
5726,2,2
5727,2,0
5728,2,1
5729,2,2
5730,2,2
5731,2,0
5732,2,2
5733,2,2
5734,2,2
5735,2,2
5736,2,2
5737,2,2
5738,2,2
5739,2,2
5740,3,1
5741,2,1
5742,2,2
5743,2,0
5744,2,0
5745,2,1
5746,2,2
5747,2,0
5748,2,0
5749,3,0
5750,2,0
5751,2,0
5752,2,0
5753,3,1
5754,2,0
5755,2,0
5756,2,0
5757,2,2
5758,3,0
5759,2,2
5760,2,2
5761,2,1
5762,2,2
5763,2,2
5764,3,3
5765,2,0
5766,2,0
5767,2,1
5768,2,2
5769,3,1
5770,3,3
5771,2,2
5772,2,2
5773,2,0
5774,2,2
5775,2,2
5776,2,0
5777,2,0
5778,2,0
5779,2,2
5780,4,2
5781,2,2
5782,3,3
5783,2,2
5784,3,3
5785,2,2
5786,2,2
5787,3,1
5788,2,0
5789,2,1
5790,2,1
5791,2,1
5792,3,3
5793,2,0
5794,2,2
5795,3,2
5796,2,2
5797,2,1
5798,2,0
5799,2,0
5800,2,1
5801,4,4
5802,2,2
5803,2,0
5804,2,2
5805,2,0
5806,3,2
5807,2,2
5808,3,3
5809,2,2
5810,2,2
5811,2,0
5812,2,2
5813,4,4
5814,2,1
5815,3,2
5816,2,2
5817,2,1
5818,2,1
5819,2,2
5820,2,2
5821,2,0
5822,2,2
5823,2,1
5824,2,1
5825,2,0
5826,2,1
5827,2,0
5828,2,1
5829,2,2
5830,2,2
5831,4,3
5832,2,0
5833,3,2
5834,2,1
5835,2,2
5836,2,1
5837,2,1
5838,2,2
5839,2,0
5840,3,3
5841,4,2
5842,2,2
5843,2,2
5844,2,1
5845,2,2
5846,2,2
5847,2,2
5848,3,1
5849,3,1
5850,2,0
5851,2,0
5852,3,3
5853,2,2
5854,2,1
5855,4,2
5856,2,2
5857,2,2
5858,2,0
5859,2,1
5860,2,1
5861,3,3
5862,3,0
5863,3,1
5864,3,3
5865,2,0
5866,2,2
5867,4,2
5868,3,2
5869,3,1
5870,2,0
5871,3,2
5872,2,0
5873,3,1
5874,2,0
5875,3,2
5876,2,0
5877,2,2
5878,3,1
5879,2,0
5880,2,0
5881,2,0
5882,3,3
5883,2,0
5884,2,0
5885,2,0
5886,2,0
5887,2,0
5888,2,0
5889,3,3
5890,2,1
5891,4,4
5892,2,2
5893,2,1
5894,2,2
5895,3,3
5896,2,0
5897,3,0
5898,3,1
5899,2,1
5900,3,1
5901,2,2
5902,2,0
5903,2,2
5904,2,2
5905,2,1
5906,3,2
5907,2,0
5908,2,2
5909,3,1
5910,2,2
5911,2,1
5912,2,2
5913,2,2
5914,2,1
5915,2,0
5916,2,2
5917,2,1
5918,2,2
5919,2,0
5920,3,3
5921,2,0
5922,2,0
5923,2,0
5924,2,2
5925,2,1
5926,3,3
5927,2,2
5928,2,2
5929,2,1
5930,3,1
5931,2,2
5932,2,2
5933,2,2
5934,2,2
5935,3,0
5936,2,0
5937,3,0
5938,2,2
5939,4,2
5940,3,2
5941,2,0
5942,2,2
5943,3,3
5944,2,2
5945,3,2
5946,3,2
5947,2,2
5948,2,0
5949,3,3
5950,2,2
5951,4,2
5952,3,2
5953,4,2
5954,2,1
5955,2,0
5956,2,2
5957,3,3
5958,2,2
5959,2,2
5960,2,0
5961,2,1
5962,2,0
5963,2,2
5964,2,2
5965,3,2
5966,2,0
5967,3,2
5968,2,1
5969,2,0
5970,4,4
5971,3,0
5972,3,1
5973,2,2
5974,3,1
5975,3,2
5976,2,2
5977,3,0
5978,3,2
5979,2,2
5980,2,2
5981,2,0
5982,3,2
5983,3,2
5984,2,1
5985,3,1
5986,2,2
5987,2,2
5988,3,3
5989,3,1
5990,2,2
5991,2,2
5992,2,2
5993,2,2
5994,2,0
5995,2,0
5996,2,2
5997,2,2
5998,2,2
5999,2,0
6000,2,2
6001,2,2
6002,2,2
6003,2,0
6004,2,0
6005,2,0
6006,3,1
6007,2,2
6008,2,1
6009,2,1
6010,2,2
6011,2,2
6012,2,0
6013,2,1
6014,2,1
6015,3,2
6016,2,0
6017,4,0
6018,2,1
6019,2,0
6020,2,2
6021,2,2
6022,2,0
6023,2,1
6024,2,2
6025,2,2
6026,2,0
6027,2,2
6028,3,3
6029,2,0
6030,2,0
6031,2,2
6032,2,2
6033,3,2
6034,2,1
6035,2,2
6036,2,0
6037,2,1
6038,4,2
6039,2,2
6040,2,2
6041,3,0
6042,2,0
6043,2,0
6044,2,1
6045,2,2
6046,2,1
6047,3,0
6048,2,2
6049,3,2
6050,4,0
6051,3,2
6052,2,0
6053,4,4
6054,3,1
6055,2,1
6056,2,0
6057,2,2
6058,2,0
6059,2,2
6060,3,1
6061,2,0
6062,4,4
6063,2,0
6064,2,2
6065,3,2
6066,2,2
6067,4,0
6068,4,4
6069,2,0
6070,2,2
6071,2,1
6072,2,2
6073,2,2
6074,2,2
6075,2,0
6076,2,2
6077,2,2
6078,3,3
6079,2,0
6080,3,1
6081,2,2
6082,4,4
6083,2,2
6084,2,2
6085,3,1
6086,3,3
6087,2,2
6088,2,0
6089,2,0
6090,2,2
6091,2,2
6092,3,3
6093,2,1
6094,2,1
6095,4,4
6096,2,0
6097,3,3
6098,3,3
6099,2,0
6100,3,2
6101,2,2
6102,3,0
6103,2,0
6104,2,0
6105,2,2
6106,3,3
6107,2,2
6108,2,2
6109,2,1
6110,4,2
6111,2,2
6112,4,2
6113,2,2
6114,2,0
6115,2,1
6116,2,0
6117,3,1
6118,2,0
6119,2,2
6120,2,1
6121,2,0
6122,2,2
6123,3,1
6124,4,4
6125,2,0
6126,2,0
6127,2,1
6128,2,2
6129,2,1
6130,2,1
6131,2,2
6132,2,0
6133,2,0
6134,2,2
6135,3,3
6136,2,2
6137,2,0
6138,2,2
6139,2,2
6140,2,2
6141,2,0
6142,2,2
6143,2,2
6144,2,2
6145,2,2
6146,2,1
6147,2,2
6148,2,2
6149,2,1
6150,2,2
6151,4,4
6152,3,0
6153,3,3
6154,2,2
6155,2,0
6156,2,1
6157,2,0
6158,2,0
6159,2,0
6160,2,1
6161,2,0
6162,2,2
6163,2,2
6164,4,3
6165,3,1
6166,3,2
6167,2,2
6168,2,0
6169,2,2
6170,2,0
6171,3,3
6172,2,2
6173,2,0
6174,2,0
6175,2,1
6176,2,2
6177,2,0
6178,4,2
6179,3,3
6180,2,0
6181,2,2
6182,2,2
6183,2,2
6184,2,2
6185,2,1
6186,2,2
6187,2,2
6188,2,0
6189,2,0
6190,3,0
6191,2,1
6192,2,2
6193,2,2
6194,2,1
6195,2,2
6196,2,0
6197,2,0
6198,2,2
6199,2,2
6200,2,2
6201,2,2
6202,3,1
6203,3,1
6204,3,0
6205,2,2
6206,2,0
6207,2,1
6208,2,0
6209,3,3
6210,2,1
6211,2,2
6212,2,1
6213,2,0
6214,3,2
6215,2,2
6216,2,2
6217,2,0
6218,4,4
6219,2,2
6220,3,1
6221,3,3
6222,2,1
6223,3,2
6224,2,0
6225,3,0
6226,4,4
6227,4,2
6228,2,2
6229,3,3
6230,3,1
6231,2,2
6232,3,3
6233,3,2
6234,2,0
6235,2,2
6236,2,2
6237,2,2
6238,4,1
6239,2,2
6240,2,2
6241,2,0
6242,2,1
6243,2,0
6244,2,2
6245,2,2
6246,2,0
6247,2,2
6248,2,1
6249,2,1
6250,4,4
6251,2,0
6252,3,2
6253,4,3
6254,2,2
6255,3,3
6256,3,3
6257,2,2
6258,3,0
6259,3,0
6260,2,1
6261,2,2
6262,3,2
6263,2,0
6264,4,0
6265,2,1
6266,2,0
6267,2,1
6268,2,1
6269,2,1
6270,3,1
6271,2,1
6272,3,3
6273,2,2
6274,2,0
6275,3,3
6276,2,1
6277,2,2
6278,2,0
6279,2,2
6280,2,0
6281,2,0
6282,3,3
6283,2,2
6284,2,0
6285,2,1
6286,2,2
6287,2,0
6288,2,1
6289,2,2
6290,3,1
6291,2,1
6292,2,2
6293,2,0
6294,2,2
6295,2,2
6296,2,0
6297,2,2
6298,2,2
6299,4,4
6300,2,1
6301,2,2
6302,2,2
6303,2,2
6304,2,2
6305,3,2
6306,3,2
6307,2,0
6308,3,1
6309,2,2
6310,2,2
6311,2,0
6312,2,2
6313,2,2
6314,2,2
6315,3,1
6316,3,0
6317,2,2
6318,2,0
6319,3,3
6320,2,0
6321,2,2
6322,2,0
6323,2,1
6324,2,0
6325,2,2
6326,3,1
6327,2,2
6328,2,0
6329,3,0
6330,2,1
6331,3,2
6332,2,0
6333,2,1
6334,4,4
6335,2,2
6336,4,4
6337,2,0
6338,2,0
6339,2,1
6340,2,1
6341,2,0
6342,2,2
6343,2,0
6344,2,2
6345,3,2
6346,2,2
6347,2,0
6348,2,1
6349,2,1
6350,2,2
6351,2,2
6352,2,2
6353,2,1
6354,2,0
6355,4,4
6356,2,0
6357,2,0
6358,3,0
6359,2,0
6360,2,0
6361,2,2
6362,2,2
6363,4,4
6364,2,2
6365,2,1
6366,2,2
6367,3,2
6368,2,1
6369,4,3
6370,2,2
6371,2,0
6372,2,1
6373,2,2
6374,3,1
6375,2,1
6376,2,2
6377,2,2
6378,2,2
6379,2,2
6380,2,0
6381,2,0
6382,3,2
6383,2,2
6384,2,1
6385,2,0
6386,2,1
6387,2,0
6388,2,0
6389,3,2
6390,3,3
6391,2,2
6392,4,0
6393,2,2
6394,2,2
6395,2,2
6396,2,2
6397,3,0
6398,2,1
6399,2,2
6400,2,0
6401,3,3
6402,2,2
6403,3,0
6404,2,2
6405,2,1
6406,2,2
6407,2,2
6408,2,0
6409,4,3
6410,2,2
6411,2,0
6412,2,0
6413,3,2
6414,2,1
6415,4,0
6416,2,2
6417,2,0
6418,2,1
6419,3,0
6420,3,3
6421,2,2
6422,3,3
6423,2,0
6424,2,2
6425,2,1
6426,2,0
6427,3,3
6428,4,4
6429,3,0
6430,2,1
6431,3,3
6432,3,2
6433,2,0
6434,2,0
6435,2,2
6436,2,0
6437,3,0
6438,2,0
6439,2,2
6440,2,0
6441,2,0
6442,3,1
6443,2,0
6444,2,0
6445,2,2
6446,2,0
6447,4,3
6448,2,0
6449,2,0
6450,2,0
6451,3,1
6452,2,2
6453,2,2
6454,3,1
6455,2,0
6456,3,0
6457,2,0
6458,2,0
6459,2,0
6460,3,1
6461,2,0
6462,2,0
6463,3,1
6464,3,2
6465,2,2
6466,2,2
6467,2,1
6468,2,0
6469,2,2
6470,2,0
6471,2,0
6472,2,0
6473,3,0
6474,2,2
6475,2,2
6476,2,0
6477,2,2
6478,2,1
6479,2,1
6480,3,1
6481,2,2
6482,3,3
6483,3,3
6484,2,0
6485,2,2
6486,2,2
6487,3,2
6488,2,0
6489,4,2
6490,2,2
6491,2,2
6492,2,0
6493,2,1
6494,2,0
6495,4,2
6496,3,3
6497,2,2
6498,2,2
6499,2,0
6500,2,2
6501,2,0
6502,3,3
6503,2,2
6504,2,1
6505,2,0
6506,2,2
6507,2,0
6508,4,3
6509,2,1
6510,4,4
6511,2,2
6512,2,0
6513,2,2
6514,2,0
6515,2,1
6516,3,3
6517,2,0
6518,3,0
6519,2,2
6520,3,3
6521,3,3
6522,2,1
6523,3,3
6524,2,2
6525,2,0
6526,4,2
6527,2,2
6528,2,0
6529,3,1
6530,4,4
6531,2,0
6532,2,0
6533,2,1
6534,2,0
6535,2,0
6536,2,2
6537,2,1
6538,3,2
6539,2,2
6540,3,0
6541,3,1
6542,3,3
6543,2,2
6544,4,2
6545,2,2
6546,2,2
6547,2,0
6548,2,0
6549,2,2
6550,2,2
6551,2,0
6552,2,2
6553,2,2
6554,2,0
6555,4,3
6556,2,0
6557,2,2
6558,3,3
6559,2,0
6560,2,0
6561,3,1
6562,2,2
6563,2,1
6564,2,0
6565,2,2
6566,2,0
6567,2,0
6568,2,2
6569,2,1
6570,2,1
6571,2,0
6572,3,2
6573,2,1
6574,4,3
6575,2,2
6576,2,2
6577,2,1
6578,2,1
6579,2,2
6580,2,0
6581,2,2
6582,2,0
6583,2,0
6584,2,1
6585,4,1
6586,2,1
6587,2,0
6588,3,2
6589,2,0
6590,2,2
6591,4,3
6592,2,2
6593,2,2
6594,2,0
6595,2,1
6596,2,0
6597,2,2
6598,2,0
6599,2,0
6600,2,2
6601,3,0
6602,2,1
6603,2,2
6604,2,1
6605,2,2
6606,2,2
6607,2,2
6608,2,2
6609,3,1
6610,2,2
6611,2,2
6612,4,3
6613,2,0
6614,2,2
6615,3,2
6616,2,2
6617,2,0
6618,2,2
6619,3,3
6620,3,0
6621,2,0
6622,2,2
6623,2,0
6624,2,0
6625,4,1
6626,3,1
6627,2,2
6628,2,0
6629,2,2
6630,4,3
6631,2,0
6632,2,1
6633,2,0
6634,3,2
6635,2,2
6636,2,2
6637,2,2
6638,2,2
6639,2,0
6640,2,0
6641,2,2
6642,3,2
6643,2,0
6644,2,1
6645,4,4
6646,3,0
6647,4,4
6648,2,2
6649,2,2
6650,3,3
6651,2,0
6652,2,2
6653,2,0
6654,2,1
6655,4,4
6656,2,2
6657,2,0
6658,2,0
6659,2,1
6660,3,0
6661,3,1
6662,4,1
6663,2,0
6664,2,1
6665,2,0
6666,2,0
6667,2,0
6668,2,2
6669,2,2
6670,2,2
6671,3,0
6672,2,1
6673,2,2
6674,2,2
6675,2,1
6676,2,0
6677,2,0
6678,3,1
6679,2,1
6680,2,1
6681,3,3
6682,2,1
6683,2,1
6684,2,2
6685,2,1
6686,3,2
6687,2,0
6688,2,2
6689,2,1
6690,2,0
6691,2,2
6692,3,3
6693,2,2
6694,3,2
6695,2,0
6696,3,3
6697,3,1
6698,2,0
6699,4,3
6700,2,2
6701,2,2
6702,2,2
6703,3,1
6704,2,0
6705,2,0
6706,3,2
6707,3,3
6708,3,1
6709,2,0
6710,2,1
6711,2,0
6712,3,0
6713,2,0
6714,2,2
6715,3,0
6716,2,0
6717,3,3
6718,2,2
6719,2,0
6720,2,2
6721,3,1
6722,3,1
6723,3,3
6724,2,2
6725,4,2
6726,2,0
6727,3,0
6728,2,0
6729,2,0
6730,2,2
6731,3,0
6732,2,2
6733,4,4
6734,2,0
6735,2,2
6736,2,2
6737,4,2
6738,4,3
6739,3,1
6740,2,0
6741,2,0
6742,2,2
6743,2,2
6744,2,1
6745,2,0
6746,2,2
6747,2,2
6748,3,3
6749,2,0
6750,2,2
6751,4,3
6752,2,0
6753,2,0
6754,3,1
6755,2,0
6756,2,2
6757,2,1
6758,2,2
6759,2,2
6760,2,2
6761,2,0
6762,2,2
6763,2,2
6764,2,2
6765,2,2
6766,3,2
6767,3,3
6768,2,0
6769,2,1
6770,2,2
6771,2,2
6772,2,0
6773,3,3
6774,2,1
6775,3,1
6776,2,2
6777,3,3
6778,3,2
6779,3,1
6780,2,1
6781,3,2
6782,2,2
6783,2,2
6784,2,0
6785,2,0
6786,2,1
6787,2,2
6788,2,2
6789,2,0
6790,2,2
6791,2,0
6792,2,1
6793,2,2
6794,2,0
6795,2,1
6796,2,1
6797,2,2
6798,2,2
6799,2,1
6800,2,0
6801,2,0
6802,2,2
6803,2,0
6804,3,0
6805,2,2
6806,2,2
6807,3,2
6808,2,2
6809,2,0
6810,2,2
6811,2,2
6812,2,2
6813,2,2
6814,2,0
6815,2,0
6816,2,2
6817,2,1
6818,2,0
6819,2,2
6820,2,2
6821,2,0
6822,3,0
6823,3,0
6824,3,3
6825,2,2
6826,4,4
6827,2,0
6828,2,2
6829,2,2
6830,2,1
6831,2,0
6832,2,0
6833,3,3
6834,2,2
6835,2,2
6836,2,0
6837,3,0
6838,2,1
6839,4,2
6840,2,2
6841,2,2
6842,2,2
6843,2,2
6844,2,1
6845,3,3
6846,2,0
6847,3,3
6848,2,2
6849,2,1
6850,2,1
6851,2,2
6852,2,1
6853,2,0
6854,3,3
6855,4,1
6856,2,2
6857,2,0
6858,3,1
6859,2,2
6860,2,2
6861,3,0
6862,2,1
6863,2,0
6864,3,2
6865,2,2
6866,2,2
6867,2,2
6868,3,1
6869,2,2
6870,3,3
6871,3,2
6872,2,2
6873,2,2
6874,3,2
6875,2,1
6876,2,1
6877,2,2
6878,2,2
6879,2,2
6880,2,1
6881,2,1
6882,2,1
6883,2,0
6884,3,3
6885,3,2
6886,2,0
6887,2,1
6888,2,0
6889,2,2
6890,2,2
6891,2,0
6892,2,2
6893,4,4
6894,2,1
6895,4,2
6896,2,1
6897,2,0
6898,2,2
6899,2,0
6900,3,2
6901,4,4
6902,2,2
6903,3,3
6904,3,1
6905,2,2
6906,4,3
6907,2,1
6908,2,2
6909,2,0
6910,2,0
6911,2,0
6912,2,2
6913,2,0
6914,2,1
6915,2,2
6916,2,2
6917,2,0
6918,3,3
6919,2,2
6920,2,1
6921,2,0
6922,2,0
6923,3,2
6924,3,0
6925,2,0
6926,3,3
6927,2,2
6928,3,1
6929,3,3
6930,3,3
6931,3,1
6932,2,1
6933,2,0
6934,2,1
6935,2,2
6936,2,2
6937,2,0
6938,2,2
6939,2,0
6940,3,1
6941,2,1
6942,4,3
6943,3,0
6944,2,0
6945,3,3
6946,4,0
6947,2,1
6948,2,2
6949,2,2
6950,2,0
6951,2,2
6952,2,0
6953,3,1
6954,3,3
6955,3,2
6956,2,1
6957,2,0
6958,2,0
6959,2,0
6960,2,2
6961,2,0
6962,2,0
6963,2,2
6964,2,2
6965,2,2
6966,3,1
6967,4,4
6968,2,2
6969,2,2
6970,3,3
6971,2,0
6972,2,1
6973,4,2
6974,2,2
6975,2,2
6976,2,0
6977,2,2
6978,3,1
6979,3,0
6980,2,2
6981,2,2
6982,3,1
6983,2,2
6984,2,2
6985,2,2
6986,2,2
6987,2,0
6988,2,1
6989,2,2
6990,2,2
6991,3,1
6992,4,2
6993,2,2
6994,2,0
6995,2,0
6996,2,0
6997,2,2
6998,2,2
6999,2,0
7000,4,4
7001,2,2
7002,4,0
7003,2,0
7004,2,0
7005,2,1
7006,3,0
7007,3,0
7008,2,2
7009,2,0
7010,2,2
7011,2,0
7012,2,0
7013,2,0
7014,3,2
7015,3,1
7016,2,2
7017,2,2
7018,3,3
7019,3,3
7020,2,2
7021,2,1
7022,2,2
7023,2,2
7024,4,2
7025,2,2
7026,2,2
7027,2,2
7028,2,0
7029,2,1
7030,2,2
7031,2,1
7032,3,3
7033,3,1
7034,2,1
7035,3,2
7036,2,0
7037,2,1
7038,2,2
7039,2,2
7040,4,2
7041,4,4
7042,2,2
7043,3,3
7044,2,2
7045,2,0
7046,3,1
7047,2,1
7048,2,2
7049,3,3
7050,2,0
7051,2,0
7052,3,0
7053,2,2
7054,2,2
7055,3,0
7056,2,2
7057,2,1
7058,2,1
7059,2,0
7060,2,2
7061,2,2
7062,2,2
7063,2,2
7064,3,3
7065,3,2
7066,3,3
7067,2,0
7068,2,2
7069,3,3
7070,2,2
7071,2,1
7072,2,2
7073,2,0
7074,2,0
7075,2,2
7076,4,3
7077,3,1
7078,2,1
7079,2,2
7080,4,4
7081,2,2
7082,3,2
7083,2,1
7084,2,0
7085,2,2
7086,2,1
7087,2,2
7088,3,1
7089,2,2
7090,3,3
7091,2,1
7092,2,2
7093,2,2
7094,2,2
7095,3,2
7096,2,2
7097,3,2
7098,2,0
7099,2,0
7100,2,2
7101,2,0
7102,3,3
7103,2,0
7104,2,0
7105,4,0
7106,3,2
7107,2,2
7108,2,2
7109,2,2
7110,2,2
7111,3,3
7112,3,1
7113,2,2
7114,3,2
7115,3,2
7116,4,0
7117,2,0
7118,3,1
7119,2,2
7120,2,1
7121,2,1
7122,3,1
7123,3,1
7124,2,1
7125,2,2
7126,2,0
7127,2,2
7128,2,2
7129,3,0
7130,2,0
7131,3,2
7132,2,2
7133,2,0
7134,2,2
7135,2,1
7136,2,0
7137,2,0
7138,3,3
7139,2,1
7140,2,0
7141,4,1
7142,2,0
7143,2,0
7144,2,0
7145,2,1
7146,2,0
7147,2,2
7148,2,2
7149,2,0
7150,2,0
7151,2,2
7152,3,3
7153,2,2
7154,2,0
7155,2,0
7156,2,1
7157,2,0
7158,2,0
7159,3,0
7160,2,0
7161,2,1
7162,2,2
7163,2,0
7164,2,0
7165,2,0
7166,3,1
7167,2,0
7168,2,2
7169,2,0
7170,2,1
7171,2,2
7172,2,2
7173,2,0
7174,2,2
7175,2,2
7176,2,0
7177,2,0
7178,3,3
7179,2,2
7180,3,2
7181,3,3
7182,2,0
7183,3,3
7184,2,0
7185,2,1
7186,2,2
7187,2,2
7188,2,1
7189,2,1
7190,2,1
7191,3,2
7192,3,3
7193,2,2
7194,2,2
7195,2,0
7196,2,2
7197,3,3
7198,2,2
7199,2,2
7200,2,2
7201,3,2
7202,2,0
7203,4,2
7204,2,0
7205,3,3
7206,2,2
7207,2,2
7208,3,3
7209,2,1
7210,2,1
7211,2,2
7212,3,0
7213,2,0
7214,2,2
7215,2,2
7216,2,2
7217,2,0
7218,2,0
7219,2,0
7220,2,1
7221,2,2
7222,3,0
7223,2,2
7224,2,2
7225,2,0
7226,2,0
7227,2,0
7228,2,2
7229,2,1
7230,2,0
7231,2,1
7232,2,2
7233,2,2
7234,3,3
7235,3,3
7236,3,2
7237,2,2
7238,2,0
7239,2,2
7240,2,0
7241,4,3
7242,2,2
7243,2,0
7244,2,2
7245,3,1
7246,2,0
7247,2,2
7248,2,0
7249,2,2
7250,2,2
7251,3,1
7252,2,0
7253,2,2
7254,2,2
7255,2,2
7256,2,1
7257,2,2
7258,2,1
7259,4,4
7260,2,2
7261,3,3
7262,2,2
7263,2,2
7264,2,1
7265,2,0
7266,3,0
7267,2,1
7268,3,1
7269,4,1
7270,2,2
7271,2,2
7272,2,2
7273,2,2
7274,2,2
7275,2,1
7276,2,2
7277,2,2
7278,3,0
7279,3,1
7280,2,2
7281,4,2
7282,2,2
7283,2,0
7284,3,1
7285,3,0
7286,2,0
7287,2,2
7288,2,2
7289,2,2
7290,2,2
7291,2,0
7292,2,0
7293,2,0
7294,3,1
7295,2,0
7296,2,2
7297,3,3
7298,2,2
7299,2,0
7300,2,2
7301,4,1
7302,2,0
7303,3,3
7304,2,2
7305,2,2
7306,2,0
7307,2,0
7308,2,2
7309,2,2
7310,2,0
7311,3,3
7312,2,1
7313,2,0
7314,2,1
7315,2,1
7316,3,3
7317,2,2
7318,3,3
7319,2,0
7320,2,2
7321,2,0
7322,2,2
7323,2,0
7324,2,0
7325,2,2
7326,3,0
7327,2,2
7328,2,2
7329,3,3
7330,3,0
7331,4,2
7332,2,0
7333,3,1
7334,2,2
7335,2,1
7336,2,2
7337,2,2
7338,4,3
7339,2,2
7340,2,2
7341,3,1
7342,3,3
7343,2,0
7344,3,2
7345,3,3
7346,4,3
7347,2,0
7348,3,0
7349,4,0
7350,4,2
7351,2,2
7352,2,0
7353,2,2
7354,2,0
7355,2,1
7356,2,0
7357,2,0
7358,2,2
7359,3,3
7360,2,2
7361,4,4
7362,2,2
7363,2,1
7364,2,2
7365,3,3
7366,3,2
7367,2,0
7368,2,2
7369,3,3
7370,2,0
7371,2,0
7372,2,2
7373,2,1
7374,2,2
7375,2,0
7376,3,3
7377,3,0
7378,2,0
7379,2,2
7380,2,2
7381,4,0
7382,2,2
7383,2,0
7384,2,0
7385,3,3
7386,2,0
7387,2,1
7388,2,1
7389,2,1
7390,2,0
7391,2,2
7392,2,2
7393,3,2
7394,3,0
7395,2,2
7396,2,2
7397,2,2
7398,2,1
7399,2,2
7400,4,2
7401,3,3
7402,2,2
7403,3,1
7404,3,2
7405,2,0
7406,2,1
7407,2,0
7408,3,1
7409,2,2
7410,2,2
7411,3,1
7412,2,2
7413,2,2
7414,3,3
7415,2,2
7416,4,4
7417,3,3
7418,3,1
7419,2,2
7420,3,2
7421,2,2
7422,2,2
7423,2,2
7424,2,1
7425,2,1
7426,4,1
7427,2,2
7428,4,0
7429,2,0
7430,2,2
7431,2,0
7432,2,1
7433,2,0
7434,3,2
7435,4,2
7436,3,3
7437,4,4
7438,2,0
7439,2,2
7440,2,0
7441,2,2
7442,2,0
7443,2,2
7444,3,0
7445,2,2
7446,2,0
7447,2,2
7448,2,0
7449,2,2
7450,2,0
7451,2,2
7452,2,2
7453,2,2
7454,2,2
7455,2,0
7456,2,2
7457,4,1
7458,2,1
7459,4,2
7460,2,1
7461,2,2
7462,3,3
7463,2,2
7464,3,3
7465,2,2
7466,2,0
7467,2,0
7468,3,0
7469,2,2
7470,2,2
7471,2,0
7472,2,2
7473,2,0
7474,2,1
7475,2,0
7476,2,0
7477,2,2
7478,2,0
7479,2,2
7480,2,0
7481,2,2
7482,2,2
7483,2,0
7484,2,0
7485,3,2
7486,4,1
7487,2,0
7488,2,2
7489,2,1
7490,3,2
7491,3,3
7492,2,2
7493,3,3
7494,2,1
7495,2,2
7496,2,2
7497,3,1
7498,2,0
7499,2,2
7500,2,2
7501,2,2
7502,2,0
7503,2,0
7504,4,1
7505,3,1
7506,2,2
7507,2,0
7508,3,3
7509,2,0
7510,2,2
7511,2,2
7512,2,2
7513,2,0
7514,2,2
7515,2,0
7516,2,0
7517,3,2
7518,3,2
7519,2,2
7520,3,1
7521,3,2
7522,2,0
7523,3,2
7524,3,1
7525,3,1
7526,2,2
7527,2,2
7528,2,0
7529,3,3
7530,3,1
7531,2,0
7532,2,0
7533,2,2
7534,2,0
7535,2,1
7536,2,2
7537,3,0
7538,2,1
7539,3,2
7540,2,1
7541,2,2
7542,2,2
7543,3,2
7544,2,2
7545,3,0
7546,2,1
7547,2,2
7548,2,2
7549,2,2
7550,3,3
7551,3,3
7552,2,2
7553,2,0
7554,2,2
7555,2,2
7556,2,2
7557,2,2
7558,2,1
7559,2,0
7560,2,0
7561,2,0
7562,2,2
7563,2,0
7564,2,0
7565,2,2
7566,2,0
7567,3,1
7568,2,2
7569,2,0
7570,2,2
7571,2,2
7572,2,2
7573,4,3
7574,2,0
7575,2,1
7576,2,2
7577,2,0
7578,2,2
7579,2,0
7580,2,0
7581,2,1
7582,2,1
7583,2,2
7584,3,1
7585,2,2
7586,3,3
7587,2,2
7588,3,1
7589,4,3
7590,2,1
7591,3,2
7592,2,2
7593,2,0
7594,2,2
7595,3,2
7596,2,2
7597,4,4
7598,2,2
7599,2,0
7600,2,2
7601,2,1
7602,3,2
7603,2,2
7604,2,0
7605,3,3
7606,2,2
7607,2,1
7608,4,1
7609,2,2
7610,2,0
7611,2,0
7612,2,0
7613,2,0
7614,2,1
7615,2,1
7616,3,3
7617,4,4
7618,3,3
7619,2,1
7620,2,2
7621,2,0
7622,2,1
7623,2,2
7624,2,1
7625,2,1
7626,2,0
7627,3,1
7628,2,1
7629,2,2
7630,2,0
7631,2,1
7632,2,1
7633,2,2
7634,2,2
7635,3,3
7636,2,1
7637,2,1
7638,3,3
7639,3,3
7640,2,0
7641,2,0
7642,3,0
7643,2,2
7644,2,1
7645,2,2
7646,2,2
7647,2,2
7648,2,0
7649,2,2
7650,2,2
7651,3,3
7652,2,2
7653,2,1
7654,2,0
7655,2,0
7656,2,2
7657,2,1
7658,2,2
7659,2,0
7660,3,3
7661,3,1
7662,2,2
7663,2,1
7664,2,0
7665,2,0
7666,3,1
7667,2,0
7668,2,2
7669,3,1
7670,2,0
7671,3,1
7672,2,0
7673,2,2
7674,2,0
7675,2,0
7676,3,3
7677,2,2
7678,2,1
7679,2,0
7680,2,0
7681,3,3
7682,2,2
7683,2,2
7684,2,2
7685,3,2
7686,2,2
7687,4,4
7688,2,0
7689,2,2
7690,2,2
7691,2,1
7692,2,0
7693,2,2
7694,3,0
7695,3,2
7696,2,2
7697,2,2
7698,2,1
7699,2,0
7700,2,2
7701,2,2
7702,3,1
7703,2,0
7704,2,2
7705,3,2
7706,4,3
7707,3,0
7708,2,2
7709,2,0
7710,2,2
7711,4,3
7712,2,2
7713,2,2
7714,3,1
7715,2,0
7716,3,1
7717,2,1
7718,2,0
7719,4,2
7720,2,2
7721,2,2
7722,3,2
7723,2,0
7724,2,0
7725,3,3
7726,3,0
7727,2,1
7728,2,2
7729,2,2
7730,3,1
7731,2,0
7732,2,2
7733,2,2
7734,2,2
7735,2,1
7736,2,0
7737,3,2
7738,2,0
7739,2,2
7740,2,0
7741,2,2
7742,2,2
7743,2,2
7744,3,3
7745,4,0
7746,2,1
7747,4,0
7748,3,3
7749,2,2
7750,2,0
7751,4,4
7752,2,2
7753,2,1
7754,4,4
7755,3,3
7756,3,3
7757,3,1
7758,2,2
7759,2,0
7760,3,2
7761,3,1
7762,2,0
7763,4,4
7764,2,0
7765,2,1
7766,2,1
7767,3,0
7768,2,0
7769,2,2
7770,2,2
7771,4,4
7772,3,1
7773,2,0
7774,2,0
7775,2,1
7776,2,1
7777,2,0
7778,2,0
7779,3,2
7780,2,0
7781,3,2
7782,2,2
7783,2,0
7784,2,2
7785,2,2
7786,2,2
7787,3,3
7788,2,0
7789,2,1
7790,2,2
7791,3,1
7792,2,0
7793,2,1
7794,2,2
7795,2,0
7796,3,1
7797,2,0
7798,2,1
7799,2,0
7800,2,2
7801,2,2
7802,2,2
7803,2,1
7804,2,0
7805,4,1
7806,2,2
7807,2,1
7808,2,0
7809,2,2
7810,2,2
7811,3,3
7812,2,2
7813,2,2
7814,2,2
7815,3,2
7816,2,1
7817,2,1
7818,2,0
7819,2,0
7820,2,2
7821,3,3
7822,4,2
7823,3,2
7824,2,0
7825,3,0
7826,2,1
7827,2,0
7828,2,2
7829,2,2
7830,2,0
7831,2,2
7832,2,0
7833,2,0
7834,2,2
7835,2,2
7836,2,2
7837,2,0
7838,3,3
7839,2,2
7840,2,0
7841,2,1
7842,2,0
7843,2,1
7844,2,1
7845,4,3
7846,2,0
7847,2,2
7848,2,2
7849,4,2
7850,2,0
7851,2,1
7852,2,0
7853,2,1
7854,2,2
7855,3,3
7856,4,1
7857,2,0
7858,2,0
7859,3,2
7860,2,2
7861,3,3
7862,2,2
7863,2,1
7864,4,3
7865,2,2
7866,3,3
7867,2,2
7868,3,0
7869,2,2
7870,2,2
7871,3,0
7872,2,2
7873,3,3
7874,2,2
7875,4,2
7876,2,1
7877,3,2
7878,2,2
7879,2,2
7880,3,1
7881,2,0
7882,3,2
7883,2,0
7884,2,2
7885,2,2
7886,2,1
7887,2,0
7888,2,2
7889,2,2
7890,2,2
7891,2,2
7892,3,1
7893,2,2
7894,3,1
7895,2,2
7896,2,2
7897,2,2
7898,2,2
7899,2,0
7900,2,0
7901,2,0
7902,3,1
7903,2,0
7904,4,0
7905,2,0
7906,2,2
7907,2,0
7908,2,1
7909,3,0
7910,2,0
7911,3,1
7912,3,0
7913,2,1
7914,2,2
7915,3,0
7916,3,0
7917,4,0
7918,2,0
7919,2,2
7920,2,1
7921,2,0
7922,2,2
7923,2,2
7924,2,0
7925,2,0
7926,2,1
7927,2,0
7928,4,4
7929,2,1
7930,4,4
7931,2,1
7932,3,3
7933,2,2
7934,2,2
7935,2,1
7936,2,0
7937,2,2
7938,3,3
7939,2,2
7940,3,0
7941,2,2
7942,2,2
7943,2,2
7944,2,2
7945,2,0
7946,2,1
7947,2,2
7948,2,0
7949,3,1
7950,2,1
7951,2,0
7952,2,2
7953,3,1
7954,2,0
7955,2,0
7956,2,2
7957,2,2
7958,2,2
7959,2,1
7960,2,2
7961,2,0
7962,2,2
7963,2,2
7964,3,0
7965,2,2
7966,2,2
7967,2,2
7968,2,2
7969,2,0
7970,2,2
7971,4,2
7972,2,0
7973,2,0
7974,4,1
7975,4,2
7976,2,2
7977,3,3
7978,2,2
7979,2,2
7980,2,1
7981,2,2
7982,3,1
7983,2,0
7984,3,0
7985,2,2
7986,2,2
7987,2,2
7988,2,0
7989,2,1
7990,2,2
7991,2,0
7992,2,2
7993,2,2
7994,4,3
7995,2,0
7996,3,3
7997,3,0
7998,3,3
7999,2,1
8000,2,1
8001,2,2
8002,2,0
8003,2,0
8004,2,1
8005,2,2
8006,2,0
8007,3,3
8008,4,2
8009,2,2
8010,2,2
8011,2,2
8012,2,2
8013,4,4
8014,2,0
8015,3,1
8016,2,2
8017,2,2
8018,3,3
8019,2,0
8020,3,2
8021,2,1
8022,2,1
8023,2,2
8024,3,2
8025,3,3
8026,3,1
8027,2,1
8028,2,1
8029,3,3
8030,2,2
8031,2,2
8032,2,2
8033,2,2
8034,3,2
8035,4,4
8036,2,2
8037,4,3
8038,2,1
8039,2,2
8040,2,1
8041,2,0
8042,2,2
8043,2,0
8044,4,3
8045,3,3
8046,3,2
8047,2,0
8048,2,1
8049,2,2
8050,4,4
8051,2,2
8052,2,1
8053,3,2
8054,2,2
8055,2,0
8056,2,2
8057,2,0
8058,2,0
8059,2,0
8060,2,0
8061,2,0
8062,3,0
8063,3,2
8064,2,0
8065,2,1
8066,2,2
8067,4,3
8068,2,0
8069,2,0
8070,2,1
8071,2,2
8072,2,1
8073,2,1
8074,3,3
8075,2,2
8076,2,2
8077,2,2
8078,3,3
8079,2,0
8080,3,1
8081,2,2
8082,2,2
8083,2,0
8084,3,3
8085,2,2
8086,2,2
8087,2,0
8088,2,1
8089,2,2
8090,2,0
8091,2,2
8092,2,2
8093,2,0
8094,2,2
8095,2,0
8096,2,0
8097,2,2
8098,3,2
8099,2,0
8100,2,1
8101,2,2
8102,3,3
8103,2,1
8104,3,0
8105,2,1
8106,4,3
8107,2,2
8108,2,2
8109,2,2
8110,2,2
8111,2,1
8112,2,2
8113,3,1
8114,2,0
8115,3,2
8116,2,0
8117,2,2
8118,2,2
8119,2,0
8120,2,2
8121,3,2
8122,2,1
8123,3,3
8124,2,2
8125,3,1
8126,2,1
8127,2,0
8128,4,1
8129,2,2
8130,2,2
8131,2,2
8132,2,0
8133,3,3
8134,2,1
8135,2,2
8136,3,2
8137,2,2
8138,3,0
8139,3,1
8140,3,1
8141,2,2
8142,2,0
8143,2,2
8144,2,0
8145,2,2
8146,2,0
8147,4,3
8148,2,2
8149,4,3
8150,2,2
8151,2,1
8152,2,2
8153,3,0
8154,2,2
8155,3,2
8156,3,3
8157,3,3
8158,2,0
8159,4,2
8160,2,0
8161,2,1
8162,2,2
8163,2,0
8164,2,0
8165,3,3
8166,2,0
8167,2,0
8168,2,0
8169,2,0
8170,3,1
8171,3,3
8172,3,1
8173,2,2
8174,2,0
8175,2,2
8176,2,2
8177,3,3
8178,2,2
8179,2,0
8180,2,2
8181,2,1
8182,2,2
8183,2,0
8184,2,1
8185,2,0
8186,3,1
8187,2,0
8188,3,0
8189,2,1
8190,2,2
8191,2,0
8192,2,0
8193,2,2
8194,2,0
8195,2,2
8196,2,0
8197,2,2
8198,2,2
8199,3,1
8200,2,1
8201,2,0
8202,2,2
8203,2,0
8204,2,2
8205,2,0
8206,2,0
8207,2,0
8208,2,0
8209,2,2
8210,2,2
8211,3,1
8212,2,0
8213,3,0
8214,2,0
8215,2,2
8216,2,0
8217,2,0
8218,3,0
8219,2,1
8220,2,2
8221,3,2
8222,4,2
8223,2,0
8224,2,2
8225,3,2
8226,2,0
8227,2,0
8228,4,4
8229,4,4
8230,2,1
8231,2,0
8232,2,0
8233,3,3
8234,2,0
8235,2,1
8236,2,2
8237,2,0
8238,3,2
8239,2,2
8240,4,0
8241,2,2
8242,2,0
8243,2,0
8244,2,2
8245,2,2
8246,2,2
8247,2,2
8248,2,1
8249,4,1
8250,2,2
8251,3,2
8252,2,2
8253,4,0
8254,2,0
8255,2,1
8256,2,0
8257,3,1
8258,2,2
8259,2,0
8260,2,1
8261,3,2
8262,3,3
8263,3,2
8264,2,2
8265,2,2
8266,2,1
8267,2,2
8268,2,1
8269,2,1
8270,2,0
8271,2,2
8272,2,0
8273,3,1
8274,2,2
8275,2,2
8276,2,0
8277,3,3
8278,2,2
8279,4,4
8280,2,2
8281,2,0
8282,2,2
8283,4,2
8284,3,1
8285,2,2
8286,2,2
8287,3,1
8288,2,2
8289,2,2
8290,2,2
8291,2,0
8292,2,0
8293,2,2
8294,2,2
8295,3,3
8296,4,2
8297,2,2
8298,4,1
8299,2,1
8300,2,2
8301,2,2
8302,2,2
8303,2,2
8304,2,0
8305,2,2
8306,4,2
8307,2,1
8308,2,2
8309,2,2
8310,2,2
8311,4,0
8312,2,2
8313,2,1
8314,2,2
8315,2,2
8316,4,2
8317,2,0
8318,2,2
8319,2,1
8320,2,0
8321,3,1
8322,2,2
8323,2,0
8324,3,1
8325,2,2
8326,3,3
8327,3,1
8328,2,1
8329,2,1
8330,2,2
8331,2,0
8332,3,3
8333,2,2
8334,2,0
8335,2,0
8336,2,2
8337,2,2
8338,2,1
8339,3,3
8340,2,2
8341,2,2
8342,4,3
8343,2,2
8344,2,0
8345,2,0
8346,2,1
8347,2,1
8348,2,2
8349,2,2
8350,3,2
8351,2,0
8352,2,2
8353,3,0
8354,2,2
8355,2,2
8356,2,2
8357,2,2
8358,2,2
8359,2,0
8360,2,1
8361,2,1
8362,2,0
8363,2,1
8364,2,2
8365,2,2
8366,2,2
8367,2,2
8368,2,2
8369,3,0
8370,3,1
8371,2,2
8372,2,0
8373,2,2
8374,2,1
8375,2,2
8376,3,1
8377,2,0
8378,3,1
8379,2,1
8380,2,1
8381,2,1
8382,2,0
8383,2,2
8384,3,1
8385,4,2
8386,2,2
8387,2,1
8388,4,2
8389,2,1
8390,2,2
8391,2,2
8392,2,2
8393,2,2
8394,2,0
8395,3,3
8396,2,0
8397,2,1
8398,3,1
8399,3,3
8400,2,0
8401,2,0
8402,2,0
8403,2,1
8404,2,2
8405,2,1
8406,3,1
8407,2,0
8408,2,0
8409,3,3
8410,2,1
8411,2,0
8412,3,3
8413,2,0
8414,2,2
8415,3,1
8416,2,2
8417,2,2
8418,2,2
8419,3,3
8420,2,0
8421,3,3
8422,2,2
8423,2,0
8424,2,2
8425,2,2
8426,2,1
8427,2,1
8428,2,0
8429,2,0
8430,3,3
8431,2,0
8432,2,1
8433,2,2
8434,2,1
8435,2,0
8436,3,1
8437,3,2
8438,3,1
8439,4,0
8440,2,1
8441,3,3
8442,2,2
8443,2,2
8444,4,4
8445,3,1
8446,2,2
8447,2,2
8448,3,3
8449,2,2
8450,2,0
8451,2,1
8452,2,1
8453,2,2
8454,2,2
8455,2,2
8456,2,0
8457,2,0
8458,2,2
8459,3,0
8460,3,2
8461,3,2
8462,3,3
8463,2,2
8464,2,2
8465,3,0
8466,2,2
8467,2,1
8468,2,2
8469,2,1
8470,3,1
8471,2,2
8472,2,2
8473,2,0
8474,2,0
8475,2,1
8476,3,3
8477,2,2
8478,2,1
8479,2,2
8480,2,1
8481,2,0
8482,2,0
8483,2,0
8484,2,2
8485,2,2
8486,2,2
8487,3,1
8488,3,1
8489,3,2
8490,3,3
8491,3,3
8492,2,0
8493,2,0
8494,2,0
8495,3,2
8496,2,1
8497,2,0
8498,3,2
8499,2,1
8500,2,0
8501,2,0
8502,2,2
8503,2,0
8504,3,1
8505,2,2
8506,2,2
8507,4,1
8508,3,3
8509,2,0
8510,2,2
8511,2,0
8512,2,0
8513,3,3
8514,3,2
8515,3,2
8516,4,2
8517,2,2
8518,4,4
8519,2,0
8520,2,2
8521,3,2
8522,2,2
8523,2,0
8524,2,2
8525,2,2
8526,2,1
8527,2,2
8528,3,1
8529,3,3
8530,2,2
8531,2,1
8532,4,2
8533,2,0
8534,2,1
8535,3,1
8536,2,2
8537,2,0
8538,2,0
8539,2,0
8540,2,2
8541,2,2
8542,2,0
8543,2,1
8544,2,2
8545,2,0
8546,2,1
8547,2,2
8548,2,2
8549,2,1
8550,2,1
8551,3,1
8552,2,2
8553,2,0
8554,4,0
8555,2,0
8556,2,1
8557,2,2
8558,2,2
8559,2,2
8560,2,2
8561,3,2
8562,2,0
8563,2,2
8564,2,2
8565,4,3
8566,2,2
8567,2,1
8568,3,0
8569,4,2
8570,2,0
8571,2,1
8572,2,2
8573,2,2
8574,2,0
8575,3,3
8576,2,0
8577,3,3
8578,2,0
8579,2,0
8580,4,4
8581,3,1
8582,2,2
8583,2,1
8584,2,2
8585,3,3
8586,4,0
8587,2,2
8588,2,2
8589,2,1
8590,3,1
8591,2,0
8592,2,1
8593,2,1
8594,2,2
8595,2,2
8596,2,1
8597,2,0
8598,2,2
8599,2,2
8600,2,0
8601,2,2
8602,3,2
8603,2,0
8604,3,1
8605,2,0
8606,2,1
8607,2,1
8608,4,4
8609,2,1
8610,3,0
8611,2,2
8612,2,1
8613,4,1
8614,2,2
8615,3,1
8616,2,1
8617,2,1
8618,2,1
8619,2,0
8620,2,2
8621,2,1
8622,2,2
8623,2,0
8624,2,1
8625,2,2
8626,3,1
8627,2,2
8628,2,2
8629,2,1
8630,3,1
8631,2,2
8632,3,2
8633,2,2
8634,2,1
8635,2,2
8636,2,0
8637,2,1
8638,3,3
8639,2,1
8640,2,0
8641,2,2
8642,2,2
8643,2,0
8644,2,2
8645,2,2
8646,2,2
8647,2,0
8648,2,0
8649,2,1
8650,2,2
8651,3,1
8652,2,0
8653,2,2
8654,2,0
8655,3,3
8656,4,2
8657,2,0
8658,2,2
8659,2,1
8660,2,2
8661,2,2
8662,2,0
8663,3,1
8664,2,2
8665,2,0
8666,4,2
8667,2,2
8668,2,2
8669,2,1
8670,2,0
8671,3,0
8672,3,2
8673,2,1
8674,2,0
8675,2,2
8676,3,3
8677,2,2
8678,2,2
8679,3,1
8680,2,2
8681,2,2
8682,4,2
8683,2,0
8684,2,2
8685,2,2
8686,2,2
8687,2,2
8688,3,2
8689,3,3
8690,2,2
8691,4,3
8692,2,1
8693,3,1
8694,3,3
8695,4,4
8696,2,2
8697,2,0
8698,4,4
8699,2,0
8700,2,1
8701,2,0
8702,2,0
8703,2,0
8704,2,1
8705,2,2
8706,2,0
8707,2,1
8708,2,0
8709,2,2
8710,2,1
8711,2,0
8712,2,2
8713,2,0
8714,2,2
8715,2,0
8716,3,2
8717,2,0
8718,2,2
8719,4,3
8720,2,0
8721,2,2
8722,3,1
8723,3,0
8724,3,3
8725,2,2
8726,2,2
8727,3,3
8728,3,2
8729,2,0
8730,2,1
8731,2,0
8732,4,3
8733,2,2
8734,4,0
8735,2,2
8736,2,0
8737,4,2
8738,2,0
8739,2,0
8740,2,2
8741,2,0
8742,2,2
8743,2,2
8744,2,2
8745,2,0
8746,2,2
8747,3,2
8748,2,0
8749,4,0
8750,3,1
8751,2,1
8752,2,2
8753,2,2
8754,3,0
8755,3,2
8756,3,3
8757,2,0
8758,2,1
8759,3,1
8760,2,1
8761,2,0
8762,2,0
8763,2,0
8764,3,0
8765,2,1
8766,4,4
8767,3,3
8768,2,0
8769,2,2
8770,4,4
8771,3,3
8772,3,2
8773,2,2
8774,2,0
8775,2,1
8776,2,0
8777,3,2
8778,3,0
8779,2,0
8780,4,1
8781,2,1
8782,2,0
8783,2,0
8784,4,3
8785,2,1
8786,3,1
8787,2,0
8788,2,1
8789,2,0
8790,2,2
8791,2,0
8792,3,0
8793,4,4
8794,2,1
8795,2,2
8796,2,2
8797,4,2
8798,2,2
8799,2,2
8800,2,1
8801,2,2
8802,2,2
8803,2,0
8804,2,1
8805,3,2
8806,2,0
8807,2,2
8808,2,0
8809,2,1
8810,2,2
8811,2,0
8812,2,0
8813,2,2
8814,2,0
8815,2,0
8816,3,1
8817,2,2
8818,2,1
8819,3,1
8820,2,0
8821,3,2
8822,2,1
8823,4,2
8824,2,2
8825,2,0
8826,3,3
8827,2,2
8828,2,2
8829,3,3
8830,2,0
8831,2,0
8832,2,2
8833,3,1
8834,2,1
8835,2,2
8836,2,2
8837,2,1
8838,2,2
8839,2,2
8840,2,2
8841,2,1
8842,3,3
8843,2,1
8844,2,0
8845,3,1
8846,3,0
8847,3,2
8848,2,0
8849,2,0
8850,2,2
8851,2,2
8852,2,2
8853,2,1
8854,3,1
8855,2,0
8856,3,3
8857,3,3
8858,2,0
8859,3,2
8860,2,2
8861,2,2
8862,3,3
8863,2,0
8864,2,1
8865,2,2
8866,3,2
8867,2,0
8868,2,0
8869,2,1
8870,2,2
8871,2,2
8872,3,0
8873,4,2
8874,3,3
8875,4,2
8876,2,2
8877,2,0
8878,3,1
8879,3,0
8880,3,0
8881,2,2
8882,2,2
8883,2,2
8884,2,0
8885,2,0
8886,4,0
8887,3,3
8888,3,1
8889,2,0
8890,3,3
8891,3,1
8892,2,1
8893,3,1
8894,2,2
8895,3,1
8896,4,3
8897,2,1
8898,4,2
8899,2,0
8900,2,0
8901,2,0
8902,2,0
8903,2,2
8904,2,0
8905,3,3
8906,3,3
8907,2,0
8908,2,0
8909,2,0
8910,2,0
8911,2,2
8912,2,2
8913,2,0
8914,3,2
8915,2,2
8916,2,2
8917,2,0
8918,2,2
8919,2,2
8920,3,3
8921,3,3
8922,2,1
8923,2,1
8924,3,1
8925,2,2
8926,2,2
8927,2,2
8928,2,0
8929,2,2
8930,3,2
8931,2,2
8932,2,2
8933,3,0
8934,4,0
8935,3,3
8936,2,2
8937,2,2
8938,2,1
8939,2,0
8940,2,1
8941,2,2
8942,3,3
8943,3,3
8944,2,2
8945,3,1
8946,4,0
8947,3,3
8948,2,0
8949,2,0
8950,3,3
8951,2,2
8952,3,3
8953,3,0
8954,2,0
8955,2,2
8956,2,2
8957,3,3
8958,2,0
8959,2,1
8960,2,0
8961,2,0
8962,4,0
8963,2,1
8964,2,0
8965,2,2
8966,2,0
8967,2,2
8968,2,0
8969,2,0
8970,2,2
8971,3,3
8972,2,2
8973,2,2
8974,2,2
8975,3,0
8976,3,3
8977,2,0
8978,2,0
8979,2,1
8980,3,1
8981,2,0
8982,2,1
8983,3,0
8984,2,0
8985,2,2
8986,3,3
8987,3,1
8988,2,2
8989,3,3
8990,2,2
8991,2,1
8992,2,2
8993,2,2
8994,3,3
8995,3,2
8996,4,0
8997,4,2
8998,3,3
8999,2,0
9000,4,3
9001,3,1
9002,3,0
9003,2,1
9004,3,3
9005,2,1
9006,2,2
9007,2,2
9008,2,1
9009,2,0
9010,2,0
9011,2,2
9012,2,0
9013,2,0
9014,3,2
9015,2,1
9016,2,2
9017,3,3
9018,2,2
9019,2,0
9020,3,3
9021,2,0
9022,2,1
9023,2,0
9024,2,1
9025,2,0
9026,2,0
9027,3,1
9028,2,2
9029,3,2
9030,2,2
9031,2,2
9032,3,2
9033,2,0
9034,2,0
9035,2,2
9036,2,1
9037,3,1
9038,2,0
9039,2,0
9040,3,0
9041,3,3
9042,2,1
9043,2,2
9044,2,0
9045,3,3
9046,3,2
9047,4,3
9048,2,2
9049,2,1
9050,2,2
9051,2,0
9052,2,0
9053,2,2
9054,2,2
9055,3,1
9056,2,1
9057,2,0
9058,2,2
9059,3,1
9060,3,3
9061,2,2
9062,2,2
9063,2,2
9064,3,3
9065,3,2
9066,2,0
9067,2,0
9068,2,1
9069,2,0
9070,2,0
9071,4,3
9072,2,2
9073,2,2
9074,2,1
9075,2,0
9076,3,2
9077,2,2
9078,2,1
9079,2,0
9080,3,0
9081,2,2
9082,2,0
9083,2,0
9084,2,2
9085,2,2
9086,2,2
9087,3,0
9088,3,2
9089,2,0
9090,2,2
9091,2,0
9092,2,0
9093,3,2
9094,2,2
9095,2,2
9096,2,0
9097,2,2
9098,3,1
9099,2,2
9100,3,2
9101,2,2
9102,4,2
9103,2,2
9104,2,0
9105,2,0
9106,2,1
9107,2,0
9108,2,2
9109,3,1
9110,3,3
9111,3,1
9112,2,2
9113,2,2
9114,2,2
9115,2,0
9116,2,0
9117,3,2
9118,2,1
9119,2,2
9120,4,1
9121,2,1
9122,3,2
9123,4,4
9124,2,2
9125,2,2
9126,2,2
9127,2,1
9128,2,1
9129,2,1
9130,4,2
9131,2,0
9132,2,1
9133,2,2
9134,2,0
9135,2,1
9136,2,2
9137,2,0
9138,2,2
9139,2,2
9140,2,2
9141,3,1
9142,2,2
9143,2,0
9144,2,0
9145,2,2
9146,3,1
9147,3,0
9148,2,1
9149,4,4
9150,2,2
9151,2,1
9152,2,2
9153,2,2
9154,2,2
9155,2,0
9156,2,1
9157,2,2
9158,2,1
9159,2,2
9160,3,1
9161,2,1
9162,2,2
9163,2,0
9164,3,1
9165,3,3
9166,2,2
9167,2,2
9168,3,1
9169,2,0
9170,2,2
9171,2,0
9172,4,4
9173,2,1
9174,2,2
9175,2,2
9176,2,2
9177,3,1
9178,2,0
9179,2,1
9180,2,2
9181,2,0
9182,2,2
9183,2,1
9184,3,3
9185,2,1
9186,2,1
9187,2,2
9188,2,1
9189,2,2
9190,2,1
9191,4,2
9192,3,3
9193,3,3
9194,2,2
9195,2,0
9196,2,0
9197,2,2
9198,3,1
9199,2,1
9200,2,0
9201,2,0
9202,3,0
9203,3,3
9204,2,2
9205,2,0
9206,4,4
9207,2,2
9208,2,2
9209,3,3
9210,2,0
9211,3,3
9212,2,2
9213,2,2
9214,2,0
9215,3,0
9216,2,2
9217,2,1
9218,4,4
9219,3,0
9220,3,2
9221,4,2
9222,2,1
9223,3,0
9224,2,2
9225,2,0
9226,2,1
9227,2,0
9228,2,0
9229,2,2
9230,3,2
9231,3,0
9232,3,3
9233,3,2
9234,2,1
9235,2,2
9236,2,2
9237,3,3
9238,2,2
9239,2,0
9240,2,0
9241,4,1
9242,3,3
9243,2,2
9244,3,1
9245,2,2
9246,2,0
9247,3,3
9248,3,2
9249,2,1
9250,2,1
9251,2,2
9252,3,3
9253,3,0
9254,3,3
9255,2,1
9256,2,2
9257,2,2
9258,2,2
9259,2,0
9260,2,2
9261,4,2
9262,2,1
9263,2,0
9264,3,2
9265,2,2
9266,2,2
9267,2,0
9268,2,2
9269,2,0
9270,2,2
9271,3,0
9272,2,0
9273,2,1
9274,2,1
9275,2,2
9276,2,2
9277,2,0
9278,2,0
9279,2,1
9280,2,2
9281,3,2
9282,3,0
9283,3,1
9284,2,1
9285,2,1
9286,2,1
9287,2,2
9288,3,3
9289,3,1
9290,2,2
9291,2,0
9292,2,2
9293,2,2
9294,4,0
9295,2,2
9296,2,2
9297,2,2
9298,2,1
9299,2,2
9300,2,0
9301,2,2
9302,2,1
9303,2,2
9304,2,0
9305,3,2
9306,3,3
9307,2,0
9308,2,2
9309,2,0
9310,3,1
9311,3,0
9312,2,0
9313,3,2
9314,3,2
9315,2,1
9316,2,2
9317,3,3
9318,3,3
9319,2,2
9320,2,2
9321,2,2
9322,3,2
9323,2,2
9324,2,2
9325,2,2
9326,2,0
9327,2,2
9328,2,0
9329,4,2
9330,2,2
9331,2,2
9332,2,1
9333,2,1
9334,2,1
9335,2,0
9336,2,1
9337,2,2
9338,2,1
9339,4,1
9340,2,0
9341,2,2
9342,2,1
9343,2,2
9344,4,4
9345,2,2
9346,2,2
9347,2,2
9348,2,2
9349,2,1
9350,2,1
9351,2,0
9352,2,0
9353,3,0
9354,2,2
9355,2,2
9356,3,0
9357,2,1
9358,2,2
9359,3,3
9360,3,1
9361,2,0
9362,2,2
9363,2,0
9364,2,0
9365,2,2
9366,2,2
9367,4,2
9368,3,1
9369,2,2
9370,2,2
9371,2,0
9372,3,1
9373,3,3
9374,3,2
9375,2,0
9376,2,2
9377,3,3
9378,3,3
9379,2,1
9380,2,2
9381,3,2
9382,2,2
9383,2,1
9384,4,1
9385,2,2
9386,2,2
9387,2,2
9388,3,3
9389,2,0
9390,3,3
9391,2,2
9392,2,0
9393,2,0
9394,2,2
9395,3,2
9396,3,3
9397,2,2
9398,2,1
9399,2,0
9400,2,0
9401,2,0
9402,2,0
9403,2,2
9404,4,3
9405,2,0
9406,2,0
9407,2,2
9408,2,2
9409,2,1
9410,3,3
9411,2,1
9412,2,1
9413,2,2
9414,2,2
9415,3,1
9416,3,2
9417,2,0
9418,2,0
9419,2,2
9420,2,2
9421,2,0
9422,2,1
9423,3,2
9424,2,2
9425,2,2
9426,2,2
9427,2,0
9428,2,2
9429,4,1
9430,2,0
9431,2,2
9432,2,1
9433,2,0
9434,2,1
9435,2,2
9436,3,3
9437,2,1
9438,2,1
9439,2,1
9440,2,2
9441,2,1
9442,2,2
9443,2,2
9444,2,0
9445,2,2
9446,4,0
9447,3,3
9448,3,3
9449,3,1
9450,2,0
9451,2,1
9452,3,0
9453,2,1
9454,2,1
9455,2,0
9456,2,0
9457,3,3
9458,2,0
9459,4,3
9460,3,1
9461,2,0
9462,2,2
9463,2,0
9464,2,2
9465,2,0
9466,2,2
9467,2,1
9468,2,0
9469,2,2
9470,2,0
9471,3,3
9472,2,2
9473,2,0
9474,2,0
9475,4,4
9476,2,1
9477,2,0
9478,2,2
9479,2,0
9480,2,0
9481,2,2
9482,2,1
9483,4,2
9484,2,1
9485,2,1
9486,4,0
9487,3,0
9488,2,1
9489,2,2
9490,3,0
9491,2,0
9492,2,1
9493,2,1
9494,3,1
9495,2,2
9496,2,2
9497,3,1
9498,4,0
9499,2,2
9500,2,2
9501,2,0
9502,2,0
9503,3,0
9504,2,0
9505,2,0
9506,2,0
9507,3,3
9508,2,1
9509,2,0
9510,2,2
9511,2,1
9512,2,2
9513,2,0
9514,3,1
9515,2,1
9516,2,0
9517,2,2
9518,4,2
9519,4,3
9520,2,1
9521,2,2
9522,3,3
9523,2,2
9524,2,1
9525,2,0
9526,3,3
9527,2,2
9528,3,1
9529,2,2
9530,3,0
9531,4,4
9532,3,3
9533,4,0
9534,2,2
9535,2,2
9536,2,2
9537,2,1
9538,2,2
9539,2,2
9540,2,1
9541,2,1
9542,2,2
9543,3,3
9544,2,0
9545,2,1
9546,2,2
9547,4,0
9548,2,1
9549,2,2
9550,2,2
9551,2,2
9552,4,4
9553,3,1
9554,3,3
9555,2,1
9556,2,0
9557,3,3
9558,2,2
9559,2,2
9560,2,1
9561,2,2
9562,2,2
9563,2,0
9564,2,0
9565,2,0
9566,2,2
9567,2,2
9568,4,4
9569,2,0
9570,2,0
9571,2,2
9572,3,1
9573,2,2
9574,2,2
9575,2,1
9576,2,2
9577,2,0
9578,2,2
9579,2,2
9580,2,2
9581,4,2
9582,3,2
9583,4,2
9584,2,2
9585,2,1
9586,2,0
9587,2,2
9588,2,0
9589,2,2
9590,2,2
9591,2,0
9592,2,1
9593,2,0
9594,2,2
9595,2,2
9596,2,0
9597,3,1
9598,2,2
9599,2,0
9600,2,1
9601,2,2
9602,2,2
9603,2,2
9604,2,0
9605,4,4
9606,2,0
9607,2,1
9608,2,0
9609,2,2
9610,2,1
9611,3,0
9612,2,1
9613,3,3
9614,2,2
9615,2,2
9616,2,2
9617,4,3
9618,2,0
9619,2,0
9620,2,2
9621,2,0
9622,2,1
9623,2,1
9624,4,4
9625,2,0
9626,2,0
9627,2,1
9628,3,1
9629,3,1
9630,2,0
9631,2,0
9632,3,3
9633,2,0
9634,2,0
9635,2,1
9636,3,3
9637,2,1
9638,2,2
9639,2,0
9640,2,2
9641,2,2
9642,2,0
9643,2,2
9644,2,2
9645,3,2
9646,2,2
9647,2,2
9648,2,0
9649,3,3
9650,3,3
9651,2,0
9652,2,1
9653,2,2
9654,2,0
9655,2,2
9656,2,0
9657,2,0
9658,3,3
9659,2,0
9660,3,2
9661,2,2
9662,2,2
9663,3,0
9664,2,0
9665,2,0
9666,2,0
9667,2,2
9668,3,2
9669,3,0
9670,2,2
9671,2,2
9672,2,2
9673,2,0
9674,2,2
9675,2,2
9676,2,2
9677,2,2
9678,2,0
9679,2,0
9680,2,0
9681,2,0
9682,3,1
9683,3,3
9684,2,2
9685,2,0
9686,3,0
9687,2,0
9688,2,1
9689,2,0
9690,2,0
9691,3,2
9692,2,2
9693,2,0
9694,3,3
9695,2,1
9696,3,3
9697,2,2
9698,2,2
9699,2,2
9700,2,0
9701,2,1
9702,3,3
9703,2,1
9704,2,1
9705,3,1
9706,3,1
9707,2,2
9708,2,0
9709,2,0
9710,2,2
9711,2,0
9712,3,1
9713,3,1
9714,2,1
9715,2,0
9716,3,0
9717,2,2
9718,2,0
9719,4,2
9720,2,0
9721,2,2
9722,3,0
9723,2,2
9724,3,0
9725,3,1
9726,3,3
9727,2,2
9728,3,3
9729,2,1
9730,3,3
9731,2,0
9732,4,0
9733,3,3
9734,2,1
9735,2,0
9736,3,0
9737,2,2
9738,2,2
9739,2,2
9740,3,3
9741,2,0
9742,2,2
9743,2,1
9744,2,2
9745,2,2
9746,2,1
9747,2,2
9748,2,0
9749,4,3
9750,3,3
9751,2,2
9752,3,3
9753,4,4
9754,3,2
9755,3,0
9756,2,2
9757,3,3
9758,2,1
9759,2,0
9760,3,3
9761,2,2
9762,2,1
9763,3,0
9764,2,1
9765,2,2
9766,3,1
9767,3,1
9768,2,0
9769,2,1
9770,2,0
9771,2,1
9772,2,1
9773,2,2
9774,4,2
9775,4,4
9776,4,1
9777,2,1
9778,3,3
9779,2,2
9780,2,0
9781,2,2
9782,2,2
9783,3,2
9784,2,1
9785,2,2
9786,2,0
9787,2,1
9788,2,2
9789,4,3
9790,2,0
9791,2,0
9792,2,1
9793,2,2
9794,2,0
9795,2,2
9796,2,2
9797,2,0
9798,2,0
9799,2,2
9800,2,0
9801,2,2
9802,3,3
9803,4,2
9804,2,1
9805,2,2
9806,2,2
9807,2,1
9808,2,0
9809,2,2
9810,2,1
9811,2,1
9812,2,1
9813,3,1
9814,2,1
9815,3,1
9816,3,3
9817,2,2
9818,3,1
9819,2,1
9820,2,2
9821,2,2
9822,4,2
9823,2,1
9824,2,2
9825,2,0
9826,2,2
9827,2,2
9828,2,1
9829,2,2
9830,2,0
9831,2,0
9832,2,0
9833,3,2
9834,3,1
9835,2,2
9836,2,0
9837,2,1
9838,2,1
9839,3,2
9840,2,2
9841,2,2
9842,2,2
9843,3,3
9844,3,1
9845,2,2
9846,2,2
9847,2,1
9848,2,2
9849,4,4
9850,2,2
9851,2,2
9852,2,0
9853,3,2
9854,2,0
9855,2,0
9856,2,2
9857,2,2
9858,2,2
9859,2,0
9860,2,2
9861,2,0
9862,2,0
9863,3,1
9864,2,2
9865,2,0
9866,3,3
9867,2,0
9868,4,3
9869,2,1
9870,4,2
9871,2,1
9872,2,1
9873,2,2
9874,2,0
9875,2,0
9876,2,0
9877,2,0
9878,2,1
9879,2,0
9880,3,2
9881,4,2
9882,3,3
9883,2,2
9884,2,2
9885,3,2
9886,3,1
9887,2,0
9888,2,1
9889,2,0
9890,3,2
9891,3,0
9892,2,1
9893,2,2
9894,2,0
9895,2,2
9896,2,0
9897,2,2
9898,3,1
9899,4,3
9900,2,1
9901,3,3
9902,2,2
9903,3,3
9904,2,2
9905,2,2
9906,2,2
9907,2,0
9908,3,3
9909,2,2
9910,2,2
9911,2,2
9912,4,1
9913,2,2
9914,2,2
9915,2,2
9916,2,2
9917,2,0
9918,3,3
9919,2,1
9920,2,0
9921,2,0
9922,2,0
9923,3,3
9924,2,1
9925,2,1
9926,2,2
9927,2,2
9928,3,3
9929,2,1
9930,3,3
9931,3,1
9932,3,3
9933,2,2
9934,2,0
9935,4,2
9936,3,1
9937,2,0
9938,2,0
9939,2,1
9940,2,2
9941,2,2
9942,2,2
9943,2,2
9944,2,0
9945,4,2
9946,2,2
9947,2,0
9948,2,2
9949,2,2
9950,2,2
9951,2,2
9952,2,0
9953,2,2
9954,2,1
9955,3,3
9956,2,0
9957,2,0
9958,2,1
9959,2,0
9960,4,4
9961,2,2
9962,2,1
9963,2,0
9964,3,2
9965,2,2
9966,4,1
9967,2,0
9968,2,0
9969,2,0
9970,2,1
9971,2,2
9972,4,1
9973,2,0
9974,4,4
9975,2,0
9976,2,2
9977,2,0
9978,3,3
9979,4,3
9980,4,0
9981,2,1
9982,2,1
9983,2,2
9984,4,2
9985,3,2
9986,2,2
9987,2,1
9988,2,0
9989,2,0
9990,2,0
9991,2,1
9992,3,2
9993,2,2
9994,2,2
9995,2,0
9996,2,0
9997,2,1
9998,2,2
9999,2,0
10000,2,0
10001,2,1
10002,2,2
10003,2,2
10004,2,2
10005,2,2
10006,3,1
10007,2,2
10008,2,0
10009,2,0
10010,2,2
10011,2,1
10012,2,2
10013,2,2
10014,2,1
10015,2,0
10016,2,0
10017,2,2
10018,2,0
10019,2,2
10020,3,3
10021,2,2
10022,2,2
10023,3,3
10024,2,2
10025,2,1
10026,2,2
10027,2,0
10028,2,0
10029,2,1
10030,2,2
10031,2,2
10032,2,2
10033,2,1
10034,2,0
10035,3,0
10036,2,2
10037,2,1
10038,2,0
10039,4,0
10040,4,4
10041,2,0
10042,2,0
10043,2,1
10044,2,0
10045,2,2
10046,3,2
10047,3,1
10048,2,1
10049,2,1
10050,3,2
10051,2,2
10052,2,2
10053,4,0
10054,3,1
10055,3,2
10056,2,0
10057,2,2
10058,2,2
10059,2,0
10060,3,1
10061,2,2
10062,2,0
10063,2,2
10064,2,2
10065,2,1
10066,2,2
10067,2,2
10068,2,0
10069,3,2
10070,2,2
10071,2,2
10072,2,1
10073,2,0
10074,2,2
10075,2,2
10076,3,0
10077,2,2
10078,3,3
10079,2,2
10080,2,2
10081,3,2
10082,3,1
10083,2,2
10084,2,2
10085,3,1
10086,2,1
10087,2,2
10088,2,1
10089,2,2
10090,2,1
10091,2,0
10092,2,2
10093,3,1
10094,3,1
10095,2,0
10096,2,0
10097,3,0
10098,3,3
10099,2,0
10100,2,2
10101,3,0
10102,2,0
10103,4,2
10104,2,1
10105,2,0
10106,4,1
10107,2,2
10108,2,0
10109,4,3
10110,2,0
10111,2,0
10112,2,1
10113,3,1
10114,2,1
10115,2,0
10116,2,0
10117,4,0
10118,2,2
10119,2,2
10120,2,2
10121,2,0
10122,2,0
10123,2,2
10124,2,0
10125,4,3
10126,3,1
10127,2,2
10128,2,1
10129,2,1
10130,2,1
10131,2,1
10132,2,2
10133,2,2
10134,2,0
10135,3,2
10136,2,0
10137,2,2
10138,2,0
10139,2,0
10140,3,1
10141,3,2
10142,2,1
10143,2,1
10144,2,1
10145,2,1
10146,2,0
10147,2,1
10148,3,1
10149,2,2
10150,3,1
10151,3,3
10152,3,3
10153,3,1
10154,2,2
10155,2,0
10156,2,0
10157,3,3
10158,4,1
10159,2,2
10160,3,3
10161,4,4
10162,2,1
10163,2,0
10164,2,0
10165,2,2
10166,3,3
10167,2,2
10168,2,2
10169,3,2
10170,2,2
10171,4,3
10172,4,0
10173,3,2
10174,2,0
10175,2,0
10176,2,0
10177,2,2
10178,2,0
10179,2,2
10180,2,2
10181,2,0
10182,2,0
10183,3,3
10184,2,0
10185,2,2
10186,2,2
10187,2,2
10188,2,2
10189,2,0
10190,2,0
10191,3,0
10192,3,3
10193,3,1
10194,2,2
10195,2,2
10196,3,2
10197,2,0
10198,3,3
10199,2,2
10200,2,2
10201,3,3
10202,2,2
10203,2,0
10204,2,2
10205,2,1
10206,2,1
10207,2,2
10208,2,1
10209,2,0
10210,3,0
10211,2,0
10212,2,0
10213,2,2
10214,2,0
10215,2,0
10216,3,2
10217,2,2
10218,3,3
10219,2,0
10220,2,0
10221,2,0
10222,2,2
10223,3,1
10224,2,0
10225,2,2
10226,2,0
10227,2,1
10228,2,0
10229,2,1
10230,4,0
10231,2,2
10232,2,2
10233,2,0
10234,4,3
10235,2,1
10236,3,3
10237,2,2
10238,2,0
10239,2,0
10240,2,0
10241,2,0
10242,2,0
10243,2,2
10244,2,2
10245,2,1
10246,2,2
10247,2,2
10248,2,0
10249,2,2
10250,2,0
10251,2,2
10252,2,2
10253,3,3
10254,2,2
10255,2,0
10256,2,0
10257,2,2
10258,2,2
10259,3,0
10260,2,2
10261,2,2
10262,2,2
10263,2,0
10264,2,2
10265,3,3
10266,2,0
10267,3,3
10268,3,1
10269,2,2
10270,2,0
10271,2,2
10272,2,0
10273,2,2
10274,2,0
10275,4,4
10276,2,1
10277,2,0
10278,4,3
10279,2,2
10280,3,3
10281,2,1
10282,2,1
10283,2,2
10284,2,1
10285,2,2
10286,3,3
10287,3,3
10288,4,4
10289,2,1
10290,2,0
10291,2,2
10292,2,2
10293,2,0
10294,2,2
10295,3,2
10296,2,2
10297,2,0
10298,3,1
10299,2,2
10300,2,1
10301,2,0
10302,2,2
10303,2,2
10304,2,2
10305,2,2
10306,3,0
10307,2,0
10308,2,1
10309,2,1
10310,2,0
10311,3,3
10312,2,0
10313,3,1
10314,3,3
10315,2,2
10316,2,2
10317,2,1
10318,2,2
10319,2,2
10320,2,0
10321,3,3
10322,2,1
10323,2,1
10324,2,2
10325,2,2
10326,2,2
10327,2,2
10328,2,2
10329,2,2
10330,2,1
10331,2,0
10332,2,2
10333,2,0
10334,2,1
10335,2,1
10336,2,0
10337,2,2
10338,3,2
10339,3,2
10340,4,2
10341,2,2
10342,2,0
10343,3,2
10344,3,1
10345,3,0
10346,3,0
10347,2,2
10348,2,0
10349,3,1
10350,4,4
10351,2,0
10352,2,2
10353,4,3
10354,2,2
10355,2,0
10356,2,2
10357,2,2
10358,3,1
10359,2,2
10360,2,1
10361,3,3
10362,3,1
10363,2,2
10364,2,2
10365,2,2
10366,2,2
10367,2,2
10368,2,1
10369,2,0
10370,3,3
10371,2,0
10372,2,0
10373,2,2
10374,2,0
10375,2,0
10376,2,2
10377,3,2
10378,2,0
10379,3,1
10380,3,3
10381,2,2
10382,2,0
10383,2,0
10384,3,1
10385,2,2
10386,2,1
10387,2,2
10388,2,2
10389,2,2
10390,2,2
10391,2,0
10392,2,0
10393,2,2
10394,3,2
10395,4,3
10396,2,2
10397,2,1
10398,3,1
10399,2,0
10400,2,0
10401,2,2
10402,2,2
10403,2,0
10404,2,1
10405,2,2
10406,4,3
10407,2,2
10408,2,0
10409,4,2
10410,2,2
10411,4,1
10412,3,2
10413,2,2
10414,4,2
10415,2,0
10416,4,2
10417,2,2
10418,2,0
10419,2,1
10420,2,2
10421,4,0
10422,3,3
10423,2,2
10424,2,1
10425,3,2
10426,4,3
10427,2,2
10428,3,1
10429,2,2
10430,2,2
10431,2,2
10432,3,1
10433,3,1
10434,2,1
10435,3,1
10436,2,2
10437,2,0
10438,3,3
10439,2,0
10440,2,2
10441,2,1
10442,2,2
10443,2,1
10444,4,3
10445,2,0
10446,3,0
10447,2,0
10448,2,2
10449,3,3
10450,2,2
10451,3,3
10452,2,0
10453,2,2
10454,2,0
10455,2,1
10456,2,2
10457,2,1
10458,2,2
10459,2,2
10460,2,1
10461,2,1
10462,2,1
10463,2,0
10464,2,1
10465,2,2
10466,3,1
10467,2,0
10468,3,3
10469,2,2
10470,2,2
10471,2,0
10472,3,3
10473,2,1
10474,2,2
10475,4,4
10476,2,0
10477,4,4
10478,2,2
10479,2,1
10480,2,2
10481,2,2
10482,2,0
10483,2,2
10484,2,0
10485,2,0
10486,2,2
10487,2,2
10488,3,3
10489,2,2
10490,2,0
10491,2,2
10492,2,2
10493,3,2
10494,2,0
10495,2,2
10496,2,2
10497,3,1
10498,2,1
10499,2,2
10500,2,2
10501,2,2
10502,2,0
10503,3,3
10504,2,1
10505,3,1
10506,2,2
10507,2,0
10508,4,2
10509,2,1
10510,2,2
10511,4,4
10512,2,0
10513,2,1
10514,2,0
10515,2,2
10516,2,0
10517,2,2
10518,2,2
10519,3,1
10520,2,2
10521,4,0
10522,2,0
10523,2,0
10524,2,0
10525,3,3
10526,2,2
10527,2,1
10528,2,1
10529,4,1
10530,3,0
10531,2,0
10532,2,0
10533,3,0
10534,2,2
10535,3,3
10536,2,0
10537,3,0
10538,2,0
10539,2,2
10540,2,0
10541,4,2
10542,2,2
10543,2,1
10544,3,3
10545,3,3
10546,3,0
10547,2,2
10548,3,1
10549,2,1
10550,2,2
10551,2,2
10552,2,2
10553,2,1
10554,4,2
10555,3,1
10556,3,3
10557,3,1
10558,3,2
10559,2,2
10560,2,2
10561,3,3
10562,2,0
10563,2,0
10564,2,0
10565,2,1
10566,2,0
10567,2,2
10568,2,0
10569,3,0
10570,2,2
10571,3,2
10572,2,0
10573,2,1
10574,2,2
10575,2,2
10576,2,0
10577,2,1
10578,2,2
10579,2,0
10580,2,0
10581,2,0
10582,2,0
10583,2,0
10584,3,1
10585,2,0
10586,2,0
10587,2,1
10588,2,0
10589,4,4
10590,2,0
10591,2,0
10592,2,2
10593,2,0
10594,2,1
10595,2,2
10596,2,2
10597,2,1
10598,2,1
10599,3,1
10600,2,2
10601,4,4
10602,2,0
10603,2,2
10604,2,2
10605,3,1
10606,4,1
10607,2,2
10608,2,2
10609,2,2
10610,4,2
10611,2,0
10612,2,0
10613,3,2
10614,2,2
10615,2,2
10616,2,2
10617,2,0
10618,2,1
10619,4,0
10620,2,2
10621,2,2
10622,3,3
10623,2,2
10624,4,0
10625,2,2
10626,2,0
10627,2,0
10628,4,4
10629,2,1
10630,2,1
10631,2,2
10632,2,2
10633,2,0
10634,2,0
10635,2,0
10636,2,2
10637,2,2
10638,2,0
10639,2,2
10640,2,0
10641,4,4
10642,2,2
10643,2,2
10644,2,1
10645,4,0
10646,2,2
10647,2,2
10648,2,2
10649,2,0
10650,2,0
10651,3,1
10652,2,1
10653,2,2
10654,2,2
10655,2,2
10656,2,0
10657,3,3
10658,3,3
10659,2,0
10660,2,1
10661,2,0
10662,3,0
10663,2,0
10664,2,0
10665,2,1
10666,2,2
10667,2,2
10668,2,2
10669,4,3
10670,2,0
10671,2,2
10672,2,2
10673,2,0
10674,2,2
10675,2,2
10676,2,0
10677,2,1
10678,2,0
10679,2,2
10680,2,2
10681,3,2
10682,3,3
10683,2,2
10684,3,1
10685,2,2
10686,2,0
10687,2,2
10688,2,1
10689,2,2
10690,3,3
10691,2,2
10692,2,2
10693,2,1
10694,2,0
10695,2,2
10696,3,1
10697,2,1
10698,2,1
10699,2,0
10700,2,2
10701,2,0
10702,2,2
10703,2,0
10704,2,2
10705,2,0
10706,3,1
10707,2,2
10708,3,1
10709,4,4
10710,2,0
10711,4,4
10712,2,2
10713,2,0
10714,3,1
10715,3,0
10716,3,3
10717,3,1
10718,4,2
10719,2,2
10720,2,1
10721,2,1
10722,2,0
10723,4,1
10724,2,0
10725,2,0
10726,2,2
10727,3,3
10728,2,2
10729,3,1
10730,3,3
10731,2,0
10732,2,1
10733,3,3
10734,2,2
10735,2,0
10736,2,1
10737,2,2
10738,2,1
10739,2,2
10740,2,0
10741,2,0
10742,2,1
10743,2,2
10744,2,0
10745,2,2
10746,3,1
10747,2,2
10748,2,0
10749,2,2
10750,3,1
10751,4,4
10752,2,2
10753,2,0
10754,3,3
10755,2,0
10756,4,4
10757,2,2
10758,2,2
10759,2,2
10760,3,3
10761,3,3
10762,3,2
10763,2,2
10764,2,0
10765,2,1
10766,3,3
10767,2,2
10768,2,2
10769,2,2
10770,2,2
10771,3,1
10772,3,1
10773,2,2
10774,2,2
10775,3,3
10776,2,0
10777,2,2
10778,2,1
10779,4,4
10780,4,3
10781,2,0
10782,2,1
10783,2,2
10784,2,2
10785,2,0
10786,4,3
10787,2,1
10788,2,1
10789,2,2
10790,2,2
10791,2,0
10792,2,1
10793,2,2
10794,2,0
10795,3,3
10796,2,1
10797,2,0
10798,2,0
10799,2,1
10800,2,2
10801,2,0
10802,3,2
10803,3,3
10804,2,2
10805,2,2
10806,2,2
10807,2,2
10808,3,2
10809,2,0
10810,3,1
10811,2,0
10812,2,1
10813,3,0
10814,2,1
10815,4,1
10816,2,2
10817,2,2
10818,2,0
10819,2,0
10820,3,1
10821,2,2
10822,2,1
10823,2,2
10824,2,0
10825,2,2
10826,2,0
10827,2,2
10828,3,3
10829,2,2
10830,3,3
10831,3,2
10832,2,2
10833,2,0
10834,2,2
10835,2,2
10836,2,2
10837,2,2
10838,2,2
10839,2,2
10840,2,1
10841,2,1
10842,3,3
10843,3,3
10844,2,2
10845,2,0
10846,4,2
10847,2,2
10848,2,2
10849,3,1
10850,2,2
10851,2,2
10852,2,2
10853,2,0
10854,4,2
10855,2,2
10856,2,0
10857,2,1
10858,2,0
10859,2,2
10860,2,0
10861,2,1
10862,4,4
10863,2,1
10864,2,2
10865,2,2
10866,2,1
10867,2,2
10868,2,2
10869,2,0
10870,2,2
10871,2,2
10872,2,0
10873,2,0
10874,2,1
10875,2,0
10876,3,3
10877,2,2
10878,2,2
10879,3,3
10880,2,2
10881,2,0
10882,2,0
10883,2,0
10884,2,1
10885,2,1
10886,3,1
10887,3,0
10888,4,4
10889,2,1
10890,2,2
10891,2,1
10892,2,2
10893,2,2
10894,2,0
10895,2,2
10896,2,1
10897,2,0
10898,2,0
10899,3,1
10900,2,2
10901,3,1
10902,2,2
10903,4,2
10904,2,1
10905,2,2
10906,3,3
10907,2,2
10908,3,3
10909,2,0
10910,2,2
10911,2,2
10912,2,2
10913,2,1
10914,4,0
10915,2,0
10916,2,2
10917,2,1
10918,3,3
10919,2,1
10920,2,0
10921,2,0
10922,2,2
10923,2,0
10924,2,2
10925,2,0
10926,2,1
10927,2,2
10928,2,0
10929,2,0
10930,2,2
10931,2,2
10932,2,0
10933,2,0
10934,2,0
10935,2,1
10936,4,2
10937,2,1
10938,2,2
10939,3,3
10940,2,0
10941,4,4
10942,2,1
10943,2,1
10944,2,2
10945,3,2
10946,3,0
10947,3,0
10948,3,3
10949,3,3
10950,2,0
10951,2,2
10952,3,2
10953,2,2
10954,2,0
10955,2,2
10956,2,2
10957,2,2
10958,2,2
10959,2,0
10960,2,2
10961,2,0
10962,3,3
10963,2,1
10964,3,1
10965,2,0
10966,3,2
10967,2,2
10968,2,2
10969,2,1
10970,2,1
10971,2,0
10972,2,1
10973,2,2
10974,2,1
10975,3,2
10976,2,2
10977,3,1
10978,2,0
10979,4,3
10980,3,2
10981,2,0
10982,2,1
10983,3,2
10984,2,2
10985,2,2
10986,4,4
10987,2,0
10988,2,2
10989,2,1
10990,2,2
10991,2,2
10992,2,1
10993,4,2
10994,2,1
10995,2,1
10996,3,1
10997,3,2
10998,3,1
10999,2,2
11000,3,2
11001,4,3
11002,4,0
11003,2,2
11004,2,2
11005,2,2
11006,2,0
11007,2,2
11008,2,0
11009,3,2
11010,2,2
11011,3,1
11012,3,1
11013,2,0
11014,2,2
11015,4,1
11016,3,1
11017,4,2
11018,2,0
11019,2,0
11020,2,0
11021,4,2
11022,2,1
11023,2,2
11024,2,2
11025,2,0
11026,3,0
11027,2,2
11028,2,0
11029,2,0
11030,2,1
11031,4,3
11032,3,1
11033,3,1
11034,2,2
11035,2,0
11036,4,1
11037,2,2
11038,3,2
11039,3,2
11040,2,2
11041,4,0
11042,2,2
11043,2,0
11044,2,2
11045,4,4
11046,2,0
11047,2,1
11048,2,1
11049,4,4
11050,4,2
11051,2,0
11052,2,1
11053,2,2
11054,3,3
11055,2,1
11056,2,2
11057,2,0
11058,2,1
11059,2,1
11060,2,2
11061,2,2
11062,2,1
11063,2,0
11064,2,2
11065,2,0
11066,2,1
11067,2,2
11068,2,0
11069,2,0
11070,2,2
11071,2,2
11072,2,2
11073,3,3
11074,2,0
11075,2,2
11076,3,2
11077,2,1
11078,2,2
11079,2,0
11080,3,1
11081,2,1
11082,2,0
11083,2,2
11084,3,2
11085,2,0
11086,2,2
11087,3,1
11088,4,3
11089,2,2
11090,2,0
11091,2,2
11092,2,1
11093,2,2
11094,2,2
11095,2,2
11096,2,2
11097,2,0
11098,3,3
11099,3,1
11100,3,1
11101,2,0
11102,3,1
11103,2,0
11104,2,0
11105,2,1
11106,2,2
11107,4,3
11108,2,1
11109,2,0
11110,2,1
11111,3,3
11112,2,2
11113,2,2
11114,2,2
11115,2,0
11116,2,0
11117,2,2
11118,2,2
11119,2,0
11120,4,2
11121,2,0
11122,2,0
11123,2,2
11124,2,2
11125,2,2
11126,2,1
11127,2,2
11128,2,1
11129,2,1
11130,2,2
11131,2,2
11132,3,0
11133,2,0
11134,2,1
11135,2,2
11136,3,3
11137,2,2
11138,2,2
11139,2,2
11140,2,0
11141,2,2
11142,2,2
11143,2,2
11144,2,1
11145,2,2
11146,2,0
11147,2,2
11148,2,2
11149,3,1
11150,2,1
11151,2,2
11152,3,2
11153,3,1
11154,4,3
11155,2,0
11156,3,0
11157,2,2
11158,2,1
11159,4,1
11160,2,1
11161,3,3
11162,2,2
11163,2,2
11164,2,2
11165,2,0
11166,2,2
11167,2,2
11168,2,0
11169,2,2
11170,2,2
11171,2,2
11172,2,2
11173,2,1
11174,3,1
11175,3,3
11176,2,2
11177,3,1
11178,2,1
11179,2,2
11180,2,2
11181,2,1
11182,4,4
11183,2,0
11184,3,1
11185,2,1
11186,3,3
11187,2,1
11188,2,2
11189,2,1
11190,2,2
11191,2,1
11192,2,2
11193,3,0
11194,2,2
11195,2,2
11196,2,0
11197,3,1
11198,3,2
11199,2,0
11200,4,2
11201,2,0
11202,2,2
11203,2,2
11204,3,0
11205,2,0
11206,2,2
11207,2,1
11208,2,0
11209,3,3
11210,2,2
11211,2,2
11212,3,1
11213,3,3
11214,2,2
11215,3,1
11216,3,3
11217,2,0
11218,2,2
11219,2,1
11220,3,0
11221,4,1
11222,2,0
11223,2,0
11224,2,2
11225,2,0
11226,2,1
11227,3,1
11228,4,1
11229,2,0
11230,2,1
11231,4,4
11232,4,4
11233,2,2
11234,2,0
11235,2,2
11236,2,2
11237,2,1
11238,2,2
11239,2,2
11240,2,2
11241,2,0
11242,3,2
11243,2,2
11244,2,0
11245,2,0
11246,2,0
11247,4,2
11248,2,2
11249,2,1
11250,2,2
11251,3,2
11252,2,1
11253,2,0
11254,2,1
11255,2,1
11256,2,2
11257,2,2
11258,3,1
11259,4,3
11260,2,2
11261,2,0
11262,2,0
11263,2,0
11264,2,1
11265,2,0
11266,2,0
11267,2,2
11268,2,0
11269,3,1
11270,2,0
11271,3,0
11272,2,1
11273,4,3
11274,2,2
11275,3,3
11276,2,2
11277,2,2
11278,2,1
11279,2,1
11280,2,2
11281,3,3
11282,2,2
11283,2,0
11284,3,0
11285,2,2
11286,2,2
11287,2,0
11288,2,0
11289,2,2
11290,2,2
11291,4,2
11292,2,1
11293,2,1
11294,2,2
11295,2,1
11296,2,2
11297,2,2
11298,2,2
11299,2,2
11300,2,2
11301,2,2
11302,2,2
11303,2,0
11304,2,0
11305,2,0
11306,3,3
11307,4,2
11308,2,2
11309,3,2
11310,2,1
11311,3,3
11312,2,2
11313,2,2
11314,2,1
11315,2,0
11316,2,0
11317,2,2
11318,3,3
11319,2,0
11320,3,3
11321,4,1
11322,2,0
11323,2,1
11324,2,1
11325,4,1
11326,2,1
11327,3,3
11328,4,4
11329,2,2
11330,2,1
11331,2,1
11332,2,0
11333,2,2
11334,3,1
11335,3,1
11336,2,2
11337,2,2
11338,2,2
11339,2,2
11340,2,2
11341,2,0
11342,2,0
11343,2,0
11344,2,0
11345,4,4
11346,2,0
11347,3,3
11348,2,0
11349,4,2
11350,2,2
11351,2,2
11352,2,0
11353,3,0
11354,2,2
11355,2,0
11356,4,2
11357,2,0
11358,2,1
11359,2,0
11360,2,2
11361,2,2
11362,2,0
11363,3,3
11364,2,0
11365,2,2
11366,3,3
11367,2,1
11368,2,2
11369,2,0
11370,2,0
11371,3,2
11372,2,1
11373,2,0
11374,2,2
11375,2,0
11376,2,2
11377,2,2
11378,2,2
11379,4,2
11380,2,2
11381,2,0
11382,2,2
11383,2,0
11384,4,4
11385,2,1
11386,2,2
11387,2,2
11388,2,0
11389,2,2
11390,2,2
11391,2,0
11392,2,2
11393,2,1
11394,2,2
11395,2,1
11396,2,2
11397,3,3
11398,3,0
11399,2,0
11400,2,1
11401,2,2
11402,3,3
11403,4,1
11404,2,0
11405,2,0
11406,2,2
11407,3,0
11408,3,1
11409,2,2
11410,2,2
11411,2,0
11412,2,2
11413,3,2
11414,2,2
11415,4,0
11416,2,1
11417,3,2
11418,2,1
11419,2,2
11420,3,1
11421,3,3
11422,2,0
11423,3,3
11424,2,1
11425,4,1
11426,2,2
11427,2,1
11428,2,1
11429,2,2
11430,3,0
11431,2,2
11432,2,2
11433,2,0
11434,2,1
11435,2,2
11436,2,0
11437,2,2
11438,2,2
11439,2,0
11440,2,0
11441,2,2
11442,2,1
11443,2,0
11444,2,0
11445,2,2
11446,2,2
11447,2,2
11448,2,0
11449,2,0
11450,2,2
11451,2,1
11452,2,2
11453,2,0
11454,3,1
11455,3,0
11456,2,1
11457,2,2
11458,3,1
11459,4,1
11460,3,3
11461,2,2
11462,3,1
11463,3,3
11464,2,2
11465,4,0
11466,2,0
11467,2,2
11468,2,0
11469,2,1
11470,3,1
11471,2,0
11472,2,2
11473,2,0
11474,2,1
11475,2,0
11476,3,2
11477,4,3
11478,2,0
11479,2,0
11480,2,2
11481,2,2
11482,2,2
11483,2,1
11484,3,3
11485,2,1
11486,3,1
11487,4,0
11488,2,2
11489,2,1
11490,4,3
11491,2,1
11492,3,0
11493,3,3
11494,3,1
11495,2,0
11496,2,2
11497,2,2
11498,2,2
11499,3,1
11500,2,2
11501,2,1
11502,4,2
11503,3,2
11504,2,2
11505,3,3
11506,2,2
11507,2,0
11508,2,2
11509,2,0
11510,2,2
11511,2,2
11512,2,1
11513,4,1
11514,3,0
11515,2,2
11516,2,0
11517,3,0
11518,3,0
11519,2,2
11520,3,2
11521,3,1
11522,2,2
11523,3,3
11524,3,1
11525,4,0
11526,2,1
11527,2,1
11528,3,3
11529,2,1
11530,2,2
11531,2,1
11532,4,1
11533,2,0
11534,2,1
11535,2,2
11536,2,2
11537,3,2
11538,2,1
11539,2,2
11540,2,0
11541,2,2
11542,3,1
11543,2,1
11544,2,2
11545,2,0
11546,2,0
11547,2,2
11548,2,2
11549,2,1
11550,2,2
11551,2,2
11552,2,2
11553,2,1
11554,3,1
11555,2,2
11556,2,2
11557,2,2
11558,2,1
11559,2,2
11560,3,3
11561,4,3
11562,3,3
11563,3,3
11564,2,0
11565,2,1
11566,3,0
11567,2,2
11568,2,2
11569,2,0
11570,2,0
11571,2,1
11572,2,2
11573,2,0
11574,4,2
11575,2,0
11576,2,2
11577,2,1
11578,2,0
11579,2,2
11580,2,2
11581,2,2
11582,2,1
11583,2,2
11584,2,0
11585,2,0
11586,2,1
11587,2,1
11588,2,0
11589,4,2
11590,3,1
11591,3,1
11592,2,2
11593,2,1
11594,2,0
11595,3,3
11596,2,0
11597,2,1
11598,2,1
11599,3,3
11600,2,1
11601,2,2
11602,2,0
11603,2,2
11604,2,0
11605,4,2
11606,3,1
11607,2,0
11608,3,1
11609,3,0
11610,3,3
11611,2,0
11612,2,0
11613,2,1
11614,2,0
11615,3,1
11616,2,0
11617,2,0
11618,2,1
11619,2,0
11620,2,2
11621,2,0
11622,3,2
11623,3,3
11624,2,0
11625,2,2
11626,2,2
11627,3,1
11628,2,2
11629,2,2
11630,4,4
11631,2,0
11632,2,1
11633,3,2
11634,2,1
11635,4,2
11636,2,0
11637,2,0
11638,2,2
11639,2,2
11640,2,2
11641,3,3
11642,2,1
11643,2,1
11644,3,3
11645,4,2
11646,3,3
11647,2,2
11648,2,1
11649,2,0
11650,2,0
11651,2,2
11652,3,0
11653,2,0
11654,2,0
11655,2,0
11656,3,2
11657,2,0
11658,2,0
11659,2,0
11660,2,0
11661,2,0
11662,2,1
11663,2,2
11664,2,1
11665,4,3
11666,2,2
11667,2,2
11668,2,2
11669,2,1
11670,2,1
11671,4,1
11672,2,2
11673,2,2
11674,2,2
11675,3,3
11676,2,0
11677,3,1
11678,2,2
11679,4,1
11680,2,1
11681,4,4
11682,4,4
11683,3,1
11684,2,0
11685,2,2
11686,2,0
11687,2,1
11688,2,2
11689,2,0
11690,2,0
11691,4,2
11692,2,2
11693,4,2
11694,2,2
11695,2,1
11696,2,2
11697,2,1
11698,4,4
11699,2,2
11700,2,2
11701,2,0
11702,2,1
11703,2,2
11704,3,3
11705,2,2
11706,2,0
11707,3,2
11708,3,3
11709,2,2
11710,2,2
11711,2,0
11712,2,1
11713,2,1
11714,2,2
11715,3,3
11716,3,2
11717,2,2
11718,3,3
11719,2,0
11720,2,2
11721,2,1
11722,2,1
11723,2,0
11724,2,2
11725,2,2
11726,2,2
11727,2,2
11728,2,2
11729,2,0
11730,3,0
11731,2,0
11732,2,2
11733,4,3
11734,2,2
11735,2,2
11736,2,0
11737,2,2
11738,3,3
11739,2,2
11740,2,0
11741,2,0
11742,2,2
11743,2,2
11744,2,0
11745,2,0
11746,2,0
11747,2,2
11748,2,2
11749,2,1
11750,2,0
11751,2,2
11752,2,2
11753,2,2
11754,3,1
11755,2,2
11756,2,1
11757,2,2
11758,2,1
11759,4,0
11760,3,1
11761,2,2
11762,2,2
11763,2,2
11764,2,1
11765,2,0
11766,2,2
11767,3,3
11768,2,2
11769,2,0
11770,2,2
11771,3,1
11772,2,2
11773,2,0
11774,2,0
11775,2,0
11776,2,1
11777,2,1
11778,2,2
11779,2,0
11780,2,2
11781,2,2
11782,3,2
11783,3,3
11784,2,2
11785,2,0
11786,2,1
11787,2,1
11788,2,0
11789,3,3
11790,2,2
11791,2,2
11792,2,0
11793,2,2
11794,2,2
11795,4,3
11796,3,3
11797,2,2
11798,2,1
11799,2,2
11800,3,1
11801,4,3
11802,2,2
11803,3,2
11804,2,2
11805,3,1
11806,2,0
11807,2,2
11808,2,0
11809,3,3
11810,2,0
11811,2,2
11812,2,1
11813,2,2
11814,2,0
11815,3,2
11816,2,0
11817,2,2
11818,2,0
11819,2,2
11820,2,0
11821,2,1
11822,2,2
11823,2,2
11824,2,2
11825,2,0
11826,2,0
11827,3,0
11828,2,0
11829,3,2
11830,2,0
11831,2,2
11832,2,0
11833,2,2
11834,2,0
11835,2,2
11836,2,1
11837,2,0
11838,2,0
11839,2,0
11840,2,0
11841,2,0
11842,2,2
11843,2,0
11844,3,3
11845,2,1
11846,2,2
11847,3,1
11848,2,2
11849,2,0
11850,2,2
11851,2,0
11852,4,4
11853,2,2
11854,3,2
11855,2,0
11856,2,2
11857,2,2
11858,2,2
11859,2,2
11860,2,0
11861,2,2
11862,2,2
11863,2,2
11864,3,3
11865,2,0
11866,3,2
11867,3,3
11868,2,0
11869,2,2
11870,4,2
11871,2,2
11872,2,2
11873,4,3
11874,2,0
11875,2,2
11876,2,2
11877,3,2
11878,2,0
11879,2,1
11880,3,3
11881,3,3
11882,2,1
11883,2,0
11884,2,2
11885,2,2
11886,2,1
11887,2,1
11888,2,0
11889,2,2
11890,2,2
11891,2,2
11892,4,3
11893,2,2
11894,2,2
11895,2,0
11896,2,0
11897,2,2
11898,2,1
11899,2,2
11900,2,2
11901,2,0
11902,2,0
11903,2,1
11904,2,1
11905,2,1
11906,4,1
11907,2,0
11908,2,2
11909,2,2
11910,2,2
11911,2,2
11912,2,0
11913,2,2
11914,3,1
11915,2,0
11916,2,2
11917,2,0
11918,3,3
11919,4,0
11920,2,0
11921,2,0
11922,2,0
11923,3,3
11924,4,4
11925,4,1
11926,2,2
11927,4,2
11928,2,2
11929,2,0
11930,2,2
11931,2,1
11932,2,2
11933,2,0
11934,2,2
11935,4,1
11936,2,1
11937,2,2
11938,2,2
11939,2,0
11940,4,2
11941,3,1
11942,3,3
11943,2,0
11944,3,3
11945,2,2
11946,2,2
11947,3,3
11948,3,3
11949,4,0
11950,2,0
11951,2,2
11952,2,2
11953,2,0
11954,4,0
11955,2,2
11956,2,0
11957,2,1
11958,2,2
11959,2,0
11960,2,0
11961,2,0
11962,2,0
11963,2,1
11964,2,2
11965,2,0
11966,2,1
11967,2,1
11968,2,2
11969,2,2
11970,2,1
11971,3,1
11972,2,2
11973,3,1
11974,3,1
11975,2,2
11976,2,0
11977,2,2
11978,3,1
11979,4,3
11980,3,3
11981,2,1
11982,2,0
11983,2,0
11984,2,1
11985,2,2
11986,2,0
11987,4,4
11988,2,2
11989,2,1
11990,2,2
11991,2,0
11992,2,0
11993,2,2
11994,2,0
11995,2,2
11996,4,4
11997,3,2
11998,2,2
11999,2,1
12000,2,1
12001,2,2
12002,3,1
12003,3,1
12004,2,2
12005,2,0
12006,2,0
12007,2,0
12008,2,1
12009,2,2
12010,2,0
12011,3,2
12012,4,0
12013,2,1
12014,2,1
12015,2,2
12016,3,1
12017,3,3
12018,4,3
12019,2,0
12020,2,2
12021,3,3
12022,2,1
12023,4,2
12024,3,3
12025,2,1
12026,2,1
12027,2,2
12028,2,2
12029,2,2
12030,2,0
12031,2,0
12032,2,0
12033,3,0
12034,2,2
12035,2,1
12036,2,1
12037,2,0
12038,2,0
12039,2,2
12040,2,2
12041,2,1
12042,2,0
12043,4,3
12044,2,2
12045,3,3
12046,2,2
12047,2,2
12048,3,3
12049,2,2
12050,2,2
12051,2,1
12052,2,0
12053,2,2
12054,4,4
12055,3,2
12056,2,0
12057,2,0
12058,2,2
12059,2,2
12060,2,0
12061,2,1
12062,2,1
12063,2,0
12064,3,0
12065,4,4
12066,3,3
12067,2,0
12068,2,2
12069,4,1
12070,2,2
12071,3,2
12072,2,1
12073,2,0
12074,2,2
12075,2,1
12076,2,2
12077,2,1
12078,2,0
12079,4,4
12080,2,1
12081,4,2
12082,2,2
12083,4,3
12084,2,1
12085,4,3
12086,4,2
12087,3,1
12088,2,2
12089,2,1
12090,2,2
12091,2,0
12092,2,1
12093,2,2
12094,2,2
12095,4,1
12096,2,2
12097,2,2
12098,2,2
12099,2,2
12100,2,2
12101,3,0
12102,3,3
12103,2,0
12104,3,0
12105,2,0
12106,2,0
12107,3,1
12108,2,1
12109,2,2
12110,2,1
12111,2,2
12112,2,2
12113,2,2
12114,3,2
12115,2,2
12116,2,1
12117,2,2
12118,2,0
12119,2,1
12120,2,0
12121,2,1
12122,2,2
12123,2,1
12124,2,2
12125,3,3
12126,2,0
12127,3,2
12128,2,1
12129,2,2
12130,2,2
12131,2,2
12132,2,2
12133,3,3
12134,2,1
12135,2,0
12136,2,0
12137,3,3
12138,2,0
12139,2,0
12140,2,2
12141,2,2
12142,2,1
12143,3,3
12144,3,1
12145,3,2
12146,2,0
12147,2,1
12148,4,4
12149,2,0
12150,4,1
12151,2,2
12152,2,1
12153,3,1
12154,2,0
12155,3,1
12156,2,1
12157,2,2
12158,2,2
12159,3,0
12160,3,0
12161,4,1
12162,2,2
12163,2,0
12164,2,2
12165,2,0
12166,2,2
12167,2,2
12168,2,1
12169,2,2
12170,2,1
12171,2,0
12172,2,0
12173,2,2
12174,2,0
12175,3,2
12176,3,3
12177,2,2
12178,3,1
12179,2,0
12180,3,3
12181,3,0
12182,2,2
12183,2,2
12184,2,2
12185,2,2
12186,2,0
12187,3,3
12188,2,0
12189,2,1
12190,2,2
12191,2,2
12192,3,1
12193,2,2
12194,2,0
12195,2,2
12196,2,1
12197,3,1
12198,2,0
12199,2,2
12200,3,2
12201,2,0
12202,2,2
12203,2,0
12204,3,3
12205,2,0
12206,4,0
12207,2,2
12208,3,1
12209,2,2
12210,2,2
12211,4,0
12212,2,2
12213,2,0
12214,2,1
12215,2,0
12216,2,0
12217,2,2
12218,2,2
12219,2,2
12220,3,1
12221,4,4
12222,3,3
12223,3,1
12224,2,1
12225,2,2
12226,2,0
12227,2,0
12228,2,2
12229,4,2
12230,2,1
12231,2,0
12232,4,0
12233,2,2
12234,2,1
12235,2,0
12236,2,2
12237,2,0
12238,2,2
12239,2,1
12240,3,2
12241,2,2
12242,2,0
12243,2,0
12244,2,2
12245,2,1
12246,2,2
12247,3,1
12248,4,0
12249,2,1
12250,2,2
12251,2,1
12252,2,0
12253,2,0
12254,4,0
12255,2,2
12256,2,2
12257,2,2
12258,2,2
12259,2,2
12260,3,3
12261,3,3
12262,2,1
12263,2,0
12264,2,0
12265,3,3
12266,2,1
12267,2,1
12268,3,1
12269,2,2
12270,2,0
12271,4,4
12272,3,0
12273,2,0
12274,2,0
12275,2,0
12276,4,1
12277,2,2
12278,2,2
12279,2,0
12280,4,3
12281,4,4
12282,2,0
12283,2,0
12284,2,2
12285,2,1
12286,2,2
12287,2,0
12288,2,2
12289,2,0
12290,2,2
12291,2,2
12292,2,2
12293,2,0
12294,2,0
12295,4,4
12296,3,2
12297,2,2
12298,3,3
12299,2,0
12300,2,2
12301,2,2
12302,2,0
12303,2,2
12304,2,2
12305,2,0
12306,2,2
12307,3,3
12308,2,2
12309,3,0
12310,2,2
12311,2,2
12312,2,2
12313,3,1
12314,3,1
12315,2,2
12316,2,0
12317,2,2
12318,2,2
12319,2,2
12320,3,0
12321,2,1
12322,3,0
12323,2,0
12324,2,1
12325,2,2
12326,3,2
12327,2,1
12328,3,1
12329,3,3
12330,2,1
12331,2,0
12332,2,0
12333,3,2
12334,2,1
12335,2,2
12336,3,1
12337,2,2
12338,2,0
12339,2,0
12340,2,1
12341,2,1
12342,4,4
12343,4,0
12344,2,2
12345,2,0
12346,2,0
12347,2,0
12348,2,2
12349,3,3
12350,2,0
12351,2,2
12352,2,0
12353,2,0
12354,2,2
12355,2,0
12356,2,2
12357,4,4
12358,2,0
12359,2,2
12360,2,1
12361,3,1
12362,2,0
12363,2,2
12364,2,1
12365,2,0
12366,2,2
12367,2,0
12368,2,1
12369,2,2
12370,2,2
12371,3,2
12372,2,2
12373,2,0
12374,2,2
12375,2,2
12376,2,0
12377,2,2
12378,2,2
12379,2,2
12380,4,0
12381,2,0
12382,2,2
12383,2,1
12384,4,3
12385,2,2
12386,2,0
12387,2,0
12388,4,2
12389,2,2
12390,2,1
12391,2,2
12392,2,2
12393,2,0
12394,2,1
12395,4,2
12396,2,0
12397,4,2
12398,2,1
12399,3,1
12400,3,3
12401,2,2
12402,3,1
12403,2,2
12404,3,1
12405,2,1
12406,2,2
12407,2,2
12408,3,1
12409,2,2
12410,2,1
12411,2,0
12412,2,2
12413,3,3
12414,2,2
12415,2,2
12416,2,2
12417,2,2
12418,2,0
12419,2,0
12420,3,1
12421,2,2
12422,2,2
12423,2,1
12424,3,2
12425,3,0
12426,2,0
12427,2,0
12428,2,2
12429,2,2
12430,2,0
12431,2,0
12432,2,2
12433,3,1
12434,2,0
12435,3,2
12436,2,1
12437,3,1
12438,4,4
12439,2,0
12440,2,0
12441,3,2
12442,2,2
12443,3,2
12444,2,0
12445,2,2
12446,2,0
12447,2,2
12448,2,2
12449,3,3
12450,2,2
12451,3,1
12452,2,2
12453,2,1
12454,2,0
12455,2,2
12456,2,1
12457,2,0
12458,3,1
12459,3,3
12460,4,2
12461,2,1
12462,4,2
12463,2,2
12464,2,0
12465,3,1
12466,2,2
12467,2,2
12468,2,1
12469,2,2
12470,2,0
12471,2,1
12472,2,0
12473,4,0
12474,3,3
12475,2,0
12476,2,2
12477,2,2
12478,2,2
12479,2,1
12480,2,2
12481,3,3
12482,2,2
12483,2,0
12484,4,3
12485,2,1
12486,3,2
12487,2,0
12488,2,2
12489,2,0
12490,3,2
12491,3,2
12492,2,0
12493,2,0
12494,2,2
12495,2,1
12496,2,1
12497,2,1
12498,2,2
12499,2,2
12500,2,1
12501,2,2
12502,2,0
12503,2,2
12504,2,0
12505,2,2
12506,2,2
12507,3,2
12508,2,1
12509,2,2
12510,2,2
12511,3,0
12512,2,1
12513,4,3
12514,2,2
12515,2,0
12516,2,1
12517,2,1
12518,3,3
12519,2,2
12520,4,2
12521,4,1
12522,2,0
12523,2,2
12524,2,0
12525,3,1
12526,2,2
12527,2,2
12528,3,0
12529,2,2
12530,2,0
12531,2,2
12532,2,2
12533,2,1
12534,2,2
12535,2,2
12536,2,2
12537,2,0
12538,2,0
12539,2,0
12540,2,1
12541,2,0
12542,2,1
12543,2,0
12544,3,1
12545,2,0
12546,2,1
12547,2,0
12548,2,2
12549,2,0
12550,2,1
12551,2,1
12552,2,1
12553,2,0
12554,2,1
12555,2,2
12556,2,2
12557,2,1
12558,3,3
12559,3,2
12560,2,2
12561,3,2
12562,2,2
12563,2,2
12564,2,2
12565,2,0
12566,2,2
12567,2,0
12568,3,1
12569,2,2
12570,2,1
12571,2,2
12572,2,0
12573,2,0
12574,2,0
12575,3,0
12576,2,1
12577,2,2
12578,3,3
12579,2,0
12580,2,2
12581,2,0
12582,2,2
12583,2,1
12584,2,1
12585,2,2
12586,2,2
12587,2,0
12588,2,2
12589,2,0
12590,2,0
12591,2,2
12592,2,2
12593,2,2
12594,2,2
12595,2,2
12596,2,0
12597,2,2
12598,3,0
12599,3,0
12600,3,0
12601,3,0
12602,2,0
12603,2,2
12604,2,0
12605,2,2
12606,2,0
12607,2,0
12608,3,2
12609,2,0
12610,2,2
12611,2,2
12612,2,2
12613,2,0
12614,2,0
12615,2,0
12616,2,2
12617,2,0
12618,3,3
12619,2,2
12620,2,0
12621,2,1
12622,2,2
12623,3,3
12624,2,0
12625,2,1
12626,2,2
12627,2,2
12628,2,1
12629,2,2
12630,2,2
12631,2,2
12632,2,0
12633,2,2
12634,2,2
12635,2,2
12636,2,2
12637,2,0
12638,2,2
12639,2,0
12640,4,3
12641,2,2
12642,2,2
12643,2,2
12644,3,3
12645,2,2
12646,3,2
12647,2,2
12648,4,2
12649,2,2
12650,2,2
12651,2,2
12652,2,2
12653,3,3
12654,4,0
12655,4,2
12656,2,0
12657,3,1
12658,3,0
12659,2,1
12660,3,1
12661,3,2
12662,4,3
12663,2,1
12664,2,2
12665,2,2
12666,2,2
12667,3,3
12668,2,1
12669,2,2
12670,2,1
12671,2,0
12672,2,0
12673,4,4
12674,2,2
12675,2,2
12676,2,0
12677,2,0
12678,2,0
12679,2,1
12680,3,0
12681,2,1
12682,2,2
12683,3,3
12684,2,0
12685,2,2
12686,2,2
12687,2,2
12688,2,0
12689,3,0
12690,3,1
12691,2,0
12692,3,3
12693,4,1
12694,3,3
12695,2,2
12696,2,2
12697,3,3
12698,2,2
12699,4,3
12700,2,0
12701,3,3
12702,2,0
12703,2,1
12704,2,1
12705,2,0
12706,2,0
12707,2,0
12708,2,2
12709,3,1
12710,4,3
12711,4,2
12712,2,2
12713,2,0
12714,2,0
12715,3,2
12716,2,2
12717,2,0
12718,3,1
12719,2,2
12720,3,3
12721,3,1
12722,2,0
12723,2,2
12724,2,0
12725,3,2
12726,2,1
12727,2,0
12728,2,2
12729,2,1
12730,2,0
12731,2,0
12732,2,2
12733,2,1
12734,2,0
12735,2,2
12736,2,2
12737,2,2
12738,2,1
12739,2,1
12740,4,2
12741,2,0
12742,2,2
12743,2,0
12744,2,1
12745,2,1
12746,2,1
12747,2,1
12748,2,2
12749,3,3
12750,2,1
12751,2,1
12752,4,4
12753,2,1
12754,2,0
12755,2,1
12756,4,4
12757,3,1
12758,2,2
12759,2,0
12760,2,0
12761,3,2
12762,2,2
12763,4,2
12764,2,0
12765,3,3
12766,3,3
12767,2,2
12768,3,3
12769,3,2
12770,2,1
12771,3,0
12772,2,2
12773,4,0
12774,2,0
12775,3,3
12776,2,1
12777,2,2
12778,3,0
12779,2,0
12780,2,2
12781,3,3
12782,2,2
12783,2,2
12784,2,2
12785,2,2
12786,2,0
12787,2,0
12788,2,2
12789,3,3
12790,4,4
12791,4,0
12792,2,2
12793,3,1
12794,2,2
12795,2,1
12796,3,3
12797,2,2
12798,2,1
12799,2,1
12800,2,2
12801,2,2
12802,2,1
12803,2,0
12804,3,2
12805,2,1
12806,2,2
12807,2,1
12808,2,1
12809,2,2
12810,4,4
12811,3,1
12812,4,2
12813,2,0
12814,2,1
12815,2,2
12816,2,1
12817,4,4
12818,2,0
12819,2,1
12820,2,1
12821,3,3
12822,3,0
12823,2,0
12824,3,3
12825,4,4
12826,2,0
12827,2,2
12828,2,2
12829,2,2
12830,4,4
12831,2,1
12832,2,2
12833,2,2
12834,2,2
12835,2,2
12836,2,0
12837,2,2
12838,2,0
12839,2,0
12840,4,4
12841,2,0
12842,4,2
12843,2,2
12844,3,3
12845,3,3
12846,2,2
12847,2,2
12848,2,2
12849,2,0
12850,2,1
12851,2,2
12852,2,2
12853,2,0
12854,2,2
12855,2,1
12856,2,2
12857,2,2
12858,3,3
12859,4,3
12860,2,0
12861,3,2
12862,2,2
12863,2,0
12864,4,4
12865,2,0
12866,2,2
12867,2,0
12868,3,1
12869,2,0
12870,2,0
12871,2,2
12872,2,2
12873,3,3
12874,3,3
12875,2,1
12876,2,2
12877,2,0
12878,2,0
12879,3,2
12880,2,0
12881,2,2
12882,3,3
12883,2,2
12884,2,2
12885,3,2
12886,2,0
12887,2,0
12888,2,2
12889,2,2
12890,3,1
12891,2,1
12892,4,3
12893,3,1
12894,2,0
12895,2,0
12896,2,0
12897,4,1
12898,3,2
12899,2,2
12900,2,2
12901,2,1
12902,2,2
12903,2,2
12904,2,2
12905,2,0
12906,2,2
12907,2,2
12908,2,1
12909,2,1
12910,2,0
12911,3,2
12912,3,1
12913,2,0
12914,2,2
12915,2,0
12916,2,1
12917,2,1
12918,2,2
12919,2,2
12920,2,2
12921,2,0
12922,2,0
12923,2,2
12924,2,0
12925,2,1
12926,2,2
12927,2,1
12928,2,0
12929,2,0
12930,3,3
12931,3,3
12932,2,0
12933,2,2
12934,2,2
12935,2,2
12936,3,3
12937,2,2
12938,3,3
12939,2,0
12940,3,2
12941,2,2
12942,2,2
12943,2,1
12944,3,0
12945,3,1
12946,2,0
12947,2,1
12948,4,1
12949,2,2
12950,2,0
12951,2,0
12952,3,3
12953,2,0
12954,2,1
12955,2,0
12956,2,2
12957,2,1
12958,2,1
12959,2,0
12960,3,3
12961,2,0
12962,2,0
12963,3,3
12964,2,0
12965,2,2
12966,2,2
12967,2,2
12968,2,0
12969,3,3
12970,2,2
12971,2,0
12972,2,0
12973,2,0
12974,4,0
12975,2,2
12976,2,1
12977,3,1
12978,2,2
12979,2,0
12980,2,0
12981,2,0
12982,3,2
12983,2,0
12984,2,0
12985,2,0
12986,2,2
12987,2,1
12988,2,2
12989,2,0
12990,2,1
12991,2,2
12992,4,4
12993,2,0
12994,2,1
12995,2,0
12996,2,2
12997,2,0
12998,2,0
12999,2,0
13000,2,2
13001,2,1
13002,3,2
13003,4,2
13004,2,0
13005,2,2
13006,2,2
13007,3,1
13008,2,1
13009,2,0
13010,2,0
13011,2,2
13012,2,0
13013,2,2
13014,3,1
13015,2,2
13016,2,2
13017,3,3
13018,2,1
13019,2,2
13020,2,2
13021,2,2
13022,3,1
13023,2,0
13024,3,2
13025,2,1
13026,2,2
13027,2,0
13028,3,3
13029,3,0
13030,3,1
13031,2,2
13032,2,1
13033,2,2
13034,2,2
13035,2,2
13036,4,1
13037,3,3
13038,2,0
13039,2,2
13040,2,2
13041,2,2
13042,2,2
13043,2,2
13044,2,0
13045,3,1
13046,2,0
13047,2,2
13048,2,2
13049,2,2
13050,2,2
13051,3,0
13052,2,2
13053,3,0
13054,2,2
13055,2,0
13056,2,0
13057,2,0
13058,2,0
13059,2,2
13060,2,1
13061,2,2
13062,3,1
13063,4,4
13064,2,0
13065,2,0
13066,3,3
13067,2,1
13068,2,0
13069,2,2
13070,2,0
13071,2,2
13072,4,1
13073,2,0
13074,2,1
13075,2,1
13076,2,2
13077,2,0
13078,2,0
13079,2,2
13080,2,1
13081,2,0
13082,3,3
13083,2,0
13084,2,1
13085,2,2
13086,2,0
13087,2,2
13088,2,2
13089,2,0
13090,2,2
13091,2,1
13092,4,0
13093,2,0
13094,2,2
13095,2,1
13096,2,0
13097,2,0
13098,3,3
13099,3,3
13100,2,2
13101,2,1
13102,2,0
13103,4,2
13104,2,0
13105,2,0
13106,2,0
13107,2,2
13108,2,2
13109,2,1
13110,2,1
13111,2,1
13112,2,1
13113,2,2
13114,2,0
13115,4,2
13116,3,3
13117,2,2
13118,3,1
13119,2,2
13120,2,2
13121,2,2
13122,2,2
13123,2,2
13124,2,1
13125,2,0
13126,2,0
13127,2,1
13128,2,1
13129,2,0
13130,2,0
13131,2,2
13132,2,1
13133,3,3
13134,2,2
13135,2,2
13136,2,0
13137,2,2
13138,2,0
13139,2,0
13140,3,1
13141,3,3
13142,3,3
13143,3,1
13144,3,1
13145,2,1
13146,2,0
13147,2,2
13148,2,2
13149,2,1
13150,2,2
13151,2,0
13152,2,0
13153,2,0
13154,3,3
13155,2,0
13156,3,3
13157,2,2
13158,2,2
13159,2,1
13160,2,2
13161,4,2
13162,2,2
13163,2,2
13164,3,3
13165,2,2
13166,2,2
13167,4,3
13168,4,2
13169,2,2
13170,2,0
13171,2,0
13172,2,0
13173,2,2
13174,2,0
13175,2,1
13176,2,1
13177,2,1
13178,2,2
13179,2,0
13180,2,2
13181,2,1
13182,2,0
13183,2,0
13184,2,2
13185,2,2
13186,2,0
13187,4,1
13188,2,0
13189,2,0
13190,2,0
13191,3,1
13192,2,1
13193,4,3
13194,2,2
13195,2,1
13196,2,2
13197,2,1
13198,2,2
13199,2,0
13200,2,0
13201,2,2
13202,3,3
13203,3,2
13204,2,2
13205,3,3
13206,2,2
13207,2,0
13208,2,1
13209,4,2
13210,2,1
13211,2,2
13212,2,2
13213,3,2
13214,2,0
13215,2,1
13216,2,2
13217,3,1
13218,2,0
13219,4,4
13220,2,2
13221,2,2
13222,3,3
13223,2,0
13224,2,2
13225,2,0
13226,3,3
13227,2,0
13228,4,3
13229,2,2
13230,2,1
13231,3,0
13232,3,1
13233,2,0
13234,2,2
13235,2,0
13236,3,2
13237,3,1
13238,2,2
13239,2,1
13240,2,2
13241,2,2
13242,2,0
13243,4,4
13244,2,2
13245,2,2
13246,3,3
13247,2,1
13248,2,1
13249,3,0
13250,2,2
13251,2,0
13252,2,0
13253,4,2
13254,2,2
13255,2,0
13256,2,1
13257,2,2
13258,2,2
13259,2,1
13260,2,2
13261,2,0
13262,2,2
13263,2,2
13264,2,1
13265,3,0
13266,2,2
13267,2,2
13268,3,2
13269,3,3
13270,2,0
13271,2,2
13272,2,2
13273,2,0
13274,2,0
13275,2,2
13276,2,0
13277,2,0
13278,4,0
13279,3,0
13280,3,1
13281,2,2
13282,3,0
13283,3,1
13284,2,2
13285,2,0
13286,2,0
13287,2,2
13288,2,2
13289,2,0
13290,2,0
13291,2,0
13292,2,2
13293,2,0
13294,4,4
13295,2,2
13296,2,1
13297,2,0
13298,2,1
13299,2,2
13300,2,0
13301,3,0
13302,2,0
13303,2,0
13304,2,1
13305,2,2
13306,2,0
13307,2,1
13308,2,2
13309,2,0
13310,2,0
13311,2,2
13312,2,2
13313,2,0
13314,4,1
13315,3,3
13316,2,2
13317,3,3
13318,2,2
13319,2,2
13320,2,1
13321,2,2
13322,2,2
13323,2,0
13324,2,0
13325,4,2
13326,2,0
13327,2,0
13328,4,1
13329,2,0
13330,3,2
13331,3,3
13332,4,4
13333,2,1
13334,3,0
13335,2,0
13336,2,1
13337,3,1
13338,2,1
13339,3,3
13340,4,4
13341,2,2
13342,2,2
13343,2,2
13344,2,1
13345,2,0
13346,3,3
13347,2,2
13348,2,2
13349,3,3
13350,2,0
13351,2,1
13352,2,0
13353,2,2
13354,2,2
13355,2,2
13356,2,2
13357,2,2
13358,2,0
13359,4,1
13360,2,2
13361,2,0
13362,2,2
13363,3,0
13364,2,0
13365,3,1
13366,2,1
13367,4,4
13368,2,2
13369,2,1
13370,2,0
13371,2,1
13372,3,1
13373,4,2
13374,3,0
13375,2,2
13376,2,0
13377,3,0
13378,3,1
13379,3,3
13380,2,0
13381,2,2
13382,2,2
13383,2,0
13384,2,0
13385,2,0
13386,2,2
13387,3,3
13388,2,2
13389,2,1
13390,2,2
13391,2,0
13392,2,1
13393,3,3
13394,2,0
13395,2,1
13396,2,2
13397,3,1
13398,2,2
13399,2,0
13400,2,1
13401,2,2
13402,2,1
13403,3,1
13404,4,1
13405,2,0
13406,2,0
13407,2,2
13408,2,0
13409,2,1
13410,2,0
13411,2,0
13412,2,2
13413,2,0
13414,2,2
13415,2,2
13416,2,1
13417,3,1
13418,2,2
13419,2,2
13420,2,0
13421,2,1
13422,2,2
13423,3,0
13424,2,2
13425,2,1
13426,2,0
13427,2,2
13428,2,2
13429,2,2
13430,2,0
13431,2,2
13432,4,2
13433,2,2
13434,3,3
13435,2,2
13436,2,1
13437,4,2
13438,4,2
13439,2,2
13440,2,0
13441,4,4
13442,2,2
13443,3,1
13444,3,3
13445,2,0
13446,2,0
13447,2,1
13448,2,2
13449,3,2
13450,2,1
13451,2,0
13452,2,2
13453,2,0
13454,2,2
13455,2,0
13456,2,2
13457,2,2
13458,2,0
13459,3,0
13460,3,2
13461,2,0
13462,2,2
13463,3,2
13464,3,2
13465,4,0
13466,2,1
13467,2,2
13468,3,1
13469,2,2
13470,3,3
13471,2,2
13472,2,1
13473,2,0
13474,2,2
13475,2,2
13476,3,3
13477,2,0
13478,2,0
13479,2,2
13480,3,0
13481,2,0
13482,2,1
13483,2,2
13484,2,2
13485,2,2
13486,2,2
13487,2,1
13488,2,1
13489,3,3
13490,3,0
13491,2,2
13492,3,3
13493,2,0
13494,2,1
13495,2,0
13496,2,0
13497,2,0
13498,4,2
13499,3,3
13500,4,3
13501,3,3
13502,2,2
13503,2,1
13504,2,2
13505,2,2
13506,2,2
13507,2,1
13508,2,2
13509,2,2
13510,3,3
13511,3,3
13512,2,1
13513,3,1
13514,2,2
13515,3,1
13516,2,1
13517,2,2
13518,2,2
13519,2,0
13520,2,1
13521,4,2
13522,3,3
13523,2,0
13524,2,0
13525,2,2
13526,2,1
13527,2,0
13528,2,0
13529,2,1
13530,2,0
13531,2,1
13532,2,2
13533,4,2
13534,2,2
13535,3,3
13536,2,0
13537,3,1
13538,2,1
13539,2,0
13540,3,2
13541,2,0
13542,2,2
13543,3,3
13544,2,1
13545,2,0
13546,4,4
13547,2,1
13548,3,3
13549,2,0
13550,3,3
13551,2,0
13552,4,3
13553,2,2
13554,3,3
13555,2,2
13556,2,0
13557,4,2
13558,2,2
13559,2,0
13560,2,2
13561,2,0
13562,2,2
13563,3,2
13564,2,2
13565,3,3
13566,2,2
13567,2,1
13568,2,0
13569,2,2
13570,2,0
13571,2,2
13572,2,0
13573,3,1
13574,2,2
13575,4,1
13576,3,3
13577,2,1
13578,2,0
13579,2,2
13580,4,1
13581,2,0
13582,3,3
13583,2,2
13584,2,0
13585,2,0
13586,2,0
13587,3,3
13588,3,2
13589,2,0
13590,2,0
13591,2,0
13592,2,0
13593,2,2
13594,3,3
13595,2,0
13596,2,1
13597,2,2
13598,2,2
13599,2,2
13600,3,2
13601,2,0
13602,3,3
13603,2,2
13604,2,0
13605,2,2
13606,4,3
13607,2,0
13608,2,1
13609,2,2
13610,2,0
13611,2,0
13612,2,2
13613,3,3
13614,2,2
13615,2,2
13616,2,0
13617,2,2
13618,2,2
13619,2,2
13620,2,2
13621,2,2
13622,2,0
13623,2,0
13624,2,1
13625,2,2
13626,2,2
13627,2,0
13628,3,0
13629,2,0
13630,2,2
13631,4,4
13632,4,2
13633,4,2
13634,2,0
13635,2,2
13636,2,0
13637,2,2
13638,2,2
13639,2,0
13640,2,0
13641,2,2
13642,2,0
13643,2,0
13644,4,0
13645,2,0
13646,2,0
13647,2,2
13648,2,2
13649,3,0
13650,2,2
13651,2,0
13652,2,2
13653,2,0
13654,2,2
13655,2,2
13656,4,3
13657,2,2
13658,2,1
13659,2,0
13660,2,1
13661,2,2
13662,2,2
13663,2,2
13664,2,2
13665,2,1
13666,3,1
13667,2,2
13668,2,2
13669,2,2
13670,3,3
13671,3,0
13672,2,0
13673,2,0
13674,2,2
13675,2,1
13676,2,0
13677,2,2
13678,2,2
13679,2,0
13680,2,2
13681,3,2
13682,2,2
13683,2,2
13684,2,1
13685,2,2
13686,3,1
13687,3,3
13688,3,0
13689,2,2
13690,2,0
13691,2,0
13692,2,2
13693,3,3
13694,2,2
13695,2,2
13696,2,2
13697,2,0
13698,2,2
13699,2,2
13700,3,3
13701,2,2
13702,2,2
13703,2,2
13704,3,1
13705,2,1
13706,2,2
13707,2,0
13708,4,4
13709,2,2
13710,3,2
13711,2,0
13712,2,2
13713,3,0
13714,2,0
13715,2,0
13716,2,0
13717,2,2
13718,3,2
13719,2,0
13720,2,0
13721,3,1
13722,2,1
13723,2,0
13724,4,0
13725,2,1
13726,2,0
13727,2,0
13728,2,1
13729,2,0
13730,4,2
13731,2,1
13732,2,2
13733,2,0
13734,2,1
13735,2,1
13736,2,2
13737,2,2
13738,2,0
13739,2,0
13740,4,2
13741,2,0
13742,2,0
13743,2,1
13744,2,0
13745,2,2
13746,2,0
13747,2,2
13748,2,0
13749,3,1
13750,2,0
13751,2,0
13752,2,1
13753,2,0
13754,2,0
13755,3,3
13756,3,3
13757,2,2
13758,2,2
13759,2,2
13760,2,1
13761,2,2
13762,2,1
13763,2,2
13764,2,2
13765,2,2
13766,2,0
13767,2,2
13768,2,0
13769,4,2
13770,2,1
13771,2,0
13772,4,0
13773,2,1
13774,3,3
13775,2,0
13776,2,0
13777,2,2
13778,3,1
13779,2,2
13780,3,3
13781,2,0
13782,2,0
13783,2,2
13784,2,2
13785,4,3
13786,2,1
13787,2,1
13788,2,2
13789,2,2
13790,2,2
13791,2,0
13792,2,0
13793,4,3
13794,2,2
13795,3,2
13796,2,2
13797,2,0
13798,2,2
13799,2,2
13800,2,2
13801,2,0
13802,2,0
13803,2,0
13804,3,3
13805,2,2
13806,2,0
13807,3,1
13808,2,2
13809,2,2
13810,2,2
13811,2,2
13812,2,1
13813,2,2
13814,2,1
13815,2,0
13816,2,2
13817,2,2
13818,2,1
13819,2,2
13820,3,0
13821,3,1
13822,4,2
13823,2,2
13824,2,0
13825,2,1
13826,2,0
13827,2,2
13828,2,2
13829,2,2
13830,2,1
13831,2,0
13832,3,3
13833,2,0
13834,2,2
13835,2,1
13836,2,1
13837,2,2
13838,2,2
13839,4,4
13840,2,0
13841,2,0
13842,2,1
13843,2,2
13844,2,2
13845,2,2
13846,2,2
13847,2,2
13848,2,2
13849,4,1
13850,2,0
13851,2,2
13852,2,0
13853,3,0
13854,2,0
13855,2,0
13856,2,2
13857,2,2
13858,2,1
13859,2,0
13860,2,0
13861,2,1
13862,2,2
13863,2,0
13864,2,0
13865,2,2
13866,2,2
13867,3,3
13868,4,3
13869,2,0
13870,3,2
13871,2,2
13872,2,2
13873,2,2
13874,2,0
13875,2,0
13876,3,3
13877,2,2
13878,2,0
13879,2,2
13880,2,1
13881,2,1
13882,2,1
13883,2,0
13884,2,2
13885,2,1
13886,2,2
13887,2,0
13888,4,0
13889,2,2
13890,2,0
13891,2,2
13892,2,1
13893,2,2
13894,2,0
13895,3,3
13896,3,1
13897,2,1
13898,2,1
13899,2,0
13900,3,3
13901,2,0
13902,2,0
13903,2,2
13904,2,0
13905,2,1
13906,2,0
13907,2,0
13908,3,0
13909,3,3
13910,2,1
13911,2,1
13912,2,2
13913,2,2
13914,4,1
13915,2,1
13916,4,2
13917,3,0
13918,3,3
13919,2,0
13920,2,2
13921,4,0
13922,2,2
13923,2,2
13924,2,2
13925,3,0
13926,3,0
13927,2,2
13928,2,2
13929,3,3
13930,2,1
13931,2,1
13932,4,2
13933,2,0
13934,2,2
13935,3,0
13936,2,1
13937,3,3
13938,4,2
13939,2,0
13940,3,2
13941,2,0
13942,2,2
13943,3,3
13944,2,2
13945,2,1
13946,2,1
13947,2,1
13948,2,2
13949,3,3
13950,2,1
13951,3,3
13952,3,3
13953,2,0
13954,2,2
13955,2,2
13956,2,0
13957,2,2
13958,2,1
13959,3,1
13960,2,1
13961,2,2
13962,3,1
13963,4,3
13964,2,1
13965,2,2
13966,2,2
13967,2,2
13968,4,3
13969,2,2
13970,2,2
13971,2,2
13972,4,4
13973,2,1
13974,2,2
13975,3,3
13976,2,0
13977,2,0
13978,2,0
13979,2,2
13980,2,2
13981,3,2
13982,2,2
13983,3,3
13984,2,2
13985,2,2
13986,3,0
13987,2,0
13988,3,3
13989,2,0
13990,3,1
13991,2,0
13992,2,2
13993,2,1
13994,2,1
13995,4,4
13996,2,2
13997,2,0
13998,2,2
13999,3,0
14000,2,2
14001,2,2
14002,2,1
14003,3,2
14004,2,2
14005,2,0
14006,2,1
14007,2,2
14008,2,1
14009,2,2
14010,2,0
14011,2,2
14012,2,0
14013,2,2
14014,2,0
14015,2,0
14016,2,2
14017,2,0
14018,2,0
14019,2,0
14020,3,2
14021,2,2
14022,2,0
14023,2,2
14024,2,0
14025,2,2
14026,2,2
14027,2,0
14028,2,0
14029,2,2
14030,2,2
14031,2,1
14032,2,0
14033,2,0
14034,3,0
14035,2,2
14036,2,1
14037,2,0
14038,2,2
14039,2,0
14040,2,0
14041,2,2
14042,2,2
14043,3,1
14044,2,1
14045,2,1
14046,2,2
14047,2,2
14048,2,0
14049,2,1
14050,2,2
14051,2,1
14052,2,2
14053,4,2
14054,2,0
14055,2,1
14056,2,2
14057,2,2
14058,3,3
14059,3,2
14060,2,0
14061,2,2
14062,2,0
14063,2,0
14064,2,0
14065,2,2
14066,2,2
14067,2,2
14068,4,0
14069,2,0
14070,2,1
14071,2,2
14072,4,4
14073,2,0
14074,2,1
14075,2,2
14076,2,2
14077,2,0
14078,2,2
14079,2,0
14080,2,1
14081,3,3
14082,2,0
14083,3,1
14084,2,0
14085,4,0
14086,2,0
14087,2,2
14088,3,0
14089,2,2
14090,2,0
14091,2,0
14092,2,1
14093,2,0
14094,2,1
14095,2,2
14096,2,1
14097,2,2
14098,4,3
14099,2,2
14100,2,2
14101,3,3
14102,2,0
14103,4,0
14104,2,1
14105,3,3
14106,2,0
14107,2,1
14108,2,2
14109,2,1
14110,3,1
14111,2,2
14112,2,2
14113,2,2
14114,2,2
14115,2,1
14116,2,1
14117,2,1
14118,2,0
14119,2,2
14120,2,2
14121,3,1
14122,2,2
14123,2,0
14124,3,3
14125,2,2
14126,2,0
14127,2,2
14128,2,1
14129,2,2
14130,2,2
14131,2,2
14132,2,1
14133,2,0
14134,2,2
14135,2,0
14136,2,0
14137,2,1
14138,2,1
14139,2,2
14140,2,2
14141,2,0
14142,2,2
14143,3,3
14144,2,1
14145,2,1
14146,2,2
14147,2,2
14148,2,2
14149,2,2
14150,2,2
14151,2,0
14152,3,0
14153,2,0
14154,2,0
14155,2,0
14156,2,0
14157,3,1
14158,3,3
14159,2,0
14160,3,0
14161,2,0
14162,2,2
14163,2,1
14164,2,2
14165,3,3
14166,3,2
14167,3,0
14168,2,2
14169,2,0
14170,2,0
14171,3,1
14172,2,2
14173,2,2
14174,2,1
14175,2,2
14176,3,3
14177,2,0
14178,2,1
14179,2,1
14180,2,1
14181,2,1
14182,2,2
14183,3,2
14184,2,0
14185,2,0
14186,2,2
14187,2,2
14188,3,3
14189,3,1
14190,2,0
14191,2,0
14192,3,3
14193,3,0
14194,2,2
14195,2,2
14196,2,1
14197,2,0
14198,2,1
14199,2,1
14200,2,0
14201,4,0
14202,2,0
14203,3,2
14204,2,2
14205,2,0
14206,2,0
14207,2,0
14208,3,2
14209,2,2
14210,3,0
14211,2,0
14212,3,1
14213,2,2
14214,2,2
14215,2,2
14216,4,4
14217,2,1
14218,2,2
14219,3,3
14220,2,0
14221,3,1
14222,2,2
14223,2,2
14224,3,3
14225,2,2
14226,2,1
14227,2,0
14228,3,2
14229,2,0
14230,3,2
14231,2,0
14232,2,1
14233,2,1
14234,2,2
14235,2,2
14236,3,1
14237,2,2
14238,2,2
14239,2,0
14240,3,1
14241,2,0
14242,2,2
14243,2,1
14244,4,0
14245,4,0
14246,3,3
14247,2,1
14248,2,1
14249,3,1
14250,4,0
14251,2,1
14252,2,2
14253,3,1
14254,2,0
14255,3,3
14256,2,2
14257,2,1
14258,3,3
14259,3,3
14260,2,1
14261,3,1
14262,2,0
14263,2,1
14264,2,2
14265,3,0
14266,3,0
14267,3,1
14268,3,1
14269,2,2
14270,2,0
14271,2,1
14272,2,2
14273,2,1
14274,2,1
14275,3,3
14276,2,2
14277,3,1
14278,2,0
14279,2,2
14280,2,1
14281,3,1
14282,2,2
14283,2,2
14284,4,0
14285,2,0
14286,2,2
14287,2,2
14288,4,2
14289,2,2
14290,2,2
14291,2,2
14292,2,2
14293,4,2
14294,3,2
14295,3,3
14296,2,2
14297,2,0
14298,2,2
14299,2,0
14300,2,1
14301,2,2
14302,4,2
14303,2,2
14304,3,2
14305,3,1
14306,3,3
14307,2,2
14308,2,2
14309,3,1
14310,2,0
14311,2,0
14312,3,3
14313,3,3
14314,2,0
14315,2,2
14316,2,1
14317,2,2
14318,2,0
14319,2,1
14320,4,3
14321,2,1
14322,3,3
14323,2,0
14324,2,0
14325,2,2
14326,2,1
14327,2,2
14328,2,2
14329,2,0
14330,2,2
14331,2,0
14332,2,2
14333,2,0
14334,2,2
14335,2,0
14336,2,2
14337,2,2
14338,2,2
14339,2,0
14340,2,1
14341,2,2
14342,3,2
14343,2,2
14344,4,0
14345,4,4
14346,2,0
14347,2,2
14348,2,0
14349,2,0
14350,2,2
14351,2,0
14352,2,0
14353,3,1
14354,3,3
14355,2,0
14356,3,1
14357,2,1
14358,2,1
14359,2,0
14360,3,2
14361,3,2
14362,3,1
14363,2,2
14364,2,2
14365,4,1
14366,4,4
14367,2,0
14368,2,1
14369,2,1
14370,2,0
14371,3,1
14372,2,1
14373,2,2
14374,2,0
14375,2,0
14376,2,0
14377,2,2
14378,3,0
14379,2,1
14380,3,2
14381,3,1
14382,2,2
14383,2,2
14384,2,2
14385,2,2
14386,2,2
14387,2,1
14388,2,0
14389,2,0
14390,3,3
14391,2,2
14392,2,2
14393,2,0
14394,2,0
14395,4,4
14396,2,0
14397,2,1
14398,2,0
14399,3,0
14400,2,2
14401,4,1
14402,3,3
14403,2,2
14404,2,2
14405,2,0
14406,4,2
14407,2,2
14408,2,1
14409,3,1
14410,2,0
14411,2,2
14412,2,1
14413,4,4
14414,2,0
14415,2,2
14416,2,1
14417,2,2
14418,2,0
14419,4,3
14420,3,3
14421,2,0
14422,3,1
14423,3,1
14424,2,2
14425,2,1
14426,2,2
14427,2,0
14428,3,3
14429,2,2
14430,2,1
14431,2,0
14432,3,0
14433,2,2
14434,3,2
14435,2,2
14436,2,2
14437,2,0
14438,2,0
14439,2,0
14440,2,0
14441,3,1
14442,2,1
14443,2,2
14444,2,1
14445,3,1
14446,2,2
14447,3,1
14448,3,3
14449,2,1
14450,2,2
14451,4,4
14452,2,2
14453,2,2
14454,2,2
14455,3,1
14456,2,0
14457,2,2
14458,3,0
14459,3,0
14460,3,1
14461,2,2
14462,2,0
14463,2,2
14464,4,2
14465,2,2
14466,2,0
14467,2,2
14468,3,3
14469,3,2
14470,4,2
14471,2,0
14472,2,0
14473,2,2
14474,3,3
14475,2,2
14476,2,0
14477,2,0
14478,2,2
14479,3,3
14480,3,2
14481,2,0
14482,2,1
14483,2,1
14484,4,1
14485,3,3
14486,2,2
14487,2,0
14488,2,2
14489,2,1
14490,4,2
14491,2,0
14492,3,3
14493,2,2
14494,3,0
14495,2,2
14496,2,2
14497,3,0
14498,2,2
14499,2,2
14500,4,4
14501,4,2
14502,2,1
14503,2,1
14504,3,1
14505,2,0
14506,2,2
14507,2,0
14508,3,0
14509,2,2
14510,2,0
14511,3,1
14512,3,2
14513,2,2
14514,2,0
14515,2,2
14516,2,0
14517,2,2
14518,2,1
14519,2,2
14520,2,0
14521,4,1
14522,2,0
14523,2,2
14524,2,1
14525,2,1
14526,2,2
14527,2,2
14528,2,1
14529,2,2
14530,2,2
14531,2,0
14532,2,2
14533,2,0
14534,2,0
14535,2,2
14536,2,0
14537,2,1
14538,2,2
14539,2,0
14540,2,0
14541,2,1
14542,3,3
14543,2,1
14544,2,0
14545,2,1
14546,2,1
14547,2,1
14548,2,0
14549,2,1
14550,2,2
14551,2,2
14552,2,1
14553,3,1
14554,2,0
14555,2,0
14556,3,2
14557,2,0
14558,2,2
14559,2,2
14560,2,0
14561,3,3
14562,2,2
14563,3,0
14564,2,0
14565,2,1
14566,2,2
14567,2,0
14568,2,0
14569,2,1
14570,2,0
14571,3,2
14572,2,2
14573,2,2
14574,2,1
14575,2,0
14576,3,3
14577,2,1
14578,2,2
14579,4,4
14580,3,3
14581,2,0
14582,3,1
14583,2,2
14584,2,2
14585,2,0
14586,3,0
14587,2,0
14588,2,1
14589,2,1
14590,2,2
14591,4,3
14592,3,3
14593,2,1
14594,2,1
14595,2,1
14596,2,2
14597,3,2
14598,3,1
14599,2,2
14600,4,3
14601,3,0
14602,2,2
14603,2,2
14604,2,2
14605,3,0
14606,2,0
14607,2,0
14608,2,2
14609,2,2
14610,2,2
14611,2,0
14612,3,3
14613,2,2
14614,2,0
14615,2,1
14616,3,3
14617,2,2
14618,3,2
14619,2,2
14620,2,0
14621,2,0
14622,2,0
14623,2,0
14624,4,1
14625,4,0
14626,2,1
14627,2,1
14628,3,3
14629,2,2
14630,4,4
14631,2,1
14632,3,1
14633,2,0
14634,2,1
14635,2,0
14636,2,2
14637,2,1
14638,2,1
14639,2,2
14640,3,2
14641,3,3
14642,2,2
14643,2,2
14644,2,2
14645,2,0
14646,2,2
14647,3,0
14648,2,0
14649,3,3
14650,2,2
14651,2,2
14652,2,2
14653,2,2
14654,2,1
14655,2,0
14656,2,1
14657,3,2
14658,2,1
14659,2,0
14660,4,2
14661,2,1
14662,2,2
14663,3,1
14664,2,0
14665,4,0
14666,2,2
14667,2,2
14668,3,3
14669,2,2
14670,2,1
14671,2,2
14672,2,2
14673,2,0
14674,2,2
14675,2,2
14676,4,2
14677,2,2
14678,3,1
14679,2,2
14680,4,3
14681,4,1
14682,2,0
14683,3,3
14684,2,0
14685,2,2
14686,2,0
14687,2,2
14688,2,0
14689,2,2
14690,2,2
14691,2,1
14692,3,0
14693,2,0
14694,2,1
14695,2,2
14696,3,2
14697,2,0
14698,2,0
14699,2,1
14700,2,0
14701,2,2
14702,2,2
14703,2,2
14704,2,0
14705,3,2
14706,2,1
14707,2,1
14708,2,1
14709,3,3
14710,3,0
14711,2,2
14712,3,0
14713,2,2
14714,3,1
14715,2,2
14716,2,0
14717,2,2
14718,2,2
14719,2,1
14720,4,3
14721,2,0
14722,2,2
14723,2,0
14724,3,1
14725,2,0
14726,3,2
14727,4,2
14728,2,2
14729,3,1
14730,2,2
14731,2,1
14732,2,1
14733,2,0
14734,3,1
14735,2,2
14736,3,2
14737,2,0
14738,2,2
14739,2,1
14740,2,0
14741,2,2
14742,2,1
14743,2,2
14744,2,2
14745,4,2
14746,3,1
14747,2,2
14748,2,2
14749,3,1
14750,2,2
14751,2,1
14752,2,1
14753,2,2
14754,3,0
14755,2,0
14756,4,3
14757,2,0
14758,2,2
14759,2,0
14760,3,1
14761,2,1
14762,2,1
14763,2,0
14764,2,0
14765,3,1
14766,3,0
14767,2,2
14768,4,3
14769,2,0
14770,2,2
14771,3,3
14772,2,0
14773,3,0
14774,2,1
14775,2,2
14776,4,1
14777,3,2
14778,2,1
14779,2,0
14780,2,2
14781,3,2
14782,2,1
14783,2,2
14784,2,0
14785,2,2
14786,2,2
14787,2,2
14788,2,1
14789,2,2
14790,3,0
14791,2,1
14792,2,2
14793,2,0
14794,2,2
14795,2,2
14796,4,2
14797,2,2
14798,3,3
14799,3,3
14800,2,0
14801,3,1
14802,3,0
14803,2,0
14804,2,0
14805,4,4
14806,2,2
14807,4,3
14808,2,2
14809,2,1
14810,2,0
14811,2,0
14812,4,0
14813,3,3
14814,2,0
14815,2,0
14816,2,0
14817,2,2
14818,2,0
14819,2,0
14820,2,1
14821,2,1
14822,2,1
14823,3,1
14824,2,2
14825,2,1
14826,2,0
14827,2,1
14828,2,2
14829,2,0
14830,2,2
14831,2,1
14832,2,0
14833,2,0
14834,2,2
14835,3,0
14836,3,1
14837,2,2
14838,3,0
14839,3,2
14840,2,0
14841,2,0
14842,2,2
14843,2,2
14844,2,0
14845,2,1
14846,3,1
14847,2,0
14848,2,1
14849,2,2
14850,2,2
14851,2,2
14852,3,1
14853,2,2
14854,2,0
14855,2,2
14856,3,1
14857,2,2
14858,2,0
14859,2,0
14860,2,2
14861,3,2
14862,2,2
14863,3,1
14864,2,2
14865,2,0
14866,2,2
14867,2,0
14868,3,0
14869,3,1
14870,2,1
14871,3,0
14872,2,0
14873,2,2
14874,2,0
14875,4,0
14876,3,2
14877,4,3
14878,2,0
14879,2,0
14880,2,0
14881,4,2
14882,2,2
14883,4,1
14884,2,2
14885,2,2
14886,2,2
14887,2,2
14888,2,0
14889,4,0
14890,2,0
14891,3,0
14892,2,0
14893,2,2
14894,2,2
14895,3,3
14896,3,2
14897,2,1
14898,3,3
14899,2,1
14900,3,3
14901,3,3
14902,4,4
14903,2,2
14904,2,0
14905,2,2
14906,2,2
14907,2,0
14908,2,0
14909,3,0
14910,2,2
14911,2,1
14912,4,3
14913,2,2
14914,2,1
14915,4,2
14916,2,2
14917,2,0
14918,3,3
14919,2,0
14920,2,1
14921,2,0
14922,2,0
14923,2,2
14924,3,3
14925,2,2
14926,2,1
14927,2,2
14928,2,2
14929,2,2
14930,2,2
14931,3,1
14932,2,0
14933,3,3
14934,2,0
14935,2,1
14936,2,2
14937,2,2
14938,2,0
14939,2,2
14940,2,2
14941,2,2
14942,4,1
14943,2,0
14944,2,2
14945,3,0
14946,3,3
14947,2,1
14948,2,2
14949,3,0
14950,2,0
14951,4,0
14952,2,2
14953,2,0
14954,3,1
14955,3,1
14956,2,2
14957,2,1
14958,3,2
14959,2,0
14960,2,2
14961,3,1
14962,2,2
14963,3,2
14964,2,0
14965,3,0
14966,2,2
14967,2,0
14968,2,1
14969,2,0
14970,2,2
14971,2,1
14972,2,1
14973,2,2
14974,2,1
14975,2,1
14976,2,0
14977,3,2
14978,2,2
14979,2,2
14980,2,0
14981,2,2
14982,2,2
14983,2,0
14984,2,2
14985,2,2
14986,2,2
14987,3,0
14988,2,2
14989,2,0
14990,4,1
14991,2,2
14992,2,2
14993,2,1
14994,2,2
14995,3,0
14996,2,2
14997,2,2
14998,2,2
14999,3,3
15000,2,2
15001,2,1
15002,2,2
15003,3,0
15004,3,0
15005,2,2
15006,4,4
15007,2,2
15008,2,1
15009,4,4
15010,3,1
15011,2,2
15012,2,0
15013,2,2
15014,2,0
15015,2,2
15016,2,2
15017,2,2
15018,2,2
15019,4,4
15020,2,2
15021,4,2
15022,3,3
15023,3,2
15024,2,0
15025,3,0
15026,4,0
15027,2,2
15028,2,2
15029,2,2
15030,2,1
15031,4,1
15032,2,0
15033,2,0
15034,2,2
15035,2,2
15036,2,0
15037,4,2
15038,2,2
15039,2,1
15040,2,1
15041,2,2
15042,2,2
15043,2,2
15044,4,3
15045,4,4
15046,2,2
15047,2,2
15048,2,2
15049,2,2
15050,2,1
15051,4,1
15052,4,4
15053,2,1
15054,2,0
15055,2,2
15056,2,0
15057,2,0
15058,2,0
15059,2,0
15060,2,2
15061,2,2
15062,2,2
15063,2,0
15064,2,2
15065,2,1
15066,2,2
15067,2,1
15068,2,0
15069,2,2
15070,2,2
15071,4,0
15072,3,0
15073,2,1
15074,2,0
15075,2,2
15076,2,2
15077,4,2
15078,2,2
15079,2,2
15080,2,0
15081,2,0
15082,2,0
15083,2,0
15084,2,2
15085,2,2
15086,2,0
15087,2,0
15088,2,2
15089,2,0
15090,2,0
15091,2,0
15092,2,0
15093,2,2
15094,2,0
15095,2,1
15096,2,0
15097,2,2
15098,2,2
15099,2,2
15100,2,0
15101,2,2
15102,2,2
15103,2,2
15104,2,0
15105,4,4
15106,2,2
15107,2,0
15108,2,2
15109,2,0
15110,2,2
15111,4,1
15112,2,2
15113,2,0
15114,2,0
15115,2,2
15116,2,2
15117,2,0
15118,2,2
15119,3,3
15120,4,4
15121,2,2
15122,2,0
15123,2,2
15124,2,0
15125,2,2
15126,4,4
15127,3,2
15128,2,2
15129,3,3
15130,2,2
15131,2,2
15132,3,1
15133,3,3
15134,4,3
15135,3,1
15136,2,2
15137,2,2
15138,2,2
15139,3,1
15140,2,1
15141,3,0
15142,2,2
15143,4,1
15144,2,0
15145,3,1
15146,3,3
15147,2,2
15148,2,1
15149,2,2
15150,2,2
15151,2,0
15152,2,0
15153,2,2
15154,4,3
15155,2,2
15156,2,2
15157,2,0
15158,2,1
15159,2,0
15160,3,0
15161,2,2
15162,2,0
15163,2,0
15164,4,4
15165,2,1
15166,3,0
15167,2,0
15168,2,1
15169,3,3
15170,2,1
15171,2,0
15172,2,1
15173,2,2
15174,2,2
15175,2,2
15176,2,2
15177,2,1
15178,2,2
15179,3,2
15180,2,2
15181,4,4
15182,2,1
15183,3,2
15184,2,2
15185,2,2
15186,2,1
15187,2,2
15188,2,1
15189,3,1
15190,2,2
15191,4,4
15192,2,1
15193,2,0
15194,3,1
15195,2,2
15196,2,2
15197,2,2
15198,2,2
15199,2,2
15200,2,2
15201,2,0
15202,2,1
15203,2,2
15204,3,3
15205,3,1
15206,3,2
15207,2,2
15208,2,1
15209,2,0
15210,2,2
15211,4,1
15212,3,1
15213,2,0
15214,3,0
15215,2,1
15216,4,1
15217,3,3
15218,2,0
15219,3,2
15220,2,0
15221,2,1
15222,3,2
15223,2,2
15224,2,2
15225,2,2
15226,2,0
15227,2,0
15228,2,2
15229,2,2
15230,2,1
15231,3,2
15232,3,3
15233,2,2
15234,2,0
15235,2,1
15236,2,2
15237,2,2
15238,2,2
15239,2,2
15240,2,2
15241,4,1
15242,2,2
15243,2,1
15244,3,0
15245,2,0
15246,2,0
15247,2,0
15248,2,0
15249,2,1
15250,2,2
15251,2,0
15252,2,0
15253,3,3
15254,2,2
15255,2,0
15256,4,4
15257,2,0
15258,2,0
15259,2,0
15260,2,2
15261,2,0
15262,2,0
15263,2,2
15264,2,0
15265,2,0
15266,2,2
15267,2,0
15268,2,2
15269,3,0
15270,2,1
15271,3,2
15272,2,1
15273,2,0
15274,2,2
15275,4,4
15276,3,3
15277,2,0
15278,3,1
15279,3,1
15280,2,2
15281,4,3
15282,2,0
15283,2,1
15284,2,0
15285,2,2
15286,2,2
15287,2,0
15288,2,0
15289,3,1
15290,2,2
15291,4,4
15292,2,0
15293,3,3
15294,2,0
15295,2,2
15296,2,0
15297,2,0
15298,2,0
15299,2,1
15300,2,2
15301,2,2
15302,2,2
15303,2,2
15304,3,3
15305,2,2
15306,2,2
15307,2,0
15308,4,4
15309,2,2
15310,2,2
15311,2,1
15312,2,0
15313,2,0
15314,3,1
15315,2,1
15316,3,2
15317,2,0
15318,3,3
15319,2,1
15320,2,0
15321,2,2
15322,2,0
15323,3,1
15324,2,2
15325,4,3
15326,2,0
15327,4,4
15328,2,2
15329,2,1
15330,3,1
15331,2,2
15332,2,2
15333,2,1
15334,3,0
15335,2,2
15336,3,3
15337,2,2
15338,4,2
15339,2,2
15340,3,2
15341,2,2
15342,2,2
15343,2,0
15344,2,0
15345,2,0
15346,2,0
15347,2,1
15348,2,2
15349,3,0
15350,2,1
15351,2,2
15352,3,0
15353,2,1
15354,3,3
15355,2,1
15356,2,0
15357,2,1
15358,4,4
15359,2,2
15360,3,3
15361,2,2
15362,2,2
15363,2,0
15364,2,2
15365,2,2
15366,2,0
15367,4,4
15368,2,2
15369,2,2
15370,2,2
15371,2,2
15372,2,0
15373,3,0
15374,2,0
15375,2,2
15376,2,0
15377,2,1
15378,2,2
15379,2,0
15380,2,1
15381,3,2
15382,2,2
15383,2,1
15384,3,1
15385,2,0
15386,2,2
15387,4,4
15388,2,1
15389,2,2
15390,2,0
15391,3,1
15392,2,2
15393,2,1
15394,2,1
15395,2,1
15396,2,2
15397,3,1
15398,2,0
15399,3,0
15400,2,2
15401,2,0
15402,3,1
15403,2,0
15404,2,2
15405,2,1
15406,3,2
15407,2,0
15408,2,0
15409,2,0
15410,2,1
15411,3,0
15412,2,0
15413,2,0
15414,2,2
15415,2,2
15416,2,2
15417,2,0
15418,2,1
15419,2,2
15420,2,0
15421,2,0
15422,3,3
15423,2,2
15424,4,0
15425,2,2
15426,3,1
15427,2,2
15428,2,2
15429,2,2
15430,2,0
15431,2,1
15432,2,0
15433,2,0
15434,3,2
15435,3,3
15436,2,1
15437,3,0
15438,3,0
15439,2,0
15440,2,2
15441,2,1
15442,2,2
15443,2,2
15444,2,2
15445,2,0
15446,3,1
15447,2,1
15448,2,2
15449,2,2
15450,2,1
15451,2,2
15452,2,2
15453,3,2
15454,2,2
15455,3,2
15456,3,3
15457,2,2
15458,4,0
15459,3,0
15460,2,1
15461,2,2
15462,2,2
15463,3,1
15464,2,2
15465,2,1
15466,4,3
15467,2,2
15468,2,1
15469,2,2
15470,2,2
15471,2,2
15472,2,2
15473,2,2
15474,2,0
15475,2,0
15476,4,0
15477,3,2
15478,2,1
15479,2,2
15480,3,3
15481,2,2
15482,3,1
15483,2,0
15484,2,2
15485,2,2
15486,2,2
15487,3,2
15488,3,1
15489,2,2
15490,3,1
15491,2,2
15492,3,3
15493,2,1
15494,2,2
15495,2,2
15496,2,0
15497,2,1
15498,2,1
15499,3,3
15500,2,2
15501,2,2
15502,3,3
15503,2,2
15504,2,2
15505,3,3
15506,4,4
15507,2,2
15508,2,1
15509,2,2
15510,2,2
15511,2,2
15512,3,3
15513,2,1
15514,2,0
15515,2,0
15516,2,1
15517,2,2
15518,2,2
15519,4,2
15520,2,2
15521,2,0
15522,2,0
15523,2,2
15524,2,2
15525,4,2
15526,2,1
15527,3,3
15528,3,1
15529,2,2
15530,2,1
15531,2,2
15532,3,3
15533,2,0
15534,3,3
15535,2,0
15536,3,0
15537,2,2
15538,2,2
15539,3,0
15540,2,0
15541,2,0
15542,2,2
15543,2,0
15544,2,0
15545,2,0
15546,2,1
15547,2,0
15548,2,0
15549,2,2
15550,3,1
15551,2,2
15552,2,2
15553,2,0
15554,2,2
15555,2,2
15556,2,2
15557,2,1
15558,4,1
15559,3,1
15560,4,1
15561,3,3
15562,2,1
15563,2,2
15564,2,2
15565,2,2
15566,2,0
15567,2,2
15568,2,0
15569,2,0
15570,2,0
15571,3,3
15572,3,0
15573,4,4
15574,3,3
15575,2,0
15576,2,1
15577,4,1
15578,3,3
15579,2,1
15580,4,4
15581,2,0
15582,2,0
15583,3,3
15584,3,2
15585,2,2
15586,2,2
15587,2,0
15588,2,0
15589,2,2
15590,2,2
15591,2,2
15592,2,1
15593,2,0
15594,2,0
15595,2,2
15596,3,3
15597,2,2
15598,3,2
15599,2,2
15600,2,0
15601,2,2
15602,2,2
15603,3,2
15604,3,2
15605,2,2
15606,2,0
15607,2,2
15608,2,0
15609,2,1
15610,2,2
15611,2,2
15612,4,0
15613,2,2
15614,2,2
15615,2,2
15616,4,2
15617,3,3
15618,2,1
15619,2,0
15620,2,2
15621,2,2
15622,2,2
15623,3,0
15624,4,4
15625,2,1
15626,2,0
15627,2,2
15628,2,0
15629,4,0
15630,2,1
15631,2,0
15632,2,1
15633,3,0
15634,2,0
15635,3,2
15636,2,1
15637,2,2
15638,3,1
15639,3,3
15640,3,3
15641,3,0
15642,4,2
15643,3,2
15644,2,2
15645,3,0
15646,2,1
15647,2,2
15648,2,2
15649,2,0
15650,2,0
15651,2,2
15652,3,2
15653,3,2
15654,3,3
15655,2,1
15656,2,1
15657,2,2
15658,2,0
15659,2,0
15660,2,1
15661,2,0
15662,2,2
15663,2,2
15664,2,1
15665,2,2
15666,2,2
15667,2,0
15668,2,2
15669,2,2
15670,2,0
15671,2,2
15672,2,1
15673,2,1
15674,2,2
15675,2,2
15676,2,2
15677,3,3
15678,3,2
15679,4,2
15680,2,0
15681,2,2
15682,2,0
15683,2,2
15684,3,0
15685,3,0
15686,3,0
15687,2,2
15688,2,0
15689,4,0
15690,2,2
15691,2,2
15692,4,4
15693,2,1
15694,2,1
15695,4,3
15696,2,0
15697,2,2
15698,3,1
15699,2,0
15700,3,3
15701,2,0
15702,4,4
15703,2,2
15704,3,0
15705,2,2
15706,3,0
15707,3,1
15708,2,0
15709,2,0
15710,2,0
15711,2,2
15712,2,1
15713,2,0
15714,2,2
15715,3,3
15716,2,0
15717,2,0
15718,2,0
15719,2,2
15720,2,2
15721,2,1
15722,3,2
15723,3,2
15724,2,1
15725,3,1
15726,2,1
15727,4,4
15728,2,0
15729,3,3
15730,2,0
15731,4,1
15732,3,3
15733,3,3
15734,2,1
15735,2,2
15736,2,2
15737,4,4
15738,3,1
15739,2,0
15740,3,1
15741,2,0
15742,2,2
15743,2,2
15744,2,0
15745,2,0
15746,2,0
15747,2,2
15748,3,3
15749,2,0
15750,2,2
15751,2,0
15752,2,1
15753,2,0
15754,2,2
15755,2,2
15756,2,0
15757,3,3
15758,2,2
15759,3,1
15760,2,1
15761,3,1
15762,4,2
15763,2,2
15764,2,2
15765,2,0
15766,2,0
15767,2,2
15768,3,1
15769,2,2
15770,2,2
15771,2,2
15772,2,2
15773,4,1
15774,4,4
15775,4,4
15776,3,2
15777,2,2
15778,2,2
15779,2,0
15780,4,3
15781,2,1
15782,2,2
15783,3,0
15784,2,0
15785,3,3
15786,2,1
15787,2,2
15788,2,1
15789,3,3
15790,2,2
15791,2,2
15792,2,0
15793,3,0
15794,2,0
15795,2,2
15796,2,2
15797,3,3
15798,3,2
15799,2,0
15800,3,3
15801,2,0
15802,2,1
15803,2,2
15804,4,4
15805,3,2
15806,3,3
15807,2,1
15808,2,2
15809,2,2
15810,2,0
15811,2,2
15812,2,0
15813,2,2
15814,3,1
15815,3,3
15816,3,3
15817,3,2
15818,2,2
15819,2,2
15820,2,0
15821,2,2
15822,2,2
15823,2,2
15824,2,1
15825,2,2
15826,2,0
15827,2,2
15828,2,2
15829,2,2
15830,2,2
15831,2,0
15832,3,3
15833,2,0
15834,3,2
15835,2,2
15836,3,3
15837,2,0
15838,2,1
15839,3,3
15840,2,1
15841,2,0
15842,3,2
15843,2,0
15844,2,2
15845,2,0
15846,2,0
15847,3,1
15848,2,0
15849,4,4
15850,3,3
15851,2,0
15852,2,1
15853,2,0
15854,2,2
15855,4,2
15856,2,2
15857,2,2
15858,2,2
15859,2,0
15860,2,1
15861,2,2
15862,2,2
15863,3,3
15864,2,0
15865,2,0
15866,2,0
15867,2,2
15868,3,3
15869,3,3
15870,3,2
15871,2,1
15872,2,0
15873,3,2
15874,2,2
15875,2,0
15876,2,0
15877,2,2
15878,3,0
15879,2,0
15880,4,2
15881,2,0
15882,2,2
15883,4,4
15884,2,0
15885,2,1
15886,3,1
15887,4,4
15888,2,2
15889,2,0
15890,2,0
15891,2,0
15892,3,3
15893,2,0
15894,3,3
15895,2,2
15896,2,2
15897,2,2
15898,2,2
15899,2,2
15900,3,3
15901,2,2
15902,3,0
15903,2,2
15904,2,0
15905,2,1
15906,3,1
15907,2,2
15908,3,3
15909,2,0
15910,2,0
15911,2,2
15912,2,2
15913,4,4
15914,2,2
15915,2,2
15916,2,2
15917,2,2
15918,2,0
15919,3,3
15920,2,2
15921,3,1
15922,2,0
15923,2,1
15924,2,2
15925,3,1
15926,2,0
15927,3,3
15928,3,0
15929,2,0
15930,2,0
15931,2,1
15932,2,0
15933,2,2
15934,3,3
15935,2,0
15936,2,2
15937,2,0
15938,2,2
15939,2,0
15940,3,2
15941,4,4
15942,2,0
15943,2,1
15944,2,2
15945,2,1
15946,2,1
15947,2,2
15948,3,3
15949,2,2
15950,4,4
15951,2,0
15952,3,2
15953,2,2
15954,2,2
15955,2,0
15956,3,1
15957,2,1
15958,2,2
15959,2,0
15960,3,2
15961,2,0
15962,2,2
15963,3,1
15964,4,3
15965,2,1
15966,3,1
15967,4,2
15968,4,1
15969,4,0
15970,2,1
15971,2,1
15972,2,1
15973,3,0
15974,2,2
15975,2,2
15976,2,2
15977,3,3
15978,2,2
15979,2,2
15980,2,0
15981,2,0
15982,2,2
15983,2,0
15984,2,0
15985,2,2
15986,3,3
15987,2,2
15988,2,0
15989,2,1
15990,2,2
15991,2,2
15992,2,2
15993,2,0
15994,2,2
15995,2,2
15996,2,2
15997,2,1
15998,2,2
15999,2,2
16000,2,2
16001,3,2
16002,2,0
16003,2,1
16004,2,2
16005,2,1
16006,2,0
16007,4,3
16008,2,2
16009,2,0
16010,2,2
16011,2,2
16012,3,1
16013,2,1
16014,3,0
16015,4,4
16016,2,2
16017,2,0
16018,2,0
16019,4,4
16020,2,1
16021,2,2
16022,2,2
16023,2,2
16024,3,2
16025,2,1
16026,2,1
16027,2,0
16028,2,0
16029,2,1
16030,2,0
16031,3,2
16032,2,2
16033,2,1
16034,2,2
16035,3,3
16036,3,3
16037,2,1
16038,4,0
16039,2,1
16040,2,1
16041,2,0
16042,3,3
16043,2,0
16044,2,1
16045,4,0
16046,4,0
16047,2,2
16048,2,0
16049,3,1
16050,2,2
16051,2,0
16052,2,2
16053,2,0
16054,2,0
16055,2,0
16056,4,4
16057,2,2
16058,2,2
16059,2,2
16060,2,1
16061,3,1
16062,2,2
16063,4,3
16064,2,0
16065,2,0
16066,2,2
16067,3,3
16068,3,3
16069,2,0
16070,3,2
16071,2,0
16072,3,1
16073,2,2
16074,2,2
16075,3,1
16076,2,1
16077,2,2
16078,2,2
16079,2,2
16080,4,0
16081,3,2
16082,2,0
16083,2,2
16084,4,3
16085,4,4
16086,2,2
16087,3,1
16088,2,2
16089,4,1
16090,2,2
16091,2,2
16092,2,2
16093,3,3
16094,2,0
16095,4,2
16096,2,2
16097,2,1
16098,2,2
16099,3,2
16100,2,2
16101,3,2
16102,3,2
16103,3,2
16104,2,2
16105,2,2
16106,2,1
16107,2,2
16108,3,0
16109,3,3
16110,4,4
16111,3,0
16112,2,1
16113,2,0
16114,2,2
16115,3,1
16116,3,3
16117,2,0
16118,2,0
16119,3,3
16120,2,2
16121,2,1
16122,2,0
16123,2,2
16124,2,2
16125,3,1
16126,2,2
16127,3,1
16128,2,2
16129,2,0
16130,2,2
16131,2,2
16132,2,0
16133,2,0
16134,3,3
16135,2,2
16136,2,2
16137,3,2
16138,2,2
16139,2,2
16140,2,2
16141,4,4
16142,2,2
16143,4,2
16144,2,1
16145,2,2
16146,2,2
16147,4,0
16148,2,1
16149,2,0
16150,2,1
16151,2,1
16152,2,2
16153,2,0
16154,2,2
16155,3,0
16156,2,1
16157,2,0
16158,4,0
16159,2,2
16160,2,0
16161,2,2
16162,2,2
16163,4,4
16164,2,1
16165,3,1
16166,2,2
16167,3,2
16168,2,1
16169,2,1
16170,2,0
16171,2,0
16172,4,4
16173,2,2
16174,2,2
16175,2,1
16176,2,2
16177,2,0
16178,2,2
16179,2,2
16180,2,1
16181,4,2
16182,2,2
16183,2,2
16184,2,0
16185,2,1
16186,2,0
16187,2,2
16188,4,0
16189,2,2
16190,2,2
16191,3,3
16192,2,2
16193,4,1
16194,3,1
16195,2,2
16196,2,1
16197,2,2
16198,2,0
16199,2,2
16200,2,2
16201,2,2
16202,2,0
16203,2,2
16204,2,0
16205,4,2
16206,2,0
16207,2,2
16208,2,1
16209,2,2
16210,4,0
16211,2,1
16212,3,2
16213,2,0
16214,2,1
16215,2,2
16216,4,2
16217,3,3
16218,2,0
16219,2,1
16220,2,2
16221,2,1
16222,2,2
16223,2,2
16224,2,2
16225,2,2
16226,2,0
16227,2,1
16228,4,0
16229,3,3
16230,2,2
16231,2,0
16232,3,3
16233,3,1
16234,3,0
16235,3,1
16236,2,1
16237,2,2
16238,2,0
16239,2,1
16240,3,1
16241,3,3
16242,2,1
16243,3,0
16244,2,2
16245,2,2
16246,2,0
16247,2,2
16248,2,2
16249,3,0
16250,3,3
16251,3,3
16252,4,4
16253,2,2
16254,3,2
16255,2,2
16256,3,3
16257,3,3
16258,2,2
16259,3,2
16260,2,2
16261,2,1
16262,2,0
16263,2,2
16264,2,0
16265,2,0
16266,2,0
16267,2,0
16268,2,0
16269,4,0
16270,2,1
16271,2,2
16272,2,1
16273,2,2
16274,3,3
16275,2,2
16276,2,2
16277,2,2
16278,3,3
16279,3,1
16280,2,2
16281,2,2
16282,2,2
16283,2,0
16284,2,0
16285,4,3
16286,3,1
16287,2,1
16288,2,2
16289,3,0
16290,2,0
16291,4,2
16292,2,0
16293,4,2
16294,2,2
16295,4,4
16296,3,3
16297,2,1
16298,2,2
16299,2,2
16300,2,1
16301,2,0
16302,2,2
16303,2,2
16304,3,3
16305,3,1
16306,2,0
16307,2,1
16308,2,2
16309,2,2
16310,2,2
16311,2,2
16312,2,2
16313,2,1
16314,2,2
16315,2,2
16316,3,2
16317,2,0
16318,2,2
16319,2,2
16320,2,2
16321,2,2
16322,2,2
16323,2,2
16324,2,1
16325,2,2
16326,3,1
16327,3,3
16328,4,4
16329,3,2
16330,2,2
16331,3,1
16332,2,0
16333,2,1
16334,2,2
16335,2,1
16336,3,2
16337,2,2
16338,2,2
16339,4,1
16340,4,0
16341,2,1
16342,3,3
16343,2,1
16344,3,3
16345,2,2
16346,2,2
16347,2,0
16348,2,0
16349,2,0
16350,4,4
16351,3,1
16352,2,2
16353,2,0
16354,2,2
16355,2,0
16356,2,2
16357,2,2
16358,2,1
16359,2,0
16360,2,1
16361,2,0
16362,3,3
16363,2,2
16364,2,2
16365,3,0
16366,3,3
16367,2,0
16368,2,1
16369,2,0
16370,2,0
16371,2,1
16372,2,0
16373,3,0
16374,2,2
16375,2,0
16376,2,0
16377,2,0
16378,2,0
16379,3,1
16380,4,4
16381,2,0
16382,3,0
16383,2,2
16384,3,2
16385,2,0
16386,4,0
16387,2,0
16388,2,2
16389,2,1
16390,2,1
16391,4,4
16392,2,0
16393,2,2
16394,2,1
16395,2,2
16396,2,0
16397,4,2
16398,2,0
16399,2,2
16400,2,0
16401,3,0
16402,2,0
16403,2,2
16404,2,2
16405,4,0
16406,2,0
16407,3,3
16408,2,2
16409,3,3
16410,2,2
16411,2,2
16412,3,1
16413,2,2
16414,2,0
16415,2,1
16416,3,3
16417,3,1
16418,2,0
16419,2,2
16420,2,2
16421,4,3
16422,2,1
16423,2,2
16424,2,1
16425,2,1
16426,2,0
16427,2,1
16428,2,1
16429,2,0
16430,4,2
16431,2,0
16432,3,1
16433,2,0
16434,4,4
16435,2,2
16436,2,2
16437,2,0
16438,2,2
16439,2,0
16440,2,2
16441,2,2
16442,2,2
16443,2,0
16444,2,0
16445,4,2
16446,2,0
16447,2,2
16448,2,2
16449,3,3
16450,4,1
16451,3,1
16452,2,1
16453,2,0
16454,3,3
16455,2,0
16456,2,2
16457,2,0
16458,2,0
16459,2,0
16460,2,2
16461,3,1
16462,2,2
16463,2,2
16464,3,1
16465,2,2
16466,2,2
16467,2,1
16468,2,0
16469,4,4
16470,2,2
16471,4,2
16472,2,0
16473,4,4
16474,2,1
16475,4,4
16476,2,0
16477,2,1
16478,2,2
16479,2,1
16480,3,0
16481,2,1
16482,2,1
16483,2,2
16484,2,2
16485,3,3
16486,2,2
16487,2,2
16488,2,2
16489,2,2
16490,2,2
16491,2,0
16492,2,0
16493,2,0
16494,2,2
16495,2,2
16496,2,0
16497,2,2
16498,2,0
16499,3,0
16500,4,4
16501,2,2
16502,2,2
16503,2,2
16504,3,3
16505,2,2
16506,2,0
16507,3,2
16508,3,1
16509,2,2
16510,2,2
16511,2,2
16512,3,1
16513,2,0
16514,2,2
16515,2,2
16516,3,3
16517,4,3
16518,2,2
16519,3,3
16520,2,2
16521,2,1
16522,2,0
16523,2,2
16524,2,2
16525,3,0
16526,4,4
16527,3,3
16528,2,0
16529,2,2
16530,2,2
16531,2,0
16532,2,0
16533,2,2
16534,2,2
16535,2,2
16536,4,2
16537,4,0
16538,2,2
16539,2,2
16540,2,2
16541,2,1
16542,2,2
16543,3,3
16544,2,2
16545,2,2
16546,2,2
16547,2,2
16548,2,0
16549,2,2
16550,2,0
16551,2,0
16552,2,2
16553,2,0
16554,2,2
16555,2,0
16556,3,2
16557,4,4
16558,2,2
16559,3,1
16560,2,0
16561,2,2
16562,2,0
16563,2,1
16564,3,1
16565,2,0
16566,2,2
16567,2,0
16568,2,2
16569,2,2
16570,3,3
16571,2,0
16572,2,2
16573,2,2
16574,2,0
16575,2,1
16576,3,2
16577,2,0
16578,2,0
16579,2,2
16580,3,3
16581,3,3
16582,3,3
16583,3,3
16584,2,2
16585,2,2
16586,3,3
16587,2,0
16588,2,2
16589,2,2
16590,3,2
16591,2,0
16592,3,3
16593,3,2
16594,2,1
16595,2,2
16596,2,1
16597,2,1
16598,3,3
16599,2,1
16600,2,2
16601,3,3
16602,2,2
16603,2,0
16604,2,0
16605,2,2
16606,2,0
16607,2,2
16608,2,0
16609,2,2
16610,2,1
16611,2,0
16612,2,0
16613,2,2
16614,2,0
16615,4,2
16616,2,2
16617,3,3
16618,2,0
16619,2,2
16620,2,2
16621,2,1
16622,2,0
16623,2,1
16624,2,2
16625,2,2
16626,2,0
16627,2,0
16628,2,0
16629,3,2
16630,2,0
16631,2,1
16632,2,1
16633,2,1
16634,3,1
16635,2,2
16636,3,1
16637,2,2
16638,2,2
16639,2,2
16640,2,2
16641,2,2
16642,4,2
16643,2,0
16644,2,0
16645,3,2
16646,2,1
16647,2,0
16648,3,3
16649,2,0
16650,2,0
16651,2,2
16652,2,0
16653,2,2
16654,2,1
16655,3,2
16656,3,3
16657,2,0
16658,2,1
16659,2,0
16660,2,0
16661,2,2
16662,3,1
16663,3,3
16664,2,2
16665,2,0
16666,3,0
16667,2,0
16668,2,2
16669,2,1
16670,3,1
16671,2,2
16672,3,1
16673,2,0
16674,4,4
16675,2,1
16676,2,2
16677,2,2
16678,2,2
16679,2,2
16680,2,0
16681,2,2
16682,2,2
16683,3,2
16684,2,2
16685,2,1
16686,2,2
16687,3,1
16688,2,1
16689,2,2
16690,2,2
16691,3,1
16692,2,2
16693,2,0
16694,2,0
16695,2,0
16696,2,0
16697,2,0
16698,2,2
16699,2,2
16700,2,2
16701,4,0
16702,2,0
16703,2,2
16704,2,2
16705,2,0
16706,2,2
16707,3,2
16708,2,0
16709,2,2
16710,2,1
16711,2,2
16712,2,1
16713,2,2
16714,2,0
16715,2,0
16716,2,2
16717,2,0
16718,2,0
16719,2,2
16720,2,0
16721,3,0
16722,2,0
16723,2,2
16724,3,3
16725,2,0
16726,2,1
16727,2,2
16728,2,2
16729,2,1
16730,3,2
16731,2,0
16732,3,1
16733,2,2
16734,2,0
16735,2,0
16736,2,0
16737,3,2
16738,3,2
16739,2,1
16740,2,2
16741,4,0
16742,2,2
16743,3,3
16744,3,3
16745,3,1
16746,2,2
16747,2,2
16748,2,2
16749,2,2
16750,2,2
16751,2,2
16752,2,0
16753,2,1
16754,2,0
16755,2,2
16756,3,3
16757,2,0
16758,2,2
16759,4,2
16760,2,0
16761,4,0
16762,2,0
16763,3,1
16764,3,1
16765,2,0
16766,2,1
16767,2,2
16768,3,2
16769,2,0
16770,2,2
16771,4,2
16772,2,2
16773,2,0
16774,3,1
16775,4,4
16776,2,1
16777,2,0
16778,2,2
16779,2,1
16780,2,2
16781,3,0
16782,2,2
16783,2,2
16784,2,2
16785,2,0
16786,3,1
16787,3,2
16788,2,2
16789,2,2
16790,2,2
16791,2,2
16792,2,2
16793,3,3
16794,2,2
16795,2,2
16796,4,1
16797,2,2
16798,2,2
16799,2,1
16800,2,2
16801,3,3
16802,2,2
16803,3,2
16804,2,1
16805,2,2
16806,2,1
16807,2,2
16808,3,2
16809,2,2
16810,2,2
16811,2,1
16812,2,2
16813,3,1
16814,2,2
16815,3,2
16816,2,0
16817,4,1
16818,2,2
16819,2,0
16820,2,0
16821,2,1
16822,2,2
16823,3,1
16824,2,2
16825,2,0
16826,2,2
16827,3,2
16828,3,3
16829,2,2
16830,2,2
16831,3,0
16832,2,0
16833,2,2
16834,3,3
16835,2,0
16836,2,2
16837,2,0
16838,2,2
16839,2,2
16840,2,2
16841,3,3
16842,2,0
16843,2,2
16844,2,2
16845,2,2
16846,2,2
16847,3,1
16848,3,3
16849,2,2
16850,2,0
16851,3,1
16852,2,2
16853,2,2
16854,2,0
16855,2,2
16856,2,2
16857,2,2
16858,2,2
16859,2,0
16860,3,1
16861,2,0
16862,3,2
16863,2,2
16864,2,1
16865,2,2
16866,2,2
16867,2,2
16868,2,1
16869,2,0
16870,2,2
16871,3,1
16872,2,1
16873,2,2
16874,2,2
16875,2,2
16876,3,3
16877,3,2
16878,2,2
16879,2,1
16880,2,0
16881,2,1
16882,2,2
16883,3,0
16884,2,0
16885,2,1
16886,2,0
16887,3,3
16888,2,2
16889,3,1
16890,3,3
16891,3,3
16892,2,2
16893,2,2
16894,2,1
16895,2,1
16896,3,3
16897,3,0
16898,2,2
16899,4,3
16900,2,2
16901,2,2
16902,2,2
16903,2,2
16904,2,1
16905,2,2
16906,2,2
16907,2,2
16908,2,1
16909,2,2
16910,2,2
16911,2,0
16912,3,3
16913,3,3
16914,2,0
16915,2,2
16916,4,4
16917,3,1
16918,2,2
16919,2,1
16920,2,0
16921,2,1
16922,2,0
16923,3,3
16924,2,2
16925,2,2
16926,2,2
16927,2,2
16928,2,0
16929,4,1
16930,2,2
16931,2,0
16932,2,1
16933,2,2
16934,2,0
16935,2,2
16936,2,2
16937,2,0
16938,2,0
16939,2,0
16940,2,2
16941,2,1
16942,4,2
16943,4,0
16944,2,2
16945,3,1
16946,2,0
16947,2,2
16948,2,2
16949,4,2
16950,2,0
16951,2,2
16952,3,1
16953,2,0
16954,2,0
16955,3,1
16956,2,2
16957,2,0
16958,2,2
16959,3,1
16960,2,0
16961,3,2
16962,2,0
16963,2,2
16964,2,2
16965,2,0
16966,2,2
16967,3,0
16968,2,1
16969,4,4
16970,2,2
16971,2,2
16972,2,0
16973,2,2
16974,4,2
16975,3,3
16976,2,0
16977,2,2
16978,2,2
16979,2,2
16980,2,0
16981,2,1
16982,2,1
16983,4,3
16984,2,1
16985,2,2
16986,2,2
16987,2,0
16988,3,2
16989,2,2
16990,2,0
16991,2,2
16992,4,4
16993,2,0
16994,3,3
16995,2,0
16996,2,1
16997,2,0
16998,3,2
16999,2,0
17000,3,1
17001,3,3
17002,3,3
17003,2,2
17004,2,2
17005,2,0
17006,2,2
17007,3,3
17008,2,1
17009,2,1
17010,3,3
17011,4,3
17012,2,0
17013,2,0
17014,3,0
17015,2,2
17016,2,2
17017,2,1
17018,2,2
17019,2,2
17020,3,2
17021,2,0
17022,2,0
17023,2,2
17024,3,1
17025,2,2
17026,2,2
17027,2,1
17028,2,1
17029,4,0
17030,2,2
17031,2,1
17032,2,2
17033,2,0
17034,2,2
17035,4,2
17036,2,1
17037,2,1
17038,4,1
17039,2,0
17040,3,3
17041,4,0
17042,3,3
17043,2,0
17044,2,2
17045,2,0
17046,2,2
17047,2,0
17048,2,0
17049,2,1
17050,2,2
17051,2,1
17052,2,2
17053,3,3
17054,2,0
17055,2,2
17056,2,1
17057,2,2
17058,2,1
17059,2,2
17060,2,2
17061,2,1
17062,2,2
17063,2,1
17064,3,2
17065,2,1
17066,2,2
17067,2,0
17068,2,2
17069,3,3
17070,3,1
17071,4,3
17072,2,2
17073,2,2
17074,2,0
17075,3,2
17076,2,2
17077,2,2
17078,2,2
17079,2,1
17080,2,0
17081,2,1
17082,2,0
17083,2,1
17084,2,0
17085,2,2
17086,2,1
17087,2,2
17088,3,1
17089,2,1
17090,2,0
17091,2,2
17092,2,1
17093,4,3
17094,4,4
17095,3,1
17096,2,1
17097,3,2
17098,3,3
17099,2,1
17100,2,0
17101,2,2
17102,2,0
17103,2,2
17104,2,0
17105,2,2
17106,2,1
17107,2,2
17108,4,4
17109,3,1
17110,2,0
17111,2,1
17112,2,2
17113,2,2
17114,4,1
17115,4,4
17116,2,2
17117,2,2
17118,2,0
17119,3,0
17120,2,2
17121,2,0
17122,2,2
17123,2,1
17124,2,2
17125,2,2
17126,2,2
17127,2,0
17128,2,0
17129,2,2
17130,2,2
17131,3,3
17132,2,2
17133,3,1
17134,2,0
17135,2,2
17136,2,2
17137,4,0
17138,2,0
17139,3,2
17140,3,2
17141,2,2
17142,2,0
17143,2,2
17144,3,2
17145,2,2
17146,2,1
17147,2,0
17148,3,0
17149,3,0
17150,2,1
17151,3,0
17152,3,3
17153,2,2
17154,2,0
17155,3,0
17156,3,3
17157,3,2
17158,3,2
17159,2,2
17160,2,0
17161,3,3
17162,3,1
17163,2,2
17164,2,1
17165,2,0
17166,2,0
17167,3,3
17168,2,2
17169,2,2
17170,4,0
17171,2,2
17172,2,2
17173,2,1
17174,2,2
17175,3,3
17176,3,0
17177,2,2
17178,2,0
17179,2,2
17180,2,0
17181,4,4
17182,2,2
17183,4,0
17184,2,0
17185,2,0
17186,2,0
17187,2,0
17188,3,1
17189,2,0
17190,4,4
17191,2,2
17192,3,1
17193,2,2
17194,2,2
17195,2,0
17196,3,0
17197,3,2
17198,2,2
17199,2,0
17200,2,0
17201,2,2
17202,2,1
17203,2,1
17204,2,2
17205,2,2
17206,2,1
17207,4,4
17208,2,2
17209,2,2
17210,2,1
17211,2,2
17212,4,0
17213,2,2
17214,4,1
17215,3,3
17216,2,2
17217,2,1
17218,2,1
17219,2,2
17220,2,1
17221,3,3
17222,3,1
17223,2,1
17224,3,3
17225,3,3
17226,2,0
17227,2,2
17228,3,1
17229,3,1
17230,2,0
17231,2,1
17232,2,2
17233,2,2
17234,2,0
17235,2,2
17236,2,2
17237,2,2
17238,2,1
17239,2,1
17240,2,2
17241,2,0
17242,2,1
17243,4,3
17244,2,1
17245,2,0
17246,4,3
17247,2,1
17248,2,2
17249,2,2
17250,2,1
17251,4,1
17252,2,1
17253,2,0
17254,2,0
17255,3,3
17256,2,1
17257,2,1
17258,2,0
17259,2,2
17260,2,2
17261,4,2
17262,2,1
17263,3,0
17264,2,1
17265,4,2
17266,2,0
17267,2,2
17268,2,2
17269,2,1
17270,2,0
17271,3,3
17272,2,2
17273,2,0
17274,2,0
17275,3,2
17276,3,3
17277,2,1
17278,3,1
17279,4,1
17280,2,1
17281,2,2
17282,2,2
17283,2,0
17284,2,2
17285,2,1
17286,2,0
17287,2,0
17288,3,1
17289,2,2
17290,2,0
17291,2,2
17292,3,3
17293,2,0
17294,3,3
17295,3,3
17296,2,2
17297,3,3
17298,3,3
17299,2,2
17300,2,2
17301,2,1
17302,3,1
17303,3,2
17304,2,1
17305,2,2
17306,2,2
17307,2,1
17308,2,0
17309,2,1
17310,2,1
17311,3,3
17312,2,0
17313,2,1
17314,2,0
17315,2,2
17316,3,0
17317,2,2
17318,3,1
17319,3,2
17320,3,3
17321,2,0
17322,2,2
17323,2,2
17324,2,0
17325,3,1
17326,2,2
17327,2,0
17328,2,1
17329,2,2
17330,2,2
17331,3,0
17332,2,2
17333,3,2
17334,2,1
17335,3,2
17336,3,2
17337,2,2
17338,2,0
17339,3,1
17340,2,0
17341,3,3
17342,2,2
17343,2,2
17344,2,2
17345,2,0
17346,2,2
17347,2,2
17348,2,2
17349,2,2
17350,3,0
17351,4,4
17352,2,1
17353,2,2
17354,2,0
17355,2,2
17356,4,1
17357,2,1
17358,3,3
17359,2,0
17360,2,0
17361,2,0
17362,2,0
17363,2,0
17364,3,3
17365,2,2
17366,2,1
17367,2,2
17368,3,0
17369,2,1
17370,2,0
17371,3,1
17372,2,2
17373,2,0
17374,2,0
17375,4,0
17376,2,1
17377,3,2
17378,2,0
17379,2,0
17380,2,2
17381,2,2
17382,2,2
17383,2,1
17384,3,3
17385,2,2
17386,2,2
17387,3,3
17388,2,2
17389,2,2
17390,2,0
17391,2,2
17392,2,2
17393,4,0
17394,2,0
17395,3,2
17396,2,2
17397,2,2
17398,2,2
17399,2,2
17400,3,2
17401,4,4
17402,2,1
17403,3,2
17404,4,3
17405,4,2
17406,2,2
17407,4,2
17408,2,2
17409,2,2
17410,2,0
17411,2,0
17412,2,2
17413,2,2
17414,3,1
17415,2,1
17416,3,3
17417,3,2
17418,4,3
17419,3,3
17420,3,1
17421,2,0
17422,2,0
17423,2,2
17424,2,2
17425,3,2
17426,2,2
17427,2,0
17428,2,1
17429,4,4
17430,2,0
17431,2,2
17432,2,1
17433,2,2
17434,2,1
17435,2,0
17436,3,2
17437,2,0
17438,3,3
17439,2,0
17440,2,0
17441,2,2
17442,2,0
17443,2,2
17444,4,4
17445,2,1
17446,2,2
17447,2,0
17448,2,0
17449,3,0
17450,3,0
17451,3,3
17452,2,2
17453,2,2
17454,4,4
17455,2,1
17456,3,3
17457,4,4
17458,2,2
17459,2,2
17460,3,3
17461,2,1
17462,4,4
17463,2,1
17464,2,0
17465,3,1
17466,2,0
17467,2,2
17468,2,2
17469,4,2
17470,2,2
17471,2,0
17472,2,0
17473,2,2
17474,2,1
17475,2,0
17476,3,1
17477,3,2
17478,2,0
17479,2,2
17480,2,2
17481,2,1
17482,2,2
17483,2,1
17484,2,2
17485,2,2
17486,2,2
17487,3,1
17488,3,3
17489,2,2
17490,2,2
17491,3,0
17492,2,0
17493,4,4
17494,2,1
17495,3,1
17496,2,2
17497,2,0
17498,3,0
17499,3,0
17500,2,0
17501,3,2
17502,2,2
17503,2,2
17504,2,2
17505,3,3
17506,4,4
17507,2,0
17508,2,2
17509,2,1
17510,2,0
17511,4,3
17512,2,2
17513,2,1
17514,4,1
17515,3,1
17516,2,2
17517,2,2
17518,2,1
17519,2,2
17520,3,3
17521,2,2
17522,2,1
17523,4,2
17524,2,2
17525,2,2
17526,2,2
17527,2,2
17528,2,2
17529,2,1
17530,2,2
17531,2,2
17532,2,2
17533,2,1
17534,2,2
17535,2,2
17536,2,2
17537,2,2
17538,2,2
17539,2,0
17540,4,3
17541,3,1
17542,2,0
17543,2,0
17544,3,0
17545,2,2
17546,2,0
17547,2,2
17548,4,1
17549,2,2
17550,2,0
17551,2,0
17552,3,0
17553,4,4
17554,2,2
17555,2,2
17556,4,0
17557,3,0
17558,2,2
17559,2,2
17560,2,0
17561,2,0
17562,2,1
17563,2,0
17564,2,2
17565,2,1
17566,2,0
17567,3,2
17568,2,2
17569,2,2
17570,2,2
17571,2,2
17572,2,0
17573,2,0
17574,2,0
17575,4,4
17576,2,2
17577,2,2
17578,2,2
17579,2,1
17580,2,2
17581,3,1
17582,2,1
17583,2,1
17584,2,0
17585,3,2
17586,4,0
17587,2,2
17588,2,1
17589,2,2
17590,4,4
17591,2,2
17592,3,0
17593,3,3
17594,2,2
17595,2,0
17596,2,2
17597,2,2
17598,3,1
17599,2,2
17600,2,0
17601,2,2
17602,3,0
17603,2,2
17604,2,2
17605,2,0
17606,2,1
17607,4,0
17608,2,2
17609,4,1
17610,2,0
17611,2,2
17612,3,0
17613,2,1
17614,2,2
17615,4,4
17616,2,2
17617,2,1
17618,3,1
17619,2,1
17620,3,3
17621,4,3
17622,2,0
17623,2,2
17624,2,0
17625,4,1
17626,2,1
17627,2,2
17628,2,0
17629,4,3
17630,2,1
17631,2,2
17632,4,4
17633,3,1
17634,3,1
17635,3,0
17636,2,2
17637,2,1
17638,3,1
17639,2,0
17640,2,2
17641,2,2
17642,2,2
17643,2,2
17644,2,0
17645,2,2
17646,3,3
17647,2,0
17648,3,3
17649,2,2
17650,3,3
17651,2,0
17652,2,1
17653,3,1
17654,2,1
17655,2,1
17656,3,1
17657,3,2
17658,2,1
17659,2,1
17660,2,2
17661,2,0
17662,2,2
17663,2,1
17664,2,0
17665,2,0
17666,2,1
17667,2,2
17668,2,1
17669,2,1
17670,2,1
17671,2,0
17672,2,1
17673,2,1
17674,2,0
17675,2,1
17676,2,2
17677,3,1
17678,2,0
17679,2,2
17680,3,2
17681,3,1
17682,2,0
17683,2,2
17684,2,0
17685,2,2
17686,2,1
17687,2,0
17688,2,2
17689,2,0
17690,2,2
17691,2,0
17692,2,2
17693,4,4
17694,2,1
17695,2,2
17696,2,2
17697,2,0
17698,4,0
17699,2,2
17700,3,0
17701,3,3
17702,2,2
17703,2,0
17704,2,2
17705,2,0
17706,2,2
17707,3,3
17708,2,2
17709,2,2
17710,2,0
17711,2,2
17712,3,1
17713,2,0
17714,2,2
17715,2,0
17716,2,1
17717,3,1
17718,2,0
17719,3,0
17720,2,2
17721,2,0
17722,2,2
17723,3,1
17724,2,2
17725,3,3
17726,3,2
17727,4,4
17728,2,2
17729,2,0
17730,2,1
17731,2,2
17732,2,2
17733,2,2
17734,3,1
17735,3,2
17736,2,0
17737,2,2
17738,3,3
17739,2,2
17740,2,2
17741,2,2
17742,2,2
17743,2,2
17744,4,3
17745,2,0
17746,3,2
17747,2,0
17748,3,3
17749,2,0
17750,2,2
17751,2,0
17752,2,0
17753,2,1
17754,3,1
17755,2,2
17756,2,2
17757,2,2
17758,3,0
17759,2,2
17760,2,2
17761,2,1
17762,2,0
17763,3,0
17764,2,0
17765,2,0
17766,2,0
17767,2,0
17768,2,1
17769,3,1
17770,2,0
17771,4,4
17772,2,0
17773,2,0
17774,2,0
17775,2,2
17776,2,2
17777,2,2
17778,2,0
17779,2,2
17780,2,0
17781,2,2
17782,3,1
17783,2,2
17784,2,2
17785,2,2
17786,3,1
17787,2,0
17788,2,0
17789,4,2
17790,2,2
17791,2,1
17792,3,0
17793,2,1
17794,3,3
17795,2,0
17796,3,1
17797,2,2
17798,2,2
17799,3,1
17800,3,3
17801,2,2
17802,2,0
17803,3,3
17804,4,4
17805,3,1
17806,2,2
17807,2,0
17808,2,1
17809,4,0
17810,2,1
17811,2,0
17812,2,2
17813,3,2
17814,2,2
17815,3,3
17816,4,4
17817,3,1
17818,2,2
17819,3,3
17820,2,0
17821,2,2
17822,2,0
17823,3,3
17824,3,1
17825,2,0
17826,2,2
17827,2,1
17828,2,2
17829,2,2
17830,2,0
17831,2,2
17832,2,0
17833,2,0
17834,2,0
17835,2,2
17836,3,3
17837,2,0
17838,3,3
17839,3,3
17840,2,2
17841,2,0
17842,2,2
17843,4,4
17844,2,1
17845,2,2
17846,3,3
17847,2,0
17848,3,1
17849,3,3
17850,2,0
17851,2,0
17852,2,0
17853,3,3
17854,3,0
17855,4,0
17856,2,0
17857,2,2
17858,2,2
17859,2,1
17860,2,1
17861,2,2
17862,3,2
17863,2,0
17864,2,2
17865,4,2
17866,2,2
17867,2,2
17868,2,2
17869,3,2
17870,2,1
17871,3,1
17872,2,0
17873,2,1
17874,2,2
17875,2,0
17876,2,2
17877,3,1
17878,2,2
17879,2,1
17880,2,2
17881,2,2
17882,2,2
17883,2,1
17884,2,1
17885,2,0
17886,2,2
17887,2,2
17888,3,1
17889,2,0
17890,2,0
17891,2,2
17892,2,0
17893,2,2
17894,2,1
17895,4,4
17896,2,0
17897,2,0
17898,2,0
17899,2,2
17900,3,0
17901,2,2
17902,4,1
17903,2,2
17904,3,3
17905,2,0
17906,2,0
17907,2,2
17908,2,2
17909,2,1
17910,2,2
17911,2,2
17912,3,0
17913,2,0
17914,2,1
17915,3,2
17916,2,2
17917,2,1
17918,2,2
17919,3,2
17920,2,0
17921,2,0
17922,2,0
17923,2,0
17924,2,2
17925,4,0
17926,2,2
17927,3,3
17928,2,0
17929,2,2
17930,2,0
17931,4,3
17932,2,0
17933,2,1
17934,2,0
17935,4,3
17936,2,2
17937,4,2
17938,2,2
17939,2,1
17940,2,2
17941,2,0
17942,4,1
17943,4,2
17944,2,0
17945,2,1
17946,2,1
17947,3,3
17948,2,0
17949,3,3
17950,2,2
17951,2,1
17952,2,2
17953,2,0
17954,2,2
17955,4,1
17956,3,2
17957,2,1
17958,3,3
17959,4,4
17960,2,0
17961,2,1
17962,2,0
17963,2,2
17964,3,3
17965,2,0
17966,2,2
17967,2,0
17968,3,0
17969,2,0
17970,3,3
17971,2,0
17972,2,0
17973,2,2
17974,4,0
17975,2,1
17976,2,0
17977,2,1
17978,2,2
17979,3,0
17980,4,3
17981,2,0
17982,4,3
17983,2,0
17984,2,2
17985,2,0
17986,2,2
17987,3,2
17988,2,2
17989,2,2
17990,3,3
17991,2,2
17992,2,2
17993,2,0
17994,2,2
17995,3,1
17996,2,2
17997,2,2
17998,2,2
17999,3,3
18000,2,1
18001,2,1
18002,2,1
18003,2,1
18004,4,3
18005,2,2
18006,2,0
18007,2,2
18008,3,1
18009,4,4
18010,2,1
18011,2,0
18012,2,0
18013,3,1
18014,2,2
18015,2,2
18016,3,3
18017,3,3
18018,2,0
18019,3,3
18020,3,2
18021,2,0
18022,2,2
18023,2,0
18024,2,0
18025,3,0
18026,2,2
18027,3,3
18028,2,1
18029,2,2
18030,3,3
18031,2,2
18032,2,2
18033,4,0
18034,3,2
18035,2,2
18036,3,1
18037,2,0
18038,2,2
18039,4,4
18040,2,2
18041,2,0
18042,2,0
18043,4,3
18044,2,0
18045,2,2
18046,2,1
18047,3,0
18048,2,1
18049,2,2
18050,2,0
18051,2,2
18052,2,2
18053,2,2
18054,2,2
18055,2,0
18056,2,1
18057,2,0
18058,2,2
18059,2,0
18060,3,3
18061,2,2
18062,2,2
18063,2,1
18064,2,2
18065,2,0
18066,2,0
18067,2,2
18068,2,2
18069,3,1
18070,3,3
18071,2,0
18072,3,1
18073,2,0
18074,2,1
18075,2,2
18076,2,2
18077,2,0
18078,2,2
18079,3,2
18080,2,1
18081,2,2
18082,2,2
18083,2,1
18084,2,0
18085,2,0
18086,3,1
18087,2,2
18088,3,2
18089,2,2
18090,2,0
18091,3,0
18092,2,2
18093,2,1
18094,2,0
18095,2,0
18096,3,3
18097,2,0
18098,3,1
18099,2,1
18100,2,1
18101,2,2
18102,2,1
18103,2,1
18104,2,2
18105,2,2
18106,2,2
18107,2,2
18108,2,2
18109,2,2
18110,3,3
18111,2,1
18112,2,0
18113,3,3
18114,2,1
18115,2,0
18116,2,2
18117,4,1
18118,2,2
18119,4,0
18120,2,2
18121,3,3
18122,2,0
18123,3,0
18124,2,0
18125,2,0
18126,4,4
18127,2,2
18128,2,1
18129,2,1
18130,2,0
18131,3,3
18132,3,2
18133,2,0
18134,2,2
18135,2,0
18136,3,0
18137,2,2
18138,2,0
18139,2,0
18140,2,0
18141,2,0
18142,2,2
18143,2,0
18144,2,1
18145,3,3
18146,2,2
18147,2,0
18148,2,2
18149,4,3
18150,4,1
18151,2,0
18152,3,3
18153,4,4
18154,3,1
18155,2,2
18156,2,2
18157,2,0
18158,2,2
18159,2,2
18160,3,0
18161,3,3
18162,2,2
18163,2,1
18164,3,3
18165,3,2
18166,2,2
18167,2,0
18168,2,2
18169,4,3
18170,2,0
18171,2,2
18172,2,2
18173,2,1
18174,2,0
18175,3,0
18176,2,2
18177,2,0
18178,2,0
18179,3,3
18180,4,2
18181,3,1
18182,2,0
18183,2,1
18184,2,2
18185,2,0
18186,2,2
18187,3,2
18188,3,3
18189,2,1
18190,2,2
18191,3,0
18192,2,2
18193,2,2
18194,2,1
18195,2,2
18196,2,0
18197,2,1
18198,2,0
18199,2,1
18200,2,2
18201,2,0
18202,2,0
18203,3,2
18204,2,0
18205,3,2
18206,3,2
18207,2,0
18208,2,1
18209,2,0
18210,4,4
18211,2,0
18212,2,2
18213,2,2
18214,2,2
18215,2,0
18216,2,2
18217,2,2
18218,2,2
18219,2,0
18220,2,0
18221,2,0
18222,2,1
18223,3,2
18224,2,0
18225,3,3
18226,2,0
18227,2,0
18228,2,2
18229,2,0
18230,3,3
18231,2,2
18232,2,2
18233,2,2
18234,2,2
18235,2,0
18236,2,2
18237,2,0
18238,2,0
18239,2,2
18240,2,1
18241,2,2
18242,2,0
18243,4,4
18244,2,1
18245,2,0
18246,2,0
18247,2,0
18248,2,2
18249,2,2
18250,2,2
18251,3,3
18252,2,2
18253,2,0
18254,3,2
18255,3,2
18256,3,0
18257,3,1
18258,2,2
18259,4,2
18260,2,0
18261,2,2
18262,2,0
18263,2,0
18264,2,2
18265,3,3
18266,2,2
18267,2,0
18268,3,1
18269,2,0
18270,2,2
18271,3,3
18272,2,0
18273,2,0
18274,2,2
18275,4,3
18276,2,2
18277,3,3
18278,2,0
18279,2,0
18280,2,2
18281,4,1
18282,2,2
18283,2,2
18284,2,2
18285,2,0
18286,2,2
18287,3,3
18288,3,3
18289,3,2
18290,2,2
18291,2,0
18292,2,1
18293,4,2
18294,2,2
18295,2,1
18296,2,2
18297,2,2
18298,2,2
18299,2,0
18300,2,0
18301,3,3
18302,3,1
18303,2,1
18304,2,0
18305,3,3
18306,2,2
18307,2,0
18308,2,0
18309,2,1
18310,2,2
18311,2,2
18312,2,2
18313,2,1
18314,2,2
18315,3,1
18316,2,0
18317,3,3
18318,2,2
18319,3,3
18320,2,2
18321,4,1
18322,2,2
18323,2,0
18324,2,2
18325,3,3
18326,2,0
18327,3,1
18328,2,2
18329,2,2
18330,4,1
18331,2,1
18332,2,2
18333,2,2
18334,2,1
18335,2,0
18336,2,0
18337,2,2
18338,3,3
18339,2,2
18340,2,2
18341,2,2
18342,4,0
18343,2,1
18344,2,2
18345,2,2
18346,2,1
18347,2,2
18348,3,1
18349,2,2
18350,3,2
18351,2,2
18352,3,2
18353,2,1
18354,2,0
18355,2,2
18356,2,0
18357,2,2
18358,2,2
18359,3,3
18360,2,2
18361,2,2
18362,4,2
18363,2,2
18364,2,2
18365,2,0
18366,3,0
18367,2,0
18368,3,3
18369,2,2
18370,3,3
18371,3,0
18372,2,2
18373,3,1
18374,2,2
18375,4,4
18376,2,2
18377,2,2
18378,2,0
18379,2,1
18380,2,0
18381,3,2
18382,4,1
18383,2,2
18384,4,0
18385,4,3
18386,2,0
18387,2,2
18388,2,2
18389,4,2
18390,2,2
18391,2,1
18392,2,2
18393,2,2
18394,2,2
18395,2,2
18396,2,0
18397,3,1
18398,2,0
18399,2,2
18400,2,0
18401,2,0
18402,2,2
18403,2,2
18404,3,3
18405,2,0
18406,2,0
18407,2,1
18408,4,2
18409,2,0
18410,2,2
18411,3,1
18412,2,2
18413,2,2
18414,2,0
18415,2,2
18416,2,2
18417,2,0
18418,2,2
18419,2,0
18420,3,1
18421,2,2
18422,2,0
18423,2,1
18424,2,2
18425,3,1
18426,2,0
18427,3,1
18428,2,1
18429,4,0
18430,2,1
18431,2,0
18432,4,0
18433,2,0
18434,2,0
18435,3,2
18436,3,0
18437,2,0
18438,2,2
18439,4,4
18440,3,1
18441,2,2
18442,2,2
18443,2,1
18444,2,1
18445,2,1
18446,2,2
18447,2,0
18448,4,0
18449,2,2
18450,3,1
18451,2,2
18452,2,2
18453,2,0
18454,2,2
18455,2,2
18456,2,2
18457,2,1
18458,2,0
18459,2,2
18460,2,0
18461,2,1
18462,2,2
18463,2,2
18464,2,1
18465,2,2
18466,2,0
18467,2,2
18468,4,1
18469,2,2
18470,2,2
18471,3,3
18472,3,3
18473,2,0
18474,2,1
18475,3,1
18476,2,2
18477,2,2
18478,3,1
18479,3,0
18480,2,0
18481,2,0
18482,2,2
18483,2,2
18484,3,1
18485,2,0
18486,2,2
18487,3,3
18488,2,2
18489,3,3
18490,2,2
18491,2,2
18492,3,1
18493,2,1
18494,2,1
18495,2,0
18496,2,2
18497,2,0
18498,4,1
18499,3,1
18500,2,0
18501,2,2
18502,2,0
18503,2,2
18504,2,1
18505,2,2
18506,2,2
18507,2,0
18508,3,1
18509,2,2
18510,2,2
18511,2,0
18512,3,3
18513,2,0
18514,2,0
18515,2,1
18516,3,1
18517,2,0
18518,2,2
18519,2,1
18520,2,2
18521,2,0
18522,2,0
18523,2,2
18524,3,3
18525,4,0
18526,2,2
18527,2,0
18528,2,2
18529,2,0
18530,2,2
18531,2,0
18532,3,3
18533,4,1
18534,3,3
18535,2,0
18536,2,2
18537,3,1
18538,2,0
18539,2,2
18540,2,2
18541,2,2
18542,2,2
18543,2,2
18544,2,0
18545,2,0
18546,2,0
18547,2,2
18548,2,0
18549,2,2
18550,4,2
18551,2,1
18552,3,0
18553,2,2
18554,2,2
18555,2,0
18556,2,2
18557,2,1
18558,2,2
18559,3,0
18560,3,3
18561,3,1
18562,2,0
18563,2,2
18564,4,4
18565,2,2
18566,2,2
18567,2,0
18568,2,2
18569,2,2
18570,2,1
18571,2,1
18572,3,0
18573,2,0
18574,2,1
18575,4,3
18576,2,2
18577,3,1
18578,2,0
18579,3,0
18580,2,2
18581,2,0
18582,4,3
18583,4,4
18584,3,1
18585,2,0
18586,2,2
18587,3,1
18588,4,3
18589,2,0
18590,2,0
18591,2,2
18592,2,0
18593,2,2
18594,2,2
18595,2,0
18596,3,1
18597,2,0
18598,2,0
18599,2,0
18600,2,2
18601,3,3
18602,2,0
18603,2,0
18604,2,0
18605,2,2
18606,2,0
18607,4,2
18608,2,2
18609,2,2
18610,2,0
18611,2,0
18612,2,0
18613,2,1
18614,2,2
18615,2,2
18616,3,1
18617,3,0
18618,2,2
18619,2,2
18620,3,3
18621,2,2
18622,2,0
18623,2,2
18624,2,2
18625,2,1
18626,2,0
18627,4,2
18628,3,3
18629,2,1
18630,2,2
18631,2,2
18632,2,0
18633,2,1
18634,3,3
18635,2,1
18636,2,0
18637,2,2
18638,2,0
18639,2,2
18640,2,2
18641,2,0
18642,2,2
18643,2,2
18644,2,2
18645,2,2
18646,2,0
18647,3,2
18648,2,2
18649,2,2
18650,2,1
18651,2,2
18652,2,0
18653,2,1
18654,2,1
18655,2,0
18656,2,1
18657,3,2
18658,3,1
18659,2,2
18660,2,2
18661,2,0
18662,2,2
18663,2,2
18664,2,2
18665,3,1
18666,3,3
18667,2,2
18668,4,4
18669,2,2
18670,2,1
18671,3,2
18672,2,0
18673,4,4
18674,2,2
18675,3,3
18676,4,2
18677,2,2
18678,2,2
18679,4,3
18680,2,2
18681,2,0
18682,2,2
18683,2,0
18684,2,0
18685,2,2
18686,4,0
18687,2,0
18688,2,0
18689,2,0
18690,3,2
18691,2,2
18692,2,0
18693,2,0
18694,2,0
18695,3,3
18696,2,2
18697,2,1
18698,2,1
18699,2,0
18700,2,0
18701,2,0
18702,2,2
18703,2,0
18704,2,2
18705,3,2
18706,3,3
18707,2,2
18708,2,1
18709,2,1
18710,2,2
18711,2,2
18712,2,2
18713,2,0
18714,2,2
18715,2,2
18716,2,2
18717,2,2
18718,2,2
18719,2,2
18720,2,0
18721,2,2
18722,3,3
18723,2,0
18724,2,0
18725,3,0
18726,2,0
18727,2,1
18728,2,2
18729,2,0
18730,3,3
18731,3,0
18732,2,2
18733,2,2
18734,2,2
18735,2,0
18736,2,2
18737,2,0
18738,2,2
18739,3,1
18740,2,2
18741,2,2
18742,2,0
18743,4,2
18744,2,0
18745,2,0
18746,4,3
18747,2,0
18748,2,0
18749,3,3
18750,4,2
18751,2,1
18752,3,2
18753,3,3
18754,3,0
18755,4,1
18756,2,2
18757,2,1
18758,4,0
18759,4,0
18760,4,4
18761,2,2
18762,2,0
18763,2,0
18764,2,2
18765,2,2
18766,2,2
18767,2,1
18768,3,3
18769,2,2
18770,2,2
18771,2,1
18772,2,2
18773,2,0
18774,2,2
18775,2,2
18776,2,2
18777,2,0
18778,2,2
18779,2,1
18780,4,4
18781,2,1
18782,4,1
18783,3,0
18784,4,4
18785,2,1
18786,2,0
18787,2,0
18788,2,1
18789,4,2
18790,2,1
18791,2,0
18792,2,1
18793,3,1
18794,2,2
18795,2,1
18796,2,2
18797,2,2
18798,2,2
18799,2,2
18800,2,0
18801,2,1
18802,4,0
18803,2,0
18804,2,1
18805,2,2
18806,2,2
18807,2,1
18808,2,0
18809,4,4
18810,3,3
18811,2,2
18812,3,1
18813,4,3
18814,4,1
18815,3,3
18816,2,2
18817,2,2
18818,2,0
18819,3,3
18820,2,0
18821,2,2
18822,2,0
18823,4,2
18824,2,0
18825,2,2
18826,4,4
18827,2,1
18828,2,0
18829,3,0
18830,4,1
18831,2,0
18832,4,4
18833,3,3
18834,2,2
18835,4,4
18836,2,0
18837,2,1
18838,2,2
18839,3,3
18840,2,2
18841,2,2
18842,2,0
18843,2,1
18844,3,2
18845,2,2
18846,2,0
18847,4,4
18848,2,0
18849,4,3
18850,2,2
18851,2,0
18852,2,1
18853,4,2
18854,3,1
18855,2,2
18856,2,2
18857,4,2
18858,2,2
18859,2,0
18860,2,0
18861,4,4
18862,2,2
18863,2,2
18864,2,2
18865,2,2
18866,2,1
18867,2,0
18868,2,2
18869,2,2
18870,2,2
18871,2,1
18872,4,2
18873,2,2
18874,2,2
18875,2,0
18876,2,1
18877,2,2
18878,2,0
18879,2,0
18880,2,2
18881,2,2
18882,2,0
18883,2,0
18884,3,2
18885,2,2
18886,3,0
18887,3,3
18888,3,0
18889,2,2
18890,2,0
18891,2,2
18892,2,1
18893,2,1
18894,2,0
18895,2,0
18896,2,2
18897,2,0
18898,2,0
18899,2,2
18900,2,2
18901,2,0
18902,3,0
18903,4,2
18904,2,2
18905,2,2
18906,2,0
18907,3,3
18908,3,2
18909,3,1
18910,2,0
18911,4,4
18912,3,3
18913,2,2
18914,2,1
18915,2,0
18916,2,1
18917,3,0
18918,2,2
18919,2,1
18920,2,0
18921,3,3
18922,4,0
18923,3,1
18924,2,0
18925,3,3
18926,4,0
18927,2,0
18928,2,2
18929,3,2
18930,4,1
18931,2,1
18932,4,2
18933,2,0
18934,2,1
18935,4,3
18936,2,2
18937,2,2
18938,2,0
18939,2,0
18940,2,0
18941,2,2
18942,4,2
18943,3,3
18944,2,2
18945,2,2
18946,2,1
18947,2,2
18948,2,2
18949,3,0
18950,2,2
18951,2,1
18952,3,2
18953,2,0
18954,2,0
18955,2,2
18956,2,0
18957,2,2
18958,2,0
18959,2,0
18960,2,1
18961,2,2
18962,2,2
18963,4,2
18964,2,2
18965,3,1
18966,2,2
18967,3,3
18968,2,2
18969,2,2
18970,3,3
18971,2,2
18972,4,0
18973,2,0
18974,2,0
18975,2,0
18976,4,4
18977,2,2
18978,2,0
18979,2,0
18980,4,4
18981,3,2
18982,2,0
18983,3,0
18984,2,2
18985,2,2
18986,2,0
18987,2,2
18988,2,2
18989,3,1
18990,2,0
18991,3,3
18992,2,2
18993,2,2
18994,2,2
18995,2,0
18996,2,2
18997,2,2
18998,2,2
18999,3,1
19000,2,2
19001,2,0
19002,2,1
19003,2,2
19004,2,1
19005,2,2
19006,2,2
19007,3,0
19008,3,1
19009,2,2
19010,2,2
19011,2,2
19012,2,2
19013,2,0
19014,2,1
19015,4,1
19016,2,0
19017,2,2
19018,2,1
19019,2,0
19020,3,1
19021,2,1
19022,2,2
19023,2,2
19024,2,0
19025,3,3
19026,2,1
19027,2,2
19028,2,0
19029,4,2
19030,2,0
19031,2,2
19032,2,1
19033,3,2
19034,2,2
19035,2,2
19036,3,3
19037,2,0
19038,2,0
19039,2,0
19040,2,2
19041,2,0
19042,2,2
19043,4,4
19044,2,2
19045,4,1
19046,2,2
19047,2,2
19048,2,2
19049,3,1
19050,2,2
19051,4,3
19052,2,2
19053,2,0
19054,2,2
19055,3,3
19056,2,0
19057,2,2
19058,2,2
19059,3,2
19060,2,2
19061,2,1
19062,2,2
19063,2,0
19064,2,1
19065,2,2
19066,2,2
19067,2,2
19068,2,2
19069,2,2
19070,2,0
19071,2,2
19072,3,3
19073,4,4
19074,2,2
19075,2,0
19076,2,0
19077,2,2
19078,2,0
19079,2,2
19080,2,2
19081,2,1
19082,2,1
19083,2,0
19084,2,2
19085,2,1
19086,2,1
19087,2,2
19088,2,2
19089,2,2
19090,2,2
19091,3,2
19092,2,2
19093,2,2
19094,2,0
19095,2,0
19096,2,0
19097,3,3
19098,3,0
19099,2,0
19100,2,2
19101,2,1
19102,2,0
19103,4,4
19104,2,2
19105,2,0
19106,2,0
19107,2,2
19108,2,0
19109,2,0
19110,3,3
19111,2,2
19112,3,3
19113,2,1
19114,2,2
19115,2,2
19116,2,2
19117,4,4
19118,2,2
19119,2,2
19120,2,2
19121,3,3
19122,3,0
19123,3,0
19124,3,3
19125,2,2
19126,2,2
19127,2,0
19128,2,0
19129,4,2
19130,2,1
19131,2,0
19132,2,0
19133,4,0
19134,3,3
19135,2,2
19136,3,1
19137,3,3
19138,2,2
19139,2,2
19140,2,0
19141,2,2
19142,3,1
19143,2,0
19144,3,2
19145,2,1
19146,3,0
19147,2,2
19148,2,1
19149,3,3
19150,2,0
19151,2,2
19152,2,0
19153,3,3
19154,2,2
19155,2,2
19156,4,4
19157,2,2
19158,2,2
19159,2,0
19160,2,2
19161,2,2
19162,4,2
19163,2,2
19164,2,1
19165,2,0
19166,2,2
19167,2,2
19168,2,2
19169,2,0
19170,2,2
19171,3,3
19172,3,2
19173,3,2
19174,2,2
19175,3,1
19176,2,2
19177,2,2
19178,2,1
19179,2,0
19180,3,1
19181,3,2
19182,4,2
19183,2,0
19184,2,2
19185,2,2
19186,2,0
19187,3,1
19188,2,2
19189,2,0
19190,2,2
19191,2,1
19192,2,1
19193,2,0
19194,2,2
19195,3,1
19196,2,2
19197,2,1
19198,2,2
19199,2,0
19200,2,2
19201,2,2
19202,2,2
19203,2,0
19204,2,2
19205,2,2
19206,3,2
19207,2,0
19208,2,0
19209,2,0
19210,2,0
19211,3,1
19212,2,1
19213,3,1
19214,2,2
19215,2,2
19216,2,0
19217,3,1
19218,3,2
19219,2,0
19220,2,0
19221,2,2
19222,2,2
19223,2,0
19224,2,0
19225,2,2
19226,2,2
19227,2,2
19228,2,1
19229,2,1
19230,2,0
19231,4,2
19232,2,0
19233,2,0
19234,2,2
19235,2,0
19236,2,2
19237,2,2
19238,2,1
19239,2,0
19240,2,2
19241,2,1
19242,2,2
19243,2,2
19244,3,3
19245,2,2
19246,2,2
19247,3,1
19248,2,2
19249,2,0
19250,3,3
19251,2,2
19252,2,2
19253,2,0
19254,2,2
19255,2,2
19256,2,2
19257,3,2
19258,2,2
19259,3,2
19260,2,2
19261,3,3
19262,2,2
19263,3,2
19264,2,2
19265,3,3
19266,2,2
19267,3,2
19268,2,2
19269,2,2
19270,2,2
19271,2,0
19272,3,3
19273,2,2
19274,3,3
19275,2,2
19276,4,3
19277,2,0
19278,3,3
19279,2,1
19280,2,2
19281,2,2
19282,4,4
19283,2,0
19284,3,0
19285,2,2
19286,2,2
19287,3,3
19288,2,2
19289,4,0
19290,2,2
19291,2,2
19292,2,0
19293,2,1
19294,2,0
19295,2,2
19296,2,2
19297,2,2
19298,2,1
19299,4,4
19300,3,3
19301,3,0
19302,2,2
19303,2,1
19304,2,1
19305,2,0
19306,4,4
19307,2,2
19308,2,1
19309,2,1
19310,4,2
19311,2,0
19312,3,1
19313,2,1
19314,2,1
19315,3,0
19316,2,1
19317,2,0
19318,2,2
19319,2,2
19320,2,1
19321,3,3
19322,2,0
19323,3,3
19324,2,0
19325,2,1
19326,2,2
19327,3,3
19328,3,0
19329,3,2
19330,3,1
19331,2,2
19332,2,0
19333,2,0
19334,2,2
19335,2,2
19336,2,1
19337,2,2
19338,2,2
19339,2,0
19340,4,3
19341,2,1
19342,2,2
19343,2,0
19344,2,2
19345,3,0
19346,2,2
19347,2,0
19348,2,1
19349,2,1
19350,2,2
19351,2,2
19352,2,2
19353,2,0
19354,2,2
19355,2,1
19356,3,0
19357,2,0
19358,3,3
19359,2,1
19360,4,4
19361,2,0
19362,3,0
19363,4,2
19364,2,2
19365,2,2
19366,2,2
19367,2,1
19368,3,2
19369,2,2
19370,2,0
19371,2,1
19372,3,3
19373,3,3
19374,3,0
19375,2,1
19376,2,2
19377,2,2
19378,2,0
19379,2,2
19380,4,4
19381,4,2
19382,3,1
19383,2,0
19384,3,3
19385,2,2
19386,4,2
19387,4,2
19388,2,2
19389,2,0
19390,2,0
19391,2,0
19392,2,2
19393,2,0
19394,2,2
19395,3,0
19396,2,0
19397,2,0
19398,3,0
19399,2,0
19400,3,2
19401,2,2
19402,2,1
19403,2,0
19404,2,2
19405,2,2
19406,2,2
19407,3,2
19408,4,2
19409,2,2
19410,2,1
19411,2,2
19412,2,2
19413,2,2
19414,2,0
19415,2,2
19416,2,1
19417,2,0
19418,2,0
19419,3,1
19420,3,1
19421,2,0
19422,2,2
19423,2,2
19424,2,0
19425,2,2
19426,2,1
19427,3,3
19428,2,0
19429,2,2
19430,2,2
19431,2,0
19432,2,2
19433,2,1
19434,2,2
19435,2,1
19436,2,1
19437,3,1
19438,4,1
19439,2,0
19440,2,2
19441,2,2
19442,2,2
19443,2,1
19444,2,1
19445,2,2
19446,3,2
19447,2,0
19448,2,0
19449,2,1
19450,3,0
19451,2,0
19452,2,1
19453,2,2
19454,2,0
19455,2,0
19456,2,2
19457,3,3
19458,2,1
19459,2,0
19460,2,2
19461,2,1
19462,4,0
19463,2,2
19464,2,1
19465,2,2
19466,2,0
19467,2,1
19468,4,4
19469,3,2
19470,4,4
19471,2,0
19472,4,1
19473,2,0
19474,3,1
19475,2,2
19476,2,0
19477,2,2
19478,2,2
19479,2,0
19480,2,1
19481,2,0
19482,2,2
19483,2,0
19484,2,2
19485,2,0
19486,2,0
19487,2,0
19488,2,0
19489,2,1
19490,3,2
19491,3,2
19492,3,3
19493,2,2
19494,2,0
19495,2,0
19496,2,1
19497,2,2
19498,2,0
19499,2,2
19500,3,2
19501,2,1
19502,3,3
19503,2,0
19504,2,2
19505,2,2
19506,4,0
19507,2,1
19508,2,1
19509,2,2
19510,2,0
19511,3,3
19512,4,4
19513,2,2
19514,2,0
19515,2,0
19516,2,0
19517,2,2
19518,2,0
19519,2,2
19520,2,0
19521,2,2
19522,2,2
19523,2,2
19524,2,2
19525,2,0
19526,2,0
19527,3,1
19528,2,0
19529,2,1
19530,2,1
19531,3,0
19532,3,3
19533,2,2
19534,2,2
19535,2,0
19536,2,2
19537,2,2
19538,2,2
19539,2,1
19540,2,2
19541,2,2
19542,2,2
19543,3,2
19544,3,3
19545,2,0
19546,2,0
19547,4,2
19548,2,2
19549,2,0
19550,3,3
19551,2,2
19552,2,0
19553,2,0
19554,2,2
19555,2,0
19556,2,0
19557,2,2
19558,2,1
19559,2,1
19560,3,1
19561,2,0
19562,2,0
19563,2,2
19564,4,3
19565,2,0
19566,2,0
19567,3,3
19568,2,0
19569,4,0
19570,2,2
19571,2,2
19572,3,3
19573,4,4
19574,2,0
19575,2,2
19576,2,2
19577,2,1
19578,3,1
19579,3,2
19580,4,4
19581,2,2
19582,2,0
19583,3,1
19584,2,0
19585,3,3
19586,4,4
19587,2,2
19588,2,1
19589,2,2
19590,3,1
19591,2,2
19592,2,2
19593,2,2
19594,2,2
19595,2,0
19596,2,0
19597,4,3
19598,2,2
19599,2,2
19600,2,0
19601,2,2
19602,2,2
19603,2,2
19604,2,2
19605,2,2
19606,3,1
19607,2,0
19608,3,0
19609,2,0
19610,2,1
19611,3,1
19612,2,0
19613,2,0
19614,3,3
19615,2,1
19616,2,2
19617,2,0
19618,2,0
19619,2,2
19620,3,1
19621,2,0
19622,3,3
19623,2,2
19624,2,2
19625,3,3
19626,3,2
19627,2,1
19628,3,3
19629,2,1
19630,2,0
19631,2,0
19632,2,0
19633,2,1
19634,3,2
19635,2,2
19636,2,2
19637,2,2
19638,2,0
19639,2,1
19640,3,0
19641,2,2
19642,2,1
19643,2,1
19644,2,2
19645,4,1
19646,3,3
19647,3,1
19648,2,2
19649,2,0
19650,2,2
19651,2,2
19652,2,2
19653,3,3
19654,3,3
19655,2,0
19656,2,0
19657,2,2
19658,3,3
19659,4,2
19660,3,1
19661,2,0
19662,2,2
19663,2,1
19664,2,0
19665,2,1
19666,2,1
19667,3,0
19668,2,2
19669,3,2
19670,2,1
19671,3,3
19672,2,1
19673,2,2
19674,2,2
19675,2,0
19676,2,1
19677,2,0
19678,2,1
19679,2,2
19680,2,0
19681,3,1
19682,2,0
19683,2,0
19684,2,0
19685,2,2
19686,2,2
19687,2,2
19688,2,0
19689,3,0
19690,2,2
19691,3,1
19692,2,2
19693,2,2
19694,2,0
19695,4,4
19696,2,1
19697,2,0
19698,2,2
19699,2,2
19700,4,3
19701,2,0
19702,2,0
19703,3,1
19704,4,2
19705,2,2
19706,2,0
19707,2,2
19708,3,3
19709,2,0
19710,2,2
19711,2,1
19712,3,2
19713,3,3
19714,2,2
19715,2,2
19716,2,0
19717,3,3
19718,4,1
19719,2,2
19720,2,2
19721,2,1
19722,2,0
19723,2,0
19724,3,1
19725,2,2
19726,2,2
19727,2,2
19728,4,2
19729,2,0
19730,3,2
19731,2,1
19732,2,2
19733,3,0
19734,3,2
19735,2,0
19736,3,1
19737,2,0
19738,2,0
19739,4,3
19740,2,2
19741,2,1
19742,2,2
19743,2,0
19744,2,2
19745,2,2
19746,2,0
19747,4,1
19748,2,0
19749,3,3
19750,2,2
19751,2,2
19752,2,2
19753,2,1
19754,2,1
19755,2,0
19756,2,2
19757,2,0
19758,2,2
19759,2,0
19760,2,0
19761,2,0
19762,2,2
19763,2,2
19764,2,2
19765,2,2
19766,2,2
19767,2,2
19768,2,2
19769,2,1
19770,2,0
19771,2,2
19772,2,2
19773,2,0
19774,2,1
19775,2,2
19776,2,1
19777,2,0
19778,2,1
19779,2,1
19780,3,2
19781,2,0
19782,3,3
19783,2,0
19784,2,1
19785,3,3
19786,2,0
19787,2,2
19788,2,0
19789,2,0
19790,2,2
19791,2,1
19792,3,0
19793,2,2
19794,2,0
19795,3,1
19796,2,1
19797,2,0
19798,2,1
19799,3,0
19800,2,1
19801,2,0
19802,2,2
19803,2,1
19804,2,2
19805,2,0
19806,3,1
19807,2,2
19808,2,2
19809,2,1
19810,2,2
19811,3,2
19812,2,2
19813,2,0
19814,2,0
19815,2,1
19816,2,0
19817,2,2
19818,2,0
19819,4,0
19820,3,1
19821,2,1
19822,3,1
19823,2,2
19824,2,0
19825,4,3
19826,2,0
19827,2,1
19828,3,1
19829,2,0
19830,2,2
19831,3,3
19832,3,1
19833,2,0
19834,2,2
19835,2,0
19836,2,1
19837,2,0
19838,2,2
19839,2,2
19840,2,0
19841,4,2
19842,2,2
19843,2,1
19844,4,3
19845,4,2
19846,4,4
19847,3,3
19848,2,1
19849,2,0
19850,3,1
19851,2,0
19852,3,2
19853,2,2
19854,2,2
19855,2,2
19856,2,2
19857,2,2
19858,2,2
19859,3,3
19860,2,1
19861,3,3
19862,2,0
19863,3,2
19864,2,0
19865,3,3
19866,4,1
19867,3,3
19868,2,0
19869,2,0
19870,4,4
19871,3,2
19872,2,2
19873,2,1
19874,2,0
19875,2,2
19876,2,0
19877,4,3
19878,2,2
19879,2,2
19880,2,2
19881,3,0
19882,2,2
19883,2,0
19884,2,0
19885,2,2
19886,3,3
19887,2,0
19888,2,1
19889,4,3
19890,2,0
19891,3,1
19892,2,2
19893,3,2
19894,2,2
19895,2,2
19896,2,0
19897,2,0
19898,2,0
19899,2,0
19900,2,0
19901,3,1
19902,2,0
19903,4,2
19904,3,0
19905,2,2
19906,2,2
19907,3,0
19908,4,2
19909,2,0
19910,2,0
19911,2,2
19912,3,3
19913,3,0
19914,2,2
19915,2,0
19916,2,2
19917,4,4
19918,2,2
19919,4,0
19920,2,2
19921,2,2
19922,4,0
19923,2,0
19924,2,2
19925,2,2
19926,2,2
19927,2,1
19928,2,2
19929,2,0
19930,2,2
19931,2,0
19932,2,0
19933,4,1
19934,2,0
19935,2,2
19936,2,1
19937,2,2
19938,2,0
19939,3,2
19940,2,2
19941,2,2
19942,3,0
19943,2,1
19944,2,0
19945,2,0
19946,2,0
19947,3,0
19948,2,2
19949,2,1
19950,2,2
19951,4,4
19952,2,2
19953,2,1
19954,2,0
19955,2,0
19956,2,0
19957,3,1
19958,3,3
19959,2,2
19960,2,0
19961,2,1
19962,3,1
19963,3,2
19964,4,0
19965,2,0
19966,2,0
19967,2,0
19968,3,1
19969,2,2
19970,2,2
19971,2,0
19972,3,3
19973,4,3
19974,2,2
19975,2,1
19976,2,0
19977,2,1
19978,2,1
19979,2,2
19980,4,1
19981,3,2
19982,2,2
19983,4,4
19984,2,2
19985,3,3
19986,3,1
19987,4,2
19988,2,1
19989,3,1
19990,2,1
19991,2,0
19992,2,0
19993,2,2
19994,2,1
19995,2,0
19996,2,2
19997,2,2
19998,2,2
19999,2,2
20000,2,1
20001,2,2
20002,2,0
20003,2,1
20004,2,0
20005,2,2
20006,4,4
20007,2,0
20008,4,4
20009,2,0
20010,2,2
20011,2,2
20012,2,2
20013,2,2
20014,3,0
20015,2,0
20016,2,2
20017,3,1
20018,2,2
20019,4,2
20020,2,2
20021,3,1
20022,2,2
20023,3,2
20024,2,0
20025,2,2
20026,2,2
20027,3,0
20028,2,2
20029,2,1
20030,3,2
20031,3,3
20032,3,1
20033,3,0
20034,2,0
20035,2,2
20036,2,2
20037,2,2
20038,2,2
20039,3,2
20040,2,0
20041,3,0
20042,2,2
20043,2,1
20044,2,2
20045,2,0
20046,2,1
20047,4,2
20048,2,1
20049,2,2
20050,2,0
20051,2,0
20052,2,2
20053,2,1
20054,2,2
20055,3,1
20056,2,0
20057,2,2
20058,2,2
20059,2,2
20060,2,0
20061,3,2
20062,3,3
20063,2,0
20064,3,3
20065,2,0
20066,3,3
20067,2,0
20068,3,0
20069,2,0
20070,2,2
20071,2,2
20072,2,0
20073,2,1
20074,2,2
20075,2,2
20076,3,2
20077,2,1
20078,2,0
20079,4,4
20080,2,2
20081,2,2
20082,2,2
20083,3,2
20084,2,2
20085,3,3
20086,3,2
20087,2,2
20088,2,2
20089,2,2
20090,2,2
20091,2,0
20092,3,1
20093,2,2
20094,2,2
20095,2,0
20096,3,0
20097,2,2
20098,3,0
20099,2,2
20100,2,2
20101,4,4
20102,3,3
20103,2,2
20104,2,2
20105,3,0
20106,2,0
20107,2,1
20108,2,2
20109,2,1
20110,2,2
20111,2,2
20112,2,2
20113,2,2
20114,2,2
20115,4,1
20116,2,0
20117,3,2
20118,2,2
20119,2,2
20120,3,3
20121,2,2
20122,2,2
20123,2,2
20124,2,1
20125,4,4
20126,4,2
20127,2,0
20128,2,2
20129,2,2
20130,2,2
20131,2,2
20132,2,1
20133,3,2
20134,2,1
20135,2,1
20136,2,0
20137,4,4
20138,2,1
20139,2,2
20140,4,0
20141,4,2
20142,2,0
20143,2,1
20144,2,0
20145,2,2
20146,2,2
20147,2,2
20148,3,3
20149,2,2
20150,2,2
20151,2,2
20152,2,0
20153,2,2
20154,2,0
20155,2,1
20156,4,2
20157,2,1
20158,2,2
20159,2,2
20160,4,4
20161,3,3
20162,2,1
20163,3,3
20164,2,1
20165,2,2
20166,3,1
20167,2,2
20168,2,2
20169,2,2
20170,2,0
20171,3,1
20172,2,1
20173,2,0
20174,3,3
20175,2,2
20176,4,4
20177,2,0
20178,3,2
20179,2,2
20180,2,2
20181,2,0
20182,3,3
20183,2,1
20184,3,1
20185,2,0
20186,2,1
20187,2,2
20188,3,3
20189,2,1
20190,2,0
20191,2,2
20192,4,0
20193,2,2
20194,2,2
20195,2,0
20196,3,3
20197,3,3
20198,2,2
20199,2,1
20200,2,1
20201,3,3
20202,2,0
20203,3,2
20204,2,0
20205,2,0
20206,3,3
20207,2,0
20208,3,1
20209,2,0
20210,2,0
20211,2,1
20212,3,3
20213,2,1
20214,2,0
20215,2,1
20216,3,2
20217,2,1
20218,2,0
20219,3,1
20220,3,2
20221,2,0
20222,4,0
20223,2,2
20224,3,3
20225,3,1
20226,4,2
20227,4,4
20228,2,2
20229,2,2
20230,2,2
20231,4,1
20232,2,0
20233,2,2
20234,3,3
20235,2,0
20236,2,1
20237,2,2
20238,2,2
20239,2,2
20240,2,0
20241,2,0
20242,2,1
20243,2,0
20244,2,1
20245,2,2
20246,2,2
20247,3,1
20248,3,3
20249,3,1
20250,4,1
20251,2,0
20252,2,1
20253,2,1
20254,4,0
20255,2,0
20256,2,2
20257,2,2
20258,2,2
20259,3,2
20260,4,1
20261,3,3
20262,2,2
20263,3,3
20264,2,1
20265,3,0
20266,2,2
20267,2,2
20268,2,2
20269,2,2
20270,2,0
20271,4,4
20272,2,2
20273,2,1
20274,3,1
20275,2,2
20276,2,2
20277,2,2
20278,2,2
20279,3,1
20280,2,0
20281,4,2
20282,4,3
20283,3,0
20284,2,0
20285,2,1
20286,2,0
20287,2,0
20288,2,2
20289,2,0
20290,2,0
20291,2,0
20292,4,1
20293,2,0
20294,2,2
20295,3,2
20296,2,0
20297,2,2
20298,2,0
20299,2,0
20300,3,0
20301,3,1
20302,2,2
20303,2,2
20304,2,2
20305,2,0
20306,3,1
20307,3,2
20308,2,2
20309,2,2
20310,2,2
20311,2,0
20312,2,0
20313,2,1
20314,2,1
20315,2,2
20316,2,0
20317,2,0
20318,2,0
20319,2,0
20320,4,4
20321,2,2
20322,2,2
20323,2,1
20324,2,2
20325,2,0
20326,2,0
20327,4,4
20328,4,2
20329,2,0
20330,2,2
20331,2,2
20332,3,2
20333,2,0
20334,3,1
20335,2,0
20336,3,2
20337,2,1
20338,3,0
20339,4,1
20340,2,2
20341,2,0
20342,2,2
20343,2,2
20344,3,0
20345,2,0
20346,2,0
20347,4,4
20348,3,2
20349,3,3
20350,4,4
20351,3,3
20352,3,0
20353,3,1
20354,2,0
20355,2,2
20356,2,1
20357,2,0
20358,2,2
20359,2,1
20360,2,2
20361,2,2
20362,4,1
20363,3,3
20364,2,2
20365,3,2
20366,2,0
20367,2,2
20368,2,1
20369,2,2
20370,2,2
20371,3,2
20372,2,2
20373,2,2
20374,2,2
20375,2,0
20376,2,1
20377,4,2
20378,3,2
20379,2,0
20380,2,2
20381,3,3
20382,2,0
20383,2,0
20384,3,0
20385,3,1
20386,2,0
20387,2,2
20388,2,0
20389,2,2
20390,2,1
20391,2,2
20392,4,4
20393,4,2
20394,2,2
20395,2,2
20396,2,2
20397,4,4
20398,2,1
20399,2,0
20400,2,0
20401,3,2
20402,3,3
20403,2,2
20404,2,0
20405,2,0
20406,3,1
20407,2,2
20408,2,1
20409,3,2
20410,4,3
20411,4,4
20412,4,4
20413,2,1
20414,3,2
20415,3,3
20416,2,1
20417,2,2
20418,2,0
20419,2,1
20420,2,2
20421,2,0
20422,2,2
20423,2,2
20424,4,2
20425,2,2
20426,2,0
20427,2,2
20428,2,0
20429,2,0
20430,2,2
20431,2,0
20432,2,2
20433,2,0
20434,3,3
20435,2,2
20436,4,0
20437,2,2
20438,3,1
20439,4,4
20440,2,2
20441,4,0
20442,2,2
20443,2,2
20444,2,1
20445,2,0
20446,3,2
20447,3,0
20448,2,2
20449,3,2
20450,2,2
20451,2,2
20452,2,0
20453,2,0
20454,2,0
20455,2,1
20456,2,0
20457,2,2
20458,2,2
20459,2,1
20460,2,1
20461,2,2
20462,2,2
20463,3,1
20464,2,2
20465,2,1
20466,2,2
20467,2,1
20468,2,0
20469,3,2
20470,2,2
20471,2,1
20472,2,2
20473,2,2
20474,2,0
20475,2,2
20476,2,1
20477,2,1
20478,2,2
20479,2,2
20480,3,1
20481,3,2
20482,4,2
20483,4,4
20484,2,0
20485,2,2
20486,2,2
20487,2,0
20488,2,2
20489,2,1
20490,2,2
20491,3,3
20492,3,3
20493,3,3
20494,2,2
20495,2,2
20496,3,3
20497,3,2
20498,2,0
20499,2,0
20500,2,2
20501,3,3
20502,2,2
20503,3,0
20504,2,2
20505,2,2
20506,2,0
20507,2,0
20508,4,4
20509,2,2
20510,2,1
20511,2,2
20512,2,1
20513,2,2
20514,2,0
20515,3,1
20516,3,1
20517,2,2
20518,2,2
20519,2,0
20520,4,4
20521,2,2
20522,3,2
20523,2,2
20524,2,2
20525,2,0
20526,3,3
20527,2,2
20528,2,0
20529,4,2
20530,3,3
20531,2,0
20532,4,0
20533,2,2
20534,2,2
20535,4,4
20536,2,0
20537,2,0
20538,2,0
20539,3,2
20540,4,4
20541,2,0
20542,2,1
20543,2,0
20544,2,1
20545,2,1
20546,2,0
20547,3,1
20548,2,2
20549,2,0
20550,2,2
20551,3,0
20552,3,3
20553,2,2
20554,2,0
20555,2,1
20556,2,2
20557,2,1
20558,2,2
20559,3,2
20560,2,2
20561,3,0
20562,2,2
20563,2,2
20564,2,2
20565,2,0
20566,2,2
20567,4,3
20568,2,1
20569,2,2
20570,3,2
20571,2,2
20572,2,2
20573,2,1
20574,2,0
20575,2,0
20576,2,2
20577,2,0
20578,2,0
20579,3,3
20580,3,2
20581,3,3
20582,2,2
20583,3,2
20584,2,2
20585,2,2
20586,3,2
20587,2,2
20588,2,1
20589,4,3
20590,3,0
20591,2,0
20592,2,0
20593,3,1
20594,2,2
20595,2,2
20596,2,0
20597,3,3
20598,3,2
20599,2,2
20600,2,0
20601,2,0
20602,2,0
20603,2,2
20604,3,1
20605,2,0
20606,4,1
20607,3,2
20608,2,1
20609,2,2
20610,2,2
20611,2,1
20612,2,0
20613,2,1
20614,2,0
20615,4,4
20616,3,1
20617,2,0
20618,3,3
20619,2,2
20620,2,2
20621,3,1
20622,2,1
20623,2,2
20624,2,0
20625,2,0
20626,2,2
20627,2,0
20628,2,0
20629,3,2
20630,2,2
20631,3,2
20632,2,1
20633,2,2
20634,3,3
20635,4,4
20636,2,0
20637,2,2
20638,2,1
20639,2,2
20640,2,2
20641,2,2
20642,2,0
20643,2,1
20644,2,2
20645,2,2
20646,2,2
20647,2,1
20648,2,1
20649,2,2
20650,2,0
20651,3,2
20652,2,2
20653,2,0
20654,2,0
20655,2,2
20656,2,0
20657,2,2
20658,2,2
20659,2,2
20660,2,1
20661,4,4
20662,2,2
20663,2,2
20664,4,2
20665,2,2
20666,2,0
20667,4,3
20668,2,0
20669,2,2
20670,2,2
20671,2,2
20672,2,0
20673,2,0
20674,2,0
20675,2,2
20676,2,0
20677,2,1
20678,2,2
20679,2,1
20680,2,2
20681,3,1
20682,2,0
20683,2,0
20684,2,0
20685,2,2
20686,2,0
20687,3,1
20688,2,0
20689,3,3
20690,2,2
20691,2,1
20692,2,1
20693,4,3
20694,3,3
20695,2,0
20696,2,1
20697,2,0
20698,2,2
20699,3,2
20700,2,0
20701,2,0
20702,2,2
20703,2,0
20704,2,2
20705,3,3
20706,2,2
20707,2,2
20708,2,2
20709,2,2
20710,2,1
20711,2,1
20712,2,0
20713,2,2
20714,2,2
20715,2,2
20716,2,2
20717,2,2
20718,2,2
20719,2,1
20720,3,0
20721,2,0
20722,2,1
20723,2,0
20724,3,3
20725,2,0
20726,2,2
20727,4,2
20728,2,0
20729,2,2
20730,2,0
20731,2,1
20732,2,0
20733,2,0
20734,4,1
20735,2,2
20736,2,2
20737,3,1
20738,2,2
20739,2,0
20740,2,1
20741,2,0
20742,2,0
20743,2,0
20744,2,1
20745,2,2
20746,2,0
20747,2,2
20748,4,2
20749,3,2
20750,2,2
20751,2,0
20752,2,1
20753,2,2
20754,2,2
20755,2,0
20756,3,1
20757,2,2
20758,2,2
20759,3,3
20760,2,1
20761,2,0
20762,2,0
20763,2,2
20764,2,1
20765,3,1
20766,2,2
20767,2,0
20768,3,2
20769,2,2
20770,2,2
20771,2,1
20772,2,0
20773,2,0
20774,2,2
20775,2,0
20776,2,1
20777,2,2
20778,2,1
20779,3,1
20780,2,1
20781,2,2
20782,4,1
20783,2,0
20784,2,2
20785,2,2
20786,2,1
20787,2,2
20788,2,2
20789,2,2
20790,2,0
20791,3,3
20792,2,2
20793,2,2
20794,2,0
20795,2,0
20796,2,0
20797,2,2
20798,2,0
20799,2,2
20800,3,2
20801,3,3
20802,2,2
20803,2,2
20804,3,3
20805,2,0
20806,3,0
20807,2,2
20808,2,2
20809,2,0
20810,2,1
20811,3,2
20812,3,3
20813,2,0
20814,3,2
20815,2,2
20816,3,2
20817,2,2
20818,2,2
20819,3,2
20820,4,2
20821,2,0
20822,3,1
20823,2,1
20824,3,2
20825,2,0
20826,2,2
20827,2,0
20828,3,3
20829,2,1
20830,2,2
20831,2,2
20832,4,1
20833,2,2
20834,2,2
20835,2,2
20836,3,2
20837,2,2
20838,2,2
20839,3,0
20840,4,2
20841,2,1
20842,2,2
20843,2,2
20844,2,0
20845,2,2
20846,3,1
20847,3,2
20848,2,0
20849,2,2
20850,2,2
20851,2,2
20852,3,0
20853,2,0
20854,2,2
20855,2,2
20856,2,2
20857,3,3
20858,2,1
20859,4,4
20860,4,0
20861,3,3
20862,4,1
20863,4,0
20864,3,3
20865,2,2
20866,2,0
20867,2,0
20868,2,1
20869,2,2
20870,2,2
20871,2,2
20872,2,2
20873,2,2
20874,2,2
20875,2,2
20876,2,2
20877,2,0
20878,2,0
20879,2,2
20880,2,0
20881,2,1
20882,2,2
20883,2,0
20884,3,1
20885,4,3
20886,2,2
20887,2,0
20888,3,3
20889,2,0
20890,4,4
20891,2,0
20892,3,3
20893,2,2
20894,2,0
20895,2,1
20896,2,0
20897,2,1
20898,2,2
20899,2,2
20900,2,1
20901,2,0
20902,2,0
20903,2,0
20904,2,0
20905,2,2
20906,2,0
20907,2,2
20908,2,2
20909,2,2
20910,3,3
20911,3,0
20912,4,0
20913,4,3
20914,2,2
20915,3,1
20916,2,0
20917,4,3
20918,3,0
20919,2,2
20920,2,0
20921,2,2
20922,4,2
20923,2,0
20924,3,3
20925,2,2
20926,2,0
20927,2,2
20928,2,0
20929,2,0
20930,3,3
20931,2,2
20932,2,2
20933,2,0
20934,2,0
20935,2,1
20936,3,0
20937,3,2
20938,2,2
20939,2,0
20940,2,2
20941,2,2
20942,2,0
20943,3,1
20944,4,0
20945,3,1
20946,2,0
20947,2,2
20948,2,0
20949,2,0
20950,2,2
20951,2,1
20952,2,0
20953,4,3
20954,2,1
20955,2,2
20956,2,0
20957,2,2
20958,2,0
20959,2,2
20960,2,2
20961,2,2
20962,2,2
20963,2,2
20964,2,2
20965,2,1
20966,4,4
20967,3,1
20968,2,2
20969,2,0
20970,2,2
20971,3,3
20972,3,2
20973,2,1
20974,3,1
20975,2,0
20976,2,0
20977,2,2
20978,3,1
20979,2,0
20980,2,2
20981,2,1
20982,3,0
20983,3,0
20984,2,0
20985,3,0
20986,2,0
20987,2,2
20988,2,1
20989,2,2
20990,2,0
20991,4,1
20992,2,0
20993,2,0
20994,2,2
20995,4,4
20996,2,1
20997,3,3
20998,2,2
20999,2,1
21000,2,0
21001,2,2
21002,3,3
21003,2,0
21004,2,0
21005,2,2
21006,2,2
21007,2,2
21008,3,3
21009,3,0
21010,2,2
21011,2,2
21012,2,1
21013,2,2
21014,3,2
21015,2,2
21016,2,2
21017,3,1
21018,3,2
21019,2,2
21020,2,2
21021,2,2
21022,3,2
21023,2,2
21024,2,2
21025,2,0
21026,2,2
21027,2,2
21028,3,0
21029,2,2
21030,3,0
21031,2,2
21032,2,1
21033,2,1
21034,2,2
21035,2,0
21036,3,0
21037,2,0
21038,3,2
21039,4,0
21040,2,1
21041,2,2
21042,3,3
21043,2,0
21044,3,3
21045,2,0
21046,2,1
21047,2,0
21048,2,1
21049,4,0
21050,2,0
21051,3,1
21052,3,2
21053,3,1
21054,4,4
21055,2,0
21056,2,2
21057,2,1
21058,2,2
21059,3,1
21060,2,2
21061,2,0
21062,3,3
21063,2,0
21064,2,0
21065,2,2
21066,3,3
21067,3,0
21068,2,2
21069,2,2
21070,2,2
21071,2,1
21072,2,2
21073,3,2
21074,2,1
21075,2,2
21076,3,2
21077,2,2
21078,2,0
21079,3,1
21080,2,2
21081,4,4
21082,2,2
21083,2,2
21084,2,0
21085,3,3
21086,2,1
21087,2,2
21088,3,3
21089,2,0
21090,2,2
21091,2,2
21092,3,0
21093,2,0
21094,3,3
21095,2,0
21096,2,2
21097,2,2
21098,2,1
21099,2,2
21100,2,0
21101,2,1
21102,2,0
21103,4,1
21104,2,2
21105,2,0
21106,2,0
21107,2,0
21108,2,2
21109,4,0
21110,2,1
21111,2,1
21112,4,0
21113,2,2
21114,2,1
21115,2,2
21116,2,1
21117,2,0
21118,4,2
21119,2,1
21120,3,0
21121,3,1
21122,3,0
21123,3,1
21124,2,0
21125,2,2
21126,2,0
21127,4,2
21128,2,2
21129,2,2
21130,2,0
21131,2,2
21132,2,2
21133,2,2
21134,2,0
21135,2,1
21136,2,0
21137,2,2
21138,2,0
21139,3,3
21140,2,1
21141,2,2
21142,2,2
21143,3,2
21144,2,1
21145,2,2
21146,2,0
21147,2,1
21148,4,2
21149,2,1
21150,2,0
21151,2,0
21152,2,0
21153,2,2
21154,4,1
21155,3,1
21156,2,2
21157,2,0
21158,2,0
21159,2,0
21160,2,2
21161,2,2
21162,2,2
21163,2,0
21164,2,2
21165,3,2
21166,2,2
21167,2,2
21168,3,3
21169,2,0
21170,2,0
21171,2,2
21172,3,1
21173,3,1
21174,3,1
21175,2,2
21176,2,0
21177,4,4
21178,3,2
21179,2,1
21180,3,0
21181,2,0
21182,2,2
21183,2,2
21184,2,2
21185,2,2
21186,2,2
21187,2,1
21188,3,1
21189,2,2
21190,2,2
21191,2,2
21192,2,2
21193,2,1
21194,2,2
21195,2,0
21196,4,4
21197,2,1
21198,2,2
21199,2,2
21200,3,1
21201,2,0
21202,3,0
21203,3,1
21204,2,1
21205,2,0
21206,2,2
21207,2,0
21208,2,0
21209,2,2
21210,2,0
21211,2,2
21212,2,0
21213,2,0
21214,2,2
21215,2,1
21216,2,2
21217,3,0
21218,2,0
21219,2,2
21220,3,1
21221,2,2
21222,2,0
21223,2,1
21224,2,2
21225,2,2
21226,2,2
21227,2,0
21228,2,2
21229,2,0
21230,2,2
21231,3,3
21232,2,2
21233,2,0
21234,2,2
21235,2,1
21236,2,2
21237,3,3
21238,2,2
21239,4,0
21240,2,2
21241,2,0
21242,2,0
21243,2,0
21244,3,3
21245,2,1
21246,2,0
21247,2,2
21248,2,2
21249,2,0
21250,2,0
21251,2,2
21252,2,2
21253,2,2
21254,4,2
21255,2,2
21256,2,2
21257,2,2
21258,3,0
21259,2,0
21260,2,0
21261,2,0
21262,2,2
21263,2,0
21264,2,2
21265,3,3
21266,4,2
21267,2,2
21268,2,1
21269,4,4
21270,2,2
21271,2,2
21272,4,1
21273,2,2
21274,3,0
21275,2,0
21276,2,0
21277,2,2
21278,3,0
21279,2,0
21280,3,3
21281,3,2
21282,2,1
21283,2,0
21284,2,1
21285,2,2
21286,3,3
21287,2,0
21288,2,0
21289,2,1
21290,3,3
21291,2,0
21292,3,2
21293,2,1
21294,3,3
21295,2,0
21296,3,3
21297,4,4
21298,2,2
21299,2,2
21300,2,2
21301,2,2
21302,2,0
21303,2,0
21304,2,2
21305,3,3
21306,2,2
21307,3,1
21308,4,2
21309,2,2
21310,2,0
21311,2,2
21312,2,0
21313,2,2
21314,2,1
21315,2,2
21316,3,3
21317,2,0
21318,2,2
21319,2,2
21320,3,3
21321,2,0
21322,2,2
21323,2,0
21324,2,0
21325,2,2
21326,2,2
21327,2,2
21328,2,2
21329,2,1
21330,2,2
21331,2,2
21332,3,3
21333,2,2
21334,2,0
21335,3,3
21336,2,2
21337,3,2
21338,2,0
21339,2,0
21340,2,2
21341,3,1
21342,2,1
21343,4,2
21344,2,1
21345,3,1
21346,2,2
21347,2,0
21348,2,0
21349,3,1
21350,2,0
21351,2,2
21352,2,0
21353,2,0
21354,2,1
21355,3,2
21356,2,0
21357,2,1
21358,2,0
21359,2,2
21360,2,0
21361,3,2
21362,2,2
21363,2,0
21364,2,1
21365,3,1
21366,2,1
21367,2,1
21368,4,3
21369,3,3
21370,2,2
21371,2,0
21372,3,3
21373,2,0
21374,2,1
21375,2,2
21376,3,1
21377,2,2
21378,2,2
21379,2,0
21380,3,2
21381,2,0
21382,2,0
21383,2,2
21384,2,2
21385,4,4
21386,3,3
21387,3,0
21388,2,2
21389,2,2
21390,2,0
21391,2,0
21392,2,0
21393,3,3
21394,3,2
21395,2,0
21396,2,1
21397,3,0
21398,2,2
21399,2,2
21400,2,2
21401,2,1
21402,2,0
21403,2,2
21404,2,2
21405,4,2
21406,2,0
21407,2,2
21408,2,1
21409,2,2
21410,2,2
21411,2,0
21412,2,0
21413,2,2
21414,3,3
21415,2,2
21416,2,2
21417,2,1
21418,2,2
21419,2,2
21420,2,2
21421,2,2
21422,2,0
21423,2,0
21424,2,2
21425,2,0
21426,2,1
21427,2,2
21428,2,1
21429,2,2
21430,2,0
21431,2,2
21432,3,2
21433,2,2
21434,2,0
21435,2,0
21436,3,2
21437,2,2
21438,2,2
21439,3,2
21440,2,2
21441,3,3
21442,2,0
21443,2,1
21444,2,0
21445,4,4
21446,2,2
21447,2,2
21448,3,1
21449,2,1
21450,2,0
21451,2,2
21452,4,4
21453,2,0
21454,2,2
21455,4,2
21456,2,2
21457,2,2
21458,2,1
21459,2,2
21460,2,1
21461,2,2
21462,3,0
21463,2,2
21464,4,2
21465,2,2
21466,3,1
21467,2,2
21468,2,0
21469,2,2
21470,2,1
21471,2,0
21472,2,0
21473,2,0
21474,2,1
21475,2,2
21476,2,0
21477,2,1
21478,2,0
21479,4,4
21480,3,3
21481,2,0
21482,2,0
21483,2,1
21484,3,3
21485,2,0
21486,2,2
21487,2,0
21488,2,2
21489,2,2
21490,2,2
21491,4,2
21492,2,0
21493,2,2
21494,2,0
21495,2,2
21496,2,2
21497,3,1
21498,2,0
21499,3,0
21500,3,2
21501,2,2
21502,2,2
21503,2,0
21504,2,2
21505,2,2
21506,2,0
21507,2,2
21508,4,1
21509,2,0
21510,2,2
21511,2,2
21512,2,0
21513,2,2
21514,2,1
21515,2,2
21516,3,2
21517,3,3
21518,2,0
21519,2,2
21520,3,0
21521,2,0
21522,2,0
21523,2,2
21524,3,1
21525,2,1
21526,3,0
21527,2,1
21528,3,2
21529,2,2
21530,2,0
21531,2,2
21532,4,2
21533,3,3
21534,2,2
21535,3,1
21536,2,0
21537,3,2
21538,3,2
21539,2,1
21540,2,2
21541,2,1
21542,4,4
21543,2,2
21544,2,2
21545,4,2
21546,2,2
21547,2,0
21548,3,1
21549,3,2
21550,2,2
21551,2,2
21552,2,2
21553,2,0
21554,2,1
21555,3,3
21556,2,2
21557,4,2
21558,2,2
21559,3,0
21560,3,1
21561,2,2
21562,2,1
21563,2,2
21564,2,2
21565,2,2
21566,2,2
21567,2,2
21568,2,2
21569,2,0
21570,2,0
21571,2,0
21572,2,0
21573,3,3
21574,4,2
21575,2,2
21576,2,1
21577,2,0
21578,2,2
21579,2,0
21580,2,0
21581,2,1
21582,2,2
21583,2,0
21584,3,2
21585,2,2
21586,3,1
21587,4,4
21588,2,2
21589,3,0
21590,2,2
21591,3,2
21592,3,3
21593,2,0
21594,2,0
21595,2,2
21596,4,1
21597,2,1
21598,2,2
21599,3,2
21600,4,4
21601,2,0
21602,2,2
21603,2,2
21604,3,2
21605,4,0
21606,3,1
21607,2,0
21608,2,2
21609,2,0
21610,2,1
21611,3,1
21612,2,2
21613,3,2
21614,2,2
21615,2,2
21616,2,0
21617,2,2
21618,2,0
21619,4,0
21620,2,2
21621,2,2
21622,2,0
21623,3,1
21624,2,2
21625,2,1
21626,3,3
21627,2,2
21628,2,2
21629,3,1
21630,3,2
21631,2,0
21632,2,2
21633,2,1
21634,4,0
21635,2,1
21636,2,0
21637,2,0
21638,2,2
21639,2,0
21640,2,1
21641,4,1
21642,2,0
21643,3,2
21644,2,2
21645,4,2
21646,2,1
21647,2,2
21648,2,2
21649,2,1
21650,2,2
21651,2,1
21652,2,2
21653,2,1
21654,2,2
21655,2,1
21656,2,2
21657,2,1
21658,2,1
21659,2,2
21660,2,0
21661,2,2
21662,2,0
21663,2,0
21664,2,1
21665,2,0
21666,2,0
21667,2,0
21668,2,2
21669,2,2
21670,2,2
21671,2,2
21672,2,2
21673,2,2
21674,2,0
21675,2,2
21676,2,1
21677,2,0
21678,2,2
21679,3,3
21680,2,0
21681,3,3
21682,4,3
21683,3,1
21684,4,3
21685,2,2
21686,2,0
21687,2,0
21688,2,2
21689,2,2
21690,3,1
21691,2,0
21692,2,2
21693,2,0
21694,3,3
21695,2,0
21696,3,3
21697,2,0
21698,2,2
21699,4,4
21700,2,2
21701,2,2
21702,2,2
21703,2,1
21704,3,2
21705,2,0
21706,2,2
21707,2,2
21708,2,2
21709,3,3
21710,2,1
21711,3,2
21712,2,0
21713,2,2
21714,3,2
21715,2,1
21716,3,1
21717,2,1
21718,4,4
21719,2,1
21720,2,0
21721,2,0
21722,2,1
21723,2,0
21724,2,1
21725,2,2
21726,2,2
21727,2,1
21728,2,0
21729,2,1
21730,2,2
21731,2,2
21732,2,0
21733,4,2
21734,2,1
21735,2,1
21736,2,0
21737,2,2
21738,3,3
21739,4,3
21740,2,1
21741,2,1
21742,2,2
21743,2,2
21744,2,2
21745,2,2
21746,2,2
21747,2,0
21748,2,0
21749,2,2
21750,3,3
21751,2,0
21752,2,2
21753,2,2
21754,2,0
21755,2,1
21756,4,2
21757,2,1
21758,2,0
21759,2,0
21760,2,0
21761,2,0
21762,2,1
21763,3,3
21764,2,2
21765,2,0
21766,2,1
21767,3,0
21768,2,2
21769,2,2
21770,2,2
21771,4,3
21772,2,0
21773,3,3
21774,2,2
21775,2,2
21776,4,0
21777,2,2
21778,3,3
21779,2,2
21780,2,0
21781,4,2
21782,2,0
21783,2,0
21784,2,2
21785,2,0
21786,2,2
21787,3,0
21788,2,2
21789,4,4
21790,2,2
21791,3,3
21792,3,1
21793,2,0
21794,3,1
21795,3,0
21796,2,0
21797,3,1
21798,3,3
21799,2,1
21800,2,2
21801,3,3
21802,2,2
21803,2,0
21804,2,1
21805,3,2
21806,2,2
21807,2,0
21808,2,2
21809,2,0
21810,2,2
21811,2,1
21812,2,0
21813,2,1
21814,2,2
21815,2,2
21816,2,2
21817,2,0
21818,4,3
21819,2,2
21820,4,2
21821,2,2
21822,2,2
21823,2,2
21824,2,1
21825,2,2
21826,2,0
21827,2,2
21828,3,0
21829,2,2
21830,2,0
21831,3,3
21832,2,2
21833,2,0
21834,2,2
21835,2,0
21836,2,2
21837,2,0
21838,2,1
21839,2,2
21840,2,2
21841,3,3
21842,2,1
21843,2,0
21844,2,1
21845,2,1
21846,2,2
21847,2,2
21848,2,1
21849,2,2
21850,3,2
21851,2,2
21852,2,1
21853,2,0
21854,3,2
21855,2,2
21856,2,0
21857,2,0
21858,2,2
21859,2,1
21860,2,0
21861,4,4
21862,2,0
21863,2,1
21864,2,0
21865,2,1
21866,2,2
21867,3,1
21868,2,1
21869,2,0
21870,2,2
21871,2,2
21872,2,2
21873,3,3
21874,2,0
21875,2,2
21876,2,2
21877,2,2
21878,2,0
21879,2,1
21880,2,0
21881,2,2
21882,2,2
21883,2,2
21884,2,0
21885,2,2
21886,2,0
21887,2,0
21888,2,2
21889,2,1
21890,2,0
21891,2,0
21892,2,2
21893,2,0
21894,2,2
21895,2,0
21896,2,0
21897,2,2
21898,2,1
21899,2,2
21900,3,3
21901,4,2
21902,2,2
21903,2,1
21904,2,0
21905,2,2
21906,2,0
21907,2,2
21908,3,1
21909,2,2
21910,2,2
21911,2,0
21912,2,0
21913,3,2
21914,2,2
21915,2,1
21916,2,2
21917,2,1
21918,3,3
21919,2,2
21920,3,2
21921,2,0
21922,2,1
21923,2,0
21924,2,1
21925,2,2
21926,4,2
21927,3,3
21928,2,0
21929,3,3
21930,2,1
21931,2,2
21932,2,0
21933,2,2
21934,2,2
21935,2,0
21936,2,2
21937,2,2
21938,2,2
21939,2,0
21940,2,0
21941,2,1
21942,2,1
21943,2,2
21944,2,2
21945,2,2
21946,2,2
21947,2,2
21948,2,0
21949,2,0
21950,2,0
21951,2,2
21952,2,0
21953,2,0
21954,2,2
21955,2,2
21956,2,2
21957,4,0
21958,2,2
21959,2,1
21960,2,2
21961,3,1
21962,2,2
21963,2,1
21964,2,2
21965,2,0
21966,2,0
21967,3,1
21968,2,1
21969,2,0
21970,2,0
21971,2,2
21972,2,2
21973,2,2
21974,2,2
21975,2,2
21976,4,4
21977,2,2
21978,2,2
21979,4,1
21980,2,2
21981,2,2
21982,2,0
21983,4,0
21984,3,1
21985,3,1
21986,3,3
21987,2,0
21988,2,2
21989,2,2
21990,4,4
21991,2,2
21992,4,2
21993,4,4
21994,2,1
21995,2,2
21996,2,2
21997,2,1
21998,2,2
21999,2,2
22000,2,2
22001,3,1
22002,2,1
22003,2,1
22004,2,0
22005,2,1
22006,2,2
22007,2,2
22008,2,2
22009,2,2
22010,4,0
22011,2,0
22012,2,0
22013,2,2
22014,2,0
22015,2,0
22016,2,2
22017,2,2
22018,2,0
22019,2,1
22020,2,2
22021,3,1
22022,3,1
22023,2,2
22024,2,2
22025,2,2
22026,2,2
22027,2,2
22028,2,0
22029,3,3
22030,2,2
22031,2,1
22032,3,0
22033,2,0
22034,2,0
22035,2,0
22036,3,3
22037,3,1
22038,2,1
22039,2,1
22040,3,3
22041,3,1
22042,2,2
22043,2,1
22044,2,1
22045,2,1
22046,2,1
22047,2,0
22048,2,2
22049,2,0
22050,2,0
22051,2,2
22052,3,1
22053,2,2
22054,2,0
22055,2,1
22056,2,2
22057,2,1
22058,2,2
22059,2,2
22060,2,0
22061,3,1
22062,3,3
22063,3,0
22064,2,1
22065,2,0
22066,2,2
22067,2,0
22068,2,0
22069,2,2
22070,2,2
22071,2,0
22072,2,1
22073,2,1
22074,2,2
22075,3,2
22076,2,0
22077,3,3
22078,2,0
22079,2,1
22080,2,0
22081,3,3
22082,2,2
22083,2,2
22084,2,0
22085,2,2
22086,2,2
22087,2,2
22088,3,1
22089,3,3
22090,2,1
22091,4,0
22092,3,3
22093,3,1
22094,2,0
22095,2,0
22096,2,2
22097,2,0
22098,2,0
22099,2,1
22100,2,2
22101,2,2
22102,4,2
22103,2,2
22104,2,2
22105,4,1
22106,2,2
22107,2,2
22108,4,3
22109,2,0
22110,2,2
22111,2,1
22112,2,0
22113,3,0
22114,2,2
22115,2,0
22116,2,0
22117,2,0
22118,2,2
22119,4,2
22120,2,0
22121,2,2
22122,2,1
22123,3,2
22124,2,2
22125,2,1
22126,2,2
22127,3,1
22128,2,0
22129,2,2
22130,2,0
22131,2,0
22132,3,2
22133,3,3
22134,3,1
22135,2,1
22136,2,2
22137,2,1
22138,4,2
22139,2,0
22140,2,0
22141,2,2
22142,4,4
22143,2,0
22144,3,0
22145,3,3
22146,2,2
22147,4,1
22148,3,0
22149,4,4
22150,3,2
22151,2,2
22152,2,2
22153,2,0
22154,2,2
22155,3,3
22156,2,2
22157,2,2
22158,2,2
22159,2,1
22160,4,3
22161,3,0
22162,2,1
22163,2,2
22164,2,0
22165,2,1
22166,2,1
22167,2,0
22168,2,2
22169,2,1
22170,2,2
22171,2,0
22172,2,2
22173,2,0
22174,2,1
22175,2,0
22176,3,3
22177,2,1
22178,2,2
22179,2,2
22180,2,2
22181,2,0
22182,2,2
22183,3,0
22184,2,1
22185,2,2
22186,2,2
22187,2,0
22188,3,2
22189,3,1
22190,2,2
22191,4,3
22192,2,1
22193,4,0
22194,2,2
22195,3,3
22196,2,1
22197,2,2
22198,3,2
22199,3,3
22200,3,1
22201,2,0
22202,2,2
22203,2,2
22204,2,0
22205,2,0
22206,2,1
22207,2,0
22208,2,2
22209,2,2
22210,2,0
22211,2,2
22212,2,2
22213,2,0
22214,3,2
22215,2,0
22216,2,2
22217,2,0
22218,3,3
22219,2,2
22220,2,2
22221,2,2
22222,3,1
22223,2,2
22224,2,2
22225,2,2
22226,2,2
22227,2,0
22228,2,1
22229,2,2
22230,2,1
22231,3,1
22232,2,2
22233,2,2
22234,2,0
22235,2,0
22236,2,0
22237,2,2
22238,2,0
22239,2,2
22240,2,0
22241,3,2
22242,4,0
22243,2,1
22244,2,0
22245,3,0
22246,2,1
22247,4,1
22248,2,0
22249,2,0
22250,2,0
22251,2,1
22252,2,2
22253,2,0
22254,2,2
22255,2,2
22256,2,0
22257,2,1
22258,2,2
22259,3,3
22260,2,0
22261,2,2
22262,3,3
22263,2,2
22264,2,0
22265,3,1
22266,3,0
22267,2,2
22268,3,3
22269,2,2
22270,2,0
22271,2,2
22272,2,0
22273,3,1
22274,2,1
22275,2,1
22276,2,2
22277,2,2
22278,2,0
22279,2,1
22280,2,2
22281,2,0
22282,3,2
22283,2,0
22284,2,0
22285,2,0
22286,2,0
22287,4,3
22288,2,2
22289,3,1
22290,2,1
22291,4,4
22292,2,2
22293,3,3
22294,3,2
22295,3,2
22296,2,0
22297,2,2
22298,2,0
22299,2,2
22300,3,2
22301,2,2
22302,2,0
22303,2,1
22304,4,2
22305,2,0
22306,2,1
22307,2,2
22308,2,0
22309,2,2
22310,2,1
22311,3,3
22312,2,0
22313,2,1
22314,2,2
22315,2,0
22316,4,0
22317,2,0
22318,2,2
22319,2,0
22320,3,3
22321,2,1
22322,3,1
22323,2,0
22324,3,1
22325,2,0
22326,2,1
22327,2,2
22328,2,2
22329,2,2
22330,3,3
22331,2,0
22332,2,1
22333,2,1
22334,2,1
22335,2,2
22336,2,2
22337,4,1
22338,2,1
22339,2,0
22340,2,1
22341,2,0
22342,2,2
22343,3,1
22344,3,3
22345,2,2
22346,2,0
22347,4,0
22348,2,2
22349,2,2
22350,2,0
22351,2,2
22352,3,3
22353,2,0
22354,3,3
22355,3,0
22356,3,3
22357,2,0
22358,4,2
22359,3,2
22360,2,2
22361,2,0
22362,2,2
22363,3,0
22364,2,2
22365,2,2
22366,2,1
22367,3,2
22368,2,0
22369,3,1
22370,2,1
22371,2,0
22372,2,0
22373,2,2
22374,2,2
22375,2,0
22376,2,0
22377,2,2
22378,3,3
22379,2,0
22380,2,2
22381,3,3
22382,2,0
22383,2,2
22384,2,0
22385,2,1
22386,2,0
22387,2,2
22388,2,1
22389,3,3
22390,2,0
22391,2,1
22392,2,0
22393,2,2
22394,3,3
22395,3,0
22396,2,2
22397,2,0
22398,2,2
22399,2,0
22400,2,2
22401,2,2
22402,4,4
22403,3,0
22404,2,2
22405,2,0
22406,3,1
22407,3,3
22408,2,0
22409,2,2
22410,3,0
22411,4,3
22412,3,3
22413,2,2
22414,2,0
22415,2,0
22416,3,0
22417,2,2
22418,2,0
22419,3,3
22420,3,1
22421,2,0
22422,2,2
22423,2,0
22424,2,0
22425,2,0
22426,2,1
22427,2,0
22428,2,0
22429,2,2
22430,2,2
22431,2,0
22432,2,1
22433,2,0
22434,2,2
22435,2,1
22436,3,1
22437,2,0
22438,2,0
22439,2,1
22440,2,2
22441,2,2
22442,2,1
22443,2,1
22444,2,2
22445,2,2
22446,2,0
22447,3,3
22448,3,3
22449,2,2
22450,2,2
22451,2,2
22452,2,2
22453,3,0
22454,2,1
22455,2,2
22456,2,2
22457,2,1
22458,3,0
22459,2,1
22460,4,0
22461,2,0
22462,2,0
22463,2,0
22464,2,0
22465,3,2
22466,2,2
22467,2,1
22468,2,0
22469,2,0
22470,2,2
22471,3,3
22472,2,2
22473,4,2
22474,3,1
22475,2,0
22476,4,0
22477,2,2
22478,2,1
22479,2,2
22480,2,2
22481,2,2
22482,2,1
22483,3,3
22484,3,0
22485,2,0
22486,3,2
22487,3,2
22488,2,2
22489,2,2
22490,2,0
22491,4,4
22492,2,2
22493,2,1
22494,2,0
22495,2,0
22496,3,1
22497,2,2
22498,2,2
22499,2,0
22500,4,4
22501,2,0
22502,2,1
22503,2,0
22504,2,2
22505,2,0
22506,2,2
22507,2,2
22508,2,2
22509,2,2
22510,2,2
22511,2,2
22512,2,2
22513,2,2
22514,2,2
22515,2,2
22516,2,2
22517,2,2
22518,2,1
22519,3,0
22520,4,1
22521,2,2
22522,2,2
22523,3,2
22524,2,0
22525,2,2
22526,2,1
22527,2,0
22528,2,2
22529,3,1
22530,2,2
22531,4,4
22532,2,0
22533,2,2
22534,3,1
22535,3,3
22536,3,2
22537,2,0
22538,2,2
22539,2,0
22540,2,1
22541,2,2
22542,3,3
22543,2,1
22544,4,3
22545,2,0
22546,2,2
22547,3,3
22548,2,1
22549,3,1
22550,2,0
22551,2,2
22552,2,1
22553,2,0
22554,2,2
22555,2,2
22556,2,2
22557,2,0
22558,2,0
22559,4,4
22560,2,0
22561,2,0
22562,2,2
22563,4,1
22564,2,2
22565,2,2
22566,2,1
22567,3,3
22568,2,2
22569,2,2
22570,2,1
22571,3,0
22572,4,2
22573,3,1
22574,2,2
22575,2,2
22576,4,4
22577,3,3
22578,2,2
22579,2,0
22580,2,2
22581,4,0
22582,2,0
22583,3,2
22584,2,0
22585,2,0
22586,3,0
22587,2,0
22588,4,1
22589,2,2
22590,2,2
22591,3,2
22592,2,2
22593,4,2
22594,2,2
22595,2,2
22596,2,0
22597,2,2
22598,4,2
22599,2,1
22600,2,1
22601,2,2
22602,2,0
22603,2,2
22604,2,2
22605,2,2
22606,2,0
22607,2,2
22608,2,2
22609,3,1
22610,3,3
22611,4,2
22612,2,2
22613,2,2
22614,2,0
22615,2,1
22616,2,0
22617,2,2
22618,2,2
22619,2,2
22620,2,1
22621,2,2
22622,2,2
22623,2,0
22624,2,1
22625,2,2
22626,2,0
22627,2,2
22628,2,0
22629,2,2
22630,2,2
22631,2,1
22632,2,0
22633,2,1
22634,3,2
22635,3,2
22636,2,0
22637,3,0
22638,4,3
22639,2,2
22640,2,0
22641,2,2
22642,2,2
22643,2,2
22644,2,1
22645,3,1
22646,2,2
22647,3,1
22648,4,4
22649,2,1
22650,3,2
22651,2,1
22652,3,0
22653,2,2
22654,3,3
22655,2,2
22656,2,0
22657,3,2
22658,4,2
22659,3,3
22660,2,2
22661,2,1
22662,2,0
22663,2,2
22664,2,2
22665,3,0
22666,2,1
22667,4,2
22668,2,1
22669,2,0
22670,2,2
22671,2,2
22672,2,0
22673,2,2
22674,3,1
22675,2,2
22676,2,0
22677,2,1
22678,2,0
22679,2,2
22680,2,2
22681,4,1
22682,2,2
22683,2,0
22684,3,2
22685,3,1
22686,2,2
22687,2,1
22688,4,4
22689,2,2
22690,2,0
22691,2,2
22692,2,2
22693,2,2
22694,3,3
22695,4,4
22696,2,2
22697,2,0
22698,2,0
22699,2,0
22700,2,0
22701,3,0
22702,2,2
22703,2,2
22704,3,3
22705,2,0
22706,2,2
22707,2,2
22708,2,2
22709,2,1
22710,2,0
22711,3,3
22712,3,3
22713,2,2
22714,3,1
22715,2,0
22716,2,0
22717,2,0
22718,2,2
22719,2,0
22720,2,0
22721,2,2
22722,2,2
22723,2,0
22724,2,2
22725,3,2
22726,3,0
22727,2,2
22728,2,2
22729,2,2
22730,4,2
22731,3,1
22732,4,2
22733,3,3
22734,2,1
22735,2,2
22736,2,0
22737,4,4
22738,2,2
22739,2,1
22740,2,0
22741,4,4
22742,2,2
22743,2,0
22744,2,1
22745,3,3
22746,2,2
22747,2,1
22748,2,1
22749,3,2
22750,2,2
22751,2,0
22752,2,0
22753,2,2
22754,2,0
22755,3,1
22756,4,2
22757,2,2
22758,4,0
22759,3,1
22760,2,1
22761,2,0
22762,2,1
22763,2,0
22764,2,2
22765,2,2
22766,2,0
22767,3,3
22768,2,2
22769,2,2
22770,2,2
22771,2,0
22772,2,0
22773,2,0
22774,2,2
22775,2,0
22776,2,2
22777,2,1
22778,2,0
22779,2,2
22780,2,2
22781,2,2
22782,2,1
22783,2,2
22784,2,1
22785,2,2
22786,2,2
22787,3,3
22788,2,0
22789,2,0
22790,2,2
22791,2,2
22792,2,2
22793,4,4
22794,2,0
22795,3,1
22796,3,1
22797,2,2
22798,2,0
22799,3,3
22800,2,2
22801,2,0
22802,2,2
22803,3,0
22804,2,2
22805,2,0
22806,2,0
22807,2,2
22808,3,3
22809,2,2
22810,2,2
22811,2,2
22812,2,0
22813,2,1
22814,3,3
22815,2,2
22816,2,2
22817,4,3
22818,2,0
22819,2,2
22820,2,0
22821,2,2
22822,3,1
22823,3,1
22824,2,0
22825,2,2
22826,2,2
22827,2,0
22828,2,0
22829,3,0
22830,2,2
22831,3,0
22832,2,1
22833,3,2
22834,4,2
22835,3,2
22836,3,1
22837,2,0
22838,3,3
22839,2,2
22840,2,0
22841,2,0
22842,2,0
22843,3,2
22844,2,1
22845,3,3
22846,2,2
22847,2,1
22848,2,2
22849,2,2
22850,4,4
22851,3,1
22852,2,2
22853,2,2
22854,2,2
22855,2,2
22856,3,3
22857,2,0
22858,2,0
22859,2,1
22860,2,2
22861,4,2
22862,2,0
22863,2,2
22864,2,1
22865,2,2
22866,2,2
22867,3,2
22868,2,2
22869,2,1
22870,2,0
22871,2,1
22872,2,2
22873,2,2
22874,2,1
22875,3,2
22876,2,2
22877,2,0
22878,2,2
22879,2,0
22880,2,1
22881,3,1
22882,2,2
22883,3,0
22884,2,0
22885,2,1
22886,3,2
22887,2,0
22888,2,2
22889,3,1
22890,2,0
22891,3,3
22892,2,0
22893,3,3
22894,2,0
22895,2,0
22896,2,1
22897,2,1
22898,2,0
22899,2,2
22900,2,2
22901,3,1
22902,2,2
22903,2,0
22904,3,3
22905,2,2
22906,2,1
22907,2,1
22908,2,1
22909,2,2
22910,2,1
22911,2,1
22912,2,0
22913,2,1
22914,3,3
22915,2,2
22916,2,1
22917,2,0
22918,2,0
22919,2,2
22920,3,0
22921,2,2
22922,2,0
22923,2,2
22924,2,0
22925,2,0
22926,2,2
22927,2,2
22928,2,2
22929,2,1
22930,2,2
22931,2,1
22932,2,2
22933,2,2
22934,3,2
22935,2,2
22936,2,2
22937,3,2
22938,3,0
22939,2,2
22940,2,0
22941,2,1
22942,4,0
22943,3,1
22944,3,3
22945,4,4
22946,3,3
22947,3,3
22948,2,0
22949,2,1
22950,2,1
22951,2,0
22952,2,0
22953,2,1
22954,4,4
22955,2,1
22956,4,2
22957,2,0
22958,4,2
22959,3,1
22960,3,1
22961,4,2
22962,2,2
22963,3,2
22964,2,0
22965,2,0
22966,2,0
22967,2,0
22968,2,2
22969,2,0
22970,2,2
22971,2,2
22972,2,0
22973,3,3
22974,2,0
22975,2,0
22976,3,3
22977,2,2
22978,2,0
22979,3,3
22980,2,1
22981,3,0
22982,2,1
22983,3,0
22984,3,0
22985,3,1
22986,3,3
22987,3,2
22988,3,3
22989,2,1
22990,2,0
22991,2,2
22992,3,3
22993,2,1
22994,2,2
22995,3,3
22996,2,0
22997,2,1
22998,3,2
22999,2,1
23000,4,4
23001,3,1
23002,2,0
23003,4,0
23004,2,0
23005,2,0
23006,2,0
23007,2,1
23008,3,3
23009,2,2
23010,4,4
23011,2,2
23012,2,2
23013,2,2
23014,2,2
23015,3,1
23016,2,2
23017,2,1
23018,4,4
23019,2,2
23020,2,2
23021,2,1
23022,2,0
23023,3,0
23024,2,2
23025,2,2
23026,2,0
23027,2,0
23028,2,0
23029,2,1
23030,2,0
23031,2,1
23032,4,2
23033,4,2
23034,2,1
23035,3,3
23036,2,2
23037,3,3
23038,3,3
23039,2,2
23040,2,0
23041,2,0
23042,3,1
23043,2,0
23044,2,2
23045,3,3
23046,2,0
23047,3,1
23048,2,2
23049,2,0
23050,2,1
23051,3,2
23052,3,1
23053,3,0
23054,2,2
23055,2,2
23056,2,0
23057,2,2
23058,2,0
23059,2,0
23060,2,1
23061,2,2
23062,2,2
23063,2,2
23064,2,0
23065,4,0
23066,2,2
23067,3,0
23068,3,3
23069,3,3
23070,2,1
23071,2,0
23072,2,0
23073,2,0
23074,2,0
23075,2,2
23076,3,0
23077,3,1
23078,2,2
23079,2,2
23080,2,2
23081,2,1
23082,2,2
23083,3,1
23084,2,0
23085,2,0
23086,2,0
23087,2,2
23088,2,1
23089,3,1
23090,2,1
23091,3,1
23092,2,2
23093,2,2
23094,2,2
23095,3,0
23096,2,2
23097,2,2
23098,2,2
23099,2,0
23100,2,2
23101,2,2
23102,3,1
23103,2,2
23104,4,4
23105,2,0
23106,2,0
23107,3,3
23108,2,0
23109,2,0
23110,2,0
23111,2,2
23112,2,0
23113,3,1
23114,2,2
23115,2,0
23116,2,2
23117,3,2
23118,2,0
23119,2,2
23120,2,2
23121,2,2
23122,2,0
23123,2,2
23124,2,0
23125,2,0
23126,2,2
23127,2,1
23128,2,2
23129,3,1
23130,2,0
23131,3,2
23132,2,2
23133,2,1
23134,2,2
23135,2,1
23136,3,0
23137,2,2
23138,2,2
23139,2,2
23140,2,2
23141,2,2
23142,3,1
23143,2,2
23144,2,0
23145,2,2
23146,2,1
23147,4,4
23148,4,3
23149,2,0
23150,2,2
23151,2,1
23152,3,3
23153,3,3
23154,2,1
23155,2,0
23156,2,2
23157,3,1
23158,2,1
23159,2,0
23160,2,2
23161,2,2
23162,2,2
23163,2,2
23164,2,2
23165,2,0
23166,2,0
23167,2,0
23168,2,1
23169,3,1
23170,2,0
23171,3,1
23172,4,1
23173,2,2
23174,2,2
23175,2,1
23176,2,2
23177,2,0
23178,2,0
23179,3,2
23180,2,0
23181,2,2
23182,2,0
23183,4,4
23184,2,1
23185,2,0
23186,2,1
23187,2,2
23188,2,2
23189,3,0
23190,2,2
23191,2,1
23192,2,0
23193,2,1
23194,3,0
23195,2,1
23196,2,0
23197,2,0
23198,2,0
23199,2,1
23200,2,0
23201,2,0
23202,4,2
23203,3,3
23204,2,2
23205,2,1
23206,2,1
23207,4,4
23208,2,2
23209,2,0
23210,3,1
23211,2,0
23212,4,2
23213,2,1
23214,2,1
23215,2,1
23216,3,2
23217,2,0
23218,2,2
23219,2,0
23220,2,2
23221,2,0
23222,3,1
23223,3,3
23224,2,0
23225,2,0
23226,2,0
23227,3,3
23228,2,2
23229,3,3
23230,3,2
23231,2,2
23232,3,0
23233,2,1
23234,3,1
23235,2,2
23236,2,0
23237,2,2
23238,2,0
23239,2,0
23240,3,3
23241,2,2
23242,2,2
23243,2,0
23244,2,1
23245,2,2
23246,2,0
23247,2,2
23248,2,0
23249,4,1
23250,3,3
23251,2,1
23252,2,1
23253,2,2
23254,2,0
23255,2,0
23256,4,3
23257,2,0
23258,2,0
23259,2,0
23260,3,2
23261,4,2
23262,2,0
23263,3,3
23264,3,1
23265,4,2
23266,2,0
23267,2,0
23268,2,0
23269,2,2
23270,2,1
23271,3,3
23272,2,2
23273,3,1
23274,2,1
23275,2,2
23276,3,3
23277,2,2
23278,3,2
23279,2,2
23280,2,1
23281,3,0
23282,4,4
23283,2,2
23284,3,1
23285,2,2
23286,2,2
23287,2,2
23288,3,1
23289,2,2
23290,2,0
23291,2,2
23292,4,4
23293,3,2
23294,2,2
23295,2,2
23296,3,1
23297,2,0
23298,4,0
23299,3,1
23300,2,0
23301,2,2
23302,3,3
23303,2,0
23304,2,2
23305,2,1
23306,3,3
23307,3,0
23308,2,2
23309,3,3
23310,2,1
23311,2,2
23312,4,3
23313,2,0
23314,2,2
23315,2,0
23316,3,1
23317,2,2
23318,2,2
23319,2,0
23320,2,1
23321,3,3
23322,2,2
23323,3,1
23324,4,0
23325,2,2
23326,2,2
23327,2,2
23328,2,0
23329,2,2
23330,2,0
23331,2,0
23332,4,0
23333,2,0
23334,2,0
23335,4,4
23336,2,0
23337,2,1
23338,2,2
23339,2,2
23340,3,0
23341,2,0
23342,4,4
23343,2,2
23344,3,3
23345,2,2
23346,2,0
23347,2,2
23348,2,0
23349,3,2
23350,4,3
23351,2,0
23352,3,3
23353,3,2
23354,2,1
23355,3,3
23356,2,1
23357,2,2
23358,3,0
23359,2,2
23360,4,4
23361,2,0
23362,2,1
23363,2,2
23364,2,2
23365,2,0
23366,2,1
23367,2,0
23368,2,0
23369,2,2
23370,3,1
23371,2,2
23372,2,1
23373,3,3
23374,2,0
23375,2,2
23376,2,0
23377,2,2
23378,2,0
23379,3,1
23380,2,0
23381,3,3
23382,3,1
23383,3,0
23384,3,3
23385,2,2
23386,2,0
23387,2,1
23388,3,3
23389,3,2
23390,2,2
23391,2,0
23392,2,2
23393,3,2
23394,2,2
23395,2,1
23396,2,2
23397,3,1
23398,2,2
23399,2,0
23400,2,0
23401,3,1
23402,2,2
23403,2,2
23404,2,0
23405,2,2
23406,2,0
23407,2,2
23408,2,1
23409,2,2
23410,2,2
23411,2,1
23412,2,2
23413,2,2
23414,2,0
23415,2,2
23416,2,2
23417,2,2
23418,3,1
23419,2,1
23420,3,3
23421,4,4
23422,2,0
23423,2,0
23424,2,0
23425,2,0
23426,2,1
23427,2,1
23428,2,0
23429,2,0
23430,2,1
23431,2,2
23432,2,1
23433,3,1
23434,2,1
23435,3,3
23436,3,3
23437,2,0
23438,2,0
23439,2,1
23440,2,0
23441,2,0
23442,4,4
23443,2,0
23444,2,2
23445,2,0
23446,2,2
23447,2,1
23448,2,1
23449,2,1
23450,2,0
23451,2,0
23452,2,2
23453,2,0
23454,2,0
23455,2,2
23456,2,2
23457,2,0
23458,2,1
23459,3,3
23460,3,1
23461,2,1
23462,2,2
23463,2,2
23464,3,3
23465,2,2
23466,3,3
23467,2,0
23468,2,2
23469,2,0
23470,2,2
23471,2,0
23472,3,1
23473,2,0
23474,2,1
23475,2,0
23476,2,2
23477,3,1
23478,2,0
23479,3,0
23480,2,0
23481,2,2
23482,2,2
23483,4,3
23484,3,1
23485,2,2
23486,2,0
23487,2,2
23488,3,1
23489,2,2
23490,2,0
23491,2,0
23492,2,1
23493,2,2
23494,2,0
23495,2,2
23496,2,2
23497,2,2
23498,3,0
23499,2,0
23500,3,1
23501,2,2
23502,2,1
23503,2,2
23504,3,2
23505,3,3
23506,2,2
23507,2,1
23508,2,0
23509,2,2
23510,2,2
23511,3,1
23512,2,2
23513,3,1
23514,2,0
23515,2,2
23516,2,2
23517,2,1
23518,2,1
23519,2,0
23520,2,2
23521,2,0
23522,2,2
23523,2,0
23524,3,1
23525,4,1
23526,2,1
23527,2,2
23528,3,0
23529,2,2
23530,2,0
23531,3,1
23532,2,2
23533,3,3
23534,2,1
23535,2,1
23536,3,3
23537,2,1
23538,3,1
23539,3,1
23540,2,1
23541,2,0
23542,2,2
23543,3,1
23544,2,2
23545,2,0
23546,3,3
23547,2,0
23548,2,0
23549,2,1
23550,2,2
23551,2,1
23552,2,1
23553,2,2
23554,2,0
23555,3,3
23556,3,0
23557,3,2
23558,3,2
23559,2,2
23560,2,2
23561,2,2
23562,2,2
23563,3,1
23564,2,2
23565,2,2
23566,3,3
23567,2,1
23568,2,0
23569,2,0
23570,4,3
23571,2,2
23572,3,3
23573,3,0
23574,3,1
23575,2,1
23576,2,2
23577,2,0
23578,2,0
23579,2,2
23580,2,2
23581,3,3
23582,2,1
23583,2,0
23584,2,0
23585,2,1
23586,2,1
23587,3,2
23588,2,0
23589,4,4
23590,2,1
23591,2,2
23592,2,2
23593,2,2
23594,3,3
23595,2,0
23596,2,0
23597,2,2
23598,3,2
23599,2,2
23600,2,0
23601,2,0
23602,2,1
23603,2,1
23604,2,0
23605,4,4
23606,4,4
23607,2,2
23608,2,0
23609,3,1
23610,2,1
23611,2,2
23612,3,1
23613,2,0
23614,2,1
23615,4,1
23616,3,0
23617,2,2
23618,2,2
23619,2,1
23620,2,0
23621,3,3
23622,2,2
23623,2,2
23624,2,0
23625,2,1
23626,3,1
23627,2,2
23628,2,2
23629,2,0
23630,2,0
23631,3,1
23632,2,0
23633,2,1
23634,2,2
23635,2,2
23636,3,0
23637,4,3
23638,2,2
23639,2,0
23640,2,0
23641,2,1
23642,2,1
23643,2,1
23644,2,1
23645,2,0
23646,2,1
23647,2,2
23648,2,2
23649,2,2
23650,2,2
23651,2,2
23652,2,1
23653,2,2
23654,2,0
23655,4,4
23656,2,1
23657,4,2
23658,3,1
23659,2,0
23660,2,1
23661,2,1
23662,3,0
23663,4,4
23664,2,2
23665,2,0
23666,2,2
23667,2,2
23668,2,0
23669,2,2
23670,3,3
23671,4,0
23672,2,1
23673,4,1
23674,2,1
23675,2,1
23676,2,1
23677,3,2
23678,2,2
23679,2,2
23680,4,2
23681,2,2
23682,3,1
23683,2,0
23684,2,2
23685,2,2
23686,2,2
23687,2,1
23688,2,1
23689,2,1
23690,2,2
23691,2,0
23692,3,1
23693,2,2
23694,2,0
23695,2,0
23696,4,2
23697,2,2
23698,2,0
23699,4,0
23700,2,2
23701,2,0
23702,3,2
23703,2,0
23704,2,2
23705,3,0
23706,2,0
23707,2,0
23708,3,3
23709,2,0
23710,2,0
23711,2,2
23712,2,2
23713,2,1
23714,2,0
23715,2,2
23716,3,3
23717,2,0
23718,3,3
23719,2,0
23720,3,1
23721,2,2
23722,2,2
23723,2,2
23724,2,0
23725,3,1
23726,3,3
23727,3,3
23728,2,2
23729,2,0
23730,2,0
23731,2,2
23732,2,1
23733,3,2
23734,2,2
23735,2,1
23736,2,0
23737,3,1
23738,3,1
23739,2,0
23740,3,1
23741,2,0
23742,2,0
23743,2,2
23744,2,0
23745,2,1
23746,2,2
23747,3,3
23748,2,2
23749,2,0
23750,3,3
23751,3,2
23752,2,2
23753,2,0
23754,4,1
23755,2,2
23756,2,0
23757,2,2
23758,2,1
23759,2,2
23760,2,0
23761,2,2
23762,2,2
23763,2,2
23764,2,2
23765,3,2
23766,4,1
23767,2,0
23768,2,2
23769,2,2
23770,2,1
23771,2,2
23772,2,2
23773,4,2
23774,2,2
23775,2,0
23776,2,2
23777,2,0
23778,2,1
23779,2,2
23780,2,0
23781,3,3
23782,2,2
23783,2,1
23784,2,2
23785,2,2
23786,2,2
23787,2,1
23788,2,2
23789,2,0
23790,2,0
23791,2,2
23792,2,1
23793,2,2
23794,3,0
23795,2,0
23796,2,1
23797,4,4
23798,2,1
23799,2,0
23800,2,0
23801,2,2
23802,2,0
23803,2,0
23804,3,3
23805,3,2
23806,3,2
23807,2,2
23808,2,0
23809,2,0
23810,2,1
23811,3,1
23812,2,2
23813,2,1
23814,3,1
23815,3,1
23816,2,2
23817,2,0
23818,3,2
23819,3,0
23820,2,0
23821,2,1
23822,3,2
23823,4,4
23824,4,0
23825,2,0
23826,3,2
23827,3,0
23828,2,0
23829,2,0
23830,2,0
23831,3,3
23832,2,2
23833,2,0
23834,2,1
23835,2,1
23836,4,2
23837,3,2
23838,3,3
23839,2,2
23840,2,2
23841,2,2
23842,3,3
23843,2,1
23844,2,1
23845,2,0
23846,2,2
23847,3,2
23848,2,0
23849,3,3
23850,2,0
23851,2,0
23852,3,0
23853,2,2
23854,2,2
23855,2,0
23856,2,2
23857,3,3
23858,2,0
23859,2,2
23860,2,2
23861,2,2
23862,2,0
23863,2,0
23864,2,1
23865,3,1
23866,2,0
23867,2,2
23868,2,0
23869,2,0
23870,2,1
23871,2,2
23872,2,0
23873,2,2
23874,2,2
23875,2,0
23876,3,3
23877,2,0
23878,4,2
23879,4,0
23880,2,2
23881,2,2
23882,2,1
23883,2,0
23884,3,1
23885,2,2
23886,2,1
23887,2,0
23888,2,1
23889,2,2
23890,2,0
23891,2,1
23892,2,2
23893,2,1
23894,2,0
23895,2,0
23896,2,1
23897,4,4
23898,4,3
23899,2,1
23900,2,2
23901,2,0
23902,2,2
23903,3,1
23904,2,0
23905,2,0
23906,4,4
23907,3,3
23908,2,0
23909,2,0
23910,3,1
23911,3,2
23912,4,2
23913,4,2
23914,4,0
23915,3,1
23916,2,0
23917,3,1
23918,2,2
23919,3,3
23920,3,3
23921,3,1
23922,3,2
23923,2,1
23924,2,2
23925,2,0
23926,2,0
23927,2,0
23928,2,2
23929,3,1
23930,3,1
23931,2,2
23932,3,0
23933,2,0
23934,3,1
23935,2,2
23936,2,1
23937,2,1
23938,2,0
23939,2,0
23940,2,0
23941,2,1
23942,2,2
23943,2,2
23944,2,1
23945,2,1
23946,2,0
23947,2,0
23948,2,0
23949,2,2
23950,2,2
23951,2,0
23952,2,2
23953,2,2
23954,2,2
23955,2,2
23956,2,2
23957,2,2
23958,2,1
23959,2,1
23960,3,1
23961,2,0
23962,2,1
23963,4,2
23964,2,2
23965,2,0
23966,2,0
23967,3,2
23968,2,2
23969,2,0
23970,2,2
23971,3,2
23972,3,3
23973,2,2
23974,3,1
23975,2,0
23976,2,0
23977,3,2
23978,2,2
23979,2,0
23980,3,1
23981,4,2
23982,2,2
23983,3,3
23984,3,3
23985,2,1
23986,2,0
23987,2,2
23988,2,2
23989,2,2
23990,2,2
23991,2,2
23992,2,0
23993,2,2
23994,2,2
23995,2,1
23996,3,3
23997,2,2
23998,3,3
23999,2,2
24000,3,3
24001,2,0
24002,2,0
24003,4,3
24004,3,1
24005,2,1
24006,2,2
24007,2,0
24008,3,1
24009,2,0
24010,2,0
24011,3,1
24012,2,0
24013,2,1
24014,2,2
24015,2,1
24016,3,1
24017,2,1
24018,2,2
24019,2,0
24020,2,1
24021,2,2
24022,2,1
24023,2,2
24024,2,2
24025,2,1
24026,2,0
24027,2,2
24028,2,2
24029,4,4
24030,2,0
24031,2,2
24032,3,3
24033,2,2
24034,3,3
24035,2,0
24036,2,2
24037,2,0
24038,2,2
24039,2,0
24040,4,4
24041,2,0
24042,2,2
24043,2,0
24044,2,1
24045,3,1
24046,2,2
24047,2,2
24048,2,2
24049,2,1
24050,2,2
24051,2,2
24052,2,0
24053,2,0
24054,4,4
24055,2,2
24056,2,2
24057,2,1
24058,3,1
24059,2,2
24060,2,2
24061,4,1
24062,3,1
24063,3,3
24064,4,4
24065,2,2
24066,2,2
24067,2,1
24068,3,3
24069,2,0
24070,3,2
24071,2,2
24072,2,2
24073,2,2
24074,2,1
24075,2,0
24076,2,2
24077,2,2
24078,2,0
24079,2,0
24080,2,2
24081,4,4
24082,3,2
24083,2,2
24084,3,2
24085,2,2
24086,2,2
24087,2,2
24088,2,1
24089,4,4
24090,2,1
24091,2,2
24092,2,0
24093,2,2
24094,4,2
24095,2,1
24096,4,3
24097,3,3
24098,3,2
24099,2,0
24100,2,1
24101,3,3
24102,2,2
24103,2,2
24104,3,2
24105,3,1
24106,2,2
24107,2,1
24108,2,0
24109,2,0
24110,2,2
24111,2,2
24112,2,0
24113,2,2
24114,3,1
24115,4,1
24116,2,2
24117,2,0
24118,2,2
24119,2,0
24120,2,2
24121,2,2
24122,4,2
24123,2,2
24124,2,2
24125,2,2
24126,2,2
24127,2,0
24128,2,2
24129,3,2
24130,3,2
24131,2,1
24132,2,2
24133,2,2
24134,2,2
24135,2,1
24136,2,0
24137,4,1
24138,3,2
24139,2,2
24140,2,0
24141,2,2
24142,2,2
24143,3,3
24144,2,0
24145,2,1
24146,2,2
24147,2,1
24148,2,1
24149,2,0
24150,2,2
24151,2,0
24152,2,2
24153,2,2
24154,3,1
24155,2,2
24156,3,1
24157,3,2
24158,3,3
24159,2,2
24160,2,0
24161,3,0
24162,2,0
24163,3,2
24164,2,0
24165,2,0
24166,2,0
24167,2,2
24168,3,0
24169,4,0
24170,2,2
24171,2,0
24172,2,0
24173,2,2
24174,2,2
24175,2,1
24176,2,1
24177,4,1
24178,4,4
24179,2,2
24180,2,0
24181,2,0
24182,2,2
24183,2,0
24184,3,3
24185,2,1
24186,2,0
24187,2,1
24188,3,2
24189,2,0
24190,2,0
24191,2,2
24192,4,4
24193,2,1
24194,2,2
24195,2,2
24196,2,0
24197,2,0
24198,2,2
24199,2,2
24200,3,3
24201,3,3
24202,2,0
24203,2,2
24204,2,2
24205,3,3
24206,4,4
24207,2,0
24208,2,2
24209,2,2
24210,2,2
24211,2,1
24212,2,2
24213,4,0
24214,3,2
24215,2,2
24216,2,1
24217,4,0
24218,3,2
24219,3,0
24220,2,0
24221,2,2
24222,2,2
24223,2,0
24224,2,2
24225,2,1
24226,2,0
24227,2,2
24228,2,2
24229,2,0
24230,2,0
24231,2,2
24232,2,0
24233,2,1
24234,2,0
24235,2,0
24236,2,0
24237,2,1
24238,2,2
24239,2,2
24240,2,2
24241,3,2
24242,2,0
24243,3,1
24244,3,1
24245,2,0
24246,2,0
24247,2,1
24248,3,0
24249,2,0
24250,2,0
24251,2,0
24252,3,0
24253,2,0
24254,2,2
24255,2,1
24256,2,1
24257,2,2
24258,2,2
24259,2,1
24260,2,1
24261,2,1
24262,3,3
24263,2,1
24264,2,0
24265,2,2
24266,2,2
24267,3,1
24268,2,0
24269,2,0
24270,3,1
24271,2,1
24272,2,1
24273,4,2
24274,4,2
24275,2,1
24276,4,4
24277,2,2
24278,2,0
24279,2,2
24280,3,2
24281,2,1
24282,2,1
24283,4,4
24284,2,1
24285,4,4
24286,2,1
24287,2,2
24288,2,2
24289,2,0
24290,2,2
24291,2,0
24292,3,1
24293,3,2
24294,2,2
24295,2,2
24296,3,1
24297,2,0
24298,3,1
24299,2,2
24300,2,0
24301,2,1
24302,2,2
24303,2,0
24304,2,0
24305,3,1
24306,2,2
24307,2,2
24308,2,2
24309,2,2
24310,2,0
24311,2,2
24312,2,0
24313,2,2
24314,2,0
24315,3,1
24316,3,0
24317,2,2
24318,2,1
24319,2,2
24320,2,1
24321,2,0
24322,2,0
24323,2,0
24324,3,3
24325,2,2
24326,2,2
24327,4,3
24328,2,2
24329,2,1
24330,4,3
24331,3,0
24332,2,2
24333,2,2
24334,2,1
24335,2,1
24336,3,3
24337,3,3
24338,3,2
24339,3,3
24340,2,1
24341,2,0
24342,3,0
24343,2,1
24344,3,3
24345,3,3
24346,3,1
24347,2,0
24348,2,2
24349,2,2
24350,3,3
24351,2,0
24352,2,0
24353,2,1
24354,2,1
24355,2,1
24356,2,2
24357,2,2
24358,2,1
24359,2,2
24360,2,2
24361,3,1
24362,2,2
24363,2,2
24364,4,0
24365,2,0
24366,2,0
24367,2,0
24368,2,0
24369,2,0
24370,2,0
24371,2,2
24372,2,1
24373,2,0
24374,2,2
24375,2,2
24376,3,1
24377,2,0
24378,3,2
24379,2,2
24380,3,3
24381,2,0
24382,3,3
24383,3,1
24384,3,0
24385,2,2
24386,3,1
24387,4,0
24388,2,0
24389,2,0
24390,2,1
24391,2,2
24392,2,2
24393,3,1
24394,3,1
24395,3,2
24396,2,2
24397,2,2
24398,2,2
24399,3,2
24400,2,0
24401,3,2
24402,2,0
24403,2,1
24404,2,0
24405,2,0
24406,2,0
24407,3,2
24408,2,2
24409,2,0
24410,2,2
24411,2,2
24412,2,0
24413,3,0
24414,2,0
24415,2,0
24416,3,1
24417,2,2
24418,3,1
24419,3,1
24420,2,0
24421,2,2
24422,2,2
24423,2,2
24424,3,1
24425,2,2
24426,2,2
24427,2,0
24428,3,3
24429,2,0
24430,2,0
24431,2,2
24432,2,2
24433,4,2
24434,3,2
24435,3,0
24436,2,0
24437,2,0
24438,3,3
24439,2,2
24440,2,2
24441,2,0
24442,3,3
24443,2,2
24444,2,0
24445,2,2
24446,4,4
24447,2,2
24448,2,0
24449,2,2
24450,2,1
24451,2,2
24452,2,0
24453,2,1
24454,4,2
24455,2,2
24456,2,1
24457,3,2
24458,3,3
24459,2,2
24460,3,0
24461,3,2
24462,2,2
24463,2,2
24464,2,2
24465,3,3
24466,2,1
24467,2,2
24468,3,1
24469,2,1
24470,3,3
24471,2,0
24472,2,1
24473,2,2
24474,4,2
24475,2,2
24476,3,2
24477,2,0
24478,2,2
24479,2,0
24480,3,3
24481,2,2
24482,2,2
24483,2,2
24484,2,0
24485,2,2
24486,3,1
24487,2,2
24488,2,2
24489,2,2
24490,2,2
24491,2,2
24492,2,0
24493,2,2
24494,3,1
24495,2,1
24496,2,2
24497,3,1
24498,4,4
24499,4,2
24500,2,0
24501,2,2
24502,2,1
24503,3,3
24504,2,2
24505,2,0
24506,2,2
24507,2,0
24508,2,0
24509,3,2
24510,3,0
24511,3,1
24512,2,2
24513,2,0
24514,2,2
24515,4,0
24516,2,0
24517,2,1
24518,2,0
24519,2,1
24520,4,2
24521,2,1
24522,2,2
24523,2,2
24524,3,2
24525,4,4
24526,2,2
24527,3,3
24528,2,2
24529,2,2
24530,2,0
24531,2,2
24532,2,2
24533,2,2
24534,3,3
24535,3,3
24536,3,1
24537,2,0
24538,2,0
24539,2,2
24540,2,1
24541,2,1
24542,3,1
24543,3,0
24544,3,0
24545,2,0
24546,3,1
24547,2,0
24548,2,2
24549,2,0
24550,2,0
24551,2,0
24552,2,0
24553,2,2
24554,2,0
24555,2,0
24556,3,1
24557,3,2
24558,2,1
24559,2,2
24560,2,2
24561,2,2
24562,2,1
24563,3,3
24564,2,2
24565,2,1
24566,2,1
24567,2,0
24568,2,0
24569,4,0
24570,2,2
24571,2,1
24572,2,2
24573,2,2
24574,3,3
24575,2,1
24576,4,1
24577,2,0
24578,3,3
24579,3,3
24580,3,1
24581,2,2
24582,3,3
24583,2,2
24584,2,2
24585,2,0
24586,2,2
24587,2,0
24588,2,0
24589,2,2
24590,2,2
24591,2,2
24592,2,2
24593,2,0
24594,4,0
24595,2,2
24596,2,2
24597,2,2
24598,3,3
24599,2,1
24600,2,0
24601,2,0
24602,3,1
24603,2,2
24604,4,2
24605,2,1
24606,3,1
24607,3,2
24608,4,2
24609,2,2
24610,2,2
24611,2,1
24612,2,2
24613,2,0
24614,2,0
24615,2,2
24616,2,2
24617,3,2
24618,2,0
24619,3,0
24620,2,0
24621,2,0
24622,4,4
24623,3,0
24624,2,2
24625,4,0
24626,2,0
24627,2,0
24628,2,2
24629,2,2
24630,2,2
24631,2,0
24632,3,3
24633,2,0
24634,2,1
24635,2,2
24636,2,2
24637,2,0
24638,2,0
24639,2,2
24640,2,2
24641,2,2
24642,3,3
24643,2,2
24644,4,4
24645,2,0
24646,2,2
24647,2,2
24648,2,2
24649,2,0
24650,3,2
24651,2,2
24652,4,2
24653,2,1
24654,2,0
24655,2,0
24656,3,1
24657,2,1
24658,2,0
24659,3,2
24660,2,0
24661,2,2
24662,2,1
24663,4,4
24664,2,2
24665,2,2
24666,2,1
24667,2,2
24668,2,0
24669,2,1
24670,2,0
24671,2,2
24672,3,3
24673,2,1
24674,2,0
24675,2,2
24676,3,3
24677,2,2
24678,3,1
24679,2,0
24680,2,2
24681,2,2
24682,2,0
24683,2,1
24684,2,1
24685,2,0
24686,2,0
24687,2,2
24688,2,2
24689,2,2
24690,2,1
24691,2,2
24692,3,0
24693,2,1
24694,2,2
24695,2,0
24696,2,0
24697,2,1
24698,2,2
24699,3,3
24700,2,1
24701,2,1
24702,2,2
24703,2,0
24704,2,0
24705,2,0
24706,2,0
24707,2,1
24708,3,3
24709,2,2
24710,2,2
24711,2,2
24712,3,1
24713,2,0
24714,2,1
24715,2,2
24716,2,2
24717,2,1
24718,2,2
24719,2,1
24720,2,2
24721,2,2
24722,2,0
24723,2,0
24724,2,2
24725,2,0
24726,3,3
24727,2,1
24728,2,1
24729,2,1
24730,2,1
24731,3,0
24732,2,1
24733,4,4
24734,3,0
24735,2,2
24736,3,1
24737,2,0
24738,2,2
24739,2,2
24740,2,2
24741,3,1
24742,2,1
24743,2,2
24744,2,1
24745,2,2
24746,3,1
24747,4,0
24748,4,3
24749,3,2
24750,2,2
24751,2,2
24752,2,2
24753,2,2
24754,2,0
24755,2,2
24756,4,1
24757,2,0
24758,2,2
24759,2,2
24760,2,1
24761,3,0
24762,2,0
24763,2,2
24764,2,1
24765,2,0
24766,3,1
24767,3,2
24768,2,0
24769,2,2
24770,2,2
24771,2,1
24772,3,0
24773,2,0
24774,3,3
24775,4,3
24776,2,2
24777,3,0
24778,2,2
24779,3,3
24780,2,1
24781,2,0
24782,3,3
24783,2,0
24784,2,0
24785,2,0
24786,2,0
24787,2,2
24788,2,1
24789,3,3
24790,2,2
24791,4,1
24792,2,0
24793,2,2
24794,4,2
24795,2,2
24796,2,2
24797,3,1
24798,2,1
24799,2,2
24800,3,0
24801,2,0
24802,2,0
24803,2,0
24804,2,2
24805,4,4
24806,2,0
24807,2,2
24808,2,2
24809,2,2
24810,2,1
24811,2,0
24812,2,2
24813,2,2
24814,2,0
24815,2,2
24816,2,0
24817,2,0
24818,2,2
24819,2,0
24820,2,1
24821,2,0
24822,4,1
24823,2,0
24824,2,0
24825,2,2
24826,2,2
24827,2,2
24828,3,3
24829,3,2
24830,4,3
24831,2,2
24832,2,1
24833,3,3
24834,2,0
24835,3,1
24836,2,2
24837,2,0
24838,2,2
24839,2,0
24840,2,1
24841,2,2
24842,2,0
24843,2,0
24844,2,0
24845,2,2
24846,4,4
24847,2,0
24848,3,0
24849,2,2
24850,3,3
24851,2,2
24852,2,1
24853,2,0
24854,2,0
24855,2,1
24856,2,1
24857,2,2
24858,4,2
24859,3,2
24860,3,0
24861,3,0
24862,3,2
24863,2,1
24864,2,0
24865,2,0
24866,3,1
24867,2,2
24868,2,2
24869,2,2
24870,3,3
24871,2,0
24872,2,0
24873,2,1
24874,3,1
24875,2,2
24876,2,1
24877,4,0
24878,2,1
24879,2,0
24880,3,0
24881,2,2
24882,2,0
24883,2,2
24884,3,3
24885,2,1
24886,2,2
24887,4,2
24888,2,2
24889,2,2
24890,2,2
24891,2,0
24892,2,2
24893,3,2
24894,2,2
24895,2,0
24896,3,3
24897,2,0
24898,2,2
24899,2,0
24900,2,0
24901,3,3
24902,2,1
24903,2,2
24904,2,2
24905,2,2
24906,3,1
24907,2,0
24908,2,0
24909,2,0
24910,2,0
24911,2,2
24912,3,0
24913,2,0
24914,2,2
24915,2,2
24916,2,0
24917,2,0
24918,3,1
24919,2,1
24920,3,0
24921,3,1
24922,3,3
24923,3,3
24924,2,2
24925,3,1
24926,2,1
24927,2,0
24928,3,2
24929,2,0
24930,2,1
24931,2,0
24932,2,2
24933,4,1
24934,3,3
24935,2,2
24936,2,0
24937,2,0
24938,3,3
24939,3,2
24940,4,4
24941,2,2
24942,2,0
24943,2,1
24944,2,2
24945,3,0
24946,2,2
24947,2,2
24948,2,2
24949,2,1
24950,2,0
24951,2,1
24952,2,0
24953,3,2
24954,2,2
24955,2,0
24956,2,0
24957,2,0
24958,2,1
24959,2,0
24960,4,4
24961,2,1
24962,2,2
24963,3,1
24964,2,0
24965,2,2
24966,3,3
24967,2,1
24968,2,2
24969,3,2
24970,2,1
24971,2,2
24972,2,2
24973,2,2
24974,2,1
24975,2,2
24976,4,4
24977,2,1
24978,2,2
24979,2,2
24980,2,0
24981,2,0
24982,4,4
24983,2,1
24984,2,2
24985,2,1
24986,2,1
24987,2,0
24988,2,2
24989,3,3
24990,2,1
24991,2,2
24992,2,1
24993,2,1
24994,2,2
24995,2,1
24996,3,1
24997,2,2
24998,2,1
24999,3,2
25000,2,2
25001,2,0
25002,2,0
25003,2,2
25004,2,0
25005,3,0
25006,2,2
25007,2,2
25008,2,2
25009,2,0
25010,2,1
25011,2,0
25012,2,1
25013,2,0
25014,2,2
25015,2,2
25016,2,1
25017,2,0
25018,3,3
25019,2,2
25020,4,1
25021,2,2
25022,2,1
25023,3,0
25024,2,1
25025,3,1
25026,2,2
25027,2,1
25028,2,1
25029,2,1
25030,2,1
25031,2,2
25032,2,0
25033,2,2
25034,2,2
25035,2,0
25036,2,2
25037,2,2
25038,2,2
25039,3,1
25040,2,0
25041,2,0
25042,2,0
25043,2,1
25044,2,1
25045,2,2
25046,2,2
25047,2,2
25048,2,0
25049,2,2
25050,2,2
25051,2,1
25052,2,0
25053,3,0
25054,2,0
25055,2,2
25056,2,2
25057,2,1
25058,4,2
25059,2,0
25060,2,0
25061,4,1
25062,3,3
25063,3,2
25064,2,2
25065,3,3
25066,2,0
25067,2,2
25068,4,4
25069,2,1
25070,2,2
25071,2,2
25072,2,2
25073,2,1
25074,3,3
25075,4,2
25076,3,1
25077,2,0
25078,3,3
25079,2,0
25080,2,2
25081,2,2
25082,2,1
25083,2,0
25084,3,1
25085,2,2
25086,2,1
25087,3,1
25088,3,3
25089,2,2
25090,2,1
25091,2,2
25092,2,0
25093,2,2
25094,2,1
25095,4,1
25096,2,2
25097,2,0
25098,2,0
25099,2,2
25100,2,0
25101,4,0
25102,4,3
25103,2,1
25104,2,0
25105,2,2
25106,2,2
25107,3,3
25108,2,0
25109,2,1
25110,3,1
25111,2,0
25112,2,2
25113,2,2
25114,2,2
25115,2,2
25116,3,1
25117,2,2
25118,2,2
25119,2,2
25120,2,1
25121,2,1
25122,2,1
25123,2,0
25124,2,0
25125,2,1
25126,3,1
25127,2,0
25128,2,2
25129,2,2
25130,2,0
25131,3,1
25132,4,2
25133,2,2
25134,2,2
25135,2,2
25136,3,0
25137,2,0
25138,2,2
25139,2,2
25140,2,1
25141,2,0
25142,3,3
25143,3,3
25144,3,2
25145,2,2
25146,4,3
25147,2,0
25148,2,2
25149,4,0
25150,2,2
25151,2,1
25152,2,2
25153,2,0
25154,2,2
25155,3,0
25156,4,3
25157,2,2
25158,3,2
25159,2,0
25160,3,2
25161,3,3
25162,2,1
25163,2,2
25164,2,0
25165,2,2
25166,2,2
25167,2,2
25168,2,2
25169,3,2
25170,2,1
25171,2,2
25172,3,1
25173,2,1
25174,2,2
25175,2,2
25176,2,2
25177,2,0
25178,2,2
25179,2,0
25180,3,1
25181,2,0
25182,2,0
25183,2,0
25184,2,0
25185,4,4
25186,2,0
25187,2,2
25188,2,2
25189,3,2
25190,2,2
25191,2,2
25192,2,1
25193,3,3
25194,2,0
25195,2,0
25196,2,2
25197,2,0
25198,3,1
25199,2,2
25200,2,2
25201,2,0
25202,2,2
25203,2,1
25204,2,2
25205,3,0
25206,2,2
25207,2,0
25208,2,0
25209,3,2
25210,2,0
25211,2,2
25212,2,2
25213,4,4
25214,3,3
25215,2,2
25216,3,2
25217,2,0
25218,2,1
25219,2,1
25220,4,3
25221,2,2
25222,2,2
25223,2,2
25224,2,2
25225,2,2
25226,3,0
25227,3,1
25228,2,0
25229,2,1
25230,2,1
25231,2,0
25232,4,0
25233,2,0
25234,2,0
25235,4,3
25236,3,3
25237,2,1
25238,2,0
25239,2,0
25240,2,2
25241,2,2
25242,2,2
25243,4,2
25244,2,0
25245,2,0
25246,2,1
25247,3,3
25248,2,2
25249,2,2
25250,2,1
25251,2,2
25252,2,2
25253,2,0
25254,2,0
25255,2,0
25256,2,2
25257,3,1
25258,2,1
25259,3,3
25260,2,0
25261,3,1
25262,2,2
25263,2,0
25264,4,0
25265,2,0
25266,2,2
25267,2,1
25268,4,4
25269,2,0
25270,4,0
25271,3,1
25272,3,3
25273,2,0
25274,2,0
25275,2,2
25276,2,0
25277,3,3
25278,2,0
25279,2,0
25280,2,1
25281,2,1
25282,2,0
25283,2,2
25284,2,0
25285,2,2
25286,2,0
25287,2,0
25288,3,3
25289,2,1
25290,2,2
25291,2,0
25292,2,1
25293,3,3
25294,2,0
25295,2,2
25296,2,0
25297,2,0
25298,2,2
25299,3,3
25300,2,2
25301,3,3
25302,2,0
25303,3,0
25304,2,0
25305,2,2
25306,2,0
25307,3,0
25308,4,0
25309,3,1
25310,2,0
25311,2,2
25312,3,0
25313,2,2
25314,2,2
25315,2,0
25316,2,2
25317,2,0
25318,2,0
25319,2,0
25320,2,2
25321,3,2
25322,2,1
25323,2,2
25324,2,2
25325,2,1
25326,2,2
25327,3,2
25328,2,0
25329,2,0
25330,2,2
25331,2,2
25332,4,4
25333,2,0
25334,2,1
25335,2,2
25336,2,2
25337,2,2
25338,2,2
25339,2,2
25340,2,0
25341,2,0
25342,2,2
25343,2,0
25344,3,2
25345,4,2
25346,3,1
25347,2,0
25348,3,3
25349,2,2
25350,2,0
25351,2,0
25352,2,2
25353,2,0
25354,2,1
25355,2,0
25356,2,0
25357,2,0
25358,3,1
25359,2,0
25360,2,0
25361,3,0
25362,2,1
25363,2,0
25364,2,2
25365,2,0
25366,4,3
25367,2,0
25368,2,0
25369,2,2
25370,3,2
25371,2,0
25372,2,2
25373,2,0
25374,2,1
25375,2,2
25376,2,0
25377,4,1
25378,2,2
25379,2,2
25380,3,3
25381,2,0
25382,2,2
25383,2,0
25384,2,0
25385,2,2
25386,3,3
25387,2,1
25388,4,0
25389,2,2
25390,3,3
25391,2,0
25392,2,0
25393,3,0
25394,4,3
25395,2,0
25396,2,2
25397,4,2
25398,3,3
25399,2,2
25400,2,1
25401,2,1
25402,2,0
25403,2,2
25404,2,2
25405,2,0
25406,2,2
25407,2,0
25408,2,0
25409,2,2
25410,3,3
25411,2,2
25412,2,2
25413,2,1
25414,3,1
25415,2,0
25416,2,2
25417,2,2
25418,2,2
25419,2,2
25420,3,1
25421,2,2
25422,2,1
25423,4,2
25424,4,4
25425,2,0
25426,2,1
25427,2,1
25428,3,3
25429,2,0
25430,2,1
25431,2,0
25432,2,2
25433,2,0
25434,2,1
25435,3,3
25436,2,2
25437,2,2
25438,3,3
25439,2,2
25440,3,1
25441,2,2
25442,2,0
25443,3,1
25444,3,1
25445,4,4
25446,2,2
25447,2,0
25448,3,3
25449,2,2
25450,2,2
25451,2,1
25452,4,3
25453,2,0
25454,2,2
25455,3,3
25456,3,2
25457,3,3
25458,2,0
25459,3,1
25460,3,2
25461,2,2
25462,3,1
25463,2,1
25464,2,2
25465,3,2
25466,2,0
25467,2,2
25468,3,2
25469,2,1
25470,3,1
25471,4,2
25472,2,0
25473,3,3
25474,2,0
25475,2,2
25476,2,2
25477,2,0
25478,2,2
25479,2,2
25480,3,3
25481,2,0
25482,2,2
25483,3,1
25484,2,2
25485,2,0
25486,4,2
25487,2,0
25488,2,1
25489,2,0
25490,2,0
25491,3,2
25492,2,0
25493,2,1
25494,3,3
25495,3,0
25496,2,1
25497,2,1
25498,4,4
25499,2,2
25500,4,3
25501,2,2
25502,2,1
25503,3,1
25504,2,2
25505,2,0
25506,2,2
25507,2,2
25508,3,3
25509,2,2
25510,2,1
25511,2,2
25512,2,2
25513,4,3
25514,2,2
25515,2,1
25516,2,0
25517,2,2
25518,2,0
25519,2,2
25520,3,0
25521,4,2
25522,2,2
25523,2,2
25524,2,0
25525,2,0
25526,2,2
25527,3,1
25528,2,0
25529,4,1
25530,2,2
25531,2,1
25532,4,2
25533,4,4
25534,2,0
25535,2,1
25536,2,2
25537,2,0
25538,3,1
25539,2,2
25540,2,0
25541,2,2
25542,3,3
25543,2,2
25544,2,2
25545,2,2
25546,2,2
25547,2,0
25548,2,1
25549,3,3
25550,4,2
25551,2,2
25552,2,2
25553,2,0
25554,2,2
25555,2,0
25556,2,2
25557,2,2
25558,2,2
25559,2,2
25560,2,0
25561,3,1
25562,2,0
25563,2,1
25564,4,0
25565,2,2
25566,2,0
25567,2,1
25568,4,0
25569,2,0
25570,2,2
25571,2,2
25572,3,1
25573,2,2
25574,4,4
25575,2,2
25576,2,2
25577,4,4
25578,2,0
25579,3,0
25580,3,0
25581,2,0
25582,2,2
25583,2,2
25584,2,1
25585,2,1
25586,2,2
25587,2,0
25588,2,1
25589,2,0
25590,2,0
25591,2,0
25592,2,2
25593,2,0
25594,4,4
25595,2,0
25596,2,1
25597,2,1
25598,2,0
25599,2,2
25600,2,2
25601,3,2
25602,3,1
25603,2,2
25604,3,3
25605,2,2
25606,2,1
25607,2,1
25608,2,2
25609,2,2
25610,4,0
25611,2,1
25612,2,0
25613,3,1
25614,3,1
25615,2,0
25616,2,2
25617,3,2
25618,2,2
25619,2,1
25620,2,0
25621,3,1
25622,2,0
25623,2,2
25624,2,2
25625,2,0
25626,3,0
25627,4,0
25628,3,0
25629,2,0
25630,2,1
25631,2,0
25632,2,2
25633,2,2
25634,2,1
25635,2,0
25636,2,0
25637,2,0
25638,2,1
25639,2,1
25640,3,3
25641,3,3
25642,4,4
25643,2,2
25644,2,2
25645,2,0
25646,2,2
25647,3,1
25648,2,2
25649,2,2
25650,2,2
25651,2,0
25652,2,1
25653,3,1
25654,3,1
25655,3,2
25656,2,1
25657,2,1
25658,3,3
25659,2,0
25660,2,0
25661,2,0
25662,4,2
25663,2,0
25664,3,1
25665,2,2
25666,3,3
25667,2,2
25668,2,1
25669,2,0
25670,2,0
25671,2,0
25672,2,0
25673,2,2
25674,2,1
25675,2,2
25676,2,2
25677,2,0
25678,2,2
25679,3,3
25680,2,2
25681,2,2
25682,2,1
25683,2,2
25684,2,2
25685,2,1
25686,4,1
25687,3,0
25688,2,0
25689,2,2
25690,2,1
25691,2,2
25692,2,2
25693,2,2
25694,3,0
25695,3,2
25696,2,2
25697,3,1
25698,3,2
25699,2,2
25700,3,3
25701,2,0
25702,2,1
25703,2,0
25704,2,2
25705,2,1
25706,2,1
25707,2,0
25708,2,0
25709,2,2
25710,3,1
25711,3,0
25712,2,0
25713,3,3
25714,2,2
25715,3,2
25716,2,2
25717,2,0
25718,3,0
25719,2,2
25720,3,2
25721,2,1
25722,2,0
25723,2,0
25724,2,0
25725,2,0
25726,3,2
25727,2,2
25728,2,1
25729,2,1
25730,3,3
25731,2,2
25732,2,2
25733,2,2
25734,2,2
25735,4,4
25736,3,3
25737,2,1
25738,4,2
25739,3,1
25740,2,1
25741,2,2
25742,2,1
25743,3,2
25744,2,0
25745,2,0
25746,2,2
25747,2,2
25748,2,1
25749,2,2
25750,4,0
25751,2,2
25752,2,2
25753,3,3
25754,4,3
25755,3,1
25756,2,0
25757,2,0
25758,2,0
25759,3,0
25760,2,2
25761,2,2
25762,2,1
25763,2,2
25764,2,1
25765,2,0
25766,2,0
25767,3,3
25768,2,0
25769,3,1
25770,2,1
25771,2,0
25772,2,2
25773,2,2
25774,2,2
25775,3,1
25776,2,0
25777,2,1
25778,4,1
25779,2,0
25780,2,2
25781,4,3
25782,2,2
25783,2,0
25784,2,0
25785,2,0
25786,2,0
25787,2,0
25788,2,2
25789,4,3
25790,3,2
25791,2,0
25792,3,3
25793,2,1
25794,2,0
25795,2,0
25796,3,2
25797,2,0
25798,3,0
25799,4,4
25800,2,2
25801,2,2
25802,2,2
25803,2,1
25804,2,1
25805,2,1
25806,2,1
25807,2,1
25808,2,0
25809,2,0
25810,2,0
25811,2,0
25812,4,2
25813,2,1
25814,2,0
25815,3,2
25816,3,2
25817,2,0
25818,3,1
25819,2,2
25820,2,1
25821,2,2
25822,2,2
25823,2,2
25824,3,1
25825,2,0
25826,2,0
25827,2,1
25828,3,1
25829,2,0
25830,2,0
25831,2,1
25832,2,1
25833,2,0
25834,2,2
25835,2,1
25836,2,1
25837,2,0
25838,2,2
25839,2,1
25840,2,2
25841,2,1
25842,2,2
25843,2,1
25844,2,0
25845,2,2
25846,2,2
25847,3,1
25848,2,0
25849,2,1
25850,2,1
25851,2,2
25852,2,1
25853,2,1
25854,2,1
25855,3,3
25856,2,2
25857,2,2
25858,2,0
25859,2,1
25860,3,2
25861,4,2
25862,2,2
25863,2,0
25864,2,2
25865,2,2
25866,2,2
25867,2,1
25868,4,1
25869,2,2
25870,2,2
25871,2,1
25872,2,0
25873,2,0
25874,2,2
25875,2,2
25876,2,1
25877,2,2
25878,2,2
25879,2,2
25880,2,2
25881,2,2
25882,2,2
25883,3,2
25884,2,1
25885,3,1
25886,4,4
25887,2,2
25888,2,2
25889,2,0
25890,4,1
25891,3,1
25892,2,2
25893,2,1
25894,3,0
25895,2,0
25896,3,3
25897,2,2
25898,2,0
25899,2,0
25900,2,2
25901,4,3
25902,3,1
25903,3,3
25904,2,2
25905,2,0
25906,2,0
25907,2,1
25908,2,2
25909,3,2
25910,2,2
25911,2,2
25912,2,0
25913,2,0
25914,2,0
25915,3,0
25916,2,2
25917,2,0
25918,2,0
25919,4,0
25920,2,2
25921,2,2
25922,2,1
25923,2,0
25924,2,0
25925,2,2
25926,2,2
25927,2,2
25928,2,1
25929,2,2
25930,3,1
25931,3,3
25932,4,4
25933,2,2
25934,3,0
25935,2,2
25936,3,3
25937,2,2
25938,3,3
25939,4,2
25940,2,2
25941,3,2
25942,2,0
25943,2,2
25944,2,2
25945,2,2
25946,2,0
25947,2,1
25948,3,1
25949,2,1
25950,2,2
25951,3,3
25952,3,3
25953,3,1
25954,2,0
25955,2,2
25956,3,3
25957,3,1
25958,2,1
25959,3,1
25960,3,3
25961,3,3
25962,4,4
25963,3,0
25964,2,2
25965,2,1
25966,2,2
25967,3,2
25968,2,2
25969,3,3
25970,2,0
25971,2,0
25972,2,0
25973,2,0
25974,3,2
25975,2,0
25976,2,0
25977,2,1
25978,2,0
25979,3,3
25980,2,1
25981,3,2
25982,2,2
25983,2,1
25984,2,2
25985,2,0
25986,2,2
25987,2,1
25988,2,2
25989,2,1
25990,4,2
25991,2,2
25992,4,2
25993,2,0
25994,2,1
25995,3,3
25996,2,2
25997,2,0
25998,2,0
25999,2,0
26000,2,2
26001,3,1
26002,2,2
26003,3,2
26004,2,2
26005,2,2
26006,2,1
26007,2,1
26008,3,1
26009,2,1
26010,2,0
26011,2,2
26012,3,1
26013,2,2
26014,2,2
26015,2,1
26016,2,0
26017,3,1
26018,3,1
26019,2,2
26020,3,0
26021,3,3
26022,2,2
26023,2,0
26024,2,2
26025,3,3
26026,2,1
26027,2,0
26028,3,0
26029,3,3
26030,2,2
26031,2,0
26032,2,2
26033,2,0
26034,3,2
26035,2,2
26036,4,4
26037,2,1
26038,3,3
26039,4,4
26040,2,0
26041,2,2
26042,2,2
26043,2,1
26044,4,0
26045,2,2
26046,2,2
26047,2,2
26048,2,0
26049,3,1
26050,3,0
26051,2,2
26052,3,2
26053,2,2
26054,2,2
26055,3,1
26056,2,1
26057,2,2
26058,2,0
26059,2,0
26060,2,0
26061,2,2
26062,4,4
26063,2,0
26064,2,2
26065,2,2
26066,2,1
26067,3,2
26068,2,0
26069,2,0
26070,2,0
26071,2,2
26072,2,1
26073,2,0
26074,2,1
26075,2,0
26076,3,3
26077,2,0
26078,2,1
26079,2,2
26080,3,0
26081,2,1
26082,3,2
26083,2,1
26084,2,2
26085,2,1
26086,2,0
26087,2,2
26088,2,2
26089,3,3
26090,2,2
26091,2,2
26092,4,3
26093,2,1
26094,2,0
26095,2,0
26096,2,2
26097,2,1
26098,3,3
26099,2,0
26100,4,2
26101,3,3
26102,2,2
26103,4,4
26104,2,2
26105,3,3
26106,2,2
26107,2,1
26108,2,2
26109,2,2
26110,4,4
26111,2,0
26112,3,2
26113,3,3
26114,3,2
26115,2,2
26116,4,4
26117,2,0
26118,2,0
26119,2,2
26120,2,0
26121,2,2
26122,3,0
26123,2,2
26124,3,2
26125,2,0
26126,2,1
26127,2,2
26128,2,0
26129,2,0
26130,2,0
26131,2,2
26132,2,1
26133,3,2
26134,2,1
26135,2,2
26136,2,2
26137,3,1
26138,2,2
26139,3,2
26140,3,1
26141,2,2
26142,3,3
26143,2,0
26144,2,2
26145,2,0
26146,2,2
26147,2,2
26148,4,4
26149,2,0
26150,2,0
26151,2,1
26152,2,2
26153,4,0
26154,2,0
26155,3,3
26156,2,2
26157,3,1
26158,2,2
26159,2,0
26160,3,0
26161,2,1
26162,2,0
26163,2,1
26164,3,3
26165,4,3
26166,3,1
26167,3,3
26168,2,2
26169,2,0
26170,3,0
26171,2,1
26172,2,0
26173,2,0
26174,2,0
26175,2,2
26176,3,3
26177,2,1
26178,2,1
26179,3,1
26180,2,2
26181,2,2
26182,2,1
26183,2,2
26184,2,0
26185,3,3
26186,3,1
26187,2,2
26188,2,1
26189,4,2
26190,2,1
26191,2,0
26192,2,1
26193,4,3
26194,2,2
26195,3,1
26196,2,0
26197,2,2
26198,2,1
26199,2,2
26200,2,0
26201,2,0
26202,3,0
26203,2,1
26204,3,1
26205,2,0
26206,2,1
26207,3,3
26208,2,0
26209,2,2
26210,3,1
26211,2,2
26212,2,2
26213,2,2
26214,2,2
26215,2,1
26216,2,2
26217,2,2
26218,2,1
26219,3,1
26220,3,3
26221,2,0
26222,2,1
26223,2,2
26224,3,3
26225,2,2
26226,2,2
26227,2,0
26228,2,2
26229,3,1
26230,2,0
26231,2,0
26232,2,1
26233,3,3
26234,2,2
26235,4,0
26236,2,2
26237,2,0
26238,2,0
26239,2,2
26240,2,2
26241,2,2
26242,2,0
26243,3,1
26244,2,0
26245,2,2
26246,3,3
26247,2,1
26248,2,0
26249,4,4
26250,2,2
26251,2,2
26252,2,0
26253,2,0
26254,3,3
26255,2,2
26256,2,0
26257,2,0
26258,2,0
26259,2,2
26260,4,4
26261,4,0
26262,2,0
26263,2,2
26264,2,2
26265,2,2
26266,2,2
26267,2,2
26268,2,0
26269,2,1
26270,2,1
26271,2,0
26272,3,2
26273,2,2
26274,2,2
26275,2,2
26276,3,3
26277,2,0
26278,3,2
26279,2,2
26280,2,0
26281,2,1
26282,2,0
26283,3,3
26284,2,1
26285,3,1
26286,2,0
26287,2,0
26288,2,1
26289,2,0
26290,3,2
26291,3,3
26292,3,1
26293,3,3
26294,2,2
26295,2,2
26296,2,0
26297,2,2
26298,2,1
26299,2,0
26300,2,2
26301,3,1
26302,2,0
26303,2,2
26304,2,0
26305,2,2
26306,2,1
26307,2,0
26308,2,0
26309,2,2
26310,2,0
26311,2,2
26312,2,2
26313,2,0
26314,2,2
26315,4,4
26316,2,2
26317,2,2
26318,2,2
26319,3,1
26320,3,3
26321,2,0
26322,2,0
26323,3,3
26324,2,0
26325,2,2
26326,2,2
26327,2,2
26328,2,1
26329,2,0
26330,3,0
26331,2,2
26332,2,0
26333,3,2
26334,2,0
26335,2,0
26336,2,2
26337,2,1
26338,3,3
26339,2,0
26340,2,0
26341,3,2
26342,3,3
26343,2,0
26344,4,4
26345,2,0
26346,2,2
26347,3,2
26348,2,2
26349,2,0
26350,2,0
26351,2,2
26352,3,1
26353,2,0
26354,3,2
26355,2,0
26356,2,2
26357,2,2
26358,2,2
26359,3,2
26360,3,1
26361,2,0
26362,2,0
26363,2,2
26364,2,0
26365,4,2
26366,2,0
26367,3,2
26368,3,3
26369,2,1
26370,3,3
26371,2,2
26372,2,0
26373,2,2
26374,3,2
26375,2,2
26376,2,2
26377,4,3
26378,2,2
26379,2,2
26380,2,2
26381,2,0
26382,2,2
26383,2,2
26384,2,2
26385,4,0
26386,2,2
26387,2,2
26388,2,2
26389,3,2
26390,2,0
26391,2,0
26392,2,0
26393,3,3
26394,2,0
26395,3,3
26396,2,2
26397,3,3
26398,3,3
26399,2,2
26400,2,1
26401,2,2
26402,2,1
26403,2,1
26404,2,2
26405,2,0
26406,3,3
26407,2,2
26408,2,1
26409,2,2
26410,2,0
26411,2,2
26412,2,0
26413,2,2
26414,4,0
26415,2,0
26416,2,2
26417,2,1
26418,2,0
26419,2,2
26420,2,2
26421,3,2
26422,3,3
26423,3,1
26424,2,2
26425,2,2
26426,2,2
26427,4,4
26428,4,4
26429,2,0
26430,2,0
26431,4,0
26432,2,0
26433,2,0
26434,2,1
26435,2,2
26436,2,2
26437,2,2
26438,2,2
26439,3,1
26440,3,2
26441,2,1
26442,2,2
26443,2,2
26444,4,1
26445,2,0
26446,2,0
26447,2,0
26448,2,0
26449,3,3
26450,2,2
26451,3,2
26452,2,1
26453,2,0
26454,2,2
26455,2,1
26456,3,1
26457,2,2
26458,2,2
26459,2,0
26460,2,1
26461,2,0
26462,2,0
26463,3,3
26464,4,1
26465,3,2
26466,3,3
26467,2,2
26468,3,0
26469,2,2
26470,3,1
26471,2,2
26472,2,2
26473,3,3
26474,3,3
26475,3,0
26476,3,3
26477,2,2
26478,2,0
26479,2,2
26480,3,2
26481,2,1
26482,2,0
26483,2,0
26484,2,2
26485,2,1
26486,2,2
26487,2,0
26488,3,2
26489,2,1
26490,2,2
26491,2,0
26492,4,3
26493,2,0
26494,2,2
26495,4,2
26496,2,0
26497,2,2
26498,2,2
26499,2,2
26500,4,2
26501,2,2
26502,2,2
26503,3,3
26504,3,3
26505,2,2
26506,2,0
26507,2,1
26508,2,2
26509,2,2
26510,2,1
26511,3,2
26512,4,4
26513,4,0
26514,2,1
26515,4,4
26516,2,2
26517,2,0
26518,2,1
26519,2,2
26520,2,0
26521,2,2
26522,2,1
26523,3,0
26524,2,0
26525,2,2
26526,2,2
26527,3,1
26528,2,2
26529,3,2
26530,2,0
26531,3,2
26532,4,0
26533,2,1
26534,3,3
26535,2,2
26536,2,2
26537,2,0
26538,2,1
26539,2,0
26540,2,0
26541,2,0
26542,3,3
26543,2,2
26544,2,2
26545,2,2
26546,2,0
26547,3,2
26548,2,1
26549,2,2
26550,2,1
26551,2,0
26552,2,2
26553,2,2
26554,2,1
26555,2,2
26556,3,1
26557,2,0
26558,2,1
26559,4,2
26560,2,2
26561,2,1
26562,3,2
26563,2,2
26564,2,2
26565,3,3
26566,2,0
26567,3,3
26568,2,0
26569,2,2
26570,2,2
26571,3,1
26572,2,2
26573,2,1
26574,2,2
26575,2,2
26576,3,3
26577,3,1
26578,3,3
26579,3,1
26580,3,3
26581,2,2
26582,2,2
26583,3,1
26584,2,2
26585,2,0
26586,2,0
26587,2,0
26588,3,3
26589,3,2
26590,3,2
26591,3,3
26592,4,2
26593,2,2
26594,2,2
26595,2,0
26596,2,2
26597,2,2
26598,2,2
26599,3,1
26600,2,1
26601,2,0
26602,2,2
26603,2,0
26604,2,2
26605,2,1
26606,2,1
26607,2,1
26608,2,2
26609,2,1
26610,2,2
26611,2,0
26612,2,0
26613,2,2
26614,2,2
26615,2,2
26616,2,0
26617,2,1
26618,2,2
26619,2,2
26620,2,2
26621,2,2
26622,2,2
26623,2,0
26624,3,3
26625,3,1
26626,2,2
26627,2,0
26628,2,2
26629,2,0
26630,2,1
26631,2,0
26632,2,2
26633,2,2
26634,2,0
26635,2,2
26636,2,2
26637,2,2
26638,2,2
26639,2,1
26640,2,0
26641,3,3
26642,3,1
26643,3,3
26644,2,2
26645,2,2
26646,2,0
26647,2,0
26648,2,1
26649,2,2
26650,2,0
26651,2,0
26652,2,0
26653,2,0
26654,2,2
26655,2,0
26656,2,2
26657,2,0
26658,2,0
26659,2,2
26660,2,2
26661,3,2
26662,2,2
26663,2,0
26664,2,0
26665,2,2
26666,2,1
26667,2,1
26668,3,1
26669,2,2
26670,3,3
26671,2,2
26672,2,0
26673,2,2
26674,3,0
26675,3,2
26676,2,1
26677,3,2
26678,2,2
26679,2,2
26680,2,0
26681,3,3
26682,2,2
26683,2,1
26684,4,2
26685,3,3
26686,2,2
26687,3,1
26688,3,0
26689,3,2
26690,3,2
26691,2,2
26692,2,2
26693,2,0
26694,2,1
26695,2,1
26696,3,1
26697,2,2
26698,4,0
26699,2,2
26700,2,2
26701,2,0
26702,2,0
26703,4,2
26704,4,0
26705,2,1
26706,2,2
26707,2,1
26708,2,1
26709,2,2
26710,2,0
26711,2,0
26712,2,2
26713,2,0
26714,2,0
26715,2,1
26716,3,3
26717,2,2
26718,2,0
26719,2,2
26720,3,3
26721,2,1
26722,2,2
26723,3,2
26724,2,0
26725,2,2
26726,2,2
26727,2,0
26728,2,2
26729,4,4
26730,2,0
26731,2,2
26732,2,1
26733,3,3
26734,2,2
26735,3,3
26736,3,0
26737,2,2
26738,2,2
26739,2,0
26740,2,2
26741,3,3
26742,2,0
26743,3,1
26744,2,2
26745,2,1
26746,2,2
26747,3,1
26748,3,0
26749,2,1
26750,2,2
26751,4,2
26752,4,2
26753,2,2
26754,3,1
26755,4,4
26756,2,1
26757,2,2
26758,2,2
26759,3,3
26760,2,2
26761,2,2
26762,2,1
26763,2,2
26764,3,3
26765,2,2
26766,2,2
26767,2,0
26768,2,0
26769,2,1
26770,2,2
26771,2,0
26772,2,2
26773,2,2
26774,4,4
26775,2,0
26776,2,0
26777,2,2
26778,2,0
26779,2,1
26780,2,0
26781,2,0
26782,2,1
26783,2,0
26784,2,2
26785,2,0
26786,3,1
26787,3,3
26788,2,0
26789,2,0
26790,2,2
26791,3,3
26792,2,2
26793,3,2
26794,2,1
26795,2,2
26796,2,2
26797,2,0
26798,2,2
26799,3,1
26800,2,0
26801,2,1
26802,2,2
26803,3,2
26804,2,2
26805,2,2
26806,2,1
26807,2,1
26808,2,0
26809,2,0
26810,2,2
26811,2,2
26812,2,2
26813,3,3
26814,3,1
26815,3,1
26816,2,0
26817,2,0
26818,3,2
26819,2,2
26820,2,0
26821,2,2
26822,3,3
26823,3,2
26824,3,1
26825,2,2
26826,2,0
26827,3,3
26828,2,0
26829,2,2
26830,2,0
26831,2,2
26832,2,1
26833,2,2
26834,2,2
26835,2,2
26836,2,2
26837,3,3
26838,2,0
26839,4,4
26840,2,1
26841,2,0
26842,3,3
26843,2,0
26844,3,3
26845,2,0
26846,2,2
26847,2,2
26848,3,3
26849,2,0
26850,4,2
26851,2,1
26852,2,2
26853,2,2
26854,2,0
26855,4,4
26856,2,0
26857,2,2
26858,2,0
26859,3,3
26860,2,2
26861,2,1
26862,2,2
26863,2,2
26864,2,0
26865,2,0
26866,2,1
26867,2,2
26868,2,2
26869,2,0
26870,2,0
26871,2,0
26872,2,2
26873,2,2
26874,3,3
26875,2,2
26876,4,2
26877,2,0
26878,2,1
26879,2,2
26880,2,0
26881,2,2
26882,2,2
26883,2,2
26884,3,3
26885,2,1
26886,2,2
26887,2,0
26888,4,2
26889,2,2
26890,2,2
26891,2,0
26892,2,2
26893,2,0
26894,2,1
26895,2,1
26896,3,1
26897,2,2
26898,2,1
26899,2,2
26900,2,0
26901,2,2
26902,2,2
26903,3,2
26904,2,2
26905,2,0
26906,2,0
26907,3,2
26908,2,2
26909,2,0
26910,2,1
26911,4,2
26912,2,2
26913,2,0
26914,4,2
26915,2,0
26916,2,2
26917,2,2
26918,2,0
26919,2,0
26920,2,2
26921,2,1
26922,2,0
26923,2,0
26924,2,2
26925,2,2
26926,2,2
26927,2,1
26928,2,2
26929,2,1
26930,2,2
26931,2,1
26932,2,0
26933,2,1
26934,3,3
26935,3,3
26936,3,1
26937,2,0
26938,2,2
26939,2,2
26940,3,0
26941,2,1
26942,2,2
26943,2,2
26944,3,0
26945,3,1
26946,4,1
26947,2,2
26948,2,1
26949,2,2
26950,2,2
26951,2,2
26952,3,2
26953,3,3
26954,2,1
26955,2,0
26956,3,3
26957,2,2
26958,2,2
26959,2,0
26960,2,1
26961,2,0
26962,2,0
26963,2,1
26964,2,2
26965,2,2
26966,2,0
26967,2,1
26968,2,0
26969,3,0
26970,2,1
26971,3,0
26972,2,1
26973,2,1
26974,2,0
26975,4,4
26976,2,2
26977,3,3
26978,2,2
26979,3,1
26980,2,0
26981,2,0
26982,3,1
26983,2,1
26984,2,2
26985,2,2
26986,2,2
26987,2,2
26988,3,2
26989,2,1
26990,2,1
26991,4,4
26992,2,2
26993,3,3
26994,2,1
26995,2,0
26996,2,2
26997,2,2
26998,3,1
26999,2,0
27000,2,2
27001,2,0
27002,2,2
27003,2,2
27004,2,1
27005,2,1
27006,3,2
27007,2,1
27008,3,2
27009,3,3
27010,2,1
27011,2,1
27012,2,1
27013,2,0
27014,3,1
27015,2,2
27016,2,0
27017,2,2
27018,2,2
27019,2,2
27020,2,2
27021,2,0
27022,2,1
27023,2,2
27024,4,4
27025,3,2
27026,4,3
27027,3,1
27028,4,4
27029,3,0
27030,2,2
27031,2,0
27032,2,2
27033,3,0
27034,2,2
27035,2,1
27036,2,2
27037,2,2
27038,2,2
27039,2,2
27040,2,1
27041,2,0
27042,2,2
27043,2,2
27044,2,1
27045,2,2
27046,2,2
27047,2,2
27048,2,1
27049,2,2
27050,2,2
27051,3,1
27052,4,3
27053,2,0
27054,3,3
27055,3,3
27056,3,2
27057,2,2
27058,2,2
27059,2,1
27060,2,0
27061,4,4
27062,3,1
27063,2,2
27064,2,2
27065,2,1
27066,4,1
27067,2,2
27068,3,0
27069,2,2
27070,2,0
27071,2,1
27072,2,0
27073,3,0
27074,2,2
27075,2,1
27076,2,2
27077,2,2
27078,2,2
27079,2,2
27080,2,1
27081,2,2
27082,2,0
27083,2,1
27084,3,3
27085,2,2
27086,2,2
27087,2,2
27088,2,2
27089,2,0
27090,2,0
27091,2,0
27092,3,3
27093,2,2
27094,3,3
27095,2,2
27096,2,2
27097,4,4
27098,3,0
27099,3,2
27100,2,2
27101,2,0
27102,3,3
27103,3,0
27104,2,2
27105,3,1
27106,2,1
27107,2,2
27108,2,0
27109,2,2
27110,2,1
27111,2,0
27112,2,0
27113,2,1
27114,2,0
27115,2,2
27116,2,2
27117,2,0
27118,2,0
27119,2,2
27120,2,2
27121,2,2
27122,3,1
27123,2,0
27124,2,1
27125,2,2
27126,4,2
27127,2,2
27128,2,2
27129,4,4
27130,3,2
27131,4,4
27132,3,3
27133,3,2
27134,2,2
27135,2,0
27136,2,0
27137,2,2
27138,4,2
27139,3,3
27140,2,1
27141,2,0
27142,3,3
27143,2,2
27144,2,2
27145,2,2
27146,2,0
27147,2,0
27148,2,2
27149,2,2
27150,2,2
27151,2,0
27152,2,2
27153,4,0
27154,2,2
27155,3,0
27156,3,1
27157,2,2
27158,2,2
27159,4,2
27160,2,0
27161,2,0
27162,2,1
27163,2,0
27164,2,2
27165,2,1
27166,2,1
27167,2,0
27168,3,0
27169,2,1
27170,2,0
27171,2,2
27172,2,0
27173,2,0
27174,2,2
27175,2,2
27176,2,0
27177,3,1
27178,3,2
27179,2,2
27180,2,1
27181,2,0
27182,3,1
27183,2,0
27184,2,2
27185,3,2
27186,2,0
27187,2,2
27188,2,1
27189,2,2
27190,2,2
27191,2,1
27192,2,2
27193,2,2
27194,2,1
27195,4,2
27196,2,2
27197,2,1
27198,2,0
27199,2,2
27200,2,0
27201,2,1
27202,2,2
27203,2,0
27204,2,0
27205,4,3
27206,3,3
27207,3,0
27208,2,1
27209,2,2
27210,4,1
27211,2,0
27212,3,3
27213,3,3
27214,2,2
27215,2,0
27216,2,0
27217,3,1
27218,2,2
27219,2,1
27220,3,3
27221,2,0
27222,2,2
27223,2,2
27224,2,2
27225,2,1
27226,2,2
27227,2,2
27228,2,0
27229,2,2
27230,2,2
27231,2,0
27232,2,1
27233,2,0
27234,2,2
27235,3,3
27236,2,2
27237,2,1
27238,2,0
27239,2,2
27240,2,0
27241,2,0
27242,2,2
27243,3,1
27244,2,0
27245,4,2
27246,2,2
27247,2,2
27248,3,3
27249,2,0
27250,3,1
27251,3,1
27252,2,0
27253,2,0
27254,4,4
27255,2,2
27256,2,0
27257,2,2
27258,2,2
27259,3,1
27260,3,2
27261,2,2
27262,2,1
27263,2,2
27264,2,2
27265,4,1
27266,2,0
27267,2,0
27268,2,2
27269,4,4
27270,2,2
27271,3,3
27272,4,4
27273,2,0
27274,2,1
27275,2,0
27276,3,0
27277,2,2
27278,2,0
27279,3,1
27280,3,1
27281,2,2
27282,2,2
27283,3,0
27284,2,0
27285,2,0
27286,2,0
27287,2,1
27288,2,0
27289,2,1
27290,3,1
27291,2,1
27292,2,1
27293,3,1
27294,3,0
27295,2,0
27296,3,2
27297,2,1
27298,3,3
27299,2,0
27300,3,0
27301,2,0
27302,2,2
27303,2,1
27304,2,1
27305,2,2
27306,3,3
27307,3,1
27308,3,3
27309,2,2
27310,3,1
27311,2,0
27312,2,2
27313,2,2
27314,3,3
27315,3,0
27316,2,0
27317,3,3
27318,4,2
27319,2,1
27320,2,1
27321,2,2
27322,3,0
27323,2,2
27324,2,0
27325,3,3
27326,3,3
27327,2,0
27328,4,0
27329,2,2
27330,2,1
27331,2,0
27332,2,2
27333,3,3
27334,2,2
27335,2,2
27336,4,2
27337,2,2
27338,4,2
27339,2,0
27340,2,2
27341,3,3
27342,2,2
27343,2,1
27344,2,0
27345,2,0
27346,2,1
27347,2,0
27348,2,0
27349,3,3
27350,3,3
27351,2,2
27352,2,2
27353,2,2
27354,2,2
27355,2,0
27356,2,2
27357,2,2
27358,2,0
27359,3,1
27360,2,2
27361,2,0
27362,2,2
27363,2,1
27364,3,2
27365,2,0
27366,2,0
27367,3,2
27368,2,0
27369,3,0
27370,2,0
27371,2,0
27372,2,0
27373,3,1
27374,4,2
27375,3,3
27376,2,2
27377,2,0
27378,3,1
27379,3,1
27380,2,2
27381,2,1
27382,4,2
27383,2,2
27384,2,2
27385,3,2
27386,2,0
27387,2,1
27388,2,0
27389,2,0
27390,2,1
27391,2,0
27392,2,2
27393,2,2
27394,2,2
27395,3,1
27396,2,0
27397,2,2
27398,2,2
27399,3,0
27400,2,1
27401,3,1
27402,4,0
27403,2,0
27404,2,0
27405,3,0
27406,2,1
27407,2,2
27408,3,3
27409,2,2
27410,2,1
27411,3,0
27412,2,2
27413,3,3
27414,2,1
27415,2,0
27416,2,1
27417,2,2
27418,2,0
27419,2,2
27420,2,0
27421,2,2
27422,3,3
27423,2,0
27424,3,2
27425,2,0
27426,3,1
27427,2,0
27428,2,1
27429,2,0
27430,2,0
27431,2,2
27432,2,0
27433,3,1
27434,2,0
27435,2,0
27436,3,1
27437,2,2
27438,2,1
27439,3,1
27440,3,1
27441,2,2
27442,2,0
27443,2,2
27444,2,2
27445,2,2
27446,2,2
27447,2,2
27448,2,1
27449,2,0
27450,2,2
27451,4,4
27452,2,2
27453,2,2
27454,2,2
27455,2,2
27456,2,2
27457,3,0
27458,2,0
27459,2,0
27460,2,2
27461,3,1
27462,3,1
27463,2,2
27464,2,0
27465,2,0
27466,2,2
27467,2,1
27468,2,2
27469,4,4
27470,2,1
27471,2,2
27472,2,0
27473,3,3
27474,2,2
27475,3,2
27476,2,2
27477,2,1
27478,2,0
27479,2,2
27480,3,1
27481,2,1
27482,2,2
27483,2,2
27484,2,0
27485,3,1
27486,2,1
27487,2,2
27488,2,2
27489,2,0
27490,2,0
27491,2,0
27492,2,2
27493,2,0
27494,3,3
27495,2,0
27496,3,3
27497,2,2
27498,2,0
27499,2,0
27500,2,2
27501,2,1
27502,2,0
27503,2,2
27504,2,0
27505,2,0
27506,2,0
27507,2,2
27508,2,2
27509,2,1
27510,2,2
27511,2,0
27512,2,2
27513,2,0
27514,3,1
27515,2,2
27516,4,2
27517,2,1
27518,2,0
27519,2,1
27520,2,2
27521,2,2
27522,3,2
27523,2,0
27524,2,0
27525,3,2
27526,3,1
27527,3,2
27528,3,2
27529,2,1
27530,2,0
27531,2,0
27532,2,0
27533,3,3
27534,2,2
27535,2,1
27536,4,2
27537,3,3
27538,3,3
27539,2,1
27540,3,3
27541,2,2
27542,2,0
27543,2,0
27544,3,2
27545,2,2
27546,2,0
27547,2,1
27548,2,0
27549,2,2
27550,2,1
27551,2,2
27552,2,2
27553,2,0
27554,2,1
27555,2,2
27556,2,2
27557,2,1
27558,2,0
27559,3,3
27560,2,2
27561,2,2
27562,2,0
27563,3,3
27564,2,0
27565,2,0
27566,2,2
27567,2,0
27568,3,1
27569,2,0
27570,4,2
27571,2,2
27572,2,0
27573,2,2
27574,2,2
27575,2,2
27576,2,0
27577,2,0
27578,2,2
27579,2,2
27580,3,0
27581,2,0
27582,2,2
27583,2,2
27584,4,4
27585,2,2
27586,3,0
27587,2,1
27588,2,0
27589,2,0
27590,3,2
27591,4,2
27592,2,0
27593,2,2
27594,2,2
27595,2,1
27596,2,2
27597,3,0
27598,2,2
27599,3,3
27600,2,0
27601,2,1
27602,2,2
27603,2,2
27604,2,0
27605,2,2
27606,2,0
27607,2,0
27608,2,0
27609,3,3
27610,3,1
27611,2,0
27612,2,2
27613,2,1
27614,2,0
27615,2,2
27616,3,3
27617,2,2
27618,3,2
27619,2,2
27620,2,2
27621,2,0
27622,3,0
27623,3,1
27624,2,2
27625,2,1
27626,3,1
27627,2,2
27628,2,2
27629,2,2
27630,2,2
27631,3,3
27632,2,0
27633,3,1
27634,2,2
27635,3,1
27636,2,0
27637,3,0
27638,2,2
27639,4,3
27640,2,1
27641,2,2
27642,2,1
27643,3,1
27644,4,4
27645,4,1
27646,2,1
27647,2,0
27648,2,2
27649,2,0
27650,2,1
27651,2,0
27652,2,2
27653,3,1
27654,2,1
27655,3,1
27656,2,2
27657,2,2
27658,3,3
27659,3,2
27660,3,3
27661,2,2
27662,2,2
27663,3,1
27664,2,2
27665,2,2
27666,2,0
27667,2,0
27668,3,1
27669,2,2
27670,2,2
27671,2,2
27672,2,0
27673,3,1
27674,2,2
27675,2,0
27676,2,0
27677,2,0
27678,2,2
27679,2,2
27680,2,0
27681,2,2
27682,3,3
27683,2,2
27684,2,2
27685,3,0
27686,2,1
27687,4,1
27688,3,1
27689,2,0
27690,2,2
27691,2,0
27692,3,0
27693,2,2
27694,2,2
27695,2,2
27696,2,2
27697,2,0
27698,2,2
27699,2,1
27700,2,2
27701,2,2
27702,3,2
27703,2,2
27704,2,0
27705,2,0
27706,2,0
27707,3,3
27708,3,0
27709,3,1
27710,2,0
27711,2,0
27712,4,1
27713,3,1
27714,3,0
27715,2,0
27716,2,0
27717,2,0
27718,3,1
27719,3,1
27720,3,3
27721,2,1
27722,3,0
27723,4,0
27724,2,0
27725,3,3
27726,2,0
27727,2,1
27728,2,1
27729,2,0
27730,2,2
27731,2,2
27732,2,1
27733,2,2
27734,3,3
27735,3,3
27736,4,0
27737,3,0
27738,2,0
27739,2,0
27740,2,1
27741,2,2
27742,4,4
27743,2,2
27744,2,2
27745,3,3
27746,2,1
27747,2,1
27748,2,2
27749,2,1
27750,3,3
27751,2,0
27752,2,2
27753,2,0
27754,2,1
27755,2,2
27756,2,2
27757,2,2
27758,2,2
27759,2,2
27760,2,2
27761,2,2
27762,2,2
27763,2,2
27764,2,2
27765,2,0
27766,2,2
27767,2,0
27768,2,2
27769,4,4
27770,2,2
27771,2,1
27772,2,2
27773,2,2
27774,4,4
27775,4,2
27776,2,2
27777,2,0
27778,4,1
27779,2,2
27780,3,2
27781,3,1
27782,2,2
27783,2,0
27784,2,0
27785,3,1
27786,4,3
27787,2,1
27788,2,2
27789,3,0
27790,2,2
27791,4,2
27792,2,0
27793,2,1
27794,3,1
27795,2,0
27796,2,2
27797,3,2
27798,2,2
27799,2,0
27800,4,3
27801,2,1
27802,2,2
27803,2,0
27804,2,0
27805,2,1
27806,2,0
27807,3,3
27808,3,0
27809,2,1
27810,2,0
27811,2,2
27812,2,2
27813,4,0
27814,3,3
27815,2,2
27816,3,1
27817,2,0
27818,3,1
27819,2,2
27820,2,0
27821,3,0
27822,2,2
27823,2,0
27824,3,1
27825,3,3
27826,2,0
27827,2,1
27828,2,0
27829,2,1
27830,3,2
27831,2,0
27832,2,0
27833,2,0
27834,2,0
27835,2,0
27836,2,0
27837,3,3
27838,2,2
27839,2,1
27840,2,2
27841,2,0
27842,3,1
27843,3,0
27844,3,1
27845,2,0
27846,2,0
27847,2,0
27848,2,2
27849,2,2
27850,2,2
27851,4,2
27852,2,1
27853,2,0
27854,2,0
27855,2,0
27856,2,0
27857,2,2
27858,2,0
27859,2,0
27860,3,2
27861,3,3
27862,2,2
27863,3,3
27864,3,0
27865,2,2
27866,2,0
27867,2,2
27868,2,2
27869,3,1
27870,2,2
27871,2,2
27872,2,1
27873,2,0
27874,3,1
27875,2,1
27876,4,2
27877,4,0
27878,2,2
27879,2,1
27880,4,2
27881,3,0
27882,2,0
27883,2,0
27884,2,1
27885,2,1
27886,4,2
27887,2,0
27888,2,1
27889,2,2
27890,2,0
27891,2,0
27892,4,2
27893,2,0
27894,3,1
27895,2,0
27896,2,2
27897,2,2
27898,2,0
27899,3,1
27900,2,0
27901,2,0
27902,2,1
27903,2,2
27904,2,2
27905,2,2
27906,3,3
27907,2,0
27908,2,1
27909,2,0
27910,2,2
27911,2,2
27912,2,0
27913,3,1
27914,2,2
27915,2,2
27916,4,3
27917,2,2
27918,2,0
27919,2,2
27920,3,3
27921,2,2
27922,2,2
27923,3,3
27924,2,1
27925,2,2
27926,2,0
27927,2,2
27928,2,2
27929,2,0
27930,2,2
27931,2,0
27932,3,1
27933,2,0
27934,2,1
27935,2,0
27936,2,2
27937,3,3
27938,4,0
27939,2,2
27940,2,2
27941,2,0
27942,2,0
27943,2,2
27944,2,2
27945,3,0
27946,2,0
27947,2,2
27948,2,0
27949,2,2
27950,4,4
27951,3,3
27952,3,1
27953,2,1
27954,2,2
27955,2,0
27956,2,2
27957,2,2
27958,3,1
27959,3,3
27960,4,3
27961,2,2
27962,2,2
27963,3,3
27964,2,1
27965,2,1
27966,2,2
27967,3,3
27968,4,0
27969,2,2
27970,2,0
27971,4,1
27972,2,2
27973,2,2
27974,2,1
27975,2,0
27976,2,0
27977,2,2
27978,2,2
27979,2,2
27980,2,0
27981,2,0
27982,2,1
27983,2,2
27984,2,0
27985,2,2
27986,2,2
27987,3,2
27988,3,2
27989,3,2
27990,2,2
27991,2,1
27992,2,2
27993,2,1
27994,2,0
27995,2,2
27996,2,2
27997,2,2
27998,2,2
27999,2,2
28000,2,0
28001,2,2
28002,2,1
28003,2,0
28004,2,2
28005,2,0
28006,3,1
28007,2,1
28008,2,2
28009,2,2
28010,2,0
28011,2,2
28012,2,2
28013,3,3
28014,2,0
28015,2,0
28016,2,2
28017,3,0
28018,2,2
28019,3,3
28020,2,2
28021,2,2
28022,2,0
28023,2,0
28024,2,0
28025,2,1
28026,4,2
28027,2,0
28028,4,2
28029,2,0
28030,2,2
28031,2,0
28032,2,2
28033,3,0
28034,3,1
28035,3,3
28036,3,3
28037,4,3
28038,4,2
28039,4,2
28040,2,2
28041,2,0
28042,2,0
28043,3,3
28044,3,1
28045,2,0
28046,3,3
28047,4,3
28048,2,2
28049,3,3
28050,4,4
28051,2,0
28052,2,2
28053,2,2
28054,3,3
28055,2,2
28056,2,2
28057,2,1
28058,2,0
28059,2,2
28060,2,0
28061,2,0
28062,2,1
28063,2,0
28064,2,2
28065,2,1
28066,3,0
28067,2,2
28068,2,2
28069,3,3
28070,2,2
28071,2,2
28072,2,1
28073,2,2
28074,3,0
28075,2,1
28076,2,2
28077,3,3
28078,4,4
28079,2,2
28080,2,1
28081,2,0
28082,2,2
28083,2,2
28084,2,0
28085,3,3
28086,3,3
28087,2,2
28088,2,0
28089,2,2
28090,2,0
28091,2,0
28092,2,2
28093,2,2
28094,2,0
28095,2,2
28096,2,2
28097,2,0
28098,2,2
28099,2,0
28100,2,2
28101,2,2
28102,2,2
28103,3,3
28104,2,0
28105,2,1
28106,3,1
28107,2,2
28108,3,3
28109,3,2
28110,2,2
28111,2,0
28112,2,0
28113,2,0
28114,2,2
28115,2,1
28116,3,3
28117,2,1
28118,2,2
28119,2,2
28120,2,2
28121,2,2
28122,2,2
28123,3,1
28124,2,0
28125,2,0
28126,2,1
28127,3,2
28128,4,1
28129,3,3
28130,2,1
28131,2,0
28132,2,2
28133,2,2
28134,2,2
28135,2,2
28136,2,1
28137,3,1
28138,2,2
28139,4,4
28140,2,1
28141,2,0
28142,3,1
28143,3,1
28144,2,1
28145,2,2
28146,2,0
28147,2,0
28148,2,2
28149,3,3
28150,2,2
28151,3,0
28152,2,2
28153,2,2
28154,2,1
28155,2,0
28156,3,1
28157,3,0
28158,2,2
28159,2,2
28160,2,1
28161,2,0
28162,2,2
28163,3,0
28164,2,0
28165,2,0
28166,2,2
28167,2,2
28168,2,1
28169,2,2
28170,2,2
28171,3,2
28172,3,3
28173,2,0
28174,3,0
28175,3,2
28176,3,0
28177,2,0
28178,3,1
28179,2,0
28180,2,1
28181,2,2
28182,3,1
28183,2,0
28184,2,0
28185,2,1
28186,2,2
28187,3,0
28188,2,2
28189,2,2
28190,2,2
28191,2,1
28192,2,2
28193,2,0
28194,2,2
28195,2,1
28196,2,1
28197,2,1
28198,2,2
28199,2,0
28200,3,3
28201,2,0
28202,2,2
28203,3,0
28204,2,2
28205,2,2
28206,2,0
28207,2,2
28208,3,2
28209,2,2
28210,2,1
28211,4,3
28212,2,2
28213,3,2
28214,2,1
28215,3,3
28216,2,0
28217,2,2
28218,2,2
28219,2,1
28220,2,2
28221,4,4
28222,3,0
28223,3,1
28224,3,1
28225,2,1
28226,2,1
28227,3,3
28228,2,2
28229,2,0
28230,3,2
28231,2,0
28232,4,3
28233,3,0
28234,3,1
28235,3,2
28236,3,3
28237,2,2
28238,2,0
28239,2,2
28240,4,2
28241,2,1
28242,2,0
28243,2,1
28244,2,2
28245,4,4
28246,2,0
28247,2,2
28248,2,2
28249,2,0
28250,2,2
28251,3,2
28252,2,1
28253,2,1
28254,4,2
28255,3,0
28256,2,2
28257,2,0
28258,2,1
28259,2,0
28260,2,0
28261,2,0
28262,2,2
28263,2,0
28264,3,0
28265,2,1
28266,2,2
28267,3,2
28268,2,2
28269,3,1
28270,3,3
28271,2,2
28272,3,2
28273,2,0
28274,2,2
28275,2,2
28276,4,4
28277,4,0
28278,2,2
28279,3,2
28280,2,2
28281,2,2
28282,2,2
28283,2,2
28284,2,2
28285,2,2
28286,2,0
28287,2,0
28288,2,0
28289,3,3
28290,2,2
28291,2,2
28292,3,3
28293,2,2
28294,2,2
28295,2,0
28296,2,2
28297,2,2
28298,4,4
28299,2,0
28300,2,1
28301,2,0
28302,2,1
28303,2,2
28304,2,0
28305,2,2
28306,2,0
28307,2,2
28308,3,2
28309,2,0
28310,2,2
28311,3,3
28312,3,3
28313,2,2
28314,2,2
28315,3,3
28316,2,0
28317,3,0
28318,2,0
28319,2,0
28320,2,2
28321,2,2
28322,2,2
28323,3,3
28324,3,1
28325,2,0
28326,2,2
28327,2,0
28328,2,0
28329,2,0
28330,3,3
28331,2,2
28332,2,0
28333,3,1
28334,2,2
28335,3,3
28336,4,4
28337,3,3
28338,3,1
28339,2,2
28340,2,1
28341,2,2
28342,4,2
28343,2,1
28344,2,2
28345,2,1
28346,2,0
28347,2,0
28348,2,1
28349,2,0
28350,2,0
28351,2,1
28352,2,0
28353,2,0
28354,2,0
28355,4,2
28356,2,1
28357,2,0
28358,2,2
28359,2,2
28360,2,0
28361,2,0
28362,2,1
28363,2,2
28364,3,3
28365,2,0
28366,2,1
28367,3,3
28368,2,2
28369,2,1
28370,2,0
28371,4,4
28372,2,1
28373,2,2
28374,3,1
28375,2,2
28376,3,3
28377,2,0
28378,2,2
28379,2,0
28380,3,1
28381,2,2
28382,3,2
28383,2,2
28384,2,2
28385,2,2
28386,2,1
28387,2,2
28388,3,1
28389,2,0
28390,2,1
28391,2,1
28392,2,2
28393,3,1
28394,2,1
28395,2,0
28396,3,1
28397,2,1
28398,2,1
28399,3,1
28400,3,1
28401,3,2
28402,2,2
28403,2,1
28404,3,2
28405,2,0
28406,2,0
28407,2,2
28408,2,2
28409,4,3
28410,2,0
28411,2,2
28412,2,2
28413,2,0
28414,2,2
28415,2,1
28416,4,3
28417,2,2
28418,3,0
28419,2,2
28420,2,0
28421,3,3
28422,2,1
28423,2,0
28424,4,3
28425,2,2
28426,2,2
28427,2,2
28428,4,3
28429,2,2
28430,2,0
28431,2,2
28432,2,0
28433,2,2
28434,2,0
28435,2,2
28436,2,1
28437,2,0
28438,2,0
28439,2,0
28440,4,2
28441,3,3
28442,3,3
28443,2,2
28444,2,0
28445,4,0
28446,3,3
28447,3,2
28448,2,0
28449,2,2
28450,3,1
28451,2,2
28452,2,1
28453,3,2
28454,4,3
28455,3,3
28456,2,2
28457,2,0
28458,3,2
28459,2,2
28460,3,1
28461,2,1
28462,2,0
28463,2,2
28464,2,2
28465,2,1
28466,2,0
28467,2,2
28468,3,3
28469,4,4
28470,2,1
28471,3,1
28472,2,0
28473,2,0
28474,2,2
28475,2,0
28476,2,0
28477,2,0
28478,2,1
28479,2,0
28480,2,0
28481,2,2
28482,2,0
28483,3,3
28484,2,2
28485,2,0
28486,2,0
28487,2,0
28488,3,3
28489,2,0
28490,2,1
28491,2,2
28492,2,2
28493,2,0
28494,3,0
28495,3,0
28496,2,2
28497,2,2
28498,2,0
28499,2,1
28500,2,2
28501,2,2
28502,2,0
28503,3,2
28504,2,2
28505,2,2
28506,2,2
28507,2,2
28508,2,2
28509,2,1
28510,2,0
28511,2,2
28512,2,2
28513,4,4
28514,2,2
28515,4,4
28516,2,1
28517,3,1
28518,3,2
28519,2,1
28520,2,2
28521,4,2
28522,2,0
28523,2,2
28524,2,0
28525,3,0
28526,3,1
28527,2,2
28528,2,0
28529,4,0
28530,2,2
28531,2,2
28532,2,0
28533,2,0
28534,4,2
28535,3,2
28536,3,2
28537,2,1
28538,2,0
28539,3,3
28540,2,2
28541,3,1
28542,2,1
28543,2,2
28544,2,1
28545,2,2
28546,3,2
28547,2,2
28548,2,2
28549,2,1
28550,3,0
28551,2,1
28552,2,0
28553,2,2
28554,2,1
28555,2,2
28556,2,2
28557,3,2
28558,4,2
28559,2,0
28560,2,0
28561,2,0
28562,2,0
28563,2,1
28564,2,2
28565,2,0
28566,2,2
28567,2,1
28568,2,0
28569,2,0
28570,2,2
28571,3,0
28572,2,2
28573,2,0
28574,3,1
28575,3,2
28576,3,3
28577,3,2
28578,3,3
28579,3,1
28580,2,0
28581,2,2
28582,2,2
28583,2,0
28584,2,1
28585,2,0
28586,2,0
28587,2,2
28588,2,0
28589,2,2
28590,4,2
28591,2,2
28592,3,1
28593,2,2
28594,2,2
28595,2,0
28596,2,2
28597,3,0
28598,3,3
28599,2,2
28600,2,2
28601,3,0
28602,3,0
28603,2,2
28604,2,0
28605,2,0
28606,2,0
28607,2,0
28608,3,1
28609,2,2
28610,2,2
28611,3,1
28612,2,2
28613,2,2
28614,3,3
28615,2,2
28616,2,0
28617,2,0
28618,3,0
28619,2,1
28620,2,2
28621,2,2
28622,2,2
28623,2,2
28624,2,2
28625,2,0
28626,3,3
28627,2,2
28628,2,2
28629,2,2
28630,4,0
28631,2,2
28632,2,2
28633,2,0
28634,2,2
28635,2,1
28636,3,0
28637,4,4
28638,2,0
28639,2,0
28640,2,1
28641,2,0
28642,2,2
28643,3,1
28644,4,4
28645,2,0
28646,3,0
28647,3,1
28648,2,2
28649,3,2
28650,2,0
28651,2,0
28652,2,0
28653,2,0
28654,2,2
28655,3,2
28656,3,1
28657,2,0
28658,4,4
28659,2,2
28660,2,2
28661,2,2
28662,2,0
28663,2,1
28664,2,2
28665,2,0
28666,2,1
28667,2,2
28668,2,0
28669,2,0
28670,3,1
28671,2,0
28672,2,1
28673,2,2
28674,2,0
28675,2,2
28676,2,0
28677,2,1
28678,2,1
28679,3,3
28680,2,2
28681,3,3
28682,2,0
28683,2,2
28684,2,0
28685,2,2
28686,4,4
28687,2,1
28688,4,0
28689,2,2
28690,4,0
28691,4,0
28692,2,0
28693,2,2
28694,2,1
28695,2,2
28696,2,2
28697,2,0
28698,3,3
28699,2,1
28700,2,0
28701,2,0
28702,4,0
28703,3,3
28704,3,0
28705,3,1
28706,2,0
28707,2,0
28708,2,2
28709,2,2
28710,2,2
28711,2,2
28712,3,2
28713,2,2
28714,2,0
28715,3,1
28716,2,1
28717,2,2
28718,2,0
28719,2,0
28720,3,0
28721,2,0
28722,2,0
28723,3,1
28724,2,0
28725,2,1
28726,3,1
28727,2,0
28728,4,0
28729,2,2
28730,2,0
28731,4,1
28732,2,0
28733,4,2
28734,2,0
28735,2,2
28736,4,2
28737,2,0
28738,2,1
28739,2,0
28740,2,2
28741,3,3
28742,3,1
28743,2,1
28744,2,1
28745,2,0
28746,2,2
28747,3,1
28748,2,2
28749,2,0
28750,2,1
28751,2,0
28752,2,2
28753,2,0
28754,2,2
28755,3,3
28756,2,1
28757,2,0
28758,2,2
28759,4,3
28760,4,2
28761,3,3
28762,2,2
28763,2,0
28764,2,1
28765,4,3
28766,2,0
28767,3,1
28768,3,3
28769,3,2
28770,2,0
28771,2,0
28772,2,0
28773,2,1
28774,3,1
28775,4,4
28776,2,2
28777,2,2
28778,4,3
28779,2,2
28780,3,1
28781,2,1
28782,2,2
28783,2,1
28784,2,0
28785,2,2
28786,2,2
28787,2,0
28788,2,0
28789,3,1
28790,2,2
28791,2,0
28792,3,3
28793,3,3
28794,2,0
28795,3,2
28796,2,0
28797,3,3
28798,2,0
28799,3,1
28800,2,1
28801,2,2
28802,2,0
28803,2,0
28804,2,2
28805,2,0
28806,2,0
28807,2,2
28808,2,0
28809,2,2
28810,2,0
28811,2,0
28812,2,2
28813,4,4
28814,2,0
28815,2,0
28816,2,1
28817,4,4
28818,2,2
28819,2,0
28820,3,3
28821,2,2
28822,2,2
28823,3,1
28824,2,2
28825,3,0
28826,2,1
28827,3,1
28828,2,1
28829,2,0
28830,4,2
28831,3,1
28832,2,0
28833,2,2
28834,2,2
28835,3,1
28836,3,0
28837,4,3
28838,2,2
28839,2,2
28840,2,2
28841,2,0
28842,2,2
28843,4,2
28844,4,4
28845,2,2
28846,2,0
28847,3,1
28848,2,0
28849,2,0
28850,3,3
28851,2,0
28852,3,3
28853,2,1
28854,2,0
28855,4,3
28856,2,1
28857,2,2
28858,2,0
28859,2,0
28860,3,2
28861,2,1
28862,2,0
28863,2,0
28864,2,2
28865,2,0
28866,3,0
28867,2,0
28868,2,0
28869,3,1
28870,2,0
28871,3,2
28872,3,0
28873,2,1
28874,3,2
28875,2,2
28876,2,0
28877,2,2
28878,2,2
28879,2,1
28880,2,2
28881,2,2
28882,2,0
28883,2,0
28884,2,1
28885,2,1
28886,3,1
28887,2,1
28888,4,4
28889,2,2
28890,2,0
28891,3,1
28892,2,2
28893,2,2
28894,3,1
28895,2,0
28896,2,0
28897,2,2
28898,2,2
28899,2,2
28900,3,3
28901,2,0
28902,2,0
28903,2,2
28904,3,1
28905,3,3
28906,2,0
28907,2,2
28908,3,1
28909,2,1
28910,3,3
28911,2,2
28912,2,0
28913,2,2
28914,2,0
28915,2,2
28916,2,2
28917,2,2
28918,2,1
28919,2,1
28920,2,2
28921,2,2
28922,2,2
28923,2,1
28924,2,2
28925,2,1
28926,2,2
28927,4,3
28928,2,1
28929,2,2
28930,2,0
28931,2,0
28932,3,1
28933,2,2
28934,2,1
28935,2,0
28936,2,2
28937,4,1
28938,2,0
28939,2,2
28940,2,2
28941,3,1
28942,2,0
28943,3,3
28944,2,0
28945,2,2
28946,2,2
28947,2,0
28948,2,0
28949,2,2
28950,2,2
28951,2,2
28952,2,0
28953,2,1
28954,2,2
28955,2,0
28956,2,2
28957,2,2
28958,2,0
28959,2,0
28960,2,1
28961,3,0
28962,3,3
28963,3,3
28964,2,1
28965,2,2
28966,2,1
28967,2,0
28968,3,2
28969,2,2
28970,2,0
28971,3,3
28972,2,1
28973,2,2
28974,2,0
28975,2,2
28976,3,1
28977,2,2
28978,2,1
28979,2,0
28980,2,2
28981,2,2
28982,2,2
28983,2,2
28984,2,0
28985,3,3
28986,2,0
28987,3,3
28988,2,2
28989,2,0
28990,2,2
28991,4,2
28992,2,2
28993,2,2
28994,2,0
28995,3,3
28996,3,2
28997,3,2
28998,2,2
28999,4,1
29000,2,0
29001,2,1
29002,3,3
29003,3,3
29004,2,2
29005,2,0
29006,2,2
29007,2,2
29008,4,0
29009,2,2
29010,2,1
29011,2,2
29012,2,0
29013,2,2
29014,2,2
29015,2,0
29016,2,2
29017,2,2
29018,3,1
29019,2,0
29020,4,2
29021,2,2
29022,2,2
29023,2,2
29024,3,0
29025,2,2
29026,2,2
29027,2,1
29028,2,2
29029,4,4
29030,4,3
29031,2,1
29032,3,3
29033,3,3
29034,2,2
29035,2,2
29036,2,2
29037,2,1
29038,2,0
29039,2,0
29040,2,2
29041,2,2
29042,3,2
29043,2,0
29044,2,1
29045,2,2
29046,2,2
29047,4,0
29048,2,1
29049,2,0
29050,3,1
29051,3,1
29052,3,1
29053,2,0
29054,2,0
29055,3,3
29056,2,2
29057,2,1
29058,2,0
29059,4,0
29060,2,2
29061,4,3
29062,2,2
29063,2,2
29064,2,0
29065,2,0
29066,2,0
29067,4,4
29068,2,0
29069,2,2
29070,2,0
29071,2,0
29072,3,1
29073,3,3
29074,3,3
29075,2,2
29076,3,0
29077,2,0
29078,2,2
29079,2,2
29080,3,2
29081,2,2
29082,3,2
29083,2,0
29084,3,3
29085,2,2
29086,2,2
29087,2,1
29088,4,0
29089,2,0
29090,2,2
29091,2,2
29092,3,1
29093,3,0
29094,2,1
29095,2,1
29096,2,2
29097,2,2
29098,4,1
29099,2,2
29100,2,0
29101,2,0
29102,2,2
29103,2,2
29104,2,0
29105,2,0
29106,2,2
29107,2,2
29108,2,0
29109,2,2
29110,2,0
29111,2,0
29112,2,1
29113,3,3
29114,3,0
29115,3,1
29116,4,4
29117,2,1
29118,2,1
29119,3,0
29120,2,2
29121,2,0
29122,2,1
29123,2,2
29124,2,2
29125,3,0
29126,2,0
29127,4,2
29128,2,2
29129,3,0
29130,2,2
29131,2,2
29132,2,2
29133,2,2
29134,3,1
29135,2,0
29136,3,1
29137,3,2
29138,2,0
29139,2,2
29140,4,3
29141,2,2
29142,2,1
29143,2,1
29144,2,0
29145,2,2
29146,3,0
29147,2,1
29148,2,2
29149,2,0
29150,2,1
29151,2,2
29152,2,0
29153,3,3
29154,2,0
29155,2,1
29156,2,0
29157,2,2
29158,2,1
29159,2,1
29160,2,0
29161,2,1
29162,2,1
29163,3,1
29164,2,2
29165,2,0
29166,2,2
29167,3,3
29168,2,1
29169,3,3
29170,2,2
29171,3,3
29172,4,2
29173,3,1
29174,3,3
29175,2,0
29176,3,3
29177,2,0
29178,2,0
29179,3,3
29180,2,1
29181,2,1
29182,2,1
29183,3,2
29184,2,1
29185,4,2
29186,3,1
29187,2,0
29188,2,0
29189,3,0
29190,2,2
29191,2,2
29192,3,0
29193,2,2
29194,2,0
29195,2,2
29196,2,2
29197,2,1
29198,2,1
29199,2,0
29200,2,2
29201,3,1
29202,2,2
29203,2,2
29204,2,2
29205,2,0
29206,2,0
29207,2,2
29208,2,1
29209,2,0
29210,2,2
29211,3,0
29212,3,3
29213,2,1
29214,4,4
29215,2,2
29216,2,2
29217,2,0
29218,2,0
29219,2,1
29220,3,3
29221,2,2
29222,3,3
29223,2,0
29224,3,2
29225,3,2
29226,2,1
29227,2,2
29228,2,2
29229,2,2
29230,2,0
29231,3,1
29232,2,1
29233,2,2
29234,3,3
29235,2,2
29236,2,2
29237,3,1
29238,3,2
29239,3,2
29240,2,0
29241,2,0
29242,2,2
29243,2,0
29244,2,2
29245,3,2
29246,2,1
29247,2,2
29248,3,2
29249,3,3
29250,4,0
29251,2,1
29252,4,0
29253,2,2
29254,2,2
29255,2,0
29256,4,4
29257,2,2
29258,2,1
29259,2,0
29260,2,2
29261,2,1
29262,3,0
29263,2,2
29264,2,2
29265,2,0
29266,2,2
29267,2,2
29268,2,2
29269,2,1
29270,2,0
29271,2,0
29272,2,2
29273,3,0
29274,2,0
29275,2,0
29276,4,1
29277,3,0
29278,2,2
29279,2,2
29280,4,1
29281,2,2
29282,3,2
29283,2,2
29284,2,2
29285,2,1
29286,2,2
29287,2,1
29288,3,1
29289,3,3
29290,3,0
29291,2,1
29292,2,2
29293,2,0
29294,2,2
29295,3,3
29296,2,1
29297,2,2
29298,2,1
29299,4,0
29300,2,1
29301,2,2
29302,2,2
29303,3,3
29304,2,2
29305,2,0
29306,2,0
29307,2,2
29308,2,1
29309,2,0
29310,2,0
29311,2,1
29312,3,3
29313,2,2
29314,2,2
29315,2,1
29316,2,1
29317,2,0
29318,2,2
29319,2,0
29320,2,2
29321,3,3
29322,2,1
29323,2,0
29324,2,1
29325,3,3
29326,4,1
29327,2,0
29328,2,2
29329,2,2
29330,2,2
29331,3,0
29332,2,0
29333,2,2
29334,2,2
29335,4,2
29336,2,0
29337,2,2
29338,2,0
29339,3,2
29340,3,3
29341,4,2
29342,2,2
29343,2,2
29344,2,0
29345,3,1
29346,2,0
29347,3,2
29348,2,0
29349,2,1
29350,2,1
29351,2,2
29352,3,1
29353,2,2
29354,2,2
29355,2,2
29356,3,2
29357,2,0
29358,3,1
29359,2,2
29360,2,2
29361,2,2
29362,2,2
29363,2,2
29364,2,0
29365,2,2
29366,2,0
29367,2,0
29368,2,2
29369,3,1
29370,3,1
29371,2,2
29372,2,1
29373,2,0
29374,2,2
29375,2,0
29376,2,0
29377,4,2
29378,3,2
29379,2,0
29380,3,3
29381,2,0
29382,2,2
29383,2,2
29384,3,0
29385,4,4
29386,3,0
29387,2,1
29388,3,3
29389,3,0
29390,2,1
29391,3,1
29392,3,1
29393,2,2
29394,3,3
29395,3,3
29396,2,0
29397,3,3
29398,4,4
29399,2,2
29400,3,2
29401,2,2
29402,2,0
29403,2,1
29404,2,0
29405,2,1
29406,2,2
29407,2,2
29408,2,0
29409,2,1
29410,2,1
29411,3,2
29412,4,1
29413,2,2
29414,2,2
29415,2,2
29416,2,0
29417,4,2
29418,2,0
29419,2,1
29420,2,0
29421,2,2
29422,2,2
29423,2,1
29424,3,1
29425,2,2
29426,2,2
29427,2,0
29428,2,1
29429,2,1
29430,2,2
29431,2,0
29432,2,0
29433,2,2
29434,3,3
29435,2,0
29436,3,0
29437,2,1
29438,2,1
29439,2,2
29440,2,2
29441,2,0
29442,2,0
29443,3,1
29444,3,0
29445,4,1
29446,4,4
29447,2,2
29448,2,1
29449,3,1
29450,3,1
29451,2,1
29452,4,0
29453,2,0
29454,2,2
29455,2,0
29456,2,2
29457,2,0
29458,3,2
29459,2,2
29460,2,2
29461,2,2
29462,2,0
29463,2,2
29464,2,2
29465,3,3
29466,2,2
29467,2,2
29468,2,0
29469,4,0
29470,3,1
29471,3,0
29472,3,3
29473,2,0
29474,2,1
29475,2,0
29476,2,0
29477,2,2
29478,2,2
29479,3,2
29480,2,0
29481,2,2
29482,2,0
29483,2,0
29484,2,0
29485,2,2
29486,2,2
29487,2,1
29488,3,3
29489,2,2
29490,2,2
29491,2,1
29492,2,1
29493,3,3
29494,2,1
29495,2,2
29496,2,0
29497,2,2
29498,2,0
29499,2,1
29500,3,1
29501,2,2
29502,3,1
29503,3,1
29504,2,2
29505,2,2
29506,4,2
29507,2,2
29508,2,1
29509,2,2
29510,2,2
29511,2,0
29512,2,0
29513,2,1
29514,4,4
29515,2,1
29516,2,2
29517,2,2
29518,3,1
29519,2,2
29520,2,0
29521,2,1
29522,4,2
29523,2,1
29524,2,2
29525,2,2
29526,2,2
29527,2,0
29528,2,0
29529,2,1
29530,2,2
29531,4,4
29532,2,1
29533,3,1
29534,4,0
29535,2,2
29536,3,1
29537,2,0
29538,2,1
29539,3,0
29540,4,3
29541,2,2
29542,2,0
29543,2,1
29544,2,0
29545,2,0
29546,3,3
29547,2,2
29548,2,2
29549,3,3
29550,2,0
29551,2,1
29552,2,2
29553,2,2
29554,2,2
29555,2,0
29556,2,0
29557,2,2
29558,2,1
29559,3,2
29560,2,0
29561,2,0
29562,2,0
29563,2,0
29564,2,1
29565,3,1
29566,2,0
29567,2,1
29568,2,1
29569,2,2
29570,3,1
29571,2,2
29572,2,0
29573,3,1
29574,2,0
29575,2,2
29576,2,2
29577,2,2
29578,2,0
29579,3,2
29580,2,0
29581,2,0
29582,2,2
29583,2,2
29584,2,2
29585,3,3
29586,2,0
29587,2,0
29588,3,2
29589,2,1
29590,2,0
29591,4,0
29592,2,0
29593,2,2
29594,2,0
29595,3,1
29596,3,3
29597,2,2
29598,2,2
29599,2,2
29600,2,2
29601,2,2
29602,2,0
29603,2,2
29604,2,1
29605,2,0
29606,2,2
29607,2,2
29608,2,0
29609,2,2
29610,2,2
29611,2,2
29612,2,2
29613,3,3
29614,2,0
29615,2,2
29616,2,2
29617,3,3
29618,3,1
29619,4,2
29620,2,2
29621,3,1
29622,2,2
29623,3,0
29624,3,1
29625,2,2
29626,2,2
29627,2,2
29628,2,0
29629,2,0
29630,2,2
29631,2,2
29632,3,3
29633,3,3
29634,4,4
29635,2,1
29636,4,0
29637,3,3
29638,2,0
29639,2,2
29640,2,2
29641,3,2
29642,3,1
29643,2,2
29644,2,2
29645,2,0
29646,2,2
29647,2,0
29648,2,0
29649,4,4
29650,2,2
29651,3,1
29652,3,2
29653,2,0
29654,3,3
29655,2,2
29656,2,0
29657,2,2
29658,2,2
29659,2,2
29660,3,0
29661,2,2
29662,2,0
29663,2,0
29664,4,4
29665,2,0
29666,2,2
29667,2,2
29668,2,0
29669,2,2
29670,4,2
29671,2,1
29672,2,0
29673,2,1
29674,2,1
29675,2,2
29676,2,2
29677,2,2
29678,2,2
29679,2,0
29680,2,1
29681,2,1
29682,3,1
29683,2,2
29684,2,0
29685,2,0
29686,2,2
29687,4,0
29688,2,0
29689,2,2
29690,2,1
29691,2,2
29692,2,1
29693,4,4
29694,2,2
29695,2,0
29696,2,2
29697,2,1
29698,2,1
29699,2,0
29700,2,0
29701,2,2
29702,2,2
29703,2,1
29704,2,0
29705,3,3
29706,2,2
29707,2,0
29708,2,2
29709,3,1
29710,2,2
29711,2,2
29712,2,2
29713,2,2
29714,2,0
29715,2,0
29716,2,0
29717,2,0
29718,3,1
29719,2,2
29720,2,2
29721,2,2
29722,2,1
29723,2,2
29724,2,2
29725,3,1
29726,2,2
29727,2,0
29728,3,3
29729,3,2
29730,2,2
29731,2,1
29732,3,2
29733,3,1
29734,2,2
29735,2,0
29736,2,0
29737,2,2
29738,3,2
29739,2,0
29740,2,2
29741,2,2
29742,2,1
29743,3,3
29744,2,2
29745,4,3
29746,3,2
29747,2,1
29748,2,0
29749,2,2
29750,3,3
29751,2,2
29752,3,1
29753,2,0
29754,2,1
29755,2,1
29756,2,0
29757,2,0
29758,2,2
29759,2,2
29760,3,3
29761,2,2
29762,3,3
29763,2,2
29764,2,2
29765,2,2
29766,2,2
29767,2,2
29768,2,0
29769,2,0
29770,2,2
29771,3,2
29772,3,3
29773,2,1
29774,3,3
29775,4,2
29776,3,2
29777,2,2
29778,2,2
29779,3,3
29780,2,1
29781,2,2
29782,2,2
29783,2,1
29784,2,2
29785,2,0
29786,3,1
29787,2,2
29788,2,2
29789,2,0
29790,3,1
29791,2,2
29792,3,2
29793,3,3
29794,3,2
29795,3,3
29796,2,2
29797,3,3
29798,4,4
29799,2,1
29800,2,0
29801,2,1
29802,2,2
29803,2,0
29804,2,0
29805,2,2
29806,3,0
29807,2,0
29808,2,0
29809,3,2
29810,3,3
29811,2,1
29812,3,1
29813,2,0
29814,2,2
29815,2,0
29816,2,0
29817,2,0
29818,2,1
29819,2,1
29820,2,0
29821,2,2
29822,3,0
29823,2,2
29824,3,1
29825,2,1
29826,4,4
29827,2,0
29828,2,1
29829,4,0
29830,2,0
29831,2,2
29832,2,0
29833,2,0
29834,2,2
29835,2,2
29836,2,0
29837,2,1
29838,2,1
29839,2,2
29840,2,0
29841,2,0
29842,2,0
29843,2,1
29844,2,2
29845,2,2
29846,2,0
29847,4,3
29848,2,0
29849,3,1
29850,2,0
29851,2,0
29852,2,1
29853,2,1
29854,2,2
29855,2,2
29856,2,0
29857,2,2
29858,4,4
29859,3,2
29860,2,2
29861,2,2
29862,2,0
29863,2,2
29864,2,0
29865,3,1
29866,2,2
29867,2,2
29868,2,0
29869,2,2
29870,2,0
29871,2,1
29872,2,2
29873,2,1
29874,2,0
29875,4,3
29876,2,0
29877,2,2
29878,2,2
29879,2,2
29880,3,0
29881,2,2
29882,2,2
29883,3,1
29884,2,0
29885,2,2
29886,2,2
29887,2,0
29888,3,1
29889,2,0
29890,2,2
29891,2,1
29892,2,1
29893,2,2
29894,2,0
29895,2,1
29896,2,0
29897,2,1
29898,2,2
29899,2,2
29900,2,2
29901,2,0
29902,4,2
29903,2,2
29904,2,2
29905,2,2
29906,3,1
29907,2,0
29908,2,0
29909,2,2
29910,2,0
29911,2,2
29912,3,3
29913,3,1
29914,2,2
29915,2,1
29916,2,0
29917,3,0
29918,3,3
29919,4,0
29920,2,0
29921,2,1
29922,2,1
29923,3,3
29924,2,2
29925,4,3
29926,2,2
29927,2,2
29928,3,3
29929,2,2
29930,2,2
29931,2,2
29932,2,1
29933,2,1
29934,2,2
29935,4,0
29936,3,1
29937,3,2
29938,2,2
29939,4,4
29940,2,1
29941,2,2
29942,2,2
29943,3,0
29944,4,2
29945,2,2
29946,2,2
29947,2,1
29948,2,1
29949,2,1
29950,2,2
29951,2,2
29952,2,0
29953,4,1
29954,2,0
29955,2,0
29956,2,1
29957,2,2
29958,2,2
29959,2,0
29960,2,0
29961,2,2
29962,2,2
29963,2,2
29964,3,3
29965,2,0
29966,2,0
29967,2,1
29968,2,2
29969,2,0
29970,3,3
29971,2,2
29972,2,0
29973,2,2
29974,2,1
29975,4,0
29976,3,3
29977,2,1
29978,2,0
29979,2,2
29980,2,0
29981,3,1
29982,3,3
29983,4,4
29984,2,1
29985,2,2
29986,2,0
29987,3,1
29988,2,2
29989,2,1
29990,2,1
29991,2,1
29992,2,2
29993,3,0
29994,4,2
29995,2,0
29996,2,1
29997,3,3
29998,3,3
29999,2,0
30000,3,0
30001,3,2
30002,2,0
30003,2,0
30004,2,2
30005,2,2
30006,2,2
30007,2,2
30008,2,0
30009,4,2
30010,3,3
30011,2,1
30012,3,0
30013,2,1
30014,3,2
30015,2,2
30016,2,2
30017,2,2
30018,2,0
30019,2,0
30020,2,1
30021,2,0
30022,2,1
30023,2,2
30024,2,0
30025,4,2
30026,3,3
30027,2,2
30028,2,2
30029,2,0
30030,2,2
30031,2,2
30032,2,2
30033,2,2
30034,2,2
30035,2,1
30036,2,0
30037,3,3
30038,3,2
30039,2,0
30040,2,2
30041,2,1
30042,3,3
30043,2,2
30044,2,2
30045,2,1
30046,2,1
30047,3,3
30048,2,2
30049,2,0
30050,2,0
30051,2,2
30052,2,2
30053,2,0
30054,2,0
30055,2,0
30056,2,2
30057,4,2
30058,2,1
30059,2,2
30060,2,1
30061,2,0
30062,2,1
30063,3,1
30064,2,2
30065,2,2
30066,2,2
30067,4,1
30068,2,0
30069,2,1
30070,2,0
30071,2,2
30072,2,0
30073,2,2
30074,2,0
30075,2,2
30076,2,1
30077,4,1
30078,2,0
30079,2,1
30080,2,0
30081,2,0
30082,4,1
30083,2,1
30084,3,3
30085,3,3
30086,2,0
30087,3,3
30088,2,2
30089,2,2
30090,2,1
30091,3,2
30092,2,2
30093,3,3
30094,3,2
30095,2,2
30096,2,0
30097,2,2
30098,2,2
30099,2,2
30100,2,2
30101,4,4
30102,2,1
30103,3,2
30104,2,0
30105,3,1
30106,2,0
30107,2,0
30108,2,2
30109,2,2
30110,3,1
30111,2,0
30112,2,1
30113,3,2
30114,2,2
30115,2,2
30116,3,1
30117,2,2
30118,2,0
30119,2,0
30120,2,2
30121,3,1
30122,2,1
30123,2,2
30124,2,1
30125,2,1
30126,3,3
30127,2,0
30128,3,2
30129,4,4
30130,3,2
30131,2,0
30132,2,1
30133,2,0
30134,2,2
30135,3,3
30136,2,0
30137,2,1
30138,2,2
30139,3,2
30140,2,0
30141,2,1
30142,2,2
30143,2,2
30144,2,0
30145,3,2
30146,2,1
30147,2,1
30148,2,2
30149,2,1
30150,2,2
30151,2,2
30152,2,2
30153,2,2
30154,2,0
30155,2,2
30156,2,2
30157,2,0
30158,3,0
30159,2,0
30160,2,2
30161,2,1
30162,2,1
30163,3,1
30164,2,2
30165,2,2
30166,2,2
30167,2,2
30168,3,1
30169,2,0
30170,2,2
30171,4,2
30172,2,0
30173,3,0
30174,2,2
30175,2,0
30176,2,2
30177,2,0
30178,2,1
30179,2,0
30180,4,2
30181,2,2
30182,2,0
30183,2,2
30184,2,0
30185,3,3
30186,2,0
30187,2,0
30188,3,3
30189,2,1
30190,2,0
30191,4,1
30192,2,2
30193,2,0
30194,2,0
30195,2,2
30196,2,0
30197,3,3
30198,2,2
30199,2,2
30200,3,0
30201,4,2
30202,2,0
30203,2,2
30204,2,2
30205,2,2
30206,2,1
30207,2,0
30208,2,0
30209,2,2
30210,2,0
30211,3,0
30212,2,1
30213,3,0
30214,3,0
30215,2,0
30216,2,1
30217,2,2
30218,3,0
30219,4,1
30220,2,1
30221,2,0
30222,2,2
30223,2,0
30224,2,2
30225,2,2
30226,2,0
30227,3,1
30228,2,2
30229,2,2
30230,2,1
30231,2,1
30232,2,0
30233,2,1
30234,2,2
30235,2,0
30236,2,0
30237,3,0
30238,2,1
30239,4,4
30240,2,1
30241,2,2
30242,2,2
30243,4,1
30244,2,2
30245,2,1
30246,2,2
30247,2,1
30248,3,1
30249,2,2
30250,2,0
30251,2,0
30252,3,0
30253,2,1
30254,2,2
30255,2,2
30256,3,1
30257,2,0
30258,3,1
30259,2,0
30260,2,1
30261,2,2
30262,2,2
30263,2,0
30264,3,1
30265,3,3
30266,2,2
30267,2,0
30268,2,2
30269,2,2
30270,2,0
30271,2,2
30272,2,1
30273,3,1
30274,3,3
30275,2,2
30276,2,2
30277,3,0
30278,2,0
30279,2,2
30280,3,3
30281,2,1
30282,2,2
30283,2,1
30284,2,2
30285,2,2
30286,2,0
30287,2,0
30288,2,1
30289,4,3
30290,2,2
30291,4,3
30292,2,2
30293,3,3
30294,2,2
30295,4,4
30296,4,4
30297,2,1
30298,2,2
30299,2,1
30300,2,1
30301,2,0
30302,2,2
30303,2,0
30304,3,2
30305,2,0
30306,3,3
30307,2,0
30308,2,2
30309,2,2
30310,2,2
30311,2,0
30312,2,2
30313,3,3
30314,2,0
30315,2,0
30316,2,2
30317,2,2
30318,2,0
30319,2,0
30320,3,1
30321,2,1
30322,2,2
30323,2,1
30324,2,2
30325,3,2
30326,3,2
30327,2,0
30328,2,2
30329,2,2
30330,2,2
30331,3,3
30332,2,0
30333,2,1
30334,2,2
30335,2,1
30336,2,1
30337,2,2
30338,3,3
30339,2,0
30340,2,2
30341,2,2
30342,3,0
30343,2,1
30344,2,2
30345,3,0
30346,2,0
30347,3,0
30348,2,2
30349,2,0
30350,2,2
30351,2,2
30352,2,2
30353,2,2
30354,2,2
30355,2,0
30356,2,0
30357,3,3
30358,2,0
30359,2,2
30360,2,2
30361,2,1
30362,2,2
30363,2,1
30364,2,1
30365,2,1
30366,2,0
30367,2,1
30368,2,0
30369,2,0
30370,2,2
30371,2,2
30372,2,0
30373,2,2
30374,3,2
30375,2,2
30376,2,2
30377,2,1
30378,2,0
30379,2,2
30380,3,1
30381,2,1
30382,2,2
30383,2,1
30384,2,1
30385,2,2
30386,2,2
30387,2,1
30388,2,2
30389,2,2
30390,2,2
30391,4,0
30392,2,1
30393,3,3
30394,3,3
30395,2,0
30396,2,2
30397,2,2
30398,2,2
30399,2,0
30400,3,3
30401,3,2
30402,2,0
30403,2,1
30404,2,0
30405,2,1
30406,2,0
30407,2,0
30408,2,2
30409,2,0
30410,2,1
30411,4,2
30412,2,0
30413,2,2
30414,2,1
30415,2,2
30416,3,3
30417,2,2
30418,3,3
30419,3,1
30420,2,0
30421,2,0
30422,3,2
30423,2,0
30424,2,2
30425,2,0
30426,3,3
30427,2,2
30428,2,2
30429,2,1
30430,2,1
30431,2,2
30432,3,3
30433,2,0
30434,3,0
30435,3,0
30436,2,2
30437,2,1
30438,2,2
30439,2,2
30440,2,2
30441,2,0
30442,2,2
30443,2,2
30444,2,2
30445,2,2
30446,2,2
30447,2,0
30448,2,1
30449,3,3
30450,2,2
30451,3,0
30452,4,4
30453,3,3
30454,2,2
30455,2,2
30456,2,1
30457,2,0
30458,2,1
30459,2,2
30460,3,1
30461,3,3
30462,2,2
30463,3,3
30464,2,1
30465,4,2
30466,4,1
30467,2,2
30468,2,2
30469,3,1
30470,2,0
30471,2,2
30472,3,3
30473,3,3
30474,2,0
30475,2,0
30476,3,1
30477,4,1
30478,2,2
30479,2,1
30480,3,1
30481,2,0
30482,2,1
30483,2,0
30484,3,3
30485,2,0
30486,2,1
30487,2,2
30488,3,1
30489,3,0
30490,2,0
30491,2,2
30492,4,1
30493,2,1
30494,2,2
30495,4,4
30496,3,3
30497,4,4
30498,2,0
30499,2,2
30500,2,0
30501,2,0
30502,3,2
30503,2,2
30504,3,3
30505,2,2
30506,2,2
30507,3,3
30508,2,2
30509,3,1
30510,2,1
30511,2,1
30512,2,0
30513,2,0
30514,2,0
30515,2,2
30516,2,2
30517,2,2
30518,2,2
30519,2,2
30520,2,1
30521,2,2
30522,3,0
30523,2,2
30524,4,1
30525,2,0
30526,2,2
30527,2,2
30528,3,3
30529,2,0
30530,3,1
30531,2,2
30532,2,0
30533,4,2
30534,4,4
30535,2,2
30536,2,0
30537,2,1
30538,2,2
30539,2,0
30540,2,2
30541,2,0
30542,2,0
30543,3,3
30544,2,1
30545,3,3
30546,2,2
30547,2,2
30548,2,0
30549,2,2
30550,2,0
30551,2,2
30552,2,2
30553,2,2
30554,2,2
30555,2,2
30556,2,1
30557,4,4
30558,2,2
30559,2,0
30560,3,2
30561,2,2
30562,3,3
30563,2,2
30564,3,0
30565,2,2
30566,3,1
30567,3,0
30568,2,1
30569,2,1
30570,2,2
30571,2,2
30572,2,1
30573,2,2
30574,2,1
30575,2,1
30576,2,2
30577,2,0
30578,2,1
30579,2,0
30580,2,2
30581,2,1
30582,2,2
30583,2,0
30584,4,2
30585,2,0
30586,2,2
30587,2,2
30588,2,2
30589,2,0
30590,2,2
30591,4,3
30592,2,2
30593,2,2
30594,4,1
30595,2,2
30596,3,1
30597,2,0
30598,4,1
30599,2,1
30600,2,2
30601,2,1
30602,4,0
30603,2,1
30604,3,0
30605,2,0
30606,2,2
30607,2,1
30608,2,2
30609,2,2
30610,2,0
30611,2,2
30612,3,3
30613,2,1
30614,2,0
30615,3,1
30616,2,0
30617,2,1
30618,2,2
30619,3,3
30620,2,0
30621,2,2
30622,2,0
30623,2,2
30624,3,1
30625,2,2
30626,2,1
30627,2,2
30628,2,2
30629,2,2
30630,2,2
30631,2,1
30632,2,0
30633,4,4
30634,2,2
30635,2,2
30636,4,0
30637,2,2
30638,2,2
30639,2,0
30640,2,0
30641,2,2
30642,3,0
30643,2,2
30644,3,2
30645,2,2
30646,2,1
30647,2,2
30648,2,1
30649,2,1
30650,2,2
30651,2,2
30652,2,0
30653,2,2
30654,3,3
30655,2,1
30656,2,2
30657,2,2
30658,3,1
30659,3,3
30660,4,2
30661,2,2
30662,2,2
30663,2,2
30664,2,2
30665,2,2
30666,3,0
30667,3,3
30668,2,0
30669,2,2
30670,2,2
30671,2,1
30672,2,1
30673,2,0
30674,2,0
30675,2,0
30676,2,0
30677,2,1
30678,2,2
30679,2,2
30680,2,2
30681,4,1
30682,4,2
30683,2,2
30684,2,2
30685,2,1
30686,2,2
30687,2,0
30688,2,0
30689,3,1
30690,2,0
30691,2,0
30692,2,2
30693,3,0
30694,2,2
30695,2,0
30696,2,0
30697,2,0
30698,2,2
30699,2,1
30700,2,2
30701,3,3
30702,2,2
30703,2,1
30704,2,2
30705,2,2
30706,2,2
30707,2,2
30708,2,1
30709,2,0
30710,4,0
30711,2,2
30712,2,0
30713,2,2
30714,3,2
30715,2,0
30716,2,2
30717,2,2
30718,2,2
30719,2,2
30720,2,2
30721,4,4
30722,2,0
30723,2,2
30724,2,2
30725,2,2
30726,2,1
30727,4,2
30728,2,1
30729,2,2
30730,2,2
30731,2,2
30732,3,1
30733,2,2
30734,2,2
30735,2,2
30736,3,3
30737,2,0
30738,2,0
30739,3,2
30740,2,2
30741,4,2
30742,2,1
30743,2,0
30744,2,1
30745,2,2
30746,2,0
30747,2,1
30748,2,0
30749,3,3
30750,3,3
30751,2,1
30752,3,3
30753,3,0
30754,2,0
30755,3,3
30756,2,1
30757,2,2
30758,2,1
30759,2,0
30760,2,2
30761,2,1
30762,2,0
30763,3,3
30764,2,0
30765,2,0
30766,2,0
30767,2,0
30768,2,0
30769,2,0
30770,2,2
30771,2,1
30772,2,0
30773,2,0
30774,2,2
30775,3,2
30776,2,1
30777,2,2
30778,2,0
30779,2,0
30780,2,2
30781,2,1
30782,3,1
30783,2,2
30784,2,0
30785,3,0
30786,2,1
30787,2,2
30788,3,3
30789,2,2
30790,2,2
30791,2,0
30792,2,1
30793,2,2
30794,4,3
30795,4,2
30796,3,1
30797,2,0
30798,3,1
30799,2,2
30800,2,2
30801,2,2
30802,2,2
30803,3,2
30804,3,3
30805,2,0
30806,2,2
30807,2,2
30808,2,0
30809,2,2
30810,4,4
30811,2,0
30812,2,2
30813,2,0
30814,3,3
30815,2,0
30816,2,0
30817,2,0
30818,2,2
30819,2,1
30820,2,2
30821,2,0
30822,2,1
30823,2,1
30824,2,2
30825,2,1
30826,2,1
30827,3,2
30828,4,2
30829,2,0
30830,2,2
30831,2,2
30832,2,2
30833,2,1
30834,2,1
30835,2,0
30836,2,2
30837,2,2
30838,2,1
30839,2,2
30840,2,1
30841,3,2
30842,2,0
30843,2,2
30844,2,2
30845,2,0
30846,2,2
30847,3,3
30848,3,3
30849,4,2
30850,2,2
30851,3,0
30852,2,2
30853,2,2
30854,2,2
30855,2,1
30856,3,1
30857,3,0
30858,2,2
30859,2,0
30860,3,1
30861,2,0
30862,2,0
30863,2,2
30864,2,2
30865,2,0
30866,2,0
30867,2,2
30868,2,1
30869,2,2
30870,2,0
30871,2,0
30872,2,2
30873,3,1
30874,2,0
30875,2,1
30876,4,3
30877,2,0
30878,2,2
30879,2,2
30880,2,2
30881,2,0
30882,2,2
30883,2,2
30884,2,0
30885,3,1
30886,3,3
30887,2,2
30888,2,2
30889,3,0
30890,4,3
30891,2,1
30892,2,1
30893,2,2
30894,2,2
30895,2,0
30896,2,0
30897,2,0
30898,2,2
30899,2,0
30900,2,2
30901,2,2
30902,2,1
30903,3,1
30904,3,2
30905,2,2
30906,2,0
30907,2,0
30908,2,1
30909,2,2
30910,2,2
30911,4,3
30912,2,2
30913,2,2
30914,4,4
30915,2,2
30916,2,2
30917,2,0
30918,2,2
30919,3,3
30920,2,1
30921,2,2
30922,4,3
30923,2,2
30924,4,1
30925,4,3
30926,3,0
30927,2,2
30928,2,2
30929,2,0
30930,2,1
30931,3,3
30932,2,2
30933,2,2
30934,4,2
30935,2,1
30936,3,3
30937,4,0
30938,2,1
30939,3,0
30940,4,2
30941,2,0
30942,2,2
30943,2,2
30944,2,2
30945,3,2
30946,2,2
30947,2,2
30948,2,2
30949,3,2
30950,3,2
30951,2,1
30952,2,0
30953,2,0
30954,2,0
30955,3,0
30956,2,2
30957,3,0
30958,2,2
30959,2,0
30960,2,2
30961,2,2
30962,3,3
30963,2,0
30964,2,2
30965,3,2
30966,3,1
30967,2,1
30968,2,1
30969,2,2
30970,2,2
30971,2,2
30972,2,2
30973,2,2
30974,3,3
30975,2,2
30976,2,2
30977,2,2
30978,2,2
30979,3,1
30980,2,0
30981,2,2
30982,2,0
30983,2,1
30984,4,4
30985,2,0
30986,3,3
30987,2,0
30988,3,2
30989,2,2
30990,2,2
30991,2,2
30992,2,0
30993,2,2
30994,3,2
30995,2,0
30996,2,2
30997,2,2
30998,2,2
30999,2,1
31000,2,1
31001,2,2
31002,2,2
31003,2,0
31004,2,2
31005,2,2
31006,2,0
31007,2,2
31008,2,2
31009,3,2
31010,3,1
31011,2,2
31012,4,0
31013,3,0
31014,2,0
31015,2,2
31016,2,0
31017,2,0
31018,3,3
31019,2,2
31020,2,0
31021,4,3
31022,2,0
31023,2,2
31024,2,1
31025,2,2
31026,2,0
31027,2,0
31028,4,0
31029,2,0
31030,2,2
31031,3,3
31032,2,0
31033,2,0
31034,2,2
31035,2,2
31036,3,3
31037,2,0
31038,2,2
31039,3,2
31040,2,0
31041,2,0
31042,2,1
31043,2,0
31044,2,0
31045,2,1
31046,2,2
31047,2,0
31048,3,0
31049,2,0
31050,2,0
31051,2,2
31052,2,1
31053,3,3
31054,2,2
31055,2,2
31056,2,2
31057,2,2
31058,2,0
31059,2,2
31060,2,2
31061,2,2
31062,3,1
31063,3,3
31064,2,2
31065,2,1
31066,2,2
31067,2,0
31068,2,2
31069,2,1
31070,3,0
31071,2,0
31072,2,1
31073,3,3
31074,3,1
31075,2,2
31076,2,2
31077,2,1
31078,2,2
31079,3,2
31080,2,1
31081,3,2
31082,2,2
31083,3,3
31084,2,2
31085,2,1
31086,2,1
31087,2,2
31088,3,0
31089,2,2
31090,2,0
31091,2,2
31092,3,2
31093,4,2
31094,3,3
31095,2,0
31096,2,0
31097,3,3
31098,2,2
31099,2,2
31100,2,0
31101,2,1
31102,2,1
31103,2,0
31104,2,0
31105,2,0
31106,2,1
31107,2,1
31108,2,2
31109,3,2
31110,3,2
31111,2,2
31112,2,0
31113,2,2
31114,2,1
31115,3,2
31116,2,0
31117,2,0
31118,2,2
31119,2,1
31120,3,1
31121,2,0
31122,2,2
31123,2,2
31124,2,2
31125,4,4
31126,2,0
31127,2,1
31128,2,0
31129,2,0
31130,2,2
31131,2,0
31132,3,3
31133,3,3
31134,3,3
31135,3,1
31136,3,1
31137,2,1
31138,3,3
31139,3,3
31140,2,2
31141,4,4
31142,2,0
31143,4,0
31144,2,2
31145,2,2
31146,2,1
31147,2,2
31148,2,2
31149,2,2
31150,3,0
31151,2,2
31152,2,1
31153,2,0
31154,2,0
31155,2,2
31156,2,2
31157,3,0
31158,2,2
31159,3,2
31160,2,1
31161,3,2
31162,2,2
31163,2,0
31164,2,0
31165,2,0
31166,3,2
31167,2,1
31168,2,0
31169,4,3
31170,2,2
31171,2,1
31172,2,2
31173,2,0
31174,2,0
31175,3,1
31176,2,1
31177,2,0
31178,2,1
31179,2,2
31180,2,2
31181,2,2
31182,2,1
31183,2,2
31184,4,2
31185,2,2
31186,3,3
31187,2,2
31188,3,1
31189,2,2
31190,4,1
31191,2,2
31192,2,2
31193,3,3
31194,2,2
31195,2,0
31196,2,2
31197,2,0
31198,2,2
31199,2,0
31200,2,0
31201,2,2
31202,2,2
31203,2,2
31204,2,0
31205,2,2
31206,2,0
31207,2,2
31208,2,2
31209,4,3
31210,2,1
31211,3,2
31212,3,2
31213,2,2
31214,2,0
31215,2,2
31216,3,3
31217,2,0
31218,3,1
31219,3,2
31220,2,2
31221,2,2
31222,2,0
31223,2,2
31224,3,1
31225,2,0
31226,3,2
31227,3,1
31228,2,2
31229,2,2
31230,2,0
31231,2,2
31232,2,0
31233,3,2
31234,2,2
31235,3,1
31236,2,0
31237,2,0
31238,2,0
31239,2,0
31240,2,2
31241,2,2
31242,2,2
31243,2,2
31244,2,1
31245,2,2
31246,3,3
31247,2,2
31248,2,0
31249,2,0
31250,2,0
31251,2,1
31252,3,1
31253,2,2
31254,2,2
31255,2,2
31256,2,1
31257,2,0
31258,2,2
31259,2,2
31260,2,1
31261,2,2
31262,2,2
31263,2,0
31264,2,2
31265,4,3
31266,2,2
31267,3,1
31268,2,2
31269,2,2
31270,2,2
31271,4,4
31272,3,2
31273,2,1
31274,2,2
31275,2,0
31276,2,1
31277,2,2
31278,2,2
31279,2,2
31280,3,3
31281,2,2
31282,2,2
31283,2,2
31284,2,2
31285,2,0
31286,2,2
31287,2,1
31288,2,2
31289,2,0
31290,2,2
31291,2,2
31292,2,0
31293,2,2
31294,2,0
31295,4,4
31296,3,3
31297,2,2
31298,2,2
31299,2,2
31300,2,2
31301,3,2
31302,2,2
31303,2,0
31304,3,3
31305,3,2
31306,4,2
31307,3,3
31308,2,1
31309,2,2
31310,2,2
31311,3,3
31312,2,1
31313,3,3
31314,2,0
31315,2,0
31316,3,1
31317,2,0
31318,2,0
31319,2,1
31320,2,2
31321,2,0
31322,2,2
31323,3,1
31324,2,2
31325,3,2
31326,4,4
31327,2,0
31328,2,2
31329,2,2
31330,2,1
31331,2,0
31332,2,2
31333,3,3
31334,2,0
31335,2,2
31336,2,2
31337,2,0
31338,2,1
31339,2,2
31340,2,2
31341,3,1
31342,2,0
31343,4,2
31344,2,1
31345,2,1
31346,3,0
31347,2,1
31348,2,2
31349,3,1
31350,2,0
31351,2,2
31352,2,2
31353,2,2
31354,2,2
31355,2,2
31356,2,0
31357,2,2
31358,3,0
31359,2,2
31360,4,4
31361,2,0
31362,2,2
31363,2,0
31364,2,2
31365,2,1
31366,2,0
31367,3,2
31368,2,0
31369,2,2
31370,3,2
31371,2,2
31372,2,2
31373,2,0
31374,2,0
31375,2,0
31376,4,4
31377,2,2
31378,2,0
31379,2,2
31380,3,0
31381,3,3
31382,2,2
31383,3,3
31384,2,1
31385,2,1
31386,2,0
31387,2,1
31388,2,1
31389,2,2
31390,2,0
31391,2,2
31392,3,3
31393,4,4
31394,2,2
31395,3,2
31396,3,3
31397,2,0
31398,2,0
31399,4,1
31400,2,2
31401,3,1
31402,3,1
31403,2,2
31404,2,1
31405,2,1
31406,3,1
31407,3,2
31408,2,0
31409,2,2
31410,4,2
31411,4,3
31412,2,2
31413,2,0
31414,3,1
31415,2,1
31416,2,2
31417,2,0
31418,2,2
31419,2,2
31420,3,3
31421,3,2
31422,2,2
31423,2,0
31424,2,2
31425,2,0
31426,3,1
31427,2,2
31428,2,2
31429,2,2
31430,3,1
31431,2,1
31432,2,1
31433,2,1
31434,2,0
31435,4,4
31436,2,0
31437,3,1
31438,2,2
31439,2,2
31440,2,2
31441,2,2
31442,2,2
31443,4,1
31444,2,0
31445,2,0
31446,2,2
31447,2,0
31448,4,4
31449,2,2
31450,3,2
31451,2,1
31452,2,2
31453,4,4
31454,2,2
31455,2,2
31456,2,0
31457,2,0
31458,3,3
31459,4,4
31460,2,1
31461,2,2
31462,3,2
31463,2,2
31464,2,0
31465,3,3
31466,3,3
31467,2,0
31468,3,2
31469,4,4
31470,2,2
31471,2,2
31472,2,0
31473,2,0
31474,2,0
31475,2,2
31476,2,0
31477,2,2
31478,3,1
31479,2,2
31480,2,0
31481,2,2
31482,2,0
31483,2,1
31484,4,2
31485,2,2
31486,3,1
31487,2,2
31488,2,1
31489,2,2
31490,2,1
31491,2,1
31492,3,1
31493,2,0
31494,2,0
31495,2,0
31496,4,2
31497,2,2
31498,2,2
31499,2,2
31500,2,2
31501,2,0
31502,2,0
31503,2,2
31504,2,2
31505,2,0
31506,2,1
31507,2,2
31508,3,1
31509,2,0
31510,3,0
31511,2,1
31512,3,2
31513,2,2
31514,2,0
31515,2,2
31516,3,3
31517,2,2
31518,2,0
31519,2,2
31520,2,1
31521,2,1
31522,3,3
31523,2,2
31524,2,2
31525,2,2
31526,2,2
31527,3,1
31528,3,1
31529,2,0
31530,2,2
31531,2,1
31532,2,0
31533,2,2
31534,2,2
31535,2,2
31536,2,0
31537,2,2
31538,4,3
31539,2,0
31540,2,1
31541,2,2
31542,2,0
31543,2,0
31544,2,0
31545,2,2
31546,3,3
31547,2,2
31548,4,0
31549,3,1
31550,3,3
31551,2,2
31552,2,0
31553,2,2
31554,4,1
31555,2,1
31556,2,2
31557,2,2
31558,2,2
31559,2,0
31560,2,0
31561,2,2
31562,2,2
31563,3,3
31564,2,0
31565,4,2
31566,3,2
31567,2,2
31568,3,3
31569,2,0
31570,3,0
31571,2,2
31572,3,1
31573,4,0
31574,2,1
31575,2,0
31576,4,2
31577,2,2
31578,3,1
31579,2,1
31580,2,0
31581,3,1
31582,2,2
31583,2,2
31584,3,1
31585,2,2
31586,2,1
31587,2,2
31588,2,2
31589,2,2
31590,4,0
31591,2,2
31592,2,2
31593,2,2
31594,2,2
31595,2,1
31596,3,0
31597,2,2
31598,3,3
31599,3,1
31600,3,0
31601,2,2
31602,2,2
31603,2,1
31604,2,0
31605,2,2
31606,2,2
31607,3,1
31608,2,1
31609,2,2
31610,3,1
31611,2,2
31612,2,2
31613,2,1
31614,4,4
31615,2,2
31616,3,2
31617,2,2
31618,3,1
31619,2,2
31620,2,2
31621,2,1
31622,2,2
31623,2,0
31624,2,1
31625,2,2
31626,3,2
31627,2,0
31628,3,3
31629,2,0
31630,2,2
31631,2,1
31632,2,0
31633,3,1
31634,2,2
31635,4,4
31636,2,2
31637,4,2
31638,2,2
31639,2,2
31640,2,2
31641,2,1
31642,2,0
31643,2,2
31644,2,2
31645,2,2
31646,2,2
31647,3,0
31648,2,0
31649,3,3
31650,2,0
31651,2,2
31652,2,2
31653,2,2
31654,2,1
31655,4,3
31656,2,1
31657,2,1
31658,2,2
31659,3,1
31660,3,2
31661,2,1
31662,2,1
31663,2,0
31664,2,2
31665,3,1
31666,2,0
31667,2,2
31668,2,2
31669,2,0
31670,2,2
31671,2,1
31672,3,1
31673,2,0
31674,3,0
31675,2,0
31676,2,0
31677,2,0
31678,2,2
31679,2,1
31680,2,0
31681,2,2
31682,2,2
31683,2,1
31684,2,2
31685,2,0
31686,2,0
31687,2,0
31688,3,0
31689,2,0
31690,3,2
31691,2,0
31692,2,2
31693,2,0
31694,2,2
31695,3,0
31696,4,4
31697,2,1
31698,3,2
31699,2,2
31700,2,2
31701,2,0
31702,2,0
31703,2,1
31704,2,2
31705,2,2
31706,2,0
31707,2,2
31708,2,1
31709,2,0
31710,2,2
31711,2,2
31712,3,0
31713,2,2
31714,3,3
31715,2,1
31716,2,0
31717,4,3
31718,2,2
31719,2,2
31720,2,2
31721,2,2
31722,3,0
31723,2,2
31724,3,1
31725,2,0
31726,2,2
31727,3,3
31728,2,0
31729,4,2
31730,2,2
31731,2,2
31732,2,2
31733,2,1
31734,2,2
31735,3,3
31736,2,2
31737,3,0
31738,4,2
31739,2,2
31740,2,1
31741,2,2
31742,3,3
31743,3,2
31744,3,3
31745,3,3
31746,2,2
31747,2,2
31748,2,1
31749,3,2
31750,2,2
31751,2,2
31752,2,2
31753,2,2
31754,2,1
31755,2,0
31756,2,2
31757,3,1
31758,2,0
31759,2,0
31760,2,2
31761,3,3
31762,2,0
31763,3,2
31764,2,0
31765,3,1
31766,2,1
31767,4,4
31768,3,1
31769,2,2
31770,4,1
31771,2,1
31772,2,0
31773,2,1
31774,2,1
31775,2,0
31776,2,0
31777,3,2
31778,2,2
31779,2,2
31780,2,2
31781,2,0
31782,2,2
31783,2,2
31784,3,3
31785,2,0
31786,2,2
31787,2,2
31788,2,2
31789,3,3
31790,2,1
31791,4,0
31792,2,2
31793,2,0
31794,2,0
31795,4,2
31796,2,0
31797,3,1
31798,2,1
31799,2,2
31800,2,2
31801,3,1
31802,2,2
31803,2,0
31804,2,0
31805,3,3
31806,4,4
31807,3,0
31808,4,3
31809,3,2
31810,3,0
31811,2,2
31812,2,0
31813,2,2
31814,2,2
31815,4,4
31816,3,3
31817,2,1
31818,2,2
31819,3,3
31820,2,0
31821,4,3
31822,3,3
31823,3,1
31824,2,2
31825,2,2
31826,2,0
31827,3,0
31828,3,0
31829,2,2
31830,2,2
31831,2,2
31832,2,0
31833,2,0
31834,2,0
31835,2,0
31836,2,2
31837,2,2
31838,3,1
31839,2,2
31840,2,0
31841,2,2
31842,2,0
31843,2,1
31844,2,0
31845,2,1
31846,2,0
31847,3,3
31848,2,2
31849,2,2
31850,3,2
31851,2,0
31852,2,2
31853,3,2
31854,2,1
31855,3,0
31856,2,0
31857,2,2
31858,3,3
31859,2,1
31860,2,2
31861,3,0
31862,2,1
31863,2,1
31864,4,1
31865,3,2
31866,3,3
31867,2,0
31868,2,2
31869,4,0
31870,2,2
31871,2,1
31872,2,1
31873,2,1
31874,2,1
31875,4,0
31876,2,1
31877,4,0
31878,3,0
31879,4,1
31880,2,2
31881,2,2
31882,2,0
31883,3,2
31884,2,0
31885,2,2
31886,2,1
31887,2,2
31888,2,2
31889,2,2
31890,2,1
31891,2,2
31892,2,0
31893,2,0
31894,2,1
31895,2,0
31896,2,2
31897,3,3
31898,3,3
31899,2,0
31900,2,2
31901,2,0
31902,2,1
31903,3,1
31904,2,0
31905,2,0
31906,2,0
31907,3,0
31908,2,0
31909,2,2
31910,2,2
31911,2,2
31912,2,2
31913,3,1
31914,2,2
31915,2,0
31916,2,1
31917,3,1
31918,2,0
31919,2,1
31920,2,0
31921,2,2
31922,2,2
31923,2,2
31924,2,2
31925,2,2
31926,3,3
31927,2,2
31928,2,2
31929,2,2
31930,2,0
31931,3,3
31932,2,0
31933,2,0
31934,2,1
31935,2,0
31936,2,2
31937,2,0
31938,2,2
31939,3,3
31940,2,0
31941,4,0
31942,3,3
31943,2,1
31944,2,2
31945,2,1
31946,2,2
31947,4,1
31948,2,2
31949,2,2
31950,2,2
31951,2,0
31952,2,0
31953,2,2
31954,2,2
31955,2,0
31956,4,4
31957,2,2
31958,2,1
31959,4,0
31960,2,2
31961,2,2
31962,3,3
31963,2,2
31964,2,0
31965,2,2
31966,3,1
31967,2,1
31968,3,2
31969,3,3
31970,2,0
31971,3,1
31972,2,2
31973,2,0
31974,2,2
31975,2,0
31976,2,2
31977,2,1
31978,2,2
31979,2,2
31980,2,0
31981,2,2
31982,2,0
31983,2,0
31984,2,2
31985,2,1
31986,2,0
31987,2,1
31988,2,2
31989,2,0
31990,4,2
31991,2,1
31992,2,2
31993,2,0
31994,2,0
31995,3,2
31996,2,2
31997,2,2
31998,2,2
31999,2,0
32000,2,2
32001,4,4
32002,2,0
32003,3,1
32004,3,3
32005,2,2
32006,3,2
32007,2,0
32008,2,0
32009,2,2
32010,2,1
32011,3,3
32012,2,1
32013,2,2
32014,3,3
32015,3,2
32016,2,0
32017,2,2
32018,2,2
32019,2,2
32020,2,0
32021,2,2
32022,3,1
32023,2,2
32024,2,0
32025,2,0
32026,2,1
32027,2,0
32028,3,0
32029,2,2
32030,2,0
32031,3,2
32032,2,2
32033,2,1
32034,2,2
32035,2,0
32036,2,0
32037,2,0
32038,2,0
32039,2,2
32040,3,1
32041,2,0
32042,3,1
32043,2,2
32044,2,1
32045,2,2
32046,2,2
32047,4,2
32048,2,2
32049,2,2
32050,3,0
32051,2,2
32052,2,1
32053,2,0
32054,2,0
32055,2,0
32056,2,2
32057,2,2
32058,3,1
32059,2,0
32060,2,0
32061,3,2
32062,2,0
32063,2,0
32064,2,2
32065,2,1
32066,2,2
32067,2,1
32068,2,1
32069,2,1
32070,4,2
32071,2,2
32072,2,2
32073,2,2
32074,2,0
32075,2,2
32076,3,3
32077,2,1
32078,2,2
32079,2,2
32080,3,0
32081,2,2
32082,2,2
32083,2,0
32084,2,0
32085,4,3
32086,2,1
32087,2,2
32088,2,2
32089,2,1
32090,2,0
32091,2,0
32092,2,0
32093,2,1
32094,3,3
32095,2,0
32096,2,2
32097,2,2
32098,2,2
32099,3,0
32100,2,0
32101,2,1
32102,2,0
32103,3,2
32104,2,0
32105,2,0
32106,2,1
32107,2,2
32108,2,2
32109,2,0
32110,3,1
32111,2,1
32112,3,2
32113,2,2
32114,4,1
32115,2,2
32116,2,2
32117,2,1
32118,2,2
32119,2,2
32120,2,0
32121,4,4
32122,2,1
32123,2,1
32124,2,0
32125,2,0
32126,2,2
32127,2,2
32128,3,2
32129,2,0
32130,3,1
32131,4,4
32132,2,2
32133,3,3
32134,2,0
32135,2,1
32136,2,0
32137,2,1
32138,2,2
32139,3,1
32140,2,0
32141,3,1
32142,2,2
32143,2,0
32144,2,0
32145,2,0
32146,2,2
32147,3,1
32148,3,0
32149,3,0
32150,2,2
32151,4,1
32152,2,0
32153,2,1
32154,3,3
32155,2,0
32156,2,2
32157,2,2
32158,4,2
32159,3,3
32160,2,2
32161,3,1
32162,2,2
32163,2,0
32164,2,1
32165,3,2
32166,2,0
32167,2,2
32168,2,2
32169,2,1
32170,2,0
32171,4,0
32172,2,0
32173,2,2
32174,3,3
32175,3,2
32176,4,3
32177,2,2
32178,2,1
32179,2,0
32180,2,0
32181,2,2
32182,3,3
32183,2,2
32184,2,2
32185,2,2
32186,2,1
32187,3,2
32188,2,0
32189,3,3
32190,2,2
32191,2,0
32192,2,2
32193,2,2
32194,2,0
32195,2,0
32196,2,2
32197,2,2
32198,3,2
32199,2,2
32200,4,0
32201,2,0
32202,4,2
32203,3,3
32204,2,2
32205,2,2
32206,3,2
32207,3,0
32208,3,3
32209,2,2
32210,2,1
32211,2,0
32212,3,1
32213,3,1
32214,2,2
32215,2,2
32216,2,1
32217,2,2
32218,3,3
32219,2,2
32220,3,2
32221,3,2
32222,3,1
32223,2,2
32224,2,1
32225,2,2
32226,3,3
32227,2,0
32228,2,2
32229,3,1
32230,2,0
32231,2,0
32232,2,1
32233,3,3
32234,2,0
32235,2,0
32236,2,1
32237,4,0
32238,2,1
32239,2,2
32240,3,0
32241,2,2
32242,2,0
32243,2,0
32244,3,0
32245,2,0
32246,2,1
32247,2,0
32248,2,0
32249,2,1
32250,2,2
32251,2,2
32252,3,0
32253,3,1
32254,2,2
32255,2,2
32256,2,2
32257,3,1
32258,2,0
32259,2,2
32260,2,2
32261,2,2
32262,2,2
32263,3,2
32264,2,2
32265,2,2
32266,2,2
32267,2,0
32268,2,0
32269,3,2
32270,4,0
32271,2,0
32272,4,4
32273,3,1
32274,2,1
32275,2,0
32276,3,2
32277,3,0
32278,3,3
32279,2,2
32280,2,2
32281,2,2
32282,2,2
32283,2,0
32284,2,2
32285,2,0
32286,4,2
32287,2,1
32288,2,0
32289,2,2
32290,2,2
32291,2,2
32292,2,2
32293,2,2
32294,2,0
32295,2,2
32296,2,2
32297,2,2
32298,2,1
32299,2,0
32300,2,2
32301,2,2
32302,2,2
32303,3,3
32304,2,0
32305,3,3
32306,2,0
32307,2,0
32308,2,1
32309,2,0
32310,3,1
32311,2,0
32312,2,0
32313,3,0
32314,2,0
32315,2,0
32316,2,0
32317,3,3
32318,3,0
32319,4,1
32320,2,0
32321,2,2
32322,3,3
32323,3,3
32324,3,3
32325,2,0
32326,2,0
32327,2,2
32328,2,2
32329,2,2
32330,3,1
32331,2,2
32332,4,2
32333,3,1
32334,3,1
32335,2,2
32336,2,0
32337,2,2
32338,2,2
32339,3,2
32340,2,2
32341,2,2
32342,2,2
32343,3,0
32344,3,1
32345,2,2
32346,4,4
32347,2,2
32348,2,1
32349,3,3
32350,3,0
32351,2,0
32352,2,2
32353,3,3
32354,4,4
32355,3,3
32356,2,2
32357,2,2
32358,2,2
32359,2,0
32360,2,2
32361,2,1
32362,3,1
32363,2,2
32364,2,2
32365,3,1
32366,3,0
32367,2,1
32368,4,4
32369,3,1
32370,2,0
32371,2,0
32372,3,2
32373,2,1
32374,2,0
32375,2,0
32376,2,1
32377,2,2
32378,2,2
32379,2,0
32380,2,0
32381,2,2
32382,2,2
32383,3,1
32384,2,2
32385,2,2
32386,3,3
32387,2,1
32388,2,2
32389,3,0
32390,2,0
32391,2,0
32392,3,0
32393,2,0
32394,2,2
32395,2,0
32396,2,0
32397,2,0
32398,2,1
32399,2,1
32400,2,1
32401,2,0
32402,2,0
32403,3,2
32404,2,0
32405,2,2
32406,4,4
32407,2,2
32408,2,2
32409,4,3
32410,2,0
32411,3,3
32412,2,2
32413,2,0
32414,2,1
32415,2,2
32416,2,2
32417,2,2
32418,2,2
32419,2,2
32420,2,2
32421,2,2
32422,4,4
32423,2,0
32424,2,2
32425,3,3
32426,2,2
32427,2,2
32428,2,2
32429,3,1
32430,3,1
32431,3,0
32432,2,0
32433,3,2
32434,2,0
32435,2,2
32436,2,1
32437,2,0
32438,4,2
32439,4,0
32440,2,0
32441,2,0
32442,2,2
32443,3,0
32444,2,2
32445,2,2
32446,2,0
32447,2,2
32448,2,2
32449,2,2
32450,2,2
32451,3,3
32452,3,1
32453,3,1
32454,3,1
32455,2,2
32456,2,0
32457,2,0
32458,2,1
32459,2,2
32460,2,0
32461,2,1
32462,2,2
32463,3,2
32464,2,2
32465,4,2
32466,2,0
32467,2,2
32468,2,0
32469,2,2
32470,3,3
32471,2,2
32472,2,2
32473,4,4
32474,2,2
32475,2,2
32476,2,1
32477,2,2
32478,2,2
32479,2,2
32480,3,1
32481,2,1
32482,2,0
32483,3,0
32484,2,0
32485,2,2
32486,2,2
32487,2,1
32488,2,1
32489,2,1
32490,2,1
32491,2,0
32492,2,0
32493,2,0
32494,4,1
32495,2,2
32496,2,2
32497,2,0
32498,3,2
32499,2,2
32500,2,1
32501,2,1
32502,2,2
32503,2,2
32504,2,0
32505,2,0
32506,2,0
32507,2,2
32508,3,3
32509,3,1
32510,2,0
32511,2,0
32512,4,3
32513,2,0
32514,2,0
32515,2,2
32516,2,0
32517,4,2
32518,2,2
32519,2,2
32520,2,0
32521,2,0
32522,2,0
32523,3,3
32524,4,0
32525,2,0
32526,2,2
32527,3,1
32528,2,1
32529,3,1
32530,2,2
32531,2,0
32532,2,2
32533,2,2
32534,2,0
32535,2,2
32536,2,0
32537,2,2
32538,2,0
32539,3,1
32540,3,3
32541,2,2
32542,2,2
32543,2,1
32544,2,2
32545,3,3
32546,2,1
32547,2,2
32548,3,0
32549,2,2
32550,2,0
32551,2,1
32552,2,0
32553,3,1
32554,2,0
32555,2,2
32556,4,3
32557,2,2
32558,2,2
32559,2,2
32560,3,3
32561,2,0
32562,3,0
32563,2,1
32564,2,0
32565,4,0
32566,2,2
32567,4,4
32568,2,2
32569,2,2
32570,2,2
32571,3,2
32572,3,3
32573,3,1
32574,4,1
32575,2,2
32576,3,1
32577,2,2
32578,2,2
32579,3,3
32580,2,2
32581,2,2
32582,2,0
32583,2,0
32584,2,0
32585,2,2
32586,4,2
32587,2,0
32588,3,3
32589,2,0
32590,2,1
32591,2,0
32592,2,1
32593,3,2
32594,2,1
32595,2,1
32596,2,0
32597,3,3
32598,2,0
32599,4,3
32600,3,0
32601,2,2
32602,3,3
32603,2,2
32604,2,2
32605,2,1
32606,2,0
32607,2,0
32608,2,1
32609,2,1
32610,2,1
32611,2,1
32612,2,2
32613,3,1
32614,3,0
32615,2,2
32616,2,1
32617,3,0
32618,3,3
32619,2,2
32620,2,2
32621,2,1
32622,2,2
32623,3,2
32624,3,3
32625,2,0
32626,2,2
32627,2,2
32628,2,0
32629,2,1
32630,2,0
32631,2,0
32632,2,2
32633,2,2
32634,2,2
32635,2,2
32636,2,1
32637,3,3
32638,3,2
32639,2,2
32640,4,2
32641,2,0
32642,3,2
32643,2,2
32644,2,0
32645,3,1
32646,3,1
32647,2,1
32648,2,2
32649,2,0
32650,2,2
32651,3,3
32652,2,2
32653,4,4
32654,2,1
32655,2,2
32656,2,2
32657,3,1
32658,2,0
32659,3,3
32660,2,0
32661,2,2
32662,2,0
32663,3,1
32664,4,2
32665,2,2
32666,2,2
32667,2,2
32668,2,2
32669,2,2
32670,3,3
32671,2,0
32672,2,0
32673,2,0
32674,2,0
32675,2,0
32676,2,2
32677,2,0
32678,2,2
32679,4,1
32680,3,0
32681,2,2
32682,2,2
32683,2,2
32684,2,0
32685,2,0
32686,2,2
32687,2,2
32688,2,1
32689,3,1
32690,2,1
32691,2,0
32692,2,0
32693,2,2
32694,2,1
32695,2,0
32696,2,0
32697,3,3
32698,2,1
32699,2,0
32700,3,1
32701,2,0
32702,3,0
32703,2,2
32704,3,3
32705,2,0
32706,2,2
32707,4,2
32708,3,0
32709,3,2
32710,3,3
32711,2,2
32712,2,0
32713,2,0
32714,2,0
32715,2,0
32716,2,2
32717,2,0
32718,2,0
32719,2,1
32720,2,0
32721,2,0
32722,2,2
32723,3,1
32724,3,3
32725,2,0
32726,2,2
32727,2,2
32728,2,1
32729,3,3
32730,2,2
32731,2,2
32732,4,2
32733,2,2
32734,2,2
32735,2,2
32736,2,2
32737,2,0
32738,2,2
32739,3,3
32740,2,2
32741,2,1
32742,2,2
32743,2,2
32744,2,2
32745,2,0
32746,4,0
32747,2,2
32748,2,0
32749,2,2
32750,4,2
32751,2,0
32752,2,2
32753,2,2
32754,2,2
32755,3,0
32756,4,0
32757,2,2
32758,4,2
32759,2,2
32760,2,0
32761,2,0
32762,2,2
32763,2,2
32764,2,2
32765,2,2
32766,2,2
32767,3,1
32768,3,1
32769,2,1
32770,3,2
32771,2,2
32772,2,2
32773,2,0
32774,2,0
32775,3,0
32776,2,2
32777,4,3
32778,2,2
32779,4,4
32780,2,2
32781,2,2
32782,3,3
32783,2,0
32784,2,0
32785,2,1
32786,2,2
32787,2,2
32788,2,1
32789,2,1
32790,2,2
32791,3,3
32792,2,1
32793,2,2
32794,2,0
32795,4,2
32796,2,2
32797,2,2
32798,2,0
32799,2,1
32800,2,0
32801,2,1
32802,2,0
32803,3,1
32804,3,1
32805,2,1
32806,2,1
32807,2,2
32808,3,3
32809,3,3
32810,2,1
32811,2,0
32812,2,2
32813,2,2
32814,2,2
32815,3,3
32816,3,3
32817,2,2
32818,2,1
32819,2,2
32820,2,0
32821,2,0
32822,2,2
32823,3,3
32824,2,0
32825,3,3
32826,2,2
32827,2,2
32828,2,0
32829,2,1
32830,2,0
32831,2,0
32832,2,0
32833,4,4
32834,2,2
32835,2,2
32836,3,1
32837,2,2
32838,3,0
32839,2,0
32840,2,2
32841,2,1
32842,2,2
32843,2,2
32844,2,0
32845,2,2
32846,2,1
32847,2,0
32848,2,2
32849,4,1
32850,2,1
32851,2,2
32852,2,0
32853,2,2
32854,2,2
32855,4,2
32856,3,0
32857,2,0
32858,2,2
32859,2,0
32860,2,2
32861,2,1
32862,2,1
32863,2,0
32864,2,0
32865,2,0
32866,3,2
32867,2,2
32868,2,0
32869,2,2
32870,2,2
32871,2,1
32872,2,2
32873,2,0
32874,2,0
32875,2,0
32876,2,2
32877,3,3
32878,2,2
32879,3,1
32880,3,2
32881,2,2
32882,2,0
32883,2,0
32884,2,2
32885,2,1
32886,2,2
32887,2,1
32888,2,2
32889,2,0
32890,2,0
32891,3,0
32892,2,1
32893,2,2
32894,2,0
32895,3,1
32896,2,1
32897,2,2
32898,2,2
32899,2,0
32900,2,2
32901,2,1
32902,2,2
32903,3,3
32904,2,0
32905,3,2
32906,2,1
32907,4,3
32908,3,3
32909,2,0
32910,2,2
32911,2,2
32912,2,2
32913,2,0
32914,2,0
32915,2,2
32916,2,0
32917,4,4
32918,2,2
32919,2,2
32920,4,1
32921,2,0
32922,2,2
32923,3,3
32924,2,0
32925,2,2
32926,2,0
32927,2,0
32928,4,2
32929,2,0
32930,2,0
32931,2,2
32932,2,0
32933,2,0
32934,2,0
32935,2,2
32936,2,0
32937,2,0
32938,2,2
32939,2,2
32940,2,2
32941,3,2
32942,2,2
32943,2,0
32944,3,2
32945,2,2
32946,2,1
32947,2,2
32948,3,3
32949,3,1
32950,3,2
32951,2,2
32952,2,2
32953,2,1
32954,2,2
32955,2,0
32956,2,0
32957,2,0
32958,2,0
32959,2,2
32960,2,0
32961,2,1
32962,3,1
32963,3,1
32964,2,0
32965,2,0
32966,4,1
32967,3,3
32968,2,0
32969,4,4
32970,2,0
32971,3,3
32972,2,0
32973,2,0
32974,2,2
32975,2,0
32976,2,2
32977,2,0
32978,2,0
32979,2,2
32980,2,2
32981,2,2
32982,3,2
32983,4,4
32984,2,2
32985,3,0
32986,2,2
32987,2,0
32988,2,2
32989,2,0
32990,2,2
32991,3,2
32992,2,2
32993,2,2
32994,2,1
32995,2,0
32996,2,0
32997,3,2
32998,2,0
32999,2,2
33000,2,2
33001,2,1
33002,2,2
33003,2,2
33004,2,2
33005,2,2
33006,4,3
33007,2,2
33008,2,1
33009,2,2
33010,3,0
33011,4,3
33012,2,2
33013,2,0
33014,2,2
33015,2,1
33016,2,2
33017,2,1
33018,2,2
33019,2,1
33020,2,2
33021,2,1
33022,2,2
33023,4,4
33024,2,0
33025,2,2
33026,3,1
33027,2,2
33028,2,2
33029,2,0
33030,2,0
33031,2,0
33032,2,0
33033,2,0
33034,2,0
33035,2,1
33036,2,2
33037,2,2
33038,3,3
33039,3,1
33040,2,2
33041,2,2
33042,2,1
33043,2,2
33044,2,0
33045,2,2
33046,2,0
33047,2,0
33048,2,2
33049,3,1
33050,2,0
33051,3,3
33052,2,1
33053,2,0
33054,3,1
33055,2,2
33056,4,2
33057,2,2
33058,4,3
33059,2,0
33060,2,2
33061,2,2
33062,2,0
33063,2,2
33064,2,0
33065,2,2
33066,3,3
33067,2,2
33068,2,2
33069,2,2
33070,2,2
33071,2,2
33072,2,0
33073,2,1
33074,2,2
33075,4,1
33076,2,2
33077,2,2
33078,2,2
33079,2,0
33080,2,1
33081,2,2
33082,3,3
33083,2,0
33084,3,1
33085,4,2
33086,2,0
33087,2,0
33088,2,0
33089,2,0
33090,2,2
33091,4,4
33092,2,2
33093,3,3
33094,2,1
33095,2,0
33096,2,2
33097,2,1
33098,2,2
33099,2,0
33100,2,0
33101,3,0
33102,2,2
33103,3,1
33104,2,0
33105,2,0
33106,2,2
33107,2,0
33108,2,0
33109,2,2
33110,2,2
33111,2,1
33112,4,2
33113,2,2
33114,2,0
33115,2,1
33116,2,2
33117,2,0
33118,2,2
33119,4,3
33120,2,1
33121,4,4
33122,4,3
33123,2,2
33124,2,2
33125,3,3
33126,3,3
33127,2,0
33128,2,2
33129,2,0
33130,2,1
33131,2,0
33132,2,2
33133,2,0
33134,2,2
33135,2,1
33136,2,2
33137,2,0
33138,2,0
33139,2,1
33140,2,2
33141,2,2
33142,4,3
33143,2,0
33144,2,2
33145,3,3
33146,2,0
33147,2,0
33148,2,2
33149,3,1
33150,2,2
33151,2,0
33152,2,2
33153,2,2
33154,2,1
33155,2,2
33156,3,2
33157,2,0
33158,2,2
33159,2,2
33160,2,1
33161,3,3
33162,2,0
33163,2,2
33164,2,2
33165,3,3
33166,2,0
33167,2,2
33168,2,0
33169,2,0
33170,2,0
33171,2,2
33172,3,3
33173,3,3
33174,3,2
33175,2,1
33176,2,0
33177,2,0
33178,2,0
33179,2,2
33180,2,0
33181,3,3
33182,2,0
33183,4,3
33184,2,2
33185,2,2
33186,2,2
33187,2,2
33188,2,2
33189,4,0
33190,2,2
33191,2,1
33192,2,0
33193,2,1
33194,3,1
33195,2,2
33196,3,1
33197,2,2
33198,3,3
33199,2,2
33200,2,2
33201,3,1
33202,2,1
33203,2,0
33204,2,1
33205,2,1
33206,2,0
33207,2,2
33208,2,2
33209,2,2
33210,2,2
33211,3,0
33212,2,2
33213,2,2
33214,3,3
33215,2,0
33216,2,0
33217,2,2
33218,2,0
33219,2,2
33220,4,2
33221,2,2
33222,4,2
33223,2,2
33224,2,1
33225,2,0
33226,2,2
33227,4,2
33228,3,1
33229,3,2
33230,2,2
33231,3,2
33232,2,2
33233,3,3
33234,2,2
33235,2,1
33236,3,0
33237,2,1
33238,2,2
33239,2,1
33240,4,4
33241,3,1
33242,2,2
33243,3,3
33244,4,4
33245,4,3
33246,2,0
33247,2,1
33248,3,2
33249,2,2
33250,2,1
33251,2,1
33252,2,2
33253,2,0
33254,2,0
33255,2,2
33256,2,2
33257,2,2
33258,2,2
33259,2,0
33260,2,0
33261,2,0
33262,2,2
33263,2,2
33264,2,0
33265,2,0
33266,4,0
33267,4,1
33268,2,0
33269,3,2
33270,2,0
33271,2,2
33272,2,2
33273,2,0
33274,2,1
33275,2,0
33276,3,0
33277,2,2
33278,2,2
33279,2,2
33280,2,1
33281,2,0
33282,2,2
33283,2,0
33284,4,1
33285,2,0
33286,2,2
33287,2,0
33288,2,0
33289,2,2
33290,3,2
33291,2,0
33292,3,3
33293,2,2
33294,3,3
33295,3,2
33296,2,2
33297,3,3
33298,2,0
33299,2,1
33300,2,1
33301,3,2
33302,2,2
33303,2,2
33304,2,2
33305,3,1
33306,2,2
33307,2,1
33308,3,1
33309,2,0
33310,2,0
33311,3,3
33312,3,2
33313,3,3
33314,2,0
33315,2,0
33316,4,0
33317,2,0
33318,3,0
33319,2,0
33320,2,0
33321,4,2
33322,2,2
33323,4,2
33324,2,0
33325,2,2
33326,3,0
33327,4,0
33328,2,2
33329,2,2
33330,2,1
33331,2,0
33332,2,0
33333,2,0
33334,3,2
33335,2,2
33336,2,2
33337,2,1
33338,4,1
33339,2,0
33340,3,3
33341,4,3
33342,3,0
33343,2,2
33344,2,0
33345,2,2
33346,3,3
33347,3,1
33348,2,2
33349,2,1
33350,2,2
33351,2,1
33352,2,1
33353,3,2
33354,2,0
33355,2,2
33356,3,1
33357,2,0
33358,3,2
33359,2,0
33360,2,2
33361,2,0
33362,2,2
33363,2,0
33364,2,0
33365,3,1
33366,2,2
33367,2,2
33368,3,0
33369,2,0
33370,2,0
33371,2,2
33372,2,1
33373,2,2
33374,2,2
33375,2,1
33376,3,2
33377,2,0
33378,2,1
33379,2,0
33380,2,1
33381,2,2
33382,2,2
33383,2,2
33384,2,2
33385,2,2
33386,2,2
33387,3,0
33388,4,2
33389,2,1
33390,3,0
33391,2,0
33392,2,0
33393,2,0
33394,2,2
33395,2,2
33396,2,2
33397,2,0
33398,2,0
33399,2,0
33400,4,4
33401,2,2
33402,3,3
33403,2,1
33404,2,1
33405,2,0
33406,4,2
33407,2,0
33408,3,2
33409,2,1
33410,2,0
33411,2,2
33412,2,0
33413,2,0
33414,2,2
33415,3,1
33416,2,0
33417,2,2
33418,2,2
33419,4,4
33420,2,0
33421,3,2
33422,2,1
33423,2,0
33424,2,2
33425,2,2
33426,4,4
33427,2,2
33428,2,2
33429,2,0
33430,2,2
33431,2,0
33432,2,0
33433,2,1
33434,2,2
33435,2,2
33436,2,2
33437,2,2
33438,2,1
33439,2,2
33440,3,3
33441,2,2
33442,2,0
33443,2,2
33444,3,1
33445,4,4
33446,2,0
33447,2,2
33448,2,2
33449,2,2
33450,2,1
33451,2,2
33452,3,2
33453,2,1
33454,2,2
33455,2,0
33456,2,0
33457,3,2
33458,2,2
33459,3,2
33460,2,0
33461,2,1
33462,2,0
33463,3,2
33464,2,2
33465,2,2
33466,2,2
33467,2,2
33468,2,2
33469,2,0
33470,2,2
33471,4,2
33472,3,3
33473,2,2
33474,2,0
33475,2,2
33476,2,2
33477,2,2
33478,2,1
33479,2,2
33480,2,2
33481,2,1
33482,4,2
33483,3,2
33484,2,1
33485,2,1
33486,2,0
33487,2,1
33488,3,0
33489,2,2
33490,2,2
33491,3,1
33492,2,1
33493,3,3
33494,2,0
33495,2,0
33496,3,1
33497,4,3
33498,2,0
33499,2,0
33500,2,0
33501,2,1
33502,2,2
33503,3,1
33504,2,0
33505,4,1
33506,2,2
33507,2,1
33508,2,2
33509,2,1
33510,2,2
33511,3,1
33512,2,2
33513,2,1
33514,3,1
33515,2,2
33516,2,0
33517,2,2
33518,2,2
33519,2,1
33520,3,2
33521,2,2
33522,3,2
33523,2,0
33524,3,0
33525,3,1
33526,2,1
33527,2,2
33528,2,2
33529,2,0
33530,2,2
33531,2,2
33532,2,2
33533,2,0
33534,2,2
33535,4,3
33536,4,0
33537,2,0
33538,2,2
33539,4,4
33540,2,2
33541,2,0
33542,3,3
33543,2,2
33544,2,2
33545,2,2
33546,2,0
33547,2,2
33548,3,3
33549,2,2
33550,4,3
33551,2,0
33552,2,0
33553,2,0
33554,2,0
33555,2,2
33556,3,3
33557,2,2
33558,2,0
33559,3,3
33560,2,0
33561,2,2
33562,2,1
33563,2,2
33564,3,3
33565,4,1
33566,2,0
33567,2,2
33568,4,0
33569,2,2
33570,3,0
33571,3,3
33572,2,0
33573,3,3
33574,2,2
33575,2,2
33576,4,0
33577,2,0
33578,2,2
33579,2,0
33580,3,3
33581,3,3
33582,3,2
33583,2,0
33584,3,3
33585,2,2
33586,3,0
33587,2,0
33588,2,2
33589,2,2
33590,2,0
33591,2,1
33592,2,2
33593,2,1
33594,2,2
33595,2,0
33596,2,2
33597,2,1
33598,3,3
33599,4,4
33600,2,2
33601,3,3
33602,2,1
33603,4,4
33604,2,2
33605,2,0
33606,2,2
33607,2,1
33608,3,3
33609,2,2
33610,3,1
33611,2,1
33612,3,0
33613,2,0
33614,3,1
33615,2,2
33616,3,3
33617,2,2
33618,2,2
33619,4,3
33620,2,0
33621,2,0
33622,3,3
33623,2,2
33624,3,0
33625,2,0
33626,2,2
33627,2,1
33628,2,0
33629,2,2
33630,2,2
33631,2,0
33632,3,0
33633,3,1
33634,2,1
33635,3,1
33636,2,1
33637,2,0
33638,2,2
33639,4,3
33640,2,2
33641,2,0
33642,2,0
33643,2,2
33644,2,0
33645,2,2
33646,2,2
33647,2,2
33648,3,3
33649,2,2
33650,2,0
33651,3,0
33652,2,0
33653,2,1
33654,2,2
33655,2,2
33656,2,2
33657,3,3
33658,3,1
33659,2,0
33660,2,2
33661,2,2
33662,4,4
33663,2,1
33664,3,0
33665,2,1
33666,3,0
33667,2,2
33668,3,2
33669,3,2
33670,2,0
33671,2,0
33672,2,1
33673,3,3
33674,2,2
33675,2,2
33676,2,2
33677,2,2
33678,2,1
33679,4,3
33680,2,0
33681,2,0
33682,2,2
33683,4,1
33684,2,2
33685,2,2
33686,2,2
33687,2,0
33688,4,1
33689,2,2
33690,4,1
33691,2,2
33692,2,0
33693,3,1
33694,4,1
33695,3,0
33696,2,0
33697,2,2
33698,4,3
33699,2,0
33700,2,0
33701,2,2
33702,2,0
33703,3,3
33704,2,0
33705,2,2
33706,4,4
33707,2,1
33708,2,2
33709,2,0
33710,3,3
33711,2,1
33712,2,2
33713,2,0
33714,2,2
33715,2,0
33716,2,0
33717,2,2
33718,4,2
33719,2,0
33720,2,1
33721,2,0
33722,2,0
33723,2,2
33724,2,0
33725,3,2
33726,2,2
33727,2,0
33728,2,2
33729,2,2
33730,2,0
33731,2,0
33732,2,2
33733,2,2
33734,2,1
33735,2,2
33736,4,0
33737,2,0
33738,2,2
33739,2,2
33740,2,0
33741,2,1
33742,3,1
33743,4,1
33744,2,1
33745,2,1
33746,2,0
33747,3,1
33748,2,0
33749,2,2
33750,2,2
33751,4,2
33752,2,2
33753,2,2
33754,2,2
33755,2,0
33756,3,3
33757,4,3
33758,2,2
33759,3,0
33760,2,2
33761,2,2
33762,3,3
33763,2,2
33764,2,2
33765,2,2
33766,3,2
33767,2,2
33768,2,2
33769,2,2
33770,2,0
33771,4,3
33772,2,1
33773,3,0
33774,2,0
33775,3,0
33776,3,0
33777,2,1
33778,2,2
33779,2,2
33780,4,2
33781,2,2
33782,2,0
33783,3,3
33784,2,2
33785,2,0
33786,2,0
33787,2,2
33788,2,0
33789,2,0
33790,2,2
33791,2,2
33792,3,0
33793,2,2
33794,2,0
33795,2,0
33796,2,0
33797,2,1
33798,2,2
33799,2,1
33800,3,3
33801,2,2
33802,2,0
33803,2,0
33804,2,2
33805,3,0
33806,2,0
33807,2,2
33808,3,3
33809,2,1
33810,3,0
33811,2,1
33812,2,0
33813,4,1
33814,2,2
33815,2,2
33816,2,1
33817,2,2
33818,2,2
33819,3,3
33820,2,0
33821,2,2
33822,2,2
33823,2,2
33824,2,2
33825,2,2
33826,2,2
33827,2,2
33828,2,2
33829,2,2
33830,2,1
33831,2,2
33832,3,1
33833,2,2
33834,3,3
33835,2,1
33836,2,2
33837,2,0
33838,3,3
33839,2,2
33840,2,1
33841,3,3
33842,2,2
33843,2,0
33844,2,0
33845,2,2
33846,2,1
33847,2,0
33848,3,2
33849,2,1
33850,2,2
33851,2,0
33852,2,0
33853,4,0
33854,3,2
33855,2,2
33856,2,1
33857,2,2
33858,2,1
33859,4,4
33860,2,2
33861,2,0
33862,2,1
33863,3,1
33864,2,2
33865,2,2
33866,3,0
33867,2,1
33868,2,1
33869,4,2
33870,2,1
33871,3,2
33872,2,2
33873,2,0
33874,2,0
33875,4,2
33876,2,2
33877,2,0
33878,2,2
33879,2,1
33880,2,2
33881,2,1
33882,3,3
33883,2,2
33884,2,2
33885,2,2
33886,2,2
33887,2,2
33888,2,1
33889,3,0
33890,2,1
33891,3,1
33892,2,0
33893,2,2
33894,2,2
33895,2,1
33896,3,3
33897,2,1
33898,2,0
33899,2,2
33900,2,2
33901,2,2
33902,2,2
33903,2,2
33904,2,2
33905,2,0
33906,3,1
33907,2,2
33908,2,2
33909,3,2
33910,2,2
33911,3,0
33912,3,1
33913,2,0
33914,2,2
33915,2,0
33916,2,2
33917,3,3
33918,2,2
33919,2,2
33920,2,1
33921,2,2
33922,2,0
33923,2,2
33924,2,2
33925,2,2
33926,3,3
33927,2,2
33928,3,0
33929,3,3
33930,4,4
33931,3,1
33932,3,3
33933,2,1
33934,2,2
33935,2,0
33936,2,2
33937,4,0
33938,2,2
33939,2,1
33940,3,0
33941,3,0
33942,3,3
33943,2,0
33944,2,0
33945,2,0
33946,2,0
33947,2,2
33948,2,0
33949,2,2
33950,3,2
33951,2,2
33952,3,1
33953,2,1
33954,4,1
33955,2,0
33956,2,2
33957,2,2
33958,2,0
33959,3,3
33960,3,3
33961,2,2
33962,2,0
33963,2,2
33964,3,3
33965,2,1
33966,2,1
33967,4,2
33968,2,0
33969,4,3
33970,2,1
33971,2,2
33972,2,0
33973,2,0
33974,2,2
33975,2,2
33976,2,2
33977,3,0
33978,2,2
33979,2,0
33980,2,0
33981,2,2
33982,2,0
33983,2,2
33984,4,2
33985,2,2
33986,2,0
33987,3,3
33988,4,3
33989,2,2
33990,3,3
33991,3,3
33992,2,1
33993,4,0
33994,3,1
33995,2,1
33996,2,0
33997,4,2
33998,2,2
33999,2,2
34000,3,0
34001,2,1
34002,2,0
34003,2,2
34004,3,2
34005,3,1
34006,2,2
34007,2,2
34008,2,2
34009,3,0
34010,3,3
34011,2,1
34012,2,2
34013,2,2
34014,2,1
34015,2,0
34016,3,3
34017,2,0
34018,4,4
34019,3,0
34020,2,0
34021,4,0
34022,2,0
34023,2,2
34024,2,1
34025,2,1
34026,2,2
34027,2,2
34028,2,0
34029,2,2
34030,2,2
34031,2,2
34032,3,3
34033,2,1
34034,2,1
34035,2,2
34036,2,0
34037,2,0
34038,3,3
34039,2,2
34040,2,2
34041,2,2
34042,3,2
34043,2,1
34044,3,3
34045,2,2
34046,3,3
34047,2,0
34048,3,0
34049,2,0
34050,2,2
34051,4,2
34052,2,2
34053,2,0
34054,2,1
34055,3,1
34056,2,1
34057,2,2
34058,2,0
34059,4,3
34060,2,0
34061,2,1
34062,2,1
34063,3,3
34064,2,0
34065,2,1
34066,3,3
34067,2,2
34068,2,2
34069,2,2
34070,2,1
34071,3,1
34072,3,0
34073,2,1
34074,2,1
34075,2,0
34076,2,2
34077,2,2
34078,2,1
34079,2,0
34080,3,1
34081,2,2
34082,2,2
34083,2,0
34084,4,2
34085,2,2
34086,2,1
34087,2,2
34088,2,0
34089,2,0
34090,4,4
34091,3,1
34092,2,2
34093,3,1
34094,2,2
34095,2,0
34096,2,0
34097,2,2
34098,2,0
34099,4,4
34100,2,1
34101,4,1
34102,2,0
34103,2,0
34104,2,0
34105,4,4
34106,2,1
34107,2,0
34108,3,3
34109,2,2
34110,2,1
34111,2,2
34112,2,0
34113,2,0
34114,2,0
34115,2,0
34116,3,1
34117,2,2
34118,3,1
34119,2,2
34120,2,1
34121,2,2
34122,2,1
34123,3,0
34124,2,2
34125,2,0
34126,2,2
34127,2,1
34128,3,0
34129,2,2
34130,2,1
34131,3,2
34132,2,2
34133,2,0
34134,2,1
34135,2,2
34136,2,2
34137,2,2
34138,2,2
34139,3,1
34140,2,2
34141,2,0
34142,3,3
34143,2,2
34144,4,2
34145,2,2
34146,2,2
34147,3,1
34148,2,1
34149,2,2
34150,2,2
34151,2,2
34152,3,2
34153,3,0
34154,2,0
34155,2,1
34156,3,2
34157,2,1
34158,2,2
34159,2,0
34160,2,1
34161,2,1
34162,2,0
34163,2,2
34164,4,3
34165,2,2
34166,3,1
34167,2,1
34168,2,0
34169,2,2
34170,2,0
34171,3,3
34172,3,3
34173,3,1
34174,2,0
34175,3,1
34176,2,2
34177,3,1
34178,3,2
34179,3,3
34180,4,1
34181,4,1
34182,2,0
34183,2,0
34184,2,1
34185,3,1
34186,2,1
34187,2,0
34188,2,1
34189,3,2
34190,2,0
34191,2,0
34192,3,2
34193,3,2
34194,2,2
34195,2,0
34196,3,1
34197,2,2
34198,2,0
34199,2,0
34200,4,1
34201,2,2
34202,2,1
34203,3,3
34204,2,2
34205,2,0
34206,3,3
34207,2,0
34208,2,2
34209,2,2
34210,2,1
34211,3,3
34212,2,2
34213,2,2
34214,2,0
34215,3,1
34216,2,2
34217,2,0
34218,3,2
34219,2,0
34220,3,3
34221,3,1
34222,2,0
34223,2,1
34224,4,0
34225,3,0
34226,3,1
34227,3,2
34228,3,2
34229,3,3
34230,2,2
34231,3,0
34232,2,0
34233,2,2
34234,2,1
34235,2,1
34236,2,0
34237,3,1
34238,2,1
34239,2,2
34240,2,2
34241,2,2
34242,2,2
34243,2,0
34244,3,2
34245,2,0
34246,2,2
34247,2,0
34248,2,2
34249,2,2
34250,2,0
34251,2,0
34252,2,2
34253,3,0
34254,3,3
34255,2,1
34256,2,2
34257,2,0
34258,2,2
34259,3,3
34260,2,2
34261,2,1
34262,2,1
34263,3,1
34264,2,1
34265,2,1
34266,2,2
34267,3,2
34268,2,1
34269,2,0
34270,2,0
34271,2,0
34272,2,2
34273,2,2
34274,3,3
34275,2,0
34276,2,2
34277,3,3
34278,2,2
34279,2,2
34280,3,0
34281,4,2
34282,3,3
34283,2,2
34284,3,3
34285,2,1
34286,2,2
34287,2,2
34288,2,0
34289,4,0
34290,2,0
34291,3,1
34292,2,2
34293,2,2
34294,3,1
34295,2,2
34296,2,0
34297,2,0
34298,3,3
34299,2,1
34300,2,2
34301,3,3
34302,3,3
34303,2,2
34304,2,0
34305,2,2
34306,3,3
34307,2,2
34308,2,0
34309,4,3
34310,3,2
34311,2,0
34312,2,1
34313,2,2
34314,2,0
34315,2,0
34316,2,1
34317,2,1
34318,2,2
34319,4,2
34320,2,0
34321,2,0
34322,2,0
34323,2,1
34324,2,0
34325,3,0
34326,4,1
34327,2,2
34328,2,1
34329,3,2
34330,3,3
34331,2,1
34332,2,1
34333,2,0
34334,2,0
34335,2,0
34336,2,2
34337,3,1
34338,2,2
34339,2,0
34340,2,2
34341,3,1
34342,2,2
34343,3,1
34344,2,0
34345,2,2
34346,2,0
34347,2,2
34348,2,2
34349,2,1
34350,2,0
34351,2,0
34352,2,2
34353,3,3
34354,3,3
34355,3,3
34356,2,0
34357,2,1
34358,2,2
34359,2,0
34360,2,2
34361,2,0
34362,2,0
34363,3,1
34364,2,2
34365,2,0
34366,2,1
34367,2,2
34368,2,2
34369,4,3
34370,3,1
34371,2,2
34372,3,2
34373,3,3
34374,2,2
34375,2,2
34376,2,0
34377,2,1
34378,2,2
34379,4,3
34380,2,0
34381,2,0
34382,2,0
34383,2,2
34384,4,2
34385,2,2
34386,2,2
34387,2,0
34388,3,1
34389,2,2
34390,3,3
34391,2,0
34392,2,2
34393,2,0
34394,2,2
34395,3,0
34396,4,1
34397,3,2
34398,2,2
34399,2,1
34400,3,3
34401,2,0
34402,2,0
34403,2,0
34404,3,0
34405,2,2
34406,2,0
34407,4,4
34408,2,2
34409,2,0
34410,3,2
34411,2,2
34412,4,3
34413,2,0
34414,2,2
34415,4,0
34416,2,2
34417,3,3
34418,2,2
34419,4,4
34420,2,2
34421,3,0
34422,2,0
34423,2,0
34424,4,3
34425,3,1
34426,2,2
34427,2,1
34428,2,0
34429,2,2
34430,2,1
34431,2,0
34432,3,1
34433,2,0
34434,2,0
34435,2,0
34436,2,2
34437,2,2
34438,2,2
34439,2,1
34440,4,4
34441,2,2
34442,2,1
34443,3,3
34444,2,0
34445,2,0
34446,2,0
34447,2,1
34448,3,3
34449,2,0
34450,2,0
34451,2,0
34452,2,2
34453,3,1
34454,3,3
34455,2,2
34456,2,2
34457,3,1
34458,2,0
34459,3,1
34460,2,0
34461,2,2
34462,2,0
34463,2,2
34464,2,2
34465,4,3
34466,3,0
34467,2,1
34468,2,1
34469,3,1
34470,2,2
34471,2,2
34472,2,2
34473,2,2
34474,3,2
34475,2,2
34476,2,2
34477,2,0
34478,2,2
34479,4,3
34480,3,2
34481,2,1
34482,2,1
34483,2,2
34484,2,1
34485,4,4
34486,2,2
34487,2,1
34488,2,1
34489,2,2
34490,2,2
34491,2,2
34492,4,1
34493,3,1
34494,3,2
34495,2,2
34496,2,2
34497,2,2
34498,3,1
34499,2,0
34500,2,0
34501,2,2
34502,2,0
34503,2,0
34504,2,2
34505,2,1
34506,3,1
34507,2,2
34508,2,2
34509,2,0
34510,4,1
34511,3,1
34512,4,2
34513,3,1
34514,2,0
34515,2,0
34516,2,1
34517,2,0
34518,2,2
34519,2,0
34520,4,2
34521,3,1
34522,2,0
34523,2,0
34524,2,2
34525,2,0
34526,2,2
34527,4,3
34528,3,1
34529,2,0
34530,2,1
34531,2,0
34532,2,0
34533,2,1
34534,2,2
34535,2,2
34536,2,0
34537,2,2
34538,2,2
34539,2,0
34540,2,0
34541,2,1
34542,2,2
34543,2,0
34544,2,1
34545,2,1
34546,2,0
34547,2,1
34548,2,1
34549,2,0
34550,2,2
34551,2,2
34552,3,3
34553,3,3
34554,3,3
34555,2,0
34556,2,0
34557,2,1
34558,3,2
34559,3,1
34560,2,1
34561,3,3
34562,2,2
34563,2,2
34564,3,3
34565,2,0
34566,2,0
34567,2,0
34568,4,0
34569,2,2
34570,3,0
34571,3,1
34572,3,0
34573,2,2
34574,3,3
34575,2,0
34576,2,2
34577,3,1
34578,3,2
34579,2,0
34580,2,2
34581,2,0
34582,2,2
34583,2,1
34584,2,0
34585,2,2
34586,2,2
34587,2,2
34588,2,0
34589,2,2
34590,2,2
34591,2,0
34592,3,3
34593,2,0
34594,2,2
34595,2,1
34596,2,2
34597,2,2
34598,2,2
34599,2,0
34600,2,0
34601,4,3
34602,2,2
34603,2,0
34604,2,2
34605,3,2
34606,2,0
34607,2,2
34608,3,2
34609,2,0
34610,3,3
34611,2,2
34612,2,2
34613,3,3
34614,2,0
34615,3,3
34616,4,2
34617,2,2
34618,2,0
34619,2,0
34620,3,1
34621,2,2
34622,3,2
34623,2,1
34624,2,2
34625,2,1
34626,3,2
34627,2,2
34628,2,1
34629,3,0
34630,2,2
34631,2,0
34632,2,0
34633,2,0
34634,2,1
34635,2,0
34636,2,0
34637,2,0
34638,4,1
34639,2,1
34640,3,1
34641,2,0
34642,2,2
34643,2,1
34644,3,3
34645,2,0
34646,2,0
34647,3,2
34648,3,1
34649,3,3
34650,2,0
34651,2,0
34652,2,2
34653,2,2
34654,2,2
34655,2,0
34656,2,2
34657,2,2
34658,2,2
34659,3,3
34660,3,2
34661,2,1
34662,2,1
34663,2,0
34664,2,0
34665,2,2
34666,2,0
34667,4,3
34668,2,2
34669,2,0
34670,2,0
34671,2,0
34672,3,3
34673,2,0
34674,2,2
34675,2,0
34676,4,3
34677,2,2
34678,2,0
34679,3,1
34680,2,2
34681,2,2
34682,2,0
34683,2,2
34684,2,2
34685,4,4
34686,2,2
34687,2,2
34688,3,3
34689,2,2
34690,2,2
34691,2,2
34692,2,2
34693,2,2
34694,2,0
34695,3,3
34696,2,0
34697,2,1
34698,3,2
34699,2,2
34700,2,2
34701,2,0
34702,2,2
34703,3,2
34704,2,0
34705,2,2
34706,3,1
34707,3,3
34708,2,0
34709,2,2
34710,4,4
34711,2,2
34712,2,2
34713,3,3
34714,3,3
34715,2,2
34716,2,2
34717,3,0
34718,4,2
34719,3,3
34720,2,0
34721,2,2
34722,2,1
34723,2,0
34724,2,0
34725,2,2
34726,3,3
34727,4,1
34728,3,1
34729,2,2
34730,2,1
34731,4,3
34732,4,2
34733,3,1
34734,3,3
34735,3,1
34736,2,2
34737,4,2
34738,2,1
34739,2,2
34740,2,2
34741,2,2
34742,2,2
34743,2,0
34744,2,2
34745,2,2
34746,2,2
34747,2,2
34748,2,0
34749,2,1
34750,3,3
34751,2,2
34752,2,2
34753,2,2
34754,2,2
34755,2,0
34756,4,0
34757,3,1
34758,4,3
34759,2,0
34760,3,2
34761,4,0
34762,2,1
34763,2,2
34764,2,1
34765,2,1
34766,2,2
34767,2,2
34768,3,2
34769,2,1
34770,2,2
34771,2,1
34772,2,0
34773,2,0
34774,2,1
34775,3,2
34776,2,0
34777,2,0
34778,3,2
34779,2,2
34780,4,2
34781,2,2
34782,4,1
34783,2,0
34784,2,0
34785,2,2
34786,4,4
34787,3,3
34788,4,2
34789,2,0
34790,2,0
34791,4,2
34792,2,0
34793,2,2
34794,2,2
34795,2,0
34796,2,2
34797,2,1
34798,2,2
34799,2,0
34800,2,2
34801,2,0
34802,2,0
34803,2,0
34804,3,1
34805,2,1
34806,2,0
34807,2,0
34808,2,0
34809,2,2
34810,3,3
34811,2,2
34812,3,1
34813,3,3
34814,2,0
34815,3,0
34816,2,2
34817,2,2
34818,2,0
34819,2,2
34820,2,0
34821,2,0
34822,4,2
34823,2,2
34824,2,2
34825,2,0
34826,3,3
34827,2,1
34828,2,2
34829,3,1
34830,2,0
34831,3,1
34832,2,0
34833,2,2
34834,2,2
34835,2,2
34836,3,2
34837,4,3
34838,3,3
34839,2,0
34840,2,0
34841,2,2
34842,2,0
34843,3,3
34844,2,0
34845,3,1
34846,4,4
34847,2,1
34848,3,1
34849,2,2
34850,2,0
34851,2,0
34852,2,0
34853,2,2
34854,4,1
34855,2,0
34856,4,2
34857,4,3
34858,2,2
34859,2,0
34860,2,0
34861,2,1
34862,3,1
34863,2,1
34864,2,0
34865,3,3
34866,2,0
34867,2,1
34868,2,2
34869,3,1
34870,2,1
34871,2,2
34872,3,1
34873,2,1
34874,2,1
34875,3,1
34876,2,2
34877,2,0
34878,3,1
34879,2,0
34880,2,0
34881,2,1
34882,2,2
34883,2,2
34884,4,0
34885,2,1
34886,2,2
34887,2,1
34888,3,1
34889,2,0
34890,2,0
34891,2,1
34892,2,2
34893,2,0
34894,3,2
34895,2,0
34896,2,0
34897,2,1
34898,2,2
34899,2,0
34900,2,2
34901,2,0
34902,3,2
34903,3,1
34904,2,2
34905,2,2
34906,2,1
34907,2,1
34908,2,2
34909,3,3
34910,2,1
34911,2,0
34912,2,2
34913,2,1
34914,2,0
34915,2,0
34916,3,1
34917,3,3
34918,2,0
34919,2,2
34920,2,1
34921,2,2
34922,2,1
34923,2,0
34924,2,1
34925,2,0
34926,2,2
34927,4,2
34928,2,0
34929,3,2
34930,2,0
34931,2,1
34932,2,0
34933,2,1
34934,2,2
34935,2,0
34936,3,3
34937,2,1
34938,3,1
34939,2,0
34940,2,0
34941,2,2
34942,3,1
34943,2,0
34944,2,0
34945,2,0
34946,2,2
34947,2,2
34948,2,1
34949,2,0
34950,2,2
34951,3,2
34952,2,2
34953,2,2
34954,2,1
34955,2,1
34956,2,2
34957,2,2
34958,2,1
34959,3,1
34960,2,0
34961,2,1
34962,2,1
34963,2,0
34964,2,0
34965,2,2
34966,3,3
34967,2,2
34968,2,0
34969,3,1
34970,2,2
34971,2,2
34972,3,2
34973,2,2
34974,2,0
34975,3,1
34976,2,1
34977,2,2
34978,2,2
34979,2,2
34980,4,4
34981,2,1
34982,2,0
34983,3,3
34984,2,2
34985,2,0
34986,2,2
34987,2,0
34988,2,2
34989,2,0
34990,3,3
34991,2,2
34992,2,1
34993,2,0
34994,3,0
34995,2,0
34996,2,0
34997,2,2
34998,2,2
34999,2,1
35000,2,1
35001,2,2
35002,2,0
35003,2,1
35004,2,0
35005,2,0
35006,2,0
35007,3,3
35008,3,3
35009,3,3
35010,2,2
35011,2,1
35012,2,1
35013,3,1
35014,2,2
35015,2,1
35016,2,1
35017,2,0
35018,2,0
35019,4,2
35020,2,1
35021,2,2
35022,2,2
35023,2,0
35024,2,0
35025,2,2
35026,3,3
35027,2,2
35028,2,1
35029,2,1
35030,3,3
35031,2,0
35032,2,2
35033,3,1
35034,3,3
35035,2,0
35036,2,0
35037,3,3
35038,2,2
35039,2,1
35040,2,0
35041,2,1
35042,2,2
35043,2,0
35044,2,2
35045,2,2
35046,2,0
35047,2,2
35048,3,3
35049,3,0
35050,3,0
35051,2,2
35052,2,2
35053,2,2
35054,2,2
35055,2,1
35056,3,3
35057,4,3
35058,2,0
35059,2,0
35060,2,2
35061,2,1
35062,2,2
35063,2,2
35064,2,1
35065,3,2
35066,2,2
35067,2,0
35068,2,0
35069,3,1
35070,2,0
35071,2,1
35072,2,0
35073,3,3
35074,2,2
35075,2,0
35076,2,0
35077,2,0
35078,2,2
35079,2,2
35080,2,0
35081,2,1
35082,2,0
35083,2,2
35084,2,0
35085,4,3
35086,2,2
35087,2,0
35088,2,1
35089,2,1
35090,2,0
35091,2,2
35092,2,2
35093,4,0
35094,2,2
35095,3,3
35096,2,0
35097,2,2
35098,2,2
35099,2,2
35100,2,2
35101,2,2
35102,2,2
35103,2,0
35104,3,0
35105,2,2
35106,3,3
35107,2,0
35108,3,3
35109,2,2
35110,2,1
35111,2,2
35112,2,2
35113,2,1
35114,2,0
35115,2,1
35116,2,0
35117,3,3
35118,2,1
35119,2,0
35120,3,3
35121,3,1
35122,2,0
35123,3,1
35124,2,2
35125,3,3
35126,2,1
35127,2,2
35128,2,2
35129,4,4
35130,2,2
35131,3,1
35132,2,2
35133,2,2
35134,2,1
35135,2,1
35136,2,0
35137,2,2
35138,2,0
35139,3,1
35140,2,0
35141,2,1
35142,3,3
35143,4,3
35144,2,1
35145,3,2
35146,2,2
35147,2,2
35148,4,3
35149,3,1
35150,3,3
35151,2,1
35152,2,1
35153,2,2
35154,2,2
35155,3,1
35156,2,2
35157,3,1
35158,2,2
35159,2,0
35160,2,0
35161,3,2
35162,4,3
35163,3,2
35164,3,1
35165,2,2
35166,2,0
35167,3,1
35168,4,0
35169,2,2
35170,2,0
35171,3,1
35172,2,1
35173,2,2
35174,2,2
35175,2,0
35176,2,0
35177,2,2
35178,2,0
35179,2,2
35180,2,2
35181,2,0
35182,2,0
35183,2,0
35184,3,3
35185,2,0
35186,2,0
35187,2,1
35188,2,0
35189,3,1
35190,2,2
35191,2,2
35192,2,2
35193,2,0
35194,2,1
35195,2,2
35196,2,2
35197,2,0
35198,2,2
35199,2,1
35200,2,1
35201,2,2
35202,2,0
35203,2,0
35204,2,0
35205,2,2
35206,2,2
35207,4,4
35208,3,3
35209,2,2
35210,2,0
35211,2,2
35212,2,0
35213,2,2
35214,3,2
35215,4,4
35216,2,0
35217,3,3
35218,2,2
35219,2,2
35220,2,1
35221,2,1
35222,2,1
35223,2,2
35224,3,3
35225,2,2
35226,2,2
35227,2,2
35228,2,2
35229,2,1
35230,4,3
35231,2,2
35232,2,1
35233,2,0
35234,4,3
35235,2,2
35236,2,1
35237,2,1
35238,2,2
35239,2,2
35240,2,2
35241,2,0
35242,2,2
35243,3,3
35244,3,2
35245,2,2
35246,3,1
35247,2,2
35248,2,0
35249,2,2
35250,2,2
35251,4,4
35252,2,0
35253,2,2
35254,2,2
35255,2,0
35256,2,2
35257,2,1
35258,4,1
35259,2,2
35260,3,2
35261,3,1
35262,3,1
35263,3,3
35264,2,1
35265,2,2
35266,2,0
35267,4,4
35268,3,0
35269,2,0
35270,3,2
35271,2,2
35272,2,2
35273,2,2
35274,2,0
35275,2,2
35276,2,2
35277,2,0
35278,3,3
35279,2,2
35280,2,0
35281,2,2
35282,2,0
35283,2,2
35284,3,2
35285,2,0
35286,2,2
35287,2,2
35288,2,2
35289,2,0
35290,2,2
35291,2,1
35292,2,2
35293,3,3
35294,2,1
35295,2,1
35296,2,2
35297,2,0
35298,2,2
35299,2,2
35300,3,3
35301,2,2
35302,2,2
35303,2,2
35304,3,2
35305,2,2
35306,4,1
35307,2,0
35308,2,0
35309,3,0
35310,2,0
35311,4,3
35312,2,0
35313,3,2
35314,2,0
35315,2,2
35316,3,2
35317,2,0
35318,2,2
35319,2,2
35320,2,0
35321,3,0
35322,2,0
35323,2,2
35324,2,2
35325,2,2
35326,2,0
35327,2,2
35328,2,1
35329,2,2
35330,2,1
35331,2,1
35332,4,2
35333,3,2
35334,2,2
35335,2,1
35336,2,2
35337,3,3
35338,2,2
35339,2,1
35340,2,1
35341,3,2
35342,2,2
35343,3,3
35344,3,3
35345,3,1
35346,2,0
35347,3,2
35348,2,2
35349,3,3
35350,2,2
35351,2,1
35352,2,0
35353,2,0
35354,2,1
35355,2,2
35356,3,3
35357,2,0
35358,2,0
35359,3,2
35360,3,0
35361,2,0
35362,2,2
35363,2,1
35364,2,0
35365,4,2
35366,2,0
35367,4,4
35368,2,0
35369,2,1
35370,2,0
35371,3,1
35372,2,1
35373,2,2
35374,2,0
35375,2,0
35376,2,0
35377,2,2
35378,3,3
35379,2,2
35380,2,2
35381,2,2
35382,2,2
35383,3,2
35384,2,1
35385,2,2
35386,3,3
35387,2,1
35388,4,4
35389,2,1
35390,2,0
35391,2,2
35392,2,2
35393,2,2
35394,2,2
35395,2,2
35396,2,0
35397,2,0
35398,3,2
35399,3,2
35400,2,0
35401,2,1
35402,3,1
35403,4,2
35404,4,4
35405,2,0
35406,2,2
35407,3,2
35408,2,1
35409,3,1
35410,2,2
35411,3,1
35412,2,0
35413,3,3
35414,3,1
35415,2,2
35416,2,1
35417,2,2
35418,2,2
35419,2,2
35420,2,2
35421,2,0
35422,2,2
35423,2,2
35424,2,1
35425,2,0
35426,2,1
35427,3,0
35428,3,2
35429,2,0
35430,2,1
35431,2,2
35432,3,0
35433,2,2
35434,2,2
35435,2,0
35436,2,2
35437,2,2
35438,2,0
35439,2,1
35440,2,2
35441,3,1
35442,2,2
35443,2,0
35444,2,2
35445,2,1
35446,2,0
35447,2,1
35448,3,1
35449,2,0
35450,2,0
35451,3,3
35452,2,0
35453,2,2
35454,2,0
35455,2,2
35456,2,0
35457,3,3
35458,2,1
35459,2,2
35460,3,2
35461,2,2
35462,3,0
35463,2,2
35464,3,1
35465,3,1
35466,2,2
35467,2,2
35468,3,3
35469,2,2
35470,2,0
35471,4,2
35472,2,2
35473,4,2
35474,2,0
35475,3,1
35476,2,2
35477,2,1
35478,2,2
35479,2,0
35480,3,3
35481,2,0
35482,3,3
35483,2,1
35484,3,2
35485,2,1
35486,2,0
35487,3,3
35488,2,0
35489,2,2
35490,2,2
35491,2,1
35492,2,1
35493,2,0
35494,2,1
35495,3,1
35496,2,2
35497,2,2
35498,2,2
35499,2,0
35500,2,0
35501,2,1
35502,3,1
35503,2,0
35504,2,2
35505,2,0
35506,2,1
35507,2,2
35508,3,1
35509,2,0
35510,3,1
35511,2,2
35512,2,2
35513,2,2
35514,2,0
35515,2,2
35516,2,2
35517,2,2
35518,3,3
35519,2,0
35520,2,1
35521,3,0
35522,2,2
35523,2,0
35524,2,0
35525,2,2
35526,2,2
35527,2,1
35528,2,0
35529,3,2
35530,3,3
35531,3,1
35532,2,2
35533,2,0
35534,2,2
35535,2,2
35536,2,0
35537,2,1
35538,2,0
35539,2,2
35540,2,2
35541,2,0
35542,2,1
35543,4,4
35544,2,0
35545,2,2
35546,2,0
35547,2,2
35548,2,2
35549,2,2
35550,2,2
35551,2,2
35552,2,1
35553,2,2
35554,4,3
35555,2,2
35556,2,2
35557,2,2
35558,3,3
35559,2,2
35560,2,0
35561,4,3
35562,3,2
35563,2,2
35564,2,2
35565,3,1
35566,3,1
35567,3,1
35568,2,2
35569,2,2
35570,2,2
35571,3,3
35572,3,2
35573,2,2
35574,2,0
35575,3,0
35576,3,3
35577,2,2
35578,3,2
35579,3,2
35580,2,0
35581,2,2
35582,2,1
35583,3,1
35584,2,2
35585,3,2
35586,4,1
35587,2,1
35588,2,1
35589,2,2
35590,2,0
35591,4,3
35592,2,2
35593,4,1
35594,3,3
35595,2,0
35596,2,2
35597,2,2
35598,2,2
35599,2,2
35600,2,0
35601,2,2
35602,2,0
35603,3,3
35604,2,2
35605,2,0
35606,3,0
35607,2,2
35608,3,1
35609,4,3
35610,2,0
35611,3,1
35612,2,2
35613,2,0
35614,2,2
35615,2,0
35616,2,1
35617,4,0
35618,2,2
35619,2,2
35620,2,1
35621,2,1
35622,2,0
35623,2,0
35624,2,2
35625,2,2
35626,2,1
35627,2,2
35628,2,0
35629,2,0
35630,2,0
35631,3,3
35632,2,0
35633,2,0
35634,2,1
35635,3,2
35636,3,1
35637,3,2
35638,2,2
35639,2,0
35640,2,0
35641,3,3
35642,2,0
35643,2,2
35644,3,2
35645,2,2
35646,2,0
35647,2,0
35648,4,4
35649,2,2
35650,2,1
35651,2,2
35652,2,2
35653,2,2
35654,2,2
35655,2,2
35656,2,2
35657,2,2
35658,3,1
35659,2,1
35660,2,2
35661,2,1
35662,2,2
35663,2,0
35664,2,2
35665,2,2
35666,2,2
35667,2,2
35668,2,2
35669,2,0
35670,2,0
35671,4,3
35672,2,2
35673,2,0
35674,2,2
35675,2,2
35676,2,2
35677,2,1
35678,2,1
35679,4,4
35680,2,2
35681,3,3
35682,2,2
35683,2,0
35684,2,2
35685,4,3
35686,3,3
35687,2,0
35688,2,0
35689,2,2
35690,2,2
35691,2,1
35692,3,0
35693,2,2
35694,2,0
35695,2,2
35696,2,0
35697,3,2
35698,2,0
35699,2,0
35700,2,2
35701,4,4
35702,2,0
35703,2,2
35704,2,2
35705,2,0
35706,2,2
35707,2,0
35708,3,2
35709,2,1
35710,2,1
35711,2,2
35712,2,1
35713,2,0
35714,2,0
35715,3,2
35716,2,1
35717,4,1
35718,3,0
35719,3,3
35720,3,1
35721,2,0
35722,3,1
35723,2,2
35724,2,0
35725,2,2
35726,2,2
35727,2,2
35728,2,1
35729,2,0
35730,4,2
35731,2,0
35732,2,0
35733,2,1
35734,3,1
35735,2,0
35736,2,2
35737,2,1
35738,2,0
35739,2,2
35740,2,0
35741,2,2
35742,2,1
35743,2,2
35744,2,0
35745,2,2
35746,2,2
35747,4,4
35748,3,3
35749,2,0
35750,3,3
35751,2,0
35752,4,4
35753,2,2
35754,2,2
35755,2,1
35756,2,2
35757,2,0
35758,2,0
35759,2,1
35760,3,1
35761,3,3
35762,3,2
35763,3,2
35764,2,2
35765,3,1
35766,2,0
35767,3,2
35768,2,2
35769,4,0
35770,2,2
35771,2,0
35772,2,0
35773,2,0
35774,4,4
35775,2,2
35776,4,3
35777,2,1
35778,3,3
35779,2,0
35780,2,0
35781,2,0
35782,3,1
35783,2,2
35784,3,1
35785,2,0
35786,2,0
35787,2,0
35788,2,2
35789,2,2
35790,3,1
35791,2,0
35792,2,0
35793,2,0
35794,2,2
35795,3,3
35796,2,0
35797,2,2
35798,2,2
35799,2,0
35800,2,0
35801,3,0
35802,2,0
35803,3,3
35804,2,2
35805,2,2
35806,2,2
35807,2,2
35808,2,2
35809,2,0
35810,2,2
35811,2,1
35812,2,2
35813,2,1
35814,2,2
35815,2,0
35816,2,2
35817,2,2
35818,2,2
35819,2,2
35820,3,1
35821,2,1
35822,2,1
35823,3,3
35824,2,2
35825,2,2
35826,3,1
35827,2,1
35828,2,0
35829,2,0
35830,2,2
35831,3,1
35832,2,2
35833,2,2
35834,2,2
35835,2,0
35836,3,1
35837,2,0
35838,2,1
35839,2,1
35840,2,2
35841,3,0
35842,2,2
35843,2,1
35844,3,0
35845,2,0
35846,2,2
35847,3,3
35848,2,2
35849,2,2
35850,2,0
35851,2,0
35852,2,2
35853,2,2
35854,2,2
35855,2,0
35856,2,2
35857,2,1
35858,2,2
35859,2,0
35860,2,2
35861,2,0
35862,3,2
35863,2,1
35864,2,2
35865,2,1
35866,2,0
35867,2,1
35868,2,2
35869,3,0
35870,2,2
35871,3,3
35872,2,2
35873,2,1
35874,2,1
35875,2,2
35876,2,2
35877,2,2
35878,2,1
35879,2,2
35880,2,0
35881,2,1
35882,2,2
35883,2,2
35884,2,2
35885,2,0
35886,2,0
35887,2,1
35888,2,2
35889,2,1
35890,2,0
35891,4,3
35892,2,0
35893,2,0
35894,2,0
35895,2,0
35896,2,2
35897,2,2
35898,2,2
35899,2,1
35900,2,1
35901,2,0
35902,2,0
35903,2,0
35904,2,0
35905,2,2
35906,2,2
35907,2,0
35908,2,0
35909,3,3
35910,2,2
35911,2,1
35912,2,2
35913,4,3
35914,4,3
35915,3,3
35916,3,2
35917,2,0
35918,3,0
35919,2,0
35920,2,0
35921,2,2
35922,2,0
35923,2,2
35924,2,2
35925,2,0
35926,4,2
35927,4,2
35928,2,0
35929,3,0
35930,2,0
35931,3,1
35932,2,0
35933,3,0
35934,2,1
35935,2,0
35936,2,1
35937,2,2
35938,3,2
35939,2,2
35940,2,0
35941,2,1
35942,2,2
35943,2,1
35944,2,1
35945,2,2
35946,3,1
35947,3,3
35948,4,4
35949,2,0
35950,2,2
35951,2,0
35952,3,2
35953,2,2
35954,2,0
35955,2,0
35956,4,3
35957,2,2
35958,2,2
35959,2,2
35960,3,0
35961,2,0
35962,3,1
35963,3,0
35964,3,2
35965,4,2
35966,2,2
35967,2,0
35968,2,0
35969,2,1
35970,4,4
35971,2,0
35972,2,2
35973,4,0
35974,3,2
35975,2,0
35976,3,1
35977,3,2
35978,2,2
35979,2,2
35980,4,2
35981,3,3
35982,2,0
35983,2,2
35984,2,2
35985,3,3
35986,2,2
35987,3,3
35988,2,2
35989,3,3
35990,2,2
35991,3,0
35992,2,2
35993,2,0
35994,2,1
35995,3,1
35996,2,2
35997,3,1
35998,3,3
35999,2,1
36000,4,4
36001,3,2
36002,2,2
36003,2,0
36004,2,0
36005,2,0
36006,2,2
36007,2,2
36008,2,1
36009,2,2
36010,2,2
36011,4,4
36012,4,0
36013,2,1
36014,3,1
36015,2,2
36016,3,1
36017,2,1
36018,2,2
36019,2,0
36020,2,2
36021,2,0
36022,2,0
36023,3,1
36024,2,2
36025,2,2
36026,2,2
36027,2,0
36028,4,4
36029,2,0
36030,4,2
36031,3,3
36032,2,0
36033,2,2
36034,2,0
36035,2,2
36036,2,2
36037,2,2
36038,2,2
36039,2,1
36040,2,1
36041,2,2
36042,2,0
36043,2,0
36044,3,1
36045,3,3
36046,2,1
36047,2,2
36048,2,2
36049,2,1
36050,2,1
36051,2,0
36052,2,0
36053,2,2
36054,2,2
36055,2,1
36056,2,2
36057,2,0
36058,2,2
36059,3,3
36060,3,3
36061,2,2
36062,2,2
36063,2,2
36064,3,2
36065,2,1
36066,4,1
36067,3,2
36068,2,2
36069,3,3
36070,2,0
36071,2,0
36072,2,0
36073,2,2
36074,2,0
36075,2,1
36076,3,2
36077,4,1
36078,2,2
36079,2,2
36080,4,4
36081,2,2
36082,2,0
36083,2,1
36084,4,3
36085,3,2
36086,2,1
36087,3,1
36088,3,1
36089,2,0
36090,2,0
36091,2,2
36092,3,0
36093,2,2
36094,4,3
36095,2,2
36096,3,3
36097,2,2
36098,2,2
36099,4,2
36100,2,0
36101,2,0
36102,2,2
36103,2,1
36104,3,0
36105,3,3
36106,2,0
36107,2,1
36108,2,1
36109,3,1
36110,2,2
36111,4,4
36112,3,1
36113,3,3
36114,2,2
36115,2,1
36116,3,3
36117,2,0
36118,2,1
36119,2,2
36120,2,2
36121,2,2
36122,3,2
36123,2,0
36124,2,1
36125,4,4
36126,2,1
36127,3,2
36128,4,2
36129,2,2
36130,4,0
36131,3,3
36132,3,2
36133,2,1
36134,2,2
36135,2,2
36136,3,1
36137,2,2
36138,3,2
36139,2,2
36140,3,3
36141,2,1
36142,2,2
36143,2,2
36144,2,0
36145,2,2
36146,2,0
36147,3,2
36148,2,0
36149,3,1
36150,2,0
36151,2,2
36152,2,0
36153,2,1
36154,2,2
36155,3,1
36156,3,0
36157,2,0
36158,2,0
36159,2,1
36160,2,2
36161,2,2
36162,2,2
36163,3,1
36164,2,1
36165,2,0
36166,2,1
36167,2,0
36168,3,3
36169,3,0
36170,2,2
36171,2,1
36172,4,2
36173,2,2
36174,2,0
36175,2,0
36176,2,1
36177,2,2
36178,2,0
36179,2,0
36180,2,2
36181,2,0
36182,2,1
36183,2,1
36184,2,1
36185,2,1
36186,3,2
36187,2,0
36188,2,2
36189,2,2
36190,2,0
36191,3,3
36192,2,2
36193,2,2
36194,2,0
36195,2,0
36196,2,1
36197,2,2
36198,2,1
36199,2,1
36200,2,2
36201,2,0
36202,2,0
36203,2,2
36204,2,0
36205,2,0
36206,2,0
36207,2,2
36208,3,3
36209,2,1
36210,2,0
36211,2,2
36212,2,1
36213,2,1
36214,3,0
36215,2,2
36216,2,2
36217,2,2
36218,2,2
36219,2,2
36220,2,1
36221,3,3
36222,3,1
36223,2,1
36224,3,2
36225,2,0
36226,2,0
36227,2,0
36228,2,0
36229,2,1
36230,2,2
36231,2,0
36232,3,1
36233,2,0
36234,2,2
36235,2,2
36236,2,2
36237,2,0
36238,2,2
36239,2,2
36240,2,2
36241,2,0
36242,2,0
36243,2,0
36244,2,2
36245,2,2
36246,3,1
36247,2,2
36248,2,1
36249,3,3
36250,2,1
36251,2,0
36252,2,2
36253,2,2
36254,2,2
36255,4,3
36256,2,0
36257,4,2
36258,2,2
36259,2,0
36260,2,0
36261,2,2
36262,3,1
36263,2,2
36264,2,0
36265,2,2
36266,2,0
36267,2,0
36268,2,0
36269,2,2
36270,2,1
36271,2,0
36272,2,2
36273,4,4
36274,2,0
36275,2,2
36276,4,0
36277,2,1
36278,2,2
36279,2,2
36280,2,2
36281,2,2
36282,2,0
36283,2,1
36284,2,2
36285,3,3
36286,3,3
36287,2,1
36288,3,1
36289,2,2
36290,4,1
36291,2,2
36292,2,2
36293,2,2
36294,2,1
36295,2,2
36296,2,0
36297,2,0
36298,4,2
36299,2,2
36300,2,2
36301,2,1
36302,2,2
36303,2,1
36304,3,3
36305,3,0
36306,2,2
36307,2,1
36308,2,0
36309,2,2
36310,3,3
36311,2,2
36312,2,2
36313,2,0
36314,2,2
36315,2,2
36316,4,4
36317,4,4
36318,3,3
36319,2,2
36320,3,2
36321,2,0
36322,2,2
36323,2,0
36324,2,2
36325,2,1
36326,2,2
36327,3,3
36328,3,3
36329,2,2
36330,4,2
36331,2,2
36332,2,2
36333,4,4
36334,2,2
36335,2,2
36336,2,0
36337,2,2
36338,2,2
36339,2,2
36340,2,0
36341,2,2
36342,2,0
36343,2,1
36344,2,1
36345,4,1
36346,2,2
36347,2,2
36348,3,0
36349,3,3
36350,2,2
36351,2,2
36352,2,0
36353,2,2
36354,2,0
36355,2,0
36356,3,2
36357,2,2
36358,2,1
36359,2,2
36360,3,1
36361,4,1
36362,2,0
36363,2,1
36364,3,2
36365,2,0
36366,2,1
36367,2,0
36368,2,2
36369,2,2
36370,2,1
36371,2,1
36372,2,2
36373,2,2
36374,3,3
36375,3,2
36376,2,0
36377,2,2
36378,4,3
36379,4,0
36380,3,2
36381,2,1
36382,2,0
36383,2,2
36384,2,2
36385,2,0
36386,4,4
36387,2,2
36388,3,0
36389,4,4
36390,3,3
36391,3,2
36392,2,0
36393,2,0
36394,2,2
36395,2,0
36396,4,0
36397,2,2
36398,3,1
36399,2,2
36400,2,1
36401,2,2
36402,2,2
36403,2,2
36404,2,2
36405,2,1
36406,3,3
36407,4,0
36408,2,1
36409,2,0
36410,3,1
36411,3,3
36412,2,2
36413,3,3
36414,4,4
36415,2,1
36416,2,0
36417,3,0
36418,2,1
36419,2,1
36420,4,2
36421,4,4
36422,2,2
36423,2,1
36424,2,1
36425,2,1
36426,2,1
36427,2,1
36428,2,2
36429,2,0
36430,2,1
36431,2,0
36432,2,0
36433,3,2
36434,2,0
36435,2,1
36436,2,2
36437,2,0
36438,3,3
36439,2,0
36440,2,2
36441,2,0
36442,3,1
36443,2,2
36444,3,3
36445,2,0
36446,2,2
36447,2,2
36448,2,2
36449,3,0
36450,3,0
36451,2,0
36452,2,0
36453,2,1
36454,2,0
36455,4,4
36456,2,0
36457,2,2
36458,3,1
36459,2,0
36460,2,2
36461,2,2
36462,2,2
36463,2,1
36464,2,1
36465,2,2
36466,3,0
36467,2,0
36468,2,2
36469,2,0
36470,2,2
36471,3,0
36472,4,4
36473,2,0
36474,3,3
36475,2,0
36476,2,2
36477,2,2
36478,3,0
36479,2,0
36480,2,0
36481,2,2
36482,4,2
36483,4,0
36484,2,0
36485,2,0
36486,2,0
36487,2,0
36488,3,0
36489,2,0
36490,4,2
36491,2,2
36492,2,2
36493,2,2
36494,2,2
36495,3,3
36496,2,0
36497,2,0
36498,2,0
36499,2,1
36500,2,2
36501,3,3
36502,4,0
36503,2,0
36504,2,0
36505,2,0
36506,2,2
36507,2,1
36508,3,1
36509,3,0
36510,2,1
36511,4,3
36512,2,1
36513,3,3
36514,2,2
36515,2,1
36516,2,2
36517,3,2
36518,2,0
36519,2,0
36520,2,2
36521,2,0
36522,2,2
36523,2,0
36524,2,0
36525,3,0
36526,2,0
36527,3,2
36528,3,3
36529,2,0
36530,2,2
36531,3,1
36532,3,3
36533,2,1
36534,2,2
36535,4,3
36536,2,2
36537,2,1
36538,4,0
36539,2,0
36540,2,0
36541,2,0
36542,2,0
36543,2,2
36544,2,2
36545,2,0
36546,2,2
36547,2,2
36548,3,2
36549,2,0
36550,2,2
36551,4,0
36552,3,3
36553,2,0
36554,3,3
36555,2,0
36556,2,2
36557,4,4
36558,3,1
36559,2,2
36560,3,0
36561,2,0
36562,3,3
36563,2,0
36564,2,2
36565,2,0
36566,2,1
36567,3,3
36568,3,2
36569,4,3
36570,2,0
36571,3,1
36572,3,1
36573,3,1
36574,2,2
36575,3,3
36576,3,1
36577,3,3
36578,2,0
36579,2,0
36580,2,2
36581,2,2
36582,2,2
36583,2,1
36584,3,2
36585,2,2
36586,3,3
36587,2,0
36588,2,1
36589,2,2
36590,2,1
36591,2,1
36592,4,2
36593,3,3
36594,2,0
36595,2,1
36596,3,1
36597,2,2
36598,2,2
36599,2,2
36600,2,2
36601,2,1
36602,2,0
36603,4,4
36604,2,1
36605,2,2
36606,2,1
36607,3,1
36608,2,2
36609,2,2
36610,2,0
36611,2,2
36612,2,2
36613,3,1
36614,2,0
36615,3,2
36616,2,0
36617,2,2
36618,2,0
36619,2,0
36620,3,0
36621,4,2
36622,2,2
36623,4,4
36624,2,2
36625,2,2
36626,2,0
36627,2,0
36628,2,2
36629,2,2
36630,2,0
36631,2,1
36632,2,2
36633,2,2
36634,4,4
36635,2,0
36636,2,2
36637,2,1
36638,4,0
36639,2,2
36640,2,0
36641,2,1
36642,2,0
36643,2,1
36644,3,3
36645,2,1
36646,2,1
36647,2,2
36648,2,2
36649,2,0
36650,2,2
36651,2,2
36652,2,2
36653,2,0
36654,2,2
36655,2,2
36656,2,0
36657,2,2
36658,2,2
36659,4,3
36660,2,1
36661,2,0
36662,4,4
36663,2,2
36664,4,2
36665,2,2
36666,2,1
36667,4,1
36668,2,2
36669,2,2
36670,2,1
36671,2,2
36672,2,1
36673,3,2
36674,4,4
36675,2,1
36676,2,2
36677,3,1
36678,2,0
36679,3,0
36680,4,4
36681,2,0
36682,3,2
36683,2,0
36684,2,2
36685,2,2
36686,4,3
36687,2,0
36688,3,1
36689,2,2
36690,2,1
36691,2,0
36692,3,0
36693,2,0
36694,2,2
36695,3,0
36696,2,2
36697,2,2
36698,2,0
36699,2,1
36700,4,1
36701,2,0
36702,2,0
36703,4,0
36704,2,0
36705,2,0
36706,2,2
36707,4,0
36708,2,1
36709,2,2
36710,2,1
36711,2,0
36712,2,2
36713,2,1
36714,2,0
36715,2,2
36716,2,2
36717,2,2
36718,4,0
36719,2,1
36720,2,2
36721,2,0
36722,2,2
36723,2,0
36724,2,2
36725,2,2
36726,2,2
36727,2,2
36728,2,2
36729,2,2
36730,2,2
36731,3,1
36732,2,2
36733,3,3
36734,2,1
36735,3,3
36736,2,1
36737,2,0
36738,4,4
36739,3,0
36740,2,2
36741,2,0
36742,2,1
36743,2,2
36744,2,0
36745,2,1
36746,2,2
36747,2,1
36748,4,2
36749,2,1
36750,2,0
36751,2,2
36752,3,3
36753,2,1
36754,2,2
36755,3,1
36756,2,0
36757,2,0
36758,2,2
36759,3,1
36760,3,3
36761,2,0
36762,2,2
36763,2,0
36764,2,2
36765,2,2
36766,2,2
36767,3,3
36768,2,1
36769,3,1
36770,2,0
36771,2,0
36772,2,2
36773,3,3
36774,2,2
36775,4,2
36776,2,1
36777,2,1
36778,2,2
36779,3,3
36780,3,3
36781,3,3
36782,2,0
36783,2,0
36784,2,2
36785,2,2
36786,2,0
36787,2,2
36788,2,0
36789,2,2
36790,2,0
36791,4,3
36792,3,2
36793,2,2
36794,2,2
36795,2,0
36796,3,1
36797,2,0
36798,3,1
36799,2,1
36800,2,2
36801,2,2
36802,2,2
36803,2,0
36804,2,1
36805,2,2
36806,3,0
36807,3,1
36808,2,0
36809,2,0
36810,2,2
36811,2,0
36812,2,0
36813,2,2
36814,2,0
36815,3,1
36816,2,1
36817,2,2
36818,2,2
36819,2,0
36820,2,2
36821,3,3
36822,3,1
36823,2,0
36824,4,2
36825,2,1
36826,2,1
36827,2,0
36828,3,3
36829,2,2
36830,2,0
36831,2,1
36832,2,0
36833,2,2
36834,2,0
36835,2,0
36836,2,0
36837,2,0
36838,3,3
36839,2,2
36840,4,0
36841,2,1
36842,2,0
36843,2,0
36844,2,2
36845,2,2
36846,2,2
36847,2,1
36848,2,2
36849,2,2
36850,3,1
36851,2,1
36852,2,2
36853,4,4
36854,2,0
36855,2,2
36856,3,0
36857,3,0
36858,2,0
36859,2,2
36860,3,2
36861,2,1
36862,2,1
36863,2,2
36864,2,0
36865,3,2
36866,2,1
36867,2,2
36868,2,0
36869,2,2
36870,2,0
36871,3,1
36872,2,1
36873,3,0
36874,2,2
36875,3,3
36876,2,0
36877,2,1
36878,2,0
36879,2,0
36880,2,0
36881,2,2
36882,2,0
36883,2,2
36884,4,4
36885,2,0
36886,3,2
36887,2,2
36888,2,2
36889,2,0
36890,2,1
36891,2,1
36892,2,0
36893,2,0
36894,2,1
36895,2,1
36896,2,1
36897,2,0
36898,2,0
36899,2,1
36900,2,2
36901,3,3
36902,2,0
36903,2,2
36904,3,2
36905,4,4
36906,2,0
36907,2,2
36908,2,0
36909,2,0
36910,3,2
36911,2,0
36912,2,1
36913,2,2
36914,3,3
36915,3,0
36916,2,1
36917,2,0
36918,2,2
36919,2,1
36920,2,2
36921,2,2
36922,2,2
36923,2,2
36924,2,0
36925,2,0
36926,4,0
36927,2,0
36928,2,0
36929,2,2
36930,2,1
36931,2,1
36932,2,2
36933,2,0
36934,2,2
36935,2,0
36936,3,3
36937,4,3
36938,3,3
36939,2,2
36940,2,1
36941,2,0
36942,2,0
36943,2,0
36944,4,4
36945,2,2
36946,3,2
36947,4,0
36948,2,2
36949,2,2
36950,2,2
36951,2,2
36952,4,3
36953,2,2
36954,2,2
36955,2,2
36956,2,0
36957,2,2
36958,2,2
36959,3,2
36960,2,1
36961,2,2
36962,2,2
36963,2,2
36964,2,1
36965,2,0
36966,2,2
36967,2,0
36968,4,2
36969,2,1
36970,2,2
36971,2,0
36972,2,2
36973,2,0
36974,2,2
36975,2,2
36976,2,2
36977,3,2
36978,4,2
36979,2,0
36980,2,2
36981,2,0
36982,3,2
36983,4,0
36984,2,2
36985,2,0
36986,2,2
36987,3,3
36988,2,2
36989,2,2
36990,3,2
36991,2,0
36992,2,0
36993,2,0
36994,2,1
36995,3,1
36996,2,2
36997,2,0
36998,2,2
36999,2,1
37000,2,2
37001,2,0
37002,2,0
37003,2,0
37004,2,2
37005,2,2
37006,3,3
37007,2,0
37008,3,2
37009,3,2
37010,3,1
37011,2,1
37012,2,0
37013,2,2
37014,3,1
37015,2,0
37016,2,0
37017,3,1
37018,3,0
37019,3,1
37020,2,0
37021,2,1
37022,2,1
37023,4,4
37024,2,2
37025,2,2
37026,2,0
37027,2,2
37028,2,2
37029,2,0
37030,3,2
37031,2,2
37032,2,0
37033,2,2
37034,2,1
37035,2,0
37036,2,1
37037,3,3
37038,2,0
37039,3,0
37040,2,2
37041,2,0
37042,2,0
37043,4,3
37044,2,2
37045,2,1
37046,2,0
37047,2,0
37048,2,2
37049,2,2
37050,3,1
37051,2,2
37052,2,2
37053,2,0
37054,2,0
37055,3,1
37056,2,1
37057,2,1
37058,3,1
37059,3,1
37060,3,1
37061,4,4
37062,3,0
37063,2,1
37064,2,0
37065,2,1
37066,4,2
37067,2,0
37068,2,0
37069,2,2
37070,3,2
37071,2,0
37072,3,3
37073,3,0
37074,2,0
37075,2,2
37076,2,0
37077,2,2
37078,2,0
37079,2,2
37080,2,0
37081,2,2
37082,2,0
37083,3,3
37084,2,2
37085,2,2
37086,2,0
37087,3,2
37088,2,2
37089,3,1
37090,3,1
37091,2,0
37092,2,2
37093,3,1
37094,2,2
37095,2,0
37096,4,2
37097,2,0
37098,3,2
37099,2,0
37100,3,3
37101,2,1
37102,2,1
37103,2,0
37104,2,1
37105,2,0
37106,2,2
37107,2,2
37108,2,1
37109,2,2
37110,2,0
37111,2,2
37112,2,0
37113,2,2
37114,2,2
37115,3,3
37116,3,2
37117,4,4
37118,2,0
37119,2,2
37120,2,2
37121,3,2
37122,3,2
37123,3,1
37124,4,3
37125,2,2
37126,2,0
37127,3,1
37128,2,2
37129,2,2
37130,3,0
37131,2,1
37132,2,2
37133,3,3
37134,2,2
37135,2,0
37136,2,0
37137,4,3
37138,2,2
37139,2,1
37140,2,0
37141,2,1
37142,2,0
37143,2,0
37144,2,2
37145,2,0
37146,2,1
37147,2,1
37148,3,2
37149,2,2
37150,2,2
37151,2,2
37152,2,1
37153,2,2
37154,2,1
37155,3,1
37156,2,0
37157,2,0
37158,2,2
37159,2,0
37160,2,0
37161,4,2
37162,2,2
37163,2,1
37164,2,1
37165,3,3
37166,3,1
37167,2,0
37168,2,0
37169,4,1
37170,4,4
37171,2,0
37172,2,1
37173,2,1
37174,4,4
37175,2,2
37176,2,0
37177,2,1
37178,2,1
37179,2,2
37180,2,2
37181,3,3
37182,3,2
37183,2,0
37184,2,0
37185,2,2
37186,2,2
37187,2,2
37188,2,0
37189,3,3
37190,3,1
37191,2,2
37192,2,1
37193,2,0
37194,3,3
37195,2,0
37196,2,2
37197,2,0
37198,2,1
37199,2,2
37200,2,2
37201,3,3
37202,4,3
37203,2,2
37204,2,0
37205,3,3
37206,2,1
37207,2,0
37208,2,2
37209,2,0
37210,2,2
37211,2,0
37212,2,0
37213,2,0
37214,2,2
37215,2,1
37216,4,3
37217,2,0
37218,4,3
37219,2,1
37220,3,3
37221,2,1
37222,2,0
37223,3,1
37224,2,2
37225,3,1
37226,2,2
37227,3,1
37228,3,3
37229,2,0
37230,2,2
37231,2,2
37232,2,0
37233,3,3
37234,3,1
37235,2,2
37236,2,2
37237,2,1
37238,2,1
37239,2,0
37240,2,2
37241,4,4
37242,3,0
37243,2,0
37244,2,2
37245,2,2
37246,3,3
37247,3,1
37248,2,2
37249,2,2
37250,2,1
37251,2,0
37252,2,2
37253,2,1
37254,2,0
37255,3,3
37256,3,1
37257,2,0
37258,2,2
37259,2,1
37260,2,2
37261,2,2
37262,2,2
37263,2,2
37264,2,2
37265,2,0
37266,3,1
37267,2,2
37268,2,2
37269,2,2
37270,2,2
37271,3,2
37272,3,1
37273,2,0
37274,2,2
37275,2,2
37276,2,0
37277,2,2
37278,2,2
37279,2,2
37280,2,0
37281,3,1
37282,2,0
37283,2,0
37284,3,0
37285,2,2
37286,2,0
37287,2,2
37288,2,1
37289,2,2
37290,2,0
37291,2,2
37292,2,0
37293,3,2
37294,2,0
37295,3,2
37296,4,3
37297,2,0
37298,2,2
37299,2,0
37300,2,2
37301,2,1
37302,2,0
37303,2,2
37304,2,1
37305,3,1
37306,2,0
37307,2,1
37308,3,2
37309,2,0
37310,3,2
37311,2,0
37312,3,3
37313,2,2
37314,2,2
37315,2,2
37316,2,0
37317,2,2
37318,2,2
37319,2,2
37320,3,1
37321,2,1
37322,2,0
37323,3,0
37324,3,3
37325,2,1
37326,4,2
37327,3,2
37328,2,1
37329,4,2
37330,2,0
37331,2,2
37332,4,3
37333,2,2
37334,2,2
37335,2,0
37336,4,3
37337,2,2
37338,2,2
37339,4,2
37340,3,0
37341,2,1
37342,3,3
37343,2,2
37344,2,1
37345,2,2
37346,2,1
37347,2,2
37348,4,2
37349,3,1
37350,3,3
37351,4,0
37352,2,0
37353,4,2
37354,2,2
37355,2,1
37356,2,0
37357,4,4
37358,2,0
37359,2,2
37360,2,2
37361,3,2
37362,2,1
37363,4,4
37364,3,1
37365,2,2
37366,2,0
37367,3,3
37368,2,2
37369,2,0
37370,2,2
37371,3,0
37372,3,1
37373,2,0
37374,3,1
37375,2,2
37376,2,2
37377,2,0
37378,3,3
37379,4,2
37380,3,0
37381,2,2
37382,2,0
37383,4,0
37384,2,1
37385,2,0
37386,2,1
37387,3,3
37388,2,2
37389,3,3
37390,3,2
37391,2,0
37392,3,1
37393,2,2
37394,3,3
37395,4,3
37396,2,0
37397,2,2
37398,2,0
37399,3,3
37400,2,0
37401,2,2
37402,2,2
37403,2,2
37404,2,0
37405,2,0
37406,4,3
37407,2,0
37408,2,1
37409,3,3
37410,2,1
37411,2,2
37412,2,2
37413,3,1
37414,2,2
37415,3,3
37416,2,2
37417,2,2
37418,2,0
37419,3,3
37420,2,0
37421,3,2
37422,2,2
37423,2,1
37424,2,0
37425,2,2
37426,2,0
37427,2,2
37428,2,1
37429,2,1
37430,2,2
37431,4,0
37432,2,1
37433,2,2
37434,3,1
37435,4,4
37436,2,0
37437,2,0
37438,2,0
37439,2,0
37440,2,0
37441,2,1
37442,3,3
37443,4,4
37444,2,0
37445,2,2
37446,2,1
37447,2,0
37448,2,2
37449,2,2
37450,2,1
37451,2,0
37452,4,4
37453,2,2
37454,2,0
37455,2,1
37456,3,2
37457,2,2
37458,2,2
37459,2,0
37460,2,2
37461,2,2
37462,2,2
37463,2,2
37464,2,2
37465,2,2
37466,3,3
37467,3,1
37468,2,1
37469,2,0
37470,2,2
37471,3,1
37472,3,1
37473,2,1
37474,4,4
37475,2,2
37476,2,0
37477,3,1
37478,4,4
37479,2,1
37480,2,0
37481,2,2
37482,2,2
37483,2,2
37484,2,2
37485,2,1
37486,2,2
37487,2,1
37488,3,3
37489,2,2
37490,2,2
37491,4,3
37492,3,0
37493,2,0
37494,4,2
37495,2,1
37496,4,0
37497,2,2
37498,3,3
37499,2,2
37500,3,3
37501,3,2
37502,4,0
37503,2,0
37504,2,1
37505,2,2
37506,2,1
37507,2,1
37508,2,0
37509,3,2
37510,3,3
37511,2,2
37512,3,2
37513,2,2
37514,2,2
37515,2,0
37516,2,1
37517,2,2
37518,2,0
37519,3,3
37520,2,2
37521,3,2
37522,2,0
37523,3,1
37524,2,2
37525,3,2
37526,3,2
37527,4,4
37528,2,2
37529,2,0
37530,2,2
37531,2,0
37532,3,2
37533,2,0
37534,2,2
37535,2,0
37536,2,2
37537,2,2
37538,3,2
37539,2,2
37540,2,2
37541,2,2
37542,2,2
37543,2,0
37544,3,1
37545,2,0
37546,2,1
37547,2,1
37548,2,1
37549,3,3
37550,3,1
37551,2,2
37552,2,2
37553,2,2
37554,3,1
37555,2,0
37556,2,2
37557,2,1
37558,3,0
37559,3,1
37560,2,2
37561,2,2
37562,2,0
37563,2,2
37564,2,2
37565,2,2
37566,3,2
37567,2,2
37568,2,2
37569,4,2
37570,3,0
37571,2,2
37572,2,2
37573,2,1
37574,3,3
37575,2,2
37576,2,1
37577,2,2
37578,2,0
37579,3,1
37580,4,1
37581,2,2
37582,4,4
37583,2,0
37584,2,2
37585,3,3
37586,2,2
37587,3,0
37588,2,2
37589,2,0
37590,4,4
37591,2,0
37592,2,2
37593,2,0
37594,3,2
37595,3,3
37596,2,0
37597,2,2
37598,2,0
37599,2,2
37600,2,0
37601,3,3
37602,2,2
37603,2,2
37604,2,2
37605,2,0
37606,2,2
37607,2,2
37608,2,0
37609,2,0
37610,2,2
37611,4,1
37612,2,1
37613,2,0
37614,3,1
37615,2,1
37616,2,0
37617,2,1
37618,2,2
37619,2,2
37620,2,2
37621,2,2
37622,2,2
37623,2,2
37624,2,2
37625,2,1
37626,3,3
37627,3,1
37628,2,1
37629,2,1
37630,3,1
37631,2,0
37632,2,2
37633,2,0
37634,3,1
37635,2,1
37636,2,1
37637,2,2
37638,2,2
37639,2,2
37640,3,1
37641,2,2
37642,2,2
37643,2,2
37644,4,2
37645,2,2
37646,3,1
37647,2,0
37648,2,2
37649,2,0
37650,2,0
37651,2,0
37652,2,0
37653,2,2
37654,4,4
37655,3,3
37656,2,0
37657,2,2
37658,2,2
37659,3,2
37660,3,3
37661,2,1
37662,2,1
37663,2,1
37664,2,0
37665,2,2
37666,2,0
37667,3,3
37668,2,1
37669,3,2
37670,3,2
37671,2,0
37672,2,0
37673,2,2
37674,4,2
37675,2,2
37676,2,2
37677,2,2
37678,2,2
37679,2,0
37680,4,3
37681,2,2
37682,4,0
37683,3,3
37684,2,0
37685,2,1
37686,2,1
37687,2,1
37688,2,2
37689,2,1
37690,2,0
37691,2,2
37692,3,3
37693,2,2
37694,2,1
37695,4,1
37696,3,2
37697,2,2
37698,2,2
37699,3,3
37700,2,2
37701,2,0
37702,4,0
37703,2,2
37704,2,0
37705,2,1
37706,2,2
37707,3,3
37708,2,0
37709,2,0
37710,2,0
37711,2,0
37712,4,0
37713,2,2
37714,2,0
37715,2,1
37716,2,2
37717,2,2
37718,3,3
37719,4,3
37720,3,3
37721,2,2
37722,3,0
37723,4,3
37724,2,1
37725,2,2
37726,2,0
37727,4,3
37728,2,2
37729,2,2
37730,2,0
37731,4,4
37732,3,3
37733,2,1
37734,2,0
37735,2,2
37736,4,2
37737,2,2
37738,2,2
37739,2,2
37740,2,1
37741,2,0
37742,2,0
37743,2,1
37744,3,0
37745,2,1
37746,2,2
37747,2,0
37748,2,2
37749,3,1
37750,3,2
37751,3,2
37752,2,2
37753,2,0
37754,3,1
37755,3,3
37756,4,3
37757,2,1
37758,2,2
37759,2,2
37760,4,4
37761,4,4
37762,2,2
37763,3,1
37764,2,0
37765,2,1
37766,2,2
37767,2,2
37768,2,0
37769,2,2
37770,2,0
37771,2,1
37772,2,2
37773,2,2
37774,2,2
37775,3,1
37776,3,1
37777,2,1
37778,2,2
37779,2,1
37780,2,1
37781,2,2
37782,3,2
37783,3,2
37784,2,2
37785,3,0
37786,3,0
37787,3,3
37788,2,1
37789,3,1
37790,2,2
37791,3,3
37792,2,2
37793,2,1
37794,2,0
37795,2,0
37796,2,2
37797,2,0
37798,2,2
37799,2,1
37800,2,1
37801,2,0
37802,2,1
37803,2,0
37804,2,0
37805,2,0
37806,3,1
37807,2,2
37808,2,1
37809,2,2
37810,2,0
37811,3,1
37812,3,3
37813,2,2
37814,2,0
37815,2,0
37816,2,2
37817,2,0
37818,2,0
37819,4,4
37820,2,1
37821,2,2
37822,2,0
37823,3,3
37824,2,2
37825,3,1
37826,2,2
37827,2,0
37828,3,1
37829,2,2
37830,2,2
37831,2,0
37832,2,2
37833,2,1
37834,2,1
37835,2,1
37836,2,2
37837,2,0
37838,2,1
37839,2,2
37840,2,0
37841,3,2
37842,2,1
37843,2,0
37844,2,0
37845,2,0
37846,3,3
37847,3,2
37848,2,1
37849,2,1
37850,2,0
37851,2,2
37852,3,1
37853,2,2
37854,3,0
37855,2,2
37856,2,2
37857,2,0
37858,2,0
37859,2,2
37860,3,0
37861,2,2
37862,2,2
37863,3,3
37864,2,1
37865,2,0
37866,2,0
37867,2,0
37868,2,2
37869,3,3
37870,2,0
37871,2,2
37872,2,2
37873,2,2
37874,2,0
37875,2,0
37876,2,0
37877,4,0
37878,2,1
37879,2,0
37880,2,2
37881,2,0
37882,3,0
37883,2,1
37884,2,0
37885,4,3
37886,2,1
37887,2,2
37888,2,2
37889,2,1
37890,2,0
37891,3,3
37892,2,0
37893,2,1
37894,2,1
37895,3,2
37896,2,0
37897,2,2
37898,2,2
37899,3,1
37900,2,2
37901,2,2
37902,2,2
37903,2,2
37904,2,0
37905,4,2
37906,3,3
37907,2,2
37908,2,2
37909,2,0
37910,2,0
37911,2,0
37912,2,2
37913,2,0
37914,4,0
37915,3,2
37916,2,2
37917,2,2
37918,2,2
37919,2,1
37920,3,2
37921,2,0
37922,2,2
37923,3,3
37924,2,2
37925,2,2
37926,2,1
37927,2,2
37928,4,2
37929,3,0
37930,2,1
37931,2,0
37932,3,3
37933,2,1
37934,2,0
37935,3,2
37936,2,0
37937,2,2
37938,2,2
37939,2,1
37940,4,1
37941,2,2
37942,2,0
37943,3,2
37944,2,2
37945,2,2
37946,2,0
37947,2,0
37948,2,2
37949,2,0
37950,3,3
37951,3,1
37952,3,0
37953,2,0
37954,2,2
37955,2,0
37956,2,0
37957,4,4
37958,2,0
37959,2,0
37960,2,2
37961,2,2
37962,2,2
37963,4,4
37964,2,2
37965,3,2
37966,2,2
37967,2,2
37968,3,3
37969,2,2
37970,2,0
37971,2,1
37972,2,0
37973,2,1
37974,3,0
37975,3,1
37976,2,2
37977,2,1
37978,2,0
37979,2,2
37980,3,3
37981,2,0
37982,2,0
37983,3,3
37984,4,2
37985,2,0
37986,4,3
37987,2,0
37988,2,0
37989,2,2
37990,3,1
37991,2,1
37992,2,0
37993,4,4
37994,4,0
37995,2,2
37996,2,2
37997,2,0
37998,2,2
37999,2,0
38000,4,4
38001,3,1
38002,2,0
38003,2,2
38004,3,1
38005,2,2
38006,3,3
38007,2,2
38008,4,1
38009,2,1
38010,2,2
38011,3,0
38012,2,0
38013,2,0
38014,2,1
38015,2,2
38016,2,1
38017,2,2
38018,2,0
38019,2,1
38020,2,0
38021,2,0
38022,2,1
38023,2,2
38024,2,0
38025,2,0
38026,3,1
38027,2,0
38028,2,1
38029,2,0
38030,2,2
38031,2,2
38032,2,0
38033,2,2
38034,2,2
38035,2,2
38036,2,2
38037,2,1
38038,2,2
38039,2,1
38040,2,2
38041,4,2
38042,2,2
38043,4,0
38044,2,2
38045,2,2
38046,2,0
38047,2,1
38048,2,2
38049,2,2
38050,3,3
38051,3,3
38052,3,2
38053,2,0
38054,3,3
38055,2,1
38056,4,2
38057,3,3
38058,2,0
38059,2,1
38060,2,1
38061,2,0
38062,2,0
38063,2,0
38064,4,0
38065,3,2
38066,2,0
38067,2,0
38068,2,2
38069,2,2
38070,2,2
38071,2,0
38072,2,2
38073,2,0
38074,2,2
38075,2,2
38076,2,1
38077,2,2
38078,2,1
38079,3,3
38080,2,2
38081,2,0
38082,2,2
38083,2,1
38084,2,1
38085,2,2
38086,2,0
38087,3,1
38088,2,2
38089,2,2
38090,2,2
38091,2,2
38092,2,0
38093,3,0
38094,2,2
38095,3,3
38096,2,2
38097,2,2
38098,2,2
38099,4,4
38100,3,2
38101,2,0
38102,4,0
38103,3,2
38104,2,0
38105,2,2
38106,3,3
38107,2,0
38108,2,0
38109,3,1
38110,2,2
38111,3,0
38112,3,3
38113,2,2
38114,3,3
38115,2,2
38116,2,1
38117,2,1
38118,2,0
38119,2,0
38120,2,1
38121,2,1
38122,2,2
38123,2,1
38124,2,2
38125,2,2
38126,2,0
38127,2,1
38128,2,2
38129,2,1
38130,2,2
38131,3,0
38132,2,2
38133,2,2
38134,2,0
38135,2,1
38136,2,0
38137,2,1
38138,2,0
38139,2,2
38140,2,0
38141,2,2
38142,3,3
38143,2,0
38144,2,2
38145,2,2
38146,2,0
38147,3,3
38148,2,0
38149,2,0
38150,2,1
38151,3,2
38152,2,2
38153,4,2
38154,2,1
38155,2,2
38156,3,1
38157,3,1
38158,2,0
38159,3,3
38160,2,0
38161,2,0
38162,2,0
38163,2,1
38164,2,2
38165,2,0
38166,2,0
38167,2,2
38168,4,0
38169,3,1
38170,2,0
38171,2,0
38172,2,0
38173,2,2
38174,4,2
38175,2,2
38176,2,2
38177,2,2
38178,4,2
38179,2,0
38180,2,0
38181,2,0
38182,2,1
38183,3,3
38184,2,0
38185,2,2
38186,2,0
38187,2,0
38188,2,1
38189,3,1
38190,2,2
38191,2,0
38192,2,2
38193,3,3
38194,2,0
38195,4,3
38196,2,2
38197,2,0
38198,2,2
38199,2,0
38200,3,0
38201,2,1
38202,2,0
38203,3,2
38204,3,0
38205,3,2
38206,2,0
38207,2,1
38208,2,0
38209,2,0
38210,2,0
38211,2,1
38212,3,1
38213,2,2
38214,2,1
38215,2,0
38216,3,3
38217,2,0
38218,2,2
38219,2,2
38220,2,0
38221,3,2
38222,3,3
38223,3,3
38224,2,0
38225,2,1
38226,2,0
38227,3,3
38228,2,2
38229,2,2
38230,2,2
38231,2,1
38232,3,2
38233,2,2
38234,2,2
38235,2,0
38236,2,1
38237,2,0
38238,2,1
38239,2,2
38240,4,4
38241,2,1
38242,2,1
38243,4,0
38244,2,2
38245,2,0
38246,2,0
38247,3,1
38248,2,1
38249,2,2
38250,3,2
38251,2,2
38252,2,0
38253,2,2
38254,2,0
38255,3,3
38256,2,1
38257,2,1
38258,2,2
38259,2,1
38260,2,2
38261,2,0
38262,2,0
38263,3,0
38264,2,0
38265,2,0
38266,2,2
38267,2,0
38268,2,2
38269,4,3
38270,2,1
38271,4,3
38272,3,1
38273,2,2
38274,2,2
38275,3,1
38276,3,2
38277,2,0
38278,2,1
38279,3,0
38280,2,2
38281,3,0
38282,2,0
38283,3,2
38284,2,2
38285,2,1
38286,2,1
38287,2,2
38288,2,0
38289,2,2
38290,2,2
38291,3,1
38292,2,2
38293,3,2
38294,2,2
38295,2,0
38296,2,2
38297,2,2
38298,4,0
38299,3,3
38300,3,3
38301,3,2
38302,3,3
38303,2,0
38304,2,0
38305,2,1
38306,2,1
38307,2,1
38308,3,0
38309,2,0
38310,2,0
38311,2,0
38312,2,0
38313,2,2
38314,3,1
38315,2,2
38316,2,1
38317,4,4
38318,2,2
38319,2,0
38320,2,0
38321,2,0
38322,2,0
38323,2,0
38324,2,2
38325,2,0
38326,4,2
38327,2,2
38328,2,2
38329,2,0
38330,2,2
38331,2,1
38332,2,0
38333,2,0
38334,3,3
38335,2,2
38336,3,0
38337,4,2
38338,2,2
38339,2,2
38340,3,2
38341,3,2
38342,3,3
38343,2,2
38344,4,1
38345,2,2
38346,2,2
38347,2,0
38348,3,3
38349,2,1
38350,2,2
38351,2,0
38352,2,1
38353,2,1
38354,2,2
38355,2,2
38356,3,3
38357,2,0
38358,3,2
38359,2,2
38360,2,2
38361,2,2
38362,2,2
38363,2,0
38364,2,2
38365,4,0
38366,2,0
38367,4,0
38368,2,0
38369,2,0
38370,2,0
38371,2,0
38372,2,0
38373,2,0
38374,2,0
38375,3,0
38376,2,0
38377,3,3
38378,2,2
38379,2,0
38380,2,2
38381,2,0
38382,2,1
38383,3,0
38384,2,1
38385,2,2
38386,3,1
38387,3,3
38388,2,2
38389,2,0
38390,2,0
38391,2,1
38392,3,0
38393,3,3
38394,2,1
38395,2,2
38396,2,0
38397,2,2
38398,2,1
38399,2,1
38400,2,2
38401,2,0
38402,3,3
38403,2,1
38404,2,2
38405,3,2
38406,2,2
38407,2,2
38408,2,0
38409,2,1
38410,3,2
38411,2,1
38412,2,2
38413,2,2
38414,2,0
38415,2,1
38416,2,2
38417,2,0
38418,3,2
38419,2,2
38420,2,0
38421,2,0
38422,2,0
38423,2,2
38424,2,1
38425,3,1
38426,3,3
38427,2,1
38428,2,2
38429,2,2
38430,2,2
38431,2,0
38432,2,1
38433,2,1
38434,3,0
38435,2,0
38436,2,0
38437,3,0
38438,2,0
38439,2,2
38440,2,2
38441,2,2
38442,3,3
38443,2,2
38444,2,0
38445,4,1
38446,3,2
38447,3,3
38448,2,2
38449,2,0
38450,3,0
38451,2,2
38452,2,0
38453,3,2
38454,2,0
38455,2,0
38456,2,0
38457,3,1
38458,2,2
38459,2,2
38460,3,0
38461,2,0
38462,3,3
38463,2,0
38464,3,2
38465,4,2
38466,2,0
38467,2,2
38468,2,2
38469,2,2
38470,2,2
38471,2,0
38472,2,0
38473,2,2
38474,2,2
38475,2,2
38476,2,2
38477,3,2
38478,2,2
38479,2,2
38480,2,1
38481,2,0
38482,2,2
38483,2,1
38484,2,2
38485,2,1
38486,2,0
38487,2,2
38488,2,0
38489,2,2
38490,2,2
38491,2,2
38492,2,1
38493,2,1
38494,2,2
38495,2,2
38496,2,2
38497,3,0
38498,3,2
38499,2,0
38500,2,1
38501,2,2
38502,2,2
38503,2,2
38504,2,2
38505,2,2
38506,2,1
38507,2,0
38508,2,0
38509,2,0
38510,3,3
38511,2,2
38512,4,3
38513,2,2
38514,2,2
38515,2,1
38516,3,3
38517,2,2
38518,2,2
38519,3,2
38520,2,2
38521,2,0
38522,2,2
38523,2,1
38524,3,3
38525,2,0
38526,4,4
38527,2,1
38528,2,1
38529,3,0
38530,2,0
38531,2,0
38532,2,2
38533,2,2
38534,2,2
38535,2,0
38536,2,1
38537,2,2
38538,2,2
38539,2,2
38540,2,2
38541,2,2
38542,3,1
38543,2,2
38544,2,1
38545,2,2
38546,3,2
38547,2,1
38548,2,1
38549,2,0
38550,2,2
38551,4,4
38552,2,2
38553,2,0
38554,2,0
38555,2,2
38556,3,3
38557,2,2
38558,3,0
38559,2,0
38560,2,0
38561,2,2
38562,2,2
38563,3,0
38564,3,1
38565,3,1
38566,3,1
38567,2,2
38568,3,3
38569,2,1
38570,2,2
38571,2,0
38572,2,0
38573,2,0
38574,2,2
38575,2,1
38576,3,1
38577,2,0
38578,4,0
38579,2,2
38580,2,0
38581,2,1
38582,3,3
38583,2,1
38584,2,2
38585,3,1
38586,4,2
38587,2,0
38588,4,3
38589,2,2
38590,3,1
38591,2,0
38592,2,2
38593,2,0
38594,2,2
38595,3,3
38596,2,1
38597,2,2
38598,3,0
38599,2,2
38600,2,0
38601,2,2
38602,2,2
38603,2,2
38604,3,0
38605,2,2
38606,3,2
38607,3,3
38608,2,2
38609,2,2
38610,4,3
38611,2,0
38612,3,1
38613,2,2
38614,2,2
38615,2,0
38616,2,1
38617,2,1
38618,2,2
38619,3,2
38620,2,0
38621,4,1
38622,2,2
38623,2,1
38624,2,1
38625,2,2
38626,2,2
38627,2,2
38628,2,2
38629,2,0
38630,2,2
38631,2,0
38632,2,1
38633,2,2
38634,3,1
38635,2,2
38636,2,1
38637,2,0
38638,3,1
38639,2,1
38640,3,2
38641,2,0
38642,2,0
38643,3,3
38644,3,3
38645,3,2
38646,4,3
38647,2,2
38648,3,2
38649,2,2
38650,2,0
38651,2,2
38652,2,0
38653,2,0
38654,2,0
38655,2,0
38656,3,3
38657,2,2
38658,2,2
38659,2,1
38660,2,0
38661,2,2
38662,4,0
38663,2,2
38664,3,2
38665,2,0
38666,2,1
38667,3,3
38668,2,0
38669,3,3
38670,2,2
38671,2,1
38672,3,3
38673,2,2
38674,2,0
38675,2,1
38676,2,1
38677,2,0
38678,3,2
38679,3,2
38680,2,0
38681,2,1
38682,2,1
38683,2,0
38684,2,1
38685,3,2
38686,2,0
38687,2,1
38688,2,2
38689,2,0
38690,2,0
38691,3,2
38692,2,0
38693,3,0
38694,2,2
38695,3,3
38696,2,2
38697,2,2
38698,3,3
38699,2,2
38700,3,3
38701,2,0
38702,3,3
38703,2,0
38704,2,1
38705,4,3
38706,2,2
38707,2,0
38708,3,3
38709,2,0
38710,4,1
38711,2,2
38712,4,2
38713,3,1
38714,2,2
38715,2,0
38716,2,1
38717,3,3
38718,3,2
38719,2,1
38720,2,0
38721,3,3
38722,3,0
38723,4,3
38724,3,3
38725,4,0
38726,2,0
38727,2,2
38728,2,2
38729,3,3
38730,3,0
38731,2,0
38732,2,0
38733,2,1
38734,2,2
38735,3,3
38736,2,0
38737,2,1
38738,2,2
38739,2,0
38740,3,1
38741,2,0
38742,2,2
38743,2,2
38744,2,1
38745,3,3
38746,2,2
38747,3,3
38748,2,2
38749,2,2
38750,2,0
38751,2,2
38752,2,2
38753,2,2
38754,2,1
38755,2,0
38756,4,1
38757,2,2
38758,2,2
38759,2,2
38760,3,1
38761,2,2
38762,4,1
38763,4,2
38764,2,2
38765,3,1
38766,2,2
38767,2,2
38768,2,2
38769,2,0
38770,2,1
38771,2,2
38772,2,2
38773,2,2
38774,2,0
38775,3,2
38776,3,1
38777,3,3
38778,3,0
38779,2,2
38780,2,2
38781,2,2
38782,3,3
38783,3,2
38784,2,2
38785,2,2
38786,2,1
38787,2,2
38788,2,2
38789,3,3
38790,2,2
38791,2,0
38792,2,2
38793,2,1
38794,3,3
38795,2,2
38796,2,0
38797,2,1
38798,2,0
38799,2,1
38800,2,2
38801,2,1
38802,3,1
38803,2,2
38804,2,2
38805,2,1
38806,4,1
38807,3,0
38808,3,2
38809,2,2
38810,3,3
38811,2,1
38812,2,0
38813,2,2
38814,2,0
38815,2,2
38816,2,1
38817,3,1
38818,2,2
38819,2,1
38820,2,0
38821,3,1
38822,3,2
38823,2,0
38824,4,2
38825,3,3
38826,3,1
38827,4,4
38828,2,1
38829,2,0
38830,2,0
38831,2,0
38832,2,0
38833,3,1
38834,2,0
38835,3,2
38836,2,0
38837,3,3
38838,2,1
38839,2,1
38840,2,2
38841,2,2
38842,2,0
38843,3,2
38844,2,0
38845,2,2
38846,3,2
38847,2,2
38848,2,0
38849,2,2
38850,2,2
38851,2,0
38852,2,2
38853,2,2
38854,2,1
38855,3,2
38856,2,2
38857,2,1
38858,2,1
38859,3,0
38860,2,2
38861,2,0
38862,2,0
38863,2,0
38864,2,2
38865,2,0
38866,2,2
38867,2,2
38868,2,2
38869,2,2
38870,2,2
38871,2,0
38872,2,1
38873,2,1
38874,2,2
38875,2,0
38876,4,2
38877,2,0
38878,2,2
38879,2,2
38880,3,1
38881,3,0
38882,4,2
38883,2,2
38884,2,0
38885,2,0
38886,3,1
38887,3,0
38888,2,2
38889,4,2
38890,2,1
38891,3,1
38892,2,2
38893,2,2
38894,3,1
38895,2,1
38896,2,0
38897,2,2
38898,2,2
38899,2,0
38900,2,1
38901,2,2
38902,3,2
38903,2,1
38904,2,0
38905,4,1
38906,2,0
38907,4,0
38908,2,0
38909,2,2
38910,2,0
38911,3,0
38912,2,2
38913,2,0
38914,4,4
38915,2,0
38916,2,0
38917,2,0
38918,3,1
38919,2,1
38920,2,2
38921,2,2
38922,4,2
38923,2,0
38924,2,0
38925,2,2
38926,2,2
38927,3,3
38928,3,3
38929,3,0
38930,2,2
38931,2,2
38932,2,2
38933,4,1
38934,2,0
38935,2,0
38936,2,2
38937,3,3
38938,2,0
38939,3,1
38940,2,0
38941,2,2
38942,2,2
38943,3,1
38944,2,0
38945,2,0
38946,2,2
38947,2,1
38948,3,0
38949,2,1
38950,2,2
38951,4,3
38952,2,2
38953,2,0
38954,2,2
38955,3,2
38956,4,4
38957,3,2
38958,2,2
38959,2,2
38960,3,3
38961,2,0
38962,2,2
38963,4,4
38964,2,2
38965,2,0
38966,4,3
38967,3,2
38968,2,2
38969,2,0
38970,2,2
38971,3,3
38972,2,1
38973,2,2
38974,3,2
38975,2,0
38976,2,2
38977,2,2
38978,2,2
38979,2,2
38980,2,1
38981,2,2
38982,2,2
38983,2,1
38984,2,0
38985,4,0
38986,2,2
38987,2,2
38988,2,2
38989,2,2
38990,2,0
38991,2,2
38992,2,0
38993,2,2
38994,2,2
38995,2,2
38996,2,2
38997,2,2
38998,2,2
38999,2,0
39000,2,2
39001,2,2
39002,3,3
39003,2,2
39004,2,2
39005,2,1
39006,3,0
39007,2,0
39008,2,2
39009,3,1
39010,2,2
39011,2,2
39012,2,1
39013,3,0
39014,2,0
39015,2,1
39016,3,0
39017,2,2
39018,2,2
39019,2,2
39020,2,2
39021,2,2
39022,2,2
39023,2,2
39024,2,1
39025,2,2
39026,2,1
39027,2,2
39028,4,3
39029,2,2
39030,3,1
39031,2,2
39032,2,0
39033,2,2
39034,2,0
39035,4,4
39036,2,0
39037,4,4
39038,3,2
39039,2,0
39040,2,0
39041,3,3
39042,2,2
39043,2,2
39044,2,1
39045,3,3
39046,2,0
39047,2,0
39048,2,0
39049,2,2
39050,2,1
39051,2,0
39052,2,2
39053,2,2
39054,2,2
39055,3,3
39056,3,2
39057,2,2
39058,2,1
39059,3,1
39060,2,2
39061,2,2
39062,2,2
39063,2,2
39064,3,2
39065,2,1
39066,2,2
39067,4,4
39068,3,1
39069,3,0
39070,2,2
39071,3,3
39072,3,3
39073,2,2
39074,4,1
39075,3,3
39076,2,2
39077,2,1
39078,2,2
39079,2,1
39080,2,0
39081,2,2
39082,2,2
39083,3,1
39084,3,3
39085,3,3
39086,3,1
39087,2,1
39088,2,2
39089,2,0
39090,2,0
39091,2,0
39092,3,2
39093,2,0
39094,4,2
39095,2,2
39096,2,0
39097,2,0
39098,3,3
39099,2,1
39100,2,0
39101,2,2
39102,2,0
39103,3,3
39104,2,2
39105,2,1
39106,2,2
39107,2,2
39108,4,4
39109,2,2
39110,2,0
39111,3,1
39112,2,2
39113,2,2
39114,2,1
39115,2,2
39116,2,1
39117,2,0
39118,3,2
39119,2,2
39120,2,2
39121,2,1
39122,2,2
39123,3,0
39124,2,2
39125,2,2
39126,2,0
39127,2,0
39128,2,0
39129,4,2
39130,2,0
39131,4,0
39132,2,0
39133,2,0
39134,2,2
39135,2,0
39136,3,0
39137,2,2
39138,2,2
39139,2,0
39140,3,3
39141,2,2
39142,2,2
39143,3,3
39144,2,2
39145,2,1
39146,2,1
39147,4,4
39148,2,2
39149,2,2
39150,2,2
39151,2,0
39152,4,3
39153,2,2
39154,2,1
39155,2,1
39156,2,1
39157,3,1
39158,2,0
39159,2,0
39160,3,3
39161,2,0
39162,2,2
39163,2,2
39164,2,0
39165,4,4
39166,3,2
39167,2,0
39168,2,2
39169,2,0
39170,3,1
39171,2,0
39172,2,0
39173,2,0
39174,3,3
39175,2,2
39176,2,2
39177,2,0
39178,2,1
39179,2,0
39180,4,4
39181,3,3
39182,2,1
39183,2,1
39184,2,0
39185,2,2
39186,2,2
39187,3,3
39188,2,2
39189,2,0
39190,3,3
39191,3,3
39192,3,3
39193,4,2
39194,3,2
39195,3,1
39196,2,1
39197,2,0
39198,2,1
39199,2,2
39200,4,0
39201,4,4
39202,2,2
39203,2,0
39204,2,2
39205,2,2
39206,2,1
39207,2,2
39208,2,2
39209,2,2
39210,2,2
39211,2,2
39212,4,0
39213,3,2
39214,2,0
39215,2,1
39216,2,2
39217,4,2
39218,3,3
39219,4,4
39220,4,4
39221,2,0
39222,2,2
39223,2,2
39224,2,0
39225,2,2
39226,3,0
39227,2,2
39228,2,2
39229,2,2
39230,2,2
39231,3,2
39232,2,0
39233,2,2
39234,2,1
39235,2,2
39236,4,2
39237,2,2
39238,2,0
39239,2,1
39240,2,0
39241,2,2
39242,2,0
39243,2,2
39244,2,2
39245,3,2
39246,2,1
39247,2,0
39248,4,2
39249,2,0
39250,2,0
39251,2,2
39252,2,1
39253,2,0
39254,2,2
39255,2,2
39256,2,0
39257,2,0
39258,2,0
39259,2,2
39260,2,0
39261,2,0
39262,2,1
39263,2,2
39264,2,2
39265,2,2
39266,2,2
39267,2,2
39268,2,2
39269,2,1
39270,2,2
39271,2,2
39272,2,2
39273,2,1
39274,2,1
39275,2,2
39276,2,0
39277,2,2
39278,2,2
39279,2,0
39280,2,1
39281,2,1
39282,2,1
39283,2,0
39284,2,2
39285,2,2
39286,2,0
39287,2,2
39288,2,0
39289,2,1
39290,2,0
39291,2,0
39292,3,2
39293,4,4
39294,2,2
39295,2,0
39296,3,3
39297,2,2
39298,2,2
39299,2,2
39300,2,2
39301,2,2
39302,3,2
39303,3,1
39304,3,3
39305,2,1
39306,2,1
39307,2,2
39308,2,0
39309,2,2
39310,3,1
39311,2,0
39312,2,2
39313,2,1
39314,2,0
39315,2,2
39316,2,0
39317,2,2
39318,2,0
39319,3,1
39320,3,3
39321,2,1
39322,2,2
39323,2,1
39324,3,2
39325,2,2
39326,2,2
39327,2,0
39328,2,2
39329,2,0
39330,2,0
39331,2,2
39332,2,1
39333,2,2
39334,2,0
39335,2,0
39336,3,3
39337,2,2
39338,2,0
39339,2,0
39340,2,1
39341,2,2
39342,2,0
39343,3,1
39344,3,3
39345,4,4
39346,3,1
39347,2,0
39348,2,2
39349,2,0
39350,2,0
39351,2,2
39352,2,0
39353,2,0
39354,2,0
39355,2,1
39356,2,0
39357,2,1
39358,2,2
39359,2,0
39360,2,2
39361,3,0
39362,4,4
39363,2,2
39364,2,1
39365,2,0
39366,2,0
39367,4,3
39368,2,0
39369,2,0
39370,2,1
39371,2,0
39372,2,2
39373,4,0
39374,3,3
39375,2,2
39376,3,1
39377,3,3
39378,2,2
39379,2,2
39380,4,0
39381,2,0
39382,2,2
39383,2,2
39384,4,3
39385,2,0
39386,2,0
39387,3,3
39388,2,1
39389,2,0
39390,2,2
39391,2,0
39392,2,1
39393,2,2
39394,2,0
39395,2,2
39396,3,2
39397,2,0
39398,4,4
39399,4,3
39400,2,2
39401,2,1
39402,2,1
39403,4,0
39404,3,2
39405,2,1
39406,4,2
39407,2,2
39408,2,0
39409,2,0
39410,3,1
39411,2,0
39412,2,2
39413,2,0
39414,2,2
39415,2,2
39416,4,4
39417,2,2
39418,2,2
39419,2,0
39420,2,2
39421,2,0
39422,2,0
39423,2,2
39424,2,2
39425,4,3
39426,3,0
39427,2,1
39428,2,2
39429,2,1
39430,2,1
39431,3,1
39432,3,3
39433,2,0
39434,2,0
39435,2,2
39436,2,1
39437,2,1
39438,2,0
39439,2,0
39440,3,1
39441,2,2
39442,2,1
39443,2,0
39444,2,2
39445,3,2
39446,2,0
39447,3,0
39448,2,2
39449,2,0
39450,2,2
39451,2,2
39452,2,0
39453,3,2
39454,2,1
39455,2,0
39456,3,3
39457,3,1
39458,2,1
39459,2,2
39460,2,1
39461,2,0
39462,2,0
39463,3,3
39464,2,0
39465,3,3
39466,2,2
39467,2,0
39468,2,0
39469,2,0
39470,2,0
39471,2,0
39472,2,2
39473,3,3
39474,2,0
39475,3,1
39476,2,1
39477,2,2
39478,3,1
39479,4,2
39480,2,2
39481,2,2
39482,2,0
39483,3,3
39484,2,1
39485,2,1
39486,2,0
39487,4,0
39488,2,0
39489,2,2
39490,2,0
39491,2,1
39492,2,2
39493,3,1
39494,2,1
39495,2,2
39496,2,2
39497,2,1
39498,2,1
39499,2,1
39500,2,0
39501,2,0
39502,3,1
39503,2,2
39504,2,1
39505,2,0
39506,2,0
39507,2,2
39508,2,1
39509,3,3
39510,2,0
39511,2,2
39512,2,2
39513,2,2
39514,4,4
39515,2,2
39516,2,0
39517,3,3
39518,4,3
39519,2,1
39520,2,0
39521,2,2
39522,2,0
39523,2,2
39524,2,0
39525,2,0
39526,3,1
39527,4,4
39528,2,1
39529,2,2
39530,2,0
39531,2,0
39532,3,1
39533,3,3
39534,2,1
39535,2,2
39536,4,2
39537,2,2
39538,3,3
39539,2,0
39540,2,2
39541,2,0
39542,3,1
39543,3,3
39544,2,1
39545,3,2
39546,2,2
39547,2,0
39548,3,2
39549,3,3
39550,2,1
39551,2,2
39552,2,1
39553,3,3
39554,2,2
39555,2,0
39556,2,0
39557,2,0
39558,2,0
39559,2,0
39560,2,1
39561,2,2
39562,2,2
39563,2,2
39564,2,2
39565,2,2
39566,2,1
39567,2,2
39568,2,2
39569,2,2
39570,2,2
39571,3,1
39572,2,2
39573,3,2
39574,2,0
39575,2,2
39576,2,2
39577,2,2
39578,2,2
39579,2,0
39580,3,2
39581,2,2
39582,2,2
39583,3,3
39584,2,2
39585,2,2
39586,2,2
39587,3,3
39588,3,1
39589,2,2
39590,2,2
39591,3,2
39592,2,2
39593,2,1
39594,2,2
39595,2,1
39596,2,1
39597,2,1
39598,2,1
39599,2,2
39600,2,2
39601,2,1
39602,3,1
39603,2,0
39604,3,3
39605,2,2
39606,2,0
39607,4,2
39608,2,0
39609,2,0
39610,2,2
39611,3,3
39612,2,1
39613,2,0
39614,2,2
39615,2,2
39616,2,2
39617,2,2
39618,2,2
39619,3,0
39620,2,1
39621,2,2
39622,2,2
39623,3,0
39624,2,2
39625,3,3
39626,2,0
39627,2,2
39628,4,4
39629,2,0
39630,3,1
39631,2,0
39632,2,1
39633,3,3
39634,4,2
39635,2,1
39636,4,2
39637,3,3
39638,2,2
39639,2,2
39640,2,0
39641,2,2
39642,3,3
39643,3,3
39644,2,0
39645,3,2
39646,2,2
39647,2,0
39648,3,3
39649,2,1
39650,2,0
39651,3,3
39652,2,2
39653,2,0
39654,2,2
39655,3,3
39656,2,0
39657,2,2
39658,2,2
39659,2,2
39660,2,0
39661,2,2
39662,3,0
39663,2,2
39664,2,2
39665,3,3
39666,2,2
39667,4,2
39668,2,0
39669,2,2
39670,2,2
39671,2,2
39672,2,2
39673,2,0
39674,2,1
39675,2,0
39676,3,3
39677,2,2
39678,2,2
39679,2,1
39680,2,2
39681,2,0
39682,2,2
39683,4,2
39684,2,2
39685,2,0
39686,2,0
39687,3,2
39688,2,1
39689,2,1
39690,2,2
39691,3,3
39692,3,2
39693,2,2
39694,2,2
39695,2,2
39696,2,0
39697,2,2
39698,2,1
39699,2,0
39700,2,2
39701,2,2
39702,2,0
39703,2,1
39704,2,2
39705,2,2
39706,3,3
39707,2,0
39708,2,0
39709,2,2
39710,2,2
39711,2,2
39712,3,3
39713,2,1
39714,2,1
39715,2,0
39716,2,1
39717,2,2
39718,4,2
39719,2,2
39720,2,2
39721,2,2
39722,3,3
39723,2,2
39724,3,3
39725,2,1
39726,2,2
39727,2,1
39728,4,3
39729,2,2
39730,2,0
39731,2,2
39732,2,2
39733,2,2
39734,2,2
39735,2,0
39736,4,2
39737,2,0
39738,2,2
39739,2,0
39740,2,1
39741,3,2
39742,2,0
39743,3,1
39744,2,0
39745,2,2
39746,3,2
39747,2,2
39748,2,0
39749,2,0
39750,3,2
39751,2,2
39752,2,2
39753,2,2
39754,3,1
39755,2,1
39756,2,0
39757,2,0
39758,2,1
39759,2,2
39760,4,4
39761,2,1
39762,2,2
39763,2,2
39764,2,2
39765,2,0
39766,3,0
39767,2,1
39768,2,1
39769,2,2
39770,2,0
39771,4,4
39772,3,3
39773,2,2
39774,2,2
39775,2,2
39776,2,2
39777,2,1
39778,2,0
39779,2,0
39780,2,2
39781,2,1
39782,2,2
39783,2,2
39784,2,2
39785,2,2
39786,2,2
39787,2,1
39788,2,0
39789,2,2
39790,2,0
39791,2,1
39792,3,2
39793,3,2
39794,3,3
39795,2,1
39796,3,1
39797,2,2
39798,2,2
39799,3,0
39800,2,2
39801,3,3
39802,3,1
39803,2,2
39804,2,1
39805,2,2
39806,2,1
39807,4,0
39808,3,0
39809,2,0
39810,2,1
39811,2,0
39812,2,0
39813,4,0
39814,2,2
39815,2,0
39816,2,2
39817,2,0
39818,2,0
39819,2,1
39820,2,2
39821,2,1
39822,2,2
39823,4,2
39824,2,0
39825,2,1
39826,4,1
39827,2,2
39828,3,3
39829,2,0
39830,2,0
39831,2,2
39832,2,1
39833,4,1
39834,2,2
39835,3,1
39836,2,1
39837,2,1
39838,2,0
39839,2,0
39840,2,2
39841,4,3
39842,3,1
39843,3,1
39844,2,0
39845,2,1
39846,2,2
39847,3,1
39848,2,0
39849,2,2
39850,2,0
39851,2,2
39852,2,2
39853,2,2
39854,2,2
39855,3,3
39856,2,2
39857,2,1
39858,2,0
39859,2,2
39860,2,2
39861,2,0
39862,3,2
39863,2,1
39864,4,2
39865,2,0
39866,2,2
39867,2,0
39868,2,2
39869,2,1
39870,2,2
39871,2,0
39872,2,0
39873,2,2
39874,3,0
39875,2,2
39876,2,2
39877,2,1
39878,2,2
39879,3,1
39880,2,1
39881,3,3
39882,2,0
39883,2,0
39884,2,0
39885,2,0
39886,4,0
39887,2,2
39888,2,0
39889,2,2
39890,4,4
39891,2,0
39892,3,0
39893,2,2
39894,2,0
39895,2,0
39896,3,1
39897,2,2
39898,2,2
39899,2,2
39900,4,4
39901,2,0
39902,2,0
39903,2,2
39904,2,2
39905,2,0
39906,3,2
39907,3,1
39908,2,0
39909,3,1
39910,2,1
39911,2,2
39912,2,2
39913,2,1
39914,4,3
39915,2,2
39916,2,2
39917,2,0
39918,4,3
39919,2,0
39920,3,3
39921,2,2
39922,3,0
39923,2,0
39924,3,3
39925,3,2
39926,2,2
39927,3,1
39928,2,0
39929,2,0
39930,2,1
39931,2,2
39932,3,1
39933,2,1
39934,2,2
39935,2,1
39936,2,1
39937,3,1
39938,2,2
39939,3,2
39940,2,2
39941,2,2
39942,3,2
39943,3,3
39944,2,2
39945,2,2
39946,2,1
39947,3,1
39948,2,1
39949,2,0
39950,2,2
39951,2,1
39952,2,2
39953,2,0
39954,2,0
39955,2,0
39956,2,2
39957,3,1
39958,2,2
39959,2,2
39960,2,0
39961,3,1
39962,2,2
39963,2,2
39964,3,3
39965,2,0
39966,2,1
39967,2,2
39968,3,0
39969,2,2
39970,2,0
39971,2,2
39972,2,0
39973,2,2
39974,3,2
39975,3,3
39976,2,0
39977,2,2
39978,2,2
39979,3,0
39980,2,1
39981,3,3
39982,2,0
39983,2,0
39984,3,3
39985,2,1
39986,2,2
39987,2,2
39988,2,0
39989,2,0
39990,2,2
39991,2,2
39992,3,1
39993,2,0
39994,2,0
39995,2,2
39996,2,2
39997,2,2
39998,2,0
39999,2,1
40000,2,1
40001,2,2
40002,2,1
40003,4,4
40004,2,2
40005,2,0
40006,2,1
40007,2,1
40008,2,2
40009,2,0
40010,3,1
40011,2,2
40012,2,0
40013,2,2
40014,2,2
40015,3,2
40016,2,0
40017,2,2
40018,2,2
40019,2,0
40020,3,3
40021,2,2
40022,2,2
40023,2,2
40024,3,3
40025,2,2
40026,2,1
40027,2,2
40028,2,2
40029,3,0
40030,2,2
40031,2,0
40032,2,2
40033,2,2
40034,2,2
40035,2,1
40036,3,0
40037,2,2
40038,2,0
40039,2,0
40040,2,2
40041,4,2
40042,2,2
40043,3,3
40044,2,2
40045,2,2
40046,2,2
40047,2,2
40048,3,3
40049,3,0
40050,2,2
40051,2,2
40052,2,0
40053,2,1
40054,3,1
40055,2,1
40056,2,0
40057,3,2
40058,2,2
40059,3,3
40060,2,0
40061,2,2
40062,2,2
40063,4,0
40064,2,1
40065,2,2
40066,4,4
40067,2,2
40068,3,1
40069,2,2
40070,2,0
40071,2,1
40072,2,1
40073,3,3
40074,2,2
40075,3,0
40076,2,1
40077,2,0
40078,3,0
40079,3,2
40080,4,3
40081,4,1
40082,2,1
40083,2,2
40084,4,0
40085,2,0
40086,4,2
40087,2,2
40088,2,0
40089,2,1
40090,2,2
40091,3,1
40092,3,3
40093,2,0
40094,3,3
40095,2,2
40096,3,2
40097,2,0
40098,2,2
40099,2,2
40100,2,0
40101,2,0
40102,2,0
40103,2,2
40104,3,3
40105,2,2
40106,2,2
40107,3,0
40108,2,2
40109,4,0
40110,3,1
40111,4,4
40112,2,1
40113,3,3
40114,3,1
40115,2,2
40116,2,0
40117,2,0
40118,2,1
40119,2,1
40120,2,2
40121,2,0
40122,3,2
40123,2,1
40124,3,2
40125,2,2
40126,2,0
40127,4,2
40128,2,2
40129,3,3
40130,2,1
40131,2,2
40132,2,0
40133,3,2
40134,2,2
40135,2,2
40136,4,4
40137,2,2
40138,2,0
40139,3,1
40140,2,2
40141,3,1
40142,3,1
40143,2,2
40144,3,3
40145,4,1
40146,2,0
40147,3,2
40148,2,0
40149,2,1
40150,2,2
40151,2,2
40152,2,2
40153,2,2
40154,2,0
40155,2,2
40156,2,1
40157,2,0
40158,2,1
40159,3,0
40160,3,3
40161,2,1
40162,3,0
40163,2,2
40164,2,0
40165,2,0
40166,2,2
40167,4,2
40168,3,2
40169,3,3
40170,4,0
40171,2,0
40172,2,0
40173,2,2
40174,2,2
40175,3,0
40176,2,0
40177,2,2
40178,2,0
40179,3,1
40180,2,2
40181,2,0
40182,2,0
40183,2,0
40184,2,2
40185,2,2
40186,2,2
40187,3,2
40188,2,2
40189,2,0
40190,2,0
40191,4,0
40192,2,2
40193,2,1
40194,2,2
40195,4,0
40196,2,2
40197,2,2
40198,2,0
40199,2,1
40200,2,1
40201,2,1
40202,2,2
40203,2,0
40204,2,2
40205,2,0
40206,4,2
40207,2,2
40208,3,2
40209,3,1
40210,2,2
40211,3,1
40212,4,3
40213,2,0
40214,2,2
40215,2,2
40216,2,2
40217,2,2
40218,2,2
40219,2,0
40220,2,0
40221,2,2
40222,2,0
40223,2,0
40224,2,2
40225,3,2
40226,2,1
40227,2,0
40228,2,2
40229,4,2
40230,4,3
40231,2,2
40232,2,2
40233,2,0
40234,2,2
40235,2,0
40236,2,1
40237,3,2
40238,2,0
40239,3,1
40240,3,3
40241,2,0
40242,2,0
40243,2,2
40244,2,1
40245,3,2
40246,2,2
40247,2,2
40248,3,2
40249,2,1
40250,2,1
40251,3,2
40252,2,2
40253,2,0
40254,3,1
40255,2,1
40256,3,2
40257,2,0
40258,2,1
40259,2,2
40260,2,2
40261,2,2
40262,2,0
40263,2,2
40264,2,2
40265,2,2
40266,2,2
40267,2,1
40268,2,0
40269,2,1
40270,2,2
40271,3,3
40272,4,3
40273,2,0
40274,2,2
40275,2,2
40276,4,4
40277,2,2
40278,3,3
40279,2,2
40280,3,2
40281,3,3
40282,2,0
40283,2,1
40284,2,1
40285,3,3
40286,3,2
40287,3,0
40288,2,0
40289,2,2
40290,2,2
40291,4,1
40292,3,2
40293,2,2
40294,2,2
40295,2,2
40296,2,1
40297,2,2
40298,2,2
40299,2,0
40300,2,0
40301,2,1
40302,2,2
40303,2,2
40304,3,2
40305,4,1
40306,2,0
40307,2,0
40308,2,2
40309,2,0
40310,2,2
40311,3,3
40312,2,0
40313,2,2
40314,2,0
40315,2,0
40316,4,3
40317,2,2
40318,3,2
40319,2,0
40320,2,2
40321,2,0
40322,4,4
40323,3,3
40324,2,0
40325,2,0
40326,2,1
40327,2,0
40328,3,0
40329,3,3
40330,2,0
40331,4,4
40332,2,2
40333,2,0
40334,2,0
40335,2,2
40336,2,0
40337,4,1
40338,4,2
40339,2,2
40340,2,0
40341,2,1
40342,2,2
40343,2,2
40344,2,2
40345,2,0
40346,3,1
40347,2,1
40348,2,2
40349,2,1
40350,2,2
40351,2,2
40352,3,3
40353,3,1
40354,4,4
40355,2,0
40356,4,3
40357,2,2
40358,2,2
40359,2,2
40360,2,2
40361,2,0
40362,4,4
40363,3,0
40364,2,2
40365,2,2
40366,2,2
40367,2,2
40368,3,3
40369,2,0
40370,2,2
40371,2,1
40372,3,1
40373,2,0
40374,4,0
40375,2,2
40376,2,2
40377,2,2
40378,2,0
40379,2,2
40380,3,0
40381,3,2
40382,3,1
40383,2,2
40384,2,2
40385,2,0
40386,2,0
40387,3,0
40388,2,2
40389,2,2
40390,2,2
40391,2,1
40392,2,2
40393,2,0
40394,2,2
40395,2,0
40396,2,2
40397,2,0
40398,2,2
40399,2,2
40400,3,1
40401,3,3
40402,2,0
40403,2,0
40404,3,0
40405,2,0
40406,2,0
40407,2,2
40408,2,0
40409,2,1
40410,2,2
40411,4,0
40412,2,1
40413,2,2
40414,3,3
40415,3,0
40416,2,1
40417,2,2
40418,2,0
40419,4,0
40420,2,2
40421,2,0
40422,2,1
40423,2,2
40424,2,2
40425,2,1
40426,2,2
40427,2,0
40428,2,2
40429,2,2
40430,2,0
40431,2,2
40432,2,2
40433,2,0
40434,2,2
40435,2,2
40436,3,1
40437,2,1
40438,2,2
40439,2,2
40440,2,1
40441,2,1
40442,2,0
40443,2,2
40444,2,0
40445,2,2
40446,2,0
40447,2,0
40448,2,2
40449,2,2
40450,2,2
40451,3,1
40452,2,0
40453,2,2
40454,2,2
40455,2,1
40456,2,0
40457,2,0
40458,3,3
40459,4,3
40460,2,0
40461,3,3
40462,2,2
40463,2,2
40464,2,1
40465,3,2
40466,2,2
40467,2,0
40468,2,0
40469,3,0
40470,2,2
40471,2,2
40472,2,2
40473,2,0
40474,2,1
40475,2,2
40476,2,0
40477,3,3
40478,3,1
40479,3,3
40480,3,2
40481,2,2
40482,3,3
40483,2,0
40484,2,2
40485,2,2
40486,3,2
40487,2,2
40488,3,2
40489,2,0
40490,2,2
40491,2,2
40492,3,0
40493,2,0
40494,3,0
40495,2,2
40496,3,0
40497,2,2
40498,2,2
40499,2,0
40500,4,0
40501,2,0
40502,4,1
40503,2,2
40504,2,2
40505,2,2
40506,2,0
40507,2,1
40508,2,0
40509,4,2
40510,2,2
40511,2,2
40512,2,2
40513,2,0
40514,2,0
40515,3,2
40516,2,2
40517,2,2
40518,3,3
40519,2,2
40520,2,0
40521,2,0
40522,2,0
40523,2,2
40524,3,3
40525,2,0
40526,2,2
40527,3,1
40528,2,1
40529,2,0
40530,2,1
40531,2,2
40532,3,1
40533,3,1
40534,2,2
40535,2,1
40536,4,2
40537,2,1
40538,3,2
40539,3,3
40540,2,0
40541,2,0
40542,2,2
40543,2,2
40544,2,0
40545,2,2
40546,2,1
40547,2,2
40548,2,2
40549,2,2
40550,2,2
40551,2,2
40552,2,0
40553,2,2
40554,2,0
40555,2,0
40556,2,1
40557,2,2
40558,3,1
40559,2,2
40560,2,1
40561,2,2
40562,2,2
40563,2,0
40564,2,0
40565,2,2
40566,2,0
40567,2,2
40568,2,1
40569,2,0
40570,3,0
40571,2,0
40572,2,0
40573,2,2
40574,2,0
40575,2,0
40576,2,2
40577,2,2
40578,2,0
40579,2,2
40580,2,2
40581,2,2
40582,2,1
40583,4,3
40584,2,1
40585,2,1
40586,2,0
40587,2,2
40588,2,2
40589,2,1
40590,2,0
40591,2,2
40592,2,0
40593,2,0
40594,2,1
40595,3,3
40596,2,2
40597,3,3
40598,4,1
40599,2,0
40600,3,0
40601,2,0
40602,3,0
40603,4,3
40604,3,3
40605,2,2
40606,2,2
40607,4,3
40608,2,0
40609,2,0
40610,3,1
40611,3,3
40612,3,2
40613,2,2
40614,2,2
40615,4,4
40616,2,1
40617,2,1
40618,3,3
40619,2,2
40620,2,2
40621,2,2
40622,3,3
40623,2,1
40624,2,2
40625,2,2
40626,2,2
40627,3,3
40628,2,2
40629,2,2
40630,2,2
40631,2,2
40632,2,0
40633,4,4
40634,2,0
40635,2,0
40636,2,1
40637,2,1
40638,2,0
40639,2,0
40640,2,2
40641,2,2
40642,3,2
40643,3,1
40644,2,2
40645,2,2
40646,3,2
40647,2,2
40648,4,0
40649,2,2
40650,4,2
40651,2,0
40652,2,2
40653,2,2
40654,2,2
40655,2,0
40656,2,0
40657,2,0
40658,2,2
40659,3,2
40660,2,2
40661,2,1
40662,3,3
40663,2,2
40664,2,2
40665,2,2
40666,4,4
40667,2,0
40668,2,2
40669,3,0
40670,2,2
40671,2,2
40672,2,2
40673,2,2
40674,2,2
40675,2,2
40676,2,0
40677,2,2
40678,2,2
40679,4,2
40680,3,1
40681,2,1
40682,2,1
40683,4,2
40684,3,1
40685,2,2
40686,2,2
40687,3,1
40688,2,2
40689,3,3
40690,3,0
40691,2,2
40692,2,2
40693,3,3
40694,2,1
40695,2,0
40696,2,1
40697,2,1
40698,2,2
40699,2,0
40700,2,2
40701,3,1
40702,2,2
40703,2,2
40704,2,2
40705,2,0
40706,2,0
40707,3,2
40708,2,0
40709,3,2
40710,2,2
40711,2,2
40712,2,0
40713,4,4
40714,2,1
40715,2,1
40716,2,2
40717,3,3
40718,2,2
40719,2,0
40720,2,2
40721,4,3
40722,2,1
40723,3,1
40724,2,2
40725,3,1
40726,2,1
40727,2,2
40728,2,2
40729,4,0
40730,2,0
40731,2,0
40732,4,0
40733,2,0
40734,2,1
40735,3,0
40736,2,0
40737,2,1
40738,2,2
40739,2,0
40740,4,0
40741,4,3
40742,2,1
40743,2,2
40744,2,1
40745,2,2
40746,2,0
40747,4,4
40748,3,2
40749,2,0
40750,4,4
40751,2,2
40752,2,2
40753,3,2
40754,2,1
40755,2,1
40756,2,0
40757,2,2
40758,2,2
40759,2,0
40760,2,0
40761,2,0
40762,2,2
40763,2,1
40764,2,2
40765,2,0
40766,3,3
40767,2,0
40768,3,1
40769,2,0
40770,2,2
40771,2,2
40772,2,2
40773,2,0
40774,3,0
40775,2,1
40776,2,1
40777,2,1
40778,2,2
40779,2,2
40780,2,0
40781,2,1
40782,2,0
40783,2,2
40784,2,2
40785,2,0
40786,2,0
40787,3,0
40788,2,1
40789,2,2
40790,2,0
40791,2,1
40792,2,2
40793,2,0
40794,2,2
40795,2,2
40796,2,1
40797,2,0
40798,2,2
40799,2,2
40800,3,0
40801,2,2
40802,3,2
40803,2,2
40804,3,0
40805,3,0
40806,2,0
40807,3,3
40808,2,1
40809,3,2
40810,2,2
40811,4,2
40812,2,0
40813,2,2
40814,2,1
40815,3,2
40816,3,2
40817,3,1
40818,3,2
40819,2,0
40820,2,2
40821,3,3
40822,2,0
40823,3,3
40824,2,1
40825,2,2
40826,2,0
40827,3,2
40828,3,3
40829,2,0
40830,2,1
40831,2,1
40832,3,2
40833,2,1
40834,2,0
40835,2,0
40836,2,2
40837,2,2
40838,2,2
40839,2,2
40840,2,2
40841,3,3
40842,4,1
40843,2,0
40844,2,0
40845,2,2
40846,3,3
40847,3,2
40848,4,2
40849,2,2
40850,2,0
40851,2,0
40852,2,1
40853,2,2
40854,2,0
40855,3,3
40856,4,1
40857,3,1
40858,2,2
40859,2,2
40860,3,1
40861,3,2
40862,2,2
40863,2,2
40864,2,2
40865,4,1
40866,2,2
40867,2,2
40868,2,2
40869,2,0
40870,2,2
40871,2,1
40872,3,0
40873,2,0
40874,2,1
40875,2,0
40876,2,2
40877,2,0
40878,2,0
40879,2,2
40880,2,2
40881,2,2
40882,2,0
40883,2,2
40884,2,1
40885,2,2
40886,2,1
40887,3,3
40888,2,2
40889,2,2
40890,2,2
40891,2,2
40892,2,0
40893,2,0
40894,2,0
40895,3,1
40896,2,2
40897,2,2
40898,3,3
40899,2,0
40900,2,2
40901,2,2
40902,2,1
40903,2,0
40904,4,3
40905,2,1
40906,2,2
40907,2,2
40908,2,0
40909,3,2
40910,2,0
40911,3,3
40912,3,0
40913,3,1
40914,2,2
40915,2,1
40916,2,0
40917,2,2
40918,2,1
40919,2,0
40920,2,1
40921,3,3
40922,2,2
40923,3,2
40924,2,2
40925,2,2
40926,2,0
40927,3,1
40928,2,2
40929,2,2
40930,2,2
40931,2,2
40932,3,1
40933,2,1
40934,2,2
40935,2,1
40936,2,2
40937,2,2
40938,2,2
40939,2,1
40940,3,1
40941,2,2
40942,3,0
40943,2,2
40944,3,3
40945,2,1
40946,2,2
40947,4,2
40948,3,1
40949,2,2
40950,2,2
40951,2,2
40952,2,2
40953,2,0
40954,4,3
40955,2,0
40956,2,0
40957,3,3
40958,2,2
40959,2,0
40960,2,2
40961,4,0
40962,4,4
40963,2,1
40964,3,3
40965,4,3
40966,2,0
40967,2,2
40968,2,2
40969,2,0
40970,2,2
40971,2,0
40972,3,2
40973,2,0
40974,2,0
40975,2,2
40976,2,2
40977,3,3
40978,4,3
40979,3,3
40980,3,2
40981,2,0
40982,2,1
40983,2,2
40984,2,0
40985,2,2
40986,3,2
40987,2,0
40988,2,2
40989,2,1
40990,2,0
40991,2,2
40992,3,3
40993,2,2
40994,2,0
40995,2,2
40996,2,2
40997,2,2
40998,2,0
40999,2,0
41000,2,2
41001,2,2
41002,2,2
41003,3,2
41004,2,0
41005,4,4
41006,2,1
41007,2,2
41008,2,0
41009,2,2
41010,2,1
41011,2,1
41012,3,3
41013,4,3
41014,2,0
41015,2,0
41016,3,0
41017,3,2
41018,2,2
41019,4,3
41020,2,2
41021,2,2
41022,2,2
41023,2,2
41024,2,1
41025,2,2
41026,3,0
41027,2,1
41028,2,0
41029,3,3
41030,3,2
41031,4,0
41032,4,2
41033,2,2
41034,2,2
41035,2,2
41036,3,3
41037,2,2
41038,2,1
41039,2,2
41040,3,2
41041,2,2
41042,2,0
41043,4,2
41044,2,1
41045,2,0
41046,3,3
41047,3,1
41048,2,0
41049,2,1
41050,3,3
41051,2,1
41052,2,2
41053,3,3
41054,2,2
41055,2,2
41056,4,3
41057,2,0
41058,2,0
41059,2,2
41060,2,2
41061,2,2
41062,2,2
41063,2,2
41064,2,2
41065,3,1
41066,2,0
41067,3,3
41068,2,1
41069,2,0
41070,2,1
41071,2,0
41072,2,2
41073,2,1
41074,3,1
41075,2,2
41076,2,2
41077,3,0
41078,3,3
41079,2,0
41080,2,0
41081,2,0
41082,2,0
41083,3,3
41084,2,2
41085,3,1
41086,2,2
41087,2,2
41088,4,2
41089,2,2
41090,2,2
41091,2,2
41092,2,0
41093,2,2
41094,2,2
41095,2,0
41096,2,0
41097,2,2
41098,2,2
41099,2,0
41100,2,0
41101,2,0
41102,2,2
41103,2,1
41104,3,1
41105,2,0
41106,2,2
41107,2,2
41108,2,2
41109,2,0
41110,2,1
41111,2,1
41112,3,2
41113,3,3
41114,2,2
41115,3,3
41116,2,0
41117,3,3
41118,2,2
41119,3,0
41120,3,1
41121,2,2
41122,3,3
41123,2,0
41124,3,2
41125,2,2
41126,4,0
41127,2,0
41128,2,2
41129,2,1
41130,2,2
41131,2,0
41132,2,1
41133,2,1
41134,2,0
41135,2,2
41136,2,0
41137,2,2
41138,2,2
41139,2,0
41140,2,1
41141,4,2
41142,3,3
41143,2,2
41144,2,1
41145,2,2
41146,2,2
41147,2,0
41148,2,1
41149,2,0
41150,2,0
41151,2,0
41152,3,1
41153,4,3
41154,2,2
41155,2,2
41156,3,1
41157,2,2
41158,2,0
41159,2,0
41160,3,3
41161,2,2
41162,2,0
41163,2,0
41164,2,2
41165,4,2
41166,2,0
41167,2,2
41168,2,2
41169,2,2
41170,2,1
41171,2,0
41172,3,3
41173,2,2
41174,2,2
41175,2,2
41176,2,0
41177,2,2
41178,2,1
41179,2,0
41180,2,0
41181,2,0
41182,2,0
41183,2,0
41184,2,1
41185,2,0
41186,2,0
41187,2,2
41188,2,2
41189,3,2
41190,2,2
41191,2,0
41192,2,1
41193,2,0
41194,2,1
41195,3,3
41196,3,2
41197,2,2
41198,2,0
41199,3,1
41200,2,1
41201,2,2
41202,2,1
41203,2,2
41204,2,2
41205,2,1
41206,2,2
41207,2,1
41208,3,3
41209,2,1
41210,2,2
41211,2,1
41212,2,0
41213,2,2
41214,2,0
41215,2,2
41216,2,1
41217,2,2
41218,2,2
41219,2,2
41220,2,1
41221,3,3
41222,2,2
41223,2,2
41224,3,2
41225,3,3
41226,3,3
41227,2,2
41228,2,0
41229,2,0
41230,2,0
41231,2,1
41232,2,2
41233,2,0
41234,4,1
41235,2,2
41236,2,2
41237,3,0
41238,3,1
41239,4,0
41240,2,2
41241,2,0
41242,2,2
41243,2,0
41244,2,1
41245,2,2
41246,2,2
41247,2,0
41248,2,2
41249,2,2
41250,2,2
41251,4,0
41252,2,0
41253,3,1
41254,2,1
41255,2,0
41256,2,0
41257,3,0
41258,2,2
41259,2,0
41260,3,3
41261,2,2
41262,2,2
41263,2,2
41264,2,1
41265,3,3
41266,4,1
41267,2,2
41268,4,4
41269,2,1
41270,2,1
41271,2,0
41272,2,2
41273,2,2
41274,2,0
41275,2,2
41276,3,3
41277,2,2
41278,2,2
41279,2,0
41280,2,2
41281,3,3
41282,2,2
41283,2,2
41284,2,2
41285,3,0
41286,2,2
41287,2,0
41288,3,3
41289,2,2
41290,2,0
41291,2,0
41292,3,3
41293,2,1
41294,2,0
41295,3,2
41296,2,2
41297,2,0
41298,2,1
41299,2,0
41300,3,3
41301,3,0
41302,2,2
41303,2,0
41304,2,2
41305,2,0
41306,4,0
41307,2,2
41308,2,2
41309,2,1
41310,2,0
41311,2,2
41312,2,0
41313,2,2
41314,2,2
41315,2,2
41316,2,2
41317,3,3
41318,4,4
41319,2,0
41320,2,2
41321,2,2
41322,2,2
41323,2,0
41324,4,0
41325,2,1
41326,2,2
41327,2,2
41328,3,3
41329,2,2
41330,2,0
41331,2,2
41332,2,2
41333,3,1
41334,2,0
41335,2,2
41336,2,0
41337,4,2
41338,3,2
41339,2,0
41340,3,1
41341,2,0
41342,4,4
41343,4,0
41344,2,2
41345,3,3
41346,2,2
41347,2,1
41348,2,1
41349,2,2
41350,4,1
41351,2,2
41352,2,0
41353,2,2
41354,2,2
41355,2,2
41356,2,0
41357,3,0
41358,2,2
41359,3,1
41360,4,2
41361,2,2
41362,3,3
41363,2,0
41364,2,0
41365,2,2
41366,3,3
41367,2,2
41368,2,2
41369,2,0
41370,2,1
41371,2,2
41372,3,0
41373,3,1
41374,2,1
41375,2,0
41376,3,3
41377,2,2
41378,2,0
41379,3,2
41380,2,2
41381,2,0
41382,2,0
41383,2,2
41384,2,1
41385,2,1
41386,2,2
41387,2,0
41388,2,2
41389,2,2
41390,2,1
41391,2,0
41392,2,0
41393,3,0
41394,2,0
41395,2,0
41396,2,1
41397,3,1
41398,3,3
41399,3,0
41400,3,0
41401,2,0
41402,4,2
41403,3,3
41404,2,2
41405,2,0
41406,2,0
41407,2,2
41408,2,0
41409,2,0
41410,2,0
41411,4,2
41412,3,3
41413,2,1
41414,2,1
41415,2,2
41416,2,2
41417,2,0
41418,2,2
41419,2,2
41420,2,0
41421,2,2
41422,2,0
41423,2,0
41424,4,4
41425,3,3
41426,2,1
41427,2,1
41428,3,3
41429,2,2
41430,2,1
41431,2,0
41432,2,2
41433,2,0
41434,2,1
41435,2,2
41436,2,0
41437,3,3
41438,3,3
41439,2,0
41440,2,0
41441,2,2
41442,2,2
41443,3,1
41444,4,1
41445,4,1
41446,2,2
41447,2,2
41448,2,2
41449,2,2
41450,3,1
41451,2,2
41452,2,0
41453,2,1
41454,2,0
41455,2,0
41456,2,2
41457,3,1
41458,2,2
41459,2,1
41460,2,1
41461,4,3
41462,4,0
41463,2,1
41464,2,1
41465,2,2
41466,2,1
41467,3,0
41468,2,0
41469,2,2
41470,2,2
41471,2,2
41472,2,0
41473,2,2
41474,3,3
41475,2,0
41476,3,3
41477,2,2
41478,2,1
41479,2,0
41480,2,2
41481,3,3
41482,2,1
41483,2,2
41484,2,1
41485,2,1
41486,4,4
41487,2,2
41488,2,2
41489,2,2
41490,4,1
41491,2,2
41492,2,1
41493,3,3
41494,2,0
41495,2,1
41496,2,2
41497,3,2
41498,2,2
41499,3,1
41500,2,2
41501,2,0
41502,4,1
41503,2,1
41504,2,0
41505,2,2
41506,2,2
41507,2,0
41508,2,0
41509,2,2
41510,3,3
41511,2,2
41512,3,3
41513,2,2
41514,2,0
41515,4,2
41516,3,3
41517,2,0
41518,2,2
41519,4,4
41520,4,3
41521,4,4
41522,2,0
41523,2,2
41524,2,0
41525,2,0
41526,2,0
41527,3,3
41528,2,2
41529,2,1
41530,2,0
41531,2,0
41532,2,0
41533,2,2
41534,2,1
41535,3,0
41536,3,2
41537,2,2
41538,2,2
41539,3,0
41540,2,2
41541,2,0
41542,4,2
41543,3,2
41544,2,0
41545,2,0
41546,2,0
41547,2,0
41548,3,3
41549,2,2
41550,2,2
41551,2,2
41552,2,1
41553,2,2
41554,3,2
41555,2,2
41556,2,2
41557,3,0
41558,2,0
41559,2,2
41560,2,2
41561,3,3
41562,2,2
41563,2,2
41564,3,3
41565,4,4
41566,2,1
41567,2,0
41568,2,2
41569,2,1
41570,2,2
41571,2,0
41572,2,2
41573,2,0
41574,2,2
41575,3,3
41576,2,2
41577,3,1
41578,2,2
41579,2,2
41580,2,2
41581,2,2
41582,2,2
41583,3,0
41584,2,2
41585,2,0
41586,2,2
41587,3,1
41588,4,4
41589,3,1
41590,2,1
41591,2,1
41592,2,1
41593,3,1
41594,2,2
41595,2,1
41596,2,2
41597,2,0
41598,2,2
41599,2,0
41600,2,2
41601,2,1
41602,2,2
41603,3,1
41604,2,2
41605,2,0
41606,2,0
41607,2,0
41608,2,0
41609,3,3
41610,2,2
41611,3,1
41612,2,2
41613,2,0
41614,2,2
41615,2,2
41616,3,1
41617,2,2
41618,4,2
41619,2,2
41620,2,1
41621,2,2
41622,2,0
41623,3,3
41624,4,4
41625,3,1
41626,3,3
41627,2,0
41628,4,4
41629,2,2
41630,2,1
41631,2,0
41632,4,4
41633,3,2
41634,2,2
41635,2,1
41636,2,2
41637,3,2
41638,3,2
41639,2,0
41640,2,2
41641,2,2
41642,2,1
41643,3,2
41644,2,0
41645,2,0
41646,3,1
41647,2,2
41648,2,2
41649,2,2
41650,2,1
41651,2,2
41652,2,0
41653,2,0
41654,2,2
41655,2,0
41656,2,1
41657,2,2
41658,2,0
41659,3,3
41660,2,0
41661,3,1
41662,4,2
41663,3,3
41664,2,0
41665,2,0
41666,2,0
41667,2,2
41668,2,1
41669,2,2
41670,2,0
41671,2,2
41672,2,2
41673,3,0
41674,3,1
41675,3,1
41676,2,0
41677,2,1
41678,2,0
41679,2,2
41680,4,0
41681,2,2
41682,2,0
41683,2,2
41684,2,1
41685,2,1
41686,3,3
41687,2,0
41688,2,0
41689,2,2
41690,2,0
41691,2,2
41692,2,2
41693,2,0
41694,2,0
41695,4,4
41696,2,0
41697,2,1
41698,2,0
41699,3,3
41700,4,2
41701,2,0
41702,2,2
41703,2,1
41704,3,3
41705,2,1
41706,2,1
41707,2,2
41708,4,0
41709,2,2
41710,2,0
41711,3,3
41712,3,3
41713,2,2
41714,2,1
41715,2,0
41716,2,2
41717,2,1
41718,3,3
41719,2,2
41720,2,2
41721,3,2
41722,2,2
41723,3,1
41724,2,1
41725,2,1
41726,2,2
41727,2,1
41728,3,3
41729,2,2
41730,2,1
41731,2,2
41732,2,0
41733,2,0
41734,2,2
41735,2,0
41736,2,2
41737,2,2
41738,2,0
41739,4,2
41740,2,2
41741,3,1
41742,2,0
41743,2,2
41744,2,2
41745,2,0
41746,2,2
41747,3,0
41748,2,0
41749,2,0
41750,2,2
41751,3,3
41752,4,3
41753,2,2
41754,2,0
41755,4,3
41756,3,3
41757,2,2
41758,2,2
41759,4,2
41760,2,0
41761,3,1
41762,4,4
41763,2,1
41764,4,3
41765,2,2
41766,2,0
41767,2,1
41768,2,0
41769,2,1
41770,2,2
41771,2,2
41772,2,0
41773,3,3
41774,2,0
41775,2,0
41776,2,2
41777,4,3
41778,2,0
41779,2,0
41780,3,2
41781,2,0
41782,2,2
41783,3,2
41784,3,1
41785,2,2
41786,2,1
41787,2,2
41788,2,2
41789,2,2
41790,3,1
41791,2,2
41792,2,2
41793,2,2
41794,2,0
41795,2,0
41796,2,2
41797,2,1
41798,2,1
41799,2,2
41800,3,1
41801,2,2
41802,2,2
41803,2,0
41804,2,2
41805,3,1
41806,2,0
41807,3,0
41808,4,3
41809,3,3
41810,2,1
41811,3,3
41812,3,3
41813,2,2
41814,2,2
41815,2,2
41816,3,0
41817,2,0
41818,3,2
41819,2,2
41820,3,3
41821,2,2
41822,2,1
41823,3,3
41824,2,2
41825,3,3
41826,2,2
41827,3,1
41828,3,0
41829,2,2
41830,2,1
41831,2,2
41832,2,2
41833,2,0
41834,2,2
41835,3,3
41836,2,2
41837,3,0
41838,4,3
41839,2,0
41840,2,2
41841,3,3
41842,3,3
41843,3,2
41844,2,2
41845,2,0
41846,2,0
41847,2,2
41848,2,1
41849,2,2
41850,2,2
41851,2,2
41852,3,3
41853,2,1
41854,4,4
41855,2,2
41856,2,1
41857,2,2
41858,2,0
41859,2,0
41860,2,0
41861,2,0
41862,2,2
41863,2,2
41864,2,2
41865,2,0
41866,2,0
41867,2,2
41868,2,2
41869,2,1
41870,2,0
41871,2,2
41872,2,0
41873,2,0
41874,2,0
41875,2,2
41876,2,2
41877,2,2
41878,2,0
41879,3,3
41880,3,0
41881,4,4
41882,2,0
41883,2,2
41884,2,0
41885,2,2
41886,2,1
41887,2,1
41888,2,2
41889,2,2
41890,2,2
41891,2,2
41892,2,0
41893,2,1
41894,2,0
41895,3,0
41896,2,2
41897,2,2
41898,2,2
41899,2,1
41900,2,1
41901,4,1
41902,2,2
41903,3,3
41904,4,4
41905,2,0
41906,2,1
41907,4,2
41908,2,0
41909,2,2
41910,2,0
41911,4,2
41912,2,2
41913,2,2
41914,3,1
41915,2,2
41916,3,1
41917,3,0
41918,3,1
41919,2,1
41920,2,2
41921,2,2
41922,2,0
41923,3,3
41924,2,1
41925,3,0
41926,2,2
41927,2,2
41928,4,4
41929,4,2
41930,2,2
41931,2,2
41932,4,3
41933,2,0
41934,2,2
41935,2,2
41936,4,2
41937,4,4
41938,2,0
41939,2,2
41940,2,2
41941,2,2
41942,2,0
41943,2,2
41944,2,2
41945,2,0
41946,2,2
41947,2,0
41948,2,2
41949,2,1
41950,2,2
41951,2,1
41952,3,2
41953,2,0
41954,2,0
41955,2,1
41956,2,0
41957,2,1
41958,2,2
41959,2,2
41960,2,2
41961,2,2
41962,2,2
41963,3,1
41964,3,0
41965,2,2
41966,2,2
41967,2,2
41968,3,0
41969,2,2
41970,2,0
41971,2,2
41972,2,0
41973,2,2
41974,2,2
41975,2,2
41976,3,0
41977,2,2
41978,2,0
41979,2,0
41980,2,2
41981,3,0
41982,2,0
41983,2,0
41984,3,1
41985,2,2
41986,3,3
41987,2,2
41988,2,0
41989,3,3
41990,2,2
41991,2,2
41992,2,0
41993,2,1
41994,3,3
41995,2,2
41996,2,0
41997,3,1
41998,3,2
41999,2,2
42000,2,1
42001,3,1
42002,2,0
42003,3,3
42004,2,0
42005,3,1
42006,3,2
42007,3,2
42008,3,2
42009,3,2
42010,3,3
42011,2,2
42012,2,1
42013,2,2
42014,2,2
42015,4,3
42016,4,0
42017,2,1
42018,2,2
42019,2,2
42020,2,1
42021,2,0
42022,2,0
42023,4,0
42024,3,2
42025,2,2
42026,4,1
42027,3,1
42028,2,2
42029,2,2
42030,2,0
42031,2,2
42032,2,2
42033,2,2
42034,2,2
42035,2,2
42036,3,3
42037,3,3
42038,2,0
42039,2,1
42040,2,2
42041,2,2
42042,2,1
42043,2,2
42044,2,0
42045,3,3
42046,2,2
42047,2,2
42048,2,0
42049,4,2
42050,2,0
42051,2,0
42052,2,1
42053,3,1
42054,2,0
42055,2,2
42056,2,2
42057,3,3
42058,3,2
42059,3,3
42060,3,0
42061,2,2
42062,2,2
42063,2,0
42064,4,1
42065,2,2
42066,2,2
42067,2,1
42068,4,4
42069,3,2
42070,2,2
42071,2,2
42072,2,2
42073,2,2
42074,2,0
42075,3,1
42076,2,2
42077,3,3
42078,2,2
42079,2,0
42080,2,2
42081,2,1
42082,2,0
42083,2,2
42084,2,0
42085,2,0
42086,2,0
42087,3,2
42088,2,0
42089,2,2
42090,2,1
42091,4,4
42092,3,3
42093,2,2
42094,3,0
42095,2,2
42096,2,1
42097,3,0
42098,2,2
42099,2,0
42100,2,2
42101,3,3
42102,2,2
42103,4,1
42104,3,1
42105,2,0
42106,2,0
42107,2,0
42108,2,2
42109,3,3
42110,2,0
42111,2,0
42112,2,2
42113,2,2
42114,3,1
42115,2,1
42116,3,2
42117,2,0
42118,2,2
42119,3,3
42120,2,2
42121,3,2
42122,2,2
42123,2,1
42124,2,0
42125,2,0
42126,2,2
42127,2,2
42128,2,2
42129,2,0
42130,2,1
42131,2,2
42132,3,3
42133,2,1
42134,4,0
42135,2,2
42136,2,0
42137,2,1
42138,2,1
42139,2,2
42140,4,3
42141,2,2
42142,2,0
42143,2,2
42144,2,0
42145,2,2
42146,2,2
42147,2,2
42148,2,0
42149,2,2
42150,2,2
42151,2,0
42152,2,0
42153,2,1
42154,3,1
42155,2,2
42156,2,1
42157,2,2
42158,2,1
42159,2,0
42160,2,2
42161,4,1
42162,2,0
42163,2,2
42164,2,2
42165,2,2
42166,2,2
42167,2,0
42168,2,1
42169,2,2
42170,4,4
42171,2,1
42172,2,1
42173,2,2
42174,2,2
42175,3,2
42176,2,2
42177,4,4
42178,2,1
42179,2,0
42180,2,2
42181,2,0
42182,2,2
42183,2,1
42184,2,2
42185,2,1
42186,2,2
42187,3,3
42188,2,1
42189,2,0
42190,2,0
42191,2,2
42192,2,0
42193,2,0
42194,4,0
42195,3,2
42196,3,0
42197,2,2
42198,2,0
42199,2,2
42200,2,2
42201,3,2
42202,3,3
42203,2,1
42204,4,4
42205,2,1
42206,2,2
42207,4,1
42208,2,1
42209,3,2
42210,3,1
42211,2,0
42212,3,1
42213,2,2
42214,3,3
42215,3,3
42216,2,1
42217,2,0
42218,2,2
42219,2,1
42220,2,2
42221,2,1
42222,3,3
42223,2,1
42224,4,4
42225,2,2
42226,2,1
42227,2,2
42228,2,2
42229,3,3
42230,3,0
42231,2,0
42232,2,2
42233,2,1
42234,2,1
42235,2,2
42236,2,0
42237,2,0
42238,2,2
42239,2,1
42240,2,2
42241,2,0
42242,2,2
42243,2,2
42244,2,2
42245,2,1
42246,2,0
42247,2,2
42248,3,1
42249,2,0
42250,2,1
42251,2,2
42252,2,0
42253,2,2
42254,2,2
42255,2,2
42256,2,2
42257,4,4
42258,3,1
42259,2,0
42260,2,2
42261,2,2
42262,4,4
42263,2,0
42264,2,2
42265,2,0
42266,2,0
42267,2,0
42268,2,1
42269,3,3
42270,2,0
42271,2,0
42272,3,3
42273,3,3
42274,3,2
42275,2,0
42276,2,0
42277,2,2
42278,3,2
42279,3,1
42280,2,2
42281,3,1
42282,2,2
42283,3,3
42284,2,2
42285,2,2
42286,2,2
42287,2,2
42288,4,4
42289,3,2
42290,2,0
42291,3,3
42292,4,4
42293,2,2
42294,3,3
42295,4,2
42296,2,2
42297,3,3
42298,2,2
42299,3,1
42300,2,2
42301,2,0
42302,3,1
42303,2,2
42304,3,3
42305,2,2
42306,3,2
42307,2,2
42308,2,2
42309,4,4
42310,3,0
42311,3,1
42312,2,2
42313,2,2
42314,3,3
42315,2,1
42316,2,0
42317,2,0
42318,2,2
42319,2,2
42320,3,0
42321,2,2
42322,2,2
42323,2,2
42324,2,2
42325,2,1
42326,2,2
42327,2,1
42328,4,4
42329,2,0
42330,2,0
42331,3,2
42332,3,3
42333,2,0
42334,2,1
42335,2,1
42336,2,2
42337,2,1
42338,2,2
42339,2,0
42340,2,2
42341,2,2
42342,4,4
42343,2,1
42344,2,2
42345,2,0
42346,3,3
42347,2,1
42348,2,2
42349,2,0
42350,2,0
42351,2,0
42352,2,1
42353,4,1
42354,3,3
42355,4,3
42356,3,2
42357,2,0
42358,4,1
42359,2,2
42360,2,1
42361,2,0
42362,2,0
42363,2,0
42364,2,1
42365,3,0
42366,2,2
42367,3,3
42368,4,3
42369,4,0
42370,2,2
42371,2,0
42372,2,0
42373,2,0
42374,3,1
42375,2,2
42376,2,2
42377,2,2
42378,2,0
42379,2,2
42380,2,2
42381,2,2
42382,2,2
42383,2,0
42384,2,1
42385,2,0
42386,2,1
42387,4,2
42388,2,0
42389,2,0
42390,3,1
42391,2,1
42392,4,2
42393,2,2
42394,3,3
42395,2,0
42396,2,2
42397,2,0
42398,2,2
42399,2,0
42400,2,0
42401,2,0
42402,2,0
42403,2,0
42404,2,0
42405,2,2
42406,2,2
42407,2,2
42408,4,4
42409,2,2
42410,3,2
42411,2,2
42412,2,2
42413,2,0
42414,3,3
42415,2,0
42416,3,3
42417,4,2
42418,3,1
42419,2,0
42420,2,1
42421,2,2
42422,2,2
42423,2,1
42424,2,2
42425,2,2
42426,2,2
42427,2,0
42428,2,2
42429,2,1
42430,2,1
42431,2,2
42432,2,2
42433,3,3
42434,2,0
42435,3,2
42436,2,2
42437,2,2
42438,2,2
42439,2,1
42440,2,2
42441,2,2
42442,2,0
42443,2,2
42444,2,0
42445,2,0
42446,3,3
42447,2,0
42448,2,2
42449,2,2
42450,2,2
42451,2,2
42452,3,2
42453,3,2
42454,3,1
42455,2,2
42456,3,3
42457,2,2
42458,2,0
42459,2,0
42460,2,1
42461,2,0
42462,3,1
42463,2,0
42464,2,2
42465,2,2
42466,2,0
42467,2,2
42468,2,0
42469,2,0
42470,2,2
42471,2,2
42472,3,3
42473,2,2
42474,3,2
42475,2,2
42476,2,2
42477,3,0
42478,2,0
42479,2,0
42480,2,2
42481,2,2
42482,2,0
42483,2,2
42484,3,1
42485,2,2
42486,2,0
42487,3,1
42488,2,2
42489,2,0
42490,2,2
42491,3,3
42492,2,2
42493,4,4
42494,2,1
42495,2,0
42496,4,3
42497,2,2
42498,2,2
42499,2,1
42500,2,1
42501,2,0
42502,3,1
42503,2,2
42504,3,3
42505,2,2
42506,4,0
42507,3,3
42508,3,3
42509,2,2
42510,2,2
42511,2,0
42512,2,1
42513,3,3
42514,2,2
42515,2,2
42516,3,3
42517,4,1
42518,3,0
42519,2,1
42520,2,1
42521,3,0
42522,2,1
42523,2,1
42524,3,1
42525,2,1
42526,2,0
42527,2,2
42528,2,2
42529,2,1
42530,2,0
42531,2,0
42532,3,1
42533,2,0
42534,3,1
42535,2,1
42536,2,0
42537,2,1
42538,2,2
42539,3,1
42540,3,3
42541,2,2
42542,2,2
42543,2,2
42544,3,3
42545,2,0
42546,2,2
42547,3,0
42548,2,0
42549,2,2
42550,2,1
42551,2,2
42552,3,1
42553,4,0
42554,2,1
42555,2,0
42556,2,1
42557,2,1
42558,3,2
42559,2,2
42560,2,2
42561,2,2
42562,2,2
42563,2,0
42564,2,2
42565,2,1
42566,4,4
42567,4,1
42568,3,3
42569,2,0
42570,2,0
42571,3,0
42572,2,2
42573,3,3
42574,2,2
42575,2,1
42576,2,0
42577,2,1
42578,3,2
42579,2,1
42580,3,2
42581,2,2
42582,2,2
42583,2,0
42584,2,1
42585,3,3
42586,2,2
42587,3,3
42588,2,0
42589,2,2
42590,2,0
42591,2,2
42592,3,1
42593,2,1
42594,2,2
42595,2,2
42596,2,2
42597,2,2
42598,3,2
42599,2,1
42600,2,2
42601,3,3
42602,2,2
42603,2,2
42604,2,2
42605,2,2
42606,2,0
42607,2,0
42608,2,1
42609,2,2
42610,3,3
42611,3,1
42612,2,2
42613,2,0
42614,4,3
42615,3,3
42616,2,0
42617,2,2
42618,2,2
42619,3,3
42620,2,1
42621,3,1
42622,2,2
42623,4,1
42624,3,2
42625,2,2
42626,2,2
42627,2,1
42628,3,3
42629,4,3
42630,4,4
42631,2,0
42632,2,2
42633,2,2
42634,3,3
42635,4,2
42636,2,1
42637,2,1
42638,2,0
42639,2,2
42640,2,2
42641,3,1
42642,3,2
42643,2,0
42644,2,0
42645,3,1
42646,2,2
42647,2,0
42648,3,1
42649,3,0
42650,2,0
42651,2,2
42652,2,1
42653,2,2
42654,4,3
42655,2,2
42656,2,0
42657,2,2
42658,2,1
42659,3,1
42660,2,2
42661,2,0
42662,3,3
42663,3,1
42664,2,2
42665,2,2
42666,2,1
42667,2,2
42668,2,1
42669,2,2
42670,2,2
42671,4,2
42672,3,3
42673,2,1
42674,3,1
42675,2,1
42676,3,3
42677,2,2
42678,2,2
42679,4,2
42680,3,1
42681,2,0
42682,3,3
42683,2,0
42684,2,2
42685,2,0
42686,2,0
42687,3,3
42688,2,2
42689,2,2
42690,3,1
42691,3,2
42692,2,2
42693,3,3
42694,2,0
42695,2,1
42696,4,4
42697,2,2
42698,2,1
42699,2,2
42700,2,2
42701,2,2
42702,3,1
42703,2,1
42704,3,3
42705,2,2
42706,2,2
42707,4,3
42708,2,0
42709,3,3
42710,2,0
42711,2,2
42712,2,2
42713,3,0
42714,2,2
42715,2,0
42716,2,2
42717,2,2
42718,2,2
42719,3,3
42720,2,0
42721,2,1
42722,2,2
42723,2,0
42724,2,2
42725,2,2
42726,2,2
42727,2,1
42728,2,2
42729,2,2
42730,2,2
42731,2,2
42732,2,2
42733,2,0
42734,2,2
42735,2,1
42736,2,0
42737,2,2
42738,2,0
42739,2,2
42740,2,2
42741,4,4
42742,2,2
42743,2,1
42744,2,2
42745,2,1
42746,3,2
42747,3,2
42748,2,1
42749,3,0
42750,3,2
42751,2,0
42752,3,3
42753,2,2
42754,3,3
42755,2,0
42756,2,2
42757,3,1
42758,2,2
42759,2,1
42760,4,2
42761,3,2
42762,2,1
42763,2,2
42764,2,2
42765,4,0
42766,2,1
42767,3,0
42768,2,2
42769,2,0
42770,2,2
42771,3,3
42772,2,0
42773,2,2
42774,3,3
42775,3,2
42776,2,2
42777,2,2
42778,2,0
42779,3,1
42780,2,0
42781,2,2
42782,2,2
42783,2,2
42784,2,2
42785,2,2
42786,4,1
42787,3,1
42788,2,1
42789,2,1
42790,2,2
42791,2,0
42792,2,2
42793,2,2
42794,3,0
42795,4,4
42796,2,0
42797,3,2
42798,3,3
42799,4,1
42800,2,1
42801,4,2
42802,2,2
42803,2,2
42804,3,1
42805,4,3
42806,2,0
42807,2,0
42808,4,4
42809,3,3
42810,3,3
42811,3,3
42812,2,1
42813,3,0
42814,2,2
42815,2,0
42816,2,0
42817,2,2
42818,2,2
42819,3,0
42820,3,2
42821,2,2
42822,2,0
42823,3,2
42824,2,1
42825,2,2
42826,2,2
42827,2,0
42828,2,0
42829,3,3
42830,2,0
42831,2,2
42832,4,4
42833,2,0
42834,3,0
42835,3,3
42836,2,0
42837,3,3
42838,2,0
42839,2,2
42840,3,3
42841,2,2
42842,2,0
42843,2,2
42844,2,2
42845,3,1
42846,3,2
42847,2,0
42848,2,0
42849,2,0
42850,3,3
42851,2,0
42852,2,2
42853,3,2
42854,3,1
42855,2,2
42856,2,2
42857,2,2
42858,2,2
42859,2,2
42860,2,2
42861,3,1
42862,3,3
42863,2,2
42864,3,3
42865,3,2
42866,2,0
42867,2,2
42868,2,2
42869,2,0
42870,2,2
42871,3,3
42872,2,1
42873,3,0
42874,2,0
42875,2,1
42876,2,2
42877,2,2
42878,2,2
42879,3,1
42880,2,2
42881,3,2
42882,2,0
42883,3,2
42884,2,0
42885,2,0
42886,3,1
42887,2,0
42888,2,0
42889,2,2
42890,4,3
42891,2,2
42892,2,2
42893,2,2
42894,2,0
42895,2,2
42896,4,4
42897,2,2
42898,2,2
42899,2,2
42900,2,1
42901,2,2
42902,3,2
42903,2,2
42904,2,0
42905,2,2
42906,3,3
42907,2,2
42908,2,2
42909,3,1
42910,2,2
42911,2,0
42912,2,2
42913,2,2
42914,2,2
42915,3,3
42916,2,0
42917,2,2
42918,2,2
42919,2,1
42920,3,1
42921,2,0
42922,2,2
42923,2,2
42924,2,1
42925,4,0
42926,3,1
42927,2,1
42928,2,2
42929,2,2
42930,3,1
42931,2,2
42932,2,0
42933,2,0
42934,3,2
42935,3,3
42936,4,3
42937,2,2
42938,2,0
42939,2,2
42940,2,0
42941,2,2
42942,2,2
42943,2,0
42944,3,0
42945,2,2
42946,2,2
42947,3,1
42948,2,0
42949,4,2
42950,3,1
42951,2,2
42952,2,2
42953,2,2
42954,3,1
42955,2,1
42956,2,2
42957,2,0
42958,2,0
42959,2,2
42960,2,0
42961,2,0
42962,3,3
42963,2,2
42964,2,2
42965,3,2
42966,2,2
42967,3,3
42968,2,1
42969,3,0
42970,2,2
42971,2,2
42972,2,0
42973,2,2
42974,4,4
42975,2,0
42976,2,1
42977,2,2
42978,3,3
42979,2,0
42980,2,0
42981,2,2
42982,2,1
42983,3,3
42984,2,1
42985,2,1
42986,2,0
42987,3,1
42988,2,0
42989,3,1
42990,2,2
42991,2,2
42992,2,0
42993,2,1
42994,3,2
42995,2,2
42996,2,2
42997,2,1
42998,2,2
42999,2,1
43000,2,0
43001,2,2
43002,2,2
43003,3,3
43004,3,2
43005,2,2
43006,2,2
43007,2,2
43008,2,1
43009,2,0
43010,3,3
43011,2,2
43012,2,2
43013,2,1
43014,2,2
43015,2,0
43016,2,2
43017,2,0
43018,2,0
43019,2,2
43020,2,0
43021,2,1
43022,2,1
43023,2,1
43024,2,1
43025,2,0
43026,2,1
43027,2,1
43028,2,2
43029,2,0
43030,2,2
43031,2,1
43032,2,1
43033,2,0
43034,4,1
43035,2,2
43036,2,0
43037,3,0
43038,3,1
43039,2,2
43040,2,2
43041,3,2
43042,3,1
43043,3,3
43044,2,2
43045,2,2
43046,2,2
43047,3,0
43048,3,3
43049,3,3
43050,3,1
43051,2,0
43052,3,3
43053,2,0
43054,2,2
43055,2,0
43056,2,2
43057,2,0
43058,3,3
43059,2,0
43060,2,1
43061,2,0
43062,4,3
43063,2,2
43064,2,2
43065,2,1
43066,2,0
43067,2,2
43068,2,1
43069,2,2
43070,2,2
43071,2,2
43072,2,2
43073,3,1
43074,3,3
43075,2,2
43076,2,2
43077,2,2
43078,2,2
43079,2,0
43080,4,1
43081,2,0
43082,2,0
43083,2,0
43084,2,0
43085,2,0
43086,2,2
43087,2,2
43088,2,0
43089,2,2
43090,2,2
43091,2,2
43092,2,2
43093,3,0
43094,2,2
43095,4,1
43096,2,1
43097,2,1
43098,2,1
43099,2,0
43100,3,1
43101,2,0
43102,2,2
43103,2,0
43104,2,0
43105,2,0
43106,2,2
43107,3,1
43108,3,0
43109,3,3
43110,2,2
43111,2,0
43112,4,2
43113,2,0
43114,3,1
43115,2,2
43116,2,0
43117,2,2
43118,2,2
43119,2,2
43120,2,2
43121,3,3
43122,2,1
43123,2,0
43124,3,3
43125,4,0
43126,2,2
43127,3,2
43128,3,3
43129,2,1
43130,2,0
43131,2,0
43132,2,0
43133,3,3
43134,2,2
43135,2,2
43136,2,0
43137,2,1
43138,2,0
43139,2,2
43140,2,1
43141,3,2
43142,2,2
43143,2,2
43144,2,2
43145,4,4
43146,3,3
43147,2,0
43148,2,0
43149,2,2
43150,2,2
43151,3,1
43152,4,2
43153,3,2
43154,2,0
43155,2,2
43156,2,2
43157,2,1
43158,3,1
43159,3,1
43160,2,2
43161,2,2
43162,2,0
43163,2,2
43164,2,1
43165,2,1
43166,2,2
43167,3,3
43168,4,4
43169,2,2
43170,2,1
43171,2,0
43172,2,0
43173,2,1
43174,3,1
43175,2,2
43176,2,2
43177,2,2
43178,2,2
43179,2,2
43180,2,0
43181,2,2
43182,2,2
43183,2,2
43184,2,1
43185,3,3
43186,2,1
43187,2,2
43188,4,4
43189,2,1
43190,2,2
43191,2,2
43192,2,2
43193,2,2
43194,2,2
43195,2,1
43196,2,0
43197,2,2
43198,2,0
43199,2,1
43200,2,2
43201,2,0
43202,2,0
43203,4,4
43204,3,3
43205,4,4
43206,2,2
43207,2,0
43208,3,2
43209,2,2
43210,2,2
43211,3,2
43212,2,2
43213,2,0
43214,2,1
43215,2,0
43216,2,2
43217,2,0
43218,2,1
43219,4,1
43220,2,2
43221,2,2
43222,3,1
43223,2,1
43224,2,2
43225,2,2
43226,3,3
43227,2,2
43228,2,0
43229,3,2
43230,2,2
43231,2,1
43232,3,1
43233,4,0
43234,4,4
43235,2,2
43236,2,0
43237,2,0
43238,2,2
43239,2,0
43240,3,3
43241,2,2
43242,2,1
43243,3,0
43244,2,0
43245,2,1
43246,3,1
43247,2,0
43248,2,2
43249,2,2
43250,2,0
43251,2,2
43252,4,4
43253,2,0
43254,4,4
43255,3,1
43256,2,2
43257,2,2
43258,2,2
43259,3,1
43260,2,0
43261,4,3
43262,2,2
43263,2,2
43264,3,1
43265,2,0
43266,2,1
43267,2,0
43268,3,1
43269,3,1
43270,2,1
43271,4,2
43272,3,1
43273,3,3
43274,3,3
43275,2,0
43276,2,2
43277,2,2
43278,3,3
43279,2,2
43280,2,0
43281,2,0
43282,2,1
43283,3,3
43284,2,2
43285,2,2
43286,2,0
43287,2,2
43288,2,0
43289,2,2
43290,2,1
43291,2,0
43292,2,1
43293,2,1
43294,2,2
43295,2,0
43296,3,2
43297,4,3
43298,2,2
43299,2,0
43300,2,2
43301,3,1
43302,2,2
43303,2,2
43304,3,0
43305,3,1
43306,2,0
43307,3,3
43308,2,0
43309,2,0
43310,3,3
43311,3,2
43312,2,0
43313,2,0
43314,2,0
43315,2,1
43316,3,1
43317,2,0
43318,2,1
43319,2,1
43320,2,2
43321,2,0
43322,3,2
43323,4,2
43324,2,0
43325,2,1
43326,3,1
43327,2,1
43328,2,2
43329,2,1
43330,2,1
43331,2,2
43332,2,2
43333,2,0
43334,2,1
43335,2,2
43336,2,0
43337,2,2
43338,2,2
43339,2,2
43340,2,0
43341,2,2
43342,2,0
43343,2,2
43344,3,3
43345,2,2
43346,2,0
43347,3,3
43348,3,3
43349,2,2
43350,2,0
43351,2,2
43352,2,2
43353,2,0
43354,2,1
43355,2,2
43356,2,2
43357,2,0
43358,3,3
43359,2,0
43360,2,1
43361,3,1
43362,2,2
43363,2,1
43364,2,0
43365,2,2
43366,3,3
43367,2,2
43368,2,1
43369,3,3
43370,3,3
43371,2,2
43372,2,0
43373,3,3
43374,2,2
43375,2,2
43376,3,1
43377,4,0
43378,2,2
43379,2,2
43380,3,0
43381,2,2
43382,2,2
43383,2,0
43384,2,0
43385,3,2
43386,2,2
43387,3,0
43388,3,3
43389,2,2
43390,2,1
43391,2,0
43392,2,0
43393,4,3
43394,2,2
43395,2,2
43396,2,0
43397,2,2
43398,2,2
43399,2,2
43400,2,0
43401,2,2
43402,2,0
43403,3,3
43404,2,1
43405,2,1
43406,2,2
43407,2,2
43408,2,2
43409,2,0
43410,4,0
43411,4,0
43412,2,2
43413,4,4
43414,2,0
43415,2,0
43416,4,2
43417,2,2
43418,2,2
43419,2,2
43420,2,2
43421,2,1
43422,2,2
43423,3,1
43424,2,0
43425,2,0
43426,2,0
43427,2,2
43428,2,1
43429,4,2
43430,3,1
43431,2,1
43432,3,1
43433,2,1
43434,2,0
43435,2,2
43436,2,0
43437,2,0
43438,2,0
43439,3,1
43440,2,2
43441,2,0
43442,2,2
43443,2,2
43444,2,2
43445,3,3
43446,2,2
43447,2,2
43448,2,0
43449,3,2
43450,2,0
43451,2,2
43452,2,0
43453,2,2
43454,2,2
43455,3,0
43456,2,0
43457,2,2
43458,2,2
43459,4,1
43460,3,3
43461,3,2
43462,2,2
43463,2,2
43464,2,0
43465,2,0
43466,2,2
43467,2,2
43468,2,1
43469,2,1
43470,2,1
43471,2,2
43472,4,2
43473,3,2
43474,2,0
43475,2,2
43476,2,0
43477,2,1
43478,2,2
43479,2,2
43480,2,2
43481,2,2
43482,3,3
43483,2,1
43484,2,2
43485,2,2
43486,3,3
43487,4,2
43488,3,0
43489,3,2
43490,2,2
43491,4,2
43492,2,1
43493,2,1
43494,2,0
43495,2,2
43496,2,0
43497,2,2
43498,2,0
43499,2,1
43500,2,1
43501,3,0
43502,2,1
43503,2,0
43504,2,2
43505,2,2
43506,2,0
43507,2,2
43508,2,0
43509,2,2
43510,2,2
43511,3,1
43512,2,1
43513,2,1
43514,3,1
43515,4,4
43516,3,2
43517,2,0
43518,3,1
43519,2,2
43520,3,3
43521,2,0
43522,3,2
43523,2,2
43524,2,2
43525,4,1
43526,2,0
43527,2,0
43528,2,2
43529,2,2
43530,2,2
43531,2,0
43532,2,1
43533,2,2
43534,2,1
43535,2,0
43536,3,1
43537,2,0
43538,3,0
43539,2,2
43540,2,0
43541,2,2
43542,2,2
43543,2,0
43544,2,2
43545,2,0
43546,3,1
43547,3,1
43548,2,1
43549,2,2
43550,2,1
43551,3,3
43552,2,2
43553,2,2
43554,3,1
43555,3,3
43556,2,1
43557,2,1
43558,2,2
43559,2,0
43560,2,2
43561,2,2
43562,2,2
43563,2,2
43564,3,1
43565,2,0
43566,2,1
43567,2,2
43568,3,0
43569,2,0
43570,2,2
43571,3,2
43572,2,0
43573,3,1
43574,2,0
43575,2,1
43576,3,1
43577,2,2
43578,4,4
43579,2,0
43580,2,2
43581,2,2
43582,2,0
43583,2,0
43584,4,2
43585,2,2
43586,2,2
43587,2,0
43588,2,1
43589,2,1
43590,2,1
43591,2,2
43592,3,3
43593,2,2
43594,2,0
43595,2,0
43596,2,0
43597,3,2
43598,2,2
43599,2,2
43600,3,2
43601,2,0
43602,2,2
43603,2,2
43604,2,1
43605,2,2
43606,3,3
43607,2,1
43608,2,2
43609,2,0
43610,2,1
43611,3,3
43612,2,1
43613,2,2
43614,2,0
43615,2,2
43616,2,2
43617,2,0
43618,2,0
43619,3,0
43620,2,0
43621,2,2
43622,2,0
43623,2,0
43624,2,2
43625,3,1
43626,4,4
43627,2,1
43628,2,0
43629,4,3
43630,2,0
43631,3,3
43632,2,2
43633,2,1
43634,2,0
43635,2,0
43636,2,2
43637,2,0
43638,2,2
43639,2,2
43640,2,1
43641,2,2
43642,2,2
43643,2,0
43644,4,1
43645,2,0
43646,2,2
43647,2,1
43648,2,0
43649,2,0
43650,2,2
43651,2,0
43652,2,0
43653,2,1
43654,2,2
43655,2,2
43656,2,0
43657,3,0
43658,2,1
43659,2,2
43660,2,1
43661,2,0
43662,2,1
43663,3,1
43664,2,0
43665,3,2
43666,2,1
43667,2,0
43668,2,2
43669,2,0
43670,4,4
43671,3,3
43672,2,2
43673,2,2
43674,2,2
43675,2,0
43676,2,0
43677,2,2
43678,4,4
43679,2,2
43680,2,0
43681,2,1
43682,2,2
43683,2,2
43684,2,1
43685,3,3
43686,4,3
43687,3,1
43688,2,2
43689,2,2
43690,4,0
43691,2,0
43692,2,1
43693,2,2
43694,2,2
43695,2,2
43696,2,2
43697,2,2
43698,2,2
43699,2,2
43700,3,0
43701,2,2
43702,2,2
43703,3,0
43704,2,2
43705,2,0
43706,4,3
43707,2,0
43708,3,2
43709,2,2
43710,2,2
43711,2,0
43712,2,1
43713,3,1
43714,3,2
43715,3,2
43716,2,0
43717,2,0
43718,2,2
43719,2,0
43720,3,2
43721,2,2
43722,4,0
43723,2,2
43724,4,2
43725,2,2
43726,3,3
43727,2,2
43728,2,0
43729,2,2
43730,2,2
43731,3,0
43732,3,3
43733,2,0
43734,2,2
43735,2,0
43736,2,2
43737,3,3
43738,2,0
43739,2,0
43740,2,2
43741,3,3
43742,2,0
43743,2,2
43744,2,2
43745,3,3
43746,4,4
43747,2,0
43748,2,2
43749,2,2
43750,2,0
43751,4,4
43752,2,2
43753,3,1
43754,2,1
43755,2,2
43756,2,1
43757,2,2
43758,2,2
43759,4,2
43760,4,4
43761,3,1
43762,4,3
43763,2,0
43764,3,1
43765,2,2
43766,2,2
43767,2,2
43768,3,1
43769,2,1
43770,2,1
43771,2,2
43772,2,1
43773,2,0
43774,2,1
43775,2,2
43776,3,0
43777,3,0
43778,2,2
43779,2,1
43780,2,1
43781,2,0
43782,3,3
43783,2,2
43784,2,2
43785,2,0
43786,2,0
43787,3,3
43788,3,3
43789,2,0
43790,2,2
43791,2,2
43792,2,1
43793,4,2
43794,2,0
43795,2,2
43796,2,2
43797,2,0
43798,2,0
43799,2,1
43800,2,2
43801,2,2
43802,4,0
43803,4,4
43804,3,2
43805,3,1
43806,2,2
43807,2,0
43808,2,0
43809,2,1
43810,2,2
43811,2,0
43812,2,1
43813,2,0
43814,2,2
43815,2,2
43816,2,2
43817,2,1
43818,2,0
43819,2,1
43820,4,2
43821,2,2
43822,3,3
43823,2,1
43824,2,1
43825,2,2
43826,2,2
43827,2,0
43828,2,2
43829,3,1
43830,2,1
43831,2,2
43832,4,3
43833,2,0
43834,3,3
43835,2,2
43836,2,1
43837,2,2
43838,2,2
43839,2,0
43840,2,1
43841,2,0
43842,4,2
43843,3,3
43844,3,2
43845,2,1
43846,2,0
43847,4,0
43848,2,0
43849,3,1
43850,2,2
43851,4,1
43852,2,2
43853,2,2
43854,4,1
43855,2,1
43856,4,4
43857,2,0
43858,2,2
43859,2,2
43860,2,2
43861,2,2
43862,2,0
43863,2,1
43864,2,2
43865,3,0
43866,2,0
43867,3,1
43868,2,0
43869,3,2
43870,2,1
43871,2,2
43872,2,0
43873,2,1
43874,2,1
43875,3,1
43876,3,2
43877,2,0
43878,2,1
43879,3,0
43880,2,2
43881,4,0
43882,2,1
43883,2,1
43884,2,2
43885,2,0
43886,2,0
43887,2,0
43888,2,2
43889,2,0
43890,2,1
43891,3,0
43892,2,2
43893,2,1
43894,4,3
43895,2,1
43896,2,0
43897,2,1
43898,2,0
43899,2,2
43900,4,2
43901,2,2
43902,3,0
43903,2,0
43904,4,1
43905,4,4
43906,2,0
43907,2,2
43908,2,2
43909,3,3
43910,3,1
43911,2,0
43912,2,2
43913,2,0
43914,4,4
43915,2,2
43916,2,0
43917,4,2
43918,3,0
43919,3,2
43920,2,1
43921,3,3
43922,2,0
43923,3,1
43924,2,0
43925,2,0
43926,2,1
43927,2,0
43928,2,0
43929,2,2
43930,2,0
43931,2,2
43932,2,0
43933,4,2
43934,3,1
43935,2,0
43936,4,1
43937,2,2
43938,2,2
43939,2,2
43940,2,2
43941,2,2
43942,2,1
43943,2,0
43944,2,0
43945,2,1
43946,3,3
43947,3,3
43948,2,2
43949,3,2
43950,2,2
43951,2,2
43952,2,2
43953,4,1
43954,2,2
43955,3,3
43956,3,3
43957,2,1
43958,3,0
43959,3,3
43960,4,4
43961,2,2
43962,2,2
43963,2,1
43964,2,2
43965,2,2
43966,2,0
43967,2,0
43968,3,2
43969,2,0
43970,3,1
43971,2,1
43972,3,3
43973,2,1
43974,3,3
43975,2,1
43976,2,1
43977,2,0
43978,2,0
43979,2,1
43980,3,1
43981,2,0
43982,2,0
43983,2,2
43984,2,2
43985,2,0
43986,2,2
43987,2,2
43988,4,0
43989,2,2
43990,2,2
43991,2,2
43992,2,2
43993,2,0
43994,2,2
43995,3,0
43996,2,2
43997,2,0
43998,2,2
43999,2,0
44000,2,1
44001,2,0
44002,4,1
44003,3,0
44004,2,2
44005,2,2
44006,2,0
44007,2,1
44008,3,2
44009,4,0
44010,2,0
44011,2,0
44012,2,0
44013,4,4
44014,2,1
44015,2,2
44016,2,2
44017,2,0
44018,2,2
44019,2,0
44020,3,3
44021,2,2
44022,2,0
44023,2,2
44024,2,0
44025,2,2
44026,2,1
44027,2,1
44028,3,1
44029,2,0
44030,2,0
44031,2,2
44032,2,0
44033,3,1
44034,2,0
44035,3,3
44036,2,1
44037,2,2
44038,2,2
44039,2,1
44040,3,2
44041,2,2
44042,4,2
44043,2,2
44044,2,2
44045,2,1
44046,2,2
44047,2,2
44048,4,4
44049,3,3
44050,4,2
44051,3,1
44052,2,0
44053,2,2
44054,2,2
44055,2,1
44056,2,0
44057,2,2
44058,2,2
44059,2,0
44060,2,0
44061,2,1
44062,2,1
44063,2,2
44064,2,2
44065,2,0
44066,2,0
44067,3,3
44068,3,1
44069,2,0
44070,2,2
44071,2,0
44072,2,1
44073,2,2
44074,3,3
44075,2,2
44076,2,0
44077,2,2
44078,2,1
44079,2,2
44080,2,2
44081,3,2
44082,2,2
44083,2,2
44084,2,1
44085,3,3
44086,2,2
44087,4,2
44088,2,1
44089,4,0
44090,4,1
44091,2,2
44092,3,0
44093,2,2
44094,2,0
44095,2,2
44096,3,3
44097,2,2
44098,2,2
44099,3,3
44100,3,1
44101,2,2
44102,2,2
44103,3,1
44104,2,0
44105,2,0
44106,4,2
44107,3,2
44108,2,1
44109,2,0
44110,3,2
44111,2,0
44112,4,4
44113,2,2
44114,2,2
44115,3,2
44116,2,1
44117,2,1
44118,2,0
44119,2,0
44120,3,3
44121,2,2
44122,2,2
44123,2,0
44124,2,2
44125,2,0
44126,4,2
44127,2,1
44128,3,3
44129,2,2
44130,2,2
44131,2,0
44132,4,3
44133,2,0
44134,2,0
44135,2,1
44136,2,0
44137,3,3
44138,2,1
44139,2,2
44140,2,0
44141,4,4
44142,2,2
44143,2,2
44144,2,2
44145,2,0
44146,3,1
44147,2,2
44148,3,3
44149,4,4
44150,4,1
44151,3,3
44152,2,2
44153,3,3
44154,2,2
44155,2,1
44156,2,2
44157,2,2
44158,2,2
44159,2,1
44160,2,2
44161,4,0
44162,2,1
44163,3,3
44164,3,1
44165,2,2
44166,2,0
44167,2,2
44168,3,1
44169,2,2
44170,2,1
44171,4,1
44172,2,2
44173,3,3
44174,2,0
44175,2,2
44176,2,2
44177,2,0
44178,3,0
44179,2,2
44180,2,2
44181,2,2
44182,2,0
44183,3,1
44184,2,2
44185,2,1
44186,3,0
44187,3,2
44188,3,1
44189,2,2
44190,2,0
44191,3,3
44192,2,2
44193,2,0
44194,3,3
44195,2,0
44196,2,2
44197,2,2
44198,2,2
44199,3,3
44200,2,2
44201,2,2
44202,2,0
44203,2,2
44204,2,2
44205,3,3
44206,3,3
44207,2,1
44208,2,2
44209,4,4
44210,2,1
44211,2,2
44212,3,2
44213,2,2
44214,4,2
44215,2,2
44216,2,2
44217,2,1
44218,3,3
44219,2,1
44220,2,1
44221,2,0
44222,2,2
44223,2,2
44224,2,2
44225,3,0
44226,2,2
44227,2,2
44228,2,2
44229,2,0
44230,2,1
44231,2,1
44232,2,2
44233,2,2
44234,2,1
44235,2,0
44236,2,2
44237,3,3
44238,2,0
44239,2,0
44240,3,3
44241,2,2
44242,2,2
44243,2,1
44244,3,2
44245,4,2
44246,2,0
44247,3,1
44248,2,0
44249,2,2
44250,3,3
44251,2,2
44252,2,2
44253,2,2
44254,4,2
44255,2,1
44256,2,0
44257,3,1
44258,3,3
44259,2,0
44260,2,2
44261,4,4
44262,2,2
44263,3,3
44264,3,1
44265,4,1
44266,2,0
44267,2,2
44268,3,3
44269,2,0
44270,2,2
44271,3,0
44272,2,2
44273,3,0
44274,2,2
44275,2,2
44276,4,4
44277,2,0
44278,2,0
44279,2,0
44280,4,1
44281,2,1
44282,2,2
44283,2,1
44284,2,0
44285,2,2
44286,2,0
44287,2,1
44288,2,2
44289,2,2
44290,3,3
44291,3,1
44292,3,3
44293,3,1
44294,2,1
44295,3,3
44296,2,1
44297,4,2
44298,2,0
44299,2,2
44300,2,1
44301,2,2
44302,2,2
44303,2,0
44304,2,2
44305,2,2
44306,3,1
44307,2,2
44308,2,2
44309,3,0
44310,2,2
44311,2,2
44312,2,2
44313,2,2
44314,3,3
44315,3,3
44316,2,2
44317,2,0
44318,2,2
44319,2,1
44320,2,2
44321,2,2
44322,3,2
44323,2,0
44324,2,2
44325,2,0
44326,2,0
44327,2,1
44328,2,2
44329,2,1
44330,2,2
44331,4,2
44332,3,3
44333,2,0
44334,2,1
44335,2,0
44336,2,2
44337,2,0
44338,2,1
44339,2,2
44340,2,2
44341,2,2
44342,3,2
44343,2,1
44344,3,0
44345,2,2
44346,2,0
44347,2,2
44348,2,0
44349,4,2
44350,4,4
44351,2,0
44352,2,0
44353,3,3
44354,2,1
44355,2,2
44356,2,2
44357,2,2
44358,4,2
44359,3,0
44360,2,2
44361,2,1
44362,2,2
44363,2,0
44364,2,2
44365,2,2
44366,2,0
44367,4,4
44368,2,2
44369,2,1
44370,2,2
44371,3,0
44372,2,0
44373,2,2
44374,3,2
44375,2,1
44376,2,2
44377,3,1
44378,2,0
44379,2,2
44380,2,2
44381,2,0
44382,2,2
44383,3,1
44384,2,0
44385,2,2
44386,2,2
44387,2,0
44388,2,0
44389,2,2
44390,2,2
44391,3,1
44392,2,2
44393,3,3
44394,2,1
44395,2,2
44396,2,1
44397,2,2
44398,3,1
44399,4,2
44400,2,1
44401,3,1
44402,2,2
44403,2,0
44404,2,0
44405,2,2
44406,2,1
44407,2,0
44408,2,0
44409,2,0
44410,2,2
44411,4,1
44412,2,2
44413,2,2
44414,2,2
44415,2,1
44416,2,1
44417,2,0
44418,3,2
44419,2,1
44420,2,0
44421,2,1
44422,2,2
44423,2,1
44424,2,1
44425,2,2
44426,2,2
44427,2,1
44428,2,0
44429,3,3
44430,2,0
44431,3,3
44432,2,0
44433,2,0
44434,2,1
44435,2,1
44436,4,4
44437,3,2
44438,2,0
44439,2,0
44440,2,0
44441,2,0
44442,2,0
44443,2,0
44444,2,2
44445,3,1
44446,2,2
44447,2,1
44448,2,0
44449,2,2
44450,2,1
44451,2,0
44452,2,0
44453,2,1
44454,2,2
44455,2,1
44456,3,3
44457,3,1
44458,3,1
44459,2,2
44460,2,0
44461,3,1
44462,2,0
44463,3,2
44464,2,2
44465,2,0
44466,2,2
44467,2,0
44468,3,0
44469,2,0
44470,4,3
44471,2,2
44472,2,2
44473,2,2
44474,2,2
44475,2,2
44476,2,1
44477,2,1
44478,2,0
44479,2,2
44480,2,2
44481,2,0
44482,2,2
44483,2,1
44484,2,2
44485,2,2
44486,2,2
44487,2,2
44488,2,2
44489,3,3
44490,3,3
44491,4,3
44492,2,1
44493,2,1
44494,2,0
44495,3,0
44496,2,0
44497,2,0
44498,2,2
44499,2,2
44500,3,3
44501,2,2
44502,2,2
44503,4,1
44504,2,0
44505,2,2
44506,2,0
44507,3,3
44508,3,1
44509,2,0
44510,2,1
44511,4,4
44512,2,2
44513,2,2
44514,2,0
44515,2,1
44516,4,0
44517,4,0
44518,2,2
44519,2,2
44520,3,3
44521,3,1
44522,2,2
44523,2,0
44524,4,2
44525,2,2
44526,4,3
44527,2,1
44528,2,2
44529,2,1
44530,2,1
44531,2,2
44532,2,0
44533,3,1
44534,2,2
44535,2,2
44536,2,2
44537,2,0
44538,2,2
44539,2,2
44540,2,0
44541,2,0
44542,4,0
44543,2,2
44544,2,0
44545,2,2
44546,2,2
44547,3,3
44548,2,0
44549,4,3
44550,3,0
44551,3,2
44552,3,1
44553,2,2
44554,3,1
44555,2,0
44556,2,2
44557,3,1
44558,3,3
44559,2,0
44560,2,1
44561,2,2
44562,2,2
44563,2,1
44564,2,2
44565,3,1
44566,2,2
44567,4,0
44568,2,2
44569,3,3
44570,3,3
44571,3,3
44572,2,2
44573,4,1
44574,4,2
44575,2,0
44576,2,1
44577,2,2
44578,2,0
44579,2,0
44580,3,2
44581,4,2
44582,2,1
44583,2,0
44584,2,1
44585,2,2
44586,2,2
44587,2,0
44588,2,0
44589,2,0
44590,2,1
44591,2,2
44592,3,1
44593,2,2
44594,2,0
44595,3,1
44596,3,3
44597,2,2
44598,3,1
44599,3,1
44600,3,0
44601,2,0
44602,2,1
44603,2,0
44604,2,2
44605,2,2
44606,2,2
44607,3,1
44608,2,2
44609,4,2
44610,2,1
44611,2,0
44612,2,2
44613,2,0
44614,2,0
44615,2,2
44616,2,2
44617,2,0
44618,2,0
44619,2,2
44620,2,2
44621,2,0
44622,2,0
44623,2,1
44624,2,1
44625,3,1
44626,3,2
44627,2,1
44628,2,2
44629,3,1
44630,2,0
44631,2,0
44632,2,0
44633,3,0
44634,3,3
44635,4,1
44636,2,1
44637,2,2
44638,2,2
44639,3,3
44640,2,2
44641,2,1
44642,2,2
44643,2,2
44644,2,0
44645,2,0
44646,2,1
44647,2,2
44648,3,3
44649,2,2
44650,2,2
44651,2,2
44652,2,0
44653,3,3
44654,2,2
44655,2,1
44656,2,1
44657,2,2
44658,2,0
44659,2,1
44660,3,2
44661,2,2
44662,2,0
44663,2,2
44664,2,0
44665,2,2
44666,3,1
44667,2,0
44668,3,0
44669,2,1
44670,2,1
44671,2,2
44672,2,0
44673,2,0
44674,2,2
44675,3,2
44676,2,0
44677,2,2
44678,2,2
44679,3,2
44680,2,0
44681,2,1
44682,2,0
44683,2,0
44684,2,0
44685,2,1
44686,3,3
44687,2,1
44688,2,0
44689,2,1
44690,2,0
44691,2,0
44692,3,2
44693,2,2
44694,3,3
44695,2,2
44696,2,2
44697,2,2
44698,3,0
44699,2,2
44700,2,0
44701,2,2
44702,2,1
44703,2,1
44704,2,2
44705,2,2
44706,2,2
44707,3,0
44708,2,2
44709,2,2
44710,2,1
44711,3,2
44712,2,0
44713,3,2
44714,2,0
44715,4,4
44716,2,0
44717,2,1
44718,2,2
44719,2,1
44720,2,2
44721,2,2
44722,2,0
44723,2,2
44724,3,3
44725,2,1
44726,2,2
44727,2,2
44728,3,2
44729,2,1
44730,2,2
44731,3,3
44732,3,3
44733,2,1
44734,2,2
44735,2,0
44736,2,1
44737,3,0
44738,2,2
44739,2,2
44740,2,0
44741,4,3
44742,3,2
44743,2,2
44744,2,2
44745,2,0
44746,2,0
44747,2,0
44748,2,2
44749,2,0
44750,2,0
44751,3,1
44752,2,1
44753,3,2
44754,2,2
44755,4,4
44756,2,2
44757,2,1
44758,3,2
44759,2,2
44760,2,0
44761,2,0
44762,3,2
44763,4,0
44764,2,1
44765,4,4
44766,2,2
44767,2,0
44768,2,2
44769,2,2
44770,3,1
44771,2,2
44772,4,4
44773,2,2
44774,4,0
44775,2,2
44776,2,0
44777,2,0
44778,2,0
44779,2,2
44780,2,1
44781,2,2
44782,3,2
44783,3,0
44784,4,4
44785,2,0
44786,2,0
44787,4,3
44788,2,2
44789,2,0
44790,2,2
44791,2,1
44792,2,2
44793,4,4
44794,2,2
44795,2,2
44796,2,2
44797,2,2
44798,2,0
44799,2,1
44800,3,3
44801,2,0
44802,2,0
44803,2,1
44804,2,1
44805,2,2
44806,4,2
44807,3,1
44808,2,2
44809,2,2
44810,2,1
44811,2,2
44812,3,2
44813,2,0
44814,2,2
44815,2,2
44816,2,2
44817,3,3
44818,4,4
44819,2,2
44820,2,0
44821,2,0
44822,4,2
44823,2,0
44824,2,2
44825,3,1
44826,2,0
44827,3,0
44828,2,1
44829,2,2
44830,2,0
44831,3,3
44832,2,0
44833,2,1
44834,2,0
44835,3,3
44836,2,0
44837,2,2
44838,2,1
44839,4,2
44840,2,1
44841,2,1
44842,3,1
44843,2,2
44844,2,0
44845,2,1
44846,2,0
44847,4,1
44848,4,4
44849,2,2
44850,2,2
44851,4,1
44852,2,2
44853,2,2
44854,2,1
44855,2,2
44856,3,3
44857,2,2
44858,3,3
44859,2,0
44860,3,2
44861,2,0
44862,2,0
44863,2,2
44864,3,1
44865,2,1
44866,2,2
44867,2,1
44868,2,1
44869,2,0
44870,2,2
44871,2,2
44872,3,1
44873,3,2
44874,3,2
44875,3,3
44876,3,3
44877,2,1
44878,3,1
44879,3,0
44880,3,2
44881,2,1
44882,2,0
44883,2,2
44884,2,0
44885,2,0
44886,2,1
44887,2,1
44888,2,0
44889,3,2
44890,3,3
44891,2,0
44892,3,3
44893,2,0
44894,3,3
44895,2,2
44896,3,3
44897,2,1
44898,2,1
44899,2,2
44900,2,1
44901,2,2
44902,2,2
44903,3,3
44904,2,2
44905,2,0
44906,2,2
44907,2,1
44908,4,2
44909,3,3
44910,2,0
44911,2,2
44912,3,2
44913,3,1
44914,2,2
44915,4,1
44916,2,2
44917,2,2
44918,2,0
44919,3,3
44920,2,1
44921,2,0
44922,4,4
44923,2,0
44924,2,0
44925,2,2
44926,2,2
44927,2,2
44928,2,1
44929,2,0
44930,2,1
44931,2,2
44932,4,4
44933,2,2
44934,2,2
44935,3,3
44936,2,2
44937,3,0
44938,2,2
44939,3,0
44940,2,2
44941,2,0
44942,4,3
44943,2,2
44944,2,1
44945,3,2
44946,2,1
44947,2,0
44948,2,0
44949,3,3
44950,2,2
44951,3,0
44952,2,1
44953,3,0
44954,2,2
44955,3,3
44956,2,0
44957,2,0
44958,2,2
44959,2,2
44960,2,2
44961,2,1
44962,2,2
44963,2,2
44964,2,2
44965,2,0
44966,2,0
44967,3,0
44968,2,2
44969,3,0
44970,2,2
44971,3,3
44972,2,2
44973,2,2
44974,2,2
44975,2,1
44976,2,2
44977,2,2
44978,2,1
44979,2,1
44980,4,2
44981,2,2
44982,2,1
44983,2,2
44984,2,0
44985,2,0
44986,4,2
44987,2,1
44988,3,2
44989,2,2
44990,2,2
44991,3,1
44992,2,1
44993,2,1
44994,2,0
44995,2,0
44996,2,0
44997,2,2
44998,2,1
44999,3,1
45000,4,4
45001,2,1
45002,4,0
45003,2,0
45004,2,0
45005,2,2
45006,3,1
45007,2,0
45008,4,2
45009,2,0
45010,2,0
45011,2,2
45012,2,0
45013,4,4
45014,3,3
45015,2,2
45016,3,1
45017,2,2
45018,2,0
45019,3,0
45020,2,2
45021,2,1
45022,2,0
45023,2,1
45024,2,2
45025,3,1
45026,2,2
45027,2,0
45028,2,0
45029,2,2
45030,3,3
45031,2,2
45032,4,2
45033,2,0
45034,2,0
45035,3,2
45036,2,1
45037,2,2
45038,3,3
45039,2,0
45040,4,3
45041,2,2
45042,4,4
45043,2,0
45044,2,0
45045,4,2
45046,3,1
45047,2,2
45048,3,3
45049,2,2
45050,3,1
45051,3,0
45052,2,0
45053,2,2
45054,2,2
45055,2,1
45056,2,0
45057,2,2
45058,2,0
45059,2,1
45060,2,2
45061,3,1
45062,3,0
45063,2,1
45064,3,3
45065,2,0
45066,2,2
45067,2,0
45068,2,1
45069,2,2
45070,4,3
45071,3,1
45072,2,2
45073,2,1
45074,2,0
45075,2,0
45076,2,1
45077,3,3
45078,2,0
45079,3,3
45080,4,2
45081,2,2
45082,2,0
45083,2,1
45084,2,0
45085,2,1
45086,2,0
45087,2,0
45088,2,0
45089,2,2
45090,2,0
45091,3,3
45092,2,1
45093,2,0
45094,2,1
45095,2,2
45096,2,2
45097,2,0
45098,3,3
45099,2,0
45100,2,1
45101,2,1
45102,3,3
45103,4,1
45104,2,1
45105,2,2
45106,3,0
45107,4,2
45108,2,0
45109,2,0
45110,3,3
45111,2,0
45112,2,0
45113,3,2
45114,2,0
45115,2,2
45116,2,0
45117,2,2
45118,2,0
45119,2,2
45120,2,0
45121,2,0
45122,2,0
45123,2,2
45124,2,0
45125,2,2
45126,3,0
45127,2,0
45128,2,0
45129,2,0
45130,4,1
45131,2,2
45132,2,1
45133,2,1
45134,3,3
45135,2,2
45136,3,2
45137,2,2
45138,2,1
45139,2,1
45140,2,2
45141,2,2
45142,2,0
45143,2,2
45144,2,0
45145,2,2
45146,2,2
45147,3,3
45148,4,3
45149,2,2
45150,2,0
45151,3,1
45152,3,3
45153,2,0
45154,2,0
45155,2,2
45156,2,0
45157,2,2
45158,2,1
45159,3,0
45160,2,0
45161,2,0
45162,3,3
45163,2,2
45164,3,3
45165,2,2
45166,2,0
45167,2,0
45168,2,1
45169,3,0
45170,2,0
45171,2,2
45172,2,1
45173,3,2
45174,2,2
45175,2,0
45176,2,1
45177,2,1
45178,2,2
45179,2,2
45180,2,0
45181,3,3
45182,2,2
45183,2,2
45184,3,1
45185,3,3
45186,2,0
45187,2,2
45188,4,4
45189,2,2
45190,2,0
45191,3,3
45192,2,1
45193,2,1
45194,2,0
45195,2,0
45196,2,2
45197,3,3
45198,2,0
45199,2,0
45200,4,4
45201,2,1
45202,3,1
45203,4,4
45204,2,0
45205,2,2
45206,2,1
45207,3,3
45208,2,2
45209,2,2
45210,2,2
45211,3,3
45212,2,0
45213,3,3
45214,2,2
45215,2,0
45216,2,2
45217,2,0
45218,2,2
45219,2,1
45220,4,1
45221,2,0
45222,2,2
45223,2,2
45224,3,2
45225,3,2
45226,3,3
45227,2,2
45228,2,2
45229,3,3
45230,2,0
45231,3,0
45232,2,2
45233,2,0
45234,3,0
45235,2,0
45236,2,2
45237,2,2
45238,2,0
45239,2,0
45240,2,0
45241,3,1
45242,2,2
45243,2,0
45244,2,0
45245,2,1
45246,4,3
45247,4,4
45248,2,2
45249,2,0
45250,4,2
45251,3,3
45252,2,0
45253,2,0
45254,3,3
45255,3,1
45256,2,1
45257,2,2
45258,2,2
45259,4,4
45260,2,2
45261,4,3
45262,3,0
45263,2,2
45264,2,0
45265,2,1
45266,2,2
45267,2,0
45268,2,0
45269,2,2
45270,2,1
45271,2,0
45272,2,2
45273,3,3
45274,3,3
45275,2,2
45276,2,0
45277,4,3
45278,2,0
45279,2,2
45280,2,1
45281,4,3
45282,2,0
45283,2,1
45284,3,3
45285,2,2
45286,2,2
45287,2,1
45288,2,0
45289,3,1
45290,2,2
45291,3,3
45292,2,1
45293,2,2
45294,3,3
45295,2,2
45296,2,0
45297,3,1
45298,2,0
45299,2,0
45300,2,0
45301,2,2
45302,2,0
45303,2,2
45304,2,2
45305,2,2
45306,2,2
45307,3,3
45308,3,3
45309,2,2
45310,3,2
45311,2,0
45312,2,2
45313,4,3
45314,3,0
45315,2,0
45316,2,1
45317,2,2
45318,2,2
45319,4,0
45320,2,0
45321,2,2
45322,2,1
45323,2,2
45324,2,0
45325,3,2
45326,2,1
45327,2,2
45328,3,2
45329,2,2
45330,2,2
45331,4,4
45332,3,1
45333,2,0
45334,3,0
45335,2,2
45336,2,0
45337,2,0
45338,3,1
45339,2,2
45340,2,0
45341,2,1
45342,2,1
45343,2,2
45344,2,2
45345,2,1
45346,2,0
45347,2,1
45348,2,0
45349,2,2
45350,3,1
45351,2,0
45352,2,2
45353,3,2
45354,2,2
45355,2,0
45356,2,0
45357,3,0
45358,2,2
45359,2,2
45360,2,0
45361,3,3
45362,2,2
45363,4,1
45364,2,2
45365,2,1
45366,2,0
45367,2,2
45368,2,2
45369,2,2
45370,3,1
45371,2,2
45372,3,3
45373,2,1
45374,2,0
45375,2,2
45376,2,2
45377,2,1
45378,2,0
45379,3,1
45380,2,0
45381,2,2
45382,2,0
45383,2,0
45384,3,2
45385,3,2
45386,2,0
45387,3,3
45388,2,1
45389,3,3
45390,2,2
45391,3,3
45392,3,1
45393,2,1
45394,3,2
45395,2,2
45396,3,2
45397,2,1
45398,2,0
45399,3,2
45400,3,0
45401,2,0
45402,3,1
45403,2,1
45404,3,1
45405,2,2
45406,2,2
45407,2,1
45408,2,2
45409,2,2
45410,3,2
45411,2,0
45412,2,0
45413,2,2
45414,2,0
45415,3,0
45416,2,2
45417,2,2
45418,2,2
45419,3,3
45420,2,2
45421,3,0
45422,3,3
45423,2,1
45424,2,0
45425,2,2
45426,2,0
45427,3,3
45428,2,0
45429,2,2
45430,2,0
45431,2,0
45432,2,0
45433,2,0
45434,2,2
45435,2,2
45436,2,0
45437,2,2
45438,2,0
45439,2,2
45440,2,2
45441,4,4
45442,2,2
45443,2,1
45444,2,2
45445,3,2
45446,2,2
45447,4,4
45448,2,1
45449,4,2
45450,4,2
45451,4,4
45452,2,1
45453,4,4
45454,2,0
45455,3,1
45456,2,0
45457,2,2
45458,3,3
45459,2,2
45460,2,0
45461,3,0
45462,2,1
45463,2,0
45464,4,2
45465,3,3
45466,2,1
45467,2,1
45468,2,2
45469,3,1
45470,2,1
45471,2,2
45472,2,2
45473,2,0
45474,3,3
45475,3,0
45476,3,1
45477,2,1
45478,2,2
45479,2,1
45480,2,0
45481,2,1
45482,3,3
45483,2,0
45484,3,0
45485,2,1
45486,2,1
45487,2,0
45488,2,0
45489,2,0
45490,2,1
45491,2,0
45492,2,1
45493,4,2
45494,3,2
45495,2,2
45496,2,0
45497,2,0
45498,3,0
45499,2,1
45500,3,0
45501,2,1
45502,2,1
45503,2,2
45504,2,0
45505,3,3
45506,2,0
45507,4,0
45508,2,1
45509,3,2
45510,3,1
45511,2,0
45512,2,0
45513,3,3
45514,4,0
45515,3,3
45516,2,2
45517,4,2
45518,4,0
45519,2,0
45520,4,3
45521,3,1
45522,3,1
45523,3,0
45524,2,2
45525,2,0
45526,2,2
45527,2,1
45528,2,2
45529,2,1
45530,3,2
45531,2,0
45532,4,2
45533,2,0
45534,2,0
45535,2,0
45536,3,2
45537,3,1
45538,2,2
45539,4,1
45540,2,2
45541,2,2
45542,2,2
45543,2,1
45544,2,0
45545,3,1
45546,2,2
45547,3,3
45548,2,1
45549,4,4
45550,2,0
45551,2,1
45552,2,2
45553,2,1
45554,2,1
45555,2,0
45556,2,1
45557,3,0
45558,2,2
45559,2,2
45560,3,0
45561,4,4
45562,2,0
45563,2,0
45564,2,0
45565,2,2
45566,2,0
45567,3,0
45568,2,0
45569,2,0
45570,2,2
45571,2,2
45572,2,2
45573,2,0
45574,2,1
45575,2,0
45576,3,3
45577,3,3
45578,3,3
45579,3,1
45580,2,1
45581,2,2
45582,2,2
45583,2,0
45584,2,0
45585,2,2
45586,3,0
45587,2,2
45588,2,1
45589,2,2
45590,2,0
45591,2,2
45592,2,2
45593,2,0
45594,3,3
45595,2,1
45596,2,2
45597,2,2
45598,3,3
45599,2,1
45600,2,2
45601,3,2
45602,2,2
45603,2,2
45604,2,0
45605,2,0
45606,2,2
45607,2,0
45608,4,4
45609,3,1
45610,2,2
45611,2,0
45612,4,4
45613,3,3
45614,2,0
45615,2,2
45616,2,2
45617,3,3
45618,2,1
45619,3,0
45620,4,4
45621,2,2
45622,3,1
45623,4,4
45624,2,2
45625,2,0
45626,2,0
45627,2,0
45628,2,1
45629,3,3
45630,2,2
45631,2,1
45632,2,1
45633,3,1
45634,2,2
45635,2,2
45636,2,1
45637,2,2
45638,2,2
45639,4,3
45640,2,0
45641,3,3
45642,3,1
45643,4,4
45644,2,2
45645,2,0
45646,3,2
45647,4,1
45648,2,0
45649,2,1
45650,2,2
45651,3,3
45652,2,2
45653,2,0
45654,3,1
45655,2,0
45656,2,0
45657,3,3
45658,3,3
45659,2,2
45660,2,0
45661,2,2
45662,2,2
45663,2,2
45664,3,0
45665,3,3
45666,2,1
45667,2,0
45668,2,0
45669,2,0
45670,2,1
45671,2,0
45672,3,1
45673,2,1
45674,2,0
45675,4,3
45676,3,1
45677,2,2
45678,3,3
45679,2,1
45680,3,0
45681,2,2
45682,2,0
45683,3,1
45684,2,0
45685,2,0
45686,2,0
45687,2,0
45688,2,0
45689,2,0
45690,3,3
45691,3,3
45692,2,1
45693,3,3
45694,2,2
45695,2,2
45696,2,0
45697,4,4
45698,2,0
45699,3,0
45700,2,2
45701,3,1
45702,4,4
45703,2,2
45704,2,1
45705,2,0
45706,4,4
45707,2,0
45708,4,0
45709,2,0
45710,2,2
45711,3,3
45712,2,0
45713,2,0
45714,3,1
45715,3,3
45716,2,0
45717,2,0
45718,2,0
45719,3,1
45720,4,3
45721,2,2
45722,2,1
45723,3,2
45724,2,1
45725,2,2
45726,3,3
45727,2,0
45728,2,2
45729,2,1
45730,2,0
45731,3,0
45732,2,0
45733,2,0
45734,2,2
45735,2,2
45736,2,1
45737,2,2
45738,2,0
45739,2,2
45740,2,1
45741,2,1
45742,2,2
45743,2,0
45744,2,0
45745,3,2
45746,2,2
45747,2,1
45748,2,0
45749,2,1
45750,2,2
45751,2,2
45752,3,1
45753,2,1
45754,3,0
45755,3,3
45756,2,2
45757,2,2
45758,4,3
45759,4,4
45760,2,0
45761,2,2
45762,2,1
45763,2,2
45764,2,1
45765,2,2
45766,2,1
45767,2,2
45768,2,0
45769,3,3
45770,2,2
45771,2,1
45772,2,2
45773,3,3
45774,3,3
45775,2,2
45776,2,2
45777,2,0
45778,2,2
45779,2,2
45780,2,2
45781,3,3
45782,3,3
45783,3,0
45784,2,0
45785,4,1
45786,3,0
45787,2,1
45788,2,0
45789,2,2
45790,4,1
45791,2,2
45792,2,2
45793,2,0
45794,2,2
45795,2,2
45796,2,0
45797,2,2
45798,3,2
45799,2,0
45800,2,1
45801,2,1
45802,2,0
45803,2,2
45804,3,3
45805,3,1
45806,3,1
45807,2,0
45808,2,0
45809,2,2
45810,2,0
45811,2,2
45812,2,2
45813,2,1
45814,3,0
45815,2,1
45816,2,1
45817,2,1
45818,2,2
45819,2,0
45820,2,2
45821,2,2
45822,2,2
45823,2,2
45824,2,0
45825,2,1
45826,2,0
45827,3,3
45828,2,2
45829,2,2
45830,3,1
45831,2,0
45832,2,0
45833,4,4
45834,2,0
45835,3,3
45836,2,0
45837,3,3
45838,2,2
45839,2,0
45840,2,1
45841,2,2
45842,2,2
45843,3,3
45844,2,0
45845,3,2
45846,2,2
45847,3,1
45848,3,1
45849,2,2
45850,2,2
45851,4,2
45852,3,3
45853,2,2
45854,2,0
45855,2,2
45856,2,2
45857,3,3
45858,2,2
45859,3,1
45860,2,1
45861,3,3
45862,2,0
45863,2,2
45864,2,2
45865,3,1
45866,2,2
45867,2,0
45868,2,2
45869,3,2
45870,2,0
45871,2,2
45872,4,2
45873,2,1
45874,2,1
45875,2,2
45876,2,2
45877,4,3
45878,3,0
45879,2,2
45880,3,1
45881,2,2
45882,4,3
45883,2,0
45884,2,2
45885,2,2
45886,2,0
45887,2,2
45888,2,1
45889,4,4
45890,2,2
45891,2,2
45892,2,2
45893,2,0
45894,2,2
45895,2,0
45896,2,2
45897,2,2
45898,3,2
45899,2,2
45900,2,0
45901,2,2
45902,2,0
45903,3,2
45904,3,1
45905,3,2
45906,4,3
45907,3,0
45908,2,0
45909,2,0
45910,2,0
45911,2,2
45912,2,0
45913,2,2
45914,2,0
45915,2,2
45916,3,2
45917,2,2
45918,2,2
45919,2,2
45920,2,0
45921,3,1
45922,2,2
45923,2,1
45924,2,2
45925,2,0
45926,3,2
45927,2,1
45928,2,0
45929,2,2
45930,2,0
45931,2,2
45932,4,4
45933,2,2
45934,2,2
45935,2,2
45936,2,2
45937,2,2
45938,2,1
45939,2,2
45940,2,2
45941,2,0
45942,2,2
45943,2,1
45944,3,0
45945,2,2
45946,2,2
45947,4,0
45948,3,0
45949,2,2
45950,2,2
45951,4,3
45952,4,0
45953,2,0
45954,2,2
45955,3,3
45956,3,1
45957,2,2
45958,3,1
45959,3,1
45960,3,3
45961,2,2
45962,3,0
45963,2,0
45964,4,0
45965,2,2
45966,2,0
45967,3,2
45968,2,2
45969,2,0
45970,2,0
45971,2,0
45972,2,2
45973,2,0
45974,2,1
45975,2,0
45976,2,2
45977,3,2
45978,2,0
45979,4,4
45980,3,2
45981,3,3
45982,4,2
45983,2,2
45984,2,2
45985,2,0
45986,3,2
45987,3,2
45988,2,2
45989,3,2
45990,2,2
45991,2,0
45992,2,2
45993,2,2
45994,3,0
45995,3,0
45996,2,1
45997,2,2
45998,3,3
45999,2,0
46000,2,0
46001,2,2
46002,2,1
46003,2,1
46004,2,2
46005,4,1
46006,2,0
46007,2,2
46008,2,0
46009,4,0
46010,2,2
46011,2,0
46012,2,2
46013,2,2
46014,2,2
46015,4,3
46016,2,0
46017,2,2
46018,2,0
46019,2,2
46020,2,2
46021,2,0
46022,2,2
46023,3,3
46024,3,3
46025,3,3
46026,2,2
46027,2,0
46028,2,2
46029,2,2
46030,3,1
46031,2,0
46032,2,0
46033,2,0
46034,2,1
46035,2,0
46036,3,3
46037,2,2
46038,2,2
46039,2,0
46040,2,1
46041,2,0
46042,2,2
46043,2,0
46044,2,2
46045,2,2
46046,2,2
46047,2,1
46048,2,2
46049,2,2
46050,2,2
46051,4,4
46052,2,0
46053,2,2
46054,2,2
46055,2,0
46056,2,2
46057,2,1
46058,2,0
46059,2,1
46060,3,0
46061,2,2
46062,4,2
46063,2,2
46064,2,2
46065,2,2
46066,2,1
46067,2,0
46068,4,3
46069,2,2
46070,2,0
46071,2,2
46072,3,2
46073,2,0
46074,3,2
46075,2,2
46076,2,1
46077,2,0
46078,2,2
46079,2,0
46080,2,1
46081,2,0
46082,2,2
46083,3,2
46084,2,0
46085,2,2
46086,2,0
46087,4,0
46088,2,2
46089,2,1
46090,2,2
46091,3,2
46092,2,2
46093,3,1
46094,2,0
46095,4,3
46096,2,2
46097,2,0
46098,2,0
46099,4,2
46100,2,0
46101,2,1
46102,2,1
46103,2,2
46104,2,1
46105,2,0
46106,2,2
46107,2,0
46108,3,3
46109,2,0
46110,2,0
46111,2,0
46112,2,2
46113,2,2
46114,2,0
46115,2,0
46116,2,0
46117,2,2
46118,2,0
46119,2,0
46120,2,2
46121,3,3
46122,2,0
46123,2,1
46124,2,2
46125,3,3
46126,2,0
46127,2,1
46128,2,2
46129,2,2
46130,2,0
46131,3,3
46132,2,0
46133,2,0
46134,2,0
46135,2,0
46136,4,2
46137,2,0
46138,2,2
46139,2,1
46140,2,1
46141,2,2
46142,2,2
46143,2,1
46144,2,0
46145,2,0
46146,2,1
46147,2,0
46148,2,1
46149,2,2
46150,3,1
46151,3,0
46152,2,2
46153,2,1
46154,2,1
46155,2,0
46156,2,2
46157,2,1
46158,2,2
46159,3,0
46160,2,1
46161,3,2
46162,4,4
46163,2,2
46164,3,1
46165,2,2
46166,2,2
46167,3,1
46168,2,1
46169,2,2
46170,2,2
46171,2,0
46172,3,2
46173,2,2
46174,2,0
46175,2,1
46176,3,1
46177,2,2
46178,2,0
46179,2,2
46180,2,1
46181,2,2
46182,2,1
46183,4,2
46184,2,0
46185,2,0
46186,2,2
46187,2,1
46188,4,0
46189,4,4
46190,2,0
46191,2,2
46192,2,0
46193,2,2
46194,2,2
46195,2,2
46196,2,2
46197,2,2
46198,2,2
46199,2,0
46200,4,1
46201,2,0
46202,2,0
46203,2,0
46204,3,3
46205,3,2
46206,2,1
46207,3,3
46208,4,4
46209,2,2
46210,3,1
46211,2,2
46212,2,1
46213,2,1
46214,2,1
46215,2,2
46216,3,2
46217,2,0
46218,2,1
46219,3,3
46220,2,2
46221,2,2
46222,3,2
46223,3,3
46224,2,2
46225,2,2
46226,2,0
46227,2,0
46228,3,3
46229,2,1
46230,3,3
46231,2,2
46232,4,4
46233,2,2
46234,2,2
46235,2,0
46236,2,2
46237,2,2
46238,2,1
46239,2,0
46240,3,1
46241,3,1
46242,2,0
46243,3,2
46244,2,0
46245,2,0
46246,3,0
46247,3,3
46248,2,0
46249,2,2
46250,2,2
46251,2,0
46252,2,1
46253,2,2
46254,2,0
46255,2,0
46256,2,2
46257,2,2
46258,2,1
46259,2,2
46260,2,1
46261,2,2
46262,2,2
46263,2,0
46264,2,2
46265,2,1
46266,2,2
46267,2,2
46268,3,3
46269,2,0
46270,2,2
46271,2,2
46272,4,1
46273,3,0
46274,2,2
46275,2,2
46276,3,2
46277,4,1
46278,2,2
46279,2,1
46280,2,1
46281,2,2
46282,2,0
46283,2,0
46284,3,1
46285,3,2
46286,2,2
46287,2,2
46288,2,2
46289,2,2
46290,2,2
46291,4,3
46292,2,2
46293,2,2
46294,4,0
46295,2,1
46296,4,4
46297,3,3
46298,2,0
46299,2,0
46300,2,0
46301,2,1
46302,2,0
46303,4,4
46304,2,0
46305,3,1
46306,3,2
46307,2,2
46308,2,2
46309,2,1
46310,3,2
46311,2,2
46312,2,1
46313,2,2
46314,2,2
46315,3,2
46316,2,0
46317,2,0
46318,2,2
46319,2,2
46320,2,2
46321,2,0
46322,3,3
46323,2,2
46324,2,2
46325,2,0
46326,2,1
46327,2,0
46328,2,0
46329,2,2
46330,2,0
46331,2,2
46332,2,2
46333,3,1
46334,2,2
46335,2,1
46336,3,1
46337,3,3
46338,2,0
46339,3,0
46340,2,1
46341,3,2
46342,3,3
46343,2,2
46344,2,0
46345,3,3
46346,2,0
46347,2,1
46348,2,0
46349,2,2
46350,2,1
46351,3,0
46352,3,2
46353,3,1
46354,2,2
46355,2,0
46356,2,2
46357,2,2
46358,2,2
46359,2,0
46360,3,3
46361,2,2
46362,3,1
46363,2,1
46364,2,2
46365,2,0
46366,2,2
46367,2,1
46368,2,2
46369,2,2
46370,4,4
46371,2,1
46372,2,2
46373,2,0
46374,2,2
46375,2,2
46376,2,2
46377,3,1
46378,2,0
46379,2,2
46380,2,0
46381,2,2
46382,2,2
46383,2,1
46384,4,3
46385,2,0
46386,4,4
46387,2,2
46388,2,2
46389,2,0
46390,2,2
46391,2,2
46392,2,1
46393,2,0
46394,4,4
46395,3,3
46396,2,2
46397,2,2
46398,3,0
46399,3,3
46400,3,3
46401,2,0
46402,2,2
46403,2,1
46404,2,2
46405,2,0
46406,2,2
46407,2,1
46408,2,1
46409,4,0
46410,2,0
46411,2,1
46412,2,2
46413,2,2
46414,3,3
46415,2,0
46416,2,2
46417,2,2
46418,2,0
46419,3,2
46420,2,0
46421,2,1
46422,2,0
46423,4,4
46424,2,0
46425,2,1
46426,2,0
46427,4,2
46428,2,0
46429,2,0
46430,2,2
46431,2,1
46432,2,2
46433,2,0
46434,2,2
46435,2,0
46436,3,1
46437,2,2
46438,2,0
46439,2,2
46440,2,2
46441,2,2
46442,4,4
46443,2,2
46444,3,1
46445,2,2
46446,2,1
46447,3,0
46448,2,2
46449,3,1
46450,2,2
46451,4,0
46452,3,0
46453,3,3
46454,3,1
46455,3,3
46456,3,0
46457,2,2
46458,3,2
46459,2,1
46460,2,1
46461,2,2
46462,4,2
46463,2,1
46464,2,1
46465,2,0
46466,3,3
46467,2,2
46468,2,2
46469,2,2
46470,2,2
46471,2,2
46472,2,0
46473,2,0
46474,2,2
46475,4,4
46476,2,0
46477,2,2
46478,2,0
46479,2,2
46480,2,2
46481,2,2
46482,3,3
46483,4,2
46484,2,2
46485,2,0
46486,3,2
46487,2,2
46488,2,0
46489,2,2
46490,3,0
46491,3,1
46492,2,0
46493,2,2
46494,2,2
46495,4,1
46496,2,2
46497,2,0
46498,3,0
46499,3,1
46500,2,2
46501,2,0
46502,2,1
46503,2,0
46504,2,1
46505,3,3
46506,3,1
46507,3,1
46508,2,2
46509,2,1
46510,2,2
46511,4,4
46512,2,0
46513,2,1
46514,2,0
46515,2,2
46516,2,0
46517,4,4
46518,2,1
46519,2,2
46520,2,0
46521,2,2
46522,2,1
46523,2,2
46524,2,2
46525,2,0
46526,2,2
46527,2,0
46528,2,1
46529,2,0
46530,2,2
46531,2,1
46532,2,1
46533,2,0
46534,2,0
46535,2,0
46536,2,0
46537,2,0
46538,2,0
46539,2,2
46540,4,1
46541,2,0
46542,2,2
46543,2,0
46544,3,0
46545,3,0
46546,2,1
46547,3,1
46548,3,3
46549,2,2
46550,2,1
46551,2,2
46552,3,1
46553,2,0
46554,2,0
46555,2,2
46556,2,1
46557,2,2
46558,3,1
46559,2,0
46560,3,2
46561,2,0
46562,2,2
46563,2,1
46564,2,0
46565,2,2
46566,2,2
46567,2,1
46568,2,1
46569,2,2
46570,2,1
46571,2,0
46572,2,2
46573,2,2
46574,3,3
46575,2,1
46576,3,1
46577,2,2
46578,2,0
46579,2,2
46580,3,3
46581,2,2
46582,2,2
46583,2,2
46584,3,1
46585,3,2
46586,3,3
46587,2,1
46588,2,2
46589,2,2
46590,2,2
46591,2,2
46592,2,1
46593,2,2
46594,2,2
46595,2,0
46596,2,0
46597,2,2
46598,2,2
46599,2,2
46600,2,0
46601,4,4
46602,2,1
46603,2,2
46604,2,2
46605,2,2
46606,3,2
46607,2,0
46608,2,1
46609,2,2
46610,2,2
46611,2,2
46612,2,0
46613,3,2
46614,2,2
46615,2,2
46616,2,0
46617,3,1
46618,2,2
46619,2,0
46620,2,0
46621,3,1
46622,3,3
46623,3,2
46624,3,2
46625,2,0
46626,2,0
46627,2,1
46628,2,2
46629,2,0
46630,2,0
46631,2,2
46632,2,2
46633,2,2
46634,2,2
46635,2,1
46636,3,3
46637,2,0
46638,2,2
46639,2,2
46640,3,1
46641,2,2
46642,3,1
46643,2,0
46644,2,1
46645,2,1
46646,2,0
46647,2,2
46648,2,2
46649,2,2
46650,2,2
46651,3,3
46652,2,2
46653,2,2
46654,2,2
46655,2,2
46656,2,1
46657,2,2
46658,2,0
46659,2,2
46660,2,2
46661,2,2
46662,2,2
46663,2,0
46664,2,2
46665,2,2
46666,2,2
46667,3,1
46668,2,1
46669,2,2
46670,2,0
46671,3,0
46672,2,0
46673,2,0
46674,2,2
46675,2,1
46676,2,0
46677,2,2
46678,4,0
46679,2,2
46680,3,1
46681,3,3
46682,2,0
46683,2,1
46684,2,1
46685,2,0
46686,2,0
46687,2,2
46688,2,2
46689,3,2
46690,2,2
46691,2,0
46692,2,1
46693,2,0
46694,2,2
46695,2,2
46696,2,1
46697,4,1
46698,2,2
46699,3,3
46700,3,0
46701,2,2
46702,3,1
46703,2,0
46704,2,1
46705,2,2
46706,2,0
46707,2,1
46708,2,2
46709,2,1
46710,3,3
46711,2,0
46712,2,2
46713,3,1
46714,4,0
46715,2,2
46716,2,0
46717,2,0
46718,2,2
46719,2,0
46720,2,2
46721,2,1
46722,2,2
46723,2,0
46724,2,0
46725,2,2
46726,3,1
46727,3,0
46728,2,0
46729,2,2
46730,2,2
46731,2,2
46732,4,2
46733,2,1
46734,2,1
46735,3,3
46736,4,4
46737,2,1
46738,2,2
46739,2,2
46740,3,0
46741,2,1
46742,2,2
46743,2,0
46744,2,2
46745,2,2
46746,2,1
46747,3,1
46748,2,2
46749,2,2
46750,2,0
46751,3,1
46752,3,1
46753,3,2
46754,2,2
46755,4,0
46756,3,2
46757,2,0
46758,2,2
46759,4,0
46760,2,0
46761,4,1
46762,4,1
46763,2,2
46764,3,2
46765,2,1
46766,2,1
46767,2,0
46768,2,0
46769,2,1
46770,4,2
46771,2,2
46772,2,1
46773,2,2
46774,2,2
46775,2,2
46776,2,1
46777,4,4
46778,2,0
46779,2,2
46780,2,1
46781,2,0
46782,2,2
46783,2,2
46784,2,0
46785,2,0
46786,2,0
46787,2,1
46788,4,0
46789,2,2
46790,2,0
46791,2,1
46792,2,2
46793,2,0
46794,3,1
46795,2,2
46796,2,0
46797,2,1
46798,2,2
46799,2,0
46800,2,0
46801,2,0
46802,4,0
46803,2,0
46804,3,3
46805,2,2
46806,3,1
46807,2,0
46808,2,0
46809,2,0
46810,3,0
46811,3,0
46812,2,2
46813,2,1
46814,2,0
46815,3,3
46816,2,2
46817,3,3
46818,2,2
46819,2,2
46820,2,2
46821,2,0
46822,2,2
46823,2,2
46824,2,2
46825,2,0
46826,3,2
46827,2,1
46828,3,0
46829,2,2
46830,3,0
46831,3,3
46832,2,2
46833,2,0
46834,2,2
46835,2,2
46836,2,0
46837,2,0
46838,3,0
46839,3,0
46840,2,0
46841,2,0
46842,2,0
46843,3,2
46844,2,0
46845,2,1
46846,2,2
46847,2,1
46848,2,0
46849,2,0
46850,2,0
46851,2,2
46852,3,3
46853,2,1
46854,2,2
46855,3,3
46856,3,2
46857,3,2
46858,3,2
46859,2,0
46860,2,0
46861,3,1
46862,2,1
46863,2,2
46864,2,0
46865,2,2
46866,3,3
46867,2,2
46868,2,0
46869,3,2
46870,2,2
46871,2,0
46872,2,0
46873,3,2
46874,2,0
46875,3,3
46876,2,1
46877,2,0
46878,2,2
46879,3,1
46880,2,0
46881,2,0
46882,2,2
46883,2,2
46884,3,1
46885,3,3
46886,2,2
46887,2,0
46888,2,2
46889,3,3
46890,2,2
46891,2,2
46892,4,1
46893,2,1
46894,3,0
46895,2,0
46896,2,0
46897,2,0
46898,3,3
46899,2,2
46900,2,0
46901,2,0
46902,2,1
46903,2,1
46904,2,1
46905,2,1
46906,2,2
46907,2,0
46908,2,2
46909,3,0
46910,2,0
46911,2,1
46912,2,0
46913,2,0
46914,3,1
46915,2,2
46916,2,0
46917,3,0
46918,2,2
46919,4,1
46920,3,1
46921,2,2
46922,2,2
46923,2,2
46924,2,2
46925,2,2
46926,2,0
46927,2,2
46928,3,2
46929,2,1
46930,2,2
46931,2,2
46932,4,1
46933,2,2
46934,2,0
46935,3,3
46936,2,2
46937,2,0
46938,3,2
46939,2,2
46940,4,2
46941,2,2
46942,2,0
46943,4,2
46944,2,2
46945,3,1
46946,2,1
46947,2,2
46948,2,1
46949,2,2
46950,2,2
46951,2,2
46952,2,1
46953,2,0
46954,2,2
46955,2,2
46956,3,2
46957,2,0
46958,2,0
46959,3,0
46960,3,3
46961,4,4
46962,2,0
46963,2,2
46964,4,2
46965,2,0
46966,2,2
46967,3,3
46968,2,2
46969,2,0
46970,2,0
46971,2,2
46972,2,2
46973,2,1
46974,2,1
46975,3,2
46976,2,2
46977,2,0
46978,3,3
46979,3,0
46980,2,2
46981,2,1
46982,2,0
46983,3,1
46984,2,2
46985,2,0
46986,2,2
46987,2,1
46988,2,0
46989,2,2
46990,2,0
46991,2,2
46992,2,2
46993,2,2
46994,4,3
46995,2,2
46996,3,3
46997,3,3
46998,2,0
46999,2,2
47000,2,1
47001,3,1
47002,2,1
47003,2,2
47004,2,1
47005,4,3
47006,2,1
47007,2,2
47008,2,2
47009,3,3
47010,2,1
47011,2,0
47012,2,2
47013,3,0
47014,4,1
47015,2,2
47016,2,2
47017,4,4
47018,2,1
47019,3,0
47020,2,0
47021,2,0
47022,2,2
47023,2,2
47024,2,1
47025,2,0
47026,2,2
47027,2,1
47028,3,3
47029,3,3
47030,3,1
47031,2,1
47032,2,0
47033,2,2
47034,4,2
47035,2,2
47036,2,2
47037,2,1
47038,2,1
47039,4,4
47040,3,1
47041,2,2
47042,3,1
47043,2,2
47044,2,1
47045,3,1
47046,2,2
47047,2,2
47048,2,0
47049,2,0
47050,2,2
47051,2,2
47052,3,3
47053,2,0
47054,2,0
47055,4,0
47056,2,2
47057,2,1
47058,2,2
47059,2,2
47060,2,2
47061,3,1
47062,2,0
47063,3,1
47064,2,2
47065,2,2
47066,2,2
47067,2,0
47068,2,1
47069,2,2
47070,2,1
47071,2,2
47072,3,1
47073,3,1
47074,3,0
47075,2,1
47076,4,3
47077,2,1
47078,2,2
47079,2,2
47080,3,1
47081,3,1
47082,2,0
47083,3,1
47084,2,2
47085,2,1
47086,4,2
47087,2,0
47088,2,2
47089,2,0
47090,2,0
47091,2,1
47092,3,3
47093,2,0
47094,4,4
47095,4,3
47096,2,0
47097,2,1
47098,2,0
47099,2,2
47100,3,1
47101,2,0
47102,2,1
47103,2,0
47104,4,3
47105,3,0
47106,2,2
47107,3,3
47108,2,0
47109,3,0
47110,2,2
47111,2,2
47112,2,2
47113,2,0
47114,2,0
47115,2,2
47116,3,1
47117,2,2
47118,2,2
47119,2,0
47120,2,2
47121,4,2
47122,2,2
47123,2,2
47124,3,3
47125,3,3
47126,2,2
47127,2,1
47128,2,2
47129,2,2
47130,3,3
47131,3,3
47132,2,2
47133,4,0
47134,3,1
47135,2,2
47136,2,2
47137,3,1
47138,2,0
47139,3,2
47140,3,1
47141,4,3
47142,2,0
47143,2,2
47144,3,3
47145,4,4
47146,4,4
47147,2,0
47148,4,1
47149,3,3
47150,2,2
47151,3,2
47152,2,0
47153,4,4
47154,3,0
47155,2,0
47156,2,2
47157,4,2
47158,2,2
47159,4,3
47160,3,0
47161,2,2
47162,2,2
47163,2,2
47164,2,1
47165,2,1
47166,3,1
47167,2,0
47168,3,3
47169,2,1
47170,4,1
47171,2,2
47172,2,0
47173,2,2
47174,2,2
47175,4,2
47176,2,0
47177,3,3
47178,2,0
47179,2,0
47180,2,0
47181,2,1
47182,2,0
47183,2,1
47184,2,1
47185,2,1
47186,2,2
47187,2,1
47188,2,0
47189,2,0
47190,4,3
47191,2,1
47192,2,1
47193,2,0
47194,3,3
47195,2,2
47196,3,0
47197,2,0
47198,3,3
47199,2,0
47200,3,3
47201,2,2
47202,2,2
47203,3,1
47204,2,2
47205,2,2
47206,3,1
47207,2,0
47208,2,0
47209,2,1
47210,2,0
47211,2,0
47212,2,2
47213,2,0
47214,2,2
47215,3,1
47216,2,2
47217,3,2
47218,2,2
47219,2,1
47220,3,3
47221,2,2
47222,2,2
47223,2,0
47224,2,2
47225,2,1
47226,2,2
47227,2,2
47228,2,0
47229,2,1
47230,2,2
47231,2,0
47232,2,0
47233,2,0
47234,2,0
47235,2,0
47236,3,1
47237,2,2
47238,2,0
47239,2,2
47240,2,2
47241,2,1
47242,2,2
47243,2,2
47244,3,3
47245,2,2
47246,2,1
47247,3,2
47248,2,0
47249,2,2
47250,2,2
47251,2,2
47252,4,3
47253,2,0
47254,2,1
47255,3,0
47256,3,3
47257,2,2
47258,2,0
47259,3,0
47260,2,2
47261,2,2
47262,3,3
47263,2,0
47264,2,0
47265,2,2
47266,2,2
47267,3,1
47268,2,0
47269,2,0
47270,2,2
47271,2,0
47272,2,2
47273,2,0
47274,3,2
47275,2,2
47276,2,0
47277,2,0
47278,2,2
47279,2,2
47280,2,2
47281,2,2
47282,2,2
47283,2,0
47284,2,2
47285,3,3
47286,2,1
47287,2,2
47288,2,2
47289,2,2
47290,3,3
47291,2,0
47292,2,2
47293,3,3
47294,2,2
47295,2,2
47296,3,2
47297,2,0
47298,2,1
47299,2,0
47300,2,2
47301,2,2
47302,2,1
47303,2,2
47304,2,2
47305,2,2
47306,2,2
47307,2,0
47308,2,0
47309,2,2
47310,3,1
47311,3,3
47312,2,1
47313,3,2
47314,3,2
47315,2,2
47316,3,1
47317,3,3
47318,2,1
47319,3,1
47320,2,2
47321,2,1
47322,3,0
47323,3,2
47324,3,3
47325,2,2
47326,4,4
47327,2,2
47328,2,2
47329,3,1
47330,3,3
47331,2,1
47332,3,3
47333,2,1
47334,3,3
47335,2,0
47336,2,0
47337,2,1
47338,2,2
47339,4,1
47340,2,0
47341,2,2
47342,2,2
47343,2,2
47344,3,1
47345,2,0
47346,2,2
47347,3,3
47348,2,0
47349,2,2
47350,2,2
47351,2,2
47352,2,0
47353,2,0
47354,4,2
47355,4,3
47356,2,2
47357,3,3
47358,2,2
47359,4,0
47360,2,0
47361,4,2
47362,3,1
47363,2,2
47364,2,2
47365,2,2
47366,2,2
47367,2,0
47368,2,2
47369,2,2
47370,2,1
47371,2,2
47372,2,2
47373,2,0
47374,2,1
47375,2,0
47376,2,0
47377,4,4
47378,2,2
47379,2,2
47380,4,0
47381,2,2
47382,2,2
47383,2,0
47384,3,2
47385,2,1
47386,2,1
47387,3,3
47388,2,0
47389,2,2
47390,2,0
47391,2,2
47392,2,0
47393,2,1
47394,2,2
47395,3,1
47396,2,2
47397,2,2
47398,2,1
47399,2,2
47400,2,0
47401,2,1
47402,3,1
47403,2,2
47404,2,1
47405,2,1
47406,2,1
47407,2,2
47408,2,0
47409,2,0
47410,2,2
47411,2,2
47412,2,0
47413,2,0
47414,2,0
47415,2,1
47416,2,1
47417,2,2
47418,3,1
47419,2,0
47420,2,2
47421,2,0
47422,3,1
47423,2,0
47424,2,1
47425,2,2
47426,2,0
47427,2,2
47428,2,1
47429,2,2
47430,2,2
47431,3,2
47432,2,0
47433,2,2
47434,2,2
47435,2,0
47436,2,0
47437,2,0
47438,2,0
47439,2,2
47440,3,3
47441,2,0
47442,3,3
47443,2,2
47444,2,0
47445,2,2
47446,2,2
47447,3,3
47448,2,1
47449,2,2
47450,3,0
47451,2,2
47452,2,0
47453,2,0
47454,3,3
47455,2,0
47456,4,1
47457,4,3
47458,2,1
47459,2,1
47460,2,0
47461,2,2
47462,2,1
47463,2,0
47464,2,2
47465,3,1
47466,4,2
47467,2,2
47468,2,2
47469,2,0
47470,3,3
47471,2,0
47472,2,2
47473,2,2
47474,4,4
47475,2,1
47476,2,0
47477,2,2
47478,2,2
47479,2,2
47480,2,1
47481,2,2
47482,2,1
47483,2,0
47484,2,0
47485,2,2
47486,3,2
47487,2,2
47488,2,1
47489,2,2
47490,2,0
47491,2,2
47492,2,0
47493,2,2
47494,2,2
47495,3,3
47496,2,2
47497,2,2
47498,2,0
47499,2,2
47500,4,3
47501,2,1
47502,2,2
47503,2,0
47504,2,2
47505,3,3
47506,2,1
47507,2,0
47508,3,0
47509,4,3
47510,2,0
47511,2,2
47512,2,1
47513,2,0
47514,2,0
47515,2,2
47516,2,0
47517,2,2
47518,2,2
47519,2,0
47520,4,1
47521,3,3
47522,2,1
47523,2,0
47524,2,1
47525,2,2
47526,3,3
47527,2,0
47528,3,2
47529,4,3
47530,2,2
47531,2,2
47532,3,3
47533,2,2
47534,2,0
47535,2,2
47536,2,2
47537,3,1
47538,2,0
47539,2,1
47540,2,2
47541,2,2
47542,3,2
47543,2,2
47544,2,2
47545,3,1
47546,2,2
47547,2,0
47548,2,1
47549,2,1
47550,2,2
47551,2,2
47552,2,2
47553,4,1
47554,2,2
47555,2,2
47556,2,0
47557,2,0
47558,4,4
47559,2,2
47560,3,2
47561,3,3
47562,2,2
47563,2,2
47564,2,0
47565,3,2
47566,2,2
47567,2,2
47568,2,0
47569,2,2
47570,2,0
47571,2,0
47572,2,0
47573,2,0
47574,2,1
47575,2,0
47576,2,2
47577,2,2
47578,2,1
47579,2,2
47580,2,2
47581,3,1
47582,3,3
47583,2,2
47584,2,0
47585,2,1
47586,2,0
47587,2,2
47588,3,3
47589,2,1
47590,2,1
47591,2,0
47592,2,2
47593,2,2
47594,2,2
47595,2,2
47596,2,2
47597,2,0
47598,2,2
47599,2,2
47600,2,0
47601,2,0
47602,3,1
47603,2,2
47604,2,1
47605,2,2
47606,2,0
47607,2,2
47608,2,2
47609,2,0
47610,2,2
47611,2,2
47612,2,1
47613,2,1
47614,2,0
47615,2,2
47616,2,1
47617,3,1
47618,3,2
47619,2,2
47620,2,1
47621,2,2
47622,2,2
47623,2,2
47624,2,2
47625,2,2
47626,2,1
47627,2,0
47628,3,2
47629,2,0
47630,2,1
47631,2,0
47632,2,2
47633,2,2
47634,2,2
47635,2,2
47636,2,0
47637,2,1
47638,2,2
47639,2,1
47640,3,3
47641,2,1
47642,3,0
47643,2,0
47644,2,0
47645,2,0
47646,4,4
47647,3,0
47648,2,1
47649,2,0
47650,2,2
47651,2,0
47652,2,2
47653,2,2
47654,2,2
47655,2,2
47656,2,2
47657,2,0
47658,2,0
47659,4,2
47660,2,0
47661,2,0
47662,2,2
47663,2,0
47664,2,2
47665,2,2
47666,2,0
47667,2,0
47668,2,2
47669,2,1
47670,2,0
47671,4,2
47672,2,2
47673,2,2
47674,2,0
47675,2,2
47676,2,2
47677,2,2
47678,3,2
47679,3,3
47680,2,2
47681,2,2
47682,4,4
47683,3,1
47684,2,0
47685,2,2
47686,3,2
47687,2,2
47688,2,1
47689,2,0
47690,2,2
47691,4,2
47692,2,2
47693,2,2
47694,3,3
47695,3,1
47696,2,1
47697,2,2
47698,3,3
47699,3,2
47700,2,0
47701,3,0
47702,2,2
47703,2,2
47704,2,1
47705,2,0
47706,2,2
47707,4,1
47708,2,1
47709,2,0
47710,2,0
47711,2,1
47712,2,1
47713,2,0
47714,3,3
47715,3,1
47716,3,2
47717,2,2
47718,2,1
47719,2,0
47720,2,1
47721,2,1
47722,2,2
47723,2,1
47724,2,0
47725,4,2
47726,2,1
47727,2,2
47728,4,2
47729,2,2
47730,2,0
47731,3,2
47732,2,1
47733,3,1
47734,2,0
47735,3,1
47736,2,0
47737,2,1
47738,3,3
47739,3,2
47740,4,0
47741,2,2
47742,2,0
47743,2,2
47744,2,0
47745,2,0
47746,2,0
47747,3,3
47748,2,1
47749,2,0
47750,2,1
47751,2,2
47752,4,0
47753,2,1
47754,2,2
47755,2,2
47756,3,3
47757,2,0
47758,2,0
47759,2,0
47760,3,2
47761,3,3
47762,2,2
47763,2,2
47764,3,2
47765,3,1
47766,2,1
47767,2,2
47768,2,0
47769,2,2
47770,3,0
47771,2,0
47772,2,2
47773,2,2
47774,2,0
47775,2,0
47776,2,2
47777,3,3
47778,3,3
47779,3,3
47780,2,0
47781,3,2
47782,4,3
47783,2,2
47784,3,1
47785,2,0
47786,2,2
47787,2,0
47788,2,2
47789,2,1
47790,3,3
47791,3,3
47792,2,0
47793,3,0
47794,2,2
47795,3,3
47796,2,2
47797,2,1
47798,2,1
47799,2,2
47800,2,2
47801,2,2
47802,2,0
47803,2,0
47804,2,2
47805,2,0
47806,4,2
47807,2,0
47808,2,0
47809,2,2
47810,2,1
47811,2,0
47812,3,2
47813,3,1
47814,2,1
47815,2,0
47816,2,2
47817,4,4
47818,2,1
47819,2,2
47820,2,2
47821,3,0
47822,2,1
47823,3,2
47824,2,2
47825,2,2
47826,3,0
47827,2,2
47828,2,1
47829,3,3
47830,3,1
47831,3,0
47832,2,2
47833,2,0
47834,2,2
47835,2,1
47836,2,2
47837,2,2
47838,2,0
47839,3,1
47840,2,2
47841,2,2
47842,2,2
47843,2,0
47844,2,0
47845,2,0
47846,2,2
47847,2,2
47848,3,3
47849,3,2
47850,2,0
47851,3,1
47852,2,0
47853,2,2
47854,2,0
47855,2,2
47856,2,2
47857,2,2
47858,3,0
47859,2,2
47860,2,1
47861,2,1
47862,4,2
47863,3,2
47864,2,0
47865,3,0
47866,2,2
47867,2,2
47868,2,0
47869,2,0
47870,2,2
47871,2,2
47872,2,2
47873,2,1
47874,3,1
47875,2,2
47876,2,0
47877,4,2
47878,4,4
47879,3,0
47880,3,1
47881,3,1
47882,3,3
47883,2,0
47884,2,2
47885,2,2
47886,3,1
47887,2,1
47888,2,0
47889,2,1
47890,2,2
47891,2,0
47892,2,0
47893,3,2
47894,2,2
47895,2,2
47896,4,4
47897,2,2
47898,2,2
47899,2,2
47900,2,1
47901,2,2
47902,3,0
47903,2,2
47904,2,0
47905,2,2
47906,2,1
47907,2,2
47908,2,2
47909,2,0
47910,2,2
47911,2,0
47912,2,0
47913,3,1
47914,2,2
47915,2,1
47916,2,0
47917,2,2
47918,2,1
47919,3,3
47920,2,2
47921,2,0
47922,2,1
47923,2,0
47924,3,1
47925,2,2
47926,2,2
47927,2,1
47928,2,2
47929,2,0
47930,2,0
47931,2,0
47932,2,0
47933,4,4
47934,2,0
47935,2,0
47936,2,1
47937,2,1
47938,2,0
47939,2,1
47940,2,1
47941,2,2
47942,2,0
47943,2,1
47944,2,2
47945,2,2
47946,2,0
47947,2,2
47948,2,0
47949,2,0
47950,3,3
47951,2,2
47952,2,0
47953,2,2
47954,3,3
47955,2,2
47956,2,2
47957,3,0
47958,2,0
47959,2,0
47960,3,1
47961,2,1
47962,2,2
47963,2,2
47964,3,3
47965,2,0
47966,2,2
47967,2,0
47968,3,2
47969,2,1
47970,2,1
47971,2,2
47972,2,2
47973,2,2
47974,2,2
47975,2,0
47976,2,1
47977,4,0
47978,2,1
47979,2,1
47980,3,3
47981,2,2
47982,2,1
47983,2,1
47984,2,0
47985,2,2
47986,2,1
47987,2,1
47988,2,0
47989,2,2
47990,2,0
47991,2,0
47992,2,0
47993,2,2
47994,2,1
47995,3,1
47996,4,2
47997,2,2
47998,2,0
47999,2,2
48000,3,3
48001,2,2
48002,3,1
48003,2,1
48004,2,0
48005,2,0
48006,2,2
48007,4,4
48008,2,1
48009,2,1
48010,2,2
48011,2,2
48012,2,1
48013,3,1
48014,4,3
48015,2,1
48016,2,0
48017,4,4
48018,2,2
48019,2,1
48020,2,2
48021,3,1
48022,2,1
48023,4,4
48024,3,3
48025,2,0
48026,4,2
48027,2,0
48028,2,2
48029,2,2
48030,2,0
48031,2,0
48032,2,0
48033,2,2
48034,2,2
48035,2,0
48036,2,0
48037,2,2
48038,2,0
48039,2,2
48040,3,0
48041,2,0
48042,2,0
48043,3,3
48044,2,2
48045,2,0
48046,2,0
48047,4,4
48048,2,2
48049,2,2
48050,3,2
48051,2,1
48052,2,2
48053,2,2
48054,3,0
48055,4,4
48056,3,3
48057,2,1
48058,2,2
48059,2,2
48060,2,2
48061,2,2
48062,3,1
48063,2,2
48064,2,2
48065,2,2
48066,2,0
48067,2,2
48068,2,2
48069,2,1
48070,2,2
48071,2,1
48072,2,2
48073,2,0
48074,2,0
48075,2,2
48076,2,2
48077,2,2
48078,4,0
48079,2,0
48080,2,1
48081,2,2
48082,2,0
48083,2,2
48084,2,0
48085,2,1
48086,2,0
48087,2,0
48088,3,2
48089,2,0
48090,2,2
48091,2,2
48092,4,4
48093,2,2
48094,2,1
48095,2,0
48096,3,2
48097,3,1
48098,4,4
48099,2,1
48100,3,1
48101,2,2
48102,3,0
48103,2,2
48104,2,2
48105,2,1
48106,4,4
48107,4,3
48108,3,3
48109,3,0
48110,2,0
48111,2,2
48112,2,2
48113,4,1
48114,2,2
48115,2,2
48116,2,2
48117,2,2
48118,2,2
48119,2,2
48120,2,2
48121,2,1
48122,3,1
48123,2,2
48124,3,1
48125,2,0
48126,2,0
48127,4,1
48128,2,0
48129,2,2
48130,2,0
48131,3,3
48132,2,2
48133,2,1
48134,2,2
48135,2,1
48136,2,2
48137,2,0
48138,2,2
48139,3,1
48140,4,4
48141,2,0
48142,2,2
48143,2,0
48144,2,2
48145,2,2
48146,2,0
48147,2,0
48148,2,1
48149,2,2
48150,2,1
48151,2,0
48152,2,0
48153,2,0
48154,2,0
48155,2,0
48156,2,2
48157,3,3
48158,3,2
48159,2,0
48160,2,2
48161,2,1
48162,3,3
48163,2,0
48164,2,0
48165,3,3
48166,2,2
48167,3,3
48168,2,2
48169,2,2
48170,3,0
48171,3,2
48172,3,0
48173,2,2
48174,2,2
48175,4,2
48176,3,1
48177,4,3
48178,3,2
48179,2,1
48180,2,0
48181,2,2
48182,3,1
48183,2,2
48184,3,3
48185,2,2
48186,2,0
48187,2,2
48188,2,2
48189,3,1
48190,3,3
48191,3,3
48192,2,0
48193,2,1
48194,2,2
48195,2,1
48196,2,2
48197,2,0
48198,2,2
48199,2,2
48200,4,2
48201,3,1
48202,2,2
48203,2,0
48204,3,1
48205,2,0
48206,2,2
48207,2,2
48208,2,0
48209,2,2
48210,2,2
48211,2,2
48212,2,2
48213,2,1
48214,4,2
48215,2,2
48216,2,1
48217,2,2
48218,2,0
48219,2,0
48220,2,2
48221,2,2
48222,2,0
48223,2,2
48224,4,3
48225,2,2
48226,3,3
48227,2,2
48228,3,1
48229,2,0
48230,2,1
48231,2,2
48232,2,0
48233,2,0
48234,2,0
48235,2,2
48236,2,0
48237,2,1
48238,2,2
48239,2,2
48240,2,2
48241,2,2
48242,2,0
48243,2,2
48244,4,4
48245,2,2
48246,2,2
48247,2,2
48248,2,0
48249,2,0
48250,2,2
48251,3,0
48252,4,0
48253,2,0
48254,2,2
48255,2,2
48256,2,0
48257,3,2
48258,3,1
48259,3,2
48260,2,2
48261,2,2
48262,2,0
48263,4,2
48264,2,2
48265,4,4
48266,2,0
48267,4,3
48268,2,2
48269,2,2
48270,2,1
48271,2,0
48272,4,4
48273,2,1
48274,3,3
48275,3,0
48276,2,0
48277,2,2
48278,4,3
48279,2,0
48280,2,0
48281,2,2
48282,3,1
48283,2,2
48284,2,0
48285,2,2
48286,4,2
48287,2,2
48288,2,0
48289,3,3
48290,2,2
48291,2,1
48292,3,1
48293,2,0
48294,4,1
48295,3,2
48296,2,1
48297,2,0
48298,2,2
48299,2,1
48300,2,2
48301,2,1
48302,2,2
48303,2,1
48304,2,1
48305,3,3
48306,2,1
48307,3,1
48308,2,2
48309,2,0
48310,3,1
48311,2,0
48312,2,2
48313,2,2
48314,4,4
48315,2,0
48316,3,3
48317,2,0
48318,2,2
48319,3,2
48320,2,0
48321,2,1
48322,2,2
48323,3,1
48324,3,3
48325,2,2
48326,2,1
48327,2,1
48328,2,0
48329,3,1
48330,2,1
48331,3,3
48332,2,1
48333,2,1
48334,3,0
48335,2,2
48336,4,4
48337,2,2
48338,3,1
48339,2,0
48340,2,2
48341,3,1
48342,2,0
48343,2,0
48344,2,0
48345,2,0
48346,2,2
48347,2,1
48348,3,3
48349,2,0
48350,4,3
48351,2,2
48352,2,2
48353,2,2
48354,2,0
48355,2,0
48356,2,2
48357,3,3
48358,3,1
48359,2,2
48360,2,2
48361,2,2
48362,2,2
48363,3,1
48364,2,2
48365,2,0
48366,2,1
48367,3,1
48368,2,0
48369,2,2
48370,2,2
48371,3,3
48372,2,2
48373,3,1
48374,3,3
48375,2,2
48376,2,1
48377,2,2
48378,2,0
48379,3,1
48380,2,1
48381,2,0
48382,2,0
48383,2,2
48384,3,3
48385,2,2
48386,2,1
48387,2,0
48388,3,0
48389,2,1
48390,2,2
48391,2,0
48392,2,2
48393,2,2
48394,3,3
48395,4,2
48396,2,2
48397,4,2
48398,2,1
48399,2,0
48400,2,2
48401,2,2
48402,3,1
48403,4,0
48404,2,1
48405,2,1
48406,2,1
48407,2,0
48408,2,2
48409,2,2
48410,2,0
48411,2,0
48412,2,2
48413,2,2
48414,2,2
48415,2,1
48416,3,2
48417,4,4
48418,2,2
48419,2,2
48420,2,2
48421,2,2
48422,2,2
48423,3,0
48424,2,2
48425,2,2
48426,2,2
48427,2,0
48428,4,1
48429,4,0
48430,2,0
48431,2,1
48432,2,0
48433,2,2
48434,2,2
48435,2,2
48436,4,0
48437,2,2
48438,2,0
48439,2,1
48440,2,0
48441,2,0
48442,3,1
48443,3,1
48444,2,2
48445,4,3
48446,2,2
48447,2,0
48448,4,3
48449,3,0
48450,2,0
48451,3,3
48452,2,2
48453,4,2
48454,2,2
48455,2,2
48456,2,2
48457,2,1
48458,2,1
48459,2,2
48460,2,0
48461,3,3
48462,3,0
48463,4,4
48464,2,0
48465,2,1
48466,2,0
48467,3,3
48468,3,0
48469,3,1
48470,2,0
48471,2,1
48472,4,4
48473,2,2
48474,2,1
48475,3,1
48476,2,2
48477,2,2
48478,2,0
48479,2,2
48480,3,3
48481,2,2
48482,4,4
48483,3,2
48484,2,0
48485,2,2
48486,2,2
48487,2,0
48488,2,0
48489,4,0
48490,3,1
48491,2,1
48492,2,1
48493,2,2
48494,2,0
48495,2,0
48496,2,1
48497,3,1
48498,2,2
48499,2,2
48500,2,1
48501,3,0
48502,2,1
48503,2,2
48504,2,2
48505,2,2
48506,2,2
48507,2,1
48508,2,0
48509,3,0
48510,2,0
48511,2,0
48512,2,2
48513,2,2
48514,2,2
48515,2,0
48516,2,2
48517,2,2
48518,4,2
48519,3,1
48520,2,0
48521,3,1
48522,2,0
48523,2,0
48524,2,0
48525,3,2
48526,2,0
48527,2,2
48528,3,0
48529,2,2
48530,2,0
48531,3,2
48532,2,0
48533,2,1
48534,4,4
48535,2,2
48536,3,1
48537,2,2
48538,4,1
48539,2,0
48540,2,2
48541,2,0
48542,2,2
48543,2,1
48544,2,1
48545,2,0
48546,2,2
48547,2,2
48548,2,1
48549,3,3
48550,2,2
48551,2,0
48552,2,2
48553,3,3
48554,2,0
48555,3,2
48556,2,1
48557,3,3
48558,2,2
48559,2,2
48560,2,2
48561,2,0
48562,2,2
48563,2,2
48564,2,2
48565,2,2
48566,3,3
48567,2,2
48568,2,2
48569,2,2
48570,3,1
48571,2,2
48572,3,3
48573,2,0
48574,2,1
48575,4,3
48576,4,2
48577,2,0
48578,2,0
48579,2,2
48580,2,2
48581,2,1
48582,2,2
48583,2,1
48584,3,1
48585,2,1
48586,2,0
48587,2,2
48588,2,2
48589,2,0
48590,2,0
48591,4,2
48592,2,0
48593,2,2
48594,3,2
48595,2,2
48596,2,0
48597,2,0
48598,2,0
48599,3,3
48600,3,3
48601,2,2
48602,2,0
48603,2,2
48604,2,2
48605,2,2
48606,2,2
48607,4,3
48608,2,2
48609,2,2
48610,4,2
48611,2,2
48612,2,1
48613,2,0
48614,3,3
48615,2,2
48616,2,2
48617,2,0
48618,4,2
48619,2,2
48620,2,1
48621,2,1
48622,2,2
48623,3,1
48624,2,1
48625,3,2
48626,2,2
48627,3,3
48628,2,2
48629,2,2
48630,2,2
48631,2,2
48632,3,2
48633,4,0
48634,2,2
48635,3,2
48636,3,2
48637,3,1
48638,3,2
48639,2,2
48640,2,1
48641,3,0
48642,2,0
48643,2,2
48644,2,0
48645,2,2
48646,4,2
48647,2,0
48648,2,2
48649,2,1
48650,2,2
48651,2,0
48652,2,2
48653,2,0
48654,3,1
48655,2,2
48656,2,2
48657,2,1
48658,4,2
48659,2,2
48660,2,2
48661,2,1
48662,3,3
48663,2,1
48664,2,0
48665,2,2
48666,2,1
48667,2,1
48668,2,0
48669,2,2
48670,2,0
48671,2,2
48672,2,0
48673,2,0
48674,3,1
48675,2,2
48676,2,0
48677,2,2
48678,2,2
48679,2,2
48680,2,0
48681,2,2
48682,2,2
48683,2,0
48684,3,3
48685,3,1
48686,2,1
48687,2,2
48688,2,2
48689,2,2
48690,3,1
48691,2,2
48692,2,0
48693,2,2
48694,3,3
48695,2,1
48696,2,0
48697,2,0
48698,2,1
48699,2,2
48700,2,0
48701,2,2
48702,2,2
48703,3,3
48704,2,0
48705,2,2
48706,4,3
48707,2,1
48708,2,1
48709,2,1
48710,2,2
48711,2,0
48712,3,0
48713,2,1
48714,2,2
48715,2,2
48716,2,0
48717,2,1
48718,2,2
48719,2,1
48720,2,2
48721,2,2
48722,2,2
48723,2,0
48724,2,0
48725,2,0
48726,2,0
48727,4,2
48728,2,2
48729,2,2
48730,3,3
48731,2,2
48732,2,1
48733,3,1
48734,2,2
48735,2,0
48736,3,3
48737,2,0
48738,2,0
48739,3,2
48740,3,2
48741,2,0
48742,2,2
48743,2,2
48744,2,2
48745,2,0
48746,2,2
48747,2,2
48748,2,0
48749,2,2
48750,2,2
48751,2,2
48752,2,1
48753,2,0
48754,2,1
48755,2,2
48756,2,2
48757,2,0
48758,2,2
48759,2,0
48760,2,0
48761,4,2
48762,4,2
48763,2,0
48764,2,2
48765,2,2
48766,2,2
48767,2,0
48768,2,0
48769,2,2
48770,4,4
48771,2,2
48772,3,1
48773,2,2
48774,2,2
48775,2,2
48776,2,0
48777,2,0
48778,2,2
48779,3,3
48780,2,0
48781,2,2
48782,2,1
48783,2,2
48784,4,0
48785,2,2
48786,2,2
48787,2,0
48788,2,0
48789,3,3
48790,2,2
48791,2,2
48792,2,1
48793,2,1
48794,3,3
48795,4,0
48796,2,2
48797,2,1
48798,2,0
48799,2,2
48800,2,2
48801,3,3
48802,2,2
48803,2,0
48804,2,0
48805,4,2
48806,2,0
48807,3,1
48808,2,1
48809,2,0
48810,2,0
48811,3,0
48812,2,2
48813,3,1
48814,3,3
48815,3,1
48816,2,0
48817,2,0
48818,2,0
48819,2,0
48820,3,2
48821,2,1
48822,2,2
48823,2,1
48824,2,2
48825,2,2
48826,2,0
48827,2,2
48828,2,0
48829,2,2
48830,2,0
48831,3,3
48832,2,1
48833,2,1
48834,3,3
48835,4,3
48836,3,2
48837,2,0
48838,3,2
48839,2,1
48840,3,1
48841,2,0
48842,2,0
48843,2,0
48844,3,3
48845,2,0
48846,2,1
48847,2,2
48848,3,0
48849,3,1
48850,2,1
48851,3,0
48852,2,0
48853,2,1
48854,2,0
48855,2,0
48856,3,2
48857,2,2
48858,3,3
48859,2,0
48860,3,0
48861,2,0
48862,2,2
48863,3,3
48864,2,2
48865,3,3
48866,2,1
48867,2,0
48868,2,2
48869,2,2
48870,2,2
48871,2,0
48872,2,0
48873,2,2
48874,4,3
48875,2,0
48876,4,1
48877,2,0
48878,2,0
48879,2,2
48880,3,3
48881,2,0
48882,2,0
48883,2,2
48884,2,1
48885,2,0
48886,2,2
48887,2,0
48888,2,2
48889,4,2
48890,3,2
48891,2,2
48892,2,0
48893,2,2
48894,2,2
48895,2,1
48896,2,0
48897,2,2
48898,2,2
48899,2,1
48900,2,2
48901,2,0
48902,2,2
48903,2,0
48904,2,2
48905,2,1
48906,2,0
48907,4,3
48908,4,4
48909,2,2
48910,4,1
48911,2,2
48912,2,1
48913,3,1
48914,2,0
48915,3,2
48916,2,0
48917,2,0
48918,2,2
48919,2,1
48920,2,0
48921,3,3
48922,2,2
48923,2,1
48924,2,0
48925,2,1
48926,2,0
48927,2,2
48928,2,2
48929,3,3
48930,2,0
48931,2,2
48932,2,0
48933,3,1
48934,4,3
48935,3,1
48936,2,0
48937,2,2
48938,2,0
48939,2,1
48940,2,1
48941,2,2
48942,3,3
48943,2,2
48944,2,2
48945,2,0
48946,2,2
48947,3,2
48948,2,0
48949,2,0
48950,2,0
48951,2,1
48952,2,2
48953,2,2
48954,3,2
48955,2,0
48956,3,1
48957,2,2
48958,3,1
48959,2,1
48960,2,1
48961,3,0
48962,2,0
48963,4,2
48964,3,2
48965,4,4
48966,2,0
48967,2,0
48968,2,2
48969,2,1
48970,2,1
48971,2,0
48972,2,2
48973,2,0
48974,2,2
48975,2,1
48976,2,2
48977,3,3
48978,2,2
48979,2,2
48980,3,3
48981,2,2
48982,2,0
48983,2,0
48984,3,3
48985,2,2
48986,3,3
48987,2,2
48988,2,0
48989,2,0
48990,2,1
48991,2,2
48992,3,2
48993,2,2
48994,4,4
48995,2,2
48996,2,1
48997,2,0
48998,3,1
48999,2,1
49000,2,0
49001,3,2
49002,2,2
49003,3,2
49004,2,2
49005,2,2
49006,2,0
49007,2,2
49008,2,2
49009,2,2
49010,2,0
49011,2,1
49012,3,2
49013,2,0
49014,2,1
49015,3,1
49016,2,0
49017,2,0
49018,2,0
49019,4,4
49020,2,2
49021,2,2
49022,3,3
49023,2,0
49024,2,2
49025,2,2
49026,2,2
49027,2,2
49028,2,2
49029,4,3
49030,2,1
49031,2,2
49032,2,1
49033,3,3
49034,2,2
49035,2,2
49036,3,3
49037,2,1
49038,2,2
49039,2,0
49040,2,1
49041,2,2
49042,2,0
49043,2,0
49044,3,3
49045,3,3
49046,2,0
49047,2,2
49048,2,1
49049,2,0
49050,2,2
49051,3,1
49052,3,0
49053,2,2
49054,2,2
49055,3,1
49056,2,0
49057,2,0
49058,2,2
49059,2,0
49060,2,0
49061,2,2
49062,3,0
49063,2,2
49064,2,0
49065,2,1
49066,2,0
49067,2,0
49068,2,2
49069,3,0
49070,3,3
49071,2,2
49072,2,2
49073,2,1
49074,3,3
49075,2,1
49076,2,2
49077,2,0
49078,2,2
49079,2,2
49080,4,4
49081,2,2
49082,2,2
49083,4,4
49084,2,2
49085,2,0
49086,2,2
49087,2,2
49088,2,2
49089,3,2
49090,2,0
49091,2,2
49092,4,4
49093,2,1
49094,4,3
49095,2,2
49096,2,0
49097,3,2
49098,2,2
49099,2,0
49100,4,1
49101,2,2
49102,2,2
49103,2,1
49104,2,2
49105,2,2
49106,2,0
49107,2,0
49108,2,1
49109,2,1
49110,3,1
49111,2,2
49112,2,2
49113,3,2
49114,2,0
49115,2,2
49116,3,1
49117,4,1
49118,2,1
49119,2,0
49120,2,2
49121,2,0
49122,2,2
49123,2,0
49124,3,1
49125,2,2
49126,2,2
49127,3,0
49128,2,2
49129,3,0
49130,2,0
49131,3,3
49132,3,1
49133,2,2
49134,2,0
49135,2,0
49136,2,2
49137,2,0
49138,2,2
49139,2,2
49140,2,2
49141,3,2
49142,2,2
49143,2,2
49144,2,0
49145,2,0
49146,3,3
49147,4,4
49148,2,2
49149,3,3
49150,3,1
49151,3,1
49152,3,1
49153,2,1
49154,2,1
49155,2,0
49156,2,2
49157,2,0
49158,3,3
49159,2,0
49160,2,2
49161,2,1
49162,4,3
49163,2,0
49164,3,2
49165,2,0
49166,2,0
49167,2,1
49168,2,2
49169,2,2
49170,3,1
49171,2,0
49172,3,2
49173,4,4
49174,2,2
49175,2,2
49176,2,2
49177,2,2
49178,2,0
49179,2,0
49180,3,1
49181,2,2
49182,2,1
49183,2,1
49184,2,2
49185,2,1
49186,3,1
49187,3,2
49188,2,2
49189,2,2
49190,3,2
49191,2,2
49192,2,2
49193,2,1
49194,2,1
49195,2,0
49196,2,2
49197,2,2
49198,2,2
49199,2,1
49200,2,2
49201,2,2
49202,3,1
49203,2,0
49204,2,0
49205,3,3
49206,3,3
49207,4,1
49208,2,0
49209,2,0
49210,2,2
49211,2,2
49212,2,2
49213,2,2
49214,2,2
49215,4,3
49216,2,0
49217,2,2
49218,2,1
49219,2,2
49220,2,2
49221,3,1
49222,3,3
49223,2,2
49224,2,0
49225,2,2
49226,2,2
49227,3,1
49228,3,2
49229,2,2
49230,2,0
49231,3,1
49232,2,2
49233,2,1
49234,2,1
49235,3,2
49236,2,2
49237,4,0
49238,2,2
49239,3,0
49240,2,1
49241,2,0
49242,4,4
49243,2,0
49244,2,1
49245,4,4
49246,2,2
49247,2,2
49248,2,2
49249,2,1
49250,2,2
49251,3,3
49252,2,1
49253,2,0
49254,3,3
49255,2,0
49256,3,1
49257,2,2
49258,2,2
49259,3,1
49260,2,1
49261,4,0
49262,3,1
49263,3,3
49264,2,0
49265,2,0
49266,2,0
49267,2,0
49268,2,0
49269,2,2
49270,2,1
49271,2,2
49272,2,2
49273,4,2
49274,2,2
49275,2,1
49276,2,2
49277,2,0
49278,2,2
49279,2,0
49280,2,2
49281,3,2
49282,3,3
49283,2,2
49284,2,2
49285,2,2
49286,2,2
49287,2,2
49288,3,2
49289,2,0
49290,2,0
49291,3,2
49292,2,0
49293,2,2
49294,2,1
49295,2,2
49296,2,0
49297,3,1
49298,2,2
49299,2,0
49300,3,1
49301,3,3
49302,2,2
49303,2,2
49304,3,2
49305,2,0
49306,2,2
49307,2,2
49308,2,1
49309,2,2
49310,3,3
49311,2,2
49312,2,2
49313,3,0
49314,2,2
49315,2,2
49316,3,0
49317,2,0
49318,2,0
49319,2,2
49320,3,1
49321,2,1
49322,2,0
49323,3,3
49324,2,0
49325,2,0
49326,2,0
49327,2,0
49328,2,0
49329,3,2
49330,2,1
49331,2,1
49332,2,1
49333,4,0
49334,2,0
49335,2,2
49336,2,2
49337,2,2
49338,2,2
49339,2,0
49340,2,2
49341,3,0
49342,3,2
49343,4,4
49344,2,2
49345,2,2
49346,2,2
49347,3,1
49348,2,1
49349,2,0
49350,3,3
49351,2,0
49352,2,1
49353,2,1
49354,2,1
49355,2,0
49356,2,2
49357,2,0
49358,2,0
49359,2,2
49360,2,2
49361,2,0
49362,3,1
49363,2,2
49364,2,2
49365,2,2
49366,2,1
49367,2,2
49368,2,0
49369,2,2
49370,2,1
49371,2,2
49372,2,2
49373,2,1
49374,4,4
49375,2,0
49376,4,2
49377,3,3
49378,2,0
49379,2,2
49380,2,0
49381,2,1
49382,2,0
49383,2,2
49384,2,2
49385,2,0
49386,2,2
49387,2,1
49388,3,3
49389,3,2
49390,2,0
49391,2,2
49392,2,1
49393,2,2
49394,2,1
49395,2,2
49396,2,2
49397,2,2
49398,2,2
49399,2,2
49400,2,2
49401,2,2
49402,3,3
49403,2,2
49404,2,2
49405,3,2
49406,2,2
49407,2,2
49408,4,3
49409,3,2
49410,2,1
49411,2,2
49412,4,4
49413,3,1
49414,2,0
49415,2,2
49416,2,1
49417,2,0
49418,2,0
49419,2,2
49420,4,4
49421,2,1
49422,2,2
49423,2,0
49424,2,2
49425,4,4
49426,4,4
49427,2,2
49428,4,3
49429,4,1
49430,2,2
49431,2,2
49432,3,3
49433,2,2
49434,3,3
49435,3,0
49436,2,1
49437,2,0
49438,2,0
49439,3,1
49440,2,0
49441,2,1
49442,2,1
49443,3,0
49444,3,1
49445,4,2
49446,3,2
49447,2,0
49448,2,2
49449,2,2
49450,2,2
49451,2,2
49452,3,1
49453,2,2
49454,3,3
49455,2,2
49456,2,2
49457,2,2
49458,4,4
49459,2,2
49460,2,0
49461,2,2
49462,2,2
49463,3,1
49464,2,0
49465,3,2
49466,2,2
49467,2,1
49468,4,4
49469,2,1
49470,2,2
49471,2,2
49472,2,2
49473,2,1
49474,2,2
49475,4,0
49476,4,2
49477,2,2
49478,2,1
49479,2,0
49480,3,0
49481,3,3
49482,2,2
49483,2,2
49484,2,1
49485,2,1
49486,4,3
49487,2,2
49488,2,0
49489,3,1
49490,3,3
49491,2,1
49492,2,1
49493,2,2
49494,2,2
49495,3,0
49496,2,0
49497,2,0
49498,4,0
49499,3,1
49500,4,4
49501,2,0
49502,2,0
49503,2,2
49504,3,0
49505,2,0
49506,4,2
49507,2,2
49508,2,1
49509,2,0
49510,2,0
49511,2,0
49512,2,0
49513,2,0
49514,3,3
49515,2,0
49516,2,2
49517,2,1
49518,2,1
49519,3,3
49520,2,1
49521,3,1
49522,2,2
49523,2,1
49524,2,2
49525,2,0
49526,2,2
49527,2,2
49528,2,1
49529,2,0
49530,3,0
49531,2,0
49532,3,1
49533,2,2
49534,2,1
49535,2,0
49536,2,2
49537,2,0
49538,2,2
49539,2,0
49540,3,2
49541,2,0
49542,2,2
49543,2,0
49544,2,2
49545,2,0
49546,4,4
49547,2,0
49548,3,2
49549,3,3
49550,2,2
49551,2,2
49552,2,2
49553,2,2
49554,2,1
49555,2,2
49556,4,2
49557,2,0
49558,2,2
49559,2,1
49560,3,0
49561,2,0
49562,3,2
49563,3,2
49564,2,0
49565,2,2
49566,3,3
49567,2,1
49568,2,2
49569,3,1
49570,2,2
49571,2,2
49572,4,4
49573,2,2
49574,2,1
49575,2,2
49576,2,0
49577,2,1
49578,2,0
49579,2,0
49580,4,1
49581,2,2
49582,4,2
49583,2,1
49584,3,3
49585,2,0
49586,2,1
49587,2,2
49588,2,0
49589,2,2
49590,3,1
49591,2,0
49592,2,1
49593,2,2
49594,2,2
49595,2,0
49596,3,2
49597,2,1
49598,2,2
49599,2,2
49600,4,0
49601,2,2
49602,2,1
49603,3,3
49604,2,2
49605,2,2
49606,2,1
49607,2,0
49608,2,1
49609,2,2
49610,2,2
49611,2,0
49612,2,0
49613,2,2
49614,2,1
49615,2,2
49616,2,2
49617,2,0
49618,3,1
49619,3,3
49620,3,3
49621,3,3
49622,2,1
49623,2,2
49624,4,0
49625,3,1
49626,4,4
49627,2,1
49628,2,1
49629,2,0
49630,2,0
49631,2,0
49632,3,3
49633,2,0
49634,2,0
49635,2,2
49636,2,0
49637,2,2
49638,2,0
49639,2,2
49640,2,1
49641,4,1
49642,2,1
49643,3,1
49644,3,3
49645,2,2
49646,3,3
49647,3,0
49648,2,0
49649,2,0
49650,2,0
49651,2,0
49652,2,0
49653,4,2
49654,2,2
49655,2,2
49656,2,2
49657,2,2
49658,2,2
49659,2,0
49660,2,0
49661,2,0
49662,3,0
49663,2,2
49664,2,1
49665,2,2
49666,2,2
49667,3,0
49668,2,0
49669,3,3
49670,2,2
49671,3,2
49672,2,0
49673,2,1
49674,2,0
49675,3,3
49676,3,3
49677,3,0
49678,2,2
49679,2,2
49680,2,2
49681,2,2
49682,2,0
49683,2,2
49684,3,3
49685,2,2
49686,2,2
49687,2,2
49688,2,2
49689,2,2
49690,2,2
49691,2,1
49692,2,0
49693,4,0
49694,2,1
49695,2,0
49696,2,2
49697,2,0
49698,2,0
49699,2,2
49700,2,1
49701,3,3
49702,2,2
49703,2,0
49704,2,1
49705,2,0
49706,2,1
49707,4,4
49708,2,2
49709,2,1
49710,3,1
49711,2,2
49712,3,2
49713,2,0
49714,3,3
49715,2,1
49716,2,2
49717,2,1
49718,3,0
49719,2,1
49720,2,2
49721,2,0
49722,3,3
49723,2,2
49724,2,1
49725,4,4
49726,3,0
49727,2,0
49728,2,2
49729,3,3
49730,2,0
49731,2,2
49732,3,0
49733,2,2
49734,3,1
49735,2,0
49736,2,1
49737,2,2
49738,2,1
49739,2,1
49740,2,2
49741,2,0
49742,4,2
49743,2,2
49744,2,2
49745,4,2
49746,4,4
49747,2,0
49748,2,1
49749,2,2
49750,4,4
49751,4,4
49752,2,1
49753,3,2
49754,2,0
49755,2,2
49756,2,1
49757,2,1
49758,2,0
49759,2,2
49760,2,2
49761,2,1
49762,2,2
49763,2,0
49764,3,1
49765,2,2
49766,2,2
49767,3,2
49768,2,1
49769,2,0
49770,4,4
49771,2,1
49772,2,0
49773,2,1
49774,2,1
49775,2,0
49776,3,3
49777,2,2
49778,3,1
49779,3,3
49780,3,3
49781,2,1
49782,2,0
49783,3,3
49784,2,2
49785,2,1
49786,2,2
49787,2,0
49788,2,0
49789,2,0
49790,2,2
49791,2,2
49792,2,1
49793,2,2
49794,2,2
49795,3,2
49796,2,2
49797,2,2
49798,2,2
49799,3,3
49800,2,2
49801,2,1
49802,3,1
49803,2,2
49804,3,0
49805,2,1
49806,2,2
49807,2,2
49808,4,0
49809,2,0
49810,2,0
49811,2,2
49812,3,1
49813,2,2
49814,2,0
49815,2,0
49816,2,2
49817,2,2
49818,2,2
49819,3,1
49820,2,2
49821,2,1
49822,4,1
49823,2,1
49824,2,2
49825,2,2
49826,2,1
49827,2,2
49828,2,0
49829,4,2
49830,2,2
49831,2,0
49832,2,0
49833,2,2
49834,2,1
49835,2,0
49836,4,1
49837,2,2
49838,2,1
49839,2,2
49840,3,2
49841,2,2
49842,2,2
49843,2,2
49844,2,2
49845,2,2
49846,2,2
49847,3,2
49848,2,1
49849,3,1
49850,3,2
49851,2,2
49852,2,1
49853,2,0
49854,2,2
49855,4,4
49856,2,1
49857,3,3
49858,3,2
49859,2,2
49860,2,2
49861,3,3
49862,2,2
49863,2,2
49864,2,2
49865,2,0
49866,2,0
49867,3,3
49868,3,0
49869,2,0
49870,2,2
49871,2,0
49872,2,2
49873,2,2
49874,2,2
49875,2,2
49876,2,0
49877,2,0
49878,2,1
49879,2,1
49880,2,1
49881,4,0
49882,3,3
49883,2,2
49884,2,2
49885,3,3
49886,2,0
49887,4,4
49888,2,2
49889,2,2
49890,2,2
49891,2,2
49892,2,0
49893,2,2
49894,2,2
49895,2,2
49896,3,1
49897,2,0
49898,2,2
49899,2,1
49900,2,0
49901,2,0
49902,3,2
49903,2,0
49904,2,2
49905,3,2
49906,4,4
49907,2,2
49908,3,3
49909,2,0
49910,2,0
49911,2,2
49912,2,0
49913,3,3
49914,2,1
49915,2,2
49916,2,0
49917,2,1
49918,2,0
49919,2,2
49920,2,0
49921,2,2
49922,2,2
49923,2,2
49924,2,2
49925,2,0
49926,2,2
49927,3,3
49928,2,2
49929,2,1
49930,3,3
49931,2,2
49932,3,0
49933,2,0
49934,2,1
49935,2,1
49936,3,3
49937,2,2
49938,3,3
49939,2,0
49940,3,1
49941,2,2
49942,2,0
49943,3,1
49944,2,2
49945,2,0
49946,3,3
49947,2,0
49948,2,2
49949,2,2
49950,2,1
49951,2,0
49952,2,2
49953,2,0
49954,2,1
49955,2,2
49956,2,0
49957,3,1
49958,2,2
49959,3,2
49960,2,2
49961,2,1
49962,2,0
49963,2,1
49964,2,2
49965,4,2
49966,2,0
49967,2,0
49968,3,3
49969,2,0
49970,3,2
49971,2,1
49972,2,2
49973,3,1
49974,4,4
49975,2,0
49976,3,1
49977,3,3
49978,4,4
49979,4,2
49980,3,3
49981,4,3
49982,2,0
49983,2,2
49984,3,3
49985,2,2
49986,2,0
49987,2,1
49988,2,1
49989,2,0
49990,2,2
49991,2,1
49992,2,1
49993,4,0
49994,2,0
49995,2,2
49996,3,1
49997,2,2
49998,2,0
49999,3,3
