SRC Query,Depth,BBoxes,Data Size
"[6.22, 9.87, 8.46, 12.11]",3,"[6, 8, 9, 15]",32
"[9.55, 3.08, 11.79, 5.32]",2,"[8, 0, 15, 7]",64
"[3.89, 8.86, 6.13, 11.1]",2,"[0, 8, 7, 15]",64
"[2.38, 4.67, 4.62, 6.91]",4,"[2, 4, 5, 7]",16
"[5.1, 1.09, 7.34, 3.33]",2,"[4, 0, 11, 7]",64
"[12.14, 10.14, 14.38, 12.38]",4,"[12, 10, 15, 13]",16
"[7.96, 1.79, 10.2, 4.03]",2,"[4, 0, 11, 7]",64
"[11.78, 9.4, 14.02, 11.64]",2,"[8, 8, 15, 15]",64
"[0.81, 0.58, 3.05, 2.82]",2,"[0, 0, 7, 7]",64
"[1.13, 12.3, 3.37, 14.54]",2,"[0, 8, 7, 15]",64
"[10.07, 0.62, 12.31, 2.86]",4,"[10, 0, 13, 3]",16
"[6.45, 4.5, 8.69, 6.74]",4,"[6, 4, 9, 7]",16
"[8.67, 4.55, 10.91, 6.79]",4,"[8, 4, 11, 7]",16
"[2.28, 3.02, 4.52, 5.26]",3,"[2, 0, 5, 7]",32
"[7.79, 3.79, 10.03, 6.03]",2,"[4, 0, 11, 7]",64
"[4.45, 9.63, 6.69, 11.87]",3,"[4, 8, 7, 15]",32
"[5.99, 7.13, 8.23, 9.37]",2,"[4, 4, 11, 11]",64
"[12.34, 10.77, 14.58, 13.01]",3,"[12, 8, 15, 15]",32
"[9.3, 1.16, 11.54, 3.4]",2,"[8, 0, 15, 7]",64
"[10.77, 7.26, 13.01, 9.5]",2,"[8, 4, 15, 11]",64
"[1.23, 7.43, 3.47, 9.67]",2,"[0, 4, 7, 11]",64
"[12.25, 7.62, 14.49, 9.86]",3,"[12, 4, 15, 11]",32
"[12.69, 4.37, 14.93, 6.61]",4,"[12, 4, 15, 7]",16
"[11.48, 2.41, 13.72, 4.65]",2,"[8, 0, 15, 7]",64
"[12.33, 1.35, 14.57, 3.59]",3,"[12, 0, 15, 7]",32
"[10.71, 7.31, 12.95, 9.55]",3,"[10, 4, 13, 11]",32
"[4.86, 6.77, 7.1, 9.01]",2,"[4, 4, 11, 11]",64
"[4.26, 10.99, 6.5, 13.23]",3,"[4, 8, 7, 15]",32
"[10.29, 0.88, 12.53, 3.12]",3,"[10, 0, 13, 7]",32
"[3.75, 11.04, 5.99, 13.28]",2,"[0, 8, 7, 15]",64
"[6.65, 3.43, 8.89, 5.67]",3,"[6, 0, 9, 7]",32
"[12.54, 2.54, 14.78, 4.78]",4,"[12, 2, 15, 5]",16
"[11.71, 10.46, 13.95, 12.7]",2,"[8, 8, 15, 15]",64
"[7.12, 1.42, 9.36, 3.66]",2,"[4, 0, 11, 7]",64
"[12.72, 10.16, 14.96, 12.4]",4,"[12, 10, 15, 13]",16
"[1.38, 9.52, 3.62, 11.76]",2,"[0, 8, 7, 15]",64
"[6.27, 8.9, 8.51, 11.14]",3,"[6, 8, 9, 15]",32
"[4.66, 8.3, 6.9, 10.54]",4,"[4, 8, 7, 11]",16
"[11.11, 10.28, 13.35, 12.52]",2,"[8, 8, 15, 15]",64
"[3.89, 8.88, 6.13, 11.12]",2,"[0, 8, 7, 15]",64
"[11.33, 4.75, 13.57, 6.99]",2,"[8, 0, 15, 7]",64
"[1.86, 6.42, 4.1, 8.66]",2,"[0, 4, 7, 11]",64
"[8.98, 10.66, 11.22, 12.9]",2,"[8, 8, 15, 15]",64
"[10.0, 1.69, 12.24, 3.93]",3,"[10, 0, 13, 7]",32
"[11.66, 5.7, 13.9, 7.94]",2,"[8, 4, 15, 11]",64
"[0.87, 5.36, 3.11, 7.6]",2,"[0, 4, 7, 11]",64
"[12.24, 9.19, 14.48, 11.43]",3,"[12, 8, 15, 15]",32
"[6.56, 1.91, 8.8, 4.15]",3,"[6, 0, 9, 7]",32
"[8.91, 2.21, 11.15, 4.45]",2,"[8, 0, 15, 7]",64
"[8.03, 4.42, 10.27, 6.66]",4,"[8, 4, 11, 7]",16
"[8.26, 5.47, 10.5, 7.71]",3,"[8, 4, 11, 11]",32
"[1.73, 8.87, 3.97, 11.11]",2,"[0, 8, 7, 15]",64
"[10.14, 11.76, 12.38, 14.0]",3,"[10, 8, 13, 15]",32
"[10.63, 0.35, 12.87, 2.59]",4,"[10, 0, 13, 3]",16
"[10.92, 3.06, 13.16, 5.3]",2,"[8, 0, 15, 7]",64
"[3.14, 4.72, 5.38, 6.96]",2,"[0, 0, 7, 7]",64
"[6.68, 8.59, 8.92, 10.83]",4,"[6, 8, 9, 11]",16
"[8.65, 8.85, 10.89, 11.09]",3,"[8, 8, 11, 15]",32
"[5.74, 2.14, 7.98, 4.38]",2,"[4, 0, 11, 7]",64
"[4.17, 6.98, 6.41, 9.22]",3,"[4, 4, 7, 11]",32
"[7.19, 8.86, 9.43, 11.1]",2,"[4, 8, 11, 15]",64
"[2.02, 12.56, 4.26, 14.8]",4,"[2, 12, 5, 15]",16
"[0.31, 8.79, 2.55, 11.03]",3,"[0, 8, 3, 15]",32
"[5.01, 8.11, 7.25, 10.35]",2,"[4, 8, 11, 15]",64
"[9.68, 5.65, 11.92, 7.89]",2,"[8, 4, 15, 11]",64
"[12.55, 6.01, 14.79, 8.25]",4,"[12, 6, 15, 9]",16
"[6.15, 1.5, 8.39, 3.74]",3,"[6, 0, 9, 7]",32
"[7.7, 11.11, 9.94, 13.35]",2,"[4, 8, 11, 15]",64
"[2.0, 9.28, 4.24, 11.52]",3,"[2, 8, 5, 15]",32
"[10.06, 4.43, 12.3, 6.67]",4,"[10, 4, 13, 7]",16
"[8.04, 12.52, 10.28, 14.76]",4,"[8, 12, 11, 15]",16
"[4.07, 4.24, 6.31, 6.48]",4,"[4, 4, 7, 7]",16
"[12.72, 2.29, 14.96, 4.53]",4,"[12, 2, 15, 5]",16
"[6.05, 11.58, 8.29, 13.82]",3,"[6, 8, 9, 15]",32
"[10.36, 3.74, 12.6, 5.98]",3,"[10, 0, 13, 7]",32
"[11.61, 2.79, 13.85, 5.03]",2,"[8, 0, 15, 7]",64
"[4.63, 7.19, 6.87, 9.43]",3,"[4, 4, 7, 11]",32
"[10.53, 3.21, 12.77, 5.45]",3,"[10, 0, 13, 7]",32
"[8.27, 8.52, 10.51, 10.76]",4,"[8, 8, 11, 11]",16
"[6.5, 8.96, 8.74, 11.2]",3,"[6, 8, 9, 15]",32
"[8.75, 4.25, 10.99, 6.49]",4,"[8, 4, 11, 7]",16
"[3.35, 5.7, 5.59, 7.94]",2,"[0, 4, 7, 11]",64
"[10.8, 11.52, 13.04, 13.76]",2,"[8, 8, 15, 15]",64
"[2.98, 1.49, 5.22, 3.73]",2,"[0, 0, 7, 7]",64
"[2.33, 5.49, 4.57, 7.73]",3,"[2, 4, 5, 11]",32
"[0.96, 3.23, 3.2, 5.47]",2,"[0, 0, 7, 7]",64
"[8.24, 10.62, 10.48, 12.86]",4,"[8, 10, 11, 13]",16
"[9.12, 4.95, 11.36, 7.19]",2,"[8, 4, 15, 11]",64
"[8.87, 3.26, 11.11, 5.5]",2,"[8, 0, 15, 7]",64
"[5.47, 5.71, 7.71, 7.95]",2,"[4, 4, 11, 11]",64
"[3.37, 11.78, 5.61, 14.02]",2,"[0, 8, 7, 15]",64
"[7.69, 4.53, 9.93, 6.77]",2,"[4, 0, 11, 7]",64
"[12.44, 6.57, 14.68, 8.81]",4,"[12, 6, 15, 9]",16
"[11.39, 7.1, 13.63, 9.34]",2,"[8, 4, 15, 11]",64
"[8.7, 5.71, 10.94, 7.95]",3,"[8, 4, 11, 11]",32
"[6.06, 3.25, 8.3, 5.49]",3,"[6, 0, 9, 7]",32
"[4.75, 12.2, 6.99, 14.44]",4,"[4, 12, 7, 15]",16
"[3.88, 11.93, 6.12, 14.17]",2,"[0, 8, 7, 15]",64
"[9.45, 5.62, 11.69, 7.86]",2,"[8, 4, 15, 11]",64
"[10.35, 7.67, 12.59, 9.91]",3,"[10, 4, 13, 11]",32
"[12.5, 7.87, 14.74, 10.11]",3,"[12, 4, 15, 11]",32
"[0.74, 5.18, 2.98, 7.42]",3,"[0, 4, 3, 11]",32
"[9.74, 11.67, 11.98, 13.91]",2,"[8, 8, 15, 15]",64
"[10.23, 3.21, 12.47, 5.45]",3,"[10, 0, 13, 7]",32
"[12.23, 12.54, 14.47, 14.78]",4,"[12, 12, 15, 15]",16
"[3.91, 12.03, 6.15, 14.27]",2,"[0, 8, 7, 15]",64
"[10.75, 7.91, 12.99, 10.15]",3,"[10, 4, 13, 11]",32
"[9.29, 1.86, 11.53, 4.1]",2,"[8, 0, 15, 7]",64
"[9.59, 1.9, 11.83, 4.14]",2,"[8, 0, 15, 7]",64
"[1.55, 11.9, 3.79, 14.14]",2,"[0, 8, 7, 15]",64
"[12.61, 0.05, 14.85, 2.29]",4,"[12, 0, 15, 3]",16
"[3.78, 3.64, 6.02, 5.88]",2,"[0, 0, 7, 7]",64
"[9.68, 2.03, 11.92, 4.27]",2,"[8, 0, 15, 7]",64
"[9.43, 8.44, 11.67, 10.68]",2,"[8, 8, 15, 15]",64
"[8.1, 1.15, 10.34, 3.39]",3,"[8, 0, 11, 7]",32
"[3.39, 2.45, 5.63, 4.69]",2,"[0, 0, 7, 7]",64
"[12.34, 2.23, 14.58, 4.47]",4,"[12, 2, 15, 5]",16
"[3.53, 1.84, 5.77, 4.08]",2,"[0, 0, 7, 7]",64
"[7.84, 4.05, 10.08, 6.29]",2,"[4, 0, 11, 7]",64
"[9.5, 1.3, 11.74, 3.54]",2,"[8, 0, 15, 7]",64
"[0.12, 5.91, 2.36, 8.15]",3,"[0, 4, 3, 11]",32
"[0.51, 11.58, 2.75, 13.82]",3,"[0, 8, 3, 15]",32
"[1.6, 3.67, 3.84, 5.91]",2,"[0, 0, 7, 7]",64
"[3.87, 1.82, 6.11, 4.06]",2,"[0, 0, 7, 7]",64
"[3.49, 0.33, 5.73, 2.57]",2,"[0, 0, 7, 7]",64
"[4.69, 11.3, 6.93, 13.54]",3,"[4, 8, 7, 15]",32
"[11.09, 12.69, 13.33, 14.93]",2,"[8, 8, 15, 15]",64
"[5.9, 0.38, 8.14, 2.62]",2,"[4, 0, 11, 7]",64
"[11.05, 12.75, 13.29, 14.99]",2,"[8, 8, 15, 15]",64
"[12.32, 8.57, 14.56, 10.81]",4,"[12, 8, 15, 11]",16
"[2.03, 11.46, 4.27, 13.7]",3,"[2, 8, 5, 15]",32
"[1.33, 6.07, 3.57, 8.31]",2,"[0, 4, 7, 11]",64
"[1.58, 4.68, 3.82, 6.92]",2,"[0, 0, 7, 7]",64
"[3.63, 11.02, 5.87, 13.26]",2,"[0, 8, 7, 15]",64
"[11.86, 9.23, 14.1, 11.47]",2,"[8, 8, 15, 15]",64
"[11.29, 7.97, 13.53, 10.21]",2,"[8, 4, 15, 11]",64
"[10.75, 2.67, 12.99, 4.91]",4,"[10, 2, 13, 5]",16
"[8.74, 10.95, 10.98, 13.19]",3,"[8, 8, 11, 15]",32
"[6.73, 7.94, 8.97, 10.18]",3,"[6, 4, 9, 11]",32
"[9.68, 7.03, 11.92, 9.27]",2,"[8, 4, 15, 11]",64
"[4.08, 11.42, 6.32, 13.66]",3,"[4, 8, 7, 15]",32
"[3.01, 11.87, 5.25, 14.11]",2,"[0, 8, 7, 15]",64
"[4.35, 11.35, 6.59, 13.59]",3,"[4, 8, 7, 15]",32
"[10.2, 2.04, 12.44, 4.28]",4,"[10, 2, 13, 5]",16
"[0.33, 0.68, 2.57, 2.92]",4,"[0, 0, 3, 3]",16
"[8.0, 9.04, 10.24, 11.28]",3,"[8, 8, 11, 15]",32
"[3.18, 10.14, 5.42, 12.38]",2,"[0, 8, 7, 15]",64
"[8.33, 8.51, 10.57, 10.75]",4,"[8, 8, 11, 11]",16
"[7.16, 4.39, 9.4, 6.63]",2,"[4, 0, 11, 7]",64
"[5.99, 5.76, 8.23, 8.0]",2,"[4, 4, 11, 11]",64
"[10.46, 12.66, 12.7, 14.9]",4,"[10, 12, 13, 15]",16
"[0.43, 4.39, 2.67, 6.63]",4,"[0, 4, 3, 7]",16
"[2.79, 11.57, 5.03, 13.81]",2,"[0, 8, 7, 15]",64
"[10.79, 7.62, 13.03, 9.86]",2,"[8, 4, 15, 11]",64
"[8.19, 9.16, 10.43, 11.4]",3,"[8, 8, 11, 15]",32
"[7.06, 7.2, 9.3, 9.44]",2,"[4, 4, 11, 11]",64
"[11.62, 8.71, 13.86, 10.95]",2,"[8, 8, 15, 15]",64
"[5.11, 7.98, 7.35, 10.22]",2,"[4, 4, 11, 11]",64
"[0.87, 6.12, 3.11, 8.36]",2,"[0, 4, 7, 11]",64
"[10.98, 5.85, 13.22, 8.09]",2,"[8, 4, 15, 11]",64
"[11.91, 1.84, 14.15, 4.08]",2,"[8, 0, 15, 7]",64
"[4.8, 1.51, 7.04, 3.75]",2,"[4, 0, 11, 7]",64
"[1.41, 8.58, 3.65, 10.82]",2,"[0, 8, 7, 15]",64
"[7.56, 10.48, 9.8, 12.72]",2,"[4, 8, 11, 15]",64
"[8.92, 11.2, 11.16, 13.44]",2,"[8, 8, 15, 15]",64
"[12.48, 3.84, 14.72, 6.08]",3,"[12, 0, 15, 7]",32
"[3.28, 7.11, 5.52, 9.35]",2,"[0, 4, 7, 11]",64
"[0.76, 4.02, 3.0, 6.26]",4,"[0, 4, 3, 7]",16
"[1.99, 4.54, 4.23, 6.78]",2,"[0, 0, 7, 7]",64
"[7.82, 8.2, 10.06, 10.44]",2,"[4, 8, 11, 15]",64
"[0.24, 2.34, 2.48, 4.58]",4,"[0, 2, 3, 5]",16
"[6.33, 10.56, 8.57, 12.8]",4,"[6, 10, 9, 13]",16
"[0.2, 8.55, 2.44, 10.79]",4,"[0, 8, 3, 11]",16
"[8.07, 6.03, 10.31, 8.27]",4,"[8, 6, 11, 9]",16
"[11.35, 12.73, 13.59, 14.97]",2,"[8, 8, 15, 15]",64
"[12.62, 11.02, 14.86, 13.26]",3,"[12, 8, 15, 15]",32
"[9.35, 10.5, 11.59, 12.74]",2,"[8, 8, 15, 15]",64
"[10.17, 7.23, 12.41, 9.47]",3,"[10, 4, 13, 11]",32
"[4.03, 7.83, 6.27, 10.07]",3,"[4, 4, 7, 11]",32
"[10.54, 12.53, 12.78, 14.77]",4,"[10, 12, 13, 15]",16
"[2.54, 4.87, 4.78, 7.11]",3,"[2, 4, 5, 11]",32
"[11.66, 3.35, 13.9, 5.59]",2,"[8, 0, 15, 7]",64
"[8.53, 4.97, 10.77, 7.21]",3,"[8, 4, 11, 11]",32
"[7.0, 2.76, 9.24, 5.0]",2,"[4, 0, 11, 7]",64
"[9.59, 8.87, 11.83, 11.11]",2,"[8, 8, 15, 15]",64
"[11.16, 6.64, 13.4, 8.88]",2,"[8, 4, 15, 11]",64
"[8.68, 10.98, 10.92, 13.22]",3,"[8, 8, 11, 15]",32
"[8.88, 1.59, 11.12, 3.83]",2,"[8, 0, 15, 7]",64
"[0.93, 6.63, 3.17, 8.87]",2,"[0, 4, 7, 11]",64
"[2.78, 5.0, 5.02, 7.24]",2,"[0, 4, 7, 11]",64
"[2.39, 7.66, 4.63, 9.9]",3,"[2, 4, 5, 11]",32
"[2.4, 0.27, 4.64, 2.51]",4,"[2, 0, 5, 3]",16
"[7.18, 4.47, 9.42, 6.71]",2,"[4, 0, 11, 7]",64
"[3.23, 6.88, 5.47, 9.12]",2,"[0, 4, 7, 11]",64
"[4.17, 1.83, 6.41, 4.07]",3,"[4, 0, 7, 7]",32
"[4.8, 9.72, 7.04, 11.96]",2,"[4, 8, 11, 15]",64
"[0.37, 1.43, 2.61, 3.67]",3,"[0, 0, 3, 7]",32
"[7.86, 7.19, 10.1, 9.43]",2,"[4, 4, 11, 11]",64
"[4.3, 4.57, 6.54, 6.81]",4,"[4, 4, 7, 7]",16
"[8.2, 8.71, 10.44, 10.95]",4,"[8, 8, 11, 11]",16
"[4.17, 6.97, 6.41, 9.21]",3,"[4, 4, 7, 11]",32
"[12.3, 6.53, 14.54, 8.77]",4,"[12, 6, 15, 9]",16
"[8.04, 5.4, 10.28, 7.64]",3,"[8, 4, 11, 11]",32
"[3.22, 9.38, 5.46, 11.62]",2,"[0, 8, 7, 15]",64
"[8.59, 10.32, 10.83, 12.56]",4,"[8, 10, 11, 13]",16
"[3.44, 12.65, 5.68, 14.89]",2,"[0, 8, 7, 15]",64
"[7.79, 7.35, 10.03, 9.59]",2,"[4, 4, 11, 11]",64
"[7.52, 4.06, 9.76, 6.3]",2,"[4, 0, 11, 7]",64
"[7.11, 10.0, 9.35, 12.24]",2,"[4, 8, 11, 15]",64
"[6.26, 8.19, 8.5, 10.43]",4,"[6, 8, 9, 11]",16
"[6.95, 12.27, 9.19, 14.51]",2,"[4, 8, 11, 15]",64
"[4.85, 11.37, 7.09, 13.61]",2,"[4, 8, 11, 15]",64
"[1.24, 7.98, 3.48, 10.22]",2,"[0, 4, 7, 11]",64
"[6.61, 8.19, 8.85, 10.43]",4,"[6, 8, 9, 11]",16
"[12.73, 11.04, 14.97, 13.28]",3,"[12, 8, 15, 15]",32
"[9.1, 4.32, 11.34, 6.56]",2,"[8, 0, 15, 7]",64
"[3.31, 7.4, 5.55, 9.64]",2,"[0, 4, 7, 11]",64
"[0.28, 7.3, 2.52, 9.54]",3,"[0, 4, 3, 11]",32
"[5.18, 2.42, 7.42, 4.66]",2,"[4, 0, 11, 7]",64
"[10.8, 0.6, 13.04, 2.84]",2,"[8, 0, 15, 7]",64
"[7.16, 1.28, 9.4, 3.52]",2,"[4, 0, 11, 7]",64
"[3.08, 11.74, 5.32, 13.98]",2,"[0, 8, 7, 15]",64
"[9.36, 11.81, 11.6, 14.05]",2,"[8, 8, 15, 15]",64
"[5.77, 12.52, 8.01, 14.76]",2,"[4, 8, 11, 15]",64
"[9.78, 11.36, 12.02, 13.6]",2,"[8, 8, 15, 15]",64
"[5.9, 5.15, 8.14, 7.39]",2,"[4, 4, 11, 11]",64
"[2.23, 12.52, 4.47, 14.76]",4,"[2, 12, 5, 15]",16
"[4.52, 12.58, 6.76, 14.82]",4,"[4, 12, 7, 15]",16
"[2.03, 8.7, 4.27, 10.94]",4,"[2, 8, 5, 11]",16
"[6.02, 2.14, 8.26, 4.38]",4,"[6, 2, 9, 5]",16
"[5.16, 6.08, 7.4, 8.32]",2,"[4, 4, 11, 11]",64
"[11.1, 0.4, 13.34, 2.64]",2,"[8, 0, 15, 7]",64
"[3.46, 4.13, 5.7, 6.37]",2,"[0, 0, 7, 7]",64
"[8.91, 3.99, 11.15, 6.23]",2,"[8, 0, 15, 7]",64
"[6.25, 3.89, 8.49, 6.13]",3,"[6, 0, 9, 7]",32
"[6.27, 9.13, 8.51, 11.37]",3,"[6, 8, 9, 15]",32
"[7.15, 10.73, 9.39, 12.97]",2,"[4, 8, 11, 15]",64
"[9.37, 0.05, 11.61, 2.29]",2,"[8, 0, 15, 7]",64
"[10.74, 12.6, 12.98, 14.84]",4,"[10, 12, 13, 15]",16
"[2.57, 10.72, 4.81, 12.96]",4,"[2, 10, 5, 13]",16
"[0.5, 12.42, 2.74, 14.66]",4,"[0, 12, 3, 15]",16
"[11.35, 11.4, 13.59, 13.64]",2,"[8, 8, 15, 15]",64
"[1.19, 5.74, 3.43, 7.98]",2,"[0, 4, 7, 11]",64
"[1.55, 7.67, 3.79, 9.91]",2,"[0, 4, 7, 11]",64
"[6.38, 8.39, 8.62, 10.63]",4,"[6, 8, 9, 11]",16
"[9.15, 5.11, 11.39, 7.35]",2,"[8, 4, 15, 11]",64
"[7.84, 10.19, 10.08, 12.43]",2,"[4, 8, 11, 15]",64
"[12.17, 9.15, 14.41, 11.39]",3,"[12, 8, 15, 15]",32
"[10.97, 3.51, 13.21, 5.75]",2,"[8, 0, 15, 7]",64
"[2.29, 10.13, 4.53, 12.37]",4,"[2, 10, 5, 13]",16
"[4.76, 8.83, 7.0, 11.07]",3,"[4, 8, 7, 15]",32
"[8.21, 6.9, 10.45, 9.14]",3,"[8, 4, 11, 11]",32
"[8.94, 8.03, 11.18, 10.27]",2,"[8, 8, 15, 15]",64
"[12.27, 1.58, 14.51, 3.82]",3,"[12, 0, 15, 7]",32
"[9.04, 3.92, 11.28, 6.16]",2,"[8, 0, 15, 7]",64
"[2.32, 2.99, 4.56, 5.23]",3,"[2, 0, 5, 7]",32
"[6.57, 10.15, 8.81, 12.39]",4,"[6, 10, 9, 13]",16
"[5.13, 12.19, 7.37, 14.43]",2,"[4, 8, 11, 15]",64
"[4.2, 1.23, 6.44, 3.47]",3,"[4, 0, 7, 7]",32
"[1.4, 0.09, 3.64, 2.33]",2,"[0, 0, 7, 7]",64
"[12.53, 7.47, 14.77, 9.71]",3,"[12, 4, 15, 11]",32
"[11.08, 11.99, 13.32, 14.23]",2,"[8, 8, 15, 15]",64
"[4.01, 9.33, 6.25, 11.57]",3,"[4, 8, 7, 15]",32
"[12.01, 5.14, 14.25, 7.38]",3,"[12, 4, 15, 11]",32
"[12.22, 5.31, 14.46, 7.55]",3,"[12, 4, 15, 11]",32
"[9.57, 7.24, 11.81, 9.48]",2,"[8, 4, 15, 11]",64
"[1.41, 4.77, 3.65, 7.01]",2,"[0, 4, 7, 11]",64
"[5.7, 10.51, 7.94, 12.75]",2,"[4, 8, 11, 15]",64
"[12.51, 7.36, 14.75, 9.6]",3,"[12, 4, 15, 11]",32
"[6.37, 2.54, 8.61, 4.78]",4,"[6, 2, 9, 5]",16
"[6.49, 3.64, 8.73, 5.88]",3,"[6, 0, 9, 7]",32
"[12.23, 7.44, 14.47, 9.68]",3,"[12, 4, 15, 11]",32
"[10.65, 4.12, 12.89, 6.36]",4,"[10, 4, 13, 7]",16
"[2.97, 8.53, 5.21, 10.77]",2,"[0, 8, 7, 15]",64
"[9.36, 6.14, 11.6, 8.38]",2,"[8, 4, 15, 11]",64
"[9.92, 2.07, 12.16, 4.31]",2,"[8, 0, 15, 7]",64
"[12.54, 12.62, 14.78, 14.86]",4,"[12, 12, 15, 15]",16
"[0.01, 8.15, 2.25, 10.39]",4,"[0, 8, 3, 11]",16
"[8.23, 9.74, 10.47, 11.98]",3,"[8, 8, 11, 15]",32
"[12.52, 11.62, 14.76, 13.86]",3,"[12, 8, 15, 15]",32
"[5.42, 9.82, 7.66, 12.06]",2,"[4, 8, 11, 15]",64
"[11.53, 0.82, 13.77, 3.06]",2,"[8, 0, 15, 7]",64
"[4.7, 1.3, 6.94, 3.54]",3,"[4, 0, 7, 7]",32
"[8.25, 3.72, 10.49, 5.96]",3,"[8, 0, 11, 7]",32
"[4.57, 11.92, 6.81, 14.16]",3,"[4, 8, 7, 15]",32
"[2.97, 6.02, 5.21, 8.26]",2,"[0, 4, 7, 11]",64
"[4.7, 8.14, 6.94, 10.38]",4,"[4, 8, 7, 11]",16
"[5.73, 8.59, 7.97, 10.83]",2,"[4, 8, 11, 15]",64
"[2.1, 11.99, 4.34, 14.23]",3,"[2, 8, 5, 15]",32
"[0.85, 11.51, 3.09, 13.75]",2,"[0, 8, 7, 15]",64
"[1.32, 7.35, 3.56, 9.59]",2,"[0, 4, 7, 11]",64
"[1.74, 0.96, 3.98, 3.2]",2,"[0, 0, 7, 7]",64
"[5.16, 7.02, 7.4, 9.26]",2,"[4, 4, 11, 11]",64
"[9.24, 2.78, 11.48, 5.02]",2,"[8, 0, 15, 7]",64
"[2.55, 3.95, 4.79, 6.19]",3,"[2, 0, 5, 7]",32
"[7.24, 4.29, 9.48, 6.53]",2,"[4, 0, 11, 7]",64
"[5.49, 0.85, 7.73, 3.09]",2,"[4, 0, 11, 7]",64
"[12.35, 7.31, 14.59, 9.55]",3,"[12, 4, 15, 11]",32
"[7.29, 11.96, 9.53, 14.2]",2,"[4, 8, 11, 15]",64
"[7.94, 7.04, 10.18, 9.28]",2,"[4, 4, 11, 11]",64
"[9.5, 0.32, 11.74, 2.56]",2,"[8, 0, 15, 7]",64
"[12.03, 4.32, 14.27, 6.56]",4,"[12, 4, 15, 7]",16
"[9.99, 2.68, 12.23, 4.92]",2,"[8, 0, 15, 7]",64
"[9.47, 12.08, 11.71, 14.32]",2,"[8, 8, 15, 15]",64
"[4.07, 11.16, 6.31, 13.4]",3,"[4, 8, 7, 15]",32
"[10.85, 3.38, 13.09, 5.62]",2,"[8, 0, 15, 7]",64
"[10.84, 9.65, 13.08, 11.89]",2,"[8, 8, 15, 15]",64
"[11.47, 11.51, 13.71, 13.75]",2,"[8, 8, 15, 15]",64
"[8.19, 10.11, 10.43, 12.35]",4,"[8, 10, 11, 13]",16
"[0.93, 1.73, 3.17, 3.97]",2,"[0, 0, 7, 7]",64
"[6.25, 7.08, 8.49, 9.32]",3,"[6, 4, 9, 11]",32
"[0.34, 11.72, 2.58, 13.96]",3,"[0, 8, 3, 15]",32
"[6.72, 9.4, 8.96, 11.64]",3,"[6, 8, 9, 15]",32
"[7.42, 11.11, 9.66, 13.35]",2,"[4, 8, 11, 15]",64
"[7.22, 0.26, 9.46, 2.5]",2,"[4, 0, 11, 7]",64
"[3.37, 5.5, 5.61, 7.74]",2,"[0, 4, 7, 11]",64
"[5.87, 3.0, 8.11, 5.24]",2,"[4, 0, 11, 7]",64
"[9.6, 12.06, 11.84, 14.3]",2,"[8, 8, 15, 15]",64
"[2.62, 0.7, 4.86, 2.94]",4,"[2, 0, 5, 3]",16
"[3.38, 8.98, 5.62, 11.22]",2,"[0, 8, 7, 15]",64
"[0.58, 6.15, 2.82, 8.39]",4,"[0, 6, 3, 9]",16
"[10.23, 5.89, 12.47, 8.13]",3,"[10, 4, 13, 11]",32
"[8.08, 10.24, 10.32, 12.48]",4,"[8, 10, 11, 13]",16
"[12.05, 1.58, 14.29, 3.82]",3,"[12, 0, 15, 7]",32
"[4.74, 9.86, 6.98, 12.1]",3,"[4, 8, 7, 15]",32
"[8.99, 8.69, 11.23, 10.93]",2,"[8, 8, 15, 15]",64
"[9.43, 11.03, 11.67, 13.27]",2,"[8, 8, 15, 15]",64
"[4.19, 2.4, 6.43, 4.64]",4,"[4, 2, 7, 5]",16
"[4.06, 6.87, 6.3, 9.11]",3,"[4, 4, 7, 11]",32
"[3.31, 9.53, 5.55, 11.77]",2,"[0, 8, 7, 15]",64
"[2.24, 3.16, 4.48, 5.4]",3,"[2, 0, 5, 7]",32
"[7.09, 6.11, 9.33, 8.35]",2,"[4, 4, 11, 11]",64
"[10.01, 11.92, 12.25, 14.16]",3,"[10, 8, 13, 15]",32
"[2.26, 0.49, 4.5, 2.73]",4,"[2, 0, 5, 3]",16
"[7.92, 11.92, 10.16, 14.16]",2,"[4, 8, 11, 15]",64
"[0.7, 1.17, 2.94, 3.41]",3,"[0, 0, 3, 7]",32
"[4.69, 11.94, 6.93, 14.18]",3,"[4, 8, 7, 15]",32
"[4.82, 5.13, 7.06, 7.37]",2,"[4, 4, 11, 11]",64
"[10.25, 1.61, 12.49, 3.85]",3,"[10, 0, 13, 7]",32
"[3.45, 8.15, 5.69, 10.39]",2,"[0, 8, 7, 15]",64
"[4.8, 9.45, 7.04, 11.69]",2,"[4, 8, 11, 15]",64
"[4.53, 9.94, 6.77, 12.18]",3,"[4, 8, 7, 15]",32
"[6.22, 5.77, 8.46, 8.01]",3,"[6, 4, 9, 11]",32
"[0.49, 11.78, 2.73, 14.02]",3,"[0, 8, 3, 15]",32
"[1.82, 6.12, 4.06, 8.36]",2,"[0, 4, 7, 11]",64
"[3.98, 2.44, 6.22, 4.68]",2,"[0, 0, 7, 7]",64
"[11.35, 1.85, 13.59, 4.09]",2,"[8, 0, 15, 7]",64
"[4.97, 4.55, 7.21, 6.79]",2,"[4, 0, 11, 7]",64
"[11.64, 9.87, 13.88, 12.11]",2,"[8, 8, 15, 15]",64
"[1.69, 0.43, 3.93, 2.67]",2,"[0, 0, 7, 7]",64
"[5.5, 4.58, 7.74, 6.82]",2,"[4, 0, 11, 7]",64
"[7.46, 10.9, 9.7, 13.14]",2,"[4, 8, 11, 15]",64
"[9.47, 2.72, 11.71, 4.96]",2,"[8, 0, 15, 7]",64
"[1.69, 5.15, 3.93, 7.39]",2,"[0, 4, 7, 11]",64
"[4.94, 9.41, 7.18, 11.65]",2,"[4, 8, 11, 15]",64
"[7.76, 0.67, 10.0, 2.91]",2,"[4, 0, 11, 7]",64
"[5.73, 3.21, 7.97, 5.45]",2,"[4, 0, 11, 7]",64
"[4.61, 6.74, 6.85, 8.98]",4,"[4, 6, 7, 9]",16
"[3.39, 11.36, 5.63, 13.6]",2,"[0, 8, 7, 15]",64
"[5.46, 9.09, 7.7, 11.33]",2,"[4, 8, 11, 15]",64
"[2.65, 7.83, 4.89, 10.07]",3,"[2, 4, 5, 11]",32
"[5.69, 9.92, 7.93, 12.16]",2,"[4, 8, 11, 15]",64
"[12.0, 0.38, 14.24, 2.62]",4,"[12, 0, 15, 3]",16
"[8.11, 11.16, 10.35, 13.4]",3,"[8, 8, 11, 15]",32
"[11.28, 1.06, 13.52, 3.3]",2,"[8, 0, 15, 7]",64
"[3.61, 11.09, 5.85, 13.33]",2,"[0, 8, 7, 15]",64
"[11.86, 0.7, 14.1, 2.94]",2,"[8, 0, 15, 7]",64
"[5.67, 7.61, 7.91, 9.85]",2,"[4, 4, 11, 11]",64
"[5.87, 10.07, 8.11, 12.31]",2,"[4, 8, 11, 15]",64
"[11.34, 12.67, 13.58, 14.91]",2,"[8, 8, 15, 15]",64
"[3.13, 5.79, 5.37, 8.03]",2,"[0, 4, 7, 11]",64
"[7.33, 2.42, 9.57, 4.66]",2,"[4, 0, 11, 7]",64
"[7.78, 1.48, 10.02, 3.72]",2,"[4, 0, 11, 7]",64
"[4.6, 1.13, 6.84, 3.37]",3,"[4, 0, 7, 7]",32
"[1.46, 8.98, 3.7, 11.22]",2,"[0, 8, 7, 15]",64
"[9.14, 8.76, 11.38, 11.0]",2,"[8, 8, 15, 15]",64
"[1.99, 2.1, 4.23, 4.34]",2,"[0, 0, 7, 7]",64
"[6.89, 10.97, 9.13, 13.21]",2,"[4, 8, 11, 15]",64
"[8.5, 8.19, 10.74, 10.43]",4,"[8, 8, 11, 11]",16
"[2.53, 3.77, 4.77, 6.01]",3,"[2, 0, 5, 7]",32
"[4.54, 11.03, 6.78, 13.27]",3,"[4, 8, 7, 15]",32
"[10.86, 2.61, 13.1, 4.85]",2,"[8, 0, 15, 7]",64
"[8.62, 5.96, 10.86, 8.2]",3,"[8, 4, 11, 11]",32
"[11.67, 11.46, 13.91, 13.7]",2,"[8, 8, 15, 15]",64
"[4.16, 11.34, 6.4, 13.58]",3,"[4, 8, 7, 15]",32
"[9.77, 0.66, 12.01, 2.9]",2,"[8, 0, 15, 7]",64
"[2.73, 9.49, 4.97, 11.73]",3,"[2, 8, 5, 15]",32
"[3.95, 2.84, 6.19, 5.08]",2,"[0, 0, 7, 7]",64
"[8.75, 11.7, 10.99, 13.94]",3,"[8, 8, 11, 15]",32
"[6.79, 6.81, 9.03, 9.05]",2,"[4, 4, 11, 11]",64
"[12.67, 12.27, 14.91, 14.51]",4,"[12, 12, 15, 15]",16
"[0.3, 4.66, 2.54, 6.9]",4,"[0, 4, 3, 7]",16
"[10.01, 6.79, 12.25, 9.03]",3,"[10, 4, 13, 11]",32
"[2.4, 3.3, 4.64, 5.54]",3,"[2, 0, 5, 7]",32
"[11.27, 7.53, 13.51, 9.77]",2,"[8, 4, 15, 11]",64
"[4.43, 7.77, 6.67, 10.01]",3,"[4, 4, 7, 11]",32
"[0.14, 4.14, 2.38, 6.38]",4,"[0, 4, 3, 7]",16
"[3.1, 7.58, 5.34, 9.82]",2,"[0, 4, 7, 11]",64
"[0.92, 1.53, 3.16, 3.77]",2,"[0, 0, 7, 7]",64
"[10.79, 9.45, 13.03, 11.69]",2,"[8, 8, 15, 15]",64
"[5.44, 4.28, 7.68, 6.52]",2,"[4, 0, 11, 7]",64
"[0.99, 11.91, 3.23, 14.15]",2,"[0, 8, 7, 15]",64
"[8.87, 4.58, 11.11, 6.82]",2,"[8, 0, 15, 7]",64
"[8.01, 1.24, 10.25, 3.48]",3,"[8, 0, 11, 7]",32
"[11.34, 0.99, 13.58, 3.23]",2,"[8, 0, 15, 7]",64
"[8.15, 11.36, 10.39, 13.6]",3,"[8, 8, 11, 15]",32
"[5.4, 0.02, 7.64, 2.26]",2,"[4, 0, 11, 7]",64
"[0.38, 12.55, 2.62, 14.79]",4,"[0, 12, 3, 15]",16
"[11.36, 7.59, 13.6, 9.83]",2,"[8, 4, 15, 11]",64
"[8.59, 12.23, 10.83, 14.47]",4,"[8, 12, 11, 15]",16
"[12.45, 7.17, 14.69, 9.41]",3,"[12, 4, 15, 11]",32
"[2.88, 7.11, 5.12, 9.35]",2,"[0, 4, 7, 11]",64
"[8.36, 2.74, 10.6, 4.98]",4,"[8, 2, 11, 5]",16
"[8.76, 12.25, 11.0, 14.49]",4,"[8, 12, 11, 15]",16
"[11.3, 2.28, 13.54, 4.52]",2,"[8, 0, 15, 7]",64
"[3.27, 7.36, 5.51, 9.6]",2,"[0, 4, 7, 11]",64
"[12.37, 11.89, 14.61, 14.13]",3,"[12, 8, 15, 15]",32
"[2.9, 6.59, 5.14, 8.83]",2,"[0, 4, 7, 11]",64
"[5.17, 8.91, 7.41, 11.15]",2,"[4, 8, 11, 15]",64
"[8.73, 7.21, 10.97, 9.45]",3,"[8, 4, 11, 11]",32
"[9.79, 7.89, 12.03, 10.13]",2,"[8, 4, 15, 11]",64
"[0.72, 9.46, 2.96, 11.7]",3,"[0, 8, 3, 15]",32
"[0.3, 0.18, 2.54, 2.42]",4,"[0, 0, 3, 3]",16
"[7.16, 9.18, 9.4, 11.42]",2,"[4, 8, 11, 15]",64
"[4.88, 4.4, 7.12, 6.64]",2,"[4, 0, 11, 7]",64
"[5.62, 10.81, 7.86, 13.05]",2,"[4, 8, 11, 15]",64
"[7.33, 6.67, 9.57, 8.91]",2,"[4, 4, 11, 11]",64
"[9.29, 1.3, 11.53, 3.54]",2,"[8, 0, 15, 7]",64
"[0.83, 2.46, 3.07, 4.7]",2,"[0, 0, 7, 7]",64
"[10.8, 12.08, 13.04, 14.32]",2,"[8, 8, 15, 15]",64
"[1.84, 1.48, 4.08, 3.72]",2,"[0, 0, 7, 7]",64
"[1.47, 1.44, 3.71, 3.68]",2,"[0, 0, 7, 7]",64
"[3.61, 7.64, 5.85, 9.88]",2,"[0, 4, 7, 11]",64
"[3.62, 7.09, 5.86, 9.33]",2,"[0, 4, 7, 11]",64
"[8.82, 9.15, 11.06, 11.39]",2,"[8, 8, 15, 15]",64
"[2.11, 5.25, 4.35, 7.49]",3,"[2, 4, 5, 11]",32
"[2.38, 5.8, 4.62, 8.04]",3,"[2, 4, 5, 11]",32
"[9.43, 7.41, 11.67, 9.65]",2,"[8, 4, 15, 11]",64
"[6.76, 10.46, 9.0, 12.7]",4,"[6, 10, 9, 13]",16
"[3.65, 7.31, 5.89, 9.55]",2,"[0, 4, 7, 11]",64
"[5.53, 11.89, 7.77, 14.13]",2,"[4, 8, 11, 15]",64
"[1.27, 0.39, 3.51, 2.63]",2,"[0, 0, 7, 7]",64
"[8.94, 8.77, 11.18, 11.01]",2,"[8, 8, 15, 15]",64
"[1.85, 12.27, 4.09, 14.51]",2,"[0, 8, 7, 15]",64
"[12.15, 11.74, 14.39, 13.98]",3,"[12, 8, 15, 15]",32
"[4.9, 10.13, 7.14, 12.37]",2,"[4, 8, 11, 15]",64
"[8.99, 6.02, 11.23, 8.26]",2,"[8, 4, 15, 11]",64
"[0.79, 6.63, 3.03, 8.87]",2,"[0, 4, 7, 11]",64
"[2.61, 10.65, 4.85, 12.89]",4,"[2, 10, 5, 13]",16
"[8.99, 11.1, 11.23, 13.34]",2,"[8, 8, 15, 15]",64
"[2.5, 7.61, 4.74, 9.85]",3,"[2, 4, 5, 11]",32
"[8.49, 4.55, 10.73, 6.79]",4,"[8, 4, 11, 7]",16
"[1.92, 1.31, 4.16, 3.55]",2,"[0, 0, 7, 7]",64
"[1.71, 12.02, 3.95, 14.26]",2,"[0, 8, 7, 15]",64
"[12.47, 6.55, 14.71, 8.79]",4,"[12, 6, 15, 9]",16
"[11.99, 0.47, 14.23, 2.71]",2,"[8, 0, 15, 7]",64
"[8.87, 2.69, 11.11, 4.93]",2,"[8, 0, 15, 7]",64
"[10.95, 1.8, 13.19, 4.04]",2,"[8, 0, 15, 7]",64
"[4.47, 1.3, 6.71, 3.54]",3,"[4, 0, 7, 7]",32
"[1.33, 0.7, 3.57, 2.94]",2,"[0, 0, 7, 7]",64
"[4.82, 1.0, 7.06, 3.24]",2,"[4, 0, 11, 7]",64
"[6.94, 10.17, 9.18, 12.41]",2,"[4, 8, 11, 15]",64
"[8.63, 10.11, 10.87, 12.35]",4,"[8, 10, 11, 13]",16
"[3.84, 4.43, 6.08, 6.67]",2,"[0, 0, 7, 7]",64
"[9.95, 10.6, 12.19, 12.84]",2,"[8, 8, 15, 15]",64
"[6.91, 11.13, 9.15, 13.37]",2,"[4, 8, 11, 15]",64
"[7.4, 2.0, 9.64, 4.24]",2,"[4, 0, 11, 7]",64
"[11.75, 2.57, 13.99, 4.81]",2,"[8, 0, 15, 7]",64
"[6.12, 4.67, 8.36, 6.91]",4,"[6, 4, 9, 7]",16
"[10.25, 0.18, 12.49, 2.42]",4,"[10, 0, 13, 3]",16
"[10.57, 9.56, 12.81, 11.8]",3,"[10, 8, 13, 15]",32
"[0.58, 7.87, 2.82, 10.11]",3,"[0, 4, 3, 11]",32
"[1.28, 12.6, 3.52, 14.84]",2,"[0, 8, 7, 15]",64
"[1.41, 4.88, 3.65, 7.12]",2,"[0, 4, 7, 11]",64
"[5.9, 0.99, 8.14, 3.23]",2,"[4, 0, 11, 7]",64
"[10.75, 0.52, 12.99, 2.76]",4,"[10, 0, 13, 3]",16
"[2.22, 9.76, 4.46, 12.0]",3,"[2, 8, 5, 15]",32
"[0.17, 7.63, 2.41, 9.87]",3,"[0, 4, 3, 11]",32
"[9.23, 2.87, 11.47, 5.11]",2,"[8, 0, 15, 7]",64
"[3.07, 3.9, 5.31, 6.14]",2,"[0, 0, 7, 7]",64
"[7.02, 12.5, 9.26, 14.74]",2,"[4, 8, 11, 15]",64
"[5.11, 4.69, 7.35, 6.93]",2,"[4, 0, 11, 7]",64
"[11.45, 9.29, 13.69, 11.53]",2,"[8, 8, 15, 15]",64
"[10.69, 3.0, 12.93, 5.24]",3,"[10, 0, 13, 7]",32
"[6.94, 12.72, 9.18, 14.96]",2,"[4, 8, 11, 15]",64
"[8.62, 1.88, 10.86, 4.12]",3,"[8, 0, 11, 7]",32
"[12.29, 5.17, 14.53, 7.41]",3,"[12, 4, 15, 11]",32
"[0.13, 4.05, 2.37, 6.29]",4,"[0, 4, 3, 7]",16
"[4.26, 10.79, 6.5, 13.03]",3,"[4, 8, 7, 15]",32
"[6.91, 6.49, 9.15, 8.73]",2,"[4, 4, 11, 11]",64
"[12.43, 5.98, 14.67, 8.22]",3,"[12, 4, 15, 11]",32
"[11.08, 1.93, 13.32, 4.17]",2,"[8, 0, 15, 7]",64
"[9.01, 4.15, 11.25, 6.39]",2,"[8, 0, 15, 7]",64
"[7.79, 4.52, 10.03, 6.76]",2,"[4, 0, 11, 7]",64
"[4.4, 8.03, 6.64, 10.27]",4,"[4, 8, 7, 11]",16
"[5.46, 11.96, 7.7, 14.2]",2,"[4, 8, 11, 15]",64
"[0.88, 4.22, 3.12, 6.46]",2,"[0, 0, 7, 7]",64
"[9.74, 6.57, 11.98, 8.81]",2,"[8, 4, 15, 11]",64
"[6.95, 0.15, 9.19, 2.39]",2,"[4, 0, 11, 7]",64
"[4.64, 5.91, 6.88, 8.15]",3,"[4, 4, 7, 11]",32
"[4.12, 9.53, 6.36, 11.77]",3,"[4, 8, 7, 15]",32
"[2.47, 9.25, 4.71, 11.49]",3,"[2, 8, 5, 15]",32
"[10.92, 11.22, 13.16, 13.46]",2,"[8, 8, 15, 15]",64
"[8.26, 4.9, 10.5, 7.14]",3,"[8, 4, 11, 11]",32
"[1.56, 4.4, 3.8, 6.64]",2,"[0, 0, 7, 7]",64
"[5.11, 8.99, 7.35, 11.23]",2,"[4, 8, 11, 15]",64
"[1.53, 7.57, 3.77, 9.81]",2,"[0, 4, 7, 11]",64
"[11.67, 10.59, 13.91, 12.83]",2,"[8, 8, 15, 15]",64
"[9.08, 2.44, 11.32, 4.68]",2,"[8, 0, 15, 7]",64
"[12.42, 1.82, 14.66, 4.06]",3,"[12, 0, 15, 7]",32
"[11.63, 10.0, 13.87, 12.24]",2,"[8, 8, 15, 15]",64
"[10.03, 8.74, 12.27, 10.98]",4,"[10, 8, 13, 11]",16
"[6.82, 0.68, 9.06, 2.92]",2,"[4, 0, 11, 7]",64
"[4.04, 3.54, 6.28, 5.78]",3,"[4, 0, 7, 7]",32
"[1.45, 2.97, 3.69, 5.21]",2,"[0, 0, 7, 7]",64
"[7.76, 10.42, 10.0, 12.66]",2,"[4, 8, 11, 15]",64
"[1.66, 6.2, 3.9, 8.44]",2,"[0, 4, 7, 11]",64
"[9.34, 7.49, 11.58, 9.73]",2,"[8, 4, 15, 11]",64
"[6.18, 9.94, 8.42, 12.18]",3,"[6, 8, 9, 15]",32
"[11.52, 1.66, 13.76, 3.9]",2,"[8, 0, 15, 7]",64
"[9.22, 0.97, 11.46, 3.21]",2,"[8, 0, 15, 7]",64
"[10.89, 10.35, 13.13, 12.59]",2,"[8, 8, 15, 15]",64
"[3.16, 12.14, 5.4, 14.38]",2,"[0, 8, 7, 15]",64
"[9.08, 7.5, 11.32, 9.74]",2,"[8, 4, 15, 11]",64
"[7.94, 8.4, 10.18, 10.64]",2,"[4, 8, 11, 15]",64
"[12.48, 10.73, 14.72, 12.97]",4,"[12, 10, 15, 13]",16
"[7.72, 10.65, 9.96, 12.89]",2,"[4, 8, 11, 15]",64
"[2.01, 0.68, 4.25, 2.92]",4,"[2, 0, 5, 3]",16
"[1.77, 11.34, 4.01, 13.58]",2,"[0, 8, 7, 15]",64
"[8.25, 10.55, 10.49, 12.79]",4,"[8, 10, 11, 13]",16
"[3.67, 6.53, 5.91, 8.77]",2,"[0, 4, 7, 11]",64
"[5.73, 11.04, 7.97, 13.28]",2,"[4, 8, 11, 15]",64
"[4.42, 8.38, 6.66, 10.62]",4,"[4, 8, 7, 11]",16
"[4.55, 8.61, 6.79, 10.85]",4,"[4, 8, 7, 11]",16
"[0.91, 5.88, 3.15, 8.12]",2,"[0, 4, 7, 11]",64
"[6.2, 1.81, 8.44, 4.05]",3,"[6, 0, 9, 7]",32
"[9.12, 11.89, 11.36, 14.13]",2,"[8, 8, 15, 15]",64
"[12.27, 6.21, 14.51, 8.45]",4,"[12, 6, 15, 9]",16
"[5.35, 6.58, 7.59, 8.82]",2,"[4, 4, 11, 11]",64
"[3.18, 5.45, 5.42, 7.69]",2,"[0, 4, 7, 11]",64
"[8.82, 8.18, 11.06, 10.42]",2,"[8, 8, 15, 15]",64
"[12.6, 8.16, 14.84, 10.4]",4,"[12, 8, 15, 11]",16
"[8.37, 7.12, 10.61, 9.36]",3,"[8, 4, 11, 11]",32
"[8.1, 6.91, 10.34, 9.15]",3,"[8, 4, 11, 11]",32
"[10.73, 8.35, 12.97, 10.59]",4,"[10, 8, 13, 11]",16
"[8.27, 5.34, 10.51, 7.58]",3,"[8, 4, 11, 11]",32
"[1.96, 9.6, 4.2, 11.84]",2,"[0, 8, 7, 15]",64
"[1.5, 0.45, 3.74, 2.69]",2,"[0, 0, 7, 7]",64
"[10.79, 11.05, 13.03, 13.29]",2,"[8, 8, 15, 15]",64
"[10.09, 9.72, 12.33, 11.96]",3,"[10, 8, 13, 15]",32
"[10.64, 12.41, 12.88, 14.65]",4,"[10, 12, 13, 15]",16
"[2.84, 6.93, 5.08, 9.17]",2,"[0, 4, 7, 11]",64
"[9.68, 1.95, 11.92, 4.19]",2,"[8, 0, 15, 7]",64
"[9.86, 0.45, 12.1, 2.69]",2,"[8, 0, 15, 7]",64
"[11.29, 11.13, 13.53, 13.37]",2,"[8, 8, 15, 15]",64
"[6.9, 5.57, 9.14, 7.81]",2,"[4, 4, 11, 11]",64
"[1.07, 12.76, 3.31, 15.0]",2,"[0, 8, 7, 15]",64
"[2.08, 2.04, 4.32, 4.28]",4,"[2, 2, 5, 5]",16
"[0.77, 9.12, 3.01, 11.36]",2,"[0, 8, 7, 15]",64
"[0.05, 5.98, 2.29, 8.22]",3,"[0, 4, 3, 11]",32
"[10.67, 10.58, 12.91, 12.82]",4,"[10, 10, 13, 13]",16
"[7.36, 11.45, 9.6, 13.69]",2,"[4, 8, 11, 15]",64
"[2.13, 2.57, 4.37, 4.81]",4,"[2, 2, 5, 5]",16
"[5.62, 8.32, 7.86, 10.56]",2,"[4, 8, 11, 15]",64
"[2.86, 2.6, 5.1, 4.84]",2,"[0, 0, 7, 7]",64
"[2.31, 3.9, 4.55, 6.14]",3,"[2, 0, 5, 7]",32
"[3.21, 9.45, 5.45, 11.69]",2,"[0, 8, 7, 15]",64
"[9.8, 7.31, 12.04, 9.55]",2,"[8, 4, 15, 11]",64
"[7.54, 3.87, 9.78, 6.11]",2,"[4, 0, 11, 7]",64
"[1.03, 3.2, 3.27, 5.44]",2,"[0, 0, 7, 7]",64
"[5.41, 10.05, 7.65, 12.29]",2,"[4, 8, 11, 15]",64
"[1.29, 1.8, 3.53, 4.04]",2,"[0, 0, 7, 7]",64
"[8.18, 4.96, 10.42, 7.2]",3,"[8, 4, 11, 11]",32
"[7.75, 5.46, 9.99, 7.7]",2,"[4, 4, 11, 11]",64
"[11.92, 11.44, 14.16, 13.68]",2,"[8, 8, 15, 15]",64
"[5.61, 7.34, 7.85, 9.58]",2,"[4, 4, 11, 11]",64
"[0.1, 5.47, 2.34, 7.71]",3,"[0, 4, 3, 11]",32
"[6.06, 9.09, 8.3, 11.33]",3,"[6, 8, 9, 15]",32
"[11.23, 3.57, 13.47, 5.81]",2,"[8, 0, 15, 7]",64
"[9.89, 0.12, 12.13, 2.36]",2,"[8, 0, 15, 7]",64
"[8.19, 5.54, 10.43, 7.78]",3,"[8, 4, 11, 11]",32
"[3.71, 7.03, 5.95, 9.27]",2,"[0, 4, 7, 11]",64
"[3.48, 2.86, 5.72, 5.1]",2,"[0, 0, 7, 7]",64
"[1.51, 8.03, 3.75, 10.27]",2,"[0, 8, 7, 15]",64
"[4.47, 6.35, 6.71, 8.59]",4,"[4, 6, 7, 9]",16
"[4.17, 7.27, 6.41, 9.51]",3,"[4, 4, 7, 11]",32
"[8.46, 2.65, 10.7, 4.89]",4,"[8, 2, 11, 5]",16
"[10.08, 9.86, 12.32, 12.1]",3,"[10, 8, 13, 15]",32
"[4.97, 3.55, 7.21, 5.79]",2,"[4, 0, 11, 7]",64
"[1.0, 3.08, 3.24, 5.32]",2,"[0, 0, 7, 7]",64
"[11.71, 6.11, 13.95, 8.35]",2,"[8, 4, 15, 11]",64
"[0.28, 2.15, 2.52, 4.39]",4,"[0, 2, 3, 5]",16
"[1.46, 7.33, 3.7, 9.57]",2,"[0, 4, 7, 11]",64
"[1.55, 5.19, 3.79, 7.43]",2,"[0, 4, 7, 11]",64
"[5.22, 10.58, 7.46, 12.82]",2,"[4, 8, 11, 15]",64
"[4.07, 7.03, 6.31, 9.27]",3,"[4, 4, 7, 11]",32
"[8.55, 5.82, 10.79, 8.06]",3,"[8, 4, 11, 11]",32
"[8.06, 4.87, 10.3, 7.11]",3,"[8, 4, 11, 11]",32
"[3.26, 4.08, 5.5, 6.32]",2,"[0, 0, 7, 7]",64
"[2.54, 10.13, 4.78, 12.37]",4,"[2, 10, 5, 13]",16
"[5.16, 5.0, 7.4, 7.24]",2,"[4, 4, 11, 11]",64
"[6.73, 4.12, 8.97, 6.36]",4,"[6, 4, 9, 7]",16
"[0.08, 1.27, 2.32, 3.51]",3,"[0, 0, 3, 7]",32
"[9.81, 5.73, 12.05, 7.97]",2,"[8, 4, 15, 11]",64
"[6.42, 10.18, 8.66, 12.42]",4,"[6, 10, 9, 13]",16
"[9.37, 5.54, 11.61, 7.78]",2,"[8, 4, 15, 11]",64
"[10.75, 10.86, 12.99, 13.1]",3,"[10, 8, 13, 15]",32
"[3.64, 6.0, 5.88, 8.24]",2,"[0, 4, 7, 11]",64
"[9.74, 8.1, 11.98, 10.34]",2,"[8, 8, 15, 15]",64
"[0.18, 4.47, 2.42, 6.71]",4,"[0, 4, 3, 7]",16
"[4.81, 3.67, 7.05, 5.91]",2,"[4, 0, 11, 7]",64
"[0.04, 6.05, 2.28, 8.29]",4,"[0, 6, 3, 9]",16
"[6.61, 2.56, 8.85, 4.8]",4,"[6, 2, 9, 5]",16
"[1.07, 6.56, 3.31, 8.8]",2,"[0, 4, 7, 11]",64
"[9.52, 11.97, 11.76, 14.21]",2,"[8, 8, 15, 15]",64
"[3.45, 4.18, 5.69, 6.42]",2,"[0, 0, 7, 7]",64
"[3.72, 1.71, 5.96, 3.95]",2,"[0, 0, 7, 7]",64
"[9.06, 8.49, 11.3, 10.73]",2,"[8, 8, 15, 15]",64
"[7.45, 7.94, 9.69, 10.18]",2,"[4, 4, 11, 11]",64
"[4.46, 0.39, 6.7, 2.63]",4,"[4, 0, 7, 3]",16
"[5.17, 7.91, 7.41, 10.15]",2,"[4, 4, 11, 11]",64
"[0.96, 9.1, 3.2, 11.34]",2,"[0, 8, 7, 15]",64
"[11.82, 1.66, 14.06, 3.9]",2,"[8, 0, 15, 7]",64
"[2.31, 12.23, 4.55, 14.47]",4,"[2, 12, 5, 15]",16
"[8.11, 12.27, 10.35, 14.51]",4,"[8, 12, 11, 15]",16
"[0.41, 2.73, 2.65, 4.97]",4,"[0, 2, 3, 5]",16
"[10.35, 10.78, 12.59, 13.02]",3,"[10, 8, 13, 15]",32
"[5.8, 2.83, 8.04, 5.07]",2,"[4, 0, 11, 7]",64
"[1.44, 0.23, 3.68, 2.47]",2,"[0, 0, 7, 7]",64
"[6.64, 8.82, 8.88, 11.06]",3,"[6, 8, 9, 15]",32
"[4.2, 5.77, 6.44, 8.01]",3,"[4, 4, 7, 11]",32
"[7.12, 3.26, 9.36, 5.5]",2,"[4, 0, 11, 7]",64
"[2.88, 5.95, 5.12, 8.19]",2,"[0, 4, 7, 11]",64
"[6.22, 2.13, 8.46, 4.37]",4,"[6, 2, 9, 5]",16
"[7.32, 9.76, 9.56, 12.0]",2,"[4, 8, 11, 15]",64
"[12.09, 9.62, 14.33, 11.86]",3,"[12, 8, 15, 15]",32
"[3.13, 8.59, 5.37, 10.83]",2,"[0, 8, 7, 15]",64
"[9.97, 4.44, 12.21, 6.68]",2,"[8, 0, 15, 7]",64
"[9.68, 1.86, 11.92, 4.1]",2,"[8, 0, 15, 7]",64
"[1.91, 5.99, 4.15, 8.23]",2,"[0, 4, 7, 11]",64
"[9.34, 3.82, 11.58, 6.06]",2,"[8, 0, 15, 7]",64
"[6.28, 5.33, 8.52, 7.57]",3,"[6, 4, 9, 11]",32
"[3.92, 3.04, 6.16, 5.28]",2,"[0, 0, 7, 7]",64
"[3.56, 7.5, 5.8, 9.74]",2,"[0, 4, 7, 11]",64
"[2.84, 11.54, 5.08, 13.78]",2,"[0, 8, 7, 15]",64
"[9.28, 5.1, 11.52, 7.34]",2,"[8, 4, 15, 11]",64
"[7.55, 0.69, 9.79, 2.93]",2,"[4, 0, 11, 7]",64
"[0.18, 10.24, 2.42, 12.48]",4,"[0, 10, 3, 13]",16
"[3.61, 7.1, 5.85, 9.34]",2,"[0, 4, 7, 11]",64
"[0.62, 12.33, 2.86, 14.57]",4,"[0, 12, 3, 15]",16
"[4.97, 12.06, 7.21, 14.3]",2,"[4, 8, 11, 15]",64
"[9.29, 7.33, 11.53, 9.57]",2,"[8, 4, 15, 11]",64
"[8.98, 3.17, 11.22, 5.41]",2,"[8, 0, 15, 7]",64
"[10.27, 3.67, 12.51, 5.91]",3,"[10, 0, 13, 7]",32
"[11.72, 3.99, 13.96, 6.23]",2,"[8, 0, 15, 7]",64
"[7.62, 11.36, 9.86, 13.6]",2,"[4, 8, 11, 15]",64
"[10.64, 2.15, 12.88, 4.39]",4,"[10, 2, 13, 5]",16
"[8.12, 1.14, 10.36, 3.38]",3,"[8, 0, 11, 7]",32
"[7.13, 12.37, 9.37, 14.61]",2,"[4, 8, 11, 15]",64
"[11.49, 12.21, 13.73, 14.45]",2,"[8, 8, 15, 15]",64
"[2.52, 9.04, 4.76, 11.28]",3,"[2, 8, 5, 15]",32
"[8.92, 2.52, 11.16, 4.76]",2,"[8, 0, 15, 7]",64
"[6.74, 1.64, 8.98, 3.88]",3,"[6, 0, 9, 7]",32
"[1.5, 11.87, 3.74, 14.11]",2,"[0, 8, 7, 15]",64
"[1.4, 6.48, 3.64, 8.72]",2,"[0, 4, 7, 11]",64
"[5.31, 7.47, 7.55, 9.71]",2,"[4, 4, 11, 11]",64
"[10.9, 1.45, 13.14, 3.69]",2,"[8, 0, 15, 7]",64
"[7.39, 6.61, 9.63, 8.85]",2,"[4, 4, 11, 11]",64
"[2.96, 1.36, 5.2, 3.6]",2,"[0, 0, 7, 7]",64
"[6.34, 0.89, 8.58, 3.13]",3,"[6, 0, 9, 7]",32
"[5.61, 4.48, 7.85, 6.72]",2,"[4, 0, 11, 7]",64
"[6.69, 1.16, 8.93, 3.4]",3,"[6, 0, 9, 7]",32
"[6.26, 1.04, 8.5, 3.28]",3,"[6, 0, 9, 7]",32
"[1.92, 11.56, 4.16, 13.8]",2,"[0, 8, 7, 15]",64
"[4.85, 11.47, 7.09, 13.71]",2,"[4, 8, 11, 15]",64
"[3.37, 11.01, 5.61, 13.25]",2,"[0, 8, 7, 15]",64
"[0.55, 7.16, 2.79, 9.4]",3,"[0, 4, 3, 11]",32
"[2.77, 1.37, 5.01, 3.61]",2,"[0, 0, 7, 7]",64
"[4.9, 6.04, 7.14, 8.28]",2,"[4, 4, 11, 11]",64
"[12.21, 3.07, 14.45, 5.31]",3,"[12, 0, 15, 7]",32
"[8.56, 9.34, 10.8, 11.58]",3,"[8, 8, 11, 15]",32
"[2.73, 5.7, 4.97, 7.94]",3,"[2, 4, 5, 11]",32
"[1.4, 10.5, 3.64, 12.74]",2,"[0, 8, 7, 15]",64
"[7.63, 7.65, 9.87, 9.89]",2,"[4, 4, 11, 11]",64
"[6.03, 6.08, 8.27, 8.32]",4,"[6, 6, 9, 9]",16
"[8.44, 5.16, 10.68, 7.4]",3,"[8, 4, 11, 11]",32
"[1.42, 12.45, 3.66, 14.69]",2,"[0, 8, 7, 15]",64
"[5.61, 12.32, 7.85, 14.56]",2,"[4, 8, 11, 15]",64
"[10.65, 8.64, 12.89, 10.88]",4,"[10, 8, 13, 11]",16
"[10.24, 2.92, 12.48, 5.16]",3,"[10, 0, 13, 7]",32
"[7.0, 6.6, 9.24, 8.84]",2,"[4, 4, 11, 11]",64
"[12.48, 10.4, 14.72, 12.64]",4,"[12, 10, 15, 13]",16
"[4.21, 6.04, 6.45, 8.28]",4,"[4, 6, 7, 9]",16
"[8.97, 6.54, 11.21, 8.78]",2,"[8, 4, 15, 11]",64
"[8.93, 5.97, 11.17, 8.21]",2,"[8, 4, 15, 11]",64
"[0.65, 2.05, 2.89, 4.29]",4,"[0, 2, 3, 5]",16
"[6.23, 5.1, 8.47, 7.34]",3,"[6, 4, 9, 11]",32
"[5.97, 1.45, 8.21, 3.69]",2,"[4, 0, 11, 7]",64
"[3.62, 0.77, 5.86, 3.01]",2,"[0, 0, 7, 7]",64
"[0.27, 6.47, 2.51, 8.71]",4,"[0, 6, 3, 9]",16
"[6.35, 9.55, 8.59, 11.79]",3,"[6, 8, 9, 15]",32
"[9.88, 3.5, 12.12, 5.74]",2,"[8, 0, 15, 7]",64
"[1.33, 6.45, 3.57, 8.69]",2,"[0, 4, 7, 11]",64
"[2.84, 4.32, 5.08, 6.56]",2,"[0, 0, 7, 7]",64
"[0.23, 8.87, 2.47, 11.11]",3,"[0, 8, 3, 15]",32
"[3.6, 9.37, 5.84, 11.61]",2,"[0, 8, 7, 15]",64
"[10.74, 5.53, 12.98, 7.77]",3,"[10, 4, 13, 11]",32
"[0.11, 5.81, 2.35, 8.05]",3,"[0, 4, 3, 11]",32
"[5.32, 12.73, 7.56, 14.97]",2,"[4, 8, 11, 15]",64
"[2.83, 0.57, 5.07, 2.81]",2,"[0, 0, 7, 7]",64
"[9.89, 6.19, 12.13, 8.43]",2,"[8, 4, 15, 11]",64
"[8.8, 1.27, 11.04, 3.51]",2,"[8, 0, 15, 7]",64
"[9.03, 9.84, 11.27, 12.08]",2,"[8, 8, 15, 15]",64
"[10.34, 4.21, 12.58, 6.45]",4,"[10, 4, 13, 7]",16
"[1.3, 5.68, 3.54, 7.92]",2,"[0, 4, 7, 11]",64
"[10.61, 5.85, 12.85, 8.09]",3,"[10, 4, 13, 11]",32
"[5.61, 11.26, 7.85, 13.5]",2,"[4, 8, 11, 15]",64
"[3.22, 5.07, 5.46, 7.31]",2,"[0, 4, 7, 11]",64
"[7.28, 1.78, 9.52, 4.02]",2,"[4, 0, 11, 7]",64
"[4.63, 6.98, 6.87, 9.22]",3,"[4, 4, 7, 11]",32
"[4.35, 11.74, 6.59, 13.98]",3,"[4, 8, 7, 15]",32
"[10.68, 6.69, 12.92, 8.93]",4,"[10, 6, 13, 9]",16
"[2.97, 1.7, 5.21, 3.94]",2,"[0, 0, 7, 7]",64
"[11.29, 6.19, 13.53, 8.43]",2,"[8, 4, 15, 11]",64
"[11.09, 3.13, 13.33, 5.37]",2,"[8, 0, 15, 7]",64
"[4.18, 4.17, 6.42, 6.41]",4,"[4, 4, 7, 7]",16
"[1.86, 1.08, 4.1, 3.32]",2,"[0, 0, 7, 7]",64
"[5.14, 7.75, 7.38, 9.99]",2,"[4, 4, 11, 11]",64
"[11.88, 2.86, 14.12, 5.1]",2,"[8, 0, 15, 7]",64
"[7.28, 2.22, 9.52, 4.46]",2,"[4, 0, 11, 7]",64
"[1.42, 5.25, 3.66, 7.49]",2,"[0, 4, 7, 11]",64
"[4.08, 12.24, 6.32, 14.48]",4,"[4, 12, 7, 15]",16
"[11.69, 3.8, 13.93, 6.04]",2,"[8, 0, 15, 7]",64
"[2.61, 2.91, 4.85, 5.15]",3,"[2, 0, 5, 7]",32
"[9.4, 8.77, 11.64, 11.01]",2,"[8, 8, 15, 15]",64
"[4.54, 2.48, 6.78, 4.72]",4,"[4, 2, 7, 5]",16
"[4.55, 1.87, 6.79, 4.11]",3,"[4, 0, 7, 7]",32
"[8.42, 7.72, 10.66, 9.96]",3,"[8, 4, 11, 11]",32
"[10.95, 1.08, 13.19, 3.32]",2,"[8, 0, 15, 7]",64
"[6.89, 4.69, 9.13, 6.93]",2,"[4, 0, 11, 7]",64
"[3.54, 3.19, 5.78, 5.43]",2,"[0, 0, 7, 7]",64
"[12.06, 4.55, 14.3, 6.79]",4,"[12, 4, 15, 7]",16
"[10.94, 9.07, 13.18, 11.31]",2,"[8, 8, 15, 15]",64
"[3.02, 10.96, 5.26, 13.2]",2,"[0, 8, 7, 15]",64
"[8.09, 7.02, 10.33, 9.26]",3,"[8, 4, 11, 11]",32
"[6.77, 8.88, 9.01, 11.12]",2,"[4, 8, 11, 15]",64
"[5.55, 6.57, 7.79, 8.81]",2,"[4, 4, 11, 11]",64
"[10.59, 4.84, 12.83, 7.08]",3,"[10, 4, 13, 11]",32
"[3.91, 3.6, 6.15, 5.84]",2,"[0, 0, 7, 7]",64
"[0.08, 0.56, 2.32, 2.8]",4,"[0, 0, 3, 3]",16
"[5.33, 9.37, 7.57, 11.61]",2,"[4, 8, 11, 15]",64
"[12.01, 2.13, 14.25, 4.37]",4,"[12, 2, 15, 5]",16
"[7.62, 7.88, 9.86, 10.12]",2,"[4, 4, 11, 11]",64
"[4.36, 0.22, 6.6, 2.46]",4,"[4, 0, 7, 3]",16
"[2.89, 8.38, 5.13, 10.62]",2,"[0, 8, 7, 15]",64
"[11.93, 7.1, 14.17, 9.34]",2,"[8, 4, 15, 11]",64
"[7.93, 6.48, 10.17, 8.72]",2,"[4, 4, 11, 11]",64
"[0.83, 0.51, 3.07, 2.75]",2,"[0, 0, 7, 7]",64
"[8.55, 12.57, 10.79, 14.81]",4,"[8, 12, 11, 15]",16
"[8.02, 11.4, 10.26, 13.64]",3,"[8, 8, 11, 15]",32
"[6.75, 6.12, 8.99, 8.36]",4,"[6, 6, 9, 9]",16
"[1.49, 7.04, 3.73, 9.28]",2,"[0, 4, 7, 11]",64
"[5.02, 6.65, 7.26, 8.89]",2,"[4, 4, 11, 11]",64
"[4.56, 6.26, 6.8, 8.5]",4,"[4, 6, 7, 9]",16
"[6.81, 9.19, 9.05, 11.43]",2,"[4, 8, 11, 15]",64
"[9.04, 3.04, 11.28, 5.28]",2,"[8, 0, 15, 7]",64
"[10.29, 0.38, 12.53, 2.62]",4,"[10, 0, 13, 3]",16
"[8.75, 4.13, 10.99, 6.37]",4,"[8, 4, 11, 7]",16
"[0.09, 2.92, 2.33, 5.16]",3,"[0, 0, 3, 7]",32
"[0.11, 5.36, 2.35, 7.6]",3,"[0, 4, 3, 11]",32
"[12.02, 8.45, 14.26, 10.69]",4,"[12, 8, 15, 11]",16
"[8.84, 1.25, 11.08, 3.49]",2,"[8, 0, 15, 7]",64
"[10.16, 10.69, 12.4, 12.93]",4,"[10, 10, 13, 13]",16
"[10.09, 8.06, 12.33, 10.3]",4,"[10, 8, 13, 11]",16
"[0.17, 10.88, 2.41, 13.12]",3,"[0, 8, 3, 15]",32
"[5.35, 8.34, 7.59, 10.58]",2,"[4, 8, 11, 15]",64
"[1.1, 1.06, 3.34, 3.3]",2,"[0, 0, 7, 7]",64
"[0.86, 4.36, 3.1, 6.6]",2,"[0, 0, 7, 7]",64
"[3.98, 6.86, 6.22, 9.1]",2,"[0, 4, 7, 11]",64
"[7.03, 11.22, 9.27, 13.46]",2,"[4, 8, 11, 15]",64
"[1.8, 11.47, 4.04, 13.71]",2,"[0, 8, 7, 15]",64
"[2.28, 12.63, 4.52, 14.87]",4,"[2, 12, 5, 15]",16
"[1.26, 2.75, 3.5, 4.99]",2,"[0, 0, 7, 7]",64
"[1.86, 7.48, 4.1, 9.72]",2,"[0, 4, 7, 11]",64
"[3.49, 6.38, 5.73, 8.62]",2,"[0, 4, 7, 11]",64
"[1.57, 12.09, 3.81, 14.33]",2,"[0, 8, 7, 15]",64
"[12.49, 3.43, 14.73, 5.67]",3,"[12, 0, 15, 7]",32
"[7.65, 6.18, 9.89, 8.42]",2,"[4, 4, 11, 11]",64
"[10.61, 7.34, 12.85, 9.58]",3,"[10, 4, 13, 11]",32
"[3.51, 2.68, 5.75, 4.92]",2,"[0, 0, 7, 7]",64
"[9.34, 6.35, 11.58, 8.59]",2,"[8, 4, 15, 11]",64
"[5.16, 6.59, 7.4, 8.83]",2,"[4, 4, 11, 11]",64
"[4.25, 0.07, 6.49, 2.31]",4,"[4, 0, 7, 3]",16
"[8.6, 10.48, 10.84, 12.72]",4,"[8, 10, 11, 13]",16
"[4.35, 7.3, 6.59, 9.54]",3,"[4, 4, 7, 11]",32
"[12.6, 5.27, 14.84, 7.51]",3,"[12, 4, 15, 11]",32
"[5.51, 2.29, 7.75, 4.53]",2,"[4, 0, 11, 7]",64
"[5.66, 2.78, 7.9, 5.02]",2,"[4, 0, 11, 7]",64
"[11.65, 9.66, 13.89, 11.9]",2,"[8, 8, 15, 15]",64
"[6.3, 4.26, 8.54, 6.5]",4,"[6, 4, 9, 7]",16
"[2.67, 2.15, 4.91, 4.39]",4,"[2, 2, 5, 5]",16
"[1.17, 6.26, 3.41, 8.5]",2,"[0, 4, 7, 11]",64
"[1.42, 9.7, 3.66, 11.94]",2,"[0, 8, 7, 15]",64
"[10.17, 7.11, 12.41, 9.35]",3,"[10, 4, 13, 11]",32
"[3.82, 5.15, 6.06, 7.39]",2,"[0, 4, 7, 11]",64
"[11.21, 6.67, 13.45, 8.91]",2,"[8, 4, 15, 11]",64
"[4.71, 6.74, 6.95, 8.98]",4,"[4, 6, 7, 9]",16
"[9.59, 7.21, 11.83, 9.45]",2,"[8, 4, 15, 11]",64
"[3.2, 9.35, 5.44, 11.59]",2,"[0, 8, 7, 15]",64
"[12.46, 5.27, 14.7, 7.51]",3,"[12, 4, 15, 11]",32
"[4.03, 12.38, 6.27, 14.62]",4,"[4, 12, 7, 15]",16
"[4.66, 8.91, 6.9, 11.15]",3,"[4, 8, 7, 15]",32
"[7.55, 5.39, 9.79, 7.63]",2,"[4, 4, 11, 11]",64
"[7.62, 6.11, 9.86, 8.35]",2,"[4, 4, 11, 11]",64
"[5.91, 9.91, 8.15, 12.15]",2,"[4, 8, 11, 15]",64
"[0.28, 7.73, 2.52, 9.97]",3,"[0, 4, 3, 11]",32
"[4.78, 11.81, 7.02, 14.05]",2,"[4, 8, 11, 15]",64
"[2.55, 7.84, 4.79, 10.08]",3,"[2, 4, 5, 11]",32
"[9.21, 11.09, 11.45, 13.33]",2,"[8, 8, 15, 15]",64
"[6.29, 11.6, 8.53, 13.84]",3,"[6, 8, 9, 15]",32
"[5.22, 12.22, 7.46, 14.46]",2,"[4, 8, 11, 15]",64
"[1.25, 12.29, 3.49, 14.53]",2,"[0, 8, 7, 15]",64
"[2.08, 3.2, 4.32, 5.44]",3,"[2, 0, 5, 7]",32
"[12.3, 8.79, 14.54, 11.03]",3,"[12, 8, 15, 15]",32
"[1.38, 8.09, 3.62, 10.33]",2,"[0, 8, 7, 15]",64
"[8.65, 9.04, 10.89, 11.28]",3,"[8, 8, 11, 15]",32
"[11.13, 9.02, 13.37, 11.26]",2,"[8, 8, 15, 15]",64
"[3.19, 4.35, 5.43, 6.59]",2,"[0, 0, 7, 7]",64
"[8.68, 2.14, 10.92, 4.38]",4,"[8, 2, 11, 5]",16
"[3.03, 0.84, 5.27, 3.08]",2,"[0, 0, 7, 7]",64
"[3.37, 1.28, 5.61, 3.52]",2,"[0, 0, 7, 7]",64
"[5.14, 1.09, 7.38, 3.33]",2,"[4, 0, 11, 7]",64
"[2.28, 2.55, 4.52, 4.79]",4,"[2, 2, 5, 5]",16
"[4.98, 4.37, 7.22, 6.61]",2,"[4, 0, 11, 7]",64
"[10.74, 2.95, 12.98, 5.19]",3,"[10, 0, 13, 7]",32
"[8.52, 10.62, 10.76, 12.86]",4,"[8, 10, 11, 13]",16
"[10.43, 1.5, 12.67, 3.74]",3,"[10, 0, 13, 7]",32
"[3.88, 0.91, 6.12, 3.15]",2,"[0, 0, 7, 7]",64
"[2.96, 2.67, 5.2, 4.91]",2,"[0, 0, 7, 7]",64
"[3.71, 5.2, 5.95, 7.44]",2,"[0, 4, 7, 11]",64
"[7.34, 11.21, 9.58, 13.45]",2,"[4, 8, 11, 15]",64
"[6.22, 11.51, 8.46, 13.75]",3,"[6, 8, 9, 15]",32
"[3.26, 11.89, 5.5, 14.13]",2,"[0, 8, 7, 15]",64
"[8.16, 11.44, 10.4, 13.68]",3,"[8, 8, 11, 15]",32
"[10.23, 3.59, 12.47, 5.83]",3,"[10, 0, 13, 7]",32
"[11.86, 4.21, 14.1, 6.45]",2,"[8, 0, 15, 7]",64
"[4.59, 6.25, 6.83, 8.49]",4,"[4, 6, 7, 9]",16
"[6.76, 8.6, 9.0, 10.84]",4,"[6, 8, 9, 11]",16
"[6.8, 1.79, 9.04, 4.03]",2,"[4, 0, 11, 7]",64
"[10.04, 5.04, 12.28, 7.28]",3,"[10, 4, 13, 11]",32
"[6.39, 11.46, 8.63, 13.7]",3,"[6, 8, 9, 15]",32
"[3.87, 10.42, 6.11, 12.66]",2,"[0, 8, 7, 15]",64
"[8.9, 3.23, 11.14, 5.47]",2,"[8, 0, 15, 7]",64
"[4.95, 7.24, 7.19, 9.48]",2,"[4, 4, 11, 11]",64
"[0.95, 6.3, 3.19, 8.54]",2,"[0, 4, 7, 11]",64
"[6.23, 0.99, 8.47, 3.23]",3,"[6, 0, 9, 7]",32
"[3.56, 8.0, 5.8, 10.24]",2,"[0, 8, 7, 15]",64
"[12.5, 6.37, 14.74, 8.61]",4,"[12, 6, 15, 9]",16
"[0.03, 11.05, 2.27, 13.29]",3,"[0, 8, 3, 15]",32
"[5.45, 8.67, 7.69, 10.91]",2,"[4, 8, 11, 15]",64
"[1.39, 3.18, 3.63, 5.42]",2,"[0, 0, 7, 7]",64
"[8.49, 10.99, 10.73, 13.23]",3,"[8, 8, 11, 15]",32
"[12.75, 6.63, 14.99, 8.87]",4,"[12, 6, 15, 9]",16
"[0.32, 6.58, 2.56, 8.82]",4,"[0, 6, 3, 9]",16
"[0.57, 0.44, 2.81, 2.68]",4,"[0, 0, 3, 3]",16
"[0.56, 8.22, 2.8, 10.46]",4,"[0, 8, 3, 11]",16
"[2.22, 2.41, 4.46, 4.65]",4,"[2, 2, 5, 5]",16
"[11.34, 12.4, 13.58, 14.64]",2,"[8, 8, 15, 15]",64
"[9.09, 4.56, 11.33, 6.8]",2,"[8, 0, 15, 7]",64
"[4.59, 7.48, 6.83, 9.72]",3,"[4, 4, 7, 11]",32
"[3.54, 3.66, 5.78, 5.9]",2,"[0, 0, 7, 7]",64
"[5.56, 12.63, 7.8, 14.87]",2,"[4, 8, 11, 15]",64
"[8.14, 5.54, 10.38, 7.78]",3,"[8, 4, 11, 11]",32
"[2.98, 0.48, 5.22, 2.72]",2,"[0, 0, 7, 7]",64
"[8.75, 5.96, 10.99, 8.2]",3,"[8, 4, 11, 11]",32
"[6.97, 0.94, 9.21, 3.18]",2,"[4, 0, 11, 7]",64
"[6.14, 10.65, 8.38, 12.89]",4,"[6, 10, 9, 13]",16
"[5.66, 6.67, 7.9, 8.91]",2,"[4, 4, 11, 11]",64
"[2.29, 10.81, 4.53, 13.05]",3,"[2, 8, 5, 15]",32
"[3.45, 9.76, 5.69, 12.0]",2,"[0, 8, 7, 15]",64
"[11.83, 8.81, 14.07, 11.05]",2,"[8, 8, 15, 15]",64
"[8.88, 5.3, 11.12, 7.54]",2,"[8, 4, 15, 11]",64
"[12.41, 2.44, 14.65, 4.68]",4,"[12, 2, 15, 5]",16
"[4.77, 5.93, 7.01, 8.17]",2,"[4, 4, 11, 11]",64
"[10.57, 5.45, 12.81, 7.69]",3,"[10, 4, 13, 11]",32
"[7.06, 7.61, 9.3, 9.85]",2,"[4, 4, 11, 11]",64
"[8.29, 8.08, 10.53, 10.32]",4,"[8, 8, 11, 11]",16
"[4.39, 9.86, 6.63, 12.1]",3,"[4, 8, 7, 15]",32
"[11.19, 1.03, 13.43, 3.27]",2,"[8, 0, 15, 7]",64
"[1.1, 3.0, 3.34, 5.24]",2,"[0, 0, 7, 7]",64
"[9.57, 3.25, 11.81, 5.49]",2,"[8, 0, 15, 7]",64
"[6.35, 5.65, 8.59, 7.89]",3,"[6, 4, 9, 11]",32
"[6.62, 7.63, 8.86, 9.87]",3,"[6, 4, 9, 11]",32
"[6.73, 5.81, 8.97, 8.05]",3,"[6, 4, 9, 11]",32
"[9.07, 2.44, 11.31, 4.68]",2,"[8, 0, 15, 7]",64
"[6.07, 5.49, 8.31, 7.73]",3,"[6, 4, 9, 11]",32
"[9.38, 3.77, 11.62, 6.01]",2,"[8, 0, 15, 7]",64
"[11.7, 0.73, 13.94, 2.97]",2,"[8, 0, 15, 7]",64
"[9.61, 5.3, 11.85, 7.54]",2,"[8, 4, 15, 11]",64
"[1.39, 7.62, 3.63, 9.86]",2,"[0, 4, 7, 11]",64
"[0.99, 1.63, 3.23, 3.87]",2,"[0, 0, 7, 7]",64
"[6.21, 4.25, 8.45, 6.49]",4,"[6, 4, 9, 7]",16
"[2.55, 0.54, 4.79, 2.78]",4,"[2, 0, 5, 3]",16
"[2.2, 1.31, 4.44, 3.55]",3,"[2, 0, 5, 7]",32
"[3.14, 5.38, 5.38, 7.62]",2,"[0, 4, 7, 11]",64
"[7.95, 9.72, 10.19, 11.96]",2,"[4, 8, 11, 15]",64
"[7.17, 3.46, 9.41, 5.7]",2,"[4, 0, 11, 7]",64
"[8.74, 7.95, 10.98, 10.19]",3,"[8, 4, 11, 11]",32
"[3.62, 7.37, 5.86, 9.61]",2,"[0, 4, 7, 11]",64
"[8.46, 3.13, 10.7, 5.37]",3,"[8, 0, 11, 7]",32
"[0.09, 5.3, 2.33, 7.54]",3,"[0, 4, 3, 11]",32
"[6.46, 5.83, 8.7, 8.07]",3,"[6, 4, 9, 11]",32
"[5.23, 3.05, 7.47, 5.29]",2,"[4, 0, 11, 7]",64
"[2.76, 5.12, 5.0, 7.36]",3,"[2, 4, 5, 11]",32
"[1.27, 12.36, 3.51, 14.6]",2,"[0, 8, 7, 15]",64
"[12.01, 4.7, 14.25, 6.94]",4,"[12, 4, 15, 7]",16
"[10.8, 5.34, 13.04, 7.58]",2,"[8, 4, 15, 11]",64
"[1.06, 6.97, 3.3, 9.21]",2,"[0, 4, 7, 11]",64
"[2.1, 1.3, 4.34, 3.54]",3,"[2, 0, 5, 7]",32
"[10.6, 10.19, 12.84, 12.43]",4,"[10, 10, 13, 13]",16
"[1.47, 9.37, 3.71, 11.61]",2,"[0, 8, 7, 15]",64
"[8.3, 5.03, 10.54, 7.27]",3,"[8, 4, 11, 11]",32
"[11.44, 9.3, 13.68, 11.54]",2,"[8, 8, 15, 15]",64
"[11.65, 8.58, 13.89, 10.82]",2,"[8, 8, 15, 15]",64
"[5.59, 2.38, 7.83, 4.62]",2,"[4, 0, 11, 7]",64
"[6.67, 8.65, 8.91, 10.89]",4,"[6, 8, 9, 11]",16
"[11.63, 3.84, 13.87, 6.08]",2,"[8, 0, 15, 7]",64
"[7.85, 9.11, 10.09, 11.35]",2,"[4, 8, 11, 15]",64
"[10.46, 7.61, 12.7, 9.85]",3,"[10, 4, 13, 11]",32
"[9.19, 11.42, 11.43, 13.66]",2,"[8, 8, 15, 15]",64
"[2.49, 7.35, 4.73, 9.59]",3,"[2, 4, 5, 11]",32
"[4.11, 4.06, 6.35, 6.3]",4,"[4, 4, 7, 7]",16
"[7.11, 5.61, 9.35, 7.85]",2,"[4, 4, 11, 11]",64
"[2.6, 7.96, 4.84, 10.2]",3,"[2, 4, 5, 11]",32
"[11.66, 3.71, 13.9, 5.95]",2,"[8, 0, 15, 7]",64
"[12.57, 11.64, 14.81, 13.88]",3,"[12, 8, 15, 15]",32
"[3.72, 7.76, 5.96, 10.0]",2,"[0, 4, 7, 11]",64
"[7.83, 8.72, 10.07, 10.96]",2,"[4, 8, 11, 15]",64
"[9.94, 8.46, 12.18, 10.7]",2,"[8, 8, 15, 15]",64
"[0.13, 7.02, 2.37, 9.26]",3,"[0, 4, 3, 11]",32
"[12.24, 5.73, 14.48, 7.97]",3,"[12, 4, 15, 11]",32
"[5.88, 7.95, 8.12, 10.19]",2,"[4, 4, 11, 11]",64
"[8.93, 6.39, 11.17, 8.63]",2,"[8, 4, 15, 11]",64
"[3.03, 12.67, 5.27, 14.91]",2,"[0, 8, 7, 15]",64
"[10.23, 0.88, 12.47, 3.12]",3,"[10, 0, 13, 7]",32
"[6.76, 11.81, 9.0, 14.05]",3,"[6, 8, 9, 15]",32
"[0.35, 4.45, 2.59, 6.69]",4,"[0, 4, 3, 7]",16
"[9.84, 11.58, 12.08, 13.82]",2,"[8, 8, 15, 15]",64
"[2.06, 11.01, 4.3, 13.25]",3,"[2, 8, 5, 15]",32
"[5.91, 1.26, 8.15, 3.5]",2,"[4, 0, 11, 7]",64
"[3.2, 12.48, 5.44, 14.72]",2,"[0, 8, 7, 15]",64
"[0.4, 1.65, 2.64, 3.89]",3,"[0, 0, 3, 7]",32
"[6.13, 11.66, 8.37, 13.9]",3,"[6, 8, 9, 15]",32
"[0.66, 2.25, 2.9, 4.49]",4,"[0, 2, 3, 5]",16
"[0.5, 7.0, 2.74, 9.24]",3,"[0, 4, 3, 11]",32
"[5.38, 1.03, 7.62, 3.27]",2,"[4, 0, 11, 7]",64
"[3.62, 3.28, 5.86, 5.52]",2,"[0, 0, 7, 7]",64
"[1.92, 12.59, 4.16, 14.83]",2,"[0, 8, 7, 15]",64
"[4.38, 8.61, 6.62, 10.85]",4,"[4, 8, 7, 11]",16
"[0.85, 0.21, 3.09, 2.45]",2,"[0, 0, 7, 7]",64
"[2.31, 2.15, 4.55, 4.39]",4,"[2, 2, 5, 5]",16
"[5.46, 7.28, 7.7, 9.52]",2,"[4, 4, 11, 11]",64
"[1.17, 6.73, 3.41, 8.97]",2,"[0, 4, 7, 11]",64
"[5.09, 10.29, 7.33, 12.53]",2,"[4, 8, 11, 15]",64
"[9.37, 12.49, 11.61, 14.73]",2,"[8, 8, 15, 15]",64
"[9.04, 10.05, 11.28, 12.29]",2,"[8, 8, 15, 15]",64
"[7.28, 11.97, 9.52, 14.21]",2,"[4, 8, 11, 15]",64
"[7.13, 5.56, 9.37, 7.8]",2,"[4, 4, 11, 11]",64
"[8.41, 8.57, 10.65, 10.81]",4,"[8, 8, 11, 11]",16
"[5.44, 11.99, 7.68, 14.23]",2,"[4, 8, 11, 15]",64
"[9.57, 3.62, 11.81, 5.86]",2,"[8, 0, 15, 7]",64
"[3.56, 1.1, 5.8, 3.34]",2,"[0, 0, 7, 7]",64
"[8.32, 0.15, 10.56, 2.39]",4,"[8, 0, 11, 3]",16
"[7.81, 4.44, 10.05, 6.68]",2,"[4, 0, 11, 7]",64
"[8.63, 9.68, 10.87, 11.92]",3,"[8, 8, 11, 15]",32
"[0.37, 1.96, 2.61, 4.2]",3,"[0, 0, 3, 7]",32
"[6.92, 7.08, 9.16, 9.32]",2,"[4, 4, 11, 11]",64
"[7.59, 7.0, 9.83, 9.24]",2,"[4, 4, 11, 11]",64
"[0.14, 6.03, 2.38, 8.27]",4,"[0, 6, 3, 9]",16
"[8.8, 5.32, 11.04, 7.56]",2,"[8, 4, 15, 11]",64
"[11.52, 3.15, 13.76, 5.39]",2,"[8, 0, 15, 7]",64
"[4.33, 7.22, 6.57, 9.46]",3,"[4, 4, 7, 11]",32
"[9.68, 0.4, 11.92, 2.64]",2,"[8, 0, 15, 7]",64
"[4.5, 10.38, 6.74, 12.62]",4,"[4, 10, 7, 13]",16
"[7.19, 1.99, 9.43, 4.23]",2,"[4, 0, 11, 7]",64
"[9.17, 8.71, 11.41, 10.95]",2,"[8, 8, 15, 15]",64
"[11.35, 4.18, 13.59, 6.42]",2,"[8, 0, 15, 7]",64
"[11.03, 6.75, 13.27, 8.99]",2,"[8, 4, 15, 11]",64
"[7.72, 9.46, 9.96, 11.7]",2,"[4, 8, 11, 15]",64
"[2.93, 11.44, 5.17, 13.68]",2,"[0, 8, 7, 15]",64
"[0.91, 3.69, 3.15, 5.93]",2,"[0, 0, 7, 7]",64
"[6.11, 2.53, 8.35, 4.77]",4,"[6, 2, 9, 5]",16
"[3.48, 1.74, 5.72, 3.98]",2,"[0, 0, 7, 7]",64
"[11.1, 4.98, 13.34, 7.22]",2,"[8, 4, 15, 11]",64
"[2.69, 2.24, 4.93, 4.48]",4,"[2, 2, 5, 5]",16
"[4.81, 6.55, 7.05, 8.79]",2,"[4, 4, 11, 11]",64
"[1.35, 9.52, 3.59, 11.76]",2,"[0, 8, 7, 15]",64
"[7.03, 0.89, 9.27, 3.13]",2,"[4, 0, 11, 7]",64
"[8.04, 7.21, 10.28, 9.45]",3,"[8, 4, 11, 11]",32
"[9.09, 11.1, 11.33, 13.34]",2,"[8, 8, 15, 15]",64
"[6.79, 9.75, 9.03, 11.99]",2,"[4, 8, 11, 15]",64
"[10.29, 6.89, 12.53, 9.13]",3,"[10, 4, 13, 11]",32
"[11.28, 4.2, 13.52, 6.44]",2,"[8, 0, 15, 7]",64
"[6.88, 9.92, 9.12, 12.16]",2,"[4, 8, 11, 15]",64
"[9.08, 2.72, 11.32, 4.96]",2,"[8, 0, 15, 7]",64
"[0.36, 3.1, 2.6, 5.34]",3,"[0, 0, 3, 7]",32
"[3.98, 9.61, 6.22, 11.85]",2,"[0, 8, 7, 15]",64
"[8.72, 8.23, 10.96, 10.47]",4,"[8, 8, 11, 11]",16
"[11.85, 0.64, 14.09, 2.88]",2,"[8, 0, 15, 7]",64
"[4.1, 4.18, 6.34, 6.42]",4,"[4, 4, 7, 7]",16
"[11.63, 1.17, 13.87, 3.41]",2,"[8, 0, 15, 7]",64
"[0.33, 3.33, 2.57, 5.57]",3,"[0, 0, 3, 7]",32
"[0.69, 0.48, 2.93, 2.72]",4,"[0, 0, 3, 3]",16
"[10.35, 11.38, 12.59, 13.62]",3,"[10, 8, 13, 15]",32
"[10.99, 1.14, 13.23, 3.38]",2,"[8, 0, 15, 7]",64
"[3.22, 8.02, 5.46, 10.26]",2,"[0, 8, 7, 15]",64
"[5.83, 5.04, 8.07, 7.28]",2,"[4, 4, 11, 11]",64
"[10.95, 5.68, 13.19, 7.92]",2,"[8, 4, 15, 11]",64
"[7.84, 7.41, 10.08, 9.65]",2,"[4, 4, 11, 11]",64
"[0.54, 7.31, 2.78, 9.55]",3,"[0, 4, 3, 11]",32
"[12.45, 11.15, 14.69, 13.39]",3,"[12, 8, 15, 15]",32
"[9.63, 1.05, 11.87, 3.29]",2,"[8, 0, 15, 7]",64
"[11.47, 1.8, 13.71, 4.04]",2,"[8, 0, 15, 7]",64
"[3.87, 1.39, 6.11, 3.63]",2,"[0, 0, 7, 7]",64
"[9.33, 0.57, 11.57, 2.81]",2,"[8, 0, 15, 7]",64
"[1.37, 5.92, 3.61, 8.16]",2,"[0, 4, 7, 11]",64
"[10.77, 12.33, 13.01, 14.57]",2,"[8, 8, 15, 15]",64
"[9.8, 12.42, 12.04, 14.66]",2,"[8, 8, 15, 15]",64
"[4.18, 11.8, 6.42, 14.04]",3,"[4, 8, 7, 15]",32
"[6.43, 12.31, 8.67, 14.55]",4,"[6, 12, 9, 15]",16
"[10.73, 7.7, 12.97, 9.94]",3,"[10, 4, 13, 11]",32
"[8.84, 7.1, 11.08, 9.34]",2,"[8, 4, 15, 11]",64
"[7.24, 10.84, 9.48, 13.08]",2,"[4, 8, 11, 15]",64
"[11.74, 0.66, 13.98, 2.9]",2,"[8, 0, 15, 7]",64
"[7.76, 1.98, 10.0, 4.22]",2,"[4, 0, 11, 7]",64
"[0.46, 4.04, 2.7, 6.28]",4,"[0, 4, 3, 7]",16
"[1.39, 2.52, 3.63, 4.76]",2,"[0, 0, 7, 7]",64
"[0.25, 0.25, 2.49, 2.49]",4,"[0, 0, 3, 3]",16
"[11.66, 0.65, 13.9, 2.89]",2,"[8, 0, 15, 7]",64
"[2.15, 1.99, 4.39, 4.23]",3,"[2, 0, 5, 7]",32
"[11.6, 3.57, 13.84, 5.81]",2,"[8, 0, 15, 7]",64
"[5.52, 7.25, 7.76, 9.49]",2,"[4, 4, 11, 11]",64
"[9.63, 6.32, 11.87, 8.56]",2,"[8, 4, 15, 11]",64
"[1.46, 11.33, 3.7, 13.57]",2,"[0, 8, 7, 15]",64
"[11.98, 11.03, 14.22, 13.27]",2,"[8, 8, 15, 15]",64
"[9.72, 1.44, 11.96, 3.68]",2,"[8, 0, 15, 7]",64
"[6.18, 2.88, 8.42, 5.12]",3,"[6, 0, 9, 7]",32
"[9.21, 2.46, 11.45, 4.7]",2,"[8, 0, 15, 7]",64
"[9.66, 0.78, 11.9, 3.02]",2,"[8, 0, 15, 7]",64
"[12.6, 9.76, 14.84, 12.0]",3,"[12, 8, 15, 15]",32
"[9.12, 1.42, 11.36, 3.66]",2,"[8, 0, 15, 7]",64
"[8.31, 3.16, 10.55, 5.4]",3,"[8, 0, 11, 7]",32
"[11.09, 1.59, 13.33, 3.83]",2,"[8, 0, 15, 7]",64
"[10.88, 5.46, 13.12, 7.7]",2,"[8, 4, 15, 11]",64
"[4.96, 8.43, 7.2, 10.67]",2,"[4, 8, 11, 15]",64
"[10.27, 6.71, 12.51, 8.95]",4,"[10, 6, 13, 9]",16
"[9.92, 8.56, 12.16, 10.8]",2,"[8, 8, 15, 15]",64
"[7.7, 8.96, 9.94, 11.2]",2,"[4, 8, 11, 15]",64
"[9.46, 9.85, 11.7, 12.09]",2,"[8, 8, 15, 15]",64
"[4.28, 0.68, 6.52, 2.92]",4,"[4, 0, 7, 3]",16
"[1.36, 10.99, 3.6, 13.23]",2,"[0, 8, 7, 15]",64
"[12.5, 10.87, 14.74, 13.11]",3,"[12, 8, 15, 15]",32
"[9.28, 0.28, 11.52, 2.52]",2,"[8, 0, 15, 7]",64
"[9.84, 8.07, 12.08, 10.31]",2,"[8, 8, 15, 15]",64
"[9.18, 9.92, 11.42, 12.16]",2,"[8, 8, 15, 15]",64
"[11.87, 8.33, 14.11, 10.57]",2,"[8, 8, 15, 15]",64
"[6.89, 4.13, 9.13, 6.37]",2,"[4, 0, 11, 7]",64
"[4.75, 8.28, 6.99, 10.52]",4,"[4, 8, 7, 11]",16
"[0.07, 7.9, 2.31, 10.14]",3,"[0, 4, 3, 11]",32
"[1.29, 9.82, 3.53, 12.06]",2,"[0, 8, 7, 15]",64
"[3.69, 12.03, 5.93, 14.27]",2,"[0, 8, 7, 15]",64
"[6.4, 5.32, 8.64, 7.56]",3,"[6, 4, 9, 11]",32
"[7.52, 9.04, 9.76, 11.28]",2,"[4, 8, 11, 15]",64
"[3.29, 11.34, 5.53, 13.58]",2,"[0, 8, 7, 15]",64
"[5.25, 8.36, 7.49, 10.6]",2,"[4, 8, 11, 15]",64
"[3.18, 7.72, 5.42, 9.96]",2,"[0, 4, 7, 11]",64
"[7.86, 7.94, 10.1, 10.18]",2,"[4, 4, 11, 11]",64
"[5.91, 8.24, 8.15, 10.48]",2,"[4, 8, 11, 15]",64
"[7.88, 3.14, 10.12, 5.38]",2,"[4, 0, 11, 7]",64
"[5.63, 4.28, 7.87, 6.52]",2,"[4, 0, 11, 7]",64
"[6.51, 2.37, 8.75, 4.61]",4,"[6, 2, 9, 5]",16
"[3.22, 9.33, 5.46, 11.57]",2,"[0, 8, 7, 15]",64
"[1.7, 12.32, 3.94, 14.56]",2,"[0, 8, 7, 15]",64
"[9.58, 6.41, 11.82, 8.65]",2,"[8, 4, 15, 11]",64
"[0.23, 4.88, 2.47, 7.12]",3,"[0, 4, 3, 11]",32
"[0.2, 5.56, 2.44, 7.8]",3,"[0, 4, 3, 11]",32
"[8.29, 8.48, 10.53, 10.72]",4,"[8, 8, 11, 11]",16
"[12.47, 3.51, 14.71, 5.75]",3,"[12, 0, 15, 7]",32
"[0.12, 4.37, 2.36, 6.61]",4,"[0, 4, 3, 7]",16
"[3.88, 0.33, 6.12, 2.57]",2,"[0, 0, 7, 7]",64
"[2.61, 6.18, 4.85, 8.42]",4,"[2, 6, 5, 9]",16
"[11.7, 2.96, 13.94, 5.2]",2,"[8, 0, 15, 7]",64
"[1.22, 11.22, 3.46, 13.46]",2,"[0, 8, 7, 15]",64
"[6.65, 11.9, 8.89, 14.14]",3,"[6, 8, 9, 15]",32
"[6.7, 7.4, 8.94, 9.64]",3,"[6, 4, 9, 11]",32
"[0.45, 12.21, 2.69, 14.45]",4,"[0, 12, 3, 15]",16
"[2.29, 7.38, 4.53, 9.62]",3,"[2, 4, 5, 11]",32
"[1.5, 4.75, 3.74, 6.99]",2,"[0, 0, 7, 7]",64
"[4.59, 8.5, 6.83, 10.74]",4,"[4, 8, 7, 11]",16
"[1.48, 6.83, 3.72, 9.07]",2,"[0, 4, 7, 11]",64
"[0.44, 10.58, 2.68, 12.82]",4,"[0, 10, 3, 13]",16
"[3.48, 6.38, 5.72, 8.62]",2,"[0, 4, 7, 11]",64
"[5.36, 6.35, 7.6, 8.59]",2,"[4, 4, 11, 11]",64
"[1.96, 4.93, 4.2, 7.17]",2,"[0, 4, 7, 11]",64
"[6.58, 9.59, 8.82, 11.83]",3,"[6, 8, 9, 15]",32
"[10.08, 1.59, 12.32, 3.83]",3,"[10, 0, 13, 7]",32
"[1.43, 11.74, 3.67, 13.98]",2,"[0, 8, 7, 15]",64
"[0.98, 6.44, 3.22, 8.68]",2,"[0, 4, 7, 11]",64
"[2.98, 2.11, 5.22, 4.35]",2,"[0, 0, 7, 7]",64
"[9.52, 6.34, 11.76, 8.58]",2,"[8, 4, 15, 11]",64
"[3.1, 7.39, 5.34, 9.63]",2,"[0, 4, 7, 11]",64
"[0.61, 3.02, 2.85, 5.26]",3,"[0, 0, 3, 7]",32
"[11.22, 7.59, 13.46, 9.83]",2,"[8, 4, 15, 11]",64
"[1.73, 3.16, 3.97, 5.4]",2,"[0, 0, 7, 7]",64
"[4.56, 12.11, 6.8, 14.35]",4,"[4, 12, 7, 15]",16
"[3.98, 4.85, 6.22, 7.09]",2,"[0, 4, 7, 11]",64
"[0.25, 11.52, 2.49, 13.76]",3,"[0, 8, 3, 15]",32
"[7.37, 7.37, 9.61, 9.61]",2,"[4, 4, 11, 11]",64
"[5.22, 4.3, 7.46, 6.54]",2,"[4, 0, 11, 7]",64
"[7.57, 1.82, 9.81, 4.06]",2,"[4, 0, 11, 7]",64
"[3.52, 5.3, 5.76, 7.54]",2,"[0, 4, 7, 11]",64
"[4.43, 7.89, 6.67, 10.13]",3,"[4, 4, 7, 11]",32
"[7.87, 4.56, 10.11, 6.8]",2,"[4, 0, 11, 7]",64
"[8.51, 5.39, 10.75, 7.63]",3,"[8, 4, 11, 11]",32
"[5.2, 7.48, 7.44, 9.72]",2,"[4, 4, 11, 11]",64
"[2.89, 11.75, 5.13, 13.99]",2,"[0, 8, 7, 15]",64
"[4.08, 2.46, 6.32, 4.7]",4,"[4, 2, 7, 5]",16
"[9.57, 0.66, 11.81, 2.9]",2,"[8, 0, 15, 7]",64
"[8.81, 10.87, 11.05, 13.11]",2,"[8, 8, 15, 15]",64
"[12.01, 12.24, 14.25, 14.48]",4,"[12, 12, 15, 15]",16
"[8.9, 7.54, 11.14, 9.78]",2,"[8, 4, 15, 11]",64
"[8.79, 2.36, 11.03, 4.6]",2,"[8, 0, 15, 7]",64
"[10.1, 0.9, 12.34, 3.14]",3,"[10, 0, 13, 7]",32
"[1.17, 4.83, 3.41, 7.07]",2,"[0, 4, 7, 11]",64
"[7.16, 2.17, 9.4, 4.41]",2,"[4, 0, 11, 7]",64
"[0.87, 2.13, 3.11, 4.37]",2,"[0, 0, 7, 7]",64
"[9.99, 11.83, 12.23, 14.07]",2,"[8, 8, 15, 15]",64
"[11.6, 7.65, 13.84, 9.89]",2,"[8, 4, 15, 11]",64
"[7.1, 6.48, 9.34, 8.72]",2,"[4, 4, 11, 11]",64
"[9.02, 9.74, 11.26, 11.98]",2,"[8, 8, 15, 15]",64
"[11.8, 4.08, 14.04, 6.32]",2,"[8, 0, 15, 7]",64
"[8.18, 10.26, 10.42, 12.5]",4,"[8, 10, 11, 13]",16
"[6.71, 4.54, 8.95, 6.78]",4,"[6, 4, 9, 7]",16
"[4.14, 6.22, 6.38, 8.46]",4,"[4, 6, 7, 9]",16
"[11.83, 10.03, 14.07, 12.27]",2,"[8, 8, 15, 15]",64
"[4.75, 8.6, 6.99, 10.84]",4,"[4, 8, 7, 11]",16
"[4.18, 5.98, 6.42, 8.22]",3,"[4, 4, 7, 11]",32
"[0.9, 11.22, 3.14, 13.46]",2,"[0, 8, 7, 15]",64
"[10.35, 11.73, 12.59, 13.97]",3,"[10, 8, 13, 15]",32
"[11.87, 12.18, 14.11, 14.42]",2,"[8, 8, 15, 15]",64
"[8.76, 4.5, 11.0, 6.74]",4,"[8, 4, 11, 7]",16
"[4.06, 10.04, 6.3, 12.28]",4,"[4, 10, 7, 13]",16
"[10.24, 4.08, 12.48, 6.32]",4,"[10, 4, 13, 7]",16
"[10.7, 10.06, 12.94, 12.3]",4,"[10, 10, 13, 13]",16
"[4.93, 2.47, 7.17, 4.71]",2,"[4, 0, 11, 7]",64
"[10.37, 4.1, 12.61, 6.34]",4,"[10, 4, 13, 7]",16
"[8.23, 2.24, 10.47, 4.48]",4,"[8, 2, 11, 5]",16
"[0.95, 10.96, 3.19, 13.2]",2,"[0, 8, 7, 15]",64
"[11.77, 7.86, 14.01, 10.1]",2,"[8, 4, 15, 11]",64
"[9.38, 0.13, 11.62, 2.37]",2,"[8, 0, 15, 7]",64
"[2.15, 1.28, 4.39, 3.52]",3,"[2, 0, 5, 7]",32
"[6.52, 9.45, 8.76, 11.69]",3,"[6, 8, 9, 15]",32
"[6.68, 12.23, 8.92, 14.47]",4,"[6, 12, 9, 15]",16
"[12.48, 9.47, 14.72, 11.71]",3,"[12, 8, 15, 15]",32
"[9.12, 10.21, 11.36, 12.45]",2,"[8, 8, 15, 15]",64
"[3.15, 11.37, 5.39, 13.61]",2,"[0, 8, 7, 15]",64
"[5.04, 10.23, 7.28, 12.47]",2,"[4, 8, 11, 15]",64
"[7.08, 8.32, 9.32, 10.56]",2,"[4, 8, 11, 15]",64
"[5.56, 2.29, 7.8, 4.53]",2,"[4, 0, 11, 7]",64
"[4.84, 4.7, 7.08, 6.94]",2,"[4, 0, 11, 7]",64
"[0.02, 8.45, 2.26, 10.69]",4,"[0, 8, 3, 11]",16
"[7.14, 12.23, 9.38, 14.47]",2,"[4, 8, 11, 15]",64
"[9.66, 12.73, 11.9, 14.97]",2,"[8, 8, 15, 15]",64
"[8.8, 2.42, 11.04, 4.66]",2,"[8, 0, 15, 7]",64
"[5.25, 2.28, 7.49, 4.52]",2,"[4, 0, 11, 7]",64
"[5.51, 0.92, 7.75, 3.16]",2,"[4, 0, 11, 7]",64
"[10.31, 7.58, 12.55, 9.82]",3,"[10, 4, 13, 11]",32
"[2.53, 3.16, 4.77, 5.4]",3,"[2, 0, 5, 7]",32
"[12.57, 5.62, 14.81, 7.86]",3,"[12, 4, 15, 11]",32
"[9.58, 5.72, 11.82, 7.96]",2,"[8, 4, 15, 11]",64
"[10.31, 11.75, 12.55, 13.99]",3,"[10, 8, 13, 15]",32
"[10.32, 9.01, 12.56, 11.25]",3,"[10, 8, 13, 15]",32
"[4.01, 1.98, 6.25, 4.22]",3,"[4, 0, 7, 7]",32
"[11.77, 4.7, 14.01, 6.94]",2,"[8, 0, 15, 7]",64
"[9.49, 10.16, 11.73, 12.4]",2,"[8, 8, 15, 15]",64
"[9.15, 7.71, 11.39, 9.95]",2,"[8, 4, 15, 11]",64
"[10.39, 2.6, 12.63, 4.84]",4,"[10, 2, 13, 5]",16
"[4.03, 10.14, 6.27, 12.38]",4,"[4, 10, 7, 13]",16
"[5.54, 12.3, 7.78, 14.54]",2,"[4, 8, 11, 15]",64
"[0.74, 8.24, 2.98, 10.48]",4,"[0, 8, 3, 11]",16
"[5.12, 3.15, 7.36, 5.39]",2,"[4, 0, 11, 7]",64
"[5.85, 5.43, 8.09, 7.67]",2,"[4, 4, 11, 11]",64
"[11.83, 9.49, 14.07, 11.73]",2,"[8, 8, 15, 15]",64
"[0.7, 5.55, 2.94, 7.79]",3,"[0, 4, 3, 11]",32
"[2.31, 4.83, 4.55, 7.07]",3,"[2, 4, 5, 11]",32
"[10.3, 9.38, 12.54, 11.62]",3,"[10, 8, 13, 15]",32
"[6.73, 11.26, 8.97, 13.5]",3,"[6, 8, 9, 15]",32
"[11.74, 3.79, 13.98, 6.03]",2,"[8, 0, 15, 7]",64
"[4.07, 6.84, 6.31, 9.08]",3,"[4, 4, 7, 11]",32
"[2.82, 6.03, 5.06, 8.27]",2,"[0, 4, 7, 11]",64
"[6.76, 12.04, 9.0, 14.28]",4,"[6, 12, 9, 15]",16
"[1.29, 3.53, 3.53, 5.77]",2,"[0, 0, 7, 7]",64
"[6.11, 9.91, 8.35, 12.15]",3,"[6, 8, 9, 15]",32
"[4.56, 0.54, 6.8, 2.78]",4,"[4, 0, 7, 3]",16
"[2.7, 4.98, 4.94, 7.22]",3,"[2, 4, 5, 11]",32
"[5.16, 1.32, 7.4, 3.56]",2,"[4, 0, 11, 7]",64
"[1.66, 5.17, 3.9, 7.41]",2,"[0, 4, 7, 11]",64
"[1.2, 7.23, 3.44, 9.47]",2,"[0, 4, 7, 11]",64
"[3.11, 4.69, 5.35, 6.93]",2,"[0, 0, 7, 7]",64
"[3.52, 11.3, 5.76, 13.54]",2,"[0, 8, 7, 15]",64
"[3.79, 3.43, 6.03, 5.67]",2,"[0, 0, 7, 7]",64
"[10.38, 9.04, 12.62, 11.28]",3,"[10, 8, 13, 15]",32
"[0.1, 5.16, 2.34, 7.4]",3,"[0, 4, 3, 11]",32
"[5.36, 3.08, 7.6, 5.32]",2,"[4, 0, 11, 7]",64
"[0.91, 3.58, 3.15, 5.82]",2,"[0, 0, 7, 7]",64
"[0.64, 6.21, 2.88, 8.45]",4,"[0, 6, 3, 9]",16
"[9.06, 3.78, 11.3, 6.02]",2,"[8, 0, 15, 7]",64
"[3.34, 1.18, 5.58, 3.42]",2,"[0, 0, 7, 7]",64
"[7.57, 12.39, 9.81, 14.63]",2,"[4, 8, 11, 15]",64
"[0.11, 3.93, 2.35, 6.17]",3,"[0, 0, 3, 7]",32
"[11.95, 12.44, 14.19, 14.68]",2,"[8, 8, 15, 15]",64
"[1.72, 8.02, 3.96, 10.26]",2,"[0, 8, 7, 15]",64
"[5.03, 2.85, 7.27, 5.09]",2,"[4, 0, 11, 7]",64
"[11.94, 7.72, 14.18, 9.96]",2,"[8, 4, 15, 11]",64
"[1.39, 10.99, 3.63, 13.23]",2,"[0, 8, 7, 15]",64
"[4.36, 9.9, 6.6, 12.14]",3,"[4, 8, 7, 15]",32
"[4.51, 3.96, 6.75, 6.2]",3,"[4, 0, 7, 7]",32
"[11.08, 8.82, 13.32, 11.06]",2,"[8, 8, 15, 15]",64
"[5.62, 4.43, 7.86, 6.67]",2,"[4, 0, 11, 7]",64
"[11.65, 1.62, 13.89, 3.86]",2,"[8, 0, 15, 7]",64
"[0.81, 6.51, 3.05, 8.75]",2,"[0, 4, 7, 11]",64
"[9.09, 2.62, 11.33, 4.86]",2,"[8, 0, 15, 7]",64
"[4.02, 0.22, 6.26, 2.46]",4,"[4, 0, 7, 3]",16
"[12.38, 12.33, 14.62, 14.57]",4,"[12, 12, 15, 15]",16
"[0.8, 9.62, 3.04, 11.86]",2,"[0, 8, 7, 15]",64
"[3.45, 5.73, 5.69, 7.97]",2,"[0, 4, 7, 11]",64
"[12.38, 2.91, 14.62, 5.15]",3,"[12, 0, 15, 7]",32
"[11.07, 2.04, 13.31, 4.28]",2,"[8, 0, 15, 7]",64
"[9.99, 0.86, 12.23, 3.1]",2,"[8, 0, 15, 7]",64
"[8.27, 5.73, 10.51, 7.97]",3,"[8, 4, 11, 11]",32
"[10.02, 3.06, 12.26, 5.3]",3,"[10, 0, 13, 7]",32
"[4.69, 12.06, 6.93, 14.3]",4,"[4, 12, 7, 15]",16
"[6.93, 0.91, 9.17, 3.15]",2,"[4, 0, 11, 7]",64
"[4.2, 1.21, 6.44, 3.45]",3,"[4, 0, 7, 7]",32
"[4.92, 12.02, 7.16, 14.26]",2,"[4, 8, 11, 15]",64
"[11.7, 0.86, 13.94, 3.1]",2,"[8, 0, 15, 7]",64
"[2.77, 10.87, 5.01, 13.11]",2,"[0, 8, 7, 15]",64
"[2.68, 11.04, 4.92, 13.28]",3,"[2, 8, 5, 15]",32
"[12.0, 11.3, 14.24, 13.54]",3,"[12, 8, 15, 15]",32
"[4.54, 5.94, 6.78, 8.18]",3,"[4, 4, 7, 11]",32
"[3.3, 6.78, 5.54, 9.02]",2,"[0, 4, 7, 11]",64
"[12.73, 4.68, 14.97, 6.92]",4,"[12, 4, 15, 7]",16
"[10.81, 0.05, 13.05, 2.29]",2,"[8, 0, 15, 7]",64
"[6.45, 3.1, 8.69, 5.34]",3,"[6, 0, 9, 7]",32
"[9.14, 3.76, 11.38, 6.0]",2,"[8, 0, 15, 7]",64
"[3.92, 7.71, 6.16, 9.95]",2,"[0, 4, 7, 11]",64
"[6.82, 8.15, 9.06, 10.39]",2,"[4, 8, 11, 15]",64
"[4.16, 3.04, 6.4, 5.28]",3,"[4, 0, 7, 7]",32
"[11.67, 3.07, 13.91, 5.31]",2,"[8, 0, 15, 7]",64
"[12.04, 11.26, 14.28, 13.5]",3,"[12, 8, 15, 15]",32
"[10.67, 12.04, 12.91, 14.28]",4,"[10, 12, 13, 15]",16
"[3.77, 6.17, 6.01, 8.41]",2,"[0, 4, 7, 11]",64
"[2.32, 0.72, 4.56, 2.96]",4,"[2, 0, 5, 3]",16
"[9.57, 1.83, 11.81, 4.07]",2,"[8, 0, 15, 7]",64
"[0.17, 10.28, 2.41, 12.52]",4,"[0, 10, 3, 13]",16
"[3.04, 10.95, 5.28, 13.19]",2,"[0, 8, 7, 15]",64
"[6.84, 6.44, 9.08, 8.68]",2,"[4, 4, 11, 11]",64
"[3.2, 6.72, 5.44, 8.96]",2,"[0, 4, 7, 11]",64
"[3.0, 8.3, 5.24, 10.54]",2,"[0, 8, 7, 15]",64
"[12.11, 10.66, 14.35, 12.9]",4,"[12, 10, 15, 13]",16
"[7.2, 5.66, 9.44, 7.9]",2,"[4, 4, 11, 11]",64
"[8.8, 1.6, 11.04, 3.84]",2,"[8, 0, 15, 7]",64
"[11.61, 5.99, 13.85, 8.23]",2,"[8, 4, 15, 11]",64
"[9.4, 0.24, 11.64, 2.48]",2,"[8, 0, 15, 7]",64
"[7.8, 0.84, 10.04, 3.08]",2,"[4, 0, 11, 7]",64
"[6.93, 11.86, 9.17, 14.1]",2,"[4, 8, 11, 15]",64
"[12.16, 6.62, 14.4, 8.86]",4,"[12, 6, 15, 9]",16
"[4.37, 7.23, 6.61, 9.47]",3,"[4, 4, 7, 11]",32
"[7.48, 8.35, 9.72, 10.59]",2,"[4, 8, 11, 15]",64
"[7.08, 9.42, 9.32, 11.66]",2,"[4, 8, 11, 15]",64
"[8.46, 2.14, 10.7, 4.38]",4,"[8, 2, 11, 5]",16
"[7.8, 7.45, 10.04, 9.69]",2,"[4, 4, 11, 11]",64
"[7.08, 4.83, 9.32, 7.07]",2,"[4, 4, 11, 11]",64
"[10.12, 2.58, 12.36, 4.82]",4,"[10, 2, 13, 5]",16
"[0.73, 1.72, 2.97, 3.96]",3,"[0, 0, 3, 7]",32
"[2.39, 0.2, 4.63, 2.44]",4,"[2, 0, 5, 3]",16
"[6.87, 2.18, 9.11, 4.42]",2,"[4, 0, 11, 7]",64
"[11.14, 3.47, 13.38, 5.71]",2,"[8, 0, 15, 7]",64
"[9.56, 12.05, 11.8, 14.29]",2,"[8, 8, 15, 15]",64
"[1.28, 8.76, 3.52, 11.0]",2,"[0, 8, 7, 15]",64
"[4.56, 2.93, 6.8, 5.17]",3,"[4, 0, 7, 7]",32
"[10.98, 9.1, 13.22, 11.34]",2,"[8, 8, 15, 15]",64
"[1.02, 9.8, 3.26, 12.04]",2,"[0, 8, 7, 15]",64
"[0.97, 6.84, 3.21, 9.08]",2,"[0, 4, 7, 11]",64
"[4.29, 6.21, 6.53, 8.45]",4,"[4, 6, 7, 9]",16
"[0.52, 6.63, 2.76, 8.87]",4,"[0, 6, 3, 9]",16
"[12.52, 0.7, 14.76, 2.94]",4,"[12, 0, 15, 3]",16
"[4.31, 4.21, 6.55, 6.45]",4,"[4, 4, 7, 7]",16
"[7.3, 9.81, 9.54, 12.05]",2,"[4, 8, 11, 15]",64
"[1.47, 5.64, 3.71, 7.88]",2,"[0, 4, 7, 11]",64
"[12.58, 0.33, 14.82, 2.57]",4,"[12, 0, 15, 3]",16
"[1.25, 1.34, 3.49, 3.58]",2,"[0, 0, 7, 7]",64
"[5.17, 7.68, 7.41, 9.92]",2,"[4, 4, 11, 11]",64
"[7.02, 6.55, 9.26, 8.79]",2,"[4, 4, 11, 11]",64
"[0.87, 1.11, 3.11, 3.35]",2,"[0, 0, 7, 7]",64
"[9.0, 5.54, 11.24, 7.78]",2,"[8, 4, 15, 11]",64
"[1.41, 5.26, 3.65, 7.5]",2,"[0, 4, 7, 11]",64
"[4.87, 10.02, 7.11, 12.26]",2,"[4, 8, 11, 15]",64
"[7.49, 8.39, 9.73, 10.63]",2,"[4, 8, 11, 15]",64
"[6.9, 9.37, 9.14, 11.61]",2,"[4, 8, 11, 15]",64
"[2.75, 0.47, 4.99, 2.71]",4,"[2, 0, 5, 3]",16
"[5.38, 7.22, 7.62, 9.46]",2,"[4, 4, 11, 11]",64
"[12.11, 7.9, 14.35, 10.14]",3,"[12, 4, 15, 11]",32
"[9.1, 1.53, 11.34, 3.77]",2,"[8, 0, 15, 7]",64
"[1.94, 0.08, 4.18, 2.32]",2,"[0, 0, 7, 7]",64
"[3.95, 5.08, 6.19, 7.32]",2,"[0, 4, 7, 11]",64
"[12.66, 10.22, 14.9, 12.46]",4,"[12, 10, 15, 13]",16
"[1.99, 7.97, 4.23, 10.21]",2,"[0, 4, 7, 11]",64
"[6.6, 10.0, 8.84, 12.24]",4,"[6, 10, 9, 13]",16
"[10.32, 3.16, 12.56, 5.4]",3,"[10, 0, 13, 7]",32
"[2.03, 11.19, 4.27, 13.43]",3,"[2, 8, 5, 15]",32
"[4.21, 9.26, 6.45, 11.5]",3,"[4, 8, 7, 15]",32
"[11.09, 12.76, 13.33, 15.0]",2,"[8, 8, 15, 15]",64
"[7.48, 0.73, 9.72, 2.97]",2,"[4, 0, 11, 7]",64
"[6.7, 9.33, 8.94, 11.57]",3,"[6, 8, 9, 15]",32
"[8.7, 3.87, 10.94, 6.11]",3,"[8, 0, 11, 7]",32
"[2.78, 3.62, 5.02, 5.86]",2,"[0, 0, 7, 7]",64
"[6.13, 7.9, 8.37, 10.14]",3,"[6, 4, 9, 11]",32
"[8.07, 1.76, 10.31, 4.0]",3,"[8, 0, 11, 7]",32
"[8.19, 11.09, 10.43, 13.33]",3,"[8, 8, 11, 15]",32
"[5.9, 8.39, 8.14, 10.63]",2,"[4, 8, 11, 15]",64
"[8.63, 1.47, 10.87, 3.71]",3,"[8, 0, 11, 7]",32
"[6.01, 10.05, 8.25, 12.29]",4,"[6, 10, 9, 13]",16
"[4.1, 9.98, 6.34, 12.22]",3,"[4, 8, 7, 15]",32
"[8.08, 0.58, 10.32, 2.82]",4,"[8, 0, 11, 3]",16
"[3.85, 5.59, 6.09, 7.83]",2,"[0, 4, 7, 11]",64
"[5.15, 11.16, 7.39, 13.4]",2,"[4, 8, 11, 15]",64
"[1.94, 3.86, 4.18, 6.1]",2,"[0, 0, 7, 7]",64
"[8.79, 5.08, 11.03, 7.32]",2,"[8, 4, 15, 11]",64
"[2.61, 8.47, 4.85, 10.71]",4,"[2, 8, 5, 11]",16
"[8.6, 4.91, 10.84, 7.15]",3,"[8, 4, 11, 11]",32
"[11.77, 2.61, 14.01, 4.85]",2,"[8, 0, 15, 7]",64
"[5.35, 7.74, 7.59, 9.98]",2,"[4, 4, 11, 11]",64
"[1.67, 6.49, 3.91, 8.73]",2,"[0, 4, 7, 11]",64
"[7.74, 3.8, 9.98, 6.04]",2,"[4, 0, 11, 7]",64
"[1.99, 2.5, 4.23, 4.74]",2,"[0, 0, 7, 7]",64
"[0.62, 7.93, 2.86, 10.17]",3,"[0, 4, 3, 11]",32
"[3.86, 2.99, 6.1, 5.23]",2,"[0, 0, 7, 7]",64
"[10.78, 8.12, 13.02, 10.36]",2,"[8, 8, 15, 15]",64
"[5.04, 9.47, 7.28, 11.71]",2,"[4, 8, 11, 15]",64
"[0.01, 5.12, 2.25, 7.36]",3,"[0, 4, 3, 11]",32
"[8.05, 4.36, 10.29, 6.6]",4,"[8, 4, 11, 7]",16
"[12.37, 1.89, 14.61, 4.13]",3,"[12, 0, 15, 7]",32
"[5.49, 10.17, 7.73, 12.41]",2,"[4, 8, 11, 15]",64
"[11.67, 5.44, 13.91, 7.68]",2,"[8, 4, 15, 11]",64
"[11.25, 10.17, 13.49, 12.41]",2,"[8, 8, 15, 15]",64
"[0.86, 12.71, 3.1, 14.95]",2,"[0, 8, 7, 15]",64
"[8.57, 1.38, 10.81, 3.62]",3,"[8, 0, 11, 7]",32
"[0, 5.77, 2.24, 8.01]",3,"[0, 4, 3, 11]",32
"[8.36, 10.85, 10.6, 13.09]",3,"[8, 8, 11, 15]",32
"[8.68, 10.87, 10.92, 13.11]",3,"[8, 8, 11, 15]",32
"[3.41, 10.05, 5.65, 12.29]",2,"[0, 8, 7, 15]",64
"[9.4, 3.67, 11.64, 5.91]",2,"[8, 0, 15, 7]",64
"[12.26, 11.33, 14.5, 13.57]",3,"[12, 8, 15, 15]",32
"[12.75, 11.54, 14.99, 13.78]",3,"[12, 8, 15, 15]",32
"[1.87, 6.17, 4.11, 8.41]",2,"[0, 4, 7, 11]",64
"[5.4, 2.87, 7.64, 5.11]",2,"[4, 0, 11, 7]",64
"[9.12, 5.62, 11.36, 7.86]",2,"[8, 4, 15, 11]",64
"[7.99, 10.49, 10.23, 12.73]",2,"[4, 8, 11, 15]",64
"[9.78, 5.72, 12.02, 7.96]",2,"[8, 4, 15, 11]",64
"[3.88, 12.49, 6.12, 14.73]",2,"[0, 8, 7, 15]",64
"[3.46, 9.83, 5.7, 12.07]",2,"[0, 8, 7, 15]",64
"[6.87, 5.83, 9.11, 8.07]",2,"[4, 4, 11, 11]",64
"[4.06, 2.43, 6.3, 4.67]",4,"[4, 2, 7, 5]",16
"[4.14, 5.34, 6.38, 7.58]",3,"[4, 4, 7, 11]",32
"[9.51, 3.1, 11.75, 5.34]",2,"[8, 0, 15, 7]",64
"[1.37, 6.44, 3.61, 8.68]",2,"[0, 4, 7, 11]",64
"[3.45, 10.36, 5.69, 12.6]",2,"[0, 8, 7, 15]",64
"[7.98, 1.25, 10.22, 3.49]",2,"[4, 0, 11, 7]",64
"[4.68, 5.01, 6.92, 7.25]",3,"[4, 4, 7, 11]",32
"[8.03, 10.07, 10.27, 12.31]",4,"[8, 10, 11, 13]",16
"[12.28, 1.35, 14.52, 3.59]",3,"[12, 0, 15, 7]",32
"[10.21, 3.49, 12.45, 5.73]",3,"[10, 0, 13, 7]",32
"[0.25, 1.01, 2.49, 3.25]",3,"[0, 0, 3, 7]",32
"[12.34, 2.0, 14.58, 4.24]",4,"[12, 2, 15, 5]",16
"[9.45, 8.57, 11.69, 10.81]",2,"[8, 8, 15, 15]",64
"[8.78, 4.8, 11.02, 7.04]",2,"[8, 4, 15, 11]",64
"[11.48, 4.1, 13.72, 6.34]",2,"[8, 0, 15, 7]",64
"[3.77, 5.76, 6.01, 8.0]",2,"[0, 4, 7, 11]",64
"[10.07, 10.47, 12.31, 12.71]",4,"[10, 10, 13, 13]",16
"[4.15, 2.43, 6.39, 4.67]",4,"[4, 2, 7, 5]",16
"[9.63, 9.86, 11.87, 12.1]",2,"[8, 8, 15, 15]",64
"[9.59, 5.51, 11.83, 7.75]",2,"[8, 4, 15, 11]",64
"[5.2, 3.68, 7.44, 5.92]",2,"[4, 0, 11, 7]",64
"[9.54, 3.08, 11.78, 5.32]",2,"[8, 0, 15, 7]",64
"[8.71, 0.88, 10.95, 3.12]",3,"[8, 0, 11, 7]",32
"[10.01, 5.78, 12.25, 8.02]",3,"[10, 4, 13, 11]",32
"[8.43, 10.59, 10.67, 12.83]",4,"[8, 10, 11, 13]",16
"[10.93, 0.67, 13.17, 2.91]",2,"[8, 0, 15, 7]",64
"[12.5, 6.36, 14.74, 8.6]",4,"[12, 6, 15, 9]",16
"[12.34, 12.31, 14.58, 14.55]",4,"[12, 12, 15, 15]",16
"[11.14, 6.84, 13.38, 9.08]",2,"[8, 4, 15, 11]",64
"[10.21, 2.88, 12.45, 5.12]",3,"[10, 0, 13, 7]",32
"[3.16, 9.91, 5.4, 12.15]",2,"[0, 8, 7, 15]",64
"[6.22, 7.24, 8.46, 9.48]",3,"[6, 4, 9, 11]",32
"[0.87, 2.58, 3.11, 4.82]",2,"[0, 0, 7, 7]",64
"[10.66, 12.63, 12.9, 14.87]",4,"[10, 12, 13, 15]",16
"[4.42, 11.89, 6.66, 14.13]",3,"[4, 8, 7, 15]",32
"[0.6, 6.1, 2.84, 8.34]",4,"[0, 6, 3, 9]",16
"[7.52, 12.55, 9.76, 14.79]",2,"[4, 8, 11, 15]",64
"[8.07, 6.64, 10.31, 8.88]",4,"[8, 6, 11, 9]",16
"[4.02, 11.63, 6.26, 13.87]",3,"[4, 8, 7, 15]",32
"[2.39, 2.41, 4.63, 4.65]",4,"[2, 2, 5, 5]",16
"[0.44, 1.2, 2.68, 3.44]",3,"[0, 0, 3, 7]",32
"[11.71, 5.89, 13.95, 8.13]",2,"[8, 4, 15, 11]",64
"[0.79, 6.87, 3.03, 9.11]",2,"[0, 4, 7, 11]",64
"[4.88, 5.81, 7.12, 8.05]",2,"[4, 4, 11, 11]",64
"[7.85, 2.36, 10.09, 4.6]",2,"[4, 0, 11, 7]",64
"[2.1, 2.26, 4.34, 4.5]",4,"[2, 2, 5, 5]",16
"[3.38, 5.77, 5.62, 8.01]",2,"[0, 4, 7, 11]",64
"[10.74, 4.1, 12.98, 6.34]",4,"[10, 4, 13, 7]",16
"[4.18, 0.09, 6.42, 2.33]",4,"[4, 0, 7, 3]",16
"[2.05, 2.22, 4.29, 4.46]",4,"[2, 2, 5, 5]",16
"[2.17, 6.05, 4.41, 8.29]",4,"[2, 6, 5, 9]",16
"[8.0, 7.03, 10.24, 9.27]",3,"[8, 4, 11, 11]",32
"[1.95, 3.22, 4.19, 5.46]",2,"[0, 0, 7, 7]",64
"[0.41, 7.02, 2.65, 9.26]",3,"[0, 4, 3, 11]",32
"[12.58, 12.34, 14.82, 14.58]",4,"[12, 12, 15, 15]",16
"[9.45, 7.68, 11.69, 9.92]",2,"[8, 4, 15, 11]",64
"[6.33, 4.46, 8.57, 6.7]",4,"[6, 4, 9, 7]",16
"[9.39, 10.07, 11.63, 12.31]",2,"[8, 8, 15, 15]",64
"[0.71, 5.18, 2.95, 7.42]",3,"[0, 4, 3, 11]",32
"[11.86, 1.38, 14.1, 3.62]",2,"[8, 0, 15, 7]",64
"[6.88, 12.36, 9.12, 14.6]",2,"[4, 8, 11, 15]",64
"[10.91, 8.06, 13.15, 10.3]",2,"[8, 8, 15, 15]",64
"[3.25, 4.4, 5.49, 6.64]",2,"[0, 0, 7, 7]",64
"[6.93, 3.19, 9.17, 5.43]",2,"[4, 0, 11, 7]",64
"[12.33, 1.26, 14.57, 3.5]",3,"[12, 0, 15, 7]",32
"[1.61, 3.66, 3.85, 5.9]",2,"[0, 0, 7, 7]",64
"[9.56, 5.09, 11.8, 7.33]",2,"[8, 4, 15, 11]",64
"[10.17, 8.08, 12.41, 10.32]",4,"[10, 8, 13, 11]",16
"[5.99, 5.22, 8.23, 7.46]",2,"[4, 4, 11, 11]",64
"[1.61, 11.19, 3.85, 13.43]",2,"[0, 8, 7, 15]",64
"[2.66, 10.32, 4.9, 12.56]",4,"[2, 10, 5, 13]",16
"[0.84, 5.0, 3.08, 7.24]",2,"[0, 4, 7, 11]",64
"[8.91, 7.41, 11.15, 9.65]",2,"[8, 4, 15, 11]",64
"[5.62, 11.97, 7.86, 14.21]",2,"[4, 8, 11, 15]",64
"[11.51, 2.01, 13.75, 4.25]",2,"[8, 0, 15, 7]",64
"[2.55, 5.13, 4.79, 7.37]",3,"[2, 4, 5, 11]",32
"[8.15, 1.63, 10.39, 3.87]",3,"[8, 0, 11, 7]",32
"[9.84, 8.78, 12.08, 11.02]",2,"[8, 8, 15, 15]",64
"[1.4, 4.76, 3.64, 7.0]",2,"[0, 0, 7, 7]",64
"[1.84, 12.29, 4.08, 14.53]",2,"[0, 8, 7, 15]",64
"[6.4, 1.84, 8.64, 4.08]",3,"[6, 0, 9, 7]",32
"[4.56, 9.3, 6.8, 11.54]",3,"[4, 8, 7, 15]",32
"[3.19, 6.86, 5.43, 9.1]",2,"[0, 4, 7, 11]",64
"[5.45, 7.85, 7.69, 10.09]",2,"[4, 4, 11, 11]",64
"[1.27, 9.46, 3.51, 11.7]",2,"[0, 8, 7, 15]",64
"[9.53, 5.94, 11.77, 8.18]",2,"[8, 4, 15, 11]",64
"[12.31, 3.38, 14.55, 5.62]",3,"[12, 0, 15, 7]",32
"[9.24, 0.32, 11.48, 2.56]",2,"[8, 0, 15, 7]",64
"[4.74, 2.16, 6.98, 4.4]",4,"[4, 2, 7, 5]",16
"[12.14, 2.44, 14.38, 4.68]",4,"[12, 2, 15, 5]",16
"[5.61, 4.66, 7.85, 6.9]",2,"[4, 0, 11, 7]",64
"[1.24, 11.17, 3.48, 13.41]",2,"[0, 8, 7, 15]",64
"[0.16, 12.26, 2.4, 14.5]",4,"[0, 12, 3, 15]",16
"[11.13, 4.18, 13.37, 6.42]",2,"[8, 0, 15, 7]",64
"[4.92, 0.28, 7.16, 2.52]",2,"[4, 0, 11, 7]",64
"[8.44, 4.45, 10.68, 6.69]",4,"[8, 4, 11, 7]",16
"[1.52, 5.12, 3.76, 7.36]",2,"[0, 4, 7, 11]",64
"[10.51, 5.54, 12.75, 7.78]",3,"[10, 4, 13, 11]",32
"[11.01, 9.35, 13.25, 11.59]",2,"[8, 8, 15, 15]",64
"[8.51, 3.35, 10.75, 5.59]",3,"[8, 0, 11, 7]",32
"[12.4, 6.91, 14.64, 9.15]",3,"[12, 4, 15, 11]",32
"[0.29, 10.12, 2.53, 12.36]",4,"[0, 10, 3, 13]",16
"[2.77, 1.94, 5.01, 4.18]",2,"[0, 0, 7, 7]",64
"[11.88, 0.55, 14.12, 2.79]",2,"[8, 0, 15, 7]",64
"[8.17, 11.33, 10.41, 13.57]",3,"[8, 8, 11, 15]",32
"[2.47, 11.46, 4.71, 13.7]",3,"[2, 8, 5, 15]",32
"[5.4, 2.9, 7.64, 5.14]",2,"[4, 0, 11, 7]",64
"[3.83, 11.31, 6.07, 13.55]",2,"[0, 8, 7, 15]",64
"[1.65, 3.29, 3.89, 5.53]",2,"[0, 0, 7, 7]",64
"[9.97, 11.56, 12.21, 13.8]",2,"[8, 8, 15, 15]",64
"[11.83, 6.14, 14.07, 8.38]",2,"[8, 4, 15, 11]",64
"[5.23, 2.21, 7.47, 4.45]",2,"[4, 0, 11, 7]",64
"[3.73, 10.76, 5.97, 13.0]",2,"[0, 8, 7, 15]",64
"[2.59, 7.71, 4.83, 9.95]",3,"[2, 4, 5, 11]",32
"[5.16, 1.09, 7.4, 3.33]",2,"[4, 0, 11, 7]",64
"[0.3, 7.29, 2.54, 9.53]",3,"[0, 4, 3, 11]",32
"[2.04, 5.45, 4.28, 7.69]",3,"[2, 4, 5, 11]",32
"[8.05, 7.89, 10.29, 10.13]",3,"[8, 4, 11, 11]",32
"[7.94, 6.07, 10.18, 8.31]",2,"[4, 4, 11, 11]",64
"[9.02, 3.91, 11.26, 6.15]",2,"[8, 0, 15, 7]",64
"[1.2, 12.56, 3.44, 14.8]",2,"[0, 8, 7, 15]",64
"[4.93, 4.11, 7.17, 6.35]",2,"[4, 0, 11, 7]",64
"[6.04, 0.86, 8.28, 3.1]",3,"[6, 0, 9, 7]",32
"[12.33, 10.59, 14.57, 12.83]",4,"[12, 10, 15, 13]",16
"[8.59, 3.15, 10.83, 5.39]",3,"[8, 0, 11, 7]",32
"[7.93, 11.46, 10.17, 13.7]",2,"[4, 8, 11, 15]",64
"[6.29, 10.57, 8.53, 12.81]",4,"[6, 10, 9, 13]",16
"[5.73, 2.71, 7.97, 4.95]",2,"[4, 0, 11, 7]",64
"[1.51, 12.09, 3.75, 14.33]",2,"[0, 8, 7, 15]",64
"[12.02, 3.55, 14.26, 5.79]",3,"[12, 0, 15, 7]",32
"[8.71, 1.61, 10.95, 3.85]",3,"[8, 0, 11, 7]",32
"[9.98, 1.74, 12.22, 3.98]",2,"[8, 0, 15, 7]",64
"[2.96, 5.52, 5.2, 7.76]",2,"[0, 4, 7, 11]",64
"[8.19, 5.15, 10.43, 7.39]",3,"[8, 4, 11, 11]",32
"[0.19, 4.13, 2.43, 6.37]",4,"[0, 4, 3, 7]",16
"[7.24, 4.92, 9.48, 7.16]",2,"[4, 4, 11, 11]",64
"[9.48, 5.76, 11.72, 8.0]",2,"[8, 4, 15, 11]",64
"[11.47, 1.31, 13.71, 3.55]",2,"[8, 0, 15, 7]",64
"[11.26, 4.06, 13.5, 6.3]",2,"[8, 0, 15, 7]",64
"[12.52, 4.14, 14.76, 6.38]",4,"[12, 4, 15, 7]",16
"[5.7, 3.39, 7.94, 5.63]",2,"[4, 0, 11, 7]",64
"[10.41, 9.64, 12.65, 11.88]",3,"[10, 8, 13, 15]",32
"[0.48, 11.76, 2.72, 14.0]",3,"[0, 8, 3, 15]",32
"[0.57, 10.03, 2.81, 12.27]",4,"[0, 10, 3, 13]",16
"[8.43, 2.99, 10.67, 5.23]",3,"[8, 0, 11, 7]",32
"[4.84, 10.6, 7.08, 12.84]",2,"[4, 8, 11, 15]",64
"[2.51, 6.38, 4.75, 8.62]",4,"[2, 6, 5, 9]",16
"[4.93, 12.02, 7.17, 14.26]",2,"[4, 8, 11, 15]",64
"[2.67, 5.6, 4.91, 7.84]",3,"[2, 4, 5, 11]",32
"[2.75, 6.24, 4.99, 8.48]",4,"[2, 6, 5, 9]",16
"[12.06, 0.21, 14.3, 2.45]",4,"[12, 0, 15, 3]",16
"[1.23, 8.94, 3.47, 11.18]",2,"[0, 8, 7, 15]",64
"[7.22, 9.44, 9.46, 11.68]",2,"[4, 8, 11, 15]",64
"[5.99, 8.95, 8.23, 11.19]",2,"[4, 8, 11, 15]",64
"[2.61, 1.63, 4.85, 3.87]",3,"[2, 0, 5, 7]",32
"[2.34, 11.24, 4.58, 13.48]",3,"[2, 8, 5, 15]",32
"[8.1, 6.53, 10.34, 8.77]",4,"[8, 6, 11, 9]",16
"[4.8, 3.75, 7.04, 5.99]",2,"[4, 0, 11, 7]",64
"[2.68, 2.13, 4.92, 4.37]",4,"[2, 2, 5, 5]",16
"[5.48, 11.8, 7.72, 14.04]",2,"[4, 8, 11, 15]",64
"[4.44, 8.2, 6.68, 10.44]",4,"[4, 8, 7, 11]",16
"[3.99, 1.11, 6.23, 3.35]",2,"[0, 0, 7, 7]",64
"[5.96, 7.49, 8.2, 9.73]",2,"[4, 4, 11, 11]",64
"[5.11, 3.41, 7.35, 5.65]",2,"[4, 0, 11, 7]",64
"[0.55, 3.08, 2.79, 5.32]",3,"[0, 0, 3, 7]",32
"[1.15, 2.26, 3.39, 4.5]",2,"[0, 0, 7, 7]",64
"[12.45, 6.01, 14.69, 8.25]",4,"[12, 6, 15, 9]",16
"[2.76, 4.93, 5.0, 7.17]",3,"[2, 4, 5, 11]",32
"[9.92, 11.18, 12.16, 13.42]",2,"[8, 8, 15, 15]",64
"[4.15, 0.13, 6.39, 2.37]",4,"[4, 0, 7, 3]",16
"[4.3, 9.29, 6.54, 11.53]",3,"[4, 8, 7, 15]",32
"[1.73, 5.48, 3.97, 7.72]",2,"[0, 4, 7, 11]",64
"[5.54, 9.57, 7.78, 11.81]",2,"[4, 8, 11, 15]",64
"[5.94, 6.57, 8.18, 8.81]",2,"[4, 4, 11, 11]",64
"[0.92, 10.66, 3.16, 12.9]",2,"[0, 8, 7, 15]",64
"[1.51, 10.48, 3.75, 12.72]",2,"[0, 8, 7, 15]",64
"[8.25, 7.41, 10.49, 9.65]",3,"[8, 4, 11, 11]",32
"[0.53, 7.68, 2.77, 9.92]",3,"[0, 4, 3, 11]",32
"[12.68, 0.28, 14.92, 2.52]",4,"[12, 0, 15, 3]",16
"[3.48, 4.79, 5.72, 7.03]",2,"[0, 4, 7, 11]",64
"[11.8, 0.06, 14.04, 2.3]",2,"[8, 0, 15, 7]",64
"[5.25, 8.47, 7.49, 10.71]",2,"[4, 8, 11, 15]",64
"[8.54, 5.32, 10.78, 7.56]",3,"[8, 4, 11, 11]",32
"[8.78, 5.69, 11.02, 7.93]",2,"[8, 4, 15, 11]",64
"[5.16, 11.67, 7.4, 13.91]",2,"[4, 8, 11, 15]",64
"[5.45, 0.13, 7.69, 2.37]",2,"[4, 0, 11, 7]",64
"[0.54, 1.36, 2.78, 3.6]",3,"[0, 0, 3, 7]",32
"[8.11, 9.43, 10.35, 11.67]",3,"[8, 8, 11, 15]",32
"[12.44, 1.32, 14.68, 3.56]",3,"[12, 0, 15, 7]",32
"[10.8, 4.55, 13.04, 6.79]",2,"[8, 0, 15, 7]",64
"[7.84, 2.43, 10.08, 4.67]",2,"[4, 0, 11, 7]",64
"[2.47, 10.65, 4.71, 12.89]",4,"[2, 10, 5, 13]",16
"[5.88, 12.59, 8.12, 14.83]",2,"[4, 8, 11, 15]",64
"[1.49, 3.26, 3.73, 5.5]",2,"[0, 0, 7, 7]",64
"[9.3, 9.39, 11.54, 11.63]",2,"[8, 8, 15, 15]",64
"[8.82, 1.62, 11.06, 3.86]",2,"[8, 0, 15, 7]",64
"[12.67, 4.01, 14.91, 6.25]",4,"[12, 4, 15, 7]",16
"[4.33, 0.91, 6.57, 3.15]",3,"[4, 0, 7, 7]",32
"[0.78, 9.7, 3.02, 11.94]",2,"[0, 8, 7, 15]",64
"[12.59, 0.85, 14.83, 3.09]",3,"[12, 0, 15, 7]",32
"[3.72, 3.11, 5.96, 5.35]",2,"[0, 0, 7, 7]",64
"[0.52, 0, 2.76, 2.24]",4,"[0, 0, 3, 3]",16
"[4.07, 10.19, 6.31, 12.43]",4,"[4, 10, 7, 13]",16
"[3.18, 10.93, 5.42, 13.17]",2,"[0, 8, 7, 15]",64
"[7.82, 7.79, 10.06, 10.03]",2,"[4, 4, 11, 11]",64
"[2.78, 5.09, 5.02, 7.33]",2,"[0, 4, 7, 11]",64
"[11.5, 5.18, 13.74, 7.42]",2,"[8, 4, 15, 11]",64
"[7.83, 1.94, 10.07, 4.18]",2,"[4, 0, 11, 7]",64
"[7.92, 5.99, 10.16, 8.23]",2,"[4, 4, 11, 11]",64
"[0.31, 2.85, 2.55, 5.09]",3,"[0, 0, 3, 7]",32
"[2.58, 0.99, 4.82, 3.23]",3,"[2, 0, 5, 7]",32
"[1.71, 0.61, 3.95, 2.85]",2,"[0, 0, 7, 7]",64
"[1.93, 7.43, 4.17, 9.67]",2,"[0, 4, 7, 11]",64
"[9.31, 3.66, 11.55, 5.9]",2,"[8, 0, 15, 7]",64
"[9.76, 12.56, 12.0, 14.8]",2,"[8, 8, 15, 15]",64
"[1.07, 10.37, 3.31, 12.61]",2,"[0, 8, 7, 15]",64
"[2.33, 5.2, 4.57, 7.44]",3,"[2, 4, 5, 11]",32
"[11.6, 4.22, 13.84, 6.46]",2,"[8, 0, 15, 7]",64
"[2.31, 2.03, 4.55, 4.27]",4,"[2, 2, 5, 5]",16
"[0.06, 8.33, 2.3, 10.57]",4,"[0, 8, 3, 11]",16
"[9.53, 10.01, 11.77, 12.25]",2,"[8, 8, 15, 15]",64
"[9.59, 8.47, 11.83, 10.71]",2,"[8, 8, 15, 15]",64
"[3.65, 3.34, 5.89, 5.58]",2,"[0, 0, 7, 7]",64
"[11.28, 6.24, 13.52, 8.48]",2,"[8, 4, 15, 11]",64
"[10.58, 8.64, 12.82, 10.88]",4,"[10, 8, 13, 11]",16
"[2.11, 5.98, 4.35, 8.22]",3,"[2, 4, 5, 11]",32
"[8.38, 7.8, 10.62, 10.04]",3,"[8, 4, 11, 11]",32
"[7.81, 9.1, 10.05, 11.34]",2,"[4, 8, 11, 15]",64
"[8.04, 10.19, 10.28, 12.43]",4,"[8, 10, 11, 13]",16
"[3.35, 1.54, 5.59, 3.78]",2,"[0, 0, 7, 7]",64
"[2.68, 2.47, 4.92, 4.71]",4,"[2, 2, 5, 5]",16
"[11.51, 7.53, 13.75, 9.77]",2,"[8, 4, 15, 11]",64
"[3.96, 4.77, 6.2, 7.01]",2,"[0, 4, 7, 11]",64
"[9.29, 4.17, 11.53, 6.41]",2,"[8, 0, 15, 7]",64
"[1.39, 9.95, 3.63, 12.19]",2,"[0, 8, 7, 15]",64
"[0.06, 11.74, 2.3, 13.98]",3,"[0, 8, 3, 15]",32
"[11.49, 7.78, 13.73, 10.02]",2,"[8, 4, 15, 11]",64
"[3.22, 1.1, 5.46, 3.34]",2,"[0, 0, 7, 7]",64
"[10.07, 6.33, 12.31, 8.57]",4,"[10, 6, 13, 9]",16
"[3.22, 0.43, 5.46, 2.67]",2,"[0, 0, 7, 7]",64
"[10.35, 10.46, 12.59, 12.7]",4,"[10, 10, 13, 13]",16
"[11.88, 11.73, 14.12, 13.97]",2,"[8, 8, 15, 15]",64
"[6.13, 5.41, 8.37, 7.65]",3,"[6, 4, 9, 11]",32
"[1.64, 6.33, 3.88, 8.57]",2,"[0, 4, 7, 11]",64
"[10.37, 9.75, 12.61, 11.99]",3,"[10, 8, 13, 15]",32
"[0.33, 11.39, 2.57, 13.63]",3,"[0, 8, 3, 15]",32
"[2.12, 3.88, 4.36, 6.12]",3,"[2, 0, 5, 7]",32
"[12.3, 3.37, 14.54, 5.61]",3,"[12, 0, 15, 7]",32
"[8.88, 10.74, 11.12, 12.98]",2,"[8, 8, 15, 15]",64
"[8.8, 0.33, 11.04, 2.57]",2,"[8, 0, 15, 7]",64
"[6.95, 2.76, 9.19, 5.0]",2,"[4, 0, 11, 7]",64
"[11.4, 2.48, 13.64, 4.72]",2,"[8, 0, 15, 7]",64
"[3.26, 6.01, 5.5, 8.25]",2,"[0, 4, 7, 11]",64
"[4.41, 6.09, 6.65, 8.33]",4,"[4, 6, 7, 9]",16
"[3.61, 5.6, 5.85, 7.84]",2,"[0, 4, 7, 11]",64
"[10.73, 2.4, 12.97, 4.64]",4,"[10, 2, 13, 5]",16
"[8.25, 6.4, 10.49, 8.64]",4,"[8, 6, 11, 9]",16
"[2.12, 6.8, 4.36, 9.04]",3,"[2, 4, 5, 11]",32
"[5.96, 8.13, 8.2, 10.37]",2,"[4, 8, 11, 15]",64
"[3.17, 6.83, 5.41, 9.07]",2,"[0, 4, 7, 11]",64
"[2.63, 10.74, 4.87, 12.98]",4,"[2, 10, 5, 13]",16
"[8.76, 4.21, 11.0, 6.45]",4,"[8, 4, 11, 7]",16
"[1.53, 2.99, 3.77, 5.23]",2,"[0, 0, 7, 7]",64
"[10.64, 7.95, 12.88, 10.19]",3,"[10, 4, 13, 11]",32
"[3.04, 10.64, 5.28, 12.88]",2,"[0, 8, 7, 15]",64
"[10.66, 9.16, 12.9, 11.4]",3,"[10, 8, 13, 15]",32
"[4.18, 10.11, 6.42, 12.35]",4,"[4, 10, 7, 13]",16
"[9.26, 10.65, 11.5, 12.89]",2,"[8, 8, 15, 15]",64
"[7.17, 10.72, 9.41, 12.96]",2,"[4, 8, 11, 15]",64
"[2.93, 1.29, 5.17, 3.53]",2,"[0, 0, 7, 7]",64
"[4.62, 4.18, 6.86, 6.42]",4,"[4, 4, 7, 7]",16
"[0.96, 9.55, 3.2, 11.79]",2,"[0, 8, 7, 15]",64
"[2.42, 3.03, 4.66, 5.27]",3,"[2, 0, 5, 7]",32
"[3.31, 0.79, 5.55, 3.03]",2,"[0, 0, 7, 7]",64
"[6.4, 6.98, 8.64, 9.22]",3,"[6, 4, 9, 11]",32
"[7.86, 1.4, 10.1, 3.64]",2,"[4, 0, 11, 7]",64
"[5.17, 12.19, 7.41, 14.43]",2,"[4, 8, 11, 15]",64
"[2.67, 12.62, 4.91, 14.86]",4,"[2, 12, 5, 15]",16
"[9.19, 4.05, 11.43, 6.29]",2,"[8, 0, 15, 7]",64
"[10.79, 4.32, 13.03, 6.56]",2,"[8, 0, 15, 7]",64
"[1.39, 9.48, 3.63, 11.72]",2,"[0, 8, 7, 15]",64
"[10.83, 6.36, 13.07, 8.6]",2,"[8, 4, 15, 11]",64
"[5.35, 11.33, 7.59, 13.57]",2,"[4, 8, 11, 15]",64
"[6.9, 12.43, 9.14, 14.67]",2,"[4, 8, 11, 15]",64
"[7.17, 10.48, 9.41, 12.72]",2,"[4, 8, 11, 15]",64
"[11.49, 2.98, 13.73, 5.22]",2,"[8, 0, 15, 7]",64
"[5.24, 1.73, 7.48, 3.97]",2,"[4, 0, 11, 7]",64
"[8.62, 8.35, 10.86, 10.59]",4,"[8, 8, 11, 11]",16
"[12.32, 8.09, 14.56, 10.33]",4,"[12, 8, 15, 11]",16
"[7.5, 11.37, 9.74, 13.61]",2,"[4, 8, 11, 15]",64
"[10.97, 9.22, 13.21, 11.46]",2,"[8, 8, 15, 15]",64
"[7.97, 1.19, 10.21, 3.43]",2,"[4, 0, 11, 7]",64
"[4.42, 9.7, 6.66, 11.94]",3,"[4, 8, 7, 15]",32
"[4.8, 10.19, 7.04, 12.43]",2,"[4, 8, 11, 15]",64
"[5.42, 0.89, 7.66, 3.13]",2,"[4, 0, 11, 7]",64
"[10.95, 4.19, 13.19, 6.43]",2,"[8, 0, 15, 7]",64
"[1.15, 12.19, 3.39, 14.43]",2,"[0, 8, 7, 15]",64
"[10.3, 5.61, 12.54, 7.85]",3,"[10, 4, 13, 11]",32
"[1.63, 10.34, 3.87, 12.58]",2,"[0, 8, 7, 15]",64
"[11.98, 7.47, 14.22, 9.71]",2,"[8, 4, 15, 11]",64
"[9.13, 10.63, 11.37, 12.87]",2,"[8, 8, 15, 15]",64
"[1.06, 9.89, 3.3, 12.13]",2,"[0, 8, 7, 15]",64
"[4.06, 1.46, 6.3, 3.7]",3,"[4, 0, 7, 7]",32
"[10.59, 6.03, 12.83, 8.27]",4,"[10, 6, 13, 9]",16
"[7.79, 4.47, 10.03, 6.71]",2,"[4, 0, 11, 7]",64
"[12.48, 3.08, 14.72, 5.32]",3,"[12, 0, 15, 7]",32
"[1.53, 0.75, 3.77, 2.99]",2,"[0, 0, 7, 7]",64
"[3.81, 11.9, 6.05, 14.14]",2,"[0, 8, 7, 15]",64
"[4.39, 6.31, 6.63, 8.55]",4,"[4, 6, 7, 9]",16
"[1.04, 8.52, 3.28, 10.76]",2,"[0, 8, 7, 15]",64
"[1.72, 8.95, 3.96, 11.19]",2,"[0, 8, 7, 15]",64
"[6.28, 9.26, 8.52, 11.5]",3,"[6, 8, 9, 15]",32
"[7.35, 2.84, 9.59, 5.08]",2,"[4, 0, 11, 7]",64
"[7.27, 2.46, 9.51, 4.7]",2,"[4, 0, 11, 7]",64
"[3.74, 4.4, 5.98, 6.64]",2,"[0, 0, 7, 7]",64
"[2.35, 1.03, 4.59, 3.27]",3,"[2, 0, 5, 7]",32
"[0.83, 11.22, 3.07, 13.46]",2,"[0, 8, 7, 15]",64
"[1.05, 4.89, 3.29, 7.13]",2,"[0, 4, 7, 11]",64
"[9.8, 11.07, 12.04, 13.31]",2,"[8, 8, 15, 15]",64
"[10.59, 6.56, 12.83, 8.8]",4,"[10, 6, 13, 9]",16
"[6.19, 1.04, 8.43, 3.28]",3,"[6, 0, 9, 7]",32
"[11.51, 12.17, 13.75, 14.41]",2,"[8, 8, 15, 15]",64
"[4.1, 11.38, 6.34, 13.62]",3,"[4, 8, 7, 15]",32
"[4.15, 10.99, 6.39, 13.23]",3,"[4, 8, 7, 15]",32
"[4.93, 11.53, 7.17, 13.77]",2,"[4, 8, 11, 15]",64
"[1.31, 0.68, 3.55, 2.92]",2,"[0, 0, 7, 7]",64
"[7.18, 0.94, 9.42, 3.18]",2,"[4, 0, 11, 7]",64
"[3.39, 4.89, 5.63, 7.13]",2,"[0, 4, 7, 11]",64
"[10.62, 12.21, 12.86, 14.45]",4,"[10, 12, 13, 15]",16
"[10.98, 3.56, 13.22, 5.8]",2,"[8, 0, 15, 7]",64
"[4.2, 5.89, 6.44, 8.13]",3,"[4, 4, 7, 11]",32
"[6.61, 9.6, 8.85, 11.84]",3,"[6, 8, 9, 15]",32
"[5.04, 8.72, 7.28, 10.96]",2,"[4, 8, 11, 15]",64
"[1.78, 8.67, 4.02, 10.91]",2,"[0, 8, 7, 15]",64
"[8.39, 8.55, 10.63, 10.79]",4,"[8, 8, 11, 11]",16
"[7.14, 4.71, 9.38, 6.95]",2,"[4, 0, 11, 7]",64
"[6.13, 1.78, 8.37, 4.02]",3,"[6, 0, 9, 7]",32
"[0.1, 1.26, 2.34, 3.5]",3,"[0, 0, 3, 7]",32
"[11.17, 3.33, 13.41, 5.57]",2,"[8, 0, 15, 7]",64
"[7.08, 3.26, 9.32, 5.5]",2,"[4, 0, 11, 7]",64
"[0.38, 0.9, 2.62, 3.14]",3,"[0, 0, 3, 7]",32
"[1.72, 1.73, 3.96, 3.97]",2,"[0, 0, 7, 7]",64
"[8.73, 10.84, 10.97, 13.08]",3,"[8, 8, 11, 15]",32
"[7.42, 5.97, 9.66, 8.21]",2,"[4, 4, 11, 11]",64
"[0.66, 0.7, 2.9, 2.94]",4,"[0, 0, 3, 3]",16
"[2.17, 7.92, 4.41, 10.16]",3,"[2, 4, 5, 11]",32
"[8.42, 8.99, 10.66, 11.23]",3,"[8, 8, 11, 15]",32
"[6.15, 5.71, 8.39, 7.95]",3,"[6, 4, 9, 11]",32
"[2.97, 7.09, 5.21, 9.33]",2,"[0, 4, 7, 11]",64
"[2.06, 1.4, 4.3, 3.64]",3,"[2, 0, 5, 7]",32
"[7.43, 4.23, 9.67, 6.47]",2,"[4, 0, 11, 7]",64
"[9.99, 7.22, 12.23, 9.46]",2,"[8, 4, 15, 11]",64
"[9.23, 11.09, 11.47, 13.33]",2,"[8, 8, 15, 15]",64
"[8.31, 6.41, 10.55, 8.65]",4,"[8, 6, 11, 9]",16
"[2.14, 10.11, 4.38, 12.35]",4,"[2, 10, 5, 13]",16
"[3.72, 0.4, 5.96, 2.64]",2,"[0, 0, 7, 7]",64
"[3.52, 12.63, 5.76, 14.87]",2,"[0, 8, 7, 15]",64
"[8.25, 0.27, 10.49, 2.51]",4,"[8, 0, 11, 3]",16
"[0.85, 1.97, 3.09, 4.21]",2,"[0, 0, 7, 7]",64
"[9.42, 9.35, 11.66, 11.59]",2,"[8, 8, 15, 15]",64
"[5.45, 2.34, 7.69, 4.58]",2,"[4, 0, 11, 7]",64
"[8.25, 8.62, 10.49, 10.86]",4,"[8, 8, 11, 11]",16
"[5.83, 7.88, 8.07, 10.12]",2,"[4, 4, 11, 11]",64
"[2.15, 7.98, 4.39, 10.22]",3,"[2, 4, 5, 11]",32
"[10.02, 6.07, 12.26, 8.31]",4,"[10, 6, 13, 9]",16
"[6.75, 2.24, 8.99, 4.48]",4,"[6, 2, 9, 5]",16
"[6.32, 6.9, 8.56, 9.14]",3,"[6, 4, 9, 11]",32
"[11.5, 11.45, 13.74, 13.69]",2,"[8, 8, 15, 15]",64
"[11.28, 0.16, 13.52, 2.4]",2,"[8, 0, 15, 7]",64
"[0.41, 4.64, 2.65, 6.88]",4,"[0, 4, 3, 7]",16
"[10.66, 1.64, 12.9, 3.88]",3,"[10, 0, 13, 7]",32
"[8.26, 7.59, 10.5, 9.83]",3,"[8, 4, 11, 11]",32
"[2.01, 6.25, 4.25, 8.49]",4,"[2, 6, 5, 9]",16
"[3.8, 7.78, 6.04, 10.02]",2,"[0, 4, 7, 11]",64
"[3.98, 8.01, 6.22, 10.25]",2,"[0, 8, 7, 15]",64
"[7.21, 2.92, 9.45, 5.16]",2,"[4, 0, 11, 7]",64
"[1.49, 0.18, 3.73, 2.42]",2,"[0, 0, 7, 7]",64
"[8.51, 2.42, 10.75, 4.66]",4,"[8, 2, 11, 5]",16
"[11.02, 6.83, 13.26, 9.07]",2,"[8, 4, 15, 11]",64
"[5.07, 8.78, 7.31, 11.02]",2,"[4, 8, 11, 15]",64
"[7.88, 4.92, 10.12, 7.16]",2,"[4, 4, 11, 11]",64
"[6.83, 5.83, 9.07, 8.07]",2,"[4, 4, 11, 11]",64
"[4.08, 6.18, 6.32, 8.42]",4,"[4, 6, 7, 9]",16
"[9.99, 5.75, 12.23, 7.99]",2,"[8, 4, 15, 11]",64
"[2.3, 4.63, 4.54, 6.87]",4,"[2, 4, 5, 7]",16
"[3.29, 10.61, 5.53, 12.85]",2,"[0, 8, 7, 15]",64
"[10.79, 7.47, 13.03, 9.71]",2,"[8, 4, 15, 11]",64
"[2.96, 5.44, 5.2, 7.68]",2,"[0, 4, 7, 11]",64
"[2.83, 0.04, 5.07, 2.28]",2,"[0, 0, 7, 7]",64
"[4.16, 4.8, 6.4, 7.04]",3,"[4, 4, 7, 11]",32
"[12.38, 4.7, 14.62, 6.94]",4,"[12, 4, 15, 7]",16
"[0.9, 11.58, 3.14, 13.82]",2,"[0, 8, 7, 15]",64
"[4.65, 4.0, 6.89, 6.24]",4,"[4, 4, 7, 7]",16
"[1.89, 7.54, 4.13, 9.78]",2,"[0, 4, 7, 11]",64
"[5.81, 9.78, 8.05, 12.02]",2,"[4, 8, 11, 15]",64
"[4.45, 10.62, 6.69, 12.86]",4,"[4, 10, 7, 13]",16
"[4.42, 8.96, 6.66, 11.2]",3,"[4, 8, 7, 15]",32
"[10.18, 3.13, 12.42, 5.37]",3,"[10, 0, 13, 7]",32
"[10.31, 2.98, 12.55, 5.22]",3,"[10, 0, 13, 7]",32
"[0.41, 4.7, 2.65, 6.94]",4,"[0, 4, 3, 7]",16
"[3.36, 6.38, 5.6, 8.62]",2,"[0, 4, 7, 11]",64
"[2.57, 11.69, 4.81, 13.93]",3,"[2, 8, 5, 15]",32
"[1.09, 7.83, 3.33, 10.07]",2,"[0, 4, 7, 11]",64
"[7.85, 5.02, 10.09, 7.26]",2,"[4, 4, 11, 11]",64
"[5.55, 3.43, 7.79, 5.67]",2,"[4, 0, 11, 7]",64
"[12.2, 5.05, 14.44, 7.29]",3,"[12, 4, 15, 11]",32
"[2.03, 4.34, 4.27, 6.58]",4,"[2, 4, 5, 7]",16
"[0.84, 1.54, 3.08, 3.78]",2,"[0, 0, 7, 7]",64
"[6.45, 6.17, 8.69, 8.41]",4,"[6, 6, 9, 9]",16
"[10.88, 1.61, 13.12, 3.85]",2,"[8, 0, 15, 7]",64
"[2.02, 2.55, 4.26, 4.79]",4,"[2, 2, 5, 5]",16
"[2.58, 8.88, 4.82, 11.12]",3,"[2, 8, 5, 15]",32
"[0.85, 3.75, 3.09, 5.99]",2,"[0, 0, 7, 7]",64
"[10.22, 8.8, 12.46, 11.04]",3,"[10, 8, 13, 15]",32
"[11.87, 12.51, 14.11, 14.75]",2,"[8, 8, 15, 15]",64
"[1.57, 1.76, 3.81, 4.0]",2,"[0, 0, 7, 7]",64
"[1.0, 11.22, 3.24, 13.46]",2,"[0, 8, 7, 15]",64
"[0.98, 11.1, 3.22, 13.34]",2,"[0, 8, 7, 15]",64
"[7.61, 7.14, 9.85, 9.38]",2,"[4, 4, 11, 11]",64
"[3.75, 8.89, 5.99, 11.13]",2,"[0, 8, 7, 15]",64
"[5.42, 6.36, 7.66, 8.6]",2,"[4, 4, 11, 11]",64
"[8.03, 3.71, 10.27, 5.95]",3,"[8, 0, 11, 7]",32
"[6.21, 12.55, 8.45, 14.79]",4,"[6, 12, 9, 15]",16
"[1.34, 11.6, 3.58, 13.84]",2,"[0, 8, 7, 15]",64
"[7.02, 3.07, 9.26, 5.31]",2,"[4, 0, 11, 7]",64
"[10.99, 2.31, 13.23, 4.55]",2,"[8, 0, 15, 7]",64
"[4.04, 11.16, 6.28, 13.4]",3,"[4, 8, 7, 15]",32
"[11.7, 6.09, 13.94, 8.33]",2,"[8, 4, 15, 11]",64
"[6.11, 8.08, 8.35, 10.32]",4,"[6, 8, 9, 11]",16
"[2.28, 0.23, 4.52, 2.47]",4,"[2, 0, 5, 3]",16
"[4.8, 8.66, 7.04, 10.9]",2,"[4, 8, 11, 15]",64
"[2.94, 0.61, 5.18, 2.85]",2,"[0, 0, 7, 7]",64
"[1.74, 1.6, 3.98, 3.84]",2,"[0, 0, 7, 7]",64
"[6.85, 2.3, 9.09, 4.54]",2,"[4, 0, 11, 7]",64
"[6.77, 9.87, 9.01, 12.11]",2,"[4, 8, 11, 15]",64
"[5.75, 0.23, 7.99, 2.47]",2,"[4, 0, 11, 7]",64
"[9.79, 6.91, 12.03, 9.15]",2,"[8, 4, 15, 11]",64
"[6.97, 7.82, 9.21, 10.06]",2,"[4, 4, 11, 11]",64
"[7.64, 9.45, 9.88, 11.69]",2,"[4, 8, 11, 15]",64
"[1.97, 1.47, 4.21, 3.71]",2,"[0, 0, 7, 7]",64
"[8.49, 7.19, 10.73, 9.43]",3,"[8, 4, 11, 11]",32
"[5.26, 10.64, 7.5, 12.88]",2,"[4, 8, 11, 15]",64
"[12.3, 10.09, 14.54, 12.33]",4,"[12, 10, 15, 13]",16
"[9.44, 12.47, 11.68, 14.71]",2,"[8, 8, 15, 15]",64
"[8.58, 9.62, 10.82, 11.86]",3,"[8, 8, 11, 15]",32
"[1.88, 2.51, 4.12, 4.75]",2,"[0, 0, 7, 7]",64
"[1.2, 8.77, 3.44, 11.01]",2,"[0, 8, 7, 15]",64
"[5.71, 11.14, 7.95, 13.38]",2,"[4, 8, 11, 15]",64
"[3.45, 10.34, 5.69, 12.58]",2,"[0, 8, 7, 15]",64
"[10.8, 3.77, 13.04, 6.01]",2,"[8, 0, 15, 7]",64
"[7.07, 5.13, 9.31, 7.37]",2,"[4, 4, 11, 11]",64
"[8.71, 3.9, 10.95, 6.14]",3,"[8, 0, 11, 7]",32
"[12.75, 5.81, 14.99, 8.05]",3,"[12, 4, 15, 11]",32
"[4.78, 12.44, 7.02, 14.68]",2,"[4, 8, 11, 15]",64
"[5.5, 1.62, 7.74, 3.86]",2,"[4, 0, 11, 7]",64
"[11.1, 8.28, 13.34, 10.52]",2,"[8, 8, 15, 15]",64
"[2.08, 10.26, 4.32, 12.5]",4,"[2, 10, 5, 13]",16
"[1.12, 11.73, 3.36, 13.97]",2,"[0, 8, 7, 15]",64
"[10.13, 11.37, 12.37, 13.61]",3,"[10, 8, 13, 15]",32
"[2.04, 3.69, 4.28, 5.93]",3,"[2, 0, 5, 7]",32
"[1.03, 4.77, 3.27, 7.01]",2,"[0, 4, 7, 11]",64
"[10.74, 8.24, 12.98, 10.48]",4,"[10, 8, 13, 11]",16
"[12.28, 11.04, 14.52, 13.28]",3,"[12, 8, 15, 15]",32
"[7.15, 1.66, 9.39, 3.9]",2,"[4, 0, 11, 7]",64
"[0.35, 8.44, 2.59, 10.68]",4,"[0, 8, 3, 11]",16
"[9.86, 7.95, 12.1, 10.19]",2,"[8, 4, 15, 11]",64
"[7.41, 1.89, 9.65, 4.13]",2,"[4, 0, 11, 7]",64
"[3.19, 6.31, 5.43, 8.55]",2,"[0, 4, 7, 11]",64
"[8.19, 7.71, 10.43, 9.95]",3,"[8, 4, 11, 11]",32
"[2.38, 7.3, 4.62, 9.54]",3,"[2, 4, 5, 11]",32
"[3.46, 0.07, 5.7, 2.31]",2,"[0, 0, 7, 7]",64
"[6.26, 9.4, 8.5, 11.64]",3,"[6, 8, 9, 15]",32
"[9.85, 12.33, 12.09, 14.57]",2,"[8, 8, 15, 15]",64
"[6.38, 3.79, 8.62, 6.03]",3,"[6, 0, 9, 7]",32
"[9.81, 8.95, 12.05, 11.19]",2,"[8, 8, 15, 15]",64
"[6.43, 12.56, 8.67, 14.8]",4,"[6, 12, 9, 15]",16
"[8.56, 9.41, 10.8, 11.65]",3,"[8, 8, 11, 15]",32
"[2.28, 3.25, 4.52, 5.49]",3,"[2, 0, 5, 7]",32
"[9.57, 7.84, 11.81, 10.08]",2,"[8, 4, 15, 11]",64
"[1.15, 7.21, 3.39, 9.45]",2,"[0, 4, 7, 11]",64
"[12.14, 5.42, 14.38, 7.66]",3,"[12, 4, 15, 11]",32
"[2.27, 0.12, 4.51, 2.36]",4,"[2, 0, 5, 3]",16
"[6.22, 7.29, 8.46, 9.53]",3,"[6, 4, 9, 11]",32
"[2.68, 7.08, 4.92, 9.32]",3,"[2, 4, 5, 11]",32
"[11.32, 2.28, 13.56, 4.52]",2,"[8, 0, 15, 7]",64
"[3.96, 5.03, 6.2, 7.27]",2,"[0, 4, 7, 11]",64
"[8.83, 8.52, 11.07, 10.76]",2,"[8, 8, 15, 15]",64
"[10.05, 3.44, 12.29, 5.68]",3,"[10, 0, 13, 7]",32
"[0.21, 10.57, 2.45, 12.81]",4,"[0, 10, 3, 13]",16
"[2.21, 10.09, 4.45, 12.33]",4,"[2, 10, 5, 13]",16
"[1.87, 4.69, 4.11, 6.93]",2,"[0, 0, 7, 7]",64
"[6.16, 12.18, 8.4, 14.42]",4,"[6, 12, 9, 15]",16
"[5.09, 9.01, 7.33, 11.25]",2,"[4, 8, 11, 15]",64
"[2.1, 7.3, 4.34, 9.54]",3,"[2, 4, 5, 11]",32
"[2.58, 1.97, 4.82, 4.21]",3,"[2, 0, 5, 7]",32
"[2.43, 6.11, 4.67, 8.35]",4,"[2, 6, 5, 9]",16
"[3.61, 4.27, 5.85, 6.51]",2,"[0, 0, 7, 7]",64
"[7.03, 8.11, 9.27, 10.35]",2,"[4, 8, 11, 15]",64
"[11.26, 6.71, 13.5, 8.95]",2,"[8, 4, 15, 11]",64
"[7.28, 2.94, 9.52, 5.18]",2,"[4, 0, 11, 7]",64
"[1.96, 9.73, 4.2, 11.97]",2,"[0, 8, 7, 15]",64
"[7.71, 0.03, 9.95, 2.27]",2,"[4, 0, 11, 7]",64
"[5.38, 0.69, 7.62, 2.93]",2,"[4, 0, 11, 7]",64
"[3.66, 5.23, 5.9, 7.47]",2,"[0, 4, 7, 11]",64
"[10.59, 11.95, 12.83, 14.19]",3,"[10, 8, 13, 15]",32
"[3.15, 9.14, 5.39, 11.38]",2,"[0, 8, 7, 15]",64
"[6.94, 5.85, 9.18, 8.09]",2,"[4, 4, 11, 11]",64
"[5.32, 4.65, 7.56, 6.89]",2,"[4, 0, 11, 7]",64
"[11.27, 7.97, 13.51, 10.21]",2,"[8, 4, 15, 11]",64
"[3.01, 1.72, 5.25, 3.96]",2,"[0, 0, 7, 7]",64
"[11.21, 1.94, 13.45, 4.18]",2,"[8, 0, 15, 7]",64
"[10.96, 2.43, 13.2, 4.67]",2,"[8, 0, 15, 7]",64
"[9.72, 10.26, 11.96, 12.5]",2,"[8, 8, 15, 15]",64
"[5.67, 2.58, 7.91, 4.82]",2,"[4, 0, 11, 7]",64
"[8.94, 6.8, 11.18, 9.04]",2,"[8, 4, 15, 11]",64
"[8.97, 0.38, 11.21, 2.62]",2,"[8, 0, 15, 7]",64
"[12.68, 7.79, 14.92, 10.03]",3,"[12, 4, 15, 11]",32
"[4.43, 4.04, 6.67, 6.28]",4,"[4, 4, 7, 7]",16
"[2.61, 2.94, 4.85, 5.18]",3,"[2, 0, 5, 7]",32
"[6.26, 7.13, 8.5, 9.37]",3,"[6, 4, 9, 11]",32
"[12.62, 3.42, 14.86, 5.66]",3,"[12, 0, 15, 7]",32
"[7.23, 9.31, 9.47, 11.55]",2,"[4, 8, 11, 15]",64
"[12.58, 8.92, 14.82, 11.16]",3,"[12, 8, 15, 15]",32
"[0.76, 0.97, 3.0, 3.21]",3,"[0, 0, 3, 7]",32
"[12.69, 3.85, 14.93, 6.09]",3,"[12, 0, 15, 7]",32
"[4.48, 8.26, 6.72, 10.5]",4,"[4, 8, 7, 11]",16
"[3.23, 11.34, 5.47, 13.58]",2,"[0, 8, 7, 15]",64
"[7.9, 4.35, 10.14, 6.59]",2,"[4, 0, 11, 7]",64
"[6.19, 8.03, 8.43, 10.27]",4,"[6, 8, 9, 11]",16
"[12.64, 11.18, 14.88, 13.42]",3,"[12, 8, 15, 15]",32
"[1.33, 9.84, 3.57, 12.08]",2,"[0, 8, 7, 15]",64
"[8.05, 10.83, 10.29, 13.07]",3,"[8, 8, 11, 15]",32
"[9.53, 2.39, 11.77, 4.63]",2,"[8, 0, 15, 7]",64
"[2.45, 0.6, 4.69, 2.84]",4,"[2, 0, 5, 3]",16
"[4.81, 0.58, 7.05, 2.82]",2,"[4, 0, 11, 7]",64
"[9.19, 6.14, 11.43, 8.38]",2,"[8, 4, 15, 11]",64
"[8.63, 8.22, 10.87, 10.46]",4,"[8, 8, 11, 11]",16
"[12.59, 11.05, 14.83, 13.29]",3,"[12, 8, 15, 15]",32
"[6.27, 4.95, 8.51, 7.19]",3,"[6, 4, 9, 11]",32
"[4.18, 3.85, 6.42, 6.09]",3,"[4, 0, 7, 7]",32
"[8.82, 6.44, 11.06, 8.68]",2,"[8, 4, 15, 11]",64
"[0.71, 6.63, 2.95, 8.87]",4,"[0, 6, 3, 9]",16
"[4.81, 10.27, 7.05, 12.51]",2,"[4, 8, 11, 15]",64
"[12.02, 2.85, 14.26, 5.09]",3,"[12, 0, 15, 7]",32
"[7.24, 6.79, 9.48, 9.03]",2,"[4, 4, 11, 11]",64
"[7.2, 2.86, 9.44, 5.1]",2,"[4, 0, 11, 7]",64
"[1.28, 5.0, 3.52, 7.24]",2,"[0, 4, 7, 11]",64
"[0.2, 10.76, 2.44, 13.0]",4,"[0, 10, 3, 13]",16
"[6.13, 11.64, 8.37, 13.88]",3,"[6, 8, 9, 15]",32
"[10.25, 9.37, 12.49, 11.61]",3,"[10, 8, 13, 15]",32
"[6.05, 8.23, 8.29, 10.47]",4,"[6, 8, 9, 11]",16
"[9.57, 8.86, 11.81, 11.1]",2,"[8, 8, 15, 15]",64
"[6.47, 7.0, 8.71, 9.24]",3,"[6, 4, 9, 11]",32
"[3.93, 2.19, 6.17, 4.43]",2,"[0, 0, 7, 7]",64
"[8.55, 3.34, 10.79, 5.58]",3,"[8, 0, 11, 7]",32
"[9.07, 10.56, 11.31, 12.8]",2,"[8, 8, 15, 15]",64
"[3.69, 10.94, 5.93, 13.18]",2,"[0, 8, 7, 15]",64
"[10.89, 0.13, 13.13, 2.37]",2,"[8, 0, 15, 7]",64
"[10.6, 5.17, 12.84, 7.41]",3,"[10, 4, 13, 11]",32
"[11.02, 11.52, 13.26, 13.76]",2,"[8, 8, 15, 15]",64
"[3.24, 5.65, 5.48, 7.89]",2,"[0, 4, 7, 11]",64
"[9.52, 1.48, 11.76, 3.72]",2,"[8, 0, 15, 7]",64
"[4.96, 2.58, 7.2, 4.82]",2,"[4, 0, 11, 7]",64
"[5.89, 0.73, 8.13, 2.97]",2,"[4, 0, 11, 7]",64
"[8.08, 5.18, 10.32, 7.42]",3,"[8, 4, 11, 11]",32
"[11.92, 2.17, 14.16, 4.41]",2,"[8, 0, 15, 7]",64
"[10.29, 5.01, 12.53, 7.25]",3,"[10, 4, 13, 11]",32
"[6.86, 6.95, 9.1, 9.19]",2,"[4, 4, 11, 11]",64
"[9.51, 4.84, 11.75, 7.08]",2,"[8, 4, 15, 11]",64
"[3.21, 9.06, 5.45, 11.3]",2,"[0, 8, 7, 15]",64
"[0.31, 9.5, 2.55, 11.74]",3,"[0, 8, 3, 15]",32
"[9.89, 0.05, 12.13, 2.29]",2,"[8, 0, 15, 7]",64
"[12.11, 9.16, 14.35, 11.4]",3,"[12, 8, 15, 15]",32
"[9.42, 7.16, 11.66, 9.4]",2,"[8, 4, 15, 11]",64
"[0.6, 8.54, 2.84, 10.78]",4,"[0, 8, 3, 11]",16
"[3.81, 6.8, 6.05, 9.04]",2,"[0, 4, 7, 11]",64
"[3.94, 12.67, 6.18, 14.91]",2,"[0, 8, 7, 15]",64
"[2.63, 9.93, 4.87, 12.17]",3,"[2, 8, 5, 15]",32
"[9.81, 9.31, 12.05, 11.55]",2,"[8, 8, 15, 15]",64
"[9.65, 4.43, 11.89, 6.67]",2,"[8, 0, 15, 7]",64
"[12.27, 6.59, 14.51, 8.83]",4,"[12, 6, 15, 9]",16
"[12.13, 8.97, 14.37, 11.21]",3,"[12, 8, 15, 15]",32
"[8.78, 9.33, 11.02, 11.57]",2,"[8, 8, 15, 15]",64
"[2.5, 9.0, 4.74, 11.24]",3,"[2, 8, 5, 15]",32
"[12.69, 0.03, 14.93, 2.27]",4,"[12, 0, 15, 3]",16
"[6.6, 4.55, 8.84, 6.79]",4,"[6, 4, 9, 7]",16
"[9.33, 9.24, 11.57, 11.48]",2,"[8, 8, 15, 15]",64
"[2.98, 11.79, 5.22, 14.03]",2,"[0, 8, 7, 15]",64
"[8.14, 2.33, 10.38, 4.57]",4,"[8, 2, 11, 5]",16
"[11.85, 2.2, 14.09, 4.44]",2,"[8, 0, 15, 7]",64
"[3.69, 0.32, 5.93, 2.56]",2,"[0, 0, 7, 7]",64
"[10.84, 4.52, 13.08, 6.76]",2,"[8, 0, 15, 7]",64
"[6.5, 5.74, 8.74, 7.98]",3,"[6, 4, 9, 11]",32
"[5.71, 6.04, 7.95, 8.28]",2,"[4, 4, 11, 11]",64
"[1.57, 8.11, 3.81, 10.35]",2,"[0, 8, 7, 15]",64
"[5.58, 7.54, 7.82, 9.78]",2,"[4, 4, 11, 11]",64
"[2.03, 3.17, 4.27, 5.41]",3,"[2, 0, 5, 7]",32
"[2.59, 0.88, 4.83, 3.12]",3,"[2, 0, 5, 7]",32
"[5.82, 1.76, 8.06, 4.0]",2,"[4, 0, 11, 7]",64
"[5.61, 7.02, 7.85, 9.26]",2,"[4, 4, 11, 11]",64
"[3.98, 6.01, 6.22, 8.25]",2,"[0, 4, 7, 11]",64
"[12.18, 3.16, 14.42, 5.4]",3,"[12, 0, 15, 7]",32
"[12.02, 2.21, 14.26, 4.45]",4,"[12, 2, 15, 5]",16
"[4.41, 11.65, 6.65, 13.89]",3,"[4, 8, 7, 15]",32
"[0.04, 10.48, 2.28, 12.72]",4,"[0, 10, 3, 13]",16
"[1.88, 9.43, 4.12, 11.67]",2,"[0, 8, 7, 15]",64
"[3.43, 5.39, 5.67, 7.63]",2,"[0, 4, 7, 11]",64
"[10.59, 5.8, 12.83, 8.04]",3,"[10, 4, 13, 11]",32
"[7.84, 6.99, 10.08, 9.23]",2,"[4, 4, 11, 11]",64
"[6.65, 6.59, 8.89, 8.83]",4,"[6, 6, 9, 9]",16
"[9.13, 10.09, 11.37, 12.33]",2,"[8, 8, 15, 15]",64
"[1.21, 5.59, 3.45, 7.83]",2,"[0, 4, 7, 11]",64
"[0.6, 5.36, 2.84, 7.6]",3,"[0, 4, 3, 11]",32
"[12.68, 6.81, 14.92, 9.05]",3,"[12, 4, 15, 11]",32
"[12.69, 1.34, 14.93, 3.58]",3,"[12, 0, 15, 7]",32
"[10.39, 9.07, 12.63, 11.31]",3,"[10, 8, 13, 15]",32
"[6.01, 11.33, 8.25, 13.57]",3,"[6, 8, 9, 15]",32
"[7.98, 1.97, 10.22, 4.21]",2,"[4, 0, 11, 7]",64
"[12.1, 12.62, 14.34, 14.86]",4,"[12, 12, 15, 15]",16
"[12.45, 9.15, 14.69, 11.39]",3,"[12, 8, 15, 15]",32
"[0.06, 0.02, 2.3, 2.26]",4,"[0, 0, 3, 3]",16
"[11.7, 9.8, 13.94, 12.04]",2,"[8, 8, 15, 15]",64
"[3.61, 6.63, 5.85, 8.87]",2,"[0, 4, 7, 11]",64
"[7.56, 10.01, 9.8, 12.25]",2,"[4, 8, 11, 15]",64
"[9.78, 1.84, 12.02, 4.08]",2,"[8, 0, 15, 7]",64
"[8.12, 4.25, 10.36, 6.49]",4,"[8, 4, 11, 7]",16
"[10.79, 6.67, 13.03, 8.91]",2,"[8, 4, 15, 11]",64
"[7.82, 0.7, 10.06, 2.94]",2,"[4, 0, 11, 7]",64
"[11.68, 9.34, 13.92, 11.58]",2,"[8, 8, 15, 15]",64
"[3.52, 7.42, 5.76, 9.66]",2,"[0, 4, 7, 11]",64
"[0.34, 1.54, 2.58, 3.78]",3,"[0, 0, 3, 7]",32
"[10.79, 5.36, 13.03, 7.6]",2,"[8, 4, 15, 11]",64
"[8.28, 10.77, 10.52, 13.01]",3,"[8, 8, 11, 15]",32
"[3.98, 8.36, 6.22, 10.6]",2,"[0, 8, 7, 15]",64
"[8.0, 7.48, 10.24, 9.72]",3,"[8, 4, 11, 11]",32
"[4.96, 6.4, 7.2, 8.64]",2,"[4, 4, 11, 11]",64
"[10.14, 3.35, 12.38, 5.59]",3,"[10, 0, 13, 7]",32
"[7.26, 6.58, 9.5, 8.82]",2,"[4, 4, 11, 11]",64
"[3.04, 0.94, 5.28, 3.18]",2,"[0, 0, 7, 7]",64
"[1.76, 10.67, 4.0, 12.91]",2,"[0, 8, 7, 15]",64
"[4.87, 4.74, 7.11, 6.98]",2,"[4, 0, 11, 7]",64
"[0.57, 1.02, 2.81, 3.26]",3,"[0, 0, 3, 7]",32
"[5.48, 7.87, 7.72, 10.11]",2,"[4, 4, 11, 11]",64
"[10.76, 9.02, 13.0, 11.26]",3,"[10, 8, 13, 15]",32
"[5.74, 7.77, 7.98, 10.01]",2,"[4, 4, 11, 11]",64
"[4.11, 2.04, 6.35, 4.28]",4,"[4, 2, 7, 5]",16
"[3.55, 0.44, 5.79, 2.68]",2,"[0, 0, 7, 7]",64
"[5.33, 2.44, 7.57, 4.68]",2,"[4, 0, 11, 7]",64
"[10.07, 7.27, 12.31, 9.51]",3,"[10, 4, 13, 11]",32
"[12.4, 3.44, 14.64, 5.68]",3,"[12, 0, 15, 7]",32
"[1.64, 4.29, 3.88, 6.53]",2,"[0, 0, 7, 7]",64
"[6.35, 7.23, 8.59, 9.47]",3,"[6, 4, 9, 11]",32
"[5.01, 1.73, 7.25, 3.97]",2,"[4, 0, 11, 7]",64
"[4.12, 4.29, 6.36, 6.53]",4,"[4, 4, 7, 7]",16
"[6.32, 5.61, 8.56, 7.85]",3,"[6, 4, 9, 11]",32
"[0.97, 8.54, 3.21, 10.78]",2,"[0, 8, 7, 15]",64
"[12.45, 0.06, 14.69, 2.3]",4,"[12, 0, 15, 3]",16
"[6.31, 10.12, 8.55, 12.36]",4,"[6, 10, 9, 13]",16
"[1.41, 3.74, 3.65, 5.98]",2,"[0, 0, 7, 7]",64
"[7.61, 12.15, 9.85, 14.39]",2,"[4, 8, 11, 15]",64
"[1.68, 10.17, 3.92, 12.41]",2,"[0, 8, 7, 15]",64
"[7.17, 0.03, 9.41, 2.27]",2,"[4, 0, 11, 7]",64
"[6.94, 5.83, 9.18, 8.07]",2,"[4, 4, 11, 11]",64
"[1.3, 7.26, 3.54, 9.5]",2,"[0, 4, 7, 11]",64
"[9.26, 2.79, 11.5, 5.03]",2,"[8, 0, 15, 7]",64
"[5.67, 7.28, 7.91, 9.52]",2,"[4, 4, 11, 11]",64
"[10.75, 10.45, 12.99, 12.69]",4,"[10, 10, 13, 13]",16
"[11.88, 4.96, 14.12, 7.2]",2,"[8, 4, 15, 11]",64
"[0.02, 3.57, 2.26, 5.81]",3,"[0, 0, 3, 7]",32
"[12.49, 11.74, 14.73, 13.98]",3,"[12, 8, 15, 15]",32
"[3.64, 11.06, 5.88, 13.3]",2,"[0, 8, 7, 15]",64
"[12.29, 1.11, 14.53, 3.35]",3,"[12, 0, 15, 7]",32
"[10.06, 0.44, 12.3, 2.68]",4,"[10, 0, 13, 3]",16
"[12.62, 1.4, 14.86, 3.64]",3,"[12, 0, 15, 7]",32
"[5.83, 12.62, 8.07, 14.86]",2,"[4, 8, 11, 15]",64
"[1.54, 8.93, 3.78, 11.17]",2,"[0, 8, 7, 15]",64
"[0.52, 8.49, 2.76, 10.73]",4,"[0, 8, 3, 11]",16
"[0.62, 5.41, 2.86, 7.65]",3,"[0, 4, 3, 11]",32
"[0.55, 10.77, 2.79, 13.01]",3,"[0, 8, 3, 15]",32
"[10.94, 5.49, 13.18, 7.73]",2,"[8, 4, 15, 11]",64
"[11.4, 4.8, 13.64, 7.04]",2,"[8, 4, 15, 11]",64
"[1.77, 10.82, 4.01, 13.06]",2,"[0, 8, 7, 15]",64
"[2.22, 9.03, 4.46, 11.27]",3,"[2, 8, 5, 15]",32
"[6.8, 0.97, 9.04, 3.21]",2,"[4, 0, 11, 7]",64
"[8.37, 4.15, 10.61, 6.39]",4,"[8, 4, 11, 7]",16
"[7.95, 11.32, 10.19, 13.56]",2,"[4, 8, 11, 15]",64
"[3.65, 8.58, 5.89, 10.82]",2,"[0, 8, 7, 15]",64
"[12.3, 5.82, 14.54, 8.06]",3,"[12, 4, 15, 11]",32
"[5.97, 4.57, 8.21, 6.81]",2,"[4, 0, 11, 7]",64
"[4.24, 5.37, 6.48, 7.61]",3,"[4, 4, 7, 11]",32
"[5.97, 8.02, 8.21, 10.26]",2,"[4, 8, 11, 15]",64
"[11.36, 5.66, 13.6, 7.9]",2,"[8, 4, 15, 11]",64
"[10.36, 5.39, 12.6, 7.63]",3,"[10, 4, 13, 11]",32
"[3.5, 7.19, 5.74, 9.43]",2,"[0, 4, 7, 11]",64
"[1.45, 8.81, 3.69, 11.05]",2,"[0, 8, 7, 15]",64
"[10.16, 3.32, 12.4, 5.56]",3,"[10, 0, 13, 7]",32
"[6.45, 2.47, 8.69, 4.71]",4,"[6, 2, 9, 5]",16
"[10.97, 12.36, 13.21, 14.6]",2,"[8, 8, 15, 15]",64
"[6.53, 4.6, 8.77, 6.84]",4,"[6, 4, 9, 7]",16
"[11.25, 7.48, 13.49, 9.72]",2,"[8, 4, 15, 11]",64
"[4.48, 10.02, 6.72, 12.26]",4,"[4, 10, 7, 13]",16
"[10.85, 0.18, 13.09, 2.42]",2,"[8, 0, 15, 7]",64
"[3.93, 9.13, 6.17, 11.37]",2,"[0, 8, 7, 15]",64
"[5.0, 3.82, 7.24, 6.06]",2,"[4, 0, 11, 7]",64
"[2.49, 1.22, 4.73, 3.46]",3,"[2, 0, 5, 7]",32
"[4.07, 2.58, 6.31, 4.82]",4,"[4, 2, 7, 5]",16
"[6.33, 5.39, 8.57, 7.63]",3,"[6, 4, 9, 11]",32
"[3.72, 11.24, 5.96, 13.48]",2,"[0, 8, 7, 15]",64
"[10.23, 5.73, 12.47, 7.97]",3,"[10, 4, 13, 11]",32
"[6.54, 6.54, 8.78, 8.78]",4,"[6, 6, 9, 9]",16
"[4.99, 12.74, 7.23, 14.98]",2,"[4, 8, 11, 15]",64
"[1.31, 5.8, 3.55, 8.04]",2,"[0, 4, 7, 11]",64
"[5.88, 8.98, 8.12, 11.22]",2,"[4, 8, 11, 15]",64
"[5.46, 1.66, 7.7, 3.9]",2,"[4, 0, 11, 7]",64
"[1.81, 8.88, 4.05, 11.12]",2,"[0, 8, 7, 15]",64
"[1.08, 6.0, 3.32, 8.24]",2,"[0, 4, 7, 11]",64
"[6.82, 11.94, 9.06, 14.18]",2,"[4, 8, 11, 15]",64
"[12.16, 6.91, 14.4, 9.15]",3,"[12, 4, 15, 11]",32
"[2.0, 10.12, 4.24, 12.36]",4,"[2, 10, 5, 13]",16
"[11.0, 3.91, 13.24, 6.15]",2,"[8, 0, 15, 7]",64
"[12.23, 9.18, 14.47, 11.42]",3,"[12, 8, 15, 15]",32
"[11.46, 8.19, 13.7, 10.43]",2,"[8, 8, 15, 15]",64
"[1.04, 5.95, 3.28, 8.19]",2,"[0, 4, 7, 11]",64
"[1.36, 4.05, 3.6, 6.29]",2,"[0, 0, 7, 7]",64
"[9.36, 6.83, 11.6, 9.07]",2,"[8, 4, 15, 11]",64
"[1.47, 6.77, 3.71, 9.01]",2,"[0, 4, 7, 11]",64
"[11.55, 9.35, 13.79, 11.59]",2,"[8, 8, 15, 15]",64
"[4.07, 0.04, 6.31, 2.28]",4,"[4, 0, 7, 3]",16
"[12.58, 9.78, 14.82, 12.02]",3,"[12, 8, 15, 15]",32
"[3.98, 7.64, 6.22, 9.88]",2,"[0, 4, 7, 11]",64
"[4.03, 6.35, 6.27, 8.59]",4,"[4, 6, 7, 9]",16
"[8.2, 8.49, 10.44, 10.73]",4,"[8, 8, 11, 11]",16
"[0.57, 2.7, 2.81, 4.94]",4,"[0, 2, 3, 5]",16
"[3.34, 4.15, 5.58, 6.39]",2,"[0, 0, 7, 7]",64
"[11.02, 8.97, 13.26, 11.21]",2,"[8, 8, 15, 15]",64
"[1.02, 6.23, 3.26, 8.47]",2,"[0, 4, 7, 11]",64
"[7.82, 2.69, 10.06, 4.93]",2,"[4, 0, 11, 7]",64
"[9.05, 12.76, 11.29, 15.0]",2,"[8, 8, 15, 15]",64
"[5.09, 3.3, 7.33, 5.54]",2,"[4, 0, 11, 7]",64
"[7.12, 2.42, 9.36, 4.66]",2,"[4, 0, 11, 7]",64
"[11.12, 8.03, 13.36, 10.27]",2,"[8, 8, 15, 15]",64
"[8.57, 5.36, 10.81, 7.6]",3,"[8, 4, 11, 11]",32
"[5.31, 3.81, 7.55, 6.05]",2,"[4, 0, 11, 7]",64
"[12.23, 6.77, 14.47, 9.01]",3,"[12, 4, 15, 11]",32
"[12.76, 9.06, 15.0, 11.3]",3,"[12, 8, 15, 15]",32
"[11.58, 5.27, 13.82, 7.51]",2,"[8, 4, 15, 11]",64
"[11.38, 10.95, 13.62, 13.19]",2,"[8, 8, 15, 15]",64
"[7.01, 0.04, 9.25, 2.28]",2,"[4, 0, 11, 7]",64
"[0.67, 7.48, 2.91, 9.72]",3,"[0, 4, 3, 11]",32
"[2.68, 2.98, 4.92, 5.22]",3,"[2, 0, 5, 7]",32
"[2.93, 5.62, 5.17, 7.86]",2,"[0, 4, 7, 11]",64
"[8.17, 7.44, 10.41, 9.68]",3,"[8, 4, 11, 11]",32
"[7.22, 7.05, 9.46, 9.29]",2,"[4, 4, 11, 11]",64
"[10.7, 7.83, 12.94, 10.07]",3,"[10, 4, 13, 11]",32
"[1.77, 10.23, 4.01, 12.47]",2,"[0, 8, 7, 15]",64
"[6.1, 8.61, 8.34, 10.85]",4,"[6, 8, 9, 11]",16
"[6.83, 10.63, 9.07, 12.87]",2,"[4, 8, 11, 15]",64
"[12.43, 6.29, 14.67, 8.53]",4,"[12, 6, 15, 9]",16
"[10.81, 12.57, 13.05, 14.81]",2,"[8, 8, 15, 15]",64
"[6.27, 2.04, 8.51, 4.28]",4,"[6, 2, 9, 5]",16
"[0.49, 6.54, 2.73, 8.78]",4,"[0, 6, 3, 9]",16
"[7.36, 8.92, 9.6, 11.16]",2,"[4, 8, 11, 15]",64
"[9.61, 7.39, 11.85, 9.63]",2,"[8, 4, 15, 11]",64
"[10.62, 0.24, 12.86, 2.48]",4,"[10, 0, 13, 3]",16
"[0.52, 0.45, 2.76, 2.69]",4,"[0, 0, 3, 3]",16
"[10.02, 11.74, 12.26, 13.98]",3,"[10, 8, 13, 15]",32
"[11.02, 12.28, 13.26, 14.52]",2,"[8, 8, 15, 15]",64
"[1.45, 12.73, 3.69, 14.97]",2,"[0, 8, 7, 15]",64
"[11.12, 8.38, 13.36, 10.62]",2,"[8, 8, 15, 15]",64
"[2.99, 11.14, 5.23, 13.38]",2,"[0, 8, 7, 15]",64
"[11.8, 6.13, 14.04, 8.37]",2,"[8, 4, 15, 11]",64
"[9.99, 1.12, 12.23, 3.36]",2,"[8, 0, 15, 7]",64
"[9.44, 2.19, 11.68, 4.43]",2,"[8, 0, 15, 7]",64
"[3.01, 1.0, 5.25, 3.24]",2,"[0, 0, 7, 7]",64
"[11.14, 5.87, 13.38, 8.11]",2,"[8, 4, 15, 11]",64
"[1.39, 9.25, 3.63, 11.49]",2,"[0, 8, 7, 15]",64
"[0.51, 4.37, 2.75, 6.61]",4,"[0, 4, 3, 7]",16
"[1.54, 0.13, 3.78, 2.37]",2,"[0, 0, 7, 7]",64
"[10.3, 1.53, 12.54, 3.77]",3,"[10, 0, 13, 7]",32
"[3.02, 5.94, 5.26, 8.18]",2,"[0, 4, 7, 11]",64
"[5.49, 4.37, 7.73, 6.61]",2,"[4, 0, 11, 7]",64
"[0.08, 0.54, 2.32, 2.78]",4,"[0, 0, 3, 3]",16
"[2.67, 8.36, 4.91, 10.6]",4,"[2, 8, 5, 11]",16
"[8.33, 1.12, 10.57, 3.36]",3,"[8, 0, 11, 7]",32
"[9.45, 1.28, 11.69, 3.52]",2,"[8, 0, 15, 7]",64
"[8.48, 5.81, 10.72, 8.05]",3,"[8, 4, 11, 11]",32
"[9.33, 8.47, 11.57, 10.71]",2,"[8, 8, 15, 15]",64
"[9.02, 8.31, 11.26, 10.55]",2,"[8, 8, 15, 15]",64
"[0.78, 1.82, 3.02, 4.06]",2,"[0, 0, 7, 7]",64
"[9.84, 10.09, 12.08, 12.33]",2,"[8, 8, 15, 15]",64
"[4.34, 2.05, 6.58, 4.29]",4,"[4, 2, 7, 5]",16
"[10.96, 0.93, 13.2, 3.17]",2,"[8, 0, 15, 7]",64
"[0.45, 8.28, 2.69, 10.52]",4,"[0, 8, 3, 11]",16
"[6.13, 2.19, 8.37, 4.43]",4,"[6, 2, 9, 5]",16
"[3.59, 11.79, 5.83, 14.03]",2,"[0, 8, 7, 15]",64
"[1.12, 1.45, 3.36, 3.69]",2,"[0, 0, 7, 7]",64
"[8.19, 6.5, 10.43, 8.74]",4,"[8, 6, 11, 9]",16
"[9.56, 12.0, 11.8, 14.24]",2,"[8, 8, 15, 15]",64
"[12.57, 10.64, 14.81, 12.88]",4,"[12, 10, 15, 13]",16
"[4.02, 9.29, 6.26, 11.53]",3,"[4, 8, 7, 15]",32
"[1.08, 1.97, 3.32, 4.21]",2,"[0, 0, 7, 7]",64
"[8.97, 7.43, 11.21, 9.67]",2,"[8, 4, 15, 11]",64
"[5.47, 9.04, 7.71, 11.28]",2,"[4, 8, 11, 15]",64
"[6.11, 6.73, 8.35, 8.97]",4,"[6, 6, 9, 9]",16
"[4.54, 2.84, 6.78, 5.08]",3,"[4, 0, 7, 7]",32
"[10.07, 4.85, 12.31, 7.09]",3,"[10, 4, 13, 11]",32
"[7.13, 6.73, 9.37, 8.97]",2,"[4, 4, 11, 11]",64
"[9.19, 6.6, 11.43, 8.84]",2,"[8, 4, 15, 11]",64
"[11.52, 10.9, 13.76, 13.14]",2,"[8, 8, 15, 15]",64
"[3.98, 12.21, 6.22, 14.45]",2,"[0, 8, 7, 15]",64
"[5.26, 6.49, 7.5, 8.73]",2,"[4, 4, 11, 11]",64
"[9.19, 7.12, 11.43, 9.36]",2,"[8, 4, 15, 11]",64
"[5.74, 11.27, 7.98, 13.51]",2,"[4, 8, 11, 15]",64
"[10.44, 12.02, 12.68, 14.26]",4,"[10, 12, 13, 15]",16
"[1.47, 7.32, 3.71, 9.56]",2,"[0, 4, 7, 11]",64
"[7.97, 12.64, 10.21, 14.88]",2,"[4, 8, 11, 15]",64
"[7.58, 8.62, 9.82, 10.86]",2,"[4, 8, 11, 15]",64
"[8.53, 11.95, 10.77, 14.19]",3,"[8, 8, 11, 15]",32
"[7.69, 11.27, 9.93, 13.51]",2,"[4, 8, 11, 15]",64
"[10.68, 12.02, 12.92, 14.26]",4,"[10, 12, 13, 15]",16
"[5.08, 11.62, 7.32, 13.86]",2,"[4, 8, 11, 15]",64
"[12.4, 11.33, 14.64, 13.57]",3,"[12, 8, 15, 15]",32
"[10.23, 6.78, 12.47, 9.02]",3,"[10, 4, 13, 11]",32
"[9.18, 5.78, 11.42, 8.02]",2,"[8, 4, 15, 11]",64
"[9.67, 3.4, 11.91, 5.64]",2,"[8, 0, 15, 7]",64
"[11.62, 3.43, 13.86, 5.67]",2,"[8, 0, 15, 7]",64
"[8.99, 8.79, 11.23, 11.03]",2,"[8, 8, 15, 15]",64
"[11.83, 3.48, 14.07, 5.72]",2,"[8, 0, 15, 7]",64
"[6.15, 12.47, 8.39, 14.71]",4,"[6, 12, 9, 15]",16
"[7.88, 9.8, 10.12, 12.04]",2,"[4, 8, 11, 15]",64
"[3.21, 9.85, 5.45, 12.09]",2,"[0, 8, 7, 15]",64
"[9.89, 10.74, 12.13, 12.98]",2,"[8, 8, 15, 15]",64
"[2.22, 2.0, 4.46, 4.24]",4,"[2, 2, 5, 5]",16
"[4.93, 8.29, 7.17, 10.53]",2,"[4, 8, 11, 15]",64
"[6.79, 9.63, 9.03, 11.87]",2,"[4, 8, 11, 15]",64
"[8.99, 0.14, 11.23, 2.38]",2,"[8, 0, 15, 7]",64
"[1.17, 7.66, 3.41, 9.9]",2,"[0, 4, 7, 11]",64
"[9.9, 3.76, 12.14, 6.0]",2,"[8, 0, 15, 7]",64
"[0.63, 11.86, 2.87, 14.1]",3,"[0, 8, 3, 15]",32
"[11.48, 8.11, 13.72, 10.35]",2,"[8, 8, 15, 15]",64
"[10.08, 5.26, 12.32, 7.5]",3,"[10, 4, 13, 11]",32
"[4.05, 1.86, 6.29, 4.1]",3,"[4, 0, 7, 7]",32
"[11.58, 8.44, 13.82, 10.68]",2,"[8, 8, 15, 15]",64
"[5.22, 6.42, 7.46, 8.66]",2,"[4, 4, 11, 11]",64
"[1.47, 8.21, 3.71, 10.45]",2,"[0, 8, 7, 15]",64
"[0.79, 1.59, 3.03, 3.83]",2,"[0, 0, 7, 7]",64
"[6.42, 4.76, 8.66, 7.0]",4,"[6, 4, 9, 7]",16
"[5.92, 3.75, 8.16, 5.99]",2,"[4, 0, 11, 7]",64
"[6.69, 4.05, 8.93, 6.29]",4,"[6, 4, 9, 7]",16
"[1.77, 1.27, 4.01, 3.51]",2,"[0, 0, 7, 7]",64
"[0.5, 4.79, 2.74, 7.03]",3,"[0, 4, 3, 11]",32
"[2.23, 1.89, 4.47, 4.13]",3,"[2, 0, 5, 7]",32
"[1.75, 4.53, 3.99, 6.77]",2,"[0, 0, 7, 7]",64
"[10.89, 4.39, 13.13, 6.63]",2,"[8, 0, 15, 7]",64
"[4.09, 10.49, 6.33, 12.73]",4,"[4, 10, 7, 13]",16
"[1.88, 12.1, 4.12, 14.34]",2,"[0, 8, 7, 15]",64
"[0.22, 4.33, 2.46, 6.57]",4,"[0, 4, 3, 7]",16
"[4.04, 9.14, 6.28, 11.38]",3,"[4, 8, 7, 15]",32
"[6.27, 7.65, 8.51, 9.89]",3,"[6, 4, 9, 11]",32
"[8.07, 10.73, 10.31, 12.97]",4,"[8, 10, 11, 13]",16
"[0.53, 10.99, 2.77, 13.23]",3,"[0, 8, 3, 15]",32
"[7.27, 8.3, 9.51, 10.54]",2,"[4, 8, 11, 15]",64
"[2.16, 11.53, 4.4, 13.77]",3,"[2, 8, 5, 15]",32
"[1.51, 3.66, 3.75, 5.9]",2,"[0, 0, 7, 7]",64
"[4.06, 8.54, 6.3, 10.78]",4,"[4, 8, 7, 11]",16
"[0.27, 6.71, 2.51, 8.95]",4,"[0, 6, 3, 9]",16
"[2.4, 2.12, 4.64, 4.36]",4,"[2, 2, 5, 5]",16
"[10.31, 4.41, 12.55, 6.65]",4,"[10, 4, 13, 7]",16
"[4.0, 10.38, 6.24, 12.62]",4,"[4, 10, 7, 13]",16
"[7.59, 7.17, 9.83, 9.41]",2,"[4, 4, 11, 11]",64
"[9.62, 5.34, 11.86, 7.58]",2,"[8, 4, 15, 11]",64
"[1.7, 8.24, 3.94, 10.48]",2,"[0, 8, 7, 15]",64
"[5.24, 0.7, 7.48, 2.94]",2,"[4, 0, 11, 7]",64
"[0.89, 6.15, 3.13, 8.39]",2,"[0, 4, 7, 11]",64
"[10.36, 3.1, 12.6, 5.34]",3,"[10, 0, 13, 7]",32
"[0.74, 6.25, 2.98, 8.49]",4,"[0, 6, 3, 9]",16
"[7.24, 4.35, 9.48, 6.59]",2,"[4, 0, 11, 7]",64
"[0.39, 8.33, 2.63, 10.57]",4,"[0, 8, 3, 11]",16
"[11.64, 12.55, 13.88, 14.79]",2,"[8, 8, 15, 15]",64
"[7.0, 2.74, 9.24, 4.98]",2,"[4, 0, 11, 7]",64
"[0.31, 5.17, 2.55, 7.41]",3,"[0, 4, 3, 11]",32
"[6.31, 10.95, 8.55, 13.19]",3,"[6, 8, 9, 15]",32
"[2.02, 11.34, 4.26, 13.58]",3,"[2, 8, 5, 15]",32
"[10.25, 3.29, 12.49, 5.53]",3,"[10, 0, 13, 7]",32
"[0.56, 3.49, 2.8, 5.73]",3,"[0, 0, 3, 7]",32
"[4.54, 8.35, 6.78, 10.59]",4,"[4, 8, 7, 11]",16
"[10.89, 0.11, 13.13, 2.35]",2,"[8, 0, 15, 7]",64
"[3.64, 2.03, 5.88, 4.27]",2,"[0, 0, 7, 7]",64
"[10.1, 0.65, 12.34, 2.89]",4,"[10, 0, 13, 3]",16
"[10.45, 0.99, 12.69, 3.23]",3,"[10, 0, 13, 7]",32
"[9.61, 10.31, 11.85, 12.55]",2,"[8, 8, 15, 15]",64
"[3.66, 12.29, 5.9, 14.53]",2,"[0, 8, 7, 15]",64
"[1.81, 3.04, 4.05, 5.28]",2,"[0, 0, 7, 7]",64
"[5.85, 7.41, 8.09, 9.65]",2,"[4, 4, 11, 11]",64
"[8.05, 12.08, 10.29, 14.32]",4,"[8, 12, 11, 15]",16
"[9.95, 1.2, 12.19, 3.44]",2,"[8, 0, 15, 7]",64
"[11.55, 6.87, 13.79, 9.11]",2,"[8, 4, 15, 11]",64
"[12.31, 7.55, 14.55, 9.79]",3,"[12, 4, 15, 11]",32
"[0.8, 8.56, 3.04, 10.8]",2,"[0, 8, 7, 15]",64
"[2.33, 11.03, 4.57, 13.27]",3,"[2, 8, 5, 15]",32
"[6.61, 11.58, 8.85, 13.82]",3,"[6, 8, 9, 15]",32
"[9.24, 4.4, 11.48, 6.64]",2,"[8, 0, 15, 7]",64
"[11.71, 2.71, 13.95, 4.95]",2,"[8, 0, 15, 7]",64
"[2.27, 0.73, 4.51, 2.97]",4,"[2, 0, 5, 3]",16
"[6.98, 3.13, 9.22, 5.37]",2,"[4, 0, 11, 7]",64
"[2.64, 1.2, 4.88, 3.44]",3,"[2, 0, 5, 7]",32
"[4.01, 9.48, 6.25, 11.72]",3,"[4, 8, 7, 15]",32
"[5.42, 2.61, 7.66, 4.85]",2,"[4, 0, 11, 7]",64
"[6.81, 4.41, 9.05, 6.65]",2,"[4, 0, 11, 7]",64
"[7.96, 10.16, 10.2, 12.4]",2,"[4, 8, 11, 15]",64
"[9.91, 1.05, 12.15, 3.29]",2,"[8, 0, 15, 7]",64
"[1.21, 2.83, 3.45, 5.07]",2,"[0, 0, 7, 7]",64
"[11.62, 12.21, 13.86, 14.45]",2,"[8, 8, 15, 15]",64
"[11.99, 11.38, 14.23, 13.62]",2,"[8, 8, 15, 15]",64
"[11.79, 7.07, 14.03, 9.31]",2,"[8, 4, 15, 11]",64
"[5.64, 5.85, 7.88, 8.09]",2,"[4, 4, 11, 11]",64
"[10.9, 2.84, 13.14, 5.08]",2,"[8, 0, 15, 7]",64
"[8.05, 0.32, 10.29, 2.56]",4,"[8, 0, 11, 3]",16
"[1.71, 11.01, 3.95, 13.25]",2,"[0, 8, 7, 15]",64
"[11.07, 10.68, 13.31, 12.92]",2,"[8, 8, 15, 15]",64
"[6.41, 10.12, 8.65, 12.36]",4,"[6, 10, 9, 13]",16
"[2.69, 0.12, 4.93, 2.36]",4,"[2, 0, 5, 3]",16
"[11.36, 12.72, 13.6, 14.96]",2,"[8, 8, 15, 15]",64
"[2.6, 5.71, 4.84, 7.95]",3,"[2, 4, 5, 11]",32
"[10.39, 10.83, 12.63, 13.07]",3,"[10, 8, 13, 15]",32
"[1.67, 7.26, 3.91, 9.5]",2,"[0, 4, 7, 11]",64
"[12.54, 4.09, 14.78, 6.33]",4,"[12, 4, 15, 7]",16
"[6.08, 1.8, 8.32, 4.04]",3,"[6, 0, 9, 7]",32
"[10.94, 6.73, 13.18, 8.97]",2,"[8, 4, 15, 11]",64
"[7.82, 9.05, 10.06, 11.29]",2,"[4, 8, 11, 15]",64
"[12.51, 6.94, 14.75, 9.18]",3,"[12, 4, 15, 11]",32
"[8.02, 3.56, 10.26, 5.8]",3,"[8, 0, 11, 7]",32
"[11.03, 1.79, 13.27, 4.03]",2,"[8, 0, 15, 7]",64
"[4.83, 1.34, 7.07, 3.58]",2,"[4, 0, 11, 7]",64
"[7.06, 7.08, 9.3, 9.32]",2,"[4, 4, 11, 11]",64
"[10.35, 4.06, 12.59, 6.3]",4,"[10, 4, 13, 7]",16
"[2.16, 4.05, 4.4, 6.29]",4,"[2, 4, 5, 7]",16
"[10.72, 3.77, 12.96, 6.01]",3,"[10, 0, 13, 7]",32
"[8.58, 11.38, 10.82, 13.62]",3,"[8, 8, 11, 15]",32
"[0.04, 9.8, 2.28, 12.04]",3,"[0, 8, 3, 15]",32
"[1.7, 2.94, 3.94, 5.18]",2,"[0, 0, 7, 7]",64
"[3.78, 5.3, 6.02, 7.54]",2,"[0, 4, 7, 11]",64
"[2.69, 4.01, 4.93, 6.25]",4,"[2, 4, 5, 7]",16
"[8.95, 0.42, 11.19, 2.66]",2,"[8, 0, 15, 7]",64
"[6.21, 7.51, 8.45, 9.75]",3,"[6, 4, 9, 11]",32
"[11.51, 9.91, 13.75, 12.15]",2,"[8, 8, 15, 15]",64
"[9.96, 9.9, 12.2, 12.14]",2,"[8, 8, 15, 15]",64
"[9.4, 0.41, 11.64, 2.65]",2,"[8, 0, 15, 7]",64
"[10.94, 6.36, 13.18, 8.6]",2,"[8, 4, 15, 11]",64
"[11.93, 9.22, 14.17, 11.46]",2,"[8, 8, 15, 15]",64
"[7.81, 8.9, 10.05, 11.14]",2,"[4, 8, 11, 15]",64
"[10.76, 11.46, 13.0, 13.7]",3,"[10, 8, 13, 15]",32
"[8.85, 11.72, 11.09, 13.96]",2,"[8, 8, 15, 15]",64
"[7.11, 0.41, 9.35, 2.65]",2,"[4, 0, 11, 7]",64
"[9.22, 1.44, 11.46, 3.68]",2,"[8, 0, 15, 7]",64
"[3.97, 4.94, 6.21, 7.18]",2,"[0, 4, 7, 11]",64
"[4.72, 6.71, 6.96, 8.95]",4,"[4, 6, 7, 9]",16
"[2.66, 7.93, 4.9, 10.17]",3,"[2, 4, 5, 11]",32
"[1.5, 1.31, 3.74, 3.55]",2,"[0, 0, 7, 7]",64
"[4.14, 8.0, 6.38, 10.24]",4,"[4, 8, 7, 11]",16
"[7.25, 11.6, 9.49, 13.84]",2,"[4, 8, 11, 15]",64
"[8.26, 1.07, 10.5, 3.31]",3,"[8, 0, 11, 7]",32
"[2.31, 9.51, 4.55, 11.75]",3,"[2, 8, 5, 15]",32
"[9.32, 8.17, 11.56, 10.41]",2,"[8, 8, 15, 15]",64
"[7.82, 3.74, 10.06, 5.98]",2,"[4, 0, 11, 7]",64
"[0.59, 0.32, 2.83, 2.56]",4,"[0, 0, 3, 3]",16
"[8.46, 3.68, 10.7, 5.92]",3,"[8, 0, 11, 7]",32
"[8.74, 2.14, 10.98, 4.38]",4,"[8, 2, 11, 5]",16
"[0.26, 12.23, 2.5, 14.47]",4,"[0, 12, 3, 15]",16
"[0.78, 2.54, 3.02, 4.78]",2,"[0, 0, 7, 7]",64
"[3.81, 0.39, 6.05, 2.63]",2,"[0, 0, 7, 7]",64
"[6.18, 2.44, 8.42, 4.68]",4,"[6, 2, 9, 5]",16
"[3.82, 11.66, 6.06, 13.9]",2,"[0, 8, 7, 15]",64
"[7.06, 10.57, 9.3, 12.81]",2,"[4, 8, 11, 15]",64
"[7.02, 6.4, 9.26, 8.64]",2,"[4, 4, 11, 11]",64
"[10.04, 12.55, 12.28, 14.79]",4,"[10, 12, 13, 15]",16
"[5.56, 0.03, 7.8, 2.27]",2,"[4, 0, 11, 7]",64
"[4.8, 9.57, 7.04, 11.81]",2,"[4, 8, 11, 15]",64
"[9.46, 12.53, 11.7, 14.77]",2,"[8, 8, 15, 15]",64
"[7.47, 8.25, 9.71, 10.49]",2,"[4, 8, 11, 15]",64
"[11.83, 8.82, 14.07, 11.06]",2,"[8, 8, 15, 15]",64
"[8.78, 8.0, 11.02, 10.24]",2,"[8, 8, 15, 15]",64
"[11.63, 1.47, 13.87, 3.71]",2,"[8, 0, 15, 7]",64
"[12.42, 10.81, 14.66, 13.05]",3,"[12, 8, 15, 15]",32
"[4.38, 5.66, 6.62, 7.9]",3,"[4, 4, 7, 11]",32
"[6.25, 5.9, 8.49, 8.14]",3,"[6, 4, 9, 11]",32
"[8.19, 6.89, 10.43, 9.13]",3,"[8, 4, 11, 11]",32
"[7.47, 3.42, 9.71, 5.66]",2,"[4, 0, 11, 7]",64
"[2.4, 1.09, 4.64, 3.33]",3,"[2, 0, 5, 7]",32
"[5.21, 8.66, 7.45, 10.9]",2,"[4, 8, 11, 15]",64
"[11.43, 2.76, 13.67, 5.0]",2,"[8, 0, 15, 7]",64
"[10.83, 7.48, 13.07, 9.72]",2,"[8, 4, 15, 11]",64
"[9.93, 2.2, 12.17, 4.44]",2,"[8, 0, 15, 7]",64
"[1.9, 0.14, 4.14, 2.38]",2,"[0, 0, 7, 7]",64
"[8.57, 6.27, 10.81, 8.51]",4,"[8, 6, 11, 9]",16
"[4.88, 4.79, 7.12, 7.03]",2,"[4, 4, 11, 11]",64
"[6.52, 9.6, 8.76, 11.84]",3,"[6, 8, 9, 15]",32
"[10.41, 2.73, 12.65, 4.97]",4,"[10, 2, 13, 5]",16
"[3.76, 1.37, 6.0, 3.61]",2,"[0, 0, 7, 7]",64
"[12.4, 0.12, 14.64, 2.36]",4,"[12, 0, 15, 3]",16
"[6.36, 4.24, 8.6, 6.48]",4,"[6, 4, 9, 7]",16
"[9.21, 10.89, 11.45, 13.13]",2,"[8, 8, 15, 15]",64
"[1.56, 3.54, 3.8, 5.78]",2,"[0, 0, 7, 7]",64
"[8.73, 2.19, 10.97, 4.43]",4,"[8, 2, 11, 5]",16
"[5.95, 7.38, 8.19, 9.62]",2,"[4, 4, 11, 11]",64
"[7.77, 4.33, 10.01, 6.57]",2,"[4, 0, 11, 7]",64
"[3.07, 0.55, 5.31, 2.79]",2,"[0, 0, 7, 7]",64
"[7.22, 7.54, 9.46, 9.78]",2,"[4, 4, 11, 11]",64
"[11.3, 10.18, 13.54, 12.42]",2,"[8, 8, 15, 15]",64
"[10.9, 12.55, 13.14, 14.79]",2,"[8, 8, 15, 15]",64
"[6.97, 7.81, 9.21, 10.05]",2,"[4, 4, 11, 11]",64
"[0.85, 1.79, 3.09, 4.03]",2,"[0, 0, 7, 7]",64
"[5.77, 3.25, 8.01, 5.49]",2,"[4, 0, 11, 7]",64
"[6.52, 3.25, 8.76, 5.49]",3,"[6, 0, 9, 7]",32
"[9.76, 2.6, 12.0, 4.84]",2,"[8, 0, 15, 7]",64
"[1.86, 4.27, 4.1, 6.51]",2,"[0, 0, 7, 7]",64
"[4.8, 12.2, 7.04, 14.44]",2,"[4, 8, 11, 15]",64
"[1.21, 0.04, 3.45, 2.28]",2,"[0, 0, 7, 7]",64
"[5.8, 7.71, 8.04, 9.95]",2,"[4, 4, 11, 11]",64
"[8.59, 0.08, 10.83, 2.32]",4,"[8, 0, 11, 3]",16
"[5.93, 0.74, 8.17, 2.98]",2,"[4, 0, 11, 7]",64
"[9.95, 11.03, 12.19, 13.27]",2,"[8, 8, 15, 15]",64
"[2.06, 11.61, 4.3, 13.85]",3,"[2, 8, 5, 15]",32
"[1.0, 5.79, 3.24, 8.03]",2,"[0, 4, 7, 11]",64
"[0.55, 10.58, 2.79, 12.82]",4,"[0, 10, 3, 13]",16
"[4.04, 2.74, 6.28, 4.98]",4,"[4, 2, 7, 5]",16
"[2.35, 6.23, 4.59, 8.47]",4,"[2, 6, 5, 9]",16
"[2.79, 3.77, 5.03, 6.01]",2,"[0, 0, 7, 7]",64
"[12.11, 1.22, 14.35, 3.46]",3,"[12, 0, 15, 7]",32
"[4.86, 1.79, 7.1, 4.03]",2,"[4, 0, 11, 7]",64
"[9.48, 6.89, 11.72, 9.13]",2,"[8, 4, 15, 11]",64
"[10.51, 0.84, 12.75, 3.08]",3,"[10, 0, 13, 7]",32
"[1.0, 7.8, 3.24, 10.04]",2,"[0, 4, 7, 11]",64
"[1.0, 5.04, 3.24, 7.28]",2,"[0, 4, 7, 11]",64
"[11.87, 3.73, 14.11, 5.97]",2,"[8, 0, 15, 7]",64
"[0.93, 1.81, 3.17, 4.05]",2,"[0, 0, 7, 7]",64
"[4.42, 6.25, 6.66, 8.49]",4,"[4, 6, 7, 9]",16
"[6.65, 0.43, 8.89, 2.67]",4,"[6, 0, 9, 3]",16
"[2.45, 4.72, 4.69, 6.96]",4,"[2, 4, 5, 7]",16
"[5.53, 7.49, 7.77, 9.73]",2,"[4, 4, 11, 11]",64
"[8.92, 3.92, 11.16, 6.16]",2,"[8, 0, 15, 7]",64
"[7.01, 8.72, 9.25, 10.96]",2,"[4, 8, 11, 15]",64
"[0.34, 11.1, 2.58, 13.34]",3,"[0, 8, 3, 15]",32
"[9.45, 7.92, 11.69, 10.16]",2,"[8, 4, 15, 11]",64
"[12.27, 5.12, 14.51, 7.36]",3,"[12, 4, 15, 11]",32
"[6.07, 11.86, 8.31, 14.1]",3,"[6, 8, 9, 15]",32
"[4.76, 0.48, 7.0, 2.72]",4,"[4, 0, 7, 3]",16
"[10.93, 0.58, 13.17, 2.82]",2,"[8, 0, 15, 7]",64
"[8.13, 11.02, 10.37, 13.26]",3,"[8, 8, 11, 15]",32
"[3.98, 6.03, 6.22, 8.27]",2,"[0, 4, 7, 11]",64
"[10.9, 9.5, 13.14, 11.74]",2,"[8, 8, 15, 15]",64
"[7.67, 9.85, 9.91, 12.09]",2,"[4, 8, 11, 15]",64
"[4.34, 3.37, 6.58, 5.61]",3,"[4, 0, 7, 7]",32
"[10.01, 12.34, 12.25, 14.58]",4,"[10, 12, 13, 15]",16
"[9.03, 6.84, 11.27, 9.08]",2,"[8, 4, 15, 11]",64
"[11.47, 6.37, 13.71, 8.61]",2,"[8, 4, 15, 11]",64
"[1.19, 12.02, 3.43, 14.26]",2,"[0, 8, 7, 15]",64
"[3.73, 0.85, 5.97, 3.09]",2,"[0, 0, 7, 7]",64
"[12.21, 8.87, 14.45, 11.11]",3,"[12, 8, 15, 15]",32
"[9.25, 3.04, 11.49, 5.28]",2,"[8, 0, 15, 7]",64
"[11.66, 12.39, 13.9, 14.63]",2,"[8, 8, 15, 15]",64
"[3.19, 6.22, 5.43, 8.46]",2,"[0, 4, 7, 11]",64
"[10.71, 10.96, 12.95, 13.2]",3,"[10, 8, 13, 15]",32
"[5.86, 3.88, 8.1, 6.12]",2,"[4, 0, 11, 7]",64
"[10.97, 4.34, 13.21, 6.58]",2,"[8, 0, 15, 7]",64
"[5.57, 8.33, 7.81, 10.57]",2,"[4, 8, 11, 15]",64
"[11.7, 8.71, 13.94, 10.95]",2,"[8, 8, 15, 15]",64
"[6.02, 10.82, 8.26, 13.06]",3,"[6, 8, 9, 15]",32
"[9.2, 4.49, 11.44, 6.73]",2,"[8, 0, 15, 7]",64
"[5.44, 0.89, 7.68, 3.13]",2,"[4, 0, 11, 7]",64
"[0.99, 5.46, 3.23, 7.7]",2,"[0, 4, 7, 11]",64
"[1.78, 3.56, 4.02, 5.8]",2,"[0, 0, 7, 7]",64
"[0.39, 10.63, 2.63, 12.87]",4,"[0, 10, 3, 13]",16
"[6.18, 0.84, 8.42, 3.08]",3,"[6, 0, 9, 7]",32
"[0.79, 10.64, 3.03, 12.88]",2,"[0, 8, 7, 15]",64
"[2.03, 3.96, 4.27, 6.2]",3,"[2, 0, 5, 7]",32
"[9.16, 6.17, 11.4, 8.41]",2,"[8, 4, 15, 11]",64
"[6.62, 1.15, 8.86, 3.39]",3,"[6, 0, 9, 7]",32
"[1.87, 1.18, 4.11, 3.42]",2,"[0, 0, 7, 7]",64
"[2.16, 10.31, 4.4, 12.55]",4,"[2, 10, 5, 13]",16
"[7.7, 5.99, 9.94, 8.23]",2,"[4, 4, 11, 11]",64
"[5.04, 4.11, 7.28, 6.35]",2,"[4, 0, 11, 7]",64
"[6.54, 12.09, 8.78, 14.33]",4,"[6, 12, 9, 15]",16
"[2.33, 11.62, 4.57, 13.86]",3,"[2, 8, 5, 15]",32
"[0.22, 3.52, 2.46, 5.76]",3,"[0, 0, 3, 7]",32
"[1.45, 8.88, 3.69, 11.12]",2,"[0, 8, 7, 15]",64
"[2.08, 12.33, 4.32, 14.57]",4,"[2, 12, 5, 15]",16
"[4.04, 3.82, 6.28, 6.06]",3,"[4, 0, 7, 7]",32
"[8.67, 3.49, 10.91, 5.73]",3,"[8, 0, 11, 7]",32
"[0.6, 2.7, 2.84, 4.94]",4,"[0, 2, 3, 5]",16
"[7.8, 3.84, 10.04, 6.08]",2,"[4, 0, 11, 7]",64
"[2.42, 2.46, 4.66, 4.7]",4,"[2, 2, 5, 5]",16
"[5.46, 3.58, 7.7, 5.82]",2,"[4, 0, 11, 7]",64
"[1.42, 12.72, 3.66, 14.96]",2,"[0, 8, 7, 15]",64
"[7.97, 5.81, 10.21, 8.05]",2,"[4, 4, 11, 11]",64
"[2.49, 12.19, 4.73, 14.43]",4,"[2, 12, 5, 15]",16
"[12.33, 1.6, 14.57, 3.84]",3,"[12, 0, 15, 7]",32
"[2.96, 10.39, 5.2, 12.63]",2,"[0, 8, 7, 15]",64
"[9.11, 6.31, 11.35, 8.55]",2,"[8, 4, 15, 11]",64
"[3.2, 11.75, 5.44, 13.99]",2,"[0, 8, 7, 15]",64
"[6.33, 11.94, 8.57, 14.18]",3,"[6, 8, 9, 15]",32
"[1.48, 5.67, 3.72, 7.91]",2,"[0, 4, 7, 11]",64
"[3.01, 5.52, 5.25, 7.76]",2,"[0, 4, 7, 11]",64
"[3.22, 6.84, 5.46, 9.08]",2,"[0, 4, 7, 11]",64
"[10.81, 4.73, 13.05, 6.97]",2,"[8, 0, 15, 7]",64
"[0.11, 7.06, 2.35, 9.3]",3,"[0, 4, 3, 11]",32
"[1.11, 4.84, 3.35, 7.08]",2,"[0, 4, 7, 11]",64
"[5.21, 9.59, 7.45, 11.83]",2,"[4, 8, 11, 15]",64
"[0.29, 7.25, 2.53, 9.49]",3,"[0, 4, 3, 11]",32
"[6.5, 9.23, 8.74, 11.47]",3,"[6, 8, 9, 15]",32
"[6.98, 4.7, 9.22, 6.94]",2,"[4, 0, 11, 7]",64
"[9.92, 1.39, 12.16, 3.63]",2,"[8, 0, 15, 7]",64
"[3.76, 11.43, 6.0, 13.67]",2,"[0, 8, 7, 15]",64
"[11.85, 11.76, 14.09, 14.0]",2,"[8, 8, 15, 15]",64
"[9.7, 11.94, 11.94, 14.18]",2,"[8, 8, 15, 15]",64
"[9.54, 9.73, 11.78, 11.97]",2,"[8, 8, 15, 15]",64
"[1.11, 11.85, 3.35, 14.09]",2,"[0, 8, 7, 15]",64
"[3.55, 9.4, 5.79, 11.64]",2,"[0, 8, 7, 15]",64
"[3.86, 8.97, 6.1, 11.21]",2,"[0, 8, 7, 15]",64
"[4.41, 8.54, 6.65, 10.78]",4,"[4, 8, 7, 11]",16
"[1.85, 11.99, 4.09, 14.23]",2,"[0, 8, 7, 15]",64
"[8.92, 11.19, 11.16, 13.43]",2,"[8, 8, 15, 15]",64
"[6.4, 0.67, 8.64, 2.91]",4,"[6, 0, 9, 3]",16
"[3.87, 7.53, 6.11, 9.77]",2,"[0, 4, 7, 11]",64
"[0.3, 6.42, 2.54, 8.66]",4,"[0, 6, 3, 9]",16
"[7.63, 2.63, 9.87, 4.87]",2,"[4, 0, 11, 7]",64
"[11.22, 0.95, 13.46, 3.19]",2,"[8, 0, 15, 7]",64
"[3.27, 5.91, 5.51, 8.15]",2,"[0, 4, 7, 11]",64
"[10.08, 5.0, 12.32, 7.24]",3,"[10, 4, 13, 11]",32
"[6.87, 2.71, 9.11, 4.95]",2,"[4, 0, 11, 7]",64
"[10.41, 6.74, 12.65, 8.98]",4,"[10, 6, 13, 9]",16
"[12.62, 9.74, 14.86, 11.98]",3,"[12, 8, 15, 15]",32
"[0.79, 7.23, 3.03, 9.47]",2,"[0, 4, 7, 11]",64
"[2.69, 8.41, 4.93, 10.65]",4,"[2, 8, 5, 11]",16
"[9.61, 5.39, 11.85, 7.63]",2,"[8, 4, 15, 11]",64
"[8.78, 10.4, 11.02, 12.64]",2,"[8, 8, 15, 15]",64
"[11.73, 7.22, 13.97, 9.46]",2,"[8, 4, 15, 11]",64
"[1.5, 10.88, 3.74, 13.12]",2,"[0, 8, 7, 15]",64
"[12.46, 11.18, 14.7, 13.42]",3,"[12, 8, 15, 15]",32
"[4.16, 8.83, 6.4, 11.07]",3,"[4, 8, 7, 15]",32
"[6.36, 7.52, 8.6, 9.76]",3,"[6, 4, 9, 11]",32
"[6.21, 8.51, 8.45, 10.75]",4,"[6, 8, 9, 11]",16
"[7.08, 3.43, 9.32, 5.67]",2,"[4, 0, 11, 7]",64
"[1.61, 1.04, 3.85, 3.28]",2,"[0, 0, 7, 7]",64
"[1.33, 11.97, 3.57, 14.21]",2,"[0, 8, 7, 15]",64
"[10.01, 11.07, 12.25, 13.31]",3,"[10, 8, 13, 15]",32
"[11.03, 7.27, 13.27, 9.51]",2,"[8, 4, 15, 11]",64
"[12.15, 10.9, 14.39, 13.14]",3,"[12, 8, 15, 15]",32
"[1.77, 7.53, 4.01, 9.77]",2,"[0, 4, 7, 11]",64
"[8.6, 2.18, 10.84, 4.42]",4,"[8, 2, 11, 5]",16
"[11.27, 12.61, 13.51, 14.85]",2,"[8, 8, 15, 15]",64
"[1.77, 11.33, 4.01, 13.57]",2,"[0, 8, 7, 15]",64
"[7.11, 4.68, 9.35, 6.92]",2,"[4, 0, 11, 7]",64
"[5.66, 1.08, 7.9, 3.32]",2,"[4, 0, 11, 7]",64
"[8.06, 9.75, 10.3, 11.99]",3,"[8, 8, 11, 15]",32
"[7.99, 2.17, 10.23, 4.41]",2,"[4, 0, 11, 7]",64
"[1.23, 4.23, 3.47, 6.47]",2,"[0, 0, 7, 7]",64
"[7.55, 3.53, 9.79, 5.77]",2,"[4, 0, 11, 7]",64
"[7.25, 12.47, 9.49, 14.71]",2,"[4, 8, 11, 15]",64
"[1.61, 1.84, 3.85, 4.08]",2,"[0, 0, 7, 7]",64
"[8.44, 11.39, 10.68, 13.63]",3,"[8, 8, 11, 15]",32
"[5.96, 3.83, 8.2, 6.07]",2,"[4, 0, 11, 7]",64
"[1.99, 6.74, 4.23, 8.98]",2,"[0, 4, 7, 11]",64
"[11.46, 8.17, 13.7, 10.41]",2,"[8, 8, 15, 15]",64
"[0.59, 9.93, 2.83, 12.17]",3,"[0, 8, 3, 15]",32
"[6.62, 8.69, 8.86, 10.93]",4,"[6, 8, 9, 11]",16
"[3.84, 2.58, 6.08, 4.82]",2,"[0, 0, 7, 7]",64
"[6.0, 11.8, 8.24, 14.04]",3,"[6, 8, 9, 15]",32
"[1.4, 7.89, 3.64, 10.13]",2,"[0, 4, 7, 11]",64
"[5.16, 5.99, 7.4, 8.23]",2,"[4, 4, 11, 11]",64
"[0.89, 7.21, 3.13, 9.45]",2,"[0, 4, 7, 11]",64
"[1.99, 8.52, 4.23, 10.76]",2,"[0, 8, 7, 15]",64
"[6.0, 9.59, 8.24, 11.83]",3,"[6, 8, 9, 15]",32
"[3.12, 2.74, 5.36, 4.98]",2,"[0, 0, 7, 7]",64
"[11.17, 10.93, 13.41, 13.17]",2,"[8, 8, 15, 15]",64
"[10.01, 11.23, 12.25, 13.47]",3,"[10, 8, 13, 15]",32
"[10.94, 7.86, 13.18, 10.1]",2,"[8, 4, 15, 11]",64
"[9.01, 3.58, 11.25, 5.82]",2,"[8, 0, 15, 7]",64
"[9.92, 12.56, 12.16, 14.8]",2,"[8, 8, 15, 15]",64
"[12.19, 1.24, 14.43, 3.48]",3,"[12, 0, 15, 7]",32
"[6.77, 3.7, 9.01, 5.94]",2,"[4, 0, 11, 7]",64
"[5.48, 4.14, 7.72, 6.38]",2,"[4, 0, 11, 7]",64
"[8.98, 5.03, 11.22, 7.27]",2,"[8, 4, 15, 11]",64
"[11.97, 10.93, 14.21, 13.17]",2,"[8, 8, 15, 15]",64
"[2.18, 9.42, 4.42, 11.66]",3,"[2, 8, 5, 15]",32
"[10.21, 8.76, 12.45, 11.0]",4,"[10, 8, 13, 11]",16
"[7.53, 2.09, 9.77, 4.33]",2,"[4, 0, 11, 7]",64
"[4.22, 9.39, 6.46, 11.63]",3,"[4, 8, 7, 15]",32
"[2.82, 1.39, 5.06, 3.63]",2,"[0, 0, 7, 7]",64
"[6.85, 1.87, 9.09, 4.11]",2,"[4, 0, 11, 7]",64
"[9.56, 8.65, 11.8, 10.89]",2,"[8, 8, 15, 15]",64
"[12.59, 11.34, 14.83, 13.58]",3,"[12, 8, 15, 15]",32
"[3.94, 11.29, 6.18, 13.53]",2,"[0, 8, 7, 15]",64
"[10.13, 5.37, 12.37, 7.61]",3,"[10, 4, 13, 11]",32
"[5.69, 11.61, 7.93, 13.85]",2,"[4, 8, 11, 15]",64
"[5.19, 2.57, 7.43, 4.81]",2,"[4, 0, 11, 7]",64
"[9.98, 0.7, 12.22, 2.94]",2,"[8, 0, 15, 7]",64
"[11.41, 2.39, 13.65, 4.63]",2,"[8, 0, 15, 7]",64
"[3.9, 5.68, 6.14, 7.92]",2,"[0, 4, 7, 11]",64
"[5.56, 7.89, 7.8, 10.13]",2,"[4, 4, 11, 11]",64
"[9.13, 6.48, 11.37, 8.72]",2,"[8, 4, 15, 11]",64
"[10.81, 11.03, 13.05, 13.27]",2,"[8, 8, 15, 15]",64
"[6.9, 0.64, 9.14, 2.88]",2,"[4, 0, 11, 7]",64
"[8.16, 5.1, 10.4, 7.34]",3,"[8, 4, 11, 11]",32
"[7.3, 1.6, 9.54, 3.84]",2,"[4, 0, 11, 7]",64
"[7.99, 3.51, 10.23, 5.75]",2,"[4, 0, 11, 7]",64
"[2.54, 8.63, 4.78, 10.87]",4,"[2, 8, 5, 11]",16
"[7.46, 9.55, 9.7, 11.79]",2,"[4, 8, 11, 15]",64
"[2.82, 2.09, 5.06, 4.33]",2,"[0, 0, 7, 7]",64
"[0.72, 0.74, 2.96, 2.98]",4,"[0, 0, 3, 3]",16
"[7.4, 4.02, 9.64, 6.26]",2,"[4, 0, 11, 7]",64
"[11.64, 11.58, 13.88, 13.82]",2,"[8, 8, 15, 15]",64
"[4.37, 6.94, 6.61, 9.18]",3,"[4, 4, 7, 11]",32
"[0.07, 3.2, 2.31, 5.44]",3,"[0, 0, 3, 7]",32
"[11.23, 12.53, 13.47, 14.77]",2,"[8, 8, 15, 15]",64
"[7.22, 8.14, 9.46, 10.38]",2,"[4, 8, 11, 15]",64
"[9.55, 0.36, 11.79, 2.6]",2,"[8, 0, 15, 7]",64
"[8.19, 12.04, 10.43, 14.28]",4,"[8, 12, 11, 15]",16
"[4.03, 3.81, 6.27, 6.05]",3,"[4, 0, 7, 7]",32
"[7.4, 0.89, 9.64, 3.13]",2,"[4, 0, 11, 7]",64
"[5.14, 4.07, 7.38, 6.31]",2,"[4, 0, 11, 7]",64
"[8.55, 12.0, 10.79, 14.24]",4,"[8, 12, 11, 15]",16
"[6.98, 4.94, 9.22, 7.18]",2,"[4, 4, 11, 11]",64
"[12.42, 1.02, 14.66, 3.26]",3,"[12, 0, 15, 7]",32
"[11.1, 0.8, 13.34, 3.04]",2,"[8, 0, 15, 7]",64
"[4.66, 2.59, 6.9, 4.83]",4,"[4, 2, 7, 5]",16
"[9.7, 1.9, 11.94, 4.14]",2,"[8, 0, 15, 7]",64
"[9.55, 11.54, 11.79, 13.78]",2,"[8, 8, 15, 15]",64
"[6.81, 10.65, 9.05, 12.89]",2,"[4, 8, 11, 15]",64
"[12.42, 10.63, 14.66, 12.87]",4,"[12, 10, 15, 13]",16
"[10.93, 4.07, 13.17, 6.31]",2,"[8, 0, 15, 7]",64
"[0.51, 5.06, 2.75, 7.3]",3,"[0, 4, 3, 11]",32
"[3.82, 3.41, 6.06, 5.65]",2,"[0, 0, 7, 7]",64
"[2.52, 10.36, 4.76, 12.6]",4,"[2, 10, 5, 13]",16
"[9.34, 1.7, 11.58, 3.94]",2,"[8, 0, 15, 7]",64
"[1.94, 4.59, 4.18, 6.83]",2,"[0, 0, 7, 7]",64
"[10.63, 6.13, 12.87, 8.37]",4,"[10, 6, 13, 9]",16
"[1.85, 7.59, 4.09, 9.83]",2,"[0, 4, 7, 11]",64
"[6.97, 12.55, 9.21, 14.79]",2,"[4, 8, 11, 15]",64
"[4.16, 0.37, 6.4, 2.61]",4,"[4, 0, 7, 3]",16
"[4.99, 5.03, 7.23, 7.27]",2,"[4, 4, 11, 11]",64
"[12.65, 10.22, 14.89, 12.46]",4,"[12, 10, 15, 13]",16
"[2.91, 6.42, 5.15, 8.66]",2,"[0, 4, 7, 11]",64
"[8.29, 0.73, 10.53, 2.97]",4,"[8, 0, 11, 3]",16
"[5.1, 11.56, 7.34, 13.8]",2,"[4, 8, 11, 15]",64
"[10.11, 6.21, 12.35, 8.45]",4,"[10, 6, 13, 9]",16
"[7.83, 5.28, 10.07, 7.52]",2,"[4, 4, 11, 11]",64
"[5.96, 7.77, 8.2, 10.01]",2,"[4, 4, 11, 11]",64
"[11.95, 4.88, 14.19, 7.12]",2,"[8, 4, 15, 11]",64
"[5.33, 8.16, 7.57, 10.4]",2,"[4, 8, 11, 15]",64
"[10.02, 9.87, 12.26, 12.11]",3,"[10, 8, 13, 15]",32
"[9.16, 7.07, 11.4, 9.31]",2,"[8, 4, 15, 11]",64
"[6.02, 11.87, 8.26, 14.11]",3,"[6, 8, 9, 15]",32
"[10.76, 8.06, 13.0, 10.3]",4,"[10, 8, 13, 11]",16
"[0.4, 8.8, 2.64, 11.04]",3,"[0, 8, 3, 15]",32
"[8.94, 1.99, 11.18, 4.23]",2,"[8, 0, 15, 7]",64
"[11.75, 1.24, 13.99, 3.48]",2,"[8, 0, 15, 7]",64
"[7.59, 10.0, 9.83, 12.24]",2,"[4, 8, 11, 15]",64
"[12.41, 8.85, 14.65, 11.09]",3,"[12, 8, 15, 15]",32
"[4.13, 8.51, 6.37, 10.75]",4,"[4, 8, 7, 11]",16
"[5.33, 12.16, 7.57, 14.4]",2,"[4, 8, 11, 15]",64
"[3.88, 5.48, 6.12, 7.72]",2,"[0, 4, 7, 11]",64
"[5.52, 4.09, 7.76, 6.33]",2,"[4, 0, 11, 7]",64
"[7.27, 2.98, 9.51, 5.22]",2,"[4, 0, 11, 7]",64
"[0.03, 2.57, 2.27, 4.81]",4,"[0, 2, 3, 5]",16
"[5.72, 9.3, 7.96, 11.54]",2,"[4, 8, 11, 15]",64
"[4.6, 11.44, 6.84, 13.68]",3,"[4, 8, 7, 15]",32
"[8.04, 0.29, 10.28, 2.53]",4,"[8, 0, 11, 3]",16
"[2.71, 2.32, 4.95, 4.56]",4,"[2, 2, 5, 5]",16
"[3.92, 6.63, 6.16, 8.87]",2,"[0, 4, 7, 11]",64
"[11.31, 5.26, 13.55, 7.5]",2,"[8, 4, 15, 11]",64
"[1.08, 9.55, 3.32, 11.79]",2,"[0, 8, 7, 15]",64
"[11.33, 7.21, 13.57, 9.45]",2,"[8, 4, 15, 11]",64
"[0.16, 3.11, 2.4, 5.35]",3,"[0, 0, 3, 7]",32
"[11.46, 1.3, 13.7, 3.54]",2,"[8, 0, 15, 7]",64
"[10.96, 5.46, 13.2, 7.7]",2,"[8, 4, 15, 11]",64
"[6.7, 0.74, 8.94, 2.98]",4,"[6, 0, 9, 3]",16
"[4.42, 12.75, 6.66, 14.99]",4,"[4, 12, 7, 15]",16
"[11.91, 4.59, 14.15, 6.83]",2,"[8, 0, 15, 7]",64
"[4.34, 12.13, 6.58, 14.37]",4,"[4, 12, 7, 15]",16
"[0.59, 3.37, 2.83, 5.61]",3,"[0, 0, 3, 7]",32
"[9.33, 9.01, 11.57, 11.25]",2,"[8, 8, 15, 15]",64
"[0.63, 6.31, 2.87, 8.55]",4,"[0, 6, 3, 9]",16
"[7.64, 4.03, 9.88, 6.27]",2,"[4, 0, 11, 7]",64
"[7.66, 7.42, 9.9, 9.66]",2,"[4, 4, 11, 11]",64
"[8.24, 7.86, 10.48, 10.1]",3,"[8, 4, 11, 11]",32
"[3.14, 5.15, 5.38, 7.39]",2,"[0, 4, 7, 11]",64
"[3.44, 7.44, 5.68, 9.68]",2,"[0, 4, 7, 11]",64
"[3.92, 12.64, 6.16, 14.88]",2,"[0, 8, 7, 15]",64
"[1.49, 5.9, 3.73, 8.14]",2,"[0, 4, 7, 11]",64
"[11.95, 2.38, 14.19, 4.62]",2,"[8, 0, 15, 7]",64
"[3.69, 9.84, 5.93, 12.08]",2,"[0, 8, 7, 15]",64
"[0.51, 3.33, 2.75, 5.57]",3,"[0, 0, 3, 7]",32
"[9.06, 3.15, 11.3, 5.39]",2,"[8, 0, 15, 7]",64
"[10.15, 2.87, 12.39, 5.11]",3,"[10, 0, 13, 7]",32
"[8.87, 11.59, 11.11, 13.83]",2,"[8, 8, 15, 15]",64
"[1.22, 8.71, 3.46, 10.95]",2,"[0, 8, 7, 15]",64
"[7.68, 1.75, 9.92, 3.99]",2,"[4, 0, 11, 7]",64
"[10.31, 4.95, 12.55, 7.19]",3,"[10, 4, 13, 11]",32
"[5.06, 3.63, 7.3, 5.87]",2,"[4, 0, 11, 7]",64
"[10.2, 8.31, 12.44, 10.55]",4,"[10, 8, 13, 11]",16
"[0.72, 12.08, 2.96, 14.32]",4,"[0, 12, 3, 15]",16
"[9.6, 12.26, 11.84, 14.5]",2,"[8, 8, 15, 15]",64
"[1.98, 10.98, 4.22, 13.22]",2,"[0, 8, 7, 15]",64
"[5.66, 11.15, 7.9, 13.39]",2,"[4, 8, 11, 15]",64
"[10.16, 2.37, 12.4, 4.61]",4,"[10, 2, 13, 5]",16
"[12.65, 3.96, 14.89, 6.2]",3,"[12, 0, 15, 7]",32
"[1.74, 2.52, 3.98, 4.76]",2,"[0, 0, 7, 7]",64
"[0.63, 4.42, 2.87, 6.66]",4,"[0, 4, 3, 7]",16
"[9.87, 3.82, 12.11, 6.06]",2,"[8, 0, 15, 7]",64
"[7.13, 12.04, 9.37, 14.28]",2,"[4, 8, 11, 15]",64
"[0.56, 1.44, 2.8, 3.68]",3,"[0, 0, 3, 7]",32
"[4.08, 12.46, 6.32, 14.7]",4,"[4, 12, 7, 15]",16
"[5.24, 3.02, 7.48, 5.26]",2,"[4, 0, 11, 7]",64
"[4.01, 7.3, 6.25, 9.54]",3,"[4, 4, 7, 11]",32
"[3.97, 8.61, 6.21, 10.85]",2,"[0, 8, 7, 15]",64
"[8.61, 12.41, 10.85, 14.65]",4,"[8, 12, 11, 15]",16
"[10.14, 7.54, 12.38, 9.78]",3,"[10, 4, 13, 11]",32
"[6.89, 9.76, 9.13, 12.0]",2,"[4, 8, 11, 15]",64
"[7.06, 6.31, 9.3, 8.55]",2,"[4, 4, 11, 11]",64
"[6.58, 6.27, 8.82, 8.51]",4,"[6, 6, 9, 9]",16
"[6.95, 6.89, 9.19, 9.13]",2,"[4, 4, 11, 11]",64
"[8.15, 12.59, 10.39, 14.83]",4,"[8, 12, 11, 15]",16
"[0.39, 11.1, 2.63, 13.34]",3,"[0, 8, 3, 15]",32
"[6.99, 4.73, 9.23, 6.97]",2,"[4, 0, 11, 7]",64
"[12.45, 2.21, 14.69, 4.45]",4,"[12, 2, 15, 5]",16
"[8.37, 2.46, 10.61, 4.7]",4,"[8, 2, 11, 5]",16
"[12.66, 7.16, 14.9, 9.4]",3,"[12, 4, 15, 11]",32
"[10.07, 3.25, 12.31, 5.49]",3,"[10, 0, 13, 7]",32
"[5.48, 2.96, 7.72, 5.2]",2,"[4, 0, 11, 7]",64
"[4.84, 2.62, 7.08, 4.86]",2,"[4, 0, 11, 7]",64
"[10.92, 2.86, 13.16, 5.1]",2,"[8, 0, 15, 7]",64
"[4.31, 9.77, 6.55, 12.01]",3,"[4, 8, 7, 15]",32
"[7.28, 3.32, 9.52, 5.56]",2,"[4, 0, 11, 7]",64
"[6.64, 8.26, 8.88, 10.5]",4,"[6, 8, 9, 11]",16
"[10.97, 6.5, 13.21, 8.74]",2,"[8, 4, 15, 11]",64
"[9.0, 9.82, 11.24, 12.06]",2,"[8, 8, 15, 15]",64
"[10.94, 4.95, 13.18, 7.19]",2,"[8, 4, 15, 11]",64
"[4.59, 10.17, 6.83, 12.41]",4,"[4, 10, 7, 13]",16
"[6.49, 11.4, 8.73, 13.64]",3,"[6, 8, 9, 15]",32
"[7.02, 8.86, 9.26, 11.1]",2,"[4, 8, 11, 15]",64
"[0.37, 6.66, 2.61, 8.9]",4,"[0, 6, 3, 9]",16
"[4.96, 1.56, 7.2, 3.8]",2,"[4, 0, 11, 7]",64
"[2.38, 6.13, 4.62, 8.37]",4,"[2, 6, 5, 9]",16
"[3.1, 5.36, 5.34, 7.6]",2,"[0, 4, 7, 11]",64
"[9.67, 4.28, 11.91, 6.52]",2,"[8, 0, 15, 7]",64
"[5.28, 5.12, 7.52, 7.36]",2,"[4, 4, 11, 11]",64
"[4.32, 6.15, 6.56, 8.39]",4,"[4, 6, 7, 9]",16
"[6.45, 11.95, 8.69, 14.19]",3,"[6, 8, 9, 15]",32
"[5.3, 4.86, 7.54, 7.1]",2,"[4, 4, 11, 11]",64
"[7.76, 2.86, 10.0, 5.1]",2,"[4, 0, 11, 7]",64
"[8.26, 4.52, 10.5, 6.76]",4,"[8, 4, 11, 7]",16
"[2.39, 2.07, 4.63, 4.31]",4,"[2, 2, 5, 5]",16
"[8.33, 10.65, 10.57, 12.89]",4,"[8, 10, 11, 13]",16
"[11.21, 8.07, 13.45, 10.31]",2,"[8, 8, 15, 15]",64
"[4.39, 3.45, 6.63, 5.69]",3,"[4, 0, 7, 7]",32
"[2.73, 2.48, 4.97, 4.72]",4,"[2, 2, 5, 5]",16
"[3.79, 11.01, 6.03, 13.25]",2,"[0, 8, 7, 15]",64
"[3.85, 11.59, 6.09, 13.83]",2,"[0, 8, 7, 15]",64
"[7.28, 11.79, 9.52, 14.03]",2,"[4, 8, 11, 15]",64
"[2.42, 12.2, 4.66, 14.44]",4,"[2, 12, 5, 15]",16
"[11.0, 10.45, 13.24, 12.69]",2,"[8, 8, 15, 15]",64
"[11.74, 4.94, 13.98, 7.18]",2,"[8, 4, 15, 11]",64
"[1.83, 0.69, 4.07, 2.93]",2,"[0, 0, 7, 7]",64
"[8.34, 5.38, 10.58, 7.62]",3,"[8, 4, 11, 11]",32
"[2.28, 11.38, 4.52, 13.62]",3,"[2, 8, 5, 15]",32
"[4.87, 1.86, 7.11, 4.1]",2,"[4, 0, 11, 7]",64
"[6.16, 11.28, 8.4, 13.52]",3,"[6, 8, 9, 15]",32
"[7.16, 11.95, 9.4, 14.19]",2,"[4, 8, 11, 15]",64
"[5.87, 0.27, 8.11, 2.51]",2,"[4, 0, 11, 7]",64
"[4.86, 1.71, 7.1, 3.95]",2,"[4, 0, 11, 7]",64
"[10.4, 7.25, 12.64, 9.49]",3,"[10, 4, 13, 11]",32
"[1.2, 0.73, 3.44, 2.97]",2,"[0, 0, 7, 7]",64
"[10.18, 7.23, 12.42, 9.47]",3,"[10, 4, 13, 11]",32
"[3.54, 1.5, 5.78, 3.74]",2,"[0, 0, 7, 7]",64
"[2.83, 8.92, 5.07, 11.16]",2,"[0, 8, 7, 15]",64
"[12.46, 7.62, 14.7, 9.86]",3,"[12, 4, 15, 11]",32
"[1.67, 1.76, 3.91, 4.0]",2,"[0, 0, 7, 7]",64
"[11.42, 4.16, 13.66, 6.4]",2,"[8, 0, 15, 7]",64
"[7.9, 7.6, 10.14, 9.84]",2,"[4, 4, 11, 11]",64
"[5.28, 12.2, 7.52, 14.44]",2,"[4, 8, 11, 15]",64
"[7.9, 9.48, 10.14, 11.72]",2,"[4, 8, 11, 15]",64
"[1.94, 12.69, 4.18, 14.93]",2,"[0, 8, 7, 15]",64
"[6.43, 6.74, 8.67, 8.98]",4,"[6, 6, 9, 9]",16
"[0.12, 0.83, 2.36, 3.07]",3,"[0, 0, 3, 7]",32
"[0.71, 12.74, 2.95, 14.98]",4,"[0, 12, 3, 15]",16
"[9.43, 2.92, 11.67, 5.16]",2,"[8, 0, 15, 7]",64
"[2.22, 3.24, 4.46, 5.48]",3,"[2, 0, 5, 7]",32
"[8.36, 1.61, 10.6, 3.85]",3,"[8, 0, 11, 7]",32
"[5.15, 12.32, 7.39, 14.56]",2,"[4, 8, 11, 15]",64
"[4.25, 9.4, 6.49, 11.64]",3,"[4, 8, 7, 15]",32
"[4.8, 0.25, 7.04, 2.49]",2,"[4, 0, 11, 7]",64
"[10.44, 7.17, 12.68, 9.41]",3,"[10, 4, 13, 11]",32
"[4.49, 8.26, 6.73, 10.5]",4,"[4, 8, 7, 11]",16
"[0.8, 6.89, 3.04, 9.13]",2,"[0, 4, 7, 11]",64
"[2.3, 3.32, 4.54, 5.56]",3,"[2, 0, 5, 7]",32
"[1.72, 2.1, 3.96, 4.34]",2,"[0, 0, 7, 7]",64
"[0.97, 2.41, 3.21, 4.65]",2,"[0, 0, 7, 7]",64
"[8.55, 2.55, 10.79, 4.79]",4,"[8, 2, 11, 5]",16
"[10.76, 3.3, 13.0, 5.54]",3,"[10, 0, 13, 7]",32
"[4.91, 1.34, 7.15, 3.58]",2,"[4, 0, 11, 7]",64
"[0.66, 8.71, 2.9, 10.95]",4,"[0, 8, 3, 11]",16
"[5.1, 5.73, 7.34, 7.97]",2,"[4, 4, 11, 11]",64
"[5.82, 3.18, 8.06, 5.42]",2,"[4, 0, 11, 7]",64
"[0.09, 10.0, 2.33, 12.24]",4,"[0, 10, 3, 13]",16
"[6.68, 3.01, 8.92, 5.25]",3,"[6, 0, 9, 7]",32
"[8.41, 3.84, 10.65, 6.08]",3,"[8, 0, 11, 7]",32
"[1.34, 5.73, 3.58, 7.97]",2,"[0, 4, 7, 11]",64
"[9.36, 3.87, 11.6, 6.11]",2,"[8, 0, 15, 7]",64
"[1.52, 11.52, 3.76, 13.76]",2,"[0, 8, 7, 15]",64
"[1.54, 1.06, 3.78, 3.3]",2,"[0, 0, 7, 7]",64
"[8.75, 2.16, 10.99, 4.4]",4,"[8, 2, 11, 5]",16
"[6.72, 1.04, 8.96, 3.28]",3,"[6, 0, 9, 7]",32
"[9.85, 0.17, 12.09, 2.41]",2,"[8, 0, 15, 7]",64
"[7.9, 5.31, 10.14, 7.55]",2,"[4, 4, 11, 11]",64
"[0.78, 11.55, 3.02, 13.79]",2,"[0, 8, 7, 15]",64
"[5.9, 4.1, 8.14, 6.34]",2,"[4, 0, 11, 7]",64
"[4.52, 9.87, 6.76, 12.11]",3,"[4, 8, 7, 15]",32
"[9.38, 1.54, 11.62, 3.78]",2,"[8, 0, 15, 7]",64
"[6.73, 9.8, 8.97, 12.04]",3,"[6, 8, 9, 15]",32
"[3.97, 0.67, 6.21, 2.91]",2,"[0, 0, 7, 7]",64
"[9.37, 7.62, 11.61, 9.86]",2,"[8, 4, 15, 11]",64
"[12.73, 1.52, 14.97, 3.76]",3,"[12, 0, 15, 7]",32
"[12.68, 2.69, 14.92, 4.93]",4,"[12, 2, 15, 5]",16
"[12.55, 5.01, 14.79, 7.25]",3,"[12, 4, 15, 11]",32
"[2.83, 0.47, 5.07, 2.71]",2,"[0, 0, 7, 7]",64
"[6.8, 8.55, 9.04, 10.79]",2,"[4, 8, 11, 15]",64
"[12.32, 12.27, 14.56, 14.51]",4,"[12, 12, 15, 15]",16
"[0.87, 0.9, 3.11, 3.14]",2,"[0, 0, 7, 7]",64
"[2.93, 11.25, 5.17, 13.49]",2,"[0, 8, 7, 15]",64
"[4.03, 1.48, 6.27, 3.72]",3,"[4, 0, 7, 7]",32
"[12.1, 4.99, 14.34, 7.23]",3,"[12, 4, 15, 11]",32
"[4.3, 2.6, 6.54, 4.84]",4,"[4, 2, 7, 5]",16
"[1.06, 2.55, 3.3, 4.79]",2,"[0, 0, 7, 7]",64
"[9.38, 12.74, 11.62, 14.98]",2,"[8, 8, 15, 15]",64
"[8.12, 5.74, 10.36, 7.98]",3,"[8, 4, 11, 11]",32
"[8.38, 10.2, 10.62, 12.44]",4,"[8, 10, 11, 13]",16
"[1.8, 3.39, 4.04, 5.63]",2,"[0, 0, 7, 7]",64
"[8.96, 5.64, 11.2, 7.88]",2,"[8, 4, 15, 11]",64
"[3.19, 4.51, 5.43, 6.75]",2,"[0, 0, 7, 7]",64
"[10.97, 10.6, 13.21, 12.84]",2,"[8, 8, 15, 15]",64
"[5.16, 2.97, 7.4, 5.21]",2,"[4, 0, 11, 7]",64
"[3.07, 3.81, 5.31, 6.05]",2,"[0, 0, 7, 7]",64
"[10.53, 10.78, 12.77, 13.02]",3,"[10, 8, 13, 15]",32
"[8.17, 9.09, 10.41, 11.33]",3,"[8, 8, 11, 15]",32
"[11.02, 2.87, 13.26, 5.11]",2,"[8, 0, 15, 7]",64
"[0.95, 7.16, 3.19, 9.4]",2,"[0, 4, 7, 11]",64
"[11.99, 0.18, 14.23, 2.42]",2,"[8, 0, 15, 7]",64
"[12.59, 11.47, 14.83, 13.71]",3,"[12, 8, 15, 15]",32
"[12.4, 5.8, 14.64, 8.04]",3,"[12, 4, 15, 11]",32
"[0.22, 7.4, 2.46, 9.64]",3,"[0, 4, 3, 11]",32
"[2.61, 9.34, 4.85, 11.58]",3,"[2, 8, 5, 15]",32
"[6.83, 12.12, 9.07, 14.36]",2,"[4, 8, 11, 15]",64
"[1.02, 8.93, 3.26, 11.17]",2,"[0, 8, 7, 15]",64
"[9.93, 12.01, 12.17, 14.25]",2,"[8, 8, 15, 15]",64
"[9.57, 12.0, 11.81, 14.24]",2,"[8, 8, 15, 15]",64
"[6.42, 0.6, 8.66, 2.84]",4,"[6, 0, 9, 3]",16
"[12.39, 4.16, 14.63, 6.4]",4,"[12, 4, 15, 7]",16
"[0.58, 10.77, 2.82, 13.01]",3,"[0, 8, 3, 15]",32
"[3.56, 5.19, 5.8, 7.43]",2,"[0, 4, 7, 11]",64
"[12.34, 2.51, 14.58, 4.75]",4,"[12, 2, 15, 5]",16
"[9.67, 7.75, 11.91, 9.99]",2,"[8, 4, 15, 11]",64
"[7.11, 2.0, 9.35, 4.24]",2,"[4, 0, 11, 7]",64
"[4.68, 8.76, 6.92, 11.0]",4,"[4, 8, 7, 11]",16
"[6.8, 1.63, 9.04, 3.87]",2,"[4, 0, 11, 7]",64
"[4.53, 2.7, 6.77, 4.94]",4,"[4, 2, 7, 5]",16
"[6.71, 2.43, 8.95, 4.67]",4,"[6, 2, 9, 5]",16
"[12.62, 5.0, 14.86, 7.24]",3,"[12, 4, 15, 11]",32
"[7.73, 5.46, 9.97, 7.7]",2,"[4, 4, 11, 11]",64
"[5.14, 10.98, 7.38, 13.22]",2,"[4, 8, 11, 15]",64
"[5.61, 3.7, 7.85, 5.94]",2,"[4, 0, 11, 7]",64
"[8.29, 4.16, 10.53, 6.4]",4,"[8, 4, 11, 7]",16
"[1.57, 5.44, 3.81, 7.68]",2,"[0, 4, 7, 11]",64
"[0.93, 2.36, 3.17, 4.6]",2,"[0, 0, 7, 7]",64
"[4.93, 12.72, 7.17, 14.96]",2,"[4, 8, 11, 15]",64
"[10.85, 12.57, 13.09, 14.81]",2,"[8, 8, 15, 15]",64
"[5.02, 1.69, 7.26, 3.93]",2,"[4, 0, 11, 7]",64
"[1.96, 5.56, 4.2, 7.8]",2,"[0, 4, 7, 11]",64
"[3.32, 7.48, 5.56, 9.72]",2,"[0, 4, 7, 11]",64
"[6.56, 1.77, 8.8, 4.01]",3,"[6, 0, 9, 7]",32
"[2.19, 11.13, 4.43, 13.37]",3,"[2, 8, 5, 15]",32
"[2.06, 2.8, 4.3, 5.04]",3,"[2, 0, 5, 7]",32
"[5.2, 11.38, 7.44, 13.62]",2,"[4, 8, 11, 15]",64
"[5.72, 6.83, 7.96, 9.07]",2,"[4, 4, 11, 11]",64
"[8.96, 9.97, 11.2, 12.21]",2,"[8, 8, 15, 15]",64
"[11.7, 0.55, 13.94, 2.79]",2,"[8, 0, 15, 7]",64
"[8.97, 12.0, 11.21, 14.24]",2,"[8, 8, 15, 15]",64
"[3.47, 6.9, 5.71, 9.14]",2,"[0, 4, 7, 11]",64
"[2.82, 9.31, 5.06, 11.55]",2,"[0, 8, 7, 15]",64
"[0.23, 7.16, 2.47, 9.4]",3,"[0, 4, 3, 11]",32
"[3.83, 6.63, 6.07, 8.87]",2,"[0, 4, 7, 11]",64
"[6.65, 9.12, 8.89, 11.36]",3,"[6, 8, 9, 15]",32
"[1.65, 10.41, 3.89, 12.65]",2,"[0, 8, 7, 15]",64
"[11.25, 11.67, 13.49, 13.91]",2,"[8, 8, 15, 15]",64
"[12.67, 1.06, 14.91, 3.3]",3,"[12, 0, 15, 7]",32
"[7.29, 6.58, 9.53, 8.82]",2,"[4, 4, 11, 11]",64
"[7.49, 5.72, 9.73, 7.96]",2,"[4, 4, 11, 11]",64
"[10.25, 6.25, 12.49, 8.49]",4,"[10, 6, 13, 9]",16
"[12.54, 11.88, 14.78, 14.12]",3,"[12, 8, 15, 15]",32
"[7.98, 2.05, 10.22, 4.29]",2,"[4, 0, 11, 7]",64
"[4.05, 7.96, 6.29, 10.2]",3,"[4, 4, 7, 11]",32
"[7.04, 10.76, 9.28, 13.0]",2,"[4, 8, 11, 15]",64
"[3.33, 5.56, 5.57, 7.8]",2,"[0, 4, 7, 11]",64
"[2.7, 0.78, 4.94, 3.02]",3,"[2, 0, 5, 7]",32
"[11.38, 1.32, 13.62, 3.56]",2,"[8, 0, 15, 7]",64
"[8.73, 0.84, 10.97, 3.08]",3,"[8, 0, 11, 7]",32
"[8.04, 12.71, 10.28, 14.95]",4,"[8, 12, 11, 15]",16
"[11.66, 4.61, 13.9, 6.85]",2,"[8, 0, 15, 7]",64
"[4.63, 5.33, 6.87, 7.57]",3,"[4, 4, 7, 11]",32
"[6.03, 7.59, 8.27, 9.83]",3,"[6, 4, 9, 11]",32
"[4.61, 1.26, 6.85, 3.5]",3,"[4, 0, 7, 7]",32
"[0.07, 2.8, 2.31, 5.04]",3,"[0, 0, 3, 7]",32
"[0.69, 3.51, 2.93, 5.75]",3,"[0, 0, 3, 7]",32
"[7.93, 12.69, 10.17, 14.93]",2,"[4, 8, 11, 15]",64
"[8.08, 6.33, 10.32, 8.57]",4,"[8, 6, 11, 9]",16
"[2.77, 9.23, 5.01, 11.47]",2,"[0, 8, 7, 15]",64
"[1.1, 3.07, 3.34, 5.31]",2,"[0, 0, 7, 7]",64
"[3.84, 10.69, 6.08, 12.93]",2,"[0, 8, 7, 15]",64
"[0.34, 8.42, 2.58, 10.66]",4,"[0, 8, 3, 11]",16
"[10.67, 3.94, 12.91, 6.18]",3,"[10, 0, 13, 7]",32
"[1.3, 3.23, 3.54, 5.47]",2,"[0, 0, 7, 7]",64
"[11.31, 4.65, 13.55, 6.89]",2,"[8, 0, 15, 7]",64
"[6.05, 6.98, 8.29, 9.22]",3,"[6, 4, 9, 11]",32
"[1.25, 9.27, 3.49, 11.51]",2,"[0, 8, 7, 15]",64
"[6.79, 10.58, 9.03, 12.82]",2,"[4, 8, 11, 15]",64
"[12.19, 2.47, 14.43, 4.71]",4,"[12, 2, 15, 5]",16
"[1.34, 11.82, 3.58, 14.06]",2,"[0, 8, 7, 15]",64
"[3.73, 11.18, 5.97, 13.42]",2,"[0, 8, 7, 15]",64
"[0.18, 0.85, 2.42, 3.09]",3,"[0, 0, 3, 7]",32
"[1.33, 10.73, 3.57, 12.97]",2,"[0, 8, 7, 15]",64
"[6.91, 7.99, 9.15, 10.23]",2,"[4, 4, 11, 11]",64
"[12.63, 3.63, 14.87, 5.87]",3,"[12, 0, 15, 7]",32
"[8.63, 7.05, 10.87, 9.29]",3,"[8, 4, 11, 11]",32
"[1.47, 0.48, 3.71, 2.72]",2,"[0, 0, 7, 7]",64
"[0.29, 10.18, 2.53, 12.42]",4,"[0, 10, 3, 13]",16
"[11.85, 9.18, 14.09, 11.42]",2,"[8, 8, 15, 15]",64
"[0.72, 12.67, 2.96, 14.91]",4,"[0, 12, 3, 15]",16
"[9.13, 1.86, 11.37, 4.1]",2,"[8, 0, 15, 7]",64
"[9.65, 11.11, 11.89, 13.35]",2,"[8, 8, 15, 15]",64
"[6.17, 6.88, 8.41, 9.12]",3,"[6, 4, 9, 11]",32
"[4.7, 9.72, 6.94, 11.96]",3,"[4, 8, 7, 15]",32
"[9.72, 2.48, 11.96, 4.72]",2,"[8, 0, 15, 7]",64
"[8.93, 3.64, 11.17, 5.88]",2,"[8, 0, 15, 7]",64
"[8.3, 1.71, 10.54, 3.95]",3,"[8, 0, 11, 7]",32
"[2.87, 8.16, 5.11, 10.4]",2,"[0, 8, 7, 15]",64
"[1.82, 4.7, 4.06, 6.94]",2,"[0, 0, 7, 7]",64
"[6.89, 4.73, 9.13, 6.97]",2,"[4, 0, 11, 7]",64
"[3.12, 11.24, 5.36, 13.48]",2,"[0, 8, 7, 15]",64
"[0.92, 4.76, 3.16, 7.0]",2,"[0, 0, 7, 7]",64
"[3.88, 5.75, 6.12, 7.99]",2,"[0, 4, 7, 11]",64
"[4.84, 1.42, 7.08, 3.66]",2,"[4, 0, 11, 7]",64
"[7.03, 5.49, 9.27, 7.73]",2,"[4, 4, 11, 11]",64
"[8.62, 2.3, 10.86, 4.54]",4,"[8, 2, 11, 5]",16
"[4.45, 5.12, 6.69, 7.36]",3,"[4, 4, 7, 11]",32
"[5.9, 4.63, 8.14, 6.87]",2,"[4, 0, 11, 7]",64
"[7.8, 1.66, 10.04, 3.9]",2,"[4, 0, 11, 7]",64
"[9.54, 7.83, 11.78, 10.07]",2,"[8, 4, 15, 11]",64
"[10.69, 3.52, 12.93, 5.76]",3,"[10, 0, 13, 7]",32
"[2.37, 7.36, 4.61, 9.6]",3,"[2, 4, 5, 11]",32
"[5.2, 11.24, 7.44, 13.48]",2,"[4, 8, 11, 15]",64
"[1.04, 10.54, 3.28, 12.78]",2,"[0, 8, 7, 15]",64
"[10.46, 10.35, 12.7, 12.59]",4,"[10, 10, 13, 13]",16
"[10.53, 4.05, 12.77, 6.29]",4,"[10, 4, 13, 7]",16
"[7.32, 6.72, 9.56, 8.96]",2,"[4, 4, 11, 11]",64
"[10.96, 9.65, 13.2, 11.89]",2,"[8, 8, 15, 15]",64
"[10.29, 6.44, 12.53, 8.68]",4,"[10, 6, 13, 9]",16
"[7.55, 6.67, 9.79, 8.91]",2,"[4, 4, 11, 11]",64
"[3.92, 0.12, 6.16, 2.36]",2,"[0, 0, 7, 7]",64
"[10.88, 1.53, 13.12, 3.77]",2,"[8, 0, 15, 7]",64
"[1.22, 1.9, 3.46, 4.14]",2,"[0, 0, 7, 7]",64
"[8.91, 8.88, 11.15, 11.12]",2,"[8, 8, 15, 15]",64
"[6.86, 12.71, 9.1, 14.95]",2,"[4, 8, 11, 15]",64
"[9.12, 6.58, 11.36, 8.82]",2,"[8, 4, 15, 11]",64
"[0.61, 4.43, 2.85, 6.67]",4,"[0, 4, 3, 7]",16
"[4.69, 4.38, 6.93, 6.62]",4,"[4, 4, 7, 7]",16
"[9.25, 2.75, 11.49, 4.99]",2,"[8, 0, 15, 7]",64
"[1.82, 5.62, 4.06, 7.86]",2,"[0, 4, 7, 11]",64
"[7.92, 5.48, 10.16, 7.72]",2,"[4, 4, 11, 11]",64
"[5.17, 6.84, 7.41, 9.08]",2,"[4, 4, 11, 11]",64
"[6.41, 6.97, 8.65, 9.21]",3,"[6, 4, 9, 11]",32
"[2.91, 6.93, 5.15, 9.17]",2,"[0, 4, 7, 11]",64
"[5.81, 7.24, 8.05, 9.48]",2,"[4, 4, 11, 11]",64
"[2.31, 11.53, 4.55, 13.77]",3,"[2, 8, 5, 15]",32
"[3.34, 6.5, 5.58, 8.74]",2,"[0, 4, 7, 11]",64
"[0.52, 7.58, 2.76, 9.82]",3,"[0, 4, 3, 11]",32
"[10.05, 12.14, 12.29, 14.38]",4,"[10, 12, 13, 15]",16
"[0.36, 11.79, 2.6, 14.03]",3,"[0, 8, 3, 15]",32
"[10.13, 11.99, 12.37, 14.23]",3,"[10, 8, 13, 15]",32
"[1.39, 3.13, 3.63, 5.37]",2,"[0, 0, 7, 7]",64
"[11.62, 9.62, 13.86, 11.86]",2,"[8, 8, 15, 15]",64
"[9.31, 10.37, 11.55, 12.61]",2,"[8, 8, 15, 15]",64
"[8.91, 12.32, 11.15, 14.56]",2,"[8, 8, 15, 15]",64
"[3.76, 3.18, 6.0, 5.42]",2,"[0, 0, 7, 7]",64
"[6.93, 1.11, 9.17, 3.35]",2,"[4, 0, 11, 7]",64
"[0.37, 1.58, 2.61, 3.82]",3,"[0, 0, 3, 7]",32
"[5.21, 5.5, 7.45, 7.74]",2,"[4, 4, 11, 11]",64
"[3.1, 4.3, 5.34, 6.54]",2,"[0, 0, 7, 7]",64
"[5.74, 4.27, 7.98, 6.51]",2,"[4, 0, 11, 7]",64
"[9.76, 5.99, 12.0, 8.23]",2,"[8, 4, 15, 11]",64
"[11.62, 12.07, 13.86, 14.31]",2,"[8, 8, 15, 15]",64
"[4.46, 8.39, 6.7, 10.63]",4,"[4, 8, 7, 11]",16
"[5.98, 0.43, 8.22, 2.67]",2,"[4, 0, 11, 7]",64
"[6.19, 4.11, 8.43, 6.35]",4,"[6, 4, 9, 7]",16
"[8.84, 7.02, 11.08, 9.26]",2,"[8, 4, 15, 11]",64
"[10.74, 0.78, 12.98, 3.02]",3,"[10, 0, 13, 7]",32
"[2.19, 10.12, 4.43, 12.36]",4,"[2, 10, 5, 13]",16
"[5.49, 2.67, 7.73, 4.91]",2,"[4, 0, 11, 7]",64
"[3.71, 0.64, 5.95, 2.88]",2,"[0, 0, 7, 7]",64
"[3.87, 5.58, 6.11, 7.82]",2,"[0, 4, 7, 11]",64
"[7.9, 6.19, 10.14, 8.43]",2,"[4, 4, 11, 11]",64
"[11.41, 4.88, 13.65, 7.12]",2,"[8, 4, 15, 11]",64
"[5.38, 11.94, 7.62, 14.18]",2,"[4, 8, 11, 15]",64
"[5.5, 2.88, 7.74, 5.12]",2,"[4, 0, 11, 7]",64
"[10.08, 8.5, 12.32, 10.74]",4,"[10, 8, 13, 11]",16
"[11.73, 0.02, 13.97, 2.26]",2,"[8, 0, 15, 7]",64
"[9.18, 2.15, 11.42, 4.39]",2,"[8, 0, 15, 7]",64
"[4.37, 10.39, 6.61, 12.63]",4,"[4, 10, 7, 13]",16
"[3.61, 7.28, 5.85, 9.52]",2,"[0, 4, 7, 11]",64
"[10.46, 11.46, 12.7, 13.7]",3,"[10, 8, 13, 15]",32
"[3.86, 5.22, 6.1, 7.46]",2,"[0, 4, 7, 11]",64
"[2.69, 11.43, 4.93, 13.67]",3,"[2, 8, 5, 15]",32
"[4.0, 5.73, 6.24, 7.97]",3,"[4, 4, 7, 11]",32
"[2.03, 12.25, 4.27, 14.49]",4,"[2, 12, 5, 15]",16
"[5.81, 9.33, 8.05, 11.57]",2,"[4, 8, 11, 15]",64
"[5.46, 2.43, 7.7, 4.67]",2,"[4, 0, 11, 7]",64
"[0.02, 10.72, 2.26, 12.96]",4,"[0, 10, 3, 13]",16
"[1.93, 4.84, 4.17, 7.08]",2,"[0, 4, 7, 11]",64
"[0.65, 6.86, 2.89, 9.1]",3,"[0, 4, 3, 11]",32
"[0.1, 2.95, 2.34, 5.19]",3,"[0, 0, 3, 7]",32
"[7.64, 1.15, 9.88, 3.39]",2,"[4, 0, 11, 7]",64
"[0.04, 4.13, 2.28, 6.37]",4,"[0, 4, 3, 7]",16
"[1.83, 6.75, 4.07, 8.99]",2,"[0, 4, 7, 11]",64
"[2.81, 6.49, 5.05, 8.73]",2,"[0, 4, 7, 11]",64
"[2.04, 1.85, 4.28, 4.09]",3,"[2, 0, 5, 7]",32
"[7.38, 11.84, 9.62, 14.08]",2,"[4, 8, 11, 15]",64
"[5.76, 9.19, 8.0, 11.43]",2,"[4, 8, 11, 15]",64
"[1.03, 9.97, 3.27, 12.21]",2,"[0, 8, 7, 15]",64
"[6.77, 7.83, 9.01, 10.07]",2,"[4, 4, 11, 11]",64
"[1.41, 9.1, 3.65, 11.34]",2,"[0, 8, 7, 15]",64
"[12.0, 6.38, 14.24, 8.62]",4,"[12, 6, 15, 9]",16
"[9.6, 0.32, 11.84, 2.56]",2,"[8, 0, 15, 7]",64
"[2.41, 2.15, 4.65, 4.39]",4,"[2, 2, 5, 5]",16
"[11.13, 8.6, 13.37, 10.84]",2,"[8, 8, 15, 15]",64
"[7.03, 7.78, 9.27, 10.02]",2,"[4, 4, 11, 11]",64
"[7.0, 0.13, 9.24, 2.37]",2,"[4, 0, 11, 7]",64
"[11.4, 3.66, 13.64, 5.9]",2,"[8, 0, 15, 7]",64
"[6.6, 12.54, 8.84, 14.78]",4,"[6, 12, 9, 15]",16
"[1.66, 7.74, 3.9, 9.98]",2,"[0, 4, 7, 11]",64
"[6.78, 0.88, 9.02, 3.12]",2,"[4, 0, 11, 7]",64
"[1.75, 3.16, 3.99, 5.4]",2,"[0, 0, 7, 7]",64
"[8.9, 9.34, 11.14, 11.58]",2,"[8, 8, 15, 15]",64
"[5.18, 4.53, 7.42, 6.77]",2,"[4, 0, 11, 7]",64
"[3.22, 10.19, 5.46, 12.43]",2,"[0, 8, 7, 15]",64
"[8.13, 0.36, 10.37, 2.6]",4,"[8, 0, 11, 3]",16
"[2.37, 10.64, 4.61, 12.88]",4,"[2, 10, 5, 13]",16
"[10.48, 11.42, 12.72, 13.66]",3,"[10, 8, 13, 15]",32
"[11.24, 1.47, 13.48, 3.71]",2,"[8, 0, 15, 7]",64
"[3.89, 10.6, 6.13, 12.84]",2,"[0, 8, 7, 15]",64
"[6.37, 6.34, 8.61, 8.58]",4,"[6, 6, 9, 9]",16
"[8.1, 5.26, 10.34, 7.5]",3,"[8, 4, 11, 11]",32
"[3.59, 2.69, 5.83, 4.93]",2,"[0, 0, 7, 7]",64
"[0.69, 3.64, 2.93, 5.88]",3,"[0, 0, 3, 7]",32
"[0.07, 8.66, 2.31, 10.9]",4,"[0, 8, 3, 11]",16
"[5.9, 8.63, 8.14, 10.87]",2,"[4, 8, 11, 15]",64
"[1.32, 3.76, 3.56, 6.0]",2,"[0, 0, 7, 7]",64
"[5.37, 7.91, 7.61, 10.15]",2,"[4, 4, 11, 11]",64
"[11.29, 12.42, 13.53, 14.66]",2,"[8, 8, 15, 15]",64
"[12.48, 6.87, 14.72, 9.11]",3,"[12, 4, 15, 11]",32
"[6.22, 6.55, 8.46, 8.79]",4,"[6, 6, 9, 9]",16
"[7.39, 3.84, 9.63, 6.08]",2,"[4, 0, 11, 7]",64
"[8.1, 9.17, 10.34, 11.41]",3,"[8, 8, 11, 15]",32
"[9.8, 3.33, 12.04, 5.57]",2,"[8, 0, 15, 7]",64
"[7.59, 3.43, 9.83, 5.67]",2,"[4, 0, 11, 7]",64
"[0.97, 5.55, 3.21, 7.79]",2,"[0, 4, 7, 11]",64
"[8.63, 4.17, 10.87, 6.41]",4,"[8, 4, 11, 7]",16
"[8.64, 4.59, 10.88, 6.83]",4,"[8, 4, 11, 7]",16
"[12.59, 11.08, 14.83, 13.32]",3,"[12, 8, 15, 15]",32
"[5.01, 10.26, 7.25, 12.5]",2,"[4, 8, 11, 15]",64
"[9.15, 9.39, 11.39, 11.63]",2,"[8, 8, 15, 15]",64
"[8.59, 8.92, 10.83, 11.16]",3,"[8, 8, 11, 15]",32
"[8.42, 12.01, 10.66, 14.25]",4,"[8, 12, 11, 15]",16
"[4.42, 0.42, 6.66, 2.66]",4,"[4, 0, 7, 3]",16
"[2.82, 11.61, 5.06, 13.85]",2,"[0, 8, 7, 15]",64
"[4.89, 12.37, 7.13, 14.61]",2,"[4, 8, 11, 15]",64
"[5.74, 1.78, 7.98, 4.02]",2,"[4, 0, 11, 7]",64
"[10.09, 10.29, 12.33, 12.53]",4,"[10, 10, 13, 13]",16
"[9.1, 9.54, 11.34, 11.78]",2,"[8, 8, 15, 15]",64
"[7.71, 2.02, 9.95, 4.26]",2,"[4, 0, 11, 7]",64
"[2.87, 9.91, 5.11, 12.15]",2,"[0, 8, 7, 15]",64
"[7.56, 9.24, 9.8, 11.48]",2,"[4, 8, 11, 15]",64
"[7.09, 3.57, 9.33, 5.81]",2,"[4, 0, 11, 7]",64
"[11.02, 6.69, 13.26, 8.93]",2,"[8, 4, 15, 11]",64
"[7.89, 2.79, 10.13, 5.03]",2,"[4, 0, 11, 7]",64
"[8.33, 0.29, 10.57, 2.53]",4,"[8, 0, 11, 3]",16
"[1.94, 4.69, 4.18, 6.93]",2,"[0, 0, 7, 7]",64
"[2.99, 11.06, 5.23, 13.3]",2,"[0, 8, 7, 15]",64
"[9.59, 3.49, 11.83, 5.73]",2,"[8, 0, 15, 7]",64
"[6.66, 5.44, 8.9, 7.68]",3,"[6, 4, 9, 11]",32
"[6.11, 2.24, 8.35, 4.48]",4,"[6, 2, 9, 5]",16
"[3.82, 5.2, 6.06, 7.44]",2,"[0, 4, 7, 11]",64
"[5.33, 11.73, 7.57, 13.97]",2,"[4, 8, 11, 15]",64
"[11.7, 0.35, 13.94, 2.59]",2,"[8, 0, 15, 7]",64
"[2.1, 1.15, 4.34, 3.39]",3,"[2, 0, 5, 7]",32
"[0.74, 0.62, 2.98, 2.86]",4,"[0, 0, 3, 3]",16
"[12.6, 0.12, 14.84, 2.36]",4,"[12, 0, 15, 3]",16
"[7.23, 10.57, 9.47, 12.81]",2,"[4, 8, 11, 15]",64
"[0.29, 7.8, 2.53, 10.04]",3,"[0, 4, 3, 11]",32
"[0.61, 3.97, 2.85, 6.21]",3,"[0, 0, 3, 7]",32
"[1.83, 7.8, 4.07, 10.04]",2,"[0, 4, 7, 11]",64
"[0.7, 11.58, 2.94, 13.82]",3,"[0, 8, 3, 15]",32
"[7.28, 1.83, 9.52, 4.07]",2,"[4, 0, 11, 7]",64
"[1.52, 10.32, 3.76, 12.56]",2,"[0, 8, 7, 15]",64
"[6.55, 6.98, 8.79, 9.22]",3,"[6, 4, 9, 11]",32
"[10.79, 9.43, 13.03, 11.67]",2,"[8, 8, 15, 15]",64
"[12.05, 0.13, 14.29, 2.37]",4,"[12, 0, 15, 3]",16
"[8.21, 11.27, 10.45, 13.51]",3,"[8, 8, 11, 15]",32
"[9.44, 9.54, 11.68, 11.78]",2,"[8, 8, 15, 15]",64
"[11.91, 2.68, 14.15, 4.92]",2,"[8, 0, 15, 7]",64
"[1.81, 11.61, 4.05, 13.85]",2,"[0, 8, 7, 15]",64
"[12.13, 11.65, 14.37, 13.89]",3,"[12, 8, 15, 15]",32
"[8.55, 4.72, 10.79, 6.96]",4,"[8, 4, 11, 7]",16
"[7.39, 12.74, 9.63, 14.98]",2,"[4, 8, 11, 15]",64
"[5.14, 10.4, 7.38, 12.64]",2,"[4, 8, 11, 15]",64
"[6.62, 5.64, 8.86, 7.88]",3,"[6, 4, 9, 11]",32
"[7.69, 1.01, 9.93, 3.25]",2,"[4, 0, 11, 7]",64
"[0.55, 10.03, 2.79, 12.27]",4,"[0, 10, 3, 13]",16
"[10.17, 12.48, 12.41, 14.72]",4,"[10, 12, 13, 15]",16
"[10.04, 8.8, 12.28, 11.04]",3,"[10, 8, 13, 15]",32
"[11.02, 0.89, 13.26, 3.13]",2,"[8, 0, 15, 7]",64
"[3.63, 9.75, 5.87, 11.99]",2,"[0, 8, 7, 15]",64
"[10.13, 5.51, 12.37, 7.75]",3,"[10, 4, 13, 11]",32
"[4.51, 8.92, 6.75, 11.16]",3,"[4, 8, 7, 15]",32
"[12.43, 6.41, 14.67, 8.65]",4,"[12, 6, 15, 9]",16
"[9.09, 11.14, 11.33, 13.38]",2,"[8, 8, 15, 15]",64
"[9.77, 3.07, 12.01, 5.31]",2,"[8, 0, 15, 7]",64
"[5.09, 5.5, 7.33, 7.74]",2,"[4, 4, 11, 11]",64
"[4.79, 2.16, 7.03, 4.4]",2,"[4, 0, 11, 7]",64
"[1.31, 6.61, 3.55, 8.85]",2,"[0, 4, 7, 11]",64
"[7.36, 6.88, 9.6, 9.12]",2,"[4, 4, 11, 11]",64
"[0.48, 11.21, 2.72, 13.45]",3,"[0, 8, 3, 15]",32
"[8.28, 11.39, 10.52, 13.63]",3,"[8, 8, 11, 15]",32
"[10.82, 9.18, 13.06, 11.42]",2,"[8, 8, 15, 15]",64
"[0.61, 6.83, 2.85, 9.07]",3,"[0, 4, 3, 11]",32
"[2.56, 11.97, 4.8, 14.21]",3,"[2, 8, 5, 15]",32
"[5.3, 11.98, 7.54, 14.22]",2,"[4, 8, 11, 15]",64
"[6.44, 9.62, 8.68, 11.86]",3,"[6, 8, 9, 15]",32
"[8.59, 9.15, 10.83, 11.39]",3,"[8, 8, 11, 15]",32
"[6.03, 6.97, 8.27, 9.21]",3,"[6, 4, 9, 11]",32
"[1.24, 6.99, 3.48, 9.23]",2,"[0, 4, 7, 11]",64
"[12.5, 2.46, 14.74, 4.7]",4,"[12, 2, 15, 5]",16
"[0.31, 5.21, 2.55, 7.45]",3,"[0, 4, 3, 11]",32
"[5.56, 2.3, 7.8, 4.54]",2,"[4, 0, 11, 7]",64
"[2.03, 6.3, 4.27, 8.54]",4,"[2, 6, 5, 9]",16
"[5.47, 8.08, 7.71, 10.32]",2,"[4, 8, 11, 15]",64
"[1.8, 1.4, 4.04, 3.64]",2,"[0, 0, 7, 7]",64
"[12.09, 8.44, 14.33, 10.68]",4,"[12, 8, 15, 11]",16
"[6.26, 2.82, 8.5, 5.06]",3,"[6, 0, 9, 7]",32
"[1.07, 6.32, 3.31, 8.56]",2,"[0, 4, 7, 11]",64
"[6.05, 6.43, 8.29, 8.67]",4,"[6, 6, 9, 9]",16
"[3.53, 10.5, 5.77, 12.74]",2,"[0, 8, 7, 15]",64
"[4.31, 9.36, 6.55, 11.6]",3,"[4, 8, 7, 15]",32
"[6.72, 9.58, 8.96, 11.82]",3,"[6, 8, 9, 15]",32
"[8.09, 9.43, 10.33, 11.67]",3,"[8, 8, 11, 15]",32
"[11.54, 11.66, 13.78, 13.9]",2,"[8, 8, 15, 15]",64
"[2.7, 4.51, 4.94, 6.75]",4,"[2, 4, 5, 7]",16
"[12.63, 6.13, 14.87, 8.37]",4,"[12, 6, 15, 9]",16
"[11.48, 1.14, 13.72, 3.38]",2,"[8, 0, 15, 7]",64
"[11.75, 2.37, 13.99, 4.61]",2,"[8, 0, 15, 7]",64
"[2.78, 2.36, 5.02, 4.6]",2,"[0, 0, 7, 7]",64
"[3.18, 1.08, 5.42, 3.32]",2,"[0, 0, 7, 7]",64
"[9.49, 0.18, 11.73, 2.42]",2,"[8, 0, 15, 7]",64
"[6.36, 4.94, 8.6, 7.18]",3,"[6, 4, 9, 11]",32
"[0.16, 9.15, 2.4, 11.39]",3,"[0, 8, 3, 15]",32
"[11.79, 6.04, 14.03, 8.28]",2,"[8, 4, 15, 11]",64
"[10.37, 7.09, 12.61, 9.33]",3,"[10, 4, 13, 11]",32
"[11.54, 7.8, 13.78, 10.04]",2,"[8, 4, 15, 11]",64
"[10.82, 2.81, 13.06, 5.05]",2,"[8, 0, 15, 7]",64
"[11.54, 0.38, 13.78, 2.62]",2,"[8, 0, 15, 7]",64
"[8.44, 10.76, 10.68, 13.0]",4,"[8, 10, 11, 13]",16
"[3.12, 3.92, 5.36, 6.16]",2,"[0, 0, 7, 7]",64
"[11.27, 0.6, 13.51, 2.84]",2,"[8, 0, 15, 7]",64
"[5.75, 6.38, 7.99, 8.62]",2,"[4, 4, 11, 11]",64
"[7.81, 9.77, 10.05, 12.01]",2,"[4, 8, 11, 15]",64
"[1.61, 9.63, 3.85, 11.87]",2,"[0, 8, 7, 15]",64
"[3.99, 11.28, 6.23, 13.52]",2,"[0, 8, 7, 15]",64
"[7.79, 9.1, 10.03, 11.34]",2,"[4, 8, 11, 15]",64
"[2.35, 9.36, 4.59, 11.6]",3,"[2, 8, 5, 15]",32
"[10.08, 10.33, 12.32, 12.57]",4,"[10, 10, 13, 13]",16
"[12.65, 11.6, 14.89, 13.84]",3,"[12, 8, 15, 15]",32
"[10.15, 6.08, 12.39, 8.32]",4,"[10, 6, 13, 9]",16
"[8.41, 8.7, 10.65, 10.94]",4,"[8, 8, 11, 11]",16
"[1.12, 10.26, 3.36, 12.5]",2,"[0, 8, 7, 15]",64
"[4.77, 8.67, 7.01, 10.91]",2,"[4, 8, 11, 15]",64
"[8.24, 8.46, 10.48, 10.7]",4,"[8, 8, 11, 11]",16
"[5.52, 9.0, 7.76, 11.24]",2,"[4, 8, 11, 15]",64
"[3.71, 10.74, 5.95, 12.98]",2,"[0, 8, 7, 15]",64
"[5.08, 5.89, 7.32, 8.13]",2,"[4, 4, 11, 11]",64
"[4.3, 9.56, 6.54, 11.8]",3,"[4, 8, 7, 15]",32
"[11.5, 1.9, 13.74, 4.14]",2,"[8, 0, 15, 7]",64
"[0.52, 4.16, 2.76, 6.4]",4,"[0, 4, 3, 7]",16
"[10.58, 5.02, 12.82, 7.26]",3,"[10, 4, 13, 11]",32
"[0.23, 7.57, 2.47, 9.81]",3,"[0, 4, 3, 11]",32
"[12.08, 6.49, 14.32, 8.73]",4,"[12, 6, 15, 9]",16
"[0.74, 2.98, 2.98, 5.22]",3,"[0, 0, 3, 7]",32
"[7.16, 12.48, 9.4, 14.72]",2,"[4, 8, 11, 15]",64
"[8.61, 2.88, 10.85, 5.12]",3,"[8, 0, 11, 7]",32
"[5.87, 3.59, 8.11, 5.83]",2,"[4, 0, 11, 7]",64
"[8.7, 1.33, 10.94, 3.57]",3,"[8, 0, 11, 7]",32
"[1.89, 6.94, 4.13, 9.18]",2,"[0, 4, 7, 11]",64
"[9.2, 0.09, 11.44, 2.33]",2,"[8, 0, 15, 7]",64
"[10.38, 0.19, 12.62, 2.43]",4,"[10, 0, 13, 3]",16
"[1.8, 9.05, 4.04, 11.29]",2,"[0, 8, 7, 15]",64
"[5.04, 6.94, 7.28, 9.18]",2,"[4, 4, 11, 11]",64
"[4.8, 4.84, 7.04, 7.08]",2,"[4, 4, 11, 11]",64
"[4.13, 7.27, 6.37, 9.51]",3,"[4, 4, 7, 11]",32
"[5.16, 11.17, 7.4, 13.41]",2,"[4, 8, 11, 15]",64
"[11.31, 4.11, 13.55, 6.35]",2,"[8, 0, 15, 7]",64
"[8.99, 12.1, 11.23, 14.34]",2,"[8, 8, 15, 15]",64
"[6.7, 10.69, 8.94, 12.93]",4,"[6, 10, 9, 13]",16
"[8.41, 6.08, 10.65, 8.32]",4,"[8, 6, 11, 9]",16
"[5.5, 12.37, 7.74, 14.61]",2,"[4, 8, 11, 15]",64
"[12.28, 11.16, 14.52, 13.4]",3,"[12, 8, 15, 15]",32
"[0.01, 7.75, 2.25, 9.99]",3,"[0, 4, 3, 11]",32
"[3.08, 10.72, 5.32, 12.96]",2,"[0, 8, 7, 15]",64
"[11.76, 2.03, 14.0, 4.27]",2,"[8, 0, 15, 7]",64
"[7.71, 11.73, 9.95, 13.97]",2,"[4, 8, 11, 15]",64
"[1.58, 3.3, 3.82, 5.54]",2,"[0, 0, 7, 7]",64
"[4.56, 1.1, 6.8, 3.34]",3,"[4, 0, 7, 7]",32
"[1.9, 10.63, 4.14, 12.87]",2,"[0, 8, 7, 15]",64
"[1.33, 6.56, 3.57, 8.8]",2,"[0, 4, 7, 11]",64
"[4.04, 7.8, 6.28, 10.04]",3,"[4, 4, 7, 11]",32
"[12.51, 4.58, 14.75, 6.82]",4,"[12, 4, 15, 7]",16
"[8.24, 9.25, 10.48, 11.49]",3,"[8, 8, 11, 15]",32
"[4.83, 3.44, 7.07, 5.68]",2,"[4, 0, 11, 7]",64
"[1.71, 11.25, 3.95, 13.49]",2,"[0, 8, 7, 15]",64
"[8.32, 3.69, 10.56, 5.93]",3,"[8, 0, 11, 7]",32
"[1.95, 1.23, 4.19, 3.47]",2,"[0, 0, 7, 7]",64
"[8.38, 5.22, 10.62, 7.46]",3,"[8, 4, 11, 11]",32
"[1.36, 3.87, 3.6, 6.11]",2,"[0, 0, 7, 7]",64
"[1.17, 10.4, 3.41, 12.64]",2,"[0, 8, 7, 15]",64
"[0.4, 4.47, 2.64, 6.71]",4,"[0, 4, 3, 7]",16
"[4.22, 2.71, 6.46, 4.95]",4,"[4, 2, 7, 5]",16
"[3.46, 2.79, 5.7, 5.03]",2,"[0, 0, 7, 7]",64
"[9.14, 9.2, 11.38, 11.44]",2,"[8, 8, 15, 15]",64
"[10.62, 2.43, 12.86, 4.67]",4,"[10, 2, 13, 5]",16
"[3.88, 9.67, 6.12, 11.91]",2,"[0, 8, 7, 15]",64
"[5.73, 6.38, 7.97, 8.62]",2,"[4, 4, 11, 11]",64
"[6.86, 6.65, 9.1, 8.89]",2,"[4, 4, 11, 11]",64
"[4.82, 7.59, 7.06, 9.83]",2,"[4, 4, 11, 11]",64
"[11.21, 6.41, 13.45, 8.65]",2,"[8, 4, 15, 11]",64
"[12.14, 11.55, 14.38, 13.79]",3,"[12, 8, 15, 15]",32
"[11.34, 8.72, 13.58, 10.96]",2,"[8, 8, 15, 15]",64
"[10.65, 4.76, 12.89, 7.0]",4,"[10, 4, 13, 7]",16
"[11.52, 2.27, 13.76, 4.51]",2,"[8, 0, 15, 7]",64
"[1.81, 2.59, 4.05, 4.83]",2,"[0, 0, 7, 7]",64
"[11.46, 5.03, 13.7, 7.27]",2,"[8, 4, 15, 11]",64
"[0.09, 11.72, 2.33, 13.96]",3,"[0, 8, 3, 15]",32
"[9.73, 6.98, 11.97, 9.22]",2,"[8, 4, 15, 11]",64
"[8.37, 10.51, 10.61, 12.75]",4,"[8, 10, 11, 13]",16
"[2.24, 10.48, 4.48, 12.72]",4,"[2, 10, 5, 13]",16
"[1.48, 2.68, 3.72, 4.92]",2,"[0, 0, 7, 7]",64
"[2.73, 5.32, 4.97, 7.56]",3,"[2, 4, 5, 11]",32
"[1.07, 10.3, 3.31, 12.54]",2,"[0, 8, 7, 15]",64
"[2.51, 7.37, 4.75, 9.61]",3,"[2, 4, 5, 11]",32
"[5.52, 1.31, 7.76, 3.55]",2,"[4, 0, 11, 7]",64
"[6.47, 8.52, 8.71, 10.76]",4,"[6, 8, 9, 11]",16
"[6.72, 11.85, 8.96, 14.09]",3,"[6, 8, 9, 15]",32
"[11.57, 0.05, 13.81, 2.29]",2,"[8, 0, 15, 7]",64
"[1.57, 4.05, 3.81, 6.29]",2,"[0, 0, 7, 7]",64
"[6.09, 10.34, 8.33, 12.58]",4,"[6, 10, 9, 13]",16
"[9.5, 1.94, 11.74, 4.18]",2,"[8, 0, 15, 7]",64
"[10.54, 11.75, 12.78, 13.99]",3,"[10, 8, 13, 15]",32
"[4.99, 11.76, 7.23, 14.0]",2,"[4, 8, 11, 15]",64
"[0.16, 3.25, 2.4, 5.49]",3,"[0, 0, 3, 7]",32
"[4.08, 0.08, 6.32, 2.32]",4,"[4, 0, 7, 3]",16
"[0.03, 10.54, 2.27, 12.78]",4,"[0, 10, 3, 13]",16
"[11.79, 9.99, 14.03, 12.23]",2,"[8, 8, 15, 15]",64
"[0.84, 3.02, 3.08, 5.26]",2,"[0, 0, 7, 7]",64
"[4.7, 4.98, 6.94, 7.22]",3,"[4, 4, 7, 11]",32
"[8.63, 8.91, 10.87, 11.15]",3,"[8, 8, 11, 15]",32
"[2.92, 7.04, 5.16, 9.28]",2,"[0, 4, 7, 11]",64
"[5.21, 8.11, 7.45, 10.35]",2,"[4, 8, 11, 15]",64
"[8.07, 3.72, 10.31, 5.96]",3,"[8, 0, 11, 7]",32
"[3.57, 8.07, 5.81, 10.31]",2,"[0, 8, 7, 15]",64
"[1.43, 7.64, 3.67, 9.88]",2,"[0, 4, 7, 11]",64
"[0.34, 9.12, 2.58, 11.36]",3,"[0, 8, 3, 15]",32
"[12.44, 6.14, 14.68, 8.38]",4,"[12, 6, 15, 9]",16
"[3.48, 1.23, 5.72, 3.47]",2,"[0, 0, 7, 7]",64
"[10.49, 3.1, 12.73, 5.34]",3,"[10, 0, 13, 7]",32
"[1.78, 10.41, 4.02, 12.65]",2,"[0, 8, 7, 15]",64
"[0.14, 2.25, 2.38, 4.49]",4,"[0, 2, 3, 5]",16
"[11.13, 0.91, 13.37, 3.15]",2,"[8, 0, 15, 7]",64
"[11.22, 5.93, 13.46, 8.17]",2,"[8, 4, 15, 11]",64
"[0.73, 10.97, 2.97, 13.21]",3,"[0, 8, 3, 15]",32
"[2.88, 12.56, 5.12, 14.8]",2,"[0, 8, 7, 15]",64
"[5.39, 5.62, 7.63, 7.86]",2,"[4, 4, 11, 11]",64
"[9.44, 2.35, 11.68, 4.59]",2,"[8, 0, 15, 7]",64
"[6.38, 4.13, 8.62, 6.37]",4,"[6, 4, 9, 7]",16
"[4.02, 5.7, 6.26, 7.94]",3,"[4, 4, 7, 11]",32
"[4.83, 6.51, 7.07, 8.75]",2,"[4, 4, 11, 11]",64
"[11.6, 9.69, 13.84, 11.93]",2,"[8, 8, 15, 15]",64
"[11.15, 6.33, 13.39, 8.57]",2,"[8, 4, 15, 11]",64
"[5.39, 1.21, 7.63, 3.45]",2,"[4, 0, 11, 7]",64
"[2.88, 6.78, 5.12, 9.02]",2,"[0, 4, 7, 11]",64
"[7.25, 8.8, 9.49, 11.04]",2,"[4, 8, 11, 15]",64
"[1.31, 5.62, 3.55, 7.86]",2,"[0, 4, 7, 11]",64
"[9.58, 3.89, 11.82, 6.13]",2,"[8, 0, 15, 7]",64
"[6.45, 2.52, 8.69, 4.76]",4,"[6, 2, 9, 5]",16
"[9.26, 9.5, 11.5, 11.74]",2,"[8, 8, 15, 15]",64
"[1.4, 10.95, 3.64, 13.19]",2,"[0, 8, 7, 15]",64
"[1.08, 10.21, 3.32, 12.45]",2,"[0, 8, 7, 15]",64
"[7.85, 7.78, 10.09, 10.02]",2,"[4, 4, 11, 11]",64
"[9.73, 10.68, 11.97, 12.92]",2,"[8, 8, 15, 15]",64
"[6.53, 1.25, 8.77, 3.49]",3,"[6, 0, 9, 7]",32
"[1.38, 0.63, 3.62, 2.87]",2,"[0, 0, 7, 7]",64
"[4.01, 2.03, 6.25, 4.27]",4,"[4, 2, 7, 5]",16
"[11.57, 2.2, 13.81, 4.44]",2,"[8, 0, 15, 7]",64
"[8.74, 10.3, 10.98, 12.54]",4,"[8, 10, 11, 13]",16
"[8.65, 12.09, 10.89, 14.33]",4,"[8, 12, 11, 15]",16
"[9.99, 0.02, 12.23, 2.26]",2,"[8, 0, 15, 7]",64
"[6.99, 10.01, 9.23, 12.25]",2,"[4, 8, 11, 15]",64
"[12.03, 1.07, 14.27, 3.31]",3,"[12, 0, 15, 7]",32
"[10.58, 3.8, 12.82, 6.04]",3,"[10, 0, 13, 7]",32
"[11.79, 0.71, 14.03, 2.95]",2,"[8, 0, 15, 7]",64
"[12.03, 8.64, 14.27, 10.88]",4,"[12, 8, 15, 11]",16
"[4.4, 1.91, 6.64, 4.15]",3,"[4, 0, 7, 7]",32
"[2.83, 5.49, 5.07, 7.73]",2,"[0, 4, 7, 11]",64
"[11.87, 3.13, 14.11, 5.37]",2,"[8, 0, 15, 7]",64
"[7.76, 8.12, 10.0, 10.36]",2,"[4, 8, 11, 15]",64
"[7.36, 3.22, 9.6, 5.46]",2,"[4, 0, 11, 7]",64
"[6.3, 4.06, 8.54, 6.3]",4,"[6, 4, 9, 7]",16
"[8.68, 5.16, 10.92, 7.4]",3,"[8, 4, 11, 11]",32
"[3.93, 6.25, 6.17, 8.49]",2,"[0, 4, 7, 11]",64
"[10.23, 4.59, 12.47, 6.83]",4,"[10, 4, 13, 7]",16
"[6.26, 1.19, 8.5, 3.43]",3,"[6, 0, 9, 7]",32
"[0.87, 3.46, 3.11, 5.7]",2,"[0, 0, 7, 7]",64
"[11.32, 12.19, 13.56, 14.43]",2,"[8, 8, 15, 15]",64
"[8.77, 10.92, 11.01, 13.16]",2,"[8, 8, 15, 15]",64
"[3.77, 4.92, 6.01, 7.16]",2,"[0, 4, 7, 11]",64
"[7.47, 0.37, 9.71, 2.61]",2,"[4, 0, 11, 7]",64
"[11.54, 12.22, 13.78, 14.46]",2,"[8, 8, 15, 15]",64
"[9.63, 6.44, 11.87, 8.68]",2,"[8, 4, 15, 11]",64
"[2.68, 5.17, 4.92, 7.41]",3,"[2, 4, 5, 11]",32
"[12.03, 2.35, 14.27, 4.59]",4,"[12, 2, 15, 5]",16
"[0.88, 4.31, 3.12, 6.55]",2,"[0, 0, 7, 7]",64
"[8.63, 5.95, 10.87, 8.19]",3,"[8, 4, 11, 11]",32
"[2.5, 4.35, 4.74, 6.59]",4,"[2, 4, 5, 7]",16
"[0.39, 1.61, 2.63, 3.85]",3,"[0, 0, 3, 7]",32
"[0.86, 0.49, 3.1, 2.73]",2,"[0, 0, 7, 7]",64
"[3.09, 3.09, 5.33, 5.33]",2,"[0, 0, 7, 7]",64
"[9.21, 8.38, 11.45, 10.62]",2,"[8, 8, 15, 15]",64
"[10.12, 11.43, 12.36, 13.67]",3,"[10, 8, 13, 15]",32
"[7.1, 5.4, 9.34, 7.64]",2,"[4, 4, 11, 11]",64
"[6.45, 2.71, 8.69, 4.95]",4,"[6, 2, 9, 5]",16
"[0.2, 12.09, 2.44, 14.33]",4,"[0, 12, 3, 15]",16
"[1.45, 7.73, 3.69, 9.97]",2,"[0, 4, 7, 11]",64
"[3.72, 9.09, 5.96, 11.33]",2,"[0, 8, 7, 15]",64
"[2.1, 3.58, 4.34, 5.82]",3,"[2, 0, 5, 7]",32
"[12.36, 8.79, 14.6, 11.03]",3,"[12, 8, 15, 15]",32
"[6.16, 2.68, 8.4, 4.92]",4,"[6, 2, 9, 5]",16
"[8.25, 3.57, 10.49, 5.81]",3,"[8, 0, 11, 7]",32
"[1.26, 9.74, 3.5, 11.98]",2,"[0, 8, 7, 15]",64
"[8.7, 2.39, 10.94, 4.63]",4,"[8, 2, 11, 5]",16
"[10.31, 9.97, 12.55, 12.21]",3,"[10, 8, 13, 15]",32
"[4.6, 5.05, 6.84, 7.29]",3,"[4, 4, 7, 11]",32
"[8.08, 5.48, 10.32, 7.72]",3,"[8, 4, 11, 11]",32
"[11.37, 8.0, 13.61, 10.24]",2,"[8, 8, 15, 15]",64
"[12.21, 10.26, 14.45, 12.5]",4,"[12, 10, 15, 13]",16
"[4.88, 5.84, 7.12, 8.08]",2,"[4, 4, 11, 11]",64
"[8.48, 12.15, 10.72, 14.39]",4,"[8, 12, 11, 15]",16
"[10.32, 6.02, 12.56, 8.26]",4,"[10, 6, 13, 9]",16
"[4.38, 7.52, 6.62, 9.76]",3,"[4, 4, 7, 11]",32
"[4.87, 4.94, 7.11, 7.18]",2,"[4, 4, 11, 11]",64
"[8.27, 11.64, 10.51, 13.88]",3,"[8, 8, 11, 15]",32
"[4.45, 7.24, 6.69, 9.48]",3,"[4, 4, 7, 11]",32
"[2.14, 10.16, 4.38, 12.4]",4,"[2, 10, 5, 13]",16
"[3.97, 1.85, 6.21, 4.09]",2,"[0, 0, 7, 7]",64
"[7.77, 5.65, 10.01, 7.89]",2,"[4, 4, 11, 11]",64
"[2.84, 6.28, 5.08, 8.52]",2,"[0, 4, 7, 11]",64
"[11.21, 0.33, 13.45, 2.57]",2,"[8, 0, 15, 7]",64
"[10.33, 2.11, 12.57, 4.35]",4,"[10, 2, 13, 5]",16
"[7.27, 11.37, 9.51, 13.61]",2,"[4, 8, 11, 15]",64
"[9.31, 5.11, 11.55, 7.35]",2,"[8, 4, 15, 11]",64
"[8.4, 6.81, 10.64, 9.05]",3,"[8, 4, 11, 11]",32
"[10.27, 6.9, 12.51, 9.14]",3,"[10, 4, 13, 11]",32
"[8.7, 4.26, 10.94, 6.5]",4,"[8, 4, 11, 7]",16
"[12.63, 6.17, 14.87, 8.41]",4,"[12, 6, 15, 9]",16
"[9.67, 4.28, 11.91, 6.52]",2,"[8, 0, 15, 7]",64
"[3.26, 5.61, 5.5, 7.85]",2,"[0, 4, 7, 11]",64
"[11.97, 6.73, 14.21, 8.97]",2,"[8, 4, 15, 11]",64
"[6.06, 7.56, 8.3, 9.8]",3,"[6, 4, 9, 11]",32
"[5.07, 1.71, 7.31, 3.95]",2,"[4, 0, 11, 7]",64
"[2.06, 7.86, 4.3, 10.1]",3,"[2, 4, 5, 11]",32
"[2.74, 11.05, 4.98, 13.29]",3,"[2, 8, 5, 15]",32
"[10.44, 3.3, 12.68, 5.54]",3,"[10, 0, 13, 7]",32
"[10.51, 4.39, 12.75, 6.63]",4,"[10, 4, 13, 7]",16
"[1.16, 8.14, 3.4, 10.38]",2,"[0, 8, 7, 15]",64
"[5.16, 7.01, 7.4, 9.25]",2,"[4, 4, 11, 11]",64
"[8.98, 11.16, 11.22, 13.4]",2,"[8, 8, 15, 15]",64
"[5.1, 6.76, 7.34, 9.0]",2,"[4, 4, 11, 11]",64
"[0.47, 9.33, 2.71, 11.57]",3,"[0, 8, 3, 15]",32
"[5.67, 9.39, 7.91, 11.63]",2,"[4, 8, 11, 15]",64
"[11.2, 5.01, 13.44, 7.25]",2,"[8, 4, 15, 11]",64
"[7.92, 10.14, 10.16, 12.38]",2,"[4, 8, 11, 15]",64
"[3.04, 9.35, 5.28, 11.59]",2,"[0, 8, 7, 15]",64
"[1.43, 11.72, 3.67, 13.96]",2,"[0, 8, 7, 15]",64
"[3.13, 3.01, 5.37, 5.25]",2,"[0, 0, 7, 7]",64
"[11.66, 4.77, 13.9, 7.01]",2,"[8, 4, 15, 11]",64
"[2.55, 2.23, 4.79, 4.47]",4,"[2, 2, 5, 5]",16
"[7.78, 11.22, 10.02, 13.46]",2,"[4, 8, 11, 15]",64
"[1.14, 8.81, 3.38, 11.05]",2,"[0, 8, 7, 15]",64
"[8.26, 1.13, 10.5, 3.37]",3,"[8, 0, 11, 7]",32
"[11.61, 5.54, 13.85, 7.78]",2,"[8, 4, 15, 11]",64
"[2.83, 8.6, 5.07, 10.84]",2,"[0, 8, 7, 15]",64
"[11.42, 4.1, 13.66, 6.34]",2,"[8, 0, 15, 7]",64
"[1.83, 1.78, 4.07, 4.02]",2,"[0, 0, 7, 7]",64
"[6.85, 12.63, 9.09, 14.87]",2,"[4, 8, 11, 15]",64
"[1.73, 6.73, 3.97, 8.97]",2,"[0, 4, 7, 11]",64
"[0.3, 5.11, 2.54, 7.35]",3,"[0, 4, 3, 11]",32
"[8.23, 4.23, 10.47, 6.47]",4,"[8, 4, 11, 7]",16
"[9.61, 6.12, 11.85, 8.36]",2,"[8, 4, 15, 11]",64
"[12.34, 10.75, 14.58, 12.99]",4,"[12, 10, 15, 13]",16
"[3.25, 2.86, 5.49, 5.1]",2,"[0, 0, 7, 7]",64
"[9.72, 6.91, 11.96, 9.15]",2,"[8, 4, 15, 11]",64
"[6.73, 9.25, 8.97, 11.49]",3,"[6, 8, 9, 15]",32
"[4.04, 8.04, 6.28, 10.28]",4,"[4, 8, 7, 11]",16
"[2.17, 4.48, 4.41, 6.72]",4,"[2, 4, 5, 7]",16
"[4.72, 10.31, 6.96, 12.55]",4,"[4, 10, 7, 13]",16
"[7.32, 1.9, 9.56, 4.14]",2,"[4, 0, 11, 7]",64
"[0.83, 11.37, 3.07, 13.61]",2,"[0, 8, 7, 15]",64
"[3.56, 6.52, 5.8, 8.76]",2,"[0, 4, 7, 11]",64
"[0.94, 7.48, 3.18, 9.72]",2,"[0, 4, 7, 11]",64
"[4.38, 7.6, 6.62, 9.84]",3,"[4, 4, 7, 11]",32
"[2.69, 3.41, 4.93, 5.65]",3,"[2, 0, 5, 7]",32
"[9.14, 8.25, 11.38, 10.49]",2,"[8, 8, 15, 15]",64
"[0.89, 2.9, 3.13, 5.14]",2,"[0, 0, 7, 7]",64
"[10.72, 9.99, 12.96, 12.23]",3,"[10, 8, 13, 15]",32
"[9.75, 2.37, 11.99, 4.61]",2,"[8, 0, 15, 7]",64
"[10.29, 8.84, 12.53, 11.08]",3,"[10, 8, 13, 15]",32
"[6.56, 5.14, 8.8, 7.38]",3,"[6, 4, 9, 11]",32
"[8.84, 1.22, 11.08, 3.46]",2,"[8, 0, 15, 7]",64
"[0.92, 1.77, 3.16, 4.01]",2,"[0, 0, 7, 7]",64
"[2.04, 1.04, 4.28, 3.28]",3,"[2, 0, 5, 7]",32
"[2.68, 7.58, 4.92, 9.82]",3,"[2, 4, 5, 11]",32
"[9.1, 8.61, 11.34, 10.85]",2,"[8, 8, 15, 15]",64
"[2.32, 2.29, 4.56, 4.53]",4,"[2, 2, 5, 5]",16
"[7.28, 8.79, 9.52, 11.03]",2,"[4, 8, 11, 15]",64
"[9.36, 11.11, 11.6, 13.35]",2,"[8, 8, 15, 15]",64
"[6.58, 11.59, 8.82, 13.83]",3,"[6, 8, 9, 15]",32
"[4.24, 7.02, 6.48, 9.26]",3,"[4, 4, 7, 11]",32
"[8.23, 5.76, 10.47, 8.0]",3,"[8, 4, 11, 11]",32
"[1.37, 7.8, 3.61, 10.04]",2,"[0, 4, 7, 11]",64
"[8.87, 5.27, 11.11, 7.51]",2,"[8, 4, 15, 11]",64
"[9.07, 2.59, 11.31, 4.83]",2,"[8, 0, 15, 7]",64
"[0.46, 7.3, 2.7, 9.54]",3,"[0, 4, 3, 11]",32
"[7.68, 9.58, 9.92, 11.82]",2,"[4, 8, 11, 15]",64
"[9.29, 11.79, 11.53, 14.03]",2,"[8, 8, 15, 15]",64
"[6.56, 7.05, 8.8, 9.29]",3,"[6, 4, 9, 11]",32
"[4.92, 2.7, 7.16, 4.94]",2,"[4, 0, 11, 7]",64
"[6.56, 12.09, 8.8, 14.33]",4,"[6, 12, 9, 15]",16
"[11.3, 5.23, 13.54, 7.47]",2,"[8, 4, 15, 11]",64
"[6.55, 7.7, 8.79, 9.94]",3,"[6, 4, 9, 11]",32
"[1.06, 7.43, 3.3, 9.67]",2,"[0, 4, 7, 11]",64
"[10.38, 12.09, 12.62, 14.33]",4,"[10, 12, 13, 15]",16
"[1.23, 10.58, 3.47, 12.82]",2,"[0, 8, 7, 15]",64
"[2.07, 9.01, 4.31, 11.25]",3,"[2, 8, 5, 15]",32
"[9.19, 4.57, 11.43, 6.81]",2,"[8, 0, 15, 7]",64
"[10.83, 5.22, 13.07, 7.46]",2,"[8, 4, 15, 11]",64
"[9.33, 2.97, 11.57, 5.21]",2,"[8, 0, 15, 7]",64
"[10.47, 3.73, 12.71, 5.97]",3,"[10, 0, 13, 7]",32
"[9.08, 11.34, 11.32, 13.58]",2,"[8, 8, 15, 15]",64
"[7.96, 8.56, 10.2, 10.8]",2,"[4, 8, 11, 15]",64
"[1.03, 5.84, 3.27, 8.08]",2,"[0, 4, 7, 11]",64
"[7.65, 12.37, 9.89, 14.61]",2,"[4, 8, 11, 15]",64
"[2.12, 2.07, 4.36, 4.31]",4,"[2, 2, 5, 5]",16
"[5.49, 11.83, 7.73, 14.07]",2,"[4, 8, 11, 15]",64
"[2.92, 8.6, 5.16, 10.84]",2,"[0, 8, 7, 15]",64
"[4.87, 6.58, 7.11, 8.82]",2,"[4, 4, 11, 11]",64
"[9.17, 5.78, 11.41, 8.02]",2,"[8, 4, 15, 11]",64
"[0.15, 0.74, 2.39, 2.98]",4,"[0, 0, 3, 3]",16
"[0.65, 0.53, 2.89, 2.77]",4,"[0, 0, 3, 3]",16
"[10.23, 7.51, 12.47, 9.75]",3,"[10, 4, 13, 11]",32
"[8.37, 3.46, 10.61, 5.7]",3,"[8, 0, 11, 7]",32
"[1.28, 6.77, 3.52, 9.01]",2,"[0, 4, 7, 11]",64
"[9.91, 11.8, 12.15, 14.04]",2,"[8, 8, 15, 15]",64
"[10.19, 8.74, 12.43, 10.98]",4,"[10, 8, 13, 11]",16
"[9.43, 1.46, 11.67, 3.7]",2,"[8, 0, 15, 7]",64
"[5.53, 1.35, 7.77, 3.59]",2,"[4, 0, 11, 7]",64
"[2.08, 1.32, 4.32, 3.56]",3,"[2, 0, 5, 7]",32
"[0.64, 2.98, 2.88, 5.22]",3,"[0, 0, 3, 7]",32
"[0.14, 7.19, 2.38, 9.43]",3,"[0, 4, 3, 11]",32
"[12.6, 3.65, 14.84, 5.89]",3,"[12, 0, 15, 7]",32
"[6.08, 9.73, 8.32, 11.97]",3,"[6, 8, 9, 15]",32
"[2.88, 11.15, 5.12, 13.39]",2,"[0, 8, 7, 15]",64
"[4.29, 2.39, 6.53, 4.63]",4,"[4, 2, 7, 5]",16
"[11.16, 2.59, 13.4, 4.83]",2,"[8, 0, 15, 7]",64
"[2.82, 6.03, 5.06, 8.27]",2,"[0, 4, 7, 11]",64
"[11.57, 11.39, 13.81, 13.63]",2,"[8, 8, 15, 15]",64
"[5.69, 3.07, 7.93, 5.31]",2,"[4, 0, 11, 7]",64
"[8.23, 11.86, 10.47, 14.1]",3,"[8, 8, 11, 15]",32
"[5.3, 12.36, 7.54, 14.6]",2,"[4, 8, 11, 15]",64
"[10.48, 8.52, 12.72, 10.76]",4,"[10, 8, 13, 11]",16
"[11.27, 3.6, 13.51, 5.84]",2,"[8, 0, 15, 7]",64
"[1.74, 0.85, 3.98, 3.09]",2,"[0, 0, 7, 7]",64
"[12.54, 5.8, 14.78, 8.04]",3,"[12, 4, 15, 11]",32
"[4.95, 10.72, 7.19, 12.96]",2,"[4, 8, 11, 15]",64
"[9.04, 9.21, 11.28, 11.45]",2,"[8, 8, 15, 15]",64
"[1.08, 4.11, 3.32, 6.35]",2,"[0, 0, 7, 7]",64
"[0.02, 10.59, 2.26, 12.83]",4,"[0, 10, 3, 13]",16
"[4.82, 0.36, 7.06, 2.6]",2,"[4, 0, 11, 7]",64
"[1.38, 10.3, 3.62, 12.54]",2,"[0, 8, 7, 15]",64
"[10.09, 6.31, 12.33, 8.55]",4,"[10, 6, 13, 9]",16
"[1.1, 2.63, 3.34, 4.87]",2,"[0, 0, 7, 7]",64
"[6.42, 7.23, 8.66, 9.47]",3,"[6, 4, 9, 11]",32
"[0.5, 0.45, 2.74, 2.69]",4,"[0, 0, 3, 3]",16
"[7.2, 12.61, 9.44, 14.85]",2,"[4, 8, 11, 15]",64
"[6.26, 2.64, 8.5, 4.88]",4,"[6, 2, 9, 5]",16
"[5.18, 10.9, 7.42, 13.14]",2,"[4, 8, 11, 15]",64
"[0.8, 4.36, 3.04, 6.6]",2,"[0, 0, 7, 7]",64
"[5.3, 7.38, 7.54, 9.62]",2,"[4, 4, 11, 11]",64
"[2.47, 1.77, 4.71, 4.01]",3,"[2, 0, 5, 7]",32
"[8.8, 8.79, 11.04, 11.03]",2,"[8, 8, 15, 15]",64
"[9.83, 7.46, 12.07, 9.7]",2,"[8, 4, 15, 11]",64
"[8.57, 5.33, 10.81, 7.57]",3,"[8, 4, 11, 11]",32
"[9.46, 6.23, 11.7, 8.47]",2,"[8, 4, 15, 11]",64
"[1.39, 4.14, 3.63, 6.38]",2,"[0, 0, 7, 7]",64
"[3.78, 5.83, 6.02, 8.07]",2,"[0, 4, 7, 11]",64
"[3.1, 7.63, 5.34, 9.87]",2,"[0, 4, 7, 11]",64
"[11.44, 11.26, 13.68, 13.5]",2,"[8, 8, 15, 15]",64
"[7.52, 11.64, 9.76, 13.88]",2,"[4, 8, 11, 15]",64
"[0.8, 12.71, 3.04, 14.95]",2,"[0, 8, 7, 15]",64
"[3.19, 7.66, 5.43, 9.9]",2,"[0, 4, 7, 11]",64
"[7.55, 8.43, 9.79, 10.67]",2,"[4, 8, 11, 15]",64
"[0.34, 7.25, 2.58, 9.49]",3,"[0, 4, 3, 11]",32
"[1.76, 12.48, 4.0, 14.72]",2,"[0, 8, 7, 15]",64
"[2.01, 5.12, 4.25, 7.36]",3,"[2, 4, 5, 11]",32
"[9.6, 9.75, 11.84, 11.99]",2,"[8, 8, 15, 15]",64
"[1.78, 7.21, 4.02, 9.45]",2,"[0, 4, 7, 11]",64
"[9.83, 3.58, 12.07, 5.82]",2,"[8, 0, 15, 7]",64
"[11.61, 4.29, 13.85, 6.53]",2,"[8, 0, 15, 7]",64
"[0.59, 3.21, 2.83, 5.45]",3,"[0, 0, 3, 7]",32
"[9.12, 4.7, 11.36, 6.94]",2,"[8, 0, 15, 7]",64
"[5.13, 7.88, 7.37, 10.12]",2,"[4, 4, 11, 11]",64
"[6.85, 8.42, 9.09, 10.66]",2,"[4, 8, 11, 15]",64
"[8.69, 11.47, 10.93, 13.71]",3,"[8, 8, 11, 15]",32
"[9.91, 1.62, 12.15, 3.86]",2,"[8, 0, 15, 7]",64
"[8.5, 2.67, 10.74, 4.91]",4,"[8, 2, 11, 5]",16
"[3.88, 6.72, 6.12, 8.96]",2,"[0, 4, 7, 11]",64
"[5.85, 8.37, 8.09, 10.61]",2,"[4, 8, 11, 15]",64
"[7.29, 9.6, 9.53, 11.84]",2,"[4, 8, 11, 15]",64
"[10.37, 5.16, 12.61, 7.4]",3,"[10, 4, 13, 11]",32
"[3.34, 0.86, 5.58, 3.1]",2,"[0, 0, 7, 7]",64
"[10.69, 10.57, 12.93, 12.81]",4,"[10, 10, 13, 13]",16
"[12.13, 11.64, 14.37, 13.88]",3,"[12, 8, 15, 15]",32
"[10.04, 12.27, 12.28, 14.51]",4,"[10, 12, 13, 15]",16
"[4.61, 12.28, 6.85, 14.52]",4,"[4, 12, 7, 15]",16
"[1.09, 5.63, 3.33, 7.87]",2,"[0, 4, 7, 11]",64
"[9.92, 6.76, 12.16, 9.0]",2,"[8, 4, 15, 11]",64
"[5.63, 11.71, 7.87, 13.95]",2,"[4, 8, 11, 15]",64
"[11.98, 8.3, 14.22, 10.54]",2,"[8, 8, 15, 15]",64
"[12.54, 9.27, 14.78, 11.51]",3,"[12, 8, 15, 15]",32
"[1.16, 9.32, 3.4, 11.56]",2,"[0, 8, 7, 15]",64
"[1.78, 6.41, 4.02, 8.65]",2,"[0, 4, 7, 11]",64
"[0.8, 8.37, 3.04, 10.61]",2,"[0, 8, 7, 15]",64
"[2.66, 10.06, 4.9, 12.3]",4,"[2, 10, 5, 13]",16
"[4.75, 5.34, 6.99, 7.58]",3,"[4, 4, 7, 11]",32
"[7.12, 9.85, 9.36, 12.09]",2,"[4, 8, 11, 15]",64
"[8.4, 9.07, 10.64, 11.31]",3,"[8, 8, 11, 15]",32
"[7.96, 7.33, 10.2, 9.57]",2,"[4, 4, 11, 11]",64
"[3.25, 3.52, 5.49, 5.76]",2,"[0, 0, 7, 7]",64
"[10.67, 9.09, 12.91, 11.33]",3,"[10, 8, 13, 15]",32
"[8.81, 0.95, 11.05, 3.19]",2,"[8, 0, 15, 7]",64
"[3.19, 0.23, 5.43, 2.47]",2,"[0, 0, 7, 7]",64
"[6.76, 5.74, 9.0, 7.98]",3,"[6, 4, 9, 11]",32
"[12.69, 3.73, 14.93, 5.97]",3,"[12, 0, 15, 7]",32
"[0.64, 0.75, 2.88, 2.99]",4,"[0, 0, 3, 3]",16
"[4.04, 5.53, 6.28, 7.77]",3,"[4, 4, 7, 11]",32
"[7.38, 7.55, 9.62, 9.79]",2,"[4, 4, 11, 11]",64
"[2.58, 7.35, 4.82, 9.59]",3,"[2, 4, 5, 11]",32
"[4.49, 1.15, 6.73, 3.39]",3,"[4, 0, 7, 7]",32
"[8.8, 11.77, 11.04, 14.01]",2,"[8, 8, 15, 15]",64
"[7.21, 3.16, 9.45, 5.4]",2,"[4, 0, 11, 7]",64
"[2.1, 10.89, 4.34, 13.13]",3,"[2, 8, 5, 15]",32
"[3.44, 8.68, 5.68, 10.92]",2,"[0, 8, 7, 15]",64
"[1.32, 1.17, 3.56, 3.41]",2,"[0, 0, 7, 7]",64
"[4.13, 8.43, 6.37, 10.67]",4,"[4, 8, 7, 11]",16
"[4.44, 11.78, 6.68, 14.02]",3,"[4, 8, 7, 15]",32
"[11.79, 7.68, 14.03, 9.92]",2,"[8, 4, 15, 11]",64
"[9.36, 4.66, 11.6, 6.9]",2,"[8, 0, 15, 7]",64
"[5.51, 10.83, 7.75, 13.07]",2,"[4, 8, 11, 15]",64
"[9.88, 7.72, 12.12, 9.96]",2,"[8, 4, 15, 11]",64
"[3.5, 7.02, 5.74, 9.26]",2,"[0, 4, 7, 11]",64
"[5.7, 2.57, 7.94, 4.81]",2,"[4, 0, 11, 7]",64
"[3.88, 1.07, 6.12, 3.31]",2,"[0, 0, 7, 7]",64
"[4.89, 10.67, 7.13, 12.91]",2,"[4, 8, 11, 15]",64
"[7.99, 11.44, 10.23, 13.68]",2,"[4, 8, 11, 15]",64
"[9.28, 9.03, 11.52, 11.27]",2,"[8, 8, 15, 15]",64
"[7.55, 6.69, 9.79, 8.93]",2,"[4, 4, 11, 11]",64
"[4.72, 11.66, 6.96, 13.9]",3,"[4, 8, 7, 15]",32
"[0.31, 9.99, 2.55, 12.23]",3,"[0, 8, 3, 15]",32
"[6.76, 7.4, 9.0, 9.64]",3,"[6, 4, 9, 11]",32
"[0.38, 2.6, 2.62, 4.84]",4,"[0, 2, 3, 5]",16
"[9.58, 12.01, 11.82, 14.25]",2,"[8, 8, 15, 15]",64
"[7.93, 4.9, 10.17, 7.14]",2,"[4, 4, 11, 11]",64
"[5.09, 3.12, 7.33, 5.36]",2,"[4, 0, 11, 7]",64
"[8.84, 3.29, 11.08, 5.53]",2,"[8, 0, 15, 7]",64
"[0.16, 12.51, 2.4, 14.75]",4,"[0, 12, 3, 15]",16
"[9.22, 5.2, 11.46, 7.44]",2,"[8, 4, 15, 11]",64
"[4.97, 7.7, 7.21, 9.94]",2,"[4, 4, 11, 11]",64
"[5.47, 4.98, 7.71, 7.22]",2,"[4, 4, 11, 11]",64
"[8.49, 12.74, 10.73, 14.98]",4,"[8, 12, 11, 15]",16
"[4.26, 7.01, 6.5, 9.25]",3,"[4, 4, 7, 11]",32
"[0.87, 10.42, 3.11, 12.66]",2,"[0, 8, 7, 15]",64
"[0.99, 6.36, 3.23, 8.6]",2,"[0, 4, 7, 11]",64
"[4.45, 9.94, 6.69, 12.18]",3,"[4, 8, 7, 15]",32
"[9.18, 8.01, 11.42, 10.25]",2,"[8, 8, 15, 15]",64
"[10.54, 4.81, 12.78, 7.05]",3,"[10, 4, 13, 11]",32
"[8.9, 8.89, 11.14, 11.13]",2,"[8, 8, 15, 15]",64
"[4.57, 7.0, 6.81, 9.24]",3,"[4, 4, 7, 11]",32
"[10.87, 6.84, 13.11, 9.08]",2,"[8, 4, 15, 11]",64
"[9.01, 2.17, 11.25, 4.41]",2,"[8, 0, 15, 7]",64
"[9.52, 2.11, 11.76, 4.35]",2,"[8, 0, 15, 7]",64
"[3.43, 3.71, 5.67, 5.95]",2,"[0, 0, 7, 7]",64
"[7.5, 12.19, 9.74, 14.43]",2,"[4, 8, 11, 15]",64
"[11.32, 12.13, 13.56, 14.37]",2,"[8, 8, 15, 15]",64
"[11.71, 10.93, 13.95, 13.17]",2,"[8, 8, 15, 15]",64
"[12.21, 2.32, 14.45, 4.56]",4,"[12, 2, 15, 5]",16
"[0.36, 5.72, 2.6, 7.96]",3,"[0, 4, 3, 11]",32
"[2.05, 3.21, 4.29, 5.45]",3,"[2, 0, 5, 7]",32
"[12.31, 5.74, 14.55, 7.98]",3,"[12, 4, 15, 11]",32
"[1.78, 7.27, 4.02, 9.51]",2,"[0, 4, 7, 11]",64
"[4.41, 5.52, 6.65, 7.76]",3,"[4, 4, 7, 11]",32
"[5.86, 5.7, 8.1, 7.94]",2,"[4, 4, 11, 11]",64
"[10.88, 9.15, 13.12, 11.39]",2,"[8, 8, 15, 15]",64
"[10.17, 8.7, 12.41, 10.94]",4,"[10, 8, 13, 11]",16
"[0.91, 3.38, 3.15, 5.62]",2,"[0, 0, 7, 7]",64
"[3.38, 5.05, 5.62, 7.29]",2,"[0, 4, 7, 11]",64
"[11.49, 6.31, 13.73, 8.55]",2,"[8, 4, 15, 11]",64
"[8.54, 5.88, 10.78, 8.12]",3,"[8, 4, 11, 11]",32
"[11.74, 7.26, 13.98, 9.5]",2,"[8, 4, 15, 11]",64
"[2.21, 7.93, 4.45, 10.17]",3,"[2, 4, 5, 11]",32
"[0.33, 9.31, 2.57, 11.55]",3,"[0, 8, 3, 15]",32
"[3.26, 1.09, 5.5, 3.33]",2,"[0, 0, 7, 7]",64
"[0.51, 0.85, 2.75, 3.09]",3,"[0, 0, 3, 7]",32
"[10.18, 6.22, 12.42, 8.46]",4,"[10, 6, 13, 9]",16
"[9.04, 8.12, 11.28, 10.36]",2,"[8, 8, 15, 15]",64
"[6.59, 8.06, 8.83, 10.3]",4,"[6, 8, 9, 11]",16
"[0.83, 9.3, 3.07, 11.54]",2,"[0, 8, 7, 15]",64
"[1.38, 0.85, 3.62, 3.09]",2,"[0, 0, 7, 7]",64
"[11.08, 6.48, 13.32, 8.72]",2,"[8, 4, 15, 11]",64
"[4.06, 4.69, 6.3, 6.93]",4,"[4, 4, 7, 7]",16
"[11.0, 6.64, 13.24, 8.88]",2,"[8, 4, 15, 11]",64
"[1.09, 6.8, 3.33, 9.04]",2,"[0, 4, 7, 11]",64
"[4.89, 10.07, 7.13, 12.31]",2,"[4, 8, 11, 15]",64
"[3.83, 4.95, 6.07, 7.19]",2,"[0, 4, 7, 11]",64
"[11.88, 12.51, 14.12, 14.75]",2,"[8, 8, 15, 15]",64
"[11.26, 8.71, 13.5, 10.95]",2,"[8, 8, 15, 15]",64
"[5.32, 10.07, 7.56, 12.31]",2,"[4, 8, 11, 15]",64
"[0.1, 8.24, 2.34, 10.48]",4,"[0, 8, 3, 11]",16
"[7.56, 12.54, 9.8, 14.78]",2,"[4, 8, 11, 15]",64
"[1.03, 11.16, 3.27, 13.4]",2,"[0, 8, 7, 15]",64
"[8.19, 11.02, 10.43, 13.26]",3,"[8, 8, 11, 15]",32
"[10.72, 7.04, 12.96, 9.28]",3,"[10, 4, 13, 11]",32
"[7.54, 2.32, 9.78, 4.56]",2,"[4, 0, 11, 7]",64
"[10.95, 10.47, 13.19, 12.71]",2,"[8, 8, 15, 15]",64
"[4.59, 11.17, 6.83, 13.41]",3,"[4, 8, 7, 15]",32
"[11.61, 11.56, 13.85, 13.8]",2,"[8, 8, 15, 15]",64
"[2.39, 3.15, 4.63, 5.39]",3,"[2, 0, 5, 7]",32
"[2.33, 11.33, 4.57, 13.57]",3,"[2, 8, 5, 15]",32
"[8.17, 3.74, 10.41, 5.98]",3,"[8, 0, 11, 7]",32
"[8.04, 6.83, 10.28, 9.07]",3,"[8, 4, 11, 11]",32
"[10.76, 7.0, 13.0, 9.24]",3,"[10, 4, 13, 11]",32
"[11.33, 9.37, 13.57, 11.61]",2,"[8, 8, 15, 15]",64
"[10.26, 3.45, 12.5, 5.69]",3,"[10, 0, 13, 7]",32
"[8.73, 6.35, 10.97, 8.59]",4,"[8, 6, 11, 9]",16
"[4.3, 4.78, 6.54, 7.02]",3,"[4, 4, 7, 11]",32
"[12.72, 5.42, 14.96, 7.66]",3,"[12, 4, 15, 11]",32
"[7.87, 1.63, 10.11, 3.87]",2,"[4, 0, 11, 7]",64
"[2.38, 12.34, 4.62, 14.58]",4,"[2, 12, 5, 15]",16
"[2.02, 8.21, 4.26, 10.45]",4,"[2, 8, 5, 11]",16
"[6.61, 5.77, 8.85, 8.01]",3,"[6, 4, 9, 11]",32
"[6.21, 5.8, 8.45, 8.04]",3,"[6, 4, 9, 11]",32
"[8.13, 4.27, 10.37, 6.51]",4,"[8, 4, 11, 7]",16
"[7.71, 9.64, 9.95, 11.88]",2,"[4, 8, 11, 15]",64
"[9.62, 0.24, 11.86, 2.48]",2,"[8, 0, 15, 7]",64
"[3.23, 5.38, 5.47, 7.62]",2,"[0, 4, 7, 11]",64
"[1.19, 4.51, 3.43, 6.75]",2,"[0, 0, 7, 7]",64
"[2.27, 6.36, 4.51, 8.6]",4,"[2, 6, 5, 9]",16
"[4.63, 2.6, 6.87, 4.84]",4,"[4, 2, 7, 5]",16
"[0.32, 4.16, 2.56, 6.4]",4,"[0, 4, 3, 7]",16
"[7.56, 3.33, 9.8, 5.57]",2,"[4, 0, 11, 7]",64
"[2.74, 7.6, 4.98, 9.84]",3,"[2, 4, 5, 11]",32
"[4.55, 3.04, 6.79, 5.28]",3,"[4, 0, 7, 7]",32
"[7.03, 2.48, 9.27, 4.72]",2,"[4, 0, 11, 7]",64
"[5.72, 7.83, 7.96, 10.07]",2,"[4, 4, 11, 11]",64
"[5.59, 10.91, 7.83, 13.15]",2,"[4, 8, 11, 15]",64
"[10.76, 5.15, 13.0, 7.39]",3,"[10, 4, 13, 11]",32
"[4.29, 11.09, 6.53, 13.33]",3,"[4, 8, 7, 15]",32
"[2.29, 10.0, 4.53, 12.24]",4,"[2, 10, 5, 13]",16
"[3.52, 10.06, 5.76, 12.3]",2,"[0, 8, 7, 15]",64
"[5.76, 11.11, 8.0, 13.35]",2,"[4, 8, 11, 15]",64
"[8.19, 10.4, 10.43, 12.64]",4,"[8, 10, 11, 13]",16
"[12.76, 3.69, 15.0, 5.93]",3,"[12, 0, 15, 7]",32
"[11.22, 10.51, 13.46, 12.75]",2,"[8, 8, 15, 15]",64
"[9.98, 10.44, 12.22, 12.68]",2,"[8, 8, 15, 15]",64
"[9.27, 10.91, 11.51, 13.15]",2,"[8, 8, 15, 15]",64
"[5.76, 9.53, 8.0, 11.77]",2,"[4, 8, 11, 15]",64
"[0.98, 3.58, 3.22, 5.82]",2,"[0, 0, 7, 7]",64
"[3.15, 4.06, 5.39, 6.3]",2,"[0, 0, 7, 7]",64
"[0.92, 5.52, 3.16, 7.76]",2,"[0, 4, 7, 11]",64
"[8.26, 8.44, 10.5, 10.68]",4,"[8, 8, 11, 11]",16
"[2.13, 10.74, 4.37, 12.98]",4,"[2, 10, 5, 13]",16
"[1.47, 0.37, 3.71, 2.61]",2,"[0, 0, 7, 7]",64
"[6.53, 9.09, 8.77, 11.33]",3,"[6, 8, 9, 15]",32
"[7.58, 3.1, 9.82, 5.34]",2,"[4, 0, 11, 7]",64
"[12.0, 12.51, 14.24, 14.75]",4,"[12, 12, 15, 15]",16
"[8.16, 5.01, 10.4, 7.25]",3,"[8, 4, 11, 11]",32
"[10.74, 6.76, 12.98, 9.0]",4,"[10, 6, 13, 9]",16
"[6.7, 2.63, 8.94, 4.87]",4,"[6, 2, 9, 5]",16
"[11.73, 7.44, 13.97, 9.68]",2,"[8, 4, 15, 11]",64
"[5.85, 5.4, 8.09, 7.64]",2,"[4, 4, 11, 11]",64
"[10.83, 11.04, 13.07, 13.28]",2,"[8, 8, 15, 15]",64
"[9.06, 4.8, 11.3, 7.04]",2,"[8, 4, 15, 11]",64
"[2.14, 7.29, 4.38, 9.53]",3,"[2, 4, 5, 11]",32
"[2.71, 6.16, 4.95, 8.4]",4,"[2, 6, 5, 9]",16
"[3.92, 8.96, 6.16, 11.2]",2,"[0, 8, 7, 15]",64
"[1.58, 7.71, 3.82, 9.95]",2,"[0, 4, 7, 11]",64
"[2.62, 0.52, 4.86, 2.76]",4,"[2, 0, 5, 3]",16
"[12.46, 10.19, 14.7, 12.43]",4,"[12, 10, 15, 13]",16
"[12.27, 4.13, 14.51, 6.37]",4,"[12, 4, 15, 7]",16
"[4.33, 8.66, 6.57, 10.9]",4,"[4, 8, 7, 11]",16
"[6.47, 10.79, 8.71, 13.03]",3,"[6, 8, 9, 15]",32
"[7.33, 12.48, 9.57, 14.72]",2,"[4, 8, 11, 15]",64
"[2.76, 3.46, 5.0, 5.7]",3,"[2, 0, 5, 7]",32
"[8.96, 5.89, 11.2, 8.13]",2,"[8, 4, 15, 11]",64
"[0.93, 10.33, 3.17, 12.57]",2,"[0, 8, 7, 15]",64
"[1.77, 6.28, 4.01, 8.52]",2,"[0, 4, 7, 11]",64
"[1.14, 1.15, 3.38, 3.39]",2,"[0, 0, 7, 7]",64
"[2.58, 11.46, 4.82, 13.7]",3,"[2, 8, 5, 15]",32
"[12.73, 6.75, 14.97, 8.99]",4,"[12, 6, 15, 9]",16
"[10.69, 2.14, 12.93, 4.38]",4,"[10, 2, 13, 5]",16
"[4.9, 9.39, 7.14, 11.63]",2,"[4, 8, 11, 15]",64
"[11.46, 5.74, 13.7, 7.98]",2,"[8, 4, 15, 11]",64
"[7.03, 11.4, 9.27, 13.64]",2,"[4, 8, 11, 15]",64
"[6.68, 4.61, 8.92, 6.85]",4,"[6, 4, 9, 7]",16
"[7.49, 5.59, 9.73, 7.83]",2,"[4, 4, 11, 11]",64
"[10.5, 8.08, 12.74, 10.32]",4,"[10, 8, 13, 11]",16
"[5.89, 6.59, 8.13, 8.83]",2,"[4, 4, 11, 11]",64
"[11.8, 7.65, 14.04, 9.89]",2,"[8, 4, 15, 11]",64
"[2.81, 11.91, 5.05, 14.15]",2,"[0, 8, 7, 15]",64
"[7.06, 4.28, 9.3, 6.52]",2,"[4, 0, 11, 7]",64
"[2.18, 1.32, 4.42, 3.56]",3,"[2, 0, 5, 7]",32
"[3.81, 8.69, 6.05, 10.93]",2,"[0, 8, 7, 15]",64
"[2.07, 12.59, 4.31, 14.83]",4,"[2, 12, 5, 15]",16
"[11.18, 2.95, 13.42, 5.19]",2,"[8, 0, 15, 7]",64
"[11.36, 8.4, 13.6, 10.64]",2,"[8, 8, 15, 15]",64
"[10.69, 8.56, 12.93, 10.8]",4,"[10, 8, 13, 11]",16
"[5.62, 1.33, 7.86, 3.57]",2,"[4, 0, 11, 7]",64
"[8.8, 7.89, 11.04, 10.13]",2,"[8, 4, 15, 11]",64
"[4.96, 10.1, 7.2, 12.34]",2,"[4, 8, 11, 15]",64
"[8.73, 11.1, 10.97, 13.34]",3,"[8, 8, 11, 15]",32
"[5.48, 0.15, 7.72, 2.39]",2,"[4, 0, 11, 7]",64
"[2.46, 10.93, 4.7, 13.17]",3,"[2, 8, 5, 15]",32
"[7.77, 1.8, 10.01, 4.04]",2,"[4, 0, 11, 7]",64
"[0.09, 3.43, 2.33, 5.67]",3,"[0, 0, 3, 7]",32
"[7.48, 0.18, 9.72, 2.42]",2,"[4, 0, 11, 7]",64
"[6.99, 5.91, 9.23, 8.15]",2,"[4, 4, 11, 11]",64
"[9.86, 10.44, 12.1, 12.68]",2,"[8, 8, 15, 15]",64
"[6.38, 2.16, 8.62, 4.4]",4,"[6, 2, 9, 5]",16
"[12.71, 8.39, 14.95, 10.63]",4,"[12, 8, 15, 11]",16
"[3.3, 5.81, 5.54, 8.05]",2,"[0, 4, 7, 11]",64
"[6.41, 4.92, 8.65, 7.16]",3,"[6, 4, 9, 11]",32
"[11.78, 4.88, 14.02, 7.12]",2,"[8, 4, 15, 11]",64
"[6.36, 7.32, 8.6, 9.56]",3,"[6, 4, 9, 11]",32
"[11.85, 3.0, 14.09, 5.24]",2,"[8, 0, 15, 7]",64
"[11.84, 8.81, 14.08, 11.05]",2,"[8, 8, 15, 15]",64
"[2.29, 10.86, 4.53, 13.1]",3,"[2, 8, 5, 15]",32
"[7.3, 10.24, 9.54, 12.48]",2,"[4, 8, 11, 15]",64
"[6.1, 5.49, 8.34, 7.73]",3,"[6, 4, 9, 11]",32
"[5.61, 8.85, 7.85, 11.09]",2,"[4, 8, 11, 15]",64
"[9.95, 1.9, 12.19, 4.14]",2,"[8, 0, 15, 7]",64
"[11.35, 11.62, 13.59, 13.86]",2,"[8, 8, 15, 15]",64
"[12.64, 10.49, 14.88, 12.73]",4,"[12, 10, 15, 13]",16
"[10.65, 2.19, 12.89, 4.43]",4,"[10, 2, 13, 5]",16
"[10.42, 1.03, 12.66, 3.27]",3,"[10, 0, 13, 7]",32
"[0.36, 11.89, 2.6, 14.13]",3,"[0, 8, 3, 15]",32
"[9.23, 5.68, 11.47, 7.92]",2,"[8, 4, 15, 11]",64
"[12.14, 1.01, 14.38, 3.25]",3,"[12, 0, 15, 7]",32
"[1.09, 0.62, 3.33, 2.86]",2,"[0, 0, 7, 7]",64
"[11.74, 6.96, 13.98, 9.2]",2,"[8, 4, 15, 11]",64
"[2.42, 10.33, 4.66, 12.57]",4,"[2, 10, 5, 13]",16
"[11.16, 9.8, 13.4, 12.04]",2,"[8, 8, 15, 15]",64
"[6.56, 9.3, 8.8, 11.54]",3,"[6, 8, 9, 15]",32
"[10.29, 4.42, 12.53, 6.66]",4,"[10, 4, 13, 7]",16
"[10.63, 5.39, 12.87, 7.63]",3,"[10, 4, 13, 11]",32
"[4.43, 2.72, 6.67, 4.96]",4,"[4, 2, 7, 5]",16
"[6.48, 5.29, 8.72, 7.53]",3,"[6, 4, 9, 11]",32
"[0.25, 10.08, 2.49, 12.32]",4,"[0, 10, 3, 13]",16
"[11.64, 9.48, 13.88, 11.72]",2,"[8, 8, 15, 15]",64
"[4.3, 7.95, 6.54, 10.19]",3,"[4, 4, 7, 11]",32
"[10.1, 12.11, 12.34, 14.35]",4,"[10, 12, 13, 15]",16
"[11.88, 8.9, 14.12, 11.14]",2,"[8, 8, 15, 15]",64
"[12.45, 5.39, 14.69, 7.63]",3,"[12, 4, 15, 11]",32
"[1.72, 1.01, 3.96, 3.25]",2,"[0, 0, 7, 7]",64
"[7.88, 4.19, 10.12, 6.43]",2,"[4, 0, 11, 7]",64
"[3.42, 4.01, 5.66, 6.25]",2,"[0, 0, 7, 7]",64
"[6.71, 10.81, 8.95, 13.05]",3,"[6, 8, 9, 15]",32
"[4.99, 11.12, 7.23, 13.36]",2,"[4, 8, 11, 15]",64
"[8.97, 3.07, 11.21, 5.31]",2,"[8, 0, 15, 7]",64
"[8.6, 3.25, 10.84, 5.49]",3,"[8, 0, 11, 7]",32
"[3.33, 10.61, 5.57, 12.85]",2,"[0, 8, 7, 15]",64
"[9.17, 0.84, 11.41, 3.08]",2,"[8, 0, 15, 7]",64
"[5.34, 12.5, 7.58, 14.74]",2,"[4, 8, 11, 15]",64
"[1.17, 6.4, 3.41, 8.64]",2,"[0, 4, 7, 11]",64
"[0.31, 12.55, 2.55, 14.79]",4,"[0, 12, 3, 15]",16
"[2.51, 7.49, 4.75, 9.73]",3,"[2, 4, 5, 11]",32
"[5.36, 12.04, 7.6, 14.28]",2,"[4, 8, 11, 15]",64
"[12.6, 12.04, 14.84, 14.28]",4,"[12, 12, 15, 15]",16
"[9.35, 5.89, 11.59, 8.13]",2,"[8, 4, 15, 11]",64
"[8.16, 8.41, 10.4, 10.65]",4,"[8, 8, 11, 11]",16
"[7.48, 2.35, 9.72, 4.59]",2,"[4, 0, 11, 7]",64
"[1.84, 0.9, 4.08, 3.14]",2,"[0, 0, 7, 7]",64
"[6.0, 2.25, 8.24, 4.49]",4,"[6, 2, 9, 5]",16
"[11.29, 8.16, 13.53, 10.4]",2,"[8, 8, 15, 15]",64
"[6.83, 7.96, 9.07, 10.2]",2,"[4, 4, 11, 11]",64
"[7.75, 1.39, 9.99, 3.63]",2,"[4, 0, 11, 7]",64
"[7.15, 8.45, 9.39, 10.69]",2,"[4, 8, 11, 15]",64
"[12.74, 8.4, 14.98, 10.64]",4,"[12, 8, 15, 11]",16
"[5.7, 11.48, 7.94, 13.72]",2,"[4, 8, 11, 15]",64
"[3.34, 12.57, 5.58, 14.81]",2,"[0, 8, 7, 15]",64
"[0.31, 12.51, 2.55, 14.75]",4,"[0, 12, 3, 15]",16
"[4.83, 9.68, 7.07, 11.92]",2,"[4, 8, 11, 15]",64
"[7.82, 8.18, 10.06, 10.42]",2,"[4, 8, 11, 15]",64
"[0.18, 2.31, 2.42, 4.55]",4,"[0, 2, 3, 5]",16
"[1.31, 3.47, 3.55, 5.71]",2,"[0, 0, 7, 7]",64
"[6.6, 2.97, 8.84, 5.21]",3,"[6, 0, 9, 7]",32
"[9.76, 3.88, 12.0, 6.12]",2,"[8, 0, 15, 7]",64
"[7.24, 9.41, 9.48, 11.65]",2,"[4, 8, 11, 15]",64
"[0.19, 8.92, 2.43, 11.16]",3,"[0, 8, 3, 15]",32
"[6.75, 11.22, 8.99, 13.46]",3,"[6, 8, 9, 15]",32
"[8.18, 6.38, 10.42, 8.62]",4,"[8, 6, 11, 9]",16
"[1.18, 7.12, 3.42, 9.36]",2,"[0, 4, 7, 11]",64
"[9.65, 3.32, 11.89, 5.56]",2,"[8, 0, 15, 7]",64
"[1.08, 9.64, 3.32, 11.88]",2,"[0, 8, 7, 15]",64
"[12.72, 9.59, 14.96, 11.83]",3,"[12, 8, 15, 15]",32
"[1.32, 7.54, 3.56, 9.78]",2,"[0, 4, 7, 11]",64
"[5.16, 1.44, 7.4, 3.68]",2,"[4, 0, 11, 7]",64
"[12.34, 1.5, 14.58, 3.74]",3,"[12, 0, 15, 7]",32
"[9.9, 6.39, 12.14, 8.63]",2,"[8, 4, 15, 11]",64
"[8.24, 2.66, 10.48, 4.9]",4,"[8, 2, 11, 5]",16
"[2.14, 7.02, 4.38, 9.26]",3,"[2, 4, 5, 11]",32
"[2.94, 1.36, 5.18, 3.6]",2,"[0, 0, 7, 7]",64
"[9.68, 9.49, 11.92, 11.73]",2,"[8, 8, 15, 15]",64
"[2.64, 8.15, 4.88, 10.39]",4,"[2, 8, 5, 11]",16
"[8.63, 3.73, 10.87, 5.97]",3,"[8, 0, 11, 7]",32
"[9.74, 3.84, 11.98, 6.08]",2,"[8, 0, 15, 7]",64
"[0.89, 2.86, 3.13, 5.1]",2,"[0, 0, 7, 7]",64
"[12.19, 6.86, 14.43, 9.1]",3,"[12, 4, 15, 11]",32
"[10.79, 1.59, 13.03, 3.83]",2,"[8, 0, 15, 7]",64
"[2.57, 9.75, 4.81, 11.99]",3,"[2, 8, 5, 15]",32
"[1.67, 3.04, 3.91, 5.28]",2,"[0, 0, 7, 7]",64
"[1.31, 7.48, 3.55, 9.72]",2,"[0, 4, 7, 11]",64
"[1.51, 0.03, 3.75, 2.27]",2,"[0, 0, 7, 7]",64
"[10.84, 1.32, 13.08, 3.56]",2,"[8, 0, 15, 7]",64
"[4.82, 2.68, 7.06, 4.92]",2,"[4, 0, 11, 7]",64
"[7.24, 12.41, 9.48, 14.65]",2,"[4, 8, 11, 15]",64
"[3.23, 10.94, 5.47, 13.18]",2,"[0, 8, 7, 15]",64
"[7.56, 5.91, 9.8, 8.15]",2,"[4, 4, 11, 11]",64
"[2.21, 8.89, 4.45, 11.13]",3,"[2, 8, 5, 15]",32
"[7.18, 5.9, 9.42, 8.14]",2,"[4, 4, 11, 11]",64
"[10.23, 7.34, 12.47, 9.58]",3,"[10, 4, 13, 11]",32
"[6.64, 0.04, 8.88, 2.28]",4,"[6, 0, 9, 3]",16
"[5.89, 5.65, 8.13, 7.89]",2,"[4, 4, 11, 11]",64
"[6.09, 5.34, 8.33, 7.58]",3,"[6, 4, 9, 11]",32
"[6.02, 8.5, 8.26, 10.74]",4,"[6, 8, 9, 11]",16
"[10.5, 4.17, 12.74, 6.41]",4,"[10, 4, 13, 7]",16
"[1.43, 12.22, 3.67, 14.46]",2,"[0, 8, 7, 15]",64
"[6.07, 4.69, 8.31, 6.93]",4,"[6, 4, 9, 7]",16
"[5.34, 6.34, 7.58, 8.58]",2,"[4, 4, 11, 11]",64
"[11.88, 12.69, 14.12, 14.93]",2,"[8, 8, 15, 15]",64
"[0.28, 10.02, 2.52, 12.26]",4,"[0, 10, 3, 13]",16
"[12.09, 7.65, 14.33, 9.89]",3,"[12, 4, 15, 11]",32
"[10.93, 12.38, 13.17, 14.62]",2,"[8, 8, 15, 15]",64
"[3.2, 4.94, 5.44, 7.18]",2,"[0, 4, 7, 11]",64
"[3.41, 9.79, 5.65, 12.03]",2,"[0, 8, 7, 15]",64
"[4.44, 7.48, 6.68, 9.72]",3,"[4, 4, 7, 11]",32
"[4.18, 1.0, 6.42, 3.24]",3,"[4, 0, 7, 7]",32
"[1.09, 1.14, 3.33, 3.38]",2,"[0, 0, 7, 7]",64
"[7.99, 8.51, 10.23, 10.75]",2,"[4, 8, 11, 15]",64
"[4.55, 8.96, 6.79, 11.2]",3,"[4, 8, 7, 15]",32
"[8.2, 3.23, 10.44, 5.47]",3,"[8, 0, 11, 7]",32
"[10.14, 2.12, 12.38, 4.36]",4,"[10, 2, 13, 5]",16
"[4.76, 4.64, 7.0, 6.88]",4,"[4, 4, 7, 7]",16
"[1.72, 4.48, 3.96, 6.72]",2,"[0, 0, 7, 7]",64
"[9.93, 0.03, 12.17, 2.27]",2,"[8, 0, 15, 7]",64
"[5.43, 9.27, 7.67, 11.51]",2,"[4, 8, 11, 15]",64
"[4.15, 2.88, 6.39, 5.12]",3,"[4, 0, 7, 7]",32
"[0.81, 1.75, 3.05, 3.99]",2,"[0, 0, 7, 7]",64
"[11.1, 11.75, 13.34, 13.99]",2,"[8, 8, 15, 15]",64
"[3.96, 8.21, 6.2, 10.45]",2,"[0, 8, 7, 15]",64
"[3.13, 7.15, 5.37, 9.39]",2,"[0, 4, 7, 11]",64
"[1.01, 12.36, 3.25, 14.6]",2,"[0, 8, 7, 15]",64
"[7.55, 3.31, 9.79, 5.55]",2,"[4, 0, 11, 7]",64
"[0.99, 11.14, 3.23, 13.38]",2,"[0, 8, 7, 15]",64
"[3.88, 4.83, 6.12, 7.07]",2,"[0, 4, 7, 11]",64
"[5.3, 1.24, 7.54, 3.48]",2,"[4, 0, 11, 7]",64
"[2.16, 8.63, 4.4, 10.87]",4,"[2, 8, 5, 11]",16
"[10.38, 3.27, 12.62, 5.51]",3,"[10, 0, 13, 7]",32
"[1.83, 3.51, 4.07, 5.75]",2,"[0, 0, 7, 7]",64
"[10.54, 3.21, 12.78, 5.45]",3,"[10, 0, 13, 7]",32
"[2.85, 3.61, 5.09, 5.85]",2,"[0, 0, 7, 7]",64
"[11.12, 1.62, 13.36, 3.86]",2,"[8, 0, 15, 7]",64
"[4.28, 5.27, 6.52, 7.51]",3,"[4, 4, 7, 11]",32
"[9.38, 5.46, 11.62, 7.7]",2,"[8, 4, 15, 11]",64
"[10.52, 11.77, 12.76, 14.01]",3,"[10, 8, 13, 15]",32
"[0.77, 2.42, 3.01, 4.66]",2,"[0, 0, 7, 7]",64
"[7.97, 11.97, 10.21, 14.21]",2,"[4, 8, 11, 15]",64
"[1.68, 9.89, 3.92, 12.13]",2,"[0, 8, 7, 15]",64
"[11.52, 3.9, 13.76, 6.14]",2,"[8, 0, 15, 7]",64
"[6.4, 8.38, 8.64, 10.62]",4,"[6, 8, 9, 11]",16
"[3.49, 10.8, 5.73, 13.04]",2,"[0, 8, 7, 15]",64
"[3.99, 8.99, 6.23, 11.23]",2,"[0, 8, 7, 15]",64
"[5.65, 0.98, 7.89, 3.22]",2,"[4, 0, 11, 7]",64
"[2.55, 11.64, 4.79, 13.88]",3,"[2, 8, 5, 15]",32
"[10.79, 11.29, 13.03, 13.53]",2,"[8, 8, 15, 15]",64
"[4.86, 9.74, 7.1, 11.98]",2,"[4, 8, 11, 15]",64
"[7.36, 2.48, 9.6, 4.72]",2,"[4, 0, 11, 7]",64
"[5.23, 11.1, 7.47, 13.34]",2,"[4, 8, 11, 15]",64
"[1.02, 2.42, 3.26, 4.66]",2,"[0, 0, 7, 7]",64
"[7.04, 5.88, 9.28, 8.12]",2,"[4, 4, 11, 11]",64
"[2.87, 6.1, 5.11, 8.34]",2,"[0, 4, 7, 11]",64
"[2.76, 0.19, 5.0, 2.43]",4,"[2, 0, 5, 3]",16
"[6.61, 5.67, 8.85, 7.91]",3,"[6, 4, 9, 11]",32
"[2.44, 9.75, 4.68, 11.99]",3,"[2, 8, 5, 15]",32
"[6.31, 9.82, 8.55, 12.06]",3,"[6, 8, 9, 15]",32
"[9.2, 11.81, 11.44, 14.05]",2,"[8, 8, 15, 15]",64
"[7.05, 6.19, 9.29, 8.43]",2,"[4, 4, 11, 11]",64
"[12.51, 2.92, 14.75, 5.16]",3,"[12, 0, 15, 7]",32
"[2.7, 10.33, 4.94, 12.57]",4,"[2, 10, 5, 13]",16
"[5.76, 5.44, 8.0, 7.68]",2,"[4, 4, 11, 11]",64
"[10.96, 9.5, 13.2, 11.74]",2,"[8, 8, 15, 15]",64
"[11.27, 5.58, 13.51, 7.82]",2,"[8, 4, 15, 11]",64
"[6.91, 7.46, 9.15, 9.7]",2,"[4, 4, 11, 11]",64
"[5.95, 9.85, 8.19, 12.09]",2,"[4, 8, 11, 15]",64
"[11.03, 5.27, 13.27, 7.51]",2,"[8, 4, 15, 11]",64
"[3.06, 8.88, 5.3, 11.12]",2,"[0, 8, 7, 15]",64
"[9.14, 0.23, 11.38, 2.47]",2,"[8, 0, 15, 7]",64
"[8.81, 9.85, 11.05, 12.09]",2,"[8, 8, 15, 15]",64
"[9.37, 8.23, 11.61, 10.47]",2,"[8, 8, 15, 15]",64
"[3.28, 2.28, 5.52, 4.52]",2,"[0, 0, 7, 7]",64
"[4.95, 0.82, 7.19, 3.06]",2,"[4, 0, 11, 7]",64
"[4.18, 8.23, 6.42, 10.47]",4,"[4, 8, 7, 11]",16
"[8.68, 6.96, 10.92, 9.2]",3,"[8, 4, 11, 11]",32
"[7.35, 5.07, 9.59, 7.31]",2,"[4, 4, 11, 11]",64
"[11.51, 7.89, 13.75, 10.13]",2,"[8, 4, 15, 11]",64
"[11.42, 8.86, 13.66, 11.1]",2,"[8, 8, 15, 15]",64
"[8.36, 11.25, 10.6, 13.49]",3,"[8, 8, 11, 15]",32
"[5.31, 3.57, 7.55, 5.81]",2,"[4, 0, 11, 7]",64
"[0.67, 11.62, 2.91, 13.86]",3,"[0, 8, 3, 15]",32
"[4.43, 5.61, 6.67, 7.85]",3,"[4, 4, 7, 11]",32
"[11.56, 6.81, 13.8, 9.05]",2,"[8, 4, 15, 11]",64
"[5.33, 8.75, 7.57, 10.99]",2,"[4, 8, 11, 15]",64
"[8.53, 11.0, 10.77, 13.24]",3,"[8, 8, 11, 15]",32
"[10.95, 1.15, 13.19, 3.39]",2,"[8, 0, 15, 7]",64
"[11.04, 1.25, 13.28, 3.49]",2,"[8, 0, 15, 7]",64
"[11.43, 11.21, 13.67, 13.45]",2,"[8, 8, 15, 15]",64
"[3.47, 3.08, 5.71, 5.32]",2,"[0, 0, 7, 7]",64
"[3.95, 0.72, 6.19, 2.96]",2,"[0, 0, 7, 7]",64
"[8.06, 7.98, 10.3, 10.22]",3,"[8, 4, 11, 11]",32
"[9.92, 7.79, 12.16, 10.03]",2,"[8, 4, 15, 11]",64
"[3.51, 0.47, 5.75, 2.71]",2,"[0, 0, 7, 7]",64
"[0.7, 11.41, 2.94, 13.65]",3,"[0, 8, 3, 15]",32
"[12.45, 9.04, 14.69, 11.28]",3,"[12, 8, 15, 15]",32
"[11.93, 0.45, 14.17, 2.69]",2,"[8, 0, 15, 7]",64
"[2.29, 11.23, 4.53, 13.47]",3,"[2, 8, 5, 15]",32
"[2.95, 11.4, 5.19, 13.64]",2,"[0, 8, 7, 15]",64
"[12.37, 4.89, 14.61, 7.13]",3,"[12, 4, 15, 11]",32
"[12.75, 3.92, 14.99, 6.16]",3,"[12, 0, 15, 7]",32
"[8.48, 0.8, 10.72, 3.04]",3,"[8, 0, 11, 7]",32
"[4.29, 5.7, 6.53, 7.94]",3,"[4, 4, 7, 11]",32
"[0.76, 1.27, 3.0, 3.51]",3,"[0, 0, 3, 7]",32
"[9.2, 11.04, 11.44, 13.28]",2,"[8, 8, 15, 15]",64
"[4.83, 8.0, 7.07, 10.24]",2,"[4, 8, 11, 15]",64
"[1.75, 6.3, 3.99, 8.54]",2,"[0, 4, 7, 11]",64
"[10.34, 4.61, 12.58, 6.85]",4,"[10, 4, 13, 7]",16
"[5.75, 6.91, 7.99, 9.15]",2,"[4, 4, 11, 11]",64
"[9.61, 9.75, 11.85, 11.99]",2,"[8, 8, 15, 15]",64
"[4.68, 1.43, 6.92, 3.67]",3,"[4, 0, 7, 7]",32
"[1.87, 2.96, 4.11, 5.2]",2,"[0, 0, 7, 7]",64
"[11.07, 1.44, 13.31, 3.68]",2,"[8, 0, 15, 7]",64
"[11.7, 6.89, 13.94, 9.13]",2,"[8, 4, 15, 11]",64
"[11.52, 3.01, 13.76, 5.25]",2,"[8, 0, 15, 7]",64
"[4.35, 7.74, 6.59, 9.98]",3,"[4, 4, 7, 11]",32
"[8.56, 7.52, 10.8, 9.76]",3,"[8, 4, 11, 11]",32
"[1.24, 10.24, 3.48, 12.48]",2,"[0, 8, 7, 15]",64
"[10.25, 9.87, 12.49, 12.11]",3,"[10, 8, 13, 15]",32
"[10.33, 12.48, 12.57, 14.72]",4,"[10, 12, 13, 15]",16
"[0.67, 12.72, 2.91, 14.96]",4,"[0, 12, 3, 15]",16
"[0.01, 11.51, 2.25, 13.75]",3,"[0, 8, 3, 15]",32
"[10.81, 7.23, 13.05, 9.47]",2,"[8, 4, 15, 11]",64
"[6.44, 7.12, 8.68, 9.36]",3,"[6, 4, 9, 11]",32
"[11.53, 1.94, 13.77, 4.18]",2,"[8, 0, 15, 7]",64
"[8.42, 6.29, 10.66, 8.53]",4,"[8, 6, 11, 9]",16
"[7.49, 10.19, 9.73, 12.43]",2,"[4, 8, 11, 15]",64
"[11.98, 7.22, 14.22, 9.46]",2,"[8, 4, 15, 11]",64
"[10.98, 7.8, 13.22, 10.04]",2,"[8, 4, 15, 11]",64
"[2.38, 11.95, 4.62, 14.19]",3,"[2, 8, 5, 15]",32
"[10.83, 9.36, 13.07, 11.6]",2,"[8, 8, 15, 15]",64
"[2.9, 1.64, 5.14, 3.88]",2,"[0, 0, 7, 7]",64
"[5.14, 6.14, 7.38, 8.38]",2,"[4, 4, 11, 11]",64
"[7.22, 4.1, 9.46, 6.34]",2,"[4, 0, 11, 7]",64
"[0.15, 12.47, 2.39, 14.71]",4,"[0, 12, 3, 15]",16
"[11.65, 6.12, 13.89, 8.36]",2,"[8, 4, 15, 11]",64
"[3.98, 8.77, 6.22, 11.01]",2,"[0, 8, 7, 15]",64
"[7.37, 7.84, 9.61, 10.08]",2,"[4, 4, 11, 11]",64
"[9.99, 9.19, 12.23, 11.43]",2,"[8, 8, 15, 15]",64
"[5.37, 3.36, 7.61, 5.6]",2,"[4, 0, 11, 7]",64
"[10.68, 4.91, 12.92, 7.15]",3,"[10, 4, 13, 11]",32
"[11.72, 2.74, 13.96, 4.98]",2,"[8, 0, 15, 7]",64
"[0.28, 10.02, 2.52, 12.26]",4,"[0, 10, 3, 13]",16
"[6.71, 3.71, 8.95, 5.95]",3,"[6, 0, 9, 7]",32
"[1.55, 0.47, 3.79, 2.71]",2,"[0, 0, 7, 7]",64
"[9.11, 6.26, 11.35, 8.5]",2,"[8, 4, 15, 11]",64
"[9.23, 3.77, 11.47, 6.01]",2,"[8, 0, 15, 7]",64
"[7.79, 5.53, 10.03, 7.77]",2,"[4, 4, 11, 11]",64
"[11.84, 1.1, 14.08, 3.34]",2,"[8, 0, 15, 7]",64
"[12.56, 7.48, 14.8, 9.72]",3,"[12, 4, 15, 11]",32
"[6.37, 0.71, 8.61, 2.95]",4,"[6, 0, 9, 3]",16
"[11.26, 1.31, 13.5, 3.55]",2,"[8, 0, 15, 7]",64
"[12.19, 7.82, 14.43, 10.06]",3,"[12, 4, 15, 11]",32
"[0.66, 12.66, 2.9, 14.9]",4,"[0, 12, 3, 15]",16
"[2.62, 10.0, 4.86, 12.24]",4,"[2, 10, 5, 13]",16
"[5.18, 6.36, 7.42, 8.6]",2,"[4, 4, 11, 11]",64
"[0.41, 3.75, 2.65, 5.99]",3,"[0, 0, 3, 7]",32
"[9.82, 11.25, 12.06, 13.49]",2,"[8, 8, 15, 15]",64
"[0.07, 10.51, 2.31, 12.75]",4,"[0, 10, 3, 13]",16
"[10.89, 12.03, 13.13, 14.27]",2,"[8, 8, 15, 15]",64
"[11.59, 2.0, 13.83, 4.24]",2,"[8, 0, 15, 7]",64
"[7.57, 4.26, 9.81, 6.5]",2,"[4, 0, 11, 7]",64
"[5.96, 1.72, 8.2, 3.96]",2,"[4, 0, 11, 7]",64
"[2.17, 7.69, 4.41, 9.93]",3,"[2, 4, 5, 11]",32
"[2.52, 6.65, 4.76, 8.89]",4,"[2, 6, 5, 9]",16
"[5.4, 3.83, 7.64, 6.07]",2,"[4, 0, 11, 7]",64
"[8.81, 7.52, 11.05, 9.76]",2,"[8, 4, 15, 11]",64
"[7.27, 2.97, 9.51, 5.21]",2,"[4, 0, 11, 7]",64
"[8.2, 1.99, 10.44, 4.23]",3,"[8, 0, 11, 7]",32
"[4.0, 5.25, 6.24, 7.49]",3,"[4, 4, 7, 11]",32
"[0.99, 5.94, 3.23, 8.18]",2,"[0, 4, 7, 11]",64
"[3.85, 1.48, 6.09, 3.72]",2,"[0, 0, 7, 7]",64
"[8.75, 12.38, 10.99, 14.62]",4,"[8, 12, 11, 15]",16
"[0.39, 2.94, 2.63, 5.18]",3,"[0, 0, 3, 7]",32
"[7.6, 1.5, 9.84, 3.74]",2,"[4, 0, 11, 7]",64
"[8.15, 6.42, 10.39, 8.66]",4,"[8, 6, 11, 9]",16
"[6.99, 1.81, 9.23, 4.05]",2,"[4, 0, 11, 7]",64
"[6.06, 7.88, 8.3, 10.12]",3,"[6, 4, 9, 11]",32
"[10.95, 11.23, 13.19, 13.47]",2,"[8, 8, 15, 15]",64
"[9.99, 9.69, 12.23, 11.93]",2,"[8, 8, 15, 15]",64
"[6.13, 4.17, 8.37, 6.41]",4,"[6, 4, 9, 7]",16
"[3.19, 6.35, 5.43, 8.59]",2,"[0, 4, 7, 11]",64
"[4.19, 10.56, 6.43, 12.8]",4,"[4, 10, 7, 13]",16
"[0.16, 6.63, 2.4, 8.87]",4,"[0, 6, 3, 9]",16
"[10.44, 7.83, 12.68, 10.07]",3,"[10, 4, 13, 11]",32
"[7.67, 6.99, 9.91, 9.23]",2,"[4, 4, 11, 11]",64
"[10.6, 6.17, 12.84, 8.41]",4,"[10, 6, 13, 9]",16
"[12.55, 3.53, 14.79, 5.77]",3,"[12, 0, 15, 7]",32
"[12.44, 12.49, 14.68, 14.73]",4,"[12, 12, 15, 15]",16
"[10.79, 8.28, 13.03, 10.52]",2,"[8, 8, 15, 15]",64
"[10.31, 1.88, 12.55, 4.12]",3,"[10, 0, 13, 7]",32
"[2.93, 3.58, 5.17, 5.82]",2,"[0, 0, 7, 7]",64
"[11.63, 10.33, 13.87, 12.57]",2,"[8, 8, 15, 15]",64
"[3.09, 3.77, 5.33, 6.01]",2,"[0, 0, 7, 7]",64
"[4.34, 12.67, 6.58, 14.91]",4,"[4, 12, 7, 15]",16
"[10.91, 7.63, 13.15, 9.87]",2,"[8, 4, 15, 11]",64
"[12.16, 10.29, 14.4, 12.53]",4,"[12, 10, 15, 13]",16
"[6.21, 9.73, 8.45, 11.97]",3,"[6, 8, 9, 15]",32
"[2.76, 4.96, 5.0, 7.2]",3,"[2, 4, 5, 11]",32
"[2.01, 4.68, 4.25, 6.92]",4,"[2, 4, 5, 7]",16
"[0.49, 1.16, 2.73, 3.4]",3,"[0, 0, 3, 7]",32
"[1.51, 3.72, 3.75, 5.96]",2,"[0, 0, 7, 7]",64
"[9.61, 7.62, 11.85, 9.86]",2,"[8, 4, 15, 11]",64
"[12.69, 1.93, 14.93, 4.17]",3,"[12, 0, 15, 7]",32
"[2.79, 9.39, 5.03, 11.63]",2,"[0, 8, 7, 15]",64
"[10.89, 9.54, 13.13, 11.78]",2,"[8, 8, 15, 15]",64
"[6.73, 9.9, 8.97, 12.14]",3,"[6, 8, 9, 15]",32
"[1.03, 11.03, 3.27, 13.27]",2,"[0, 8, 7, 15]",64
"[9.66, 5.51, 11.9, 7.75]",2,"[8, 4, 15, 11]",64
"[11.14, 9.01, 13.38, 11.25]",2,"[8, 8, 15, 15]",64
"[3.46, 4.08, 5.7, 6.32]",2,"[0, 0, 7, 7]",64
"[3.48, 11.0, 5.72, 13.24]",2,"[0, 8, 7, 15]",64
"[7.26, 5.44, 9.5, 7.68]",2,"[4, 4, 11, 11]",64
"[11.08, 1.57, 13.32, 3.81]",2,"[8, 0, 15, 7]",64
"[6.89, 4.59, 9.13, 6.83]",2,"[4, 0, 11, 7]",64
"[8.56, 12.38, 10.8, 14.62]",4,"[8, 12, 11, 15]",16
"[7.23, 5.59, 9.47, 7.83]",2,"[4, 4, 11, 11]",64
"[12.12, 3.45, 14.36, 5.69]",3,"[12, 0, 15, 7]",32
"[2.29, 8.88, 4.53, 11.12]",3,"[2, 8, 5, 15]",32
"[2.02, 2.98, 4.26, 5.22]",3,"[2, 0, 5, 7]",32
"[2.4, 6.86, 4.64, 9.1]",3,"[2, 4, 5, 11]",32
"[6.5, 6.01, 8.74, 8.25]",4,"[6, 6, 9, 9]",16
"[4.05, 5.77, 6.29, 8.01]",3,"[4, 4, 7, 11]",32
"[9.19, 5.44, 11.43, 7.68]",2,"[8, 4, 15, 11]",64
"[10.6, 7.23, 12.84, 9.47]",3,"[10, 4, 13, 11]",32
"[7.88, 1.1, 10.12, 3.34]",2,"[4, 0, 11, 7]",64
"[11.91, 6.37, 14.15, 8.61]",2,"[8, 4, 15, 11]",64
"[12.68, 5.59, 14.92, 7.83]",3,"[12, 4, 15, 11]",32
"[3.54, 10.05, 5.78, 12.29]",2,"[0, 8, 7, 15]",64
"[1.73, 9.22, 3.97, 11.46]",2,"[0, 8, 7, 15]",64
"[4.95, 3.96, 7.19, 6.2]",2,"[4, 0, 11, 7]",64
"[3.81, 1.37, 6.05, 3.61]",2,"[0, 0, 7, 7]",64
"[11.2, 2.04, 13.44, 4.28]",2,"[8, 0, 15, 7]",64
"[3.95, 3.11, 6.19, 5.35]",2,"[0, 0, 7, 7]",64
"[7.25, 2.15, 9.49, 4.39]",2,"[4, 0, 11, 7]",64
"[7.02, 9.65, 9.26, 11.89]",2,"[4, 8, 11, 15]",64
"[1.05, 7.82, 3.29, 10.06]",2,"[0, 4, 7, 11]",64
"[12.02, 2.56, 14.26, 4.8]",4,"[12, 2, 15, 5]",16
"[8.26, 9.54, 10.5, 11.78]",3,"[8, 8, 11, 15]",32
"[2.76, 3.92, 5.0, 6.16]",3,"[2, 0, 5, 7]",32
"[7.92, 0.17, 10.16, 2.41]",2,"[4, 0, 11, 7]",64
"[2.59, 6.46, 4.83, 8.7]",4,"[2, 6, 5, 9]",16
"[5.01, 1.45, 7.25, 3.69]",2,"[4, 0, 11, 7]",64
"[1.88, 8.17, 4.12, 10.41]",2,"[0, 8, 7, 15]",64
"[1.6, 3.92, 3.84, 6.16]",2,"[0, 0, 7, 7]",64
"[1.61, 10.66, 3.85, 12.9]",2,"[0, 8, 7, 15]",64
"[7.61, 10.31, 9.85, 12.55]",2,"[4, 8, 11, 15]",64
"[10.78, 8.64, 13.02, 10.88]",2,"[8, 8, 15, 15]",64
"[9.14, 0.65, 11.38, 2.89]",2,"[8, 0, 15, 7]",64
"[3.14, 11.59, 5.38, 13.83]",2,"[0, 8, 7, 15]",64
"[10.01, 1.76, 12.25, 4.0]",3,"[10, 0, 13, 7]",32
"[6.61, 8.39, 8.85, 10.63]",4,"[6, 8, 9, 11]",16
"[3.11, 5.8, 5.35, 8.04]",2,"[0, 4, 7, 11]",64
"[0.82, 10.87, 3.06, 13.11]",2,"[0, 8, 7, 15]",64
"[9.65, 2.72, 11.89, 4.96]",2,"[8, 0, 15, 7]",64
"[0.64, 12.74, 2.88, 14.98]",4,"[0, 12, 3, 15]",16
"[6.51, 7.5, 8.75, 9.74]",3,"[6, 4, 9, 11]",32
"[3.23, 11.99, 5.47, 14.23]",2,"[0, 8, 7, 15]",64
"[1.12, 6.53, 3.36, 8.77]",2,"[0, 4, 7, 11]",64
"[5.5, 1.45, 7.74, 3.69]",2,"[4, 0, 11, 7]",64
"[9.59, 12.02, 11.83, 14.26]",2,"[8, 8, 15, 15]",64
"[4.08, 5.45, 6.32, 7.69]",3,"[4, 4, 7, 11]",32
"[6.93, 2.82, 9.17, 5.06]",2,"[4, 0, 11, 7]",64
"[11.33, 1.47, 13.57, 3.71]",2,"[8, 0, 15, 7]",64
"[8.6, 1.7, 10.84, 3.94]",3,"[8, 0, 11, 7]",32
"[7.94, 0.1, 10.18, 2.34]",2,"[4, 0, 11, 7]",64
"[11.44, 3.54, 13.68, 5.78]",2,"[8, 0, 15, 7]",64
"[12.25, 2.39, 14.49, 4.63]",4,"[12, 2, 15, 5]",16
"[1.35, 12.15, 3.59, 14.39]",2,"[0, 8, 7, 15]",64
"[3.76, 5.15, 6.0, 7.39]",2,"[0, 4, 7, 11]",64
"[4.87, 11.25, 7.11, 13.49]",2,"[4, 8, 11, 15]",64
"[4.81, 7.19, 7.05, 9.43]",2,"[4, 4, 11, 11]",64
"[8.0, 10.76, 10.24, 13.0]",4,"[8, 10, 11, 13]",16
"[11.78, 2.36, 14.02, 4.6]",2,"[8, 0, 15, 7]",64
"[7.71, 5.07, 9.95, 7.31]",2,"[4, 4, 11, 11]",64
"[11.97, 4.24, 14.21, 6.48]",2,"[8, 0, 15, 7]",64
"[12.41, 6.03, 14.65, 8.27]",4,"[12, 6, 15, 9]",16
"[9.85, 0.63, 12.09, 2.87]",2,"[8, 0, 15, 7]",64
"[0.96, 1.88, 3.2, 4.12]",2,"[0, 0, 7, 7]",64
"[1.61, 9.3, 3.85, 11.54]",2,"[0, 8, 7, 15]",64
"[9.59, 1.84, 11.83, 4.08]",2,"[8, 0, 15, 7]",64
"[6.78, 7.5, 9.02, 9.74]",2,"[4, 4, 11, 11]",64
"[7.14, 3.06, 9.38, 5.3]",2,"[4, 0, 11, 7]",64
"[1.48, 7.78, 3.72, 10.02]",2,"[0, 4, 7, 11]",64
"[9.46, 0.06, 11.7, 2.3]",2,"[8, 0, 15, 7]",64
"[3.02, 9.04, 5.26, 11.28]",2,"[0, 8, 7, 15]",64
"[4.71, 0.64, 6.95, 2.88]",4,"[4, 0, 7, 3]",16
"[10.6, 6.02, 12.84, 8.26]",4,"[10, 6, 13, 9]",16
"[3.29, 2.43, 5.53, 4.67]",2,"[0, 0, 7, 7]",64
"[0.57, 3.34, 2.81, 5.58]",3,"[0, 0, 3, 7]",32
"[1.01, 10.09, 3.25, 12.33]",2,"[0, 8, 7, 15]",64
"[4.9, 6.97, 7.14, 9.21]",2,"[4, 4, 11, 11]",64
"[11.75, 11.32, 13.99, 13.56]",2,"[8, 8, 15, 15]",64
"[0.07, 6.34, 2.31, 8.58]",4,"[0, 6, 3, 9]",16
"[10.59, 4.12, 12.83, 6.36]",4,"[10, 4, 13, 7]",16
"[4.14, 3.46, 6.38, 5.7]",3,"[4, 0, 7, 7]",32
"[2.0, 6.79, 4.24, 9.03]",3,"[2, 4, 5, 11]",32
"[5.77, 4.03, 8.01, 6.27]",2,"[4, 0, 11, 7]",64
"[0.42, 8.97, 2.66, 11.21]",3,"[0, 8, 3, 15]",32
"[7.0, 7.21, 9.24, 9.45]",2,"[4, 4, 11, 11]",64
"[3.22, 4.16, 5.46, 6.4]",2,"[0, 0, 7, 7]",64
"[12.57, 8.47, 14.81, 10.71]",4,"[12, 8, 15, 11]",16
"[8.69, 10.9, 10.93, 13.14]",3,"[8, 8, 11, 15]",32
"[4.74, 9.82, 6.98, 12.06]",3,"[4, 8, 7, 15]",32
"[9.48, 5.62, 11.72, 7.86]",2,"[8, 4, 15, 11]",64
"[6.93, 10.68, 9.17, 12.92]",2,"[4, 8, 11, 15]",64
"[1.21, 11.36, 3.45, 13.6]",2,"[0, 8, 7, 15]",64
"[10.53, 9.94, 12.77, 12.18]",3,"[10, 8, 13, 15]",32
"[11.42, 1.37, 13.66, 3.61]",2,"[8, 0, 15, 7]",64
"[7.77, 11.07, 10.01, 13.31]",2,"[4, 8, 11, 15]",64
"[12.06, 7.88, 14.3, 10.12]",3,"[12, 4, 15, 11]",32
"[5.57, 8.62, 7.81, 10.86]",2,"[4, 8, 11, 15]",64
"[5.9, 6.32, 8.14, 8.56]",2,"[4, 4, 11, 11]",64
"[9.76, 4.71, 12.0, 6.95]",2,"[8, 0, 15, 7]",64
"[6.14, 1.7, 8.38, 3.94]",3,"[6, 0, 9, 7]",32
"[7.14, 8.08, 9.38, 10.32]",2,"[4, 8, 11, 15]",64
"[2.93, 9.4, 5.17, 11.64]",2,"[0, 8, 7, 15]",64
"[4.2, 3.35, 6.44, 5.59]",3,"[4, 0, 7, 7]",32
"[5.68, 9.31, 7.92, 11.55]",2,"[4, 8, 11, 15]",64
"[9.93, 12.54, 12.17, 14.78]",2,"[8, 8, 15, 15]",64
"[12.48, 9.73, 14.72, 11.97]",3,"[12, 8, 15, 15]",32
"[9.84, 10.01, 12.08, 12.25]",2,"[8, 8, 15, 15]",64
"[1.5, 7.03, 3.74, 9.27]",2,"[0, 4, 7, 11]",64
"[1.24, 10.26, 3.48, 12.5]",2,"[0, 8, 7, 15]",64
"[1.97, 4.09, 4.21, 6.33]",2,"[0, 0, 7, 7]",64
"[4.96, 10.01, 7.2, 12.25]",2,"[4, 8, 11, 15]",64
"[12.62, 2.47, 14.86, 4.71]",4,"[12, 2, 15, 5]",16
"[7.31, 9.91, 9.55, 12.15]",2,"[4, 8, 11, 15]",64
"[3.69, 1.94, 5.93, 4.18]",2,"[0, 0, 7, 7]",64
"[0.51, 11.93, 2.75, 14.17]",3,"[0, 8, 3, 15]",32
"[1.03, 6.42, 3.27, 8.66]",2,"[0, 4, 7, 11]",64
"[10.64, 0.31, 12.88, 2.55]",4,"[10, 0, 13, 3]",16
"[0.64, 2.93, 2.88, 5.17]",3,"[0, 0, 3, 7]",32
"[7.89, 2.7, 10.13, 4.94]",2,"[4, 0, 11, 7]",64
"[1.67, 5.55, 3.91, 7.79]",2,"[0, 4, 7, 11]",64
"[8.15, 4.81, 10.39, 7.05]",3,"[8, 4, 11, 11]",32
"[5.89, 5.74, 8.13, 7.98]",2,"[4, 4, 11, 11]",64
"[3.5, 3.12, 5.74, 5.36]",2,"[0, 0, 7, 7]",64
"[9.01, 1.44, 11.25, 3.68]",2,"[8, 0, 15, 7]",64
"[4.37, 6.93, 6.61, 9.17]",3,"[4, 4, 7, 11]",32
"[11.96, 2.85, 14.2, 5.09]",2,"[8, 0, 15, 7]",64
"[2.23, 8.74, 4.47, 10.98]",4,"[2, 8, 5, 11]",16
"[1.33, 7.47, 3.57, 9.71]",2,"[0, 4, 7, 11]",64
"[9.12, 4.23, 11.36, 6.47]",2,"[8, 0, 15, 7]",64
"[3.06, 3.74, 5.3, 5.98]",2,"[0, 0, 7, 7]",64
"[9.75, 11.12, 11.99, 13.36]",2,"[8, 8, 15, 15]",64
"[4.76, 4.26, 7.0, 6.5]",4,"[4, 4, 7, 7]",16
"[11.0, 11.48, 13.24, 13.72]",2,"[8, 8, 15, 15]",64
"[7.6, 7.88, 9.84, 10.12]",2,"[4, 4, 11, 11]",64
"[4.25, 11.22, 6.49, 13.46]",3,"[4, 8, 7, 15]",32
"[9.7, 7.15, 11.94, 9.39]",2,"[8, 4, 15, 11]",64
"[11.29, 6.74, 13.53, 8.98]",2,"[8, 4, 15, 11]",64
"[9.62, 10.88, 11.86, 13.12]",2,"[8, 8, 15, 15]",64
"[11.93, 0.94, 14.17, 3.18]",2,"[8, 0, 15, 7]",64
"[8.86, 9.46, 11.1, 11.7]",2,"[8, 8, 15, 15]",64
"[6.42, 11.58, 8.66, 13.82]",3,"[6, 8, 9, 15]",32
"[10.11, 5.76, 12.35, 8.0]",3,"[10, 4, 13, 11]",32
"[7.07, 9.68, 9.31, 11.92]",2,"[4, 8, 11, 15]",64
"[12.71, 7.79, 14.95, 10.03]",3,"[12, 4, 15, 11]",32
"[7.19, 12.63, 9.43, 14.87]",2,"[4, 8, 11, 15]",64
"[0.27, 9.44, 2.51, 11.68]",3,"[0, 8, 3, 15]",32
"[9.59, 4.33, 11.83, 6.57]",2,"[8, 0, 15, 7]",64
"[6.81, 8.35, 9.05, 10.59]",2,"[4, 8, 11, 15]",64
"[1.08, 8.59, 3.32, 10.83]",2,"[0, 8, 7, 15]",64
"[0.89, 5.06, 3.13, 7.3]",2,"[0, 4, 7, 11]",64
"[1.67, 12.43, 3.91, 14.67]",2,"[0, 8, 7, 15]",64
"[11.9, 6.49, 14.14, 8.73]",2,"[8, 4, 15, 11]",64
"[0.83, 3.57, 3.07, 5.81]",2,"[0, 0, 7, 7]",64
"[5.04, 4.23, 7.28, 6.47]",2,"[4, 0, 11, 7]",64
"[7.88, 10.27, 10.12, 12.51]",2,"[4, 8, 11, 15]",64
"[6.11, 0.65, 8.35, 2.89]",4,"[6, 0, 9, 3]",16
"[8.69, 2.61, 10.93, 4.85]",4,"[8, 2, 11, 5]",16
"[12.12, 1.88, 14.36, 4.12]",3,"[12, 0, 15, 7]",32
"[4.97, 9.73, 7.21, 11.97]",2,"[4, 8, 11, 15]",64
"[7.88, 0.48, 10.12, 2.72]",2,"[4, 0, 11, 7]",64
"[2.55, 2.68, 4.79, 4.92]",4,"[2, 2, 5, 5]",16
"[4.53, 1.15, 6.77, 3.39]",3,"[4, 0, 7, 7]",32
"[6.78, 1.01, 9.02, 3.25]",2,"[4, 0, 11, 7]",64
"[12.56, 2.14, 14.8, 4.38]",4,"[12, 2, 15, 5]",16
"[12.08, 1.92, 14.32, 4.16]",3,"[12, 0, 15, 7]",32
"[11.87, 4.67, 14.11, 6.91]",2,"[8, 0, 15, 7]",64
"[3.54, 6.6, 5.78, 8.84]",2,"[0, 4, 7, 11]",64
"[0.76, 4.5, 3.0, 6.74]",4,"[0, 4, 3, 7]",16
"[10.5, 11.86, 12.74, 14.1]",3,"[10, 8, 13, 15]",32
"[10.73, 3.47, 12.97, 5.71]",3,"[10, 0, 13, 7]",32
"[2.11, 2.34, 4.35, 4.58]",4,"[2, 2, 5, 5]",16
"[6.61, 5.98, 8.85, 8.22]",3,"[6, 4, 9, 11]",32
"[11.84, 8.61, 14.08, 10.85]",2,"[8, 8, 15, 15]",64
"[11.07, 7.43, 13.31, 9.67]",2,"[8, 4, 15, 11]",64
"[0.96, 2.49, 3.2, 4.73]",2,"[0, 0, 7, 7]",64
"[9.58, 4.98, 11.82, 7.22]",2,"[8, 4, 15, 11]",64
"[0.63, 8.87, 2.87, 11.11]",3,"[0, 8, 3, 15]",32
"[6.63, 5.36, 8.87, 7.6]",3,"[6, 4, 9, 11]",32
"[4.58, 6.41, 6.82, 8.65]",4,"[4, 6, 7, 9]",16
"[5.58, 5.06, 7.82, 7.3]",2,"[4, 4, 11, 11]",64
"[3.91, 10.54, 6.15, 12.78]",2,"[0, 8, 7, 15]",64
"[7.13, 5.43, 9.37, 7.67]",2,"[4, 4, 11, 11]",64
"[8.17, 3.31, 10.41, 5.55]",3,"[8, 0, 11, 7]",32
"[3.03, 4.64, 5.27, 6.88]",2,"[0, 0, 7, 7]",64
"[10.18, 6.07, 12.42, 8.31]",4,"[10, 6, 13, 9]",16
"[10.29, 0.8, 12.53, 3.04]",3,"[10, 0, 13, 7]",32
"[11.88, 6.47, 14.12, 8.71]",2,"[8, 4, 15, 11]",64
"[8.69, 2.55, 10.93, 4.79]",4,"[8, 2, 11, 5]",16
"[6.8, 12.41, 9.04, 14.65]",2,"[4, 8, 11, 15]",64
"[5.87, 1.53, 8.11, 3.77]",2,"[4, 0, 11, 7]",64
"[3.42, 5.49, 5.66, 7.73]",2,"[0, 4, 7, 11]",64
"[6.28, 1.42, 8.52, 3.66]",3,"[6, 0, 9, 7]",32
"[5.25, 7.24, 7.49, 9.48]",2,"[4, 4, 11, 11]",64
"[2.19, 11.84, 4.43, 14.08]",3,"[2, 8, 5, 15]",32
"[4.39, 6.55, 6.63, 8.79]",4,"[4, 6, 7, 9]",16
"[11.21, 12.73, 13.45, 14.97]",2,"[8, 8, 15, 15]",64
"[11.49, 0.79, 13.73, 3.03]",2,"[8, 0, 15, 7]",64
"[1.78, 1.3, 4.02, 3.54]",2,"[0, 0, 7, 7]",64
"[12.15, 2.62, 14.39, 4.86]",4,"[12, 2, 15, 5]",16
"[0.9, 0.42, 3.14, 2.66]",2,"[0, 0, 7, 7]",64
"[3.63, 6.96, 5.87, 9.2]",2,"[0, 4, 7, 11]",64
"[9.97, 10.21, 12.21, 12.45]",2,"[8, 8, 15, 15]",64
"[10.61, 9.48, 12.85, 11.72]",3,"[10, 8, 13, 15]",32
"[4.85, 8.21, 7.09, 10.45]",2,"[4, 8, 11, 15]",64
"[12.3, 11.84, 14.54, 14.08]",3,"[12, 8, 15, 15]",32
"[6.38, 10.98, 8.62, 13.22]",3,"[6, 8, 9, 15]",32
"[9.02, 9.14, 11.26, 11.38]",2,"[8, 8, 15, 15]",64
"[6.94, 9.63, 9.18, 11.87]",2,"[4, 8, 11, 15]",64
"[2.04, 0.48, 4.28, 2.72]",4,"[2, 0, 5, 3]",16
"[11.97, 3.51, 14.21, 5.75]",2,"[8, 0, 15, 7]",64
"[0.63, 0.37, 2.87, 2.61]",4,"[0, 0, 3, 3]",16
"[6.33, 3.59, 8.57, 5.83]",3,"[6, 0, 9, 7]",32
"[3.85, 2.28, 6.09, 4.52]",2,"[0, 0, 7, 7]",64
"[2.19, 5.88, 4.43, 8.12]",3,"[2, 4, 5, 11]",32
"[1.09, 7.17, 3.33, 9.41]",2,"[0, 4, 7, 11]",64
"[2.53, 5.77, 4.77, 8.01]",3,"[2, 4, 5, 11]",32
"[7.88, 4.15, 10.12, 6.39]",2,"[4, 0, 11, 7]",64
"[6.15, 12.62, 8.39, 14.86]",4,"[6, 12, 9, 15]",16
"[0.42, 7.38, 2.66, 9.62]",3,"[0, 4, 3, 11]",32
"[7.12, 8.19, 9.36, 10.43]",2,"[4, 8, 11, 15]",64
"[12.17, 7.4, 14.41, 9.64]",3,"[12, 4, 15, 11]",32
"[5.92, 2.08, 8.16, 4.32]",2,"[4, 0, 11, 7]",64
"[6.42, 3.9, 8.66, 6.14]",3,"[6, 0, 9, 7]",32
"[11.9, 7.0, 14.14, 9.24]",2,"[8, 4, 15, 11]",64
"[6.62, 8.14, 8.86, 10.38]",4,"[6, 8, 9, 11]",16
"[4.73, 1.78, 6.97, 4.02]",3,"[4, 0, 7, 7]",32
"[3.69, 0.81, 5.93, 3.05]",2,"[0, 0, 7, 7]",64
"[0.04, 10.72, 2.28, 12.96]",4,"[0, 10, 3, 13]",16
"[6.06, 4.18, 8.3, 6.42]",4,"[6, 4, 9, 7]",16
"[8.65, 1.01, 10.89, 3.25]",3,"[8, 0, 11, 7]",32
"[8.19, 9.34, 10.43, 11.58]",3,"[8, 8, 11, 15]",32
"[3.96, 1.15, 6.2, 3.39]",2,"[0, 0, 7, 7]",64
"[0, 7.63, 2.24, 9.87]",3,"[0, 4, 3, 11]",32
"[12.62, 2.91, 14.86, 5.15]",3,"[12, 0, 15, 7]",32
"[5.59, 6.6, 7.83, 8.84]",2,"[4, 4, 11, 11]",64
"[3.51, 3.81, 5.75, 6.05]",2,"[0, 0, 7, 7]",64
"[8.15, 9.75, 10.39, 11.99]",3,"[8, 8, 11, 15]",32
"[0.48, 6.84, 2.72, 9.08]",3,"[0, 4, 3, 11]",32
"[9.95, 12.67, 12.19, 14.91]",2,"[8, 8, 15, 15]",64
"[0.72, 1.18, 2.96, 3.42]",3,"[0, 0, 3, 7]",32
"[11.55, 5.18, 13.79, 7.42]",2,"[8, 4, 15, 11]",64
"[10.59, 12.46, 12.83, 14.7]",4,"[10, 12, 13, 15]",16
"[3.76, 10.71, 6.0, 12.95]",2,"[0, 8, 7, 15]",64
"[2.58, 7.42, 4.82, 9.66]",3,"[2, 4, 5, 11]",32
"[1.14, 10.71, 3.38, 12.95]",2,"[0, 8, 7, 15]",64
"[10.81, 12.65, 13.05, 14.89]",2,"[8, 8, 15, 15]",64
"[12.4, 12.11, 14.64, 14.35]",4,"[12, 12, 15, 15]",16
"[0.72, 6.35, 2.96, 8.59]",4,"[0, 6, 3, 9]",16
"[12.14, 2.85, 14.38, 5.09]",3,"[12, 0, 15, 7]",32
"[11.53, 2.26, 13.77, 4.5]",2,"[8, 0, 15, 7]",64
"[10.2, 2.14, 12.44, 4.38]",4,"[10, 2, 13, 5]",16
"[5.17, 10.66, 7.41, 12.9]",2,"[4, 8, 11, 15]",64
"[1.29, 11.79, 3.53, 14.03]",2,"[0, 8, 7, 15]",64
"[8.72, 3.94, 10.96, 6.18]",3,"[8, 0, 11, 7]",32
"[8.42, 8.31, 10.66, 10.55]",4,"[8, 8, 11, 11]",16
"[1.84, 4.64, 4.08, 6.88]",2,"[0, 0, 7, 7]",64
"[4.41, 3.27, 6.65, 5.51]",3,"[4, 0, 7, 7]",32
"[1.2, 4.61, 3.44, 6.85]",2,"[0, 0, 7, 7]",64
"[0.3, 5.62, 2.54, 7.86]",3,"[0, 4, 3, 11]",32
"[5.82, 9.67, 8.06, 11.91]",2,"[4, 8, 11, 15]",64
"[1.42, 12.18, 3.66, 14.42]",2,"[0, 8, 7, 15]",64
"[0.16, 0.2, 2.4, 2.44]",4,"[0, 0, 3, 3]",16
"[1.97, 0.33, 4.21, 2.57]",2,"[0, 0, 7, 7]",64
"[7.91, 3.12, 10.15, 5.36]",2,"[4, 0, 11, 7]",64
"[3.03, 8.62, 5.27, 10.86]",2,"[0, 8, 7, 15]",64
"[10.82, 11.83, 13.06, 14.07]",2,"[8, 8, 15, 15]",64
"[12.72, 4.15, 14.96, 6.39]",4,"[12, 4, 15, 7]",16
"[2.01, 7.81, 4.25, 10.05]",3,"[2, 4, 5, 11]",32
"[6.39, 5.11, 8.63, 7.35]",3,"[6, 4, 9, 11]",32
"[12.44, 2.99, 14.68, 5.23]",3,"[12, 0, 15, 7]",32
"[3.02, 1.66, 5.26, 3.9]",2,"[0, 0, 7, 7]",64
"[10.12, 7.56, 12.36, 9.8]",3,"[10, 4, 13, 11]",32
"[10.65, 3.47, 12.89, 5.71]",3,"[10, 0, 13, 7]",32
"[3.61, 11.9, 5.85, 14.14]",2,"[0, 8, 7, 15]",64
"[2.62, 7.67, 4.86, 9.91]",3,"[2, 4, 5, 11]",32
"[2.33, 10.87, 4.57, 13.11]",3,"[2, 8, 5, 15]",32
"[3.16, 5.98, 5.4, 8.22]",2,"[0, 4, 7, 11]",64
"[7.94, 0.65, 10.18, 2.89]",2,"[4, 0, 11, 7]",64
"[5.8, 8.48, 8.04, 10.72]",2,"[4, 8, 11, 15]",64
"[1.31, 0.73, 3.55, 2.97]",2,"[0, 0, 7, 7]",64
"[0.54, 1.96, 2.78, 4.2]",3,"[0, 0, 3, 7]",32
"[9.29, 11.68, 11.53, 13.92]",2,"[8, 8, 15, 15]",64
"[6.66, 2.59, 8.9, 4.83]",4,"[6, 2, 9, 5]",16
"[4.81, 8.43, 7.05, 10.67]",2,"[4, 8, 11, 15]",64
"[0.87, 1.8, 3.11, 4.04]",2,"[0, 0, 7, 7]",64
"[5.76, 11.81, 8.0, 14.05]",2,"[4, 8, 11, 15]",64
"[3.04, 5.99, 5.28, 8.23]",2,"[0, 4, 7, 11]",64
"[5.1, 8.51, 7.34, 10.75]",2,"[4, 8, 11, 15]",64
"[1.92, 4.87, 4.16, 7.11]",2,"[0, 4, 7, 11]",64
"[8.03, 2.17, 10.27, 4.41]",4,"[8, 2, 11, 5]",16
"[5.41, 7.91, 7.65, 10.15]",2,"[4, 4, 11, 11]",64
"[6.52, 4.99, 8.76, 7.23]",3,"[6, 4, 9, 11]",32
"[0.42, 12.09, 2.66, 14.33]",4,"[0, 12, 3, 15]",16
"[0.3, 8.1, 2.54, 10.34]",4,"[0, 8, 3, 11]",16
"[8.66, 0.52, 10.9, 2.76]",4,"[8, 0, 11, 3]",16
"[5.16, 6.21, 7.4, 8.45]",2,"[4, 4, 11, 11]",64
"[3.62, 12.48, 5.86, 14.72]",2,"[0, 8, 7, 15]",64
"[0.83, 9.06, 3.07, 11.3]",2,"[0, 8, 7, 15]",64
"[4.9, 8.32, 7.14, 10.56]",2,"[4, 8, 11, 15]",64
"[2.55, 7.32, 4.79, 9.56]",3,"[2, 4, 5, 11]",32
"[12.4, 1.89, 14.64, 4.13]",3,"[12, 0, 15, 7]",32
"[12.25, 9.85, 14.49, 12.09]",3,"[12, 8, 15, 15]",32
"[8.36, 12.68, 10.6, 14.92]",4,"[8, 12, 11, 15]",16
"[1.69, 1.84, 3.93, 4.08]",2,"[0, 0, 7, 7]",64
"[3.79, 12.09, 6.03, 14.33]",2,"[0, 8, 7, 15]",64
"[4.6, 3.57, 6.84, 5.81]",3,"[4, 0, 7, 7]",32
"[4.24, 4.12, 6.48, 6.36]",4,"[4, 4, 7, 7]",16
"[2.86, 1.83, 5.1, 4.07]",2,"[0, 0, 7, 7]",64
"[9.96, 3.52, 12.2, 5.76]",2,"[8, 0, 15, 7]",64
"[3.88, 4.06, 6.12, 6.3]",2,"[0, 0, 7, 7]",64
"[7.39, 5.62, 9.63, 7.86]",2,"[4, 4, 11, 11]",64
"[7.24, 8.71, 9.48, 10.95]",2,"[4, 8, 11, 15]",64
"[2.72, 6.25, 4.96, 8.49]",4,"[2, 6, 5, 9]",16
"[5.9, 12.17, 8.14, 14.41]",2,"[4, 8, 11, 15]",64
"[7.22, 8.96, 9.46, 11.2]",2,"[4, 8, 11, 15]",64
"[6.09, 6.5, 8.33, 8.74]",4,"[6, 6, 9, 9]",16
"[6.79, 11.06, 9.03, 13.3]",2,"[4, 8, 11, 15]",64
"[0.84, 9.11, 3.08, 11.35]",2,"[0, 8, 7, 15]",64
"[10.7, 3.53, 12.94, 5.77]",3,"[10, 0, 13, 7]",32
"[7.95, 1.49, 10.19, 3.73]",2,"[4, 0, 11, 7]",64
"[6.96, 2.73, 9.2, 4.97]",2,"[4, 0, 11, 7]",64
"[6.55, 11.24, 8.79, 13.48]",3,"[6, 8, 9, 15]",32
"[4.02, 1.75, 6.26, 3.99]",3,"[4, 0, 7, 7]",32
"[1.89, 8.95, 4.13, 11.19]",2,"[0, 8, 7, 15]",64
"[5.28, 2.03, 7.52, 4.27]",2,"[4, 0, 11, 7]",64
"[7.13, 4.43, 9.37, 6.67]",2,"[4, 0, 11, 7]",64
"[12.14, 10.91, 14.38, 13.15]",3,"[12, 8, 15, 15]",32
"[7.75, 0.96, 9.99, 3.2]",2,"[4, 0, 11, 7]",64
"[6.57, 3.09, 8.81, 5.33]",3,"[6, 0, 9, 7]",32
"[3.79, 3.68, 6.03, 5.92]",2,"[0, 0, 7, 7]",64
"[2.47, 11.97, 4.71, 14.21]",3,"[2, 8, 5, 15]",32
"[0.48, 5.44, 2.72, 7.68]",3,"[0, 4, 3, 11]",32
"[4.48, 0.68, 6.72, 2.92]",4,"[4, 0, 7, 3]",16
"[4.13, 4.72, 6.37, 6.96]",4,"[4, 4, 7, 7]",16
"[5.75, 0.17, 7.99, 2.41]",2,"[4, 0, 11, 7]",64
"[4.49, 10.97, 6.73, 13.21]",3,"[4, 8, 7, 15]",32
"[7.15, 11.04, 9.39, 13.28]",2,"[4, 8, 11, 15]",64
"[11.36, 1.79, 13.6, 4.03]",2,"[8, 0, 15, 7]",64
"[12.46, 3.76, 14.7, 6.0]",3,"[12, 0, 15, 7]",32
"[10.7, 12.07, 12.94, 14.31]",4,"[10, 12, 13, 15]",16
"[1.32, 10.13, 3.56, 12.37]",2,"[0, 8, 7, 15]",64
"[9.67, 5.25, 11.91, 7.49]",2,"[8, 4, 15, 11]",64
"[11.24, 9.07, 13.48, 11.31]",2,"[8, 8, 15, 15]",64
"[12.36, 1.88, 14.6, 4.12]",3,"[12, 0, 15, 7]",32
"[10.52, 7.46, 12.76, 9.7]",3,"[10, 4, 13, 11]",32
"[3.21, 7.22, 5.45, 9.46]",2,"[0, 4, 7, 11]",64
"[10.2, 11.0, 12.44, 13.24]",3,"[10, 8, 13, 15]",32
"[2.07, 6.27, 4.31, 8.51]",4,"[2, 6, 5, 9]",16
"[11.48, 10.35, 13.72, 12.59]",2,"[8, 8, 15, 15]",64
"[3.05, 2.85, 5.29, 5.09]",2,"[0, 0, 7, 7]",64
"[4.08, 11.46, 6.32, 13.7]",3,"[4, 8, 7, 15]",32
"[7.58, 4.53, 9.82, 6.77]",2,"[4, 0, 11, 7]",64
"[0.54, 8.86, 2.78, 11.1]",3,"[0, 8, 3, 15]",32
"[0.14, 4.72, 2.38, 6.96]",4,"[0, 4, 3, 7]",16
"[4.42, 12.22, 6.66, 14.46]",4,"[4, 12, 7, 15]",16
"[5.03, 7.3, 7.27, 9.54]",2,"[4, 4, 11, 11]",64
"[9.39, 9.97, 11.63, 12.21]",2,"[8, 8, 15, 15]",64
"[8.21, 4.25, 10.45, 6.49]",4,"[8, 4, 11, 7]",16
"[0.98, 6.73, 3.22, 8.97]",2,"[0, 4, 7, 11]",64
"[10.53, 4.3, 12.77, 6.54]",4,"[10, 4, 13, 7]",16
"[12.57, 6.3, 14.81, 8.54]",4,"[12, 6, 15, 9]",16
"[3.19, 4.4, 5.43, 6.64]",2,"[0, 0, 7, 7]",64
"[3.93, 9.43, 6.17, 11.67]",2,"[0, 8, 7, 15]",64
"[5.19, 4.97, 7.43, 7.21]",2,"[4, 4, 11, 11]",64
"[9.56, 11.83, 11.8, 14.07]",2,"[8, 8, 15, 15]",64
"[6.68, 7.05, 8.92, 9.29]",3,"[6, 4, 9, 11]",32
"[9.73, 5.35, 11.97, 7.59]",2,"[8, 4, 15, 11]",64
"[7.75, 11.46, 9.99, 13.7]",2,"[4, 8, 11, 15]",64
"[9.01, 7.11, 11.25, 9.35]",2,"[8, 4, 15, 11]",64
"[6.16, 8.63, 8.4, 10.87]",4,"[6, 8, 9, 11]",16
"[7.72, 0.94, 9.96, 3.18]",2,"[4, 0, 11, 7]",64
"[10.34, 10.38, 12.58, 12.62]",4,"[10, 10, 13, 13]",16
"[5.7, 9.69, 7.94, 11.93]",2,"[4, 8, 11, 15]",64
"[2.94, 9.71, 5.18, 11.95]",2,"[0, 8, 7, 15]",64
"[11.7, 9.02, 13.94, 11.26]",2,"[8, 8, 15, 15]",64
"[8.34, 5.85, 10.58, 8.09]",3,"[8, 4, 11, 11]",32
"[4.42, 11.49, 6.66, 13.73]",3,"[4, 8, 7, 15]",32
"[9.06, 9.8, 11.3, 12.04]",2,"[8, 8, 15, 15]",64
"[2.99, 3.89, 5.23, 6.13]",2,"[0, 0, 7, 7]",64
"[5.04, 7.34, 7.28, 9.58]",2,"[4, 4, 11, 11]",64
"[11.67, 11.36, 13.91, 13.6]",2,"[8, 8, 15, 15]",64
"[2.62, 9.99, 4.86, 12.23]",3,"[2, 8, 5, 15]",32
"[4.07, 8.44, 6.31, 10.68]",4,"[4, 8, 7, 11]",16
"[0.33, 9.39, 2.57, 11.63]",3,"[0, 8, 3, 15]",32
"[10.51, 3.98, 12.75, 6.22]",3,"[10, 0, 13, 7]",32
"[0.61, 1.75, 2.85, 3.99]",3,"[0, 0, 3, 7]",32
"[12.34, 7.66, 14.58, 9.9]",3,"[12, 4, 15, 11]",32
"[6.92, 11.98, 9.16, 14.22]",2,"[4, 8, 11, 15]",64
"[1.2, 0.38, 3.44, 2.62]",2,"[0, 0, 7, 7]",64
"[5.04, 0.95, 7.28, 3.19]",2,"[4, 0, 11, 7]",64
"[2.77, 11.27, 5.01, 13.51]",2,"[0, 8, 7, 15]",64
"[2.14, 10.65, 4.38, 12.89]",4,"[2, 10, 5, 13]",16
"[12.33, 4.52, 14.57, 6.76]",4,"[12, 4, 15, 7]",16
"[7.92, 8.56, 10.16, 10.8]",2,"[4, 8, 11, 15]",64
"[1.67, 10.75, 3.91, 12.99]",2,"[0, 8, 7, 15]",64
"[11.52, 6.88, 13.76, 9.12]",2,"[8, 4, 15, 11]",64
"[0.6, 10.63, 2.84, 12.87]",4,"[0, 10, 3, 13]",16
"[0.25, 9.9, 2.49, 12.14]",3,"[0, 8, 3, 15]",32
"[9.34, 2.69, 11.58, 4.93]",2,"[8, 0, 15, 7]",64
"[3.65, 5.07, 5.89, 7.31]",2,"[0, 4, 7, 11]",64
"[12.54, 7.23, 14.78, 9.47]",3,"[12, 4, 15, 11]",32
"[4.89, 3.49, 7.13, 5.73]",2,"[4, 0, 11, 7]",64
"[2.51, 10.32, 4.75, 12.56]",4,"[2, 10, 5, 13]",16
"[0.37, 3.35, 2.61, 5.59]",3,"[0, 0, 3, 7]",32
"[9.06, 2.83, 11.3, 5.07]",2,"[8, 0, 15, 7]",64
"[10.13, 0.61, 12.37, 2.85]",4,"[10, 0, 13, 3]",16
"[12.14, 5.51, 14.38, 7.75]",3,"[12, 4, 15, 11]",32
"[1.31, 11.21, 3.55, 13.45]",2,"[0, 8, 7, 15]",64
"[1.88, 11.78, 4.12, 14.02]",2,"[0, 8, 7, 15]",64
"[3.19, 9.1, 5.43, 11.34]",2,"[0, 8, 7, 15]",64
"[2.38, 5.72, 4.62, 7.96]",3,"[2, 4, 5, 11]",32
"[3.82, 3.88, 6.06, 6.12]",2,"[0, 0, 7, 7]",64
"[8.71, 7.61, 10.95, 9.85]",3,"[8, 4, 11, 11]",32
"[11.86, 11.99, 14.1, 14.23]",2,"[8, 8, 15, 15]",64
"[1.4, 1.56, 3.64, 3.8]",2,"[0, 0, 7, 7]",64
"[5.33, 9.42, 7.57, 11.66]",2,"[4, 8, 11, 15]",64
"[11.72, 4.88, 13.96, 7.12]",2,"[8, 4, 15, 11]",64
"[8.61, 3.36, 10.85, 5.6]",3,"[8, 0, 11, 7]",32
"[0.95, 11.44, 3.19, 13.68]",2,"[0, 8, 7, 15]",64
"[1.36, 6.32, 3.6, 8.56]",2,"[0, 4, 7, 11]",64
"[9.98, 6.79, 12.22, 9.03]",2,"[8, 4, 15, 11]",64
"[0.13, 2.04, 2.37, 4.28]",4,"[0, 2, 3, 5]",16
"[5.85, 11.04, 8.09, 13.28]",2,"[4, 8, 11, 15]",64
"[4.37, 5.18, 6.61, 7.42]",3,"[4, 4, 7, 11]",32
"[9.04, 10.78, 11.28, 13.02]",2,"[8, 8, 15, 15]",64
"[7.29, 9.22, 9.53, 11.46]",2,"[4, 8, 11, 15]",64
"[9.04, 10.71, 11.28, 12.95]",2,"[8, 8, 15, 15]",64
"[9.31, 5.6, 11.55, 7.84]",2,"[8, 4, 15, 11]",64
"[8.29, 5.83, 10.53, 8.07]",3,"[8, 4, 11, 11]",32
"[11.94, 2.93, 14.18, 5.17]",2,"[8, 0, 15, 7]",64
"[0.48, 7.84, 2.72, 10.08]",3,"[0, 4, 3, 11]",32
"[2.22, 4.09, 4.46, 6.33]",4,"[2, 4, 5, 7]",16
"[9.93, 5.48, 12.17, 7.72]",2,"[8, 4, 15, 11]",64
"[7.78, 8.33, 10.02, 10.57]",2,"[4, 8, 11, 15]",64
"[1.52, 2.4, 3.76, 4.64]",2,"[0, 0, 7, 7]",64
"[5.17, 8.67, 7.41, 10.91]",2,"[4, 8, 11, 15]",64
"[12.72, 0.04, 14.96, 2.28]",4,"[12, 0, 15, 3]",16
"[1.87, 6.6, 4.11, 8.84]",2,"[0, 4, 7, 11]",64
"[8.44, 7.6, 10.68, 9.84]",3,"[8, 4, 11, 11]",32
"[11.08, 3.05, 13.32, 5.29]",2,"[8, 0, 15, 7]",64
"[9.53, 5.33, 11.77, 7.57]",2,"[8, 4, 15, 11]",64
"[11.56, 2.08, 13.8, 4.32]",2,"[8, 0, 15, 7]",64
"[6.45, 9.66, 8.69, 11.9]",3,"[6, 8, 9, 15]",32
"[7.49, 7.62, 9.73, 9.86]",2,"[4, 4, 11, 11]",64
"[2.89, 0.73, 5.13, 2.97]",2,"[0, 0, 7, 7]",64
"[3.32, 2.02, 5.56, 4.26]",2,"[0, 0, 7, 7]",64
"[11.61, 7.58, 13.85, 9.82]",2,"[8, 4, 15, 11]",64
"[2.02, 6.9, 4.26, 9.14]",3,"[2, 4, 5, 11]",32
"[1.36, 11.81, 3.6, 14.05]",2,"[0, 8, 7, 15]",64
"[6.81, 1.04, 9.05, 3.28]",2,"[4, 0, 11, 7]",64
"[6.8, 1.29, 9.04, 3.53]",2,"[4, 0, 11, 7]",64
"[0.9, 8.83, 3.14, 11.07]",2,"[0, 8, 7, 15]",64
"[2.96, 1.23, 5.2, 3.47]",2,"[0, 0, 7, 7]",64
"[7.27, 5.94, 9.51, 8.18]",2,"[4, 4, 11, 11]",64
"[0.71, 11.76, 2.95, 14.0]",3,"[0, 8, 3, 15]",32
"[4.82, 8.62, 7.06, 10.86]",2,"[4, 8, 11, 15]",64
"[12.66, 3.61, 14.9, 5.85]",3,"[12, 0, 15, 7]",32
"[5.36, 1.85, 7.6, 4.09]",2,"[4, 0, 11, 7]",64
"[10.4, 5.97, 12.64, 8.21]",3,"[10, 4, 13, 11]",32
"[9.27, 7.56, 11.51, 9.8]",2,"[8, 4, 15, 11]",64
"[8.83, 11.24, 11.07, 13.48]",2,"[8, 8, 15, 15]",64
"[9.72, 8.34, 11.96, 10.58]",2,"[8, 8, 15, 15]",64
"[10.33, 11.76, 12.57, 14.0]",3,"[10, 8, 13, 15]",32
"[10.33, 5.14, 12.57, 7.38]",3,"[10, 4, 13, 11]",32
"[7.17, 2.7, 9.41, 4.94]",2,"[4, 0, 11, 7]",64
"[1.55, 3.54, 3.79, 5.78]",2,"[0, 0, 7, 7]",64
"[5.11, 5.72, 7.35, 7.96]",2,"[4, 4, 11, 11]",64
"[0.98, 9.34, 3.22, 11.58]",2,"[0, 8, 7, 15]",64
"[7.74, 12.01, 9.98, 14.25]",2,"[4, 8, 11, 15]",64
"[6.41, 12.06, 8.65, 14.3]",4,"[6, 12, 9, 15]",16
"[3.32, 8.36, 5.56, 10.6]",2,"[0, 8, 7, 15]",64
"[0.89, 2.97, 3.13, 5.21]",2,"[0, 0, 7, 7]",64
"[5.87, 10.39, 8.11, 12.63]",2,"[4, 8, 11, 15]",64
"[0.48, 10.16, 2.72, 12.4]",4,"[0, 10, 3, 13]",16
"[11.01, 8.33, 13.25, 10.57]",2,"[8, 8, 15, 15]",64
"[4.33, 2.93, 6.57, 5.17]",3,"[4, 0, 7, 7]",32
"[10.3, 3.57, 12.54, 5.81]",3,"[10, 0, 13, 7]",32
"[6.41, 5.39, 8.65, 7.63]",3,"[6, 4, 9, 11]",32
"[4.62, 4.22, 6.86, 6.46]",4,"[4, 4, 7, 7]",16
"[11.34, 1.41, 13.58, 3.65]",2,"[8, 0, 15, 7]",64
"[1.78, 1.27, 4.02, 3.51]",2,"[0, 0, 7, 7]",64
"[3.12, 2.3, 5.36, 4.54]",2,"[0, 0, 7, 7]",64
"[10.01, 11.75, 12.25, 13.99]",3,"[10, 8, 13, 15]",32
"[9.43, 2.2, 11.67, 4.44]",2,"[8, 0, 15, 7]",64
"[9.52, 5.09, 11.76, 7.33]",2,"[8, 4, 15, 11]",64
"[10.33, 11.14, 12.57, 13.38]",3,"[10, 8, 13, 15]",32
"[5.49, 8.14, 7.73, 10.38]",2,"[4, 8, 11, 15]",64
"[10.61, 9.5, 12.85, 11.74]",3,"[10, 8, 13, 15]",32
"[0.74, 7.87, 2.98, 10.11]",3,"[0, 4, 3, 11]",32
"[11.14, 5.47, 13.38, 7.71]",2,"[8, 4, 15, 11]",64
"[4.45, 8.38, 6.69, 10.62]",4,"[4, 8, 7, 11]",16
"[0.89, 1.23, 3.13, 3.47]",2,"[0, 0, 7, 7]",64
"[11.76, 0.15, 14.0, 2.39]",2,"[8, 0, 15, 7]",64
"[10.61, 4.82, 12.85, 7.06]",3,"[10, 4, 13, 11]",32
"[6.53, 5.18, 8.77, 7.42]",3,"[6, 4, 9, 11]",32
"[3.44, 7.62, 5.68, 9.86]",2,"[0, 4, 7, 11]",64
"[12.02, 10.53, 14.26, 12.77]",4,"[12, 10, 15, 13]",16
"[2.6, 1.21, 4.84, 3.45]",3,"[2, 0, 5, 7]",32
"[0.71, 3.06, 2.95, 5.3]",3,"[0, 0, 3, 7]",32
"[4.31, 1.37, 6.55, 3.61]",3,"[4, 0, 7, 7]",32
"[3.14, 11.95, 5.38, 14.19]",2,"[0, 8, 7, 15]",64
"[0.82, 0.25, 3.06, 2.49]",2,"[0, 0, 7, 7]",64
"[8.32, 4.48, 10.56, 6.72]",4,"[8, 4, 11, 7]",16
"[2.48, 4.98, 4.72, 7.22]",3,"[2, 4, 5, 11]",32
"[0.43, 6.29, 2.67, 8.53]",4,"[0, 6, 3, 9]",16
"[9.22, 4.65, 11.46, 6.89]",2,"[8, 0, 15, 7]",64
"[4.06, 7.35, 6.3, 9.59]",3,"[4, 4, 7, 11]",32
"[12.32, 9.54, 14.56, 11.78]",3,"[12, 8, 15, 15]",32
"[5.09, 11.13, 7.33, 13.37]",2,"[4, 8, 11, 15]",64
"[0.58, 6.66, 2.82, 8.9]",4,"[0, 6, 3, 9]",16
"[4.86, 7.98, 7.1, 10.22]",2,"[4, 4, 11, 11]",64
"[5.69, 0.17, 7.93, 2.41]",2,"[4, 0, 11, 7]",64
"[1.02, 3.16, 3.26, 5.4]",2,"[0, 0, 7, 7]",64
"[1.79, 0.31, 4.03, 2.55]",2,"[0, 0, 7, 7]",64
"[7.16, 7.39, 9.4, 9.63]",2,"[4, 4, 11, 11]",64
"[0.94, 10.87, 3.18, 13.11]",2,"[0, 8, 7, 15]",64
"[3.61, 9.53, 5.85, 11.77]",2,"[0, 8, 7, 15]",64
"[9.28, 5.3, 11.52, 7.54]",2,"[8, 4, 15, 11]",64
"[6.51, 7.1, 8.75, 9.34]",3,"[6, 4, 9, 11]",32
"[10.56, 12.72, 12.8, 14.96]",4,"[10, 12, 13, 15]",16
"[11.9, 9.19, 14.14, 11.43]",2,"[8, 8, 15, 15]",64
"[11.93, 2.69, 14.17, 4.93]",2,"[8, 0, 15, 7]",64
"[3.72, 9.25, 5.96, 11.49]",2,"[0, 8, 7, 15]",64
"[4.58, 7.57, 6.82, 9.81]",3,"[4, 4, 7, 11]",32
"[10.04, 5.02, 12.28, 7.26]",3,"[10, 4, 13, 11]",32
"[3.79, 7.31, 6.03, 9.55]",2,"[0, 4, 7, 11]",64
"[1.77, 9.29, 4.01, 11.53]",2,"[0, 8, 7, 15]",64
"[10.07, 4.93, 12.31, 7.17]",3,"[10, 4, 13, 11]",32
"[5.2, 7.48, 7.44, 9.72]",2,"[4, 4, 11, 11]",64
"[7.03, 0.92, 9.27, 3.16]",2,"[4, 0, 11, 7]",64
"[10.99, 2.86, 13.23, 5.1]",2,"[8, 0, 15, 7]",64
"[9.58, 12.47, 11.82, 14.71]",2,"[8, 8, 15, 15]",64
"[7.08, 2.1, 9.32, 4.34]",2,"[4, 0, 11, 7]",64
"[7.42, 3.51, 9.66, 5.75]",2,"[4, 0, 11, 7]",64
"[7.04, 9.76, 9.28, 12.0]",2,"[4, 8, 11, 15]",64
"[9.49, 3.47, 11.73, 5.71]",2,"[8, 0, 15, 7]",64
"[7.65, 2.46, 9.89, 4.7]",2,"[4, 0, 11, 7]",64
"[6.69, 9.08, 8.93, 11.32]",3,"[6, 8, 9, 15]",32
"[5.0, 2.95, 7.24, 5.19]",2,"[4, 0, 11, 7]",64
"[10.57, 7.64, 12.81, 9.88]",3,"[10, 4, 13, 11]",32
"[11.11, 5.69, 13.35, 7.93]",2,"[8, 4, 15, 11]",64
"[2.61, 0.1, 4.85, 2.34]",4,"[2, 0, 5, 3]",16
"[7.65, 1.66, 9.89, 3.9]",2,"[4, 0, 11, 7]",64
"[0.23, 1.39, 2.47, 3.63]",3,"[0, 0, 3, 7]",32
"[11.09, 3.54, 13.33, 5.78]",2,"[8, 0, 15, 7]",64
"[7.55, 5.96, 9.79, 8.2]",2,"[4, 4, 11, 11]",64
"[6.59, 10.02, 8.83, 12.26]",4,"[6, 10, 9, 13]",16
"[5.28, 2.22, 7.52, 4.46]",2,"[4, 0, 11, 7]",64
"[7.5, 10.43, 9.74, 12.67]",2,"[4, 8, 11, 15]",64
"[2.85, 1.0, 5.09, 3.24]",2,"[0, 0, 7, 7]",64
"[4.06, 5.25, 6.3, 7.49]",3,"[4, 4, 7, 11]",32
"[7.63, 0.14, 9.87, 2.38]",2,"[4, 0, 11, 7]",64
"[7.9, 12.72, 10.14, 14.96]",2,"[4, 8, 11, 15]",64
"[6.64, 6.5, 8.88, 8.74]",4,"[6, 6, 9, 9]",16
"[1.48, 2.99, 3.72, 5.23]",2,"[0, 0, 7, 7]",64
"[2.08, 11.67, 4.32, 13.91]",3,"[2, 8, 5, 15]",32
"[10.36, 4.46, 12.6, 6.7]",4,"[10, 4, 13, 7]",16
"[8.4, 8.75, 10.64, 10.99]",4,"[8, 8, 11, 11]",16
"[2.68, 4.43, 4.92, 6.67]",4,"[2, 4, 5, 7]",16
"[12.74, 0.85, 14.98, 3.09]",3,"[12, 0, 15, 7]",32
"[2.62, 6.95, 4.86, 9.19]",3,"[2, 4, 5, 11]",32
"[8.82, 9.64, 11.06, 11.88]",2,"[8, 8, 15, 15]",64
"[8.72, 10.04, 10.96, 12.28]",4,"[8, 10, 11, 13]",16
"[8.44, 4.37, 10.68, 6.61]",4,"[8, 4, 11, 7]",16
"[6.05, 11.3, 8.29, 13.54]",3,"[6, 8, 9, 15]",32
"[8.58, 8.64, 10.82, 10.88]",4,"[8, 8, 11, 11]",16
"[8.12, 9.58, 10.36, 11.82]",3,"[8, 8, 11, 15]",32
"[4.5, 6.58, 6.74, 8.82]",4,"[4, 6, 7, 9]",16
"[10.84, 12.57, 13.08, 14.81]",2,"[8, 8, 15, 15]",64
"[9.66, 0.57, 11.9, 2.81]",2,"[8, 0, 15, 7]",64
"[6.13, 3.18, 8.37, 5.42]",3,"[6, 0, 9, 7]",32
"[7.39, 4.51, 9.63, 6.75]",2,"[4, 0, 11, 7]",64
"[6.96, 11.83, 9.2, 14.07]",2,"[4, 8, 11, 15]",64
"[7.44, 5.35, 9.68, 7.59]",2,"[4, 4, 11, 11]",64
"[2.17, 1.5, 4.41, 3.74]",3,"[2, 0, 5, 7]",32
"[2.23, 5.65, 4.47, 7.89]",3,"[2, 4, 5, 11]",32
"[6.48, 5.91, 8.72, 8.15]",3,"[6, 4, 9, 11]",32
"[0.67, 4.84, 2.91, 7.08]",3,"[0, 4, 3, 11]",32
"[6.8, 12.09, 9.04, 14.33]",2,"[4, 8, 11, 15]",64
"[7.03, 10.71, 9.27, 12.95]",2,"[4, 8, 11, 15]",64
"[12.14, 9.99, 14.38, 12.23]",3,"[12, 8, 15, 15]",32
"[1.99, 5.37, 4.23, 7.61]",2,"[0, 4, 7, 11]",64
"[1.16, 1.56, 3.4, 3.8]",2,"[0, 0, 7, 7]",64
"[8.24, 6.3, 10.48, 8.54]",4,"[8, 6, 11, 9]",16
"[2.38, 1.16, 4.62, 3.4]",3,"[2, 0, 5, 7]",32
"[10.15, 3.32, 12.39, 5.56]",3,"[10, 0, 13, 7]",32
"[10.97, 4.76, 13.21, 7.0]",2,"[8, 0, 15, 7]",64
"[7.51, 11.94, 9.75, 14.18]",2,"[4, 8, 11, 15]",64
"[3.17, 2.2, 5.41, 4.44]",2,"[0, 0, 7, 7]",64
"[6.67, 11.68, 8.91, 13.92]",3,"[6, 8, 9, 15]",32
"[1.11, 6.47, 3.35, 8.71]",2,"[0, 4, 7, 11]",64
"[6.41, 5.83, 8.65, 8.07]",3,"[6, 4, 9, 11]",32
"[8.11, 2.54, 10.35, 4.78]",4,"[8, 2, 11, 5]",16
"[3.01, 2.85, 5.25, 5.09]",2,"[0, 0, 7, 7]",64
"[6.8, 2.99, 9.04, 5.23]",2,"[4, 0, 11, 7]",64
"[3.49, 2.54, 5.73, 4.78]",2,"[0, 0, 7, 7]",64
"[12.27, 4.97, 14.51, 7.21]",3,"[12, 4, 15, 11]",32
"[11.73, 5.81, 13.97, 8.05]",2,"[8, 4, 15, 11]",64
"[1.12, 3.27, 3.36, 5.51]",2,"[0, 0, 7, 7]",64
"[4.5, 11.92, 6.74, 14.16]",3,"[4, 8, 7, 15]",32
"[5.29, 12.52, 7.53, 14.76]",2,"[4, 8, 11, 15]",64
"[9.38, 2.83, 11.62, 5.07]",2,"[8, 0, 15, 7]",64
"[12.1, 12.33, 14.34, 14.57]",4,"[12, 12, 15, 15]",16
"[11.7, 7.89, 13.94, 10.13]",2,"[8, 4, 15, 11]",64
"[8.92, 3.5, 11.16, 5.74]",2,"[8, 0, 15, 7]",64
"[12.22, 7.74, 14.46, 9.98]",3,"[12, 4, 15, 11]",32
"[2.77, 5.29, 5.01, 7.53]",2,"[0, 4, 7, 11]",64
"[8.26, 0.28, 10.5, 2.52]",4,"[8, 0, 11, 3]",16
"[1.91, 0.43, 4.15, 2.67]",2,"[0, 0, 7, 7]",64
"[5.93, 10.21, 8.17, 12.45]",2,"[4, 8, 11, 15]",64
"[4.22, 10.99, 6.46, 13.23]",3,"[4, 8, 7, 15]",32
"[5.4, 0.87, 7.64, 3.11]",2,"[4, 0, 11, 7]",64
"[10.43, 0.63, 12.67, 2.87]",4,"[10, 0, 13, 3]",16
"[7.01, 7.38, 9.25, 9.62]",2,"[4, 4, 11, 11]",64
"[12.49, 1.41, 14.73, 3.65]",3,"[12, 0, 15, 7]",32
"[11.29, 0.47, 13.53, 2.71]",2,"[8, 0, 15, 7]",64
"[0.72, 5.74, 2.96, 7.98]",3,"[0, 4, 3, 11]",32
"[2.08, 0.46, 4.32, 2.7]",4,"[2, 0, 5, 3]",16
"[1.32, 10.16, 3.56, 12.4]",2,"[0, 8, 7, 15]",64
"[3.03, 1.0, 5.27, 3.24]",2,"[0, 0, 7, 7]",64
"[9.87, 3.54, 12.11, 5.78]",2,"[8, 0, 15, 7]",64
"[2.2, 8.58, 4.44, 10.82]",4,"[2, 8, 5, 11]",16
"[10.27, 8.33, 12.51, 10.57]",4,"[10, 8, 13, 11]",16
"[9.51, 5.91, 11.75, 8.15]",2,"[8, 4, 15, 11]",64
"[11.03, 9.12, 13.27, 11.36]",2,"[8, 8, 15, 15]",64
"[10.18, 1.03, 12.42, 3.27]",3,"[10, 0, 13, 7]",32
"[9.64, 0.57, 11.88, 2.81]",2,"[8, 0, 15, 7]",64
"[10.31, 5.39, 12.55, 7.63]",3,"[10, 4, 13, 11]",32
"[11.27, 5.67, 13.51, 7.91]",2,"[8, 4, 15, 11]",64
"[6.7, 12.35, 8.94, 14.59]",4,"[6, 12, 9, 15]",16
"[2.38, 0.28, 4.62, 2.52]",4,"[2, 0, 5, 3]",16
"[5.8, 1.56, 8.04, 3.8]",2,"[4, 0, 11, 7]",64
"[5.11, 8.25, 7.35, 10.49]",2,"[4, 8, 11, 15]",64
"[2.14, 1.79, 4.38, 4.03]",3,"[2, 0, 5, 7]",32
"[6.67, 3.22, 8.91, 5.46]",3,"[6, 0, 9, 7]",32
"[11.4, 11.72, 13.64, 13.96]",2,"[8, 8, 15, 15]",64
"[1.74, 11.29, 3.98, 13.53]",2,"[0, 8, 7, 15]",64
"[11.51, 2.91, 13.75, 5.15]",2,"[8, 0, 15, 7]",64
"[11.34, 9.79, 13.58, 12.03]",2,"[8, 8, 15, 15]",64
"[6.43, 0.86, 8.67, 3.1]",3,"[6, 0, 9, 7]",32
"[2.67, 0.18, 4.91, 2.42]",4,"[2, 0, 5, 3]",16
"[6.54, 3.81, 8.78, 6.05]",3,"[6, 0, 9, 7]",32
"[1.03, 7.16, 3.27, 9.4]",2,"[0, 4, 7, 11]",64
"[10.5, 9.11, 12.74, 11.35]",3,"[10, 8, 13, 15]",32
"[11.5, 0.3, 13.74, 2.54]",2,"[8, 0, 15, 7]",64
"[12.23, 3.8, 14.47, 6.04]",3,"[12, 0, 15, 7]",32
"[12.21, 8.89, 14.45, 11.13]",3,"[12, 8, 15, 15]",32
"[7.84, 9.41, 10.08, 11.65]",2,"[4, 8, 11, 15]",64
"[5.13, 0.44, 7.37, 2.68]",2,"[4, 0, 11, 7]",64
"[5.11, 0.22, 7.35, 2.46]",2,"[4, 0, 11, 7]",64
"[1.45, 11.01, 3.69, 13.25]",2,"[0, 8, 7, 15]",64
"[6.81, 4.47, 9.05, 6.71]",2,"[4, 0, 11, 7]",64
"[3.78, 1.72, 6.02, 3.96]",2,"[0, 0, 7, 7]",64
"[3.75, 2.65, 5.99, 4.89]",2,"[0, 0, 7, 7]",64
"[4.28, 11.32, 6.52, 13.56]",3,"[4, 8, 7, 15]",32
"[9.56, 4.42, 11.8, 6.66]",2,"[8, 0, 15, 7]",64
"[11.48, 5.52, 13.72, 7.76]",2,"[8, 4, 15, 11]",64
"[11.21, 3.39, 13.45, 5.63]",2,"[8, 0, 15, 7]",64
"[7.7, 3.62, 9.94, 5.86]",2,"[4, 0, 11, 7]",64
"[7.56, 0.98, 9.8, 3.22]",2,"[4, 0, 11, 7]",64
"[7.71, 9.31, 9.95, 11.55]",2,"[4, 8, 11, 15]",64
"[8.84, 7.01, 11.08, 9.25]",2,"[8, 4, 15, 11]",64
"[11.62, 7.85, 13.86, 10.09]",2,"[8, 4, 15, 11]",64
"[0.92, 9.02, 3.16, 11.26]",2,"[0, 8, 7, 15]",64
"[9.44, 4.95, 11.68, 7.19]",2,"[8, 4, 15, 11]",64
"[9.9, 0.34, 12.14, 2.58]",2,"[8, 0, 15, 7]",64
"[7.11, 12.2, 9.35, 14.44]",2,"[4, 8, 11, 15]",64
"[12.33, 10.02, 14.57, 12.26]",4,"[12, 10, 15, 13]",16
"[8.99, 8.79, 11.23, 11.03]",2,"[8, 8, 15, 15]",64
"[5.69, 1.57, 7.93, 3.81]",2,"[4, 0, 11, 7]",64
"[1.23, 6.91, 3.47, 9.15]",2,"[0, 4, 7, 11]",64
"[1.82, 3.55, 4.06, 5.79]",2,"[0, 0, 7, 7]",64
"[11.2, 11.44, 13.44, 13.68]",2,"[8, 8, 15, 15]",64
"[12.45, 2.7, 14.69, 4.94]",4,"[12, 2, 15, 5]",16
"[7.32, 12.65, 9.56, 14.89]",2,"[4, 8, 11, 15]",64
"[10.52, 2.56, 12.76, 4.8]",4,"[10, 2, 13, 5]",16
"[12.7, 4.36, 14.94, 6.6]",4,"[12, 4, 15, 7]",16
"[8.19, 11.04, 10.43, 13.28]",3,"[8, 8, 11, 15]",32
"[11.59, 0.93, 13.83, 3.17]",2,"[8, 0, 15, 7]",64
"[10.07, 4.66, 12.31, 6.9]",4,"[10, 4, 13, 7]",16
"[5.51, 11.85, 7.75, 14.09]",2,"[4, 8, 11, 15]",64
"[0.42, 10.0, 2.66, 12.24]",4,"[0, 10, 3, 13]",16
"[12.67, 0.68, 14.91, 2.92]",4,"[12, 0, 15, 3]",16
"[7.05, 6.23, 9.29, 8.47]",2,"[4, 4, 11, 11]",64
"[9.02, 8.56, 11.26, 10.8]",2,"[8, 8, 15, 15]",64
"[12.7, 2.41, 14.94, 4.65]",4,"[12, 2, 15, 5]",16
"[9.09, 0.65, 11.33, 2.89]",2,"[8, 0, 15, 7]",64
"[7.55, 4.68, 9.79, 6.92]",2,"[4, 0, 11, 7]",64
"[2.81, 10.26, 5.05, 12.5]",2,"[0, 8, 7, 15]",64
"[7.75, 2.63, 9.99, 4.87]",2,"[4, 0, 11, 7]",64
"[4.6, 7.79, 6.84, 10.03]",3,"[4, 4, 7, 11]",32
"[0.4, 4.47, 2.64, 6.71]",4,"[0, 4, 3, 7]",16
"[6.1, 6.36, 8.34, 8.6]",4,"[6, 6, 9, 9]",16
"[5.76, 12.15, 8.0, 14.39]",2,"[4, 8, 11, 15]",64
"[7.91, 7.77, 10.15, 10.01]",2,"[4, 4, 11, 11]",64
"[9.55, 11.23, 11.79, 13.47]",2,"[8, 8, 15, 15]",64
"[6.64, 10.32, 8.88, 12.56]",4,"[6, 10, 9, 13]",16
"[5.84, 3.55, 8.08, 5.79]",2,"[4, 0, 11, 7]",64
"[11.74, 4.85, 13.98, 7.09]",2,"[8, 4, 15, 11]",64
"[6.96, 1.84, 9.2, 4.08]",2,"[4, 0, 11, 7]",64
"[4.03, 1.2, 6.27, 3.44]",3,"[4, 0, 7, 7]",32
"[2.01, 8.98, 4.25, 11.22]",3,"[2, 8, 5, 15]",32
"[0.14, 1.34, 2.38, 3.58]",3,"[0, 0, 3, 7]",32
"[12.15, 1.76, 14.39, 4.0]",3,"[12, 0, 15, 7]",32
"[11.33, 8.89, 13.57, 11.13]",2,"[8, 8, 15, 15]",64
"[7.58, 8.68, 9.82, 10.92]",2,"[4, 8, 11, 15]",64
"[6.78, 3.36, 9.02, 5.6]",2,"[4, 0, 11, 7]",64
"[1.7, 0.19, 3.94, 2.43]",2,"[0, 0, 7, 7]",64
"[11.92, 2.1, 14.16, 4.34]",2,"[8, 0, 15, 7]",64
"[10.56, 7.24, 12.8, 9.48]",3,"[10, 4, 13, 11]",32
"[0.68, 5.86, 2.92, 8.1]",3,"[0, 4, 3, 11]",32
"[12.53, 11.07, 14.77, 13.31]",3,"[12, 8, 15, 15]",32
"[2.21, 7.79, 4.45, 10.03]",3,"[2, 4, 5, 11]",32
"[3.11, 11.76, 5.35, 14.0]",2,"[0, 8, 7, 15]",64
"[2.97, 0.9, 5.21, 3.14]",2,"[0, 0, 7, 7]",64
"[0.82, 4.07, 3.06, 6.31]",2,"[0, 0, 7, 7]",64
"[0.96, 5.26, 3.2, 7.5]",2,"[0, 4, 7, 11]",64
"[5.76, 7.93, 8.0, 10.17]",2,"[4, 4, 11, 11]",64
"[3.95, 10.3, 6.19, 12.54]",2,"[0, 8, 7, 15]",64
"[4.13, 11.54, 6.37, 13.78]",3,"[4, 8, 7, 15]",32
"[7.6, 5.27, 9.84, 7.51]",2,"[4, 4, 11, 11]",64
"[2.99, 8.95, 5.23, 11.19]",2,"[0, 8, 7, 15]",64
"[7.04, 0.37, 9.28, 2.61]",2,"[4, 0, 11, 7]",64
"[1.59, 2.99, 3.83, 5.23]",2,"[0, 0, 7, 7]",64
"[2.16, 2.2, 4.4, 4.44]",4,"[2, 2, 5, 5]",16
"[5.68, 11.75, 7.92, 13.99]",2,"[4, 8, 11, 15]",64
"[9.79, 10.93, 12.03, 13.17]",2,"[8, 8, 15, 15]",64
"[6.44, 1.78, 8.68, 4.02]",3,"[6, 0, 9, 7]",32
"[11.93, 7.97, 14.17, 10.21]",2,"[8, 4, 15, 11]",64
"[3.52, 10.24, 5.76, 12.48]",2,"[0, 8, 7, 15]",64
"[9.66, 0.33, 11.9, 2.57]",2,"[8, 0, 15, 7]",64
"[0.77, 3.39, 3.01, 5.63]",2,"[0, 0, 7, 7]",64
"[3.56, 0.04, 5.8, 2.28]",2,"[0, 0, 7, 7]",64
"[5.97, 7.82, 8.21, 10.06]",2,"[4, 4, 11, 11]",64
"[9.63, 0.45, 11.87, 2.69]",2,"[8, 0, 15, 7]",64
"[2.96, 12.07, 5.2, 14.31]",2,"[0, 8, 7, 15]",64
"[3.78, 2.07, 6.02, 4.31]",2,"[0, 0, 7, 7]",64
"[9.62, 9.29, 11.86, 11.53]",2,"[8, 8, 15, 15]",64
"[0.46, 8.38, 2.7, 10.62]",4,"[0, 8, 3, 11]",16
"[4.06, 10.05, 6.3, 12.29]",4,"[4, 10, 7, 13]",16
"[4.21, 12.5, 6.45, 14.74]",4,"[4, 12, 7, 15]",16
"[4.53, 3.18, 6.77, 5.42]",3,"[4, 0, 7, 7]",32
"[12.33, 4.79, 14.57, 7.03]",3,"[12, 4, 15, 11]",32
"[9.78, 12.05, 12.02, 14.29]",2,"[8, 8, 15, 15]",64
"[1.45, 12.53, 3.69, 14.77]",2,"[0, 8, 7, 15]",64
"[5.39, 8.17, 7.63, 10.41]",2,"[4, 8, 11, 15]",64
"[12.07, 5.89, 14.31, 8.13]",3,"[12, 4, 15, 11]",32
"[3.71, 12.67, 5.95, 14.91]",2,"[0, 8, 7, 15]",64
"[10.78, 11.12, 13.02, 13.36]",2,"[8, 8, 15, 15]",64
"[3.47, 0.8, 5.71, 3.04]",2,"[0, 0, 7, 7]",64
"[2.39, 4.41, 4.63, 6.65]",4,"[2, 4, 5, 7]",16
"[5.29, 11.87, 7.53, 14.11]",2,"[4, 8, 11, 15]",64
"[12.23, 1.46, 14.47, 3.7]",3,"[12, 0, 15, 7]",32
"[3.23, 9.66, 5.47, 11.9]",2,"[0, 8, 7, 15]",64
"[3.95, 5.15, 6.19, 7.39]",2,"[0, 4, 7, 11]",64
"[8.54, 4.04, 10.78, 6.28]",4,"[8, 4, 11, 7]",16
"[10.1, 10.99, 12.34, 13.23]",3,"[10, 8, 13, 15]",32
"[8.74, 9.48, 10.98, 11.72]",3,"[8, 8, 11, 15]",32
"[11.6, 5.75, 13.84, 7.99]",2,"[8, 4, 15, 11]",64
"[7.72, 5.59, 9.96, 7.83]",2,"[4, 4, 11, 11]",64
"[6.03, 8.09, 8.27, 10.33]",4,"[6, 8, 9, 11]",16
"[9.56, 1.74, 11.8, 3.98]",2,"[8, 0, 15, 7]",64
"[12.15, 3.29, 14.39, 5.53]",3,"[12, 0, 15, 7]",32
"[3.63, 0.85, 5.87, 3.09]",2,"[0, 0, 7, 7]",64
"[8.71, 9.32, 10.95, 11.56]",3,"[8, 8, 11, 15]",32
"[10.01, 10.55, 12.25, 12.79]",4,"[10, 10, 13, 13]",16
"[3.3, 2.83, 5.54, 5.07]",2,"[0, 0, 7, 7]",64
"[7.87, 4.83, 10.11, 7.07]",2,"[4, 4, 11, 11]",64
"[8.22, 12.29, 10.46, 14.53]",4,"[8, 12, 11, 15]",16
"[12.15, 1.07, 14.39, 3.31]",3,"[12, 0, 15, 7]",32
"[6.28, 12.3, 8.52, 14.54]",4,"[6, 12, 9, 15]",16
"[0.62, 2.78, 2.86, 5.02]",3,"[0, 0, 3, 7]",32
"[7.45, 5.04, 9.69, 7.28]",2,"[4, 4, 11, 11]",64
"[1.4, 3.01, 3.64, 5.25]",2,"[0, 0, 7, 7]",64
"[9.92, 2.48, 12.16, 4.72]",2,"[8, 0, 15, 7]",64
"[6.7, 4.62, 8.94, 6.86]",4,"[6, 4, 9, 7]",16
"[7.72, 10.08, 9.96, 12.32]",2,"[4, 8, 11, 15]",64
"[7.97, 12.26, 10.21, 14.5]",2,"[4, 8, 11, 15]",64
"[11.33, 10.83, 13.57, 13.07]",2,"[8, 8, 15, 15]",64
"[11.63, 8.29, 13.87, 10.53]",2,"[8, 8, 15, 15]",64
"[1.21, 7.24, 3.45, 9.48]",2,"[0, 4, 7, 11]",64
"[1.83, 1.43, 4.07, 3.67]",2,"[0, 0, 7, 7]",64
"[5.87, 10.1, 8.11, 12.34]",2,"[4, 8, 11, 15]",64
"[8.41, 10.28, 10.65, 12.52]",4,"[8, 10, 11, 13]",16
"[9.56, 8.81, 11.8, 11.05]",2,"[8, 8, 15, 15]",64
"[12.5, 6.09, 14.74, 8.33]",4,"[12, 6, 15, 9]",16
"[11.02, 2.84, 13.26, 5.08]",2,"[8, 0, 15, 7]",64
"[7.4, 10.51, 9.64, 12.75]",2,"[4, 8, 11, 15]",64
"[11.27, 6.11, 13.51, 8.35]",2,"[8, 4, 15, 11]",64
"[2.22, 10.21, 4.46, 12.45]",4,"[2, 10, 5, 13]",16
"[4.77, 3.71, 7.01, 5.95]",2,"[4, 0, 11, 7]",64
"[8.26, 12.23, 10.5, 14.47]",4,"[8, 12, 11, 15]",16
"[8.3, 9.89, 10.54, 12.13]",3,"[8, 8, 11, 15]",32
"[10.39, 3.87, 12.63, 6.11]",3,"[10, 0, 13, 7]",32
"[3.62, 1.3, 5.86, 3.54]",2,"[0, 0, 7, 7]",64
"[9.87, 2.55, 12.11, 4.79]",2,"[8, 0, 15, 7]",64
"[11.39, 8.64, 13.63, 10.88]",2,"[8, 8, 15, 15]",64
"[2.49, 0.07, 4.73, 2.31]",4,"[2, 0, 5, 3]",16
"[12.73, 0.8, 14.97, 3.04]",3,"[12, 0, 15, 7]",32
"[0.22, 6.84, 2.46, 9.08]",3,"[0, 4, 3, 11]",32
"[11.14, 4.81, 13.38, 7.05]",2,"[8, 4, 15, 11]",64
"[9.39, 6.71, 11.63, 8.95]",2,"[8, 4, 15, 11]",64
"[12.11, 5.55, 14.35, 7.79]",3,"[12, 4, 15, 11]",32
"[11.43, 8.07, 13.67, 10.31]",2,"[8, 8, 15, 15]",64
"[1.77, 12.61, 4.01, 14.85]",2,"[0, 8, 7, 15]",64
"[0.75, 11.04, 2.99, 13.28]",3,"[0, 8, 3, 15]",32
"[6.81, 5.45, 9.05, 7.69]",2,"[4, 4, 11, 11]",64
"[12.4, 3.74, 14.64, 5.98]",3,"[12, 0, 15, 7]",32
"[4.39, 11.8, 6.63, 14.04]",3,"[4, 8, 7, 15]",32
"[2.55, 8.56, 4.79, 10.8]",4,"[2, 8, 5, 11]",16
"[9.42, 2.17, 11.66, 4.41]",2,"[8, 0, 15, 7]",64
"[6.98, 1.5, 9.22, 3.74]",2,"[4, 0, 11, 7]",64
"[2.33, 12.39, 4.57, 14.63]",4,"[2, 12, 5, 15]",16
"[2.65, 1.66, 4.89, 3.9]",3,"[2, 0, 5, 7]",32
"[11.16, 0.55, 13.4, 2.79]",2,"[8, 0, 15, 7]",64
"[2.37, 8.79, 4.61, 11.03]",3,"[2, 8, 5, 15]",32
"[6.49, 11.41, 8.73, 13.65]",3,"[6, 8, 9, 15]",32
"[6.84, 0.44, 9.08, 2.68]",2,"[4, 0, 11, 7]",64
"[3.26, 9.18, 5.5, 11.42]",2,"[0, 8, 7, 15]",64
"[5.76, 6.42, 8.0, 8.66]",2,"[4, 4, 11, 11]",64
"[0.75, 7.92, 2.99, 10.16]",3,"[0, 4, 3, 11]",32
"[6.14, 1.49, 8.38, 3.73]",3,"[6, 0, 9, 7]",32
"[11.68, 5.13, 13.92, 7.37]",2,"[8, 4, 15, 11]",64
"[2.01, 8.31, 4.25, 10.55]",4,"[2, 8, 5, 11]",16
"[12.4, 7.72, 14.64, 9.96]",3,"[12, 4, 15, 11]",32
"[11.21, 11.25, 13.45, 13.49]",2,"[8, 8, 15, 15]",64
"[6.18, 9.78, 8.42, 12.02]",3,"[6, 8, 9, 15]",32
"[0.63, 10.79, 2.87, 13.03]",3,"[0, 8, 3, 15]",32
"[10.21, 12.3, 12.45, 14.54]",4,"[10, 12, 13, 15]",16
"[3.35, 10.5, 5.59, 12.74]",2,"[0, 8, 7, 15]",64
"[6.84, 12.38, 9.08, 14.62]",2,"[4, 8, 11, 15]",64
"[10.57, 1.23, 12.81, 3.47]",3,"[10, 0, 13, 7]",32
"[5.96, 8.42, 8.2, 10.66]",2,"[4, 8, 11, 15]",64
"[6.1, 5.87, 8.34, 8.11]",3,"[6, 4, 9, 11]",32
"[1.32, 5.21, 3.56, 7.45]",2,"[0, 4, 7, 11]",64
"[5.99, 4.46, 8.23, 6.7]",2,"[4, 0, 11, 7]",64
"[6.06, 1.06, 8.3, 3.3]",3,"[6, 0, 9, 7]",32
"[12.35, 11.58, 14.59, 13.82]",3,"[12, 8, 15, 15]",32
"[9.61, 3.22, 11.85, 5.46]",2,"[8, 0, 15, 7]",64
"[6.39, 8.78, 8.63, 11.02]",3,"[6, 8, 9, 15]",32
"[5.38, 8.8, 7.62, 11.04]",2,"[4, 8, 11, 15]",64
"[1.46, 3.89, 3.7, 6.13]",2,"[0, 0, 7, 7]",64
"[7.26, 0.11, 9.5, 2.35]",2,"[4, 0, 11, 7]",64
"[3.62, 0.08, 5.86, 2.32]",2,"[0, 0, 7, 7]",64
"[8.68, 6.38, 10.92, 8.62]",4,"[8, 6, 11, 9]",16
"[10.58, 10.17, 12.82, 12.41]",4,"[10, 10, 13, 13]",16
"[12.2, 9.94, 14.44, 12.18]",3,"[12, 8, 15, 15]",32
"[11.51, 9.66, 13.75, 11.9]",2,"[8, 8, 15, 15]",64
"[7.34, 6.44, 9.58, 8.68]",2,"[4, 4, 11, 11]",64
"[6.76, 1.87, 9.0, 4.11]",3,"[6, 0, 9, 7]",32
"[2.62, 5.31, 4.86, 7.55]",3,"[2, 4, 5, 11]",32
"[4.1, 4.22, 6.34, 6.46]",4,"[4, 4, 7, 7]",16
"[0.68, 10.96, 2.92, 13.2]",3,"[0, 8, 3, 15]",32
"[3.27, 3.03, 5.51, 5.27]",2,"[0, 0, 7, 7]",64
"[5.09, 9.86, 7.33, 12.1]",2,"[4, 8, 11, 15]",64
"[12.12, 10.35, 14.36, 12.59]",4,"[12, 10, 15, 13]",16
"[11.72, 5.32, 13.96, 7.56]",2,"[8, 4, 15, 11]",64
"[5.44, 7.37, 7.68, 9.61]",2,"[4, 4, 11, 11]",64
"[2.12, 10.92, 4.36, 13.16]",3,"[2, 8, 5, 15]",32
"[12.42, 4.92, 14.66, 7.16]",3,"[12, 4, 15, 11]",32
"[10.89, 12.4, 13.13, 14.64]",2,"[8, 8, 15, 15]",64
"[10.62, 3.19, 12.86, 5.43]",3,"[10, 0, 13, 7]",32
"[12.68, 11.3, 14.92, 13.54]",3,"[12, 8, 15, 15]",32
"[10.71, 5.97, 12.95, 8.21]",3,"[10, 4, 13, 11]",32
"[2.77, 2.44, 5.01, 4.68]",2,"[0, 0, 7, 7]",64
"[2.39, 4.68, 4.63, 6.92]",4,"[2, 4, 5, 7]",16
"[1.63, 6.81, 3.87, 9.05]",2,"[0, 4, 7, 11]",64
"[9.96, 5.71, 12.2, 7.95]",2,"[8, 4, 15, 11]",64
"[1.56, 9.77, 3.8, 12.01]",2,"[0, 8, 7, 15]",64
"[4.85, 5.79, 7.09, 8.03]",2,"[4, 4, 11, 11]",64
"[0.9, 12.0, 3.14, 14.24]",2,"[0, 8, 7, 15]",64
"[10.96, 9.38, 13.2, 11.62]",2,"[8, 8, 15, 15]",64
"[9.22, 6.79, 11.46, 9.03]",2,"[8, 4, 15, 11]",64
"[1.36, 10.4, 3.6, 12.64]",2,"[0, 8, 7, 15]",64
"[9.5, 6.78, 11.74, 9.02]",2,"[8, 4, 15, 11]",64
"[4.31, 0.11, 6.55, 2.35]",4,"[4, 0, 7, 3]",16
"[0.35, 7.57, 2.59, 9.81]",3,"[0, 4, 3, 11]",32
"[11.96, 1.65, 14.2, 3.89]",2,"[8, 0, 15, 7]",64
"[11.02, 2.49, 13.26, 4.73]",2,"[8, 0, 15, 7]",64
"[12.11, 4.3, 14.35, 6.54]",4,"[12, 4, 15, 7]",16
"[0.44, 5.36, 2.68, 7.6]",3,"[0, 4, 3, 11]",32
"[8.81, 3.66, 11.05, 5.9]",2,"[8, 0, 15, 7]",64
"[10.55, 3.51, 12.79, 5.75]",3,"[10, 0, 13, 7]",32
"[1.51, 1.34, 3.75, 3.58]",2,"[0, 0, 7, 7]",64
"[4.69, 4.51, 6.93, 6.75]",4,"[4, 4, 7, 7]",16
"[1.05, 3.46, 3.29, 5.7]",2,"[0, 0, 7, 7]",64
"[3.77, 6.69, 6.01, 8.93]",2,"[0, 4, 7, 11]",64
"[5.27, 1.53, 7.51, 3.77]",2,"[4, 0, 11, 7]",64
"[0.83, 7.56, 3.07, 9.8]",2,"[0, 4, 7, 11]",64
"[6.41, 11.04, 8.65, 13.28]",3,"[6, 8, 9, 15]",32
"[5.53, 12.56, 7.77, 14.8]",2,"[4, 8, 11, 15]",64
"[2.86, 7.93, 5.1, 10.17]",2,"[0, 4, 7, 11]",64
"[7.2, 3.81, 9.44, 6.05]",2,"[4, 0, 11, 7]",64
"[0.4, 3.99, 2.64, 6.23]",3,"[0, 0, 3, 7]",32
"[1.19, 1.27, 3.43, 3.51]",2,"[0, 0, 7, 7]",64
"[1.36, 6.53, 3.6, 8.77]",2,"[0, 4, 7, 11]",64
"[2.61, 1.68, 4.85, 3.92]",3,"[2, 0, 5, 7]",32
"[11.61, 8.52, 13.85, 10.76]",2,"[8, 8, 15, 15]",64
"[0.07, 10.5, 2.31, 12.74]",4,"[0, 10, 3, 13]",16
"[11.03, 4.35, 13.27, 6.59]",2,"[8, 0, 15, 7]",64
"[5.86, 12.04, 8.1, 14.28]",2,"[4, 8, 11, 15]",64
"[3.55, 8.91, 5.79, 11.15]",2,"[0, 8, 7, 15]",64
"[7.67, 3.8, 9.91, 6.04]",2,"[4, 0, 11, 7]",64
"[1.1, 7.96, 3.34, 10.2]",2,"[0, 4, 7, 11]",64
"[7.92, 2.29, 10.16, 4.53]",2,"[4, 0, 11, 7]",64
"[5.82, 11.93, 8.06, 14.17]",2,"[4, 8, 11, 15]",64
"[10.84, 9.31, 13.08, 11.55]",2,"[8, 8, 15, 15]",64
"[6.68, 6.66, 8.92, 8.9]",4,"[6, 6, 9, 9]",16
"[2.39, 4.34, 4.63, 6.58]",4,"[2, 4, 5, 7]",16
"[11.4, 3.16, 13.64, 5.4]",2,"[8, 0, 15, 7]",64
"[2.58, 12.71, 4.82, 14.95]",4,"[2, 12, 5, 15]",16
"[8.4, 12.01, 10.64, 14.25]",4,"[8, 12, 11, 15]",16
"[3.23, 9.74, 5.47, 11.98]",2,"[0, 8, 7, 15]",64
"[11.62, 2.14, 13.86, 4.38]",2,"[8, 0, 15, 7]",64
"[9.02, 2.82, 11.26, 5.06]",2,"[8, 0, 15, 7]",64
"[0.73, 10.11, 2.97, 12.35]",4,"[0, 10, 3, 13]",16
"[3.29, 0.81, 5.53, 3.05]",2,"[0, 0, 7, 7]",64
"[11.84, 7.44, 14.08, 9.68]",2,"[8, 4, 15, 11]",64
"[0.66, 9.5, 2.9, 11.74]",3,"[0, 8, 3, 15]",32
"[3.33, 9.21, 5.57, 11.45]",2,"[0, 8, 7, 15]",64
"[10.55, 12.04, 12.79, 14.28]",4,"[10, 12, 13, 15]",16
"[10.34, 5.81, 12.58, 8.05]",3,"[10, 4, 13, 11]",32
"[10.72, 12.11, 12.96, 14.35]",4,"[10, 12, 13, 15]",16
"[6.94, 1.37, 9.18, 3.61]",2,"[4, 0, 11, 7]",64
"[7.77, 10.78, 10.01, 13.02]",2,"[4, 8, 11, 15]",64
"[2.55, 7.85, 4.79, 10.09]",3,"[2, 4, 5, 11]",32
"[0.81, 0.28, 3.05, 2.52]",2,"[0, 0, 7, 7]",64
"[0.85, 4.74, 3.09, 6.98]",2,"[0, 0, 7, 7]",64
"[12.35, 6.18, 14.59, 8.42]",4,"[12, 6, 15, 9]",16
"[3.5, 8.45, 5.74, 10.69]",2,"[0, 8, 7, 15]",64
"[10.69, 8.66, 12.93, 10.9]",4,"[10, 8, 13, 11]",16
"[4.24, 8.84, 6.48, 11.08]",3,"[4, 8, 7, 15]",32
"[11.79, 1.51, 14.03, 3.75]",2,"[8, 0, 15, 7]",64
"[3.63, 5.73, 5.87, 7.97]",2,"[0, 4, 7, 11]",64
"[9.99, 10.66, 12.23, 12.9]",2,"[8, 8, 15, 15]",64
"[0.14, 3.92, 2.38, 6.16]",3,"[0, 0, 3, 7]",32
"[4.66, 2.21, 6.9, 4.45]",4,"[4, 2, 7, 5]",16
"[2.04, 11.74, 4.28, 13.98]",3,"[2, 8, 5, 15]",32
"[8.98, 1.9, 11.22, 4.14]",2,"[8, 0, 15, 7]",64
"[0.75, 5.63, 2.99, 7.87]",3,"[0, 4, 3, 11]",32
"[1.04, 8.91, 3.28, 11.15]",2,"[0, 8, 7, 15]",64
"[9.33, 9.62, 11.57, 11.86]",2,"[8, 8, 15, 15]",64
"[10.29, 6.01, 12.53, 8.25]",4,"[10, 6, 13, 9]",16
"[11.22, 10.86, 13.46, 13.1]",2,"[8, 8, 15, 15]",64
"[9.92, 1.62, 12.16, 3.86]",2,"[8, 0, 15, 7]",64
"[11.0, 7.35, 13.24, 9.59]",2,"[8, 4, 15, 11]",64
"[11.13, 6.84, 13.37, 9.08]",2,"[8, 4, 15, 11]",64
"[0.33, 5.04, 2.57, 7.28]",3,"[0, 4, 3, 11]",32
"[7.69, 9.62, 9.93, 11.86]",2,"[4, 8, 11, 15]",64
"[4.38, 10.95, 6.62, 13.19]",3,"[4, 8, 7, 15]",32
"[9.02, 3.52, 11.26, 5.76]",2,"[8, 0, 15, 7]",64
"[3.48, 0.13, 5.72, 2.37]",2,"[0, 0, 7, 7]",64
"[3.43, 2.33, 5.67, 4.57]",2,"[0, 0, 7, 7]",64
"[1.57, 3.55, 3.81, 5.79]",2,"[0, 0, 7, 7]",64
"[5.78, 11.72, 8.02, 13.96]",2,"[4, 8, 11, 15]",64
"[10.43, 6.77, 12.67, 9.01]",3,"[10, 4, 13, 11]",32
"[12.05, 5.72, 14.29, 7.96]",3,"[12, 4, 15, 11]",32
"[5.91, 1.27, 8.15, 3.51]",2,"[4, 0, 11, 7]",64
"[8.16, 11.49, 10.4, 13.73]",3,"[8, 8, 11, 15]",32
"[4.89, 8.66, 7.13, 10.9]",2,"[4, 8, 11, 15]",64
"[2.25, 10.64, 4.49, 12.88]",4,"[2, 10, 5, 13]",16
"[3.18, 7.02, 5.42, 9.26]",2,"[0, 4, 7, 11]",64
"[4.55, 5.41, 6.79, 7.65]",3,"[4, 4, 7, 11]",32
"[5.28, 3.17, 7.52, 5.41]",2,"[4, 0, 11, 7]",64
"[4.39, 1.95, 6.63, 4.19]",3,"[4, 0, 7, 7]",32
"[1.92, 5.01, 4.16, 7.25]",2,"[0, 4, 7, 11]",64
"[4.1, 11.9, 6.34, 14.14]",3,"[4, 8, 7, 15]",32
"[2.51, 7.4, 4.75, 9.64]",3,"[2, 4, 5, 11]",32
"[5.89, 1.61, 8.13, 3.85]",2,"[4, 0, 11, 7]",64
"[9.42, 5.86, 11.66, 8.1]",2,"[8, 4, 15, 11]",64
"[8.5, 11.27, 10.74, 13.51]",3,"[8, 8, 11, 15]",32
"[3.53, 4.28, 5.77, 6.52]",2,"[0, 0, 7, 7]",64
"[8.87, 10.13, 11.11, 12.37]",2,"[8, 8, 15, 15]",64
"[10.62, 6.82, 12.86, 9.06]",3,"[10, 4, 13, 11]",32
"[2.29, 8.94, 4.53, 11.18]",3,"[2, 8, 5, 15]",32
"[1.99, 7.7, 4.23, 9.94]",2,"[0, 4, 7, 11]",64
"[5.2, 1.24, 7.44, 3.48]",2,"[4, 0, 11, 7]",64
"[8.6, 1.58, 10.84, 3.82]",3,"[8, 0, 11, 7]",32
"[8.1, 6.17, 10.34, 8.41]",4,"[8, 6, 11, 9]",16
"[3.47, 9.02, 5.71, 11.26]",2,"[0, 8, 7, 15]",64
"[2.92, 6.77, 5.16, 9.01]",2,"[0, 4, 7, 11]",64
"[2.06, 3.25, 4.3, 5.49]",3,"[2, 0, 5, 7]",32
"[11.32, 2.39, 13.56, 4.63]",2,"[8, 0, 15, 7]",64
"[2.31, 8.38, 4.55, 10.62]",4,"[2, 8, 5, 11]",16
"[6.22, 7.93, 8.46, 10.17]",3,"[6, 4, 9, 11]",32
"[6.06, 3.09, 8.3, 5.33]",3,"[6, 0, 9, 7]",32
"[7.85, 0.74, 10.09, 2.98]",2,"[4, 0, 11, 7]",64
"[0.92, 2.34, 3.16, 4.58]",2,"[0, 0, 7, 7]",64
"[3.68, 12.25, 5.92, 14.49]",2,"[0, 8, 7, 15]",64
"[12.12, 10.67, 14.36, 12.91]",4,"[12, 10, 15, 13]",16
"[6.64, 9.41, 8.88, 11.65]",3,"[6, 8, 9, 15]",32
"[9.94, 4.09, 12.18, 6.33]",2,"[8, 0, 15, 7]",64
"[10.54, 0.02, 12.78, 2.26]",4,"[10, 0, 13, 3]",16
"[4.57, 0.96, 6.81, 3.2]",3,"[4, 0, 7, 7]",32
"[8.59, 9.81, 10.83, 12.05]",3,"[8, 8, 11, 15]",32
"[3.94, 2.49, 6.18, 4.73]",2,"[0, 0, 7, 7]",64
"[7.14, 9.26, 9.38, 11.5]",2,"[4, 8, 11, 15]",64
"[6.47, 6.88, 8.71, 9.12]",3,"[6, 4, 9, 11]",32
"[4.35, 12.13, 6.59, 14.37]",4,"[4, 12, 7, 15]",16
"[11.56, 0.69, 13.8, 2.93]",2,"[8, 0, 15, 7]",64
"[5.27, 1.41, 7.51, 3.65]",2,"[4, 0, 11, 7]",64
"[3.2, 1.96, 5.44, 4.2]",2,"[0, 0, 7, 7]",64
"[0.83, 3.04, 3.07, 5.28]",2,"[0, 0, 7, 7]",64
"[7.07, 6.76, 9.31, 9.0]",2,"[4, 4, 11, 11]",64
"[10.76, 12.1, 13.0, 14.34]",4,"[10, 12, 13, 15]",16
"[9.22, 1.51, 11.46, 3.75]",2,"[8, 0, 15, 7]",64
"[7.94, 1.18, 10.18, 3.42]",2,"[4, 0, 11, 7]",64
"[6.73, 2.43, 8.97, 4.67]",4,"[6, 2, 9, 5]",16
"[3.22, 6.54, 5.46, 8.78]",2,"[0, 4, 7, 11]",64
"[1.88, 11.1, 4.12, 13.34]",2,"[0, 8, 7, 15]",64
"[3.56, 11.8, 5.8, 14.04]",2,"[0, 8, 7, 15]",64
"[7.39, 11.43, 9.63, 13.67]",2,"[4, 8, 11, 15]",64
"[2.93, 2.42, 5.17, 4.66]",2,"[0, 0, 7, 7]",64
"[8.11, 6.53, 10.35, 8.77]",4,"[8, 6, 11, 9]",16
"[7.26, 8.64, 9.5, 10.88]",2,"[4, 8, 11, 15]",64
"[7.26, 12.39, 9.5, 14.63]",2,"[4, 8, 11, 15]",64
"[6.59, 5.29, 8.83, 7.53]",3,"[6, 4, 9, 11]",32
"[0.4, 2.94, 2.64, 5.18]",3,"[0, 0, 3, 7]",32
"[1.56, 9.51, 3.8, 11.75]",2,"[0, 8, 7, 15]",64
"[4.39, 4.72, 6.63, 6.96]",4,"[4, 4, 7, 7]",16
"[4.7, 10.3, 6.94, 12.54]",4,"[4, 10, 7, 13]",16
"[9.52, 4.86, 11.76, 7.1]",2,"[8, 4, 15, 11]",64
"[0.35, 1.57, 2.59, 3.81]",3,"[0, 0, 3, 7]",32
"[4.43, 6.21, 6.67, 8.45]",4,"[4, 6, 7, 9]",16
"[0.14, 6.71, 2.38, 8.95]",4,"[0, 6, 3, 9]",16
"[9.58, 3.7, 11.82, 5.94]",2,"[8, 0, 15, 7]",64
"[11.69, 8.95, 13.93, 11.19]",2,"[8, 8, 15, 15]",64
"[11.23, 10.66, 13.47, 12.9]",2,"[8, 8, 15, 15]",64
"[10.35, 11.81, 12.59, 14.05]",3,"[10, 8, 13, 15]",32
"[3.15, 5.29, 5.39, 7.53]",2,"[0, 4, 7, 11]",64
"[11.91, 0.39, 14.15, 2.63]",2,"[8, 0, 15, 7]",64
"[9.84, 2.35, 12.08, 4.59]",2,"[8, 0, 15, 7]",64
"[9.66, 3.82, 11.9, 6.06]",2,"[8, 0, 15, 7]",64
"[6.36, 12.51, 8.6, 14.75]",4,"[6, 12, 9, 15]",16
"[3.69, 7.15, 5.93, 9.39]",2,"[0, 4, 7, 11]",64
"[4.82, 8.81, 7.06, 11.05]",2,"[4, 8, 11, 15]",64
"[12.34, 4.73, 14.58, 6.97]",4,"[12, 4, 15, 7]",16
"[5.39, 6.48, 7.63, 8.72]",2,"[4, 4, 11, 11]",64
"[4.63, 6.67, 6.87, 8.91]",4,"[4, 6, 7, 9]",16
"[2.34, 8.42, 4.58, 10.66]",4,"[2, 8, 5, 11]",16
"[1.69, 4.05, 3.93, 6.29]",2,"[0, 0, 7, 7]",64
"[5.46, 4.46, 7.7, 6.7]",2,"[4, 0, 11, 7]",64
"[8.1, 9.64, 10.34, 11.88]",3,"[8, 8, 11, 15]",32
"[10.58, 10.75, 12.82, 12.99]",4,"[10, 10, 13, 13]",16
"[4.59, 4.56, 6.83, 6.8]",4,"[4, 4, 7, 7]",16
"[3.67, 5.24, 5.91, 7.48]",2,"[0, 4, 7, 11]",64
"[9.55, 9.47, 11.79, 11.71]",2,"[8, 8, 15, 15]",64
"[0.68, 11.21, 2.92, 13.45]",3,"[0, 8, 3, 15]",32
"[4.78, 9.33, 7.02, 11.57]",2,"[4, 8, 11, 15]",64
"[3.05, 9.46, 5.29, 11.7]",2,"[0, 8, 7, 15]",64
"[3.87, 9.9, 6.11, 12.14]",2,"[0, 8, 7, 15]",64
"[3.63, 8.93, 5.87, 11.17]",2,"[0, 8, 7, 15]",64
"[4.46, 11.1, 6.7, 13.34]",3,"[4, 8, 7, 15]",32
"[4.14, 9.14, 6.38, 11.38]",3,"[4, 8, 7, 15]",32
"[3.8, 0.68, 6.04, 2.92]",2,"[0, 0, 7, 7]",64
"[0.82, 9.35, 3.06, 11.59]",2,"[0, 8, 7, 15]",64
"[4.98, 5.73, 7.22, 7.97]",2,"[4, 4, 11, 11]",64
"[12.16, 9.44, 14.4, 11.68]",3,"[12, 8, 15, 15]",32
"[3.53, 2.07, 5.77, 4.31]",2,"[0, 0, 7, 7]",64
"[4.62, 4.94, 6.86, 7.18]",3,"[4, 4, 7, 11]",32
"[10.48, 2.64, 12.72, 4.88]",4,"[10, 2, 13, 5]",16
"[10.44, 5.98, 12.68, 8.22]",3,"[10, 4, 13, 11]",32
"[0.14, 2.93, 2.38, 5.17]",3,"[0, 0, 3, 7]",32
"[2.48, 8.99, 4.72, 11.23]",3,"[2, 8, 5, 15]",32
"[2.79, 1.76, 5.03, 4.0]",2,"[0, 0, 7, 7]",64
"[12.66, 10.59, 14.9, 12.83]",4,"[12, 10, 15, 13]",16
"[8.66, 4.6, 10.9, 6.84]",4,"[8, 4, 11, 7]",16
"[3.45, 0.33, 5.69, 2.57]",2,"[0, 0, 7, 7]",64
"[6.2, 5.01, 8.44, 7.25]",3,"[6, 4, 9, 11]",32
"[3.23, 10.1, 5.47, 12.34]",2,"[0, 8, 7, 15]",64
"[1.21, 3.76, 3.45, 6.0]",2,"[0, 0, 7, 7]",64
"[7.84, 8.44, 10.08, 10.68]",2,"[4, 8, 11, 15]",64
"[9.78, 2.73, 12.02, 4.97]",2,"[8, 0, 15, 7]",64
"[12.04, 2.92, 14.28, 5.16]",3,"[12, 0, 15, 7]",32
"[4.94, 6.96, 7.18, 9.2]",2,"[4, 4, 11, 11]",64
"[12.25, 6.47, 14.49, 8.71]",4,"[12, 6, 15, 9]",16
"[2.08, 4.21, 4.32, 6.45]",4,"[2, 4, 5, 7]",16
"[9.57, 0.2, 11.81, 2.44]",2,"[8, 0, 15, 7]",64
"[3.75, 0.67, 5.99, 2.91]",2,"[0, 0, 7, 7]",64
"[9.67, 3.03, 11.91, 5.27]",2,"[8, 0, 15, 7]",64
"[3.77, 11.59, 6.01, 13.83]",2,"[0, 8, 7, 15]",64
"[3.11, 3.29, 5.35, 5.53]",2,"[0, 0, 7, 7]",64
"[7.33, 9.2, 9.57, 11.44]",2,"[4, 8, 11, 15]",64
"[8.23, 4.92, 10.47, 7.16]",3,"[8, 4, 11, 11]",32
"[5.75, 3.94, 7.99, 6.18]",2,"[4, 0, 11, 7]",64
"[5.74, 4.52, 7.98, 6.76]",2,"[4, 0, 11, 7]",64
"[2.29, 10.86, 4.53, 13.1]",3,"[2, 8, 5, 15]",32
"[5.21, 1.82, 7.45, 4.06]",2,"[4, 0, 11, 7]",64
"[7.56, 11.61, 9.8, 13.85]",2,"[4, 8, 11, 15]",64
"[10.33, 2.71, 12.57, 4.95]",4,"[10, 2, 13, 5]",16
"[11.9, 2.92, 14.14, 5.16]",2,"[8, 0, 15, 7]",64
"[1.76, 9.3, 4.0, 11.54]",2,"[0, 8, 7, 15]",64
"[5.35, 3.47, 7.59, 5.71]",2,"[4, 0, 11, 7]",64
"[8.39, 3.42, 10.63, 5.66]",3,"[8, 0, 11, 7]",32
"[2.07, 11.26, 4.31, 13.5]",3,"[2, 8, 5, 15]",32
"[1.46, 0.98, 3.7, 3.22]",2,"[0, 0, 7, 7]",64
"[0.6, 8.8, 2.84, 11.04]",3,"[0, 8, 3, 15]",32
"[9.48, 10.45, 11.72, 12.69]",2,"[8, 8, 15, 15]",64
"[5.94, 3.14, 8.18, 5.38]",2,"[4, 0, 11, 7]",64
"[1.58, 0.33, 3.82, 2.57]",2,"[0, 0, 7, 7]",64
"[8.06, 11.26, 10.3, 13.5]",3,"[8, 8, 11, 15]",32
"[4.83, 9.24, 7.07, 11.48]",2,"[4, 8, 11, 15]",64
"[2.6, 3.72, 4.84, 5.96]",3,"[2, 0, 5, 7]",32
"[9.64, 5.79, 11.88, 8.03]",2,"[8, 4, 15, 11]",64
"[10.16, 0.97, 12.4, 3.21]",3,"[10, 0, 13, 7]",32
"[0.92, 10.15, 3.16, 12.39]",2,"[0, 8, 7, 15]",64
"[12.23, 1.54, 14.47, 3.78]",3,"[12, 0, 15, 7]",32
"[0.7, 6.56, 2.94, 8.8]",4,"[0, 6, 3, 9]",16
"[11.01, 2.25, 13.25, 4.49]",2,"[8, 0, 15, 7]",64
"[12.38, 8.05, 14.62, 10.29]",4,"[12, 8, 15, 11]",16
"[12.03, 3.75, 14.27, 5.99]",3,"[12, 0, 15, 7]",32
"[8.35, 10.84, 10.59, 13.08]",3,"[8, 8, 11, 15]",32
"[2.92, 10.32, 5.16, 12.56]",2,"[0, 8, 7, 15]",64
"[0.74, 11.58, 2.98, 13.82]",3,"[0, 8, 3, 15]",32
"[11.84, 10.17, 14.08, 12.41]",2,"[8, 8, 15, 15]",64
"[10.44, 7.25, 12.68, 9.49]",3,"[10, 4, 13, 11]",32
"[12.66, 8.0, 14.9, 10.24]",4,"[12, 8, 15, 11]",16
"[2.21, 7.6, 4.45, 9.84]",3,"[2, 4, 5, 11]",32
"[1.55, 4.17, 3.79, 6.41]",2,"[0, 0, 7, 7]",64
"[8.67, 8.33, 10.91, 10.57]",4,"[8, 8, 11, 11]",16
"[7.74, 6.12, 9.98, 8.36]",2,"[4, 4, 11, 11]",64
"[10.82, 3.0, 13.06, 5.24]",2,"[8, 0, 15, 7]",64
"[10.02, 6.93, 12.26, 9.17]",3,"[10, 4, 13, 11]",32
"[8.05, 3.05, 10.29, 5.29]",3,"[8, 0, 11, 7]",32
"[7.28, 6.15, 9.52, 8.39]",2,"[4, 4, 11, 11]",64
"[10.18, 1.31, 12.42, 3.55]",3,"[10, 0, 13, 7]",32
"[2.74, 1.08, 4.98, 3.32]",3,"[2, 0, 5, 7]",32
"[2.96, 4.12, 5.2, 6.36]",2,"[0, 0, 7, 7]",64
"[11.57, 0.9, 13.81, 3.14]",2,"[8, 0, 15, 7]",64
"[12.46, 11.49, 14.7, 13.73]",3,"[12, 8, 15, 15]",32
"[6.49, 4.96, 8.73, 7.2]",3,"[6, 4, 9, 11]",32
"[7.96, 3.01, 10.2, 5.25]",2,"[4, 0, 11, 7]",64
"[11.93, 0.62, 14.17, 2.86]",2,"[8, 0, 15, 7]",64
"[2.76, 5.89, 5.0, 8.13]",3,"[2, 4, 5, 11]",32
"[9.7, 2.7, 11.94, 4.94]",2,"[8, 0, 15, 7]",64
"[4.48, 1.85, 6.72, 4.09]",3,"[4, 0, 7, 7]",32
"[11.51, 4.3, 13.75, 6.54]",2,"[8, 0, 15, 7]",64
"[5.85, 5.87, 8.09, 8.11]",2,"[4, 4, 11, 11]",64
"[3.62, 6.97, 5.86, 9.21]",2,"[0, 4, 7, 11]",64
"[4.64, 10.27, 6.88, 12.51]",4,"[4, 10, 7, 13]",16
"[1.03, 9.67, 3.27, 11.91]",2,"[0, 8, 7, 15]",64
"[1.28, 1.31, 3.52, 3.55]",2,"[0, 0, 7, 7]",64
"[8.21, 10.15, 10.45, 12.39]",4,"[8, 10, 11, 13]",16
"[11.96, 4.98, 14.2, 7.22]",2,"[8, 4, 15, 11]",64
"[7.7, 5.95, 9.94, 8.19]",2,"[4, 4, 11, 11]",64
"[9.96, 8.06, 12.2, 10.3]",2,"[8, 8, 15, 15]",64
"[0.42, 5.87, 2.66, 8.11]",3,"[0, 4, 3, 11]",32
"[7.0, 12.38, 9.24, 14.62]",2,"[4, 8, 11, 15]",64
"[2.85, 3.43, 5.09, 5.67]",2,"[0, 0, 7, 7]",64
"[10.19, 10.87, 12.43, 13.11]",3,"[10, 8, 13, 15]",32
"[5.33, 6.44, 7.57, 8.68]",2,"[4, 4, 11, 11]",64
"[4.05, 5.94, 6.29, 8.18]",3,"[4, 4, 7, 11]",32
"[6.02, 8.05, 8.26, 10.29]",4,"[6, 8, 9, 11]",16
"[10.07, 1.49, 12.31, 3.73]",3,"[10, 0, 13, 7]",32
"[6.18, 10.86, 8.42, 13.1]",3,"[6, 8, 9, 15]",32
"[11.29, 1.9, 13.53, 4.14]",2,"[8, 0, 15, 7]",64
"[4.77, 5.55, 7.01, 7.79]",2,"[4, 4, 11, 11]",64
"[5.29, 12.08, 7.53, 14.32]",2,"[4, 8, 11, 15]",64
"[4.98, 0.47, 7.22, 2.71]",2,"[4, 0, 11, 7]",64
"[12.31, 2.35, 14.55, 4.59]",4,"[12, 2, 15, 5]",16
"[1.03, 9.9, 3.27, 12.14]",2,"[0, 8, 7, 15]",64
"[7.31, 12.38, 9.55, 14.62]",2,"[4, 8, 11, 15]",64
"[10.08, 11.75, 12.32, 13.99]",3,"[10, 8, 13, 15]",32
"[3.6, 8.67, 5.84, 10.91]",2,"[0, 8, 7, 15]",64
"[3.49, 3.04, 5.73, 5.28]",2,"[0, 0, 7, 7]",64
"[12.18, 4.9, 14.42, 7.14]",3,"[12, 4, 15, 11]",32
"[8.71, 10.92, 10.95, 13.16]",3,"[8, 8, 11, 15]",32
"[8.46, 8.83, 10.7, 11.07]",3,"[8, 8, 11, 15]",32
"[6.79, 8.54, 9.03, 10.78]",2,"[4, 8, 11, 15]",64
"[3.08, 6.9, 5.32, 9.14]",2,"[0, 4, 7, 11]",64
"[9.55, 2.56, 11.79, 4.8]",2,"[8, 0, 15, 7]",64
"[8.1, 12.04, 10.34, 14.28]",4,"[8, 12, 11, 15]",16
"[4.6, 9.73, 6.84, 11.97]",3,"[4, 8, 7, 15]",32
"[5.69, 10.97, 7.93, 13.21]",2,"[4, 8, 11, 15]",64
"[10.94, 0.31, 13.18, 2.55]",2,"[8, 0, 15, 7]",64
"[6.72, 12.16, 8.96, 14.4]",4,"[6, 12, 9, 15]",16
"[7.49, 1.46, 9.73, 3.7]",2,"[4, 0, 11, 7]",64
"[7.36, 2.25, 9.6, 4.49]",2,"[4, 0, 11, 7]",64
"[5.08, 11.21, 7.32, 13.45]",2,"[4, 8, 11, 15]",64
"[4.39, 1.05, 6.63, 3.29]",3,"[4, 0, 7, 7]",32
"[12.18, 0.53, 14.42, 2.77]",4,"[12, 0, 15, 3]",16
"[8.74, 5.31, 10.98, 7.55]",3,"[8, 4, 11, 11]",32
"[8.1, 8.58, 10.34, 10.82]",4,"[8, 8, 11, 11]",16
"[4.03, 8.1, 6.27, 10.34]",4,"[4, 8, 7, 11]",16
"[4.09, 10.68, 6.33, 12.92]",4,"[4, 10, 7, 13]",16
"[1.92, 1.16, 4.16, 3.4]",2,"[0, 0, 7, 7]",64
"[10.38, 2.32, 12.62, 4.56]",4,"[10, 2, 13, 5]",16
"[4.49, 1.4, 6.73, 3.64]",3,"[4, 0, 7, 7]",32
"[11.78, 1.17, 14.02, 3.41]",2,"[8, 0, 15, 7]",64
"[10.56, 10.12, 12.8, 12.36]",4,"[10, 10, 13, 13]",16
"[9.08, 6.62, 11.32, 8.86]",2,"[8, 4, 15, 11]",64
"[0.2, 4.71, 2.44, 6.95]",4,"[0, 4, 3, 7]",16
"[0.03, 6.55, 2.27, 8.79]",4,"[0, 6, 3, 9]",16
"[9.21, 12.37, 11.45, 14.61]",2,"[8, 8, 15, 15]",64
"[10.52, 0.76, 12.76, 3.0]",4,"[10, 0, 13, 3]",16
"[9.56, 4.71, 11.8, 6.95]",2,"[8, 0, 15, 7]",64
"[4.95, 4.73, 7.19, 6.97]",2,"[4, 0, 11, 7]",64
"[3.3, 1.82, 5.54, 4.06]",2,"[0, 0, 7, 7]",64
"[0.44, 8.34, 2.68, 10.58]",4,"[0, 8, 3, 11]",16
"[2.53, 12.47, 4.77, 14.71]",4,"[2, 12, 5, 15]",16
"[11.15, 4.04, 13.39, 6.28]",2,"[8, 0, 15, 7]",64
"[5.92, 6.29, 8.16, 8.53]",2,"[4, 4, 11, 11]",64
"[4.64, 4.91, 6.88, 7.15]",3,"[4, 4, 7, 11]",32
"[4.18, 2.21, 6.42, 4.45]",4,"[4, 2, 7, 5]",16
"[9.76, 7.28, 12.0, 9.52]",2,"[8, 4, 15, 11]",64
"[6.12, 0.02, 8.36, 2.26]",4,"[6, 0, 9, 3]",16
"[4.04, 9.65, 6.28, 11.89]",3,"[4, 8, 7, 15]",32
"[6.41, 8.14, 8.65, 10.38]",4,"[6, 8, 9, 11]",16
"[6.46, 7.42, 8.7, 9.66]",3,"[6, 4, 9, 11]",32
"[12.54, 0.9, 14.78, 3.14]",3,"[12, 0, 15, 7]",32
"[6.08, 4.95, 8.32, 7.19]",3,"[6, 4, 9, 11]",32
"[3.12, 3.03, 5.36, 5.27]",2,"[0, 0, 7, 7]",64
"[12.2, 6.22, 14.44, 8.46]",4,"[12, 6, 15, 9]",16
"[3.76, 6.46, 6.0, 8.7]",2,"[0, 4, 7, 11]",64
"[11.27, 12.71, 13.51, 14.95]",2,"[8, 8, 15, 15]",64
"[6.87, 6.07, 9.11, 8.31]",2,"[4, 4, 11, 11]",64
"[1.83, 2.25, 4.07, 4.49]",2,"[0, 0, 7, 7]",64
"[5.95, 10.19, 8.19, 12.43]",2,"[4, 8, 11, 15]",64
"[3.36, 7.24, 5.6, 9.48]",2,"[0, 4, 7, 11]",64
"[2.18, 2.52, 4.42, 4.76]",4,"[2, 2, 5, 5]",16
"[0.3, 5.84, 2.54, 8.08]",3,"[0, 4, 3, 11]",32
"[1.96, 7.62, 4.2, 9.86]",2,"[0, 4, 7, 11]",64
"[11.22, 6.12, 13.46, 8.36]",2,"[8, 4, 15, 11]",64
"[9.74, 2.94, 11.98, 5.18]",2,"[8, 0, 15, 7]",64
"[10.75, 2.73, 12.99, 4.97]",4,"[10, 2, 13, 5]",16
"[0.22, 12.38, 2.46, 14.62]",4,"[0, 12, 3, 15]",16
"[3.64, 7.08, 5.88, 9.32]",2,"[0, 4, 7, 11]",64
"[7.98, 4.86, 10.22, 7.1]",2,"[4, 4, 11, 11]",64
"[8.84, 6.21, 11.08, 8.45]",2,"[8, 4, 15, 11]",64
"[8.27, 3.12, 10.51, 5.36]",3,"[8, 0, 11, 7]",32
"[9.21, 2.51, 11.45, 4.75]",2,"[8, 0, 15, 7]",64
"[10.32, 4.44, 12.56, 6.68]",4,"[10, 4, 13, 7]",16
"[3.79, 3.77, 6.03, 6.01]",2,"[0, 0, 7, 7]",64
"[10.45, 4.27, 12.69, 6.51]",4,"[10, 4, 13, 7]",16
"[12.43, 4.78, 14.67, 7.02]",3,"[12, 4, 15, 11]",32
"[11.85, 4.75, 14.09, 6.99]",2,"[8, 0, 15, 7]",64
"[11.59, 8.1, 13.83, 10.34]",2,"[8, 8, 15, 15]",64
"[8.61, 3.83, 10.85, 6.07]",3,"[8, 0, 11, 7]",32
"[5.92, 8.07, 8.16, 10.31]",2,"[4, 8, 11, 15]",64
"[11.48, 9.03, 13.72, 11.27]",2,"[8, 8, 15, 15]",64
"[7.86, 8.16, 10.1, 10.4]",2,"[4, 8, 11, 15]",64
"[1.02, 9.89, 3.26, 12.13]",2,"[0, 8, 7, 15]",64
"[10.16, 10.39, 12.4, 12.63]",4,"[10, 10, 13, 13]",16
"[1.09, 11.81, 3.33, 14.05]",2,"[0, 8, 7, 15]",64
"[8.07, 5.03, 10.31, 7.27]",3,"[8, 4, 11, 11]",32
"[2.78, 11.51, 5.02, 13.75]",2,"[0, 8, 7, 15]",64
"[1.95, 5.5, 4.19, 7.74]",2,"[0, 4, 7, 11]",64
"[8.79, 11.24, 11.03, 13.48]",2,"[8, 8, 15, 15]",64
"[2.86, 8.26, 5.1, 10.5]",2,"[0, 8, 7, 15]",64
"[5.92, 2.83, 8.16, 5.07]",2,"[4, 0, 11, 7]",64
"[11.27, 0.61, 13.51, 2.85]",2,"[8, 0, 15, 7]",64
"[7.73, 8.3, 9.97, 10.54]",2,"[4, 8, 11, 15]",64
"[7.6, 4.23, 9.84, 6.47]",2,"[4, 0, 11, 7]",64
"[11.51, 2.06, 13.75, 4.3]",2,"[8, 0, 15, 7]",64
"[4.79, 4.09, 7.03, 6.33]",2,"[4, 0, 11, 7]",64
"[4.0, 7.21, 6.24, 9.45]",3,"[4, 4, 7, 11]",32
"[2.03, 1.81, 4.27, 4.05]",3,"[2, 0, 5, 7]",32
"[11.49, 4.26, 13.73, 6.5]",2,"[8, 0, 15, 7]",64
"[8.36, 1.93, 10.6, 4.17]",3,"[8, 0, 11, 7]",32
"[2.37, 11.83, 4.61, 14.07]",3,"[2, 8, 5, 15]",32
"[6.91, 5.47, 9.15, 7.71]",2,"[4, 4, 11, 11]",64
"[10.38, 9.11, 12.62, 11.35]",3,"[10, 8, 13, 15]",32
"[1.89, 3.46, 4.13, 5.7]",2,"[0, 0, 7, 7]",64
"[12.76, 6.01, 15.0, 8.25]",4,"[12, 6, 15, 9]",16
"[5.69, 1.4, 7.93, 3.64]",2,"[4, 0, 11, 7]",64
"[12.67, 12.5, 14.91, 14.74]",4,"[12, 12, 15, 15]",16
"[1.26, 6.58, 3.5, 8.82]",2,"[0, 4, 7, 11]",64
"[3.48, 10.0, 5.72, 12.24]",2,"[0, 8, 7, 15]",64
"[4.4, 9.81, 6.64, 12.05]",3,"[4, 8, 7, 15]",32
"[11.69, 3.42, 13.93, 5.66]",2,"[8, 0, 15, 7]",64
"[9.42, 10.69, 11.66, 12.93]",2,"[8, 8, 15, 15]",64
"[8.79, 0.23, 11.03, 2.47]",2,"[8, 0, 15, 7]",64
"[6.48, 2.59, 8.72, 4.83]",4,"[6, 2, 9, 5]",16
"[4.3, 0.88, 6.54, 3.12]",3,"[4, 0, 7, 7]",32
"[0.89, 0.1, 3.13, 2.34]",2,"[0, 0, 7, 7]",64
"[6.93, 3.24, 9.17, 5.48]",2,"[4, 0, 11, 7]",64
"[0.53, 0.02, 2.77, 2.26]",4,"[0, 0, 3, 3]",16
"[6.82, 7.11, 9.06, 9.35]",2,"[4, 4, 11, 11]",64
"[10.71, 4.87, 12.95, 7.11]",3,"[10, 4, 13, 11]",32
"[0.56, 12.62, 2.8, 14.86]",4,"[0, 12, 3, 15]",16
"[0.15, 6.18, 2.39, 8.42]",4,"[0, 6, 3, 9]",16
"[6.4, 6.46, 8.64, 8.7]",4,"[6, 6, 9, 9]",16
"[0.21, 8.58, 2.45, 10.82]",4,"[0, 8, 3, 11]",16
"[6.02, 0.96, 8.26, 3.2]",3,"[6, 0, 9, 7]",32
"[4.93, 1.65, 7.17, 3.89]",2,"[4, 0, 11, 7]",64
"[8.2, 9.21, 10.44, 11.45]",3,"[8, 8, 11, 15]",32
"[4.79, 5.63, 7.03, 7.87]",2,"[4, 4, 11, 11]",64
"[4.94, 4.5, 7.18, 6.74]",2,"[4, 0, 11, 7]",64
"[9.37, 5.61, 11.61, 7.85]",2,"[8, 4, 15, 11]",64
"[7.6, 10.16, 9.84, 12.4]",2,"[4, 8, 11, 15]",64
"[9.47, 0.64, 11.71, 2.88]",2,"[8, 0, 15, 7]",64
"[7.9, 10.66, 10.14, 12.9]",2,"[4, 8, 11, 15]",64
"[4.84, 7.15, 7.08, 9.39]",2,"[4, 4, 11, 11]",64
"[3.54, 0.61, 5.78, 2.85]",2,"[0, 0, 7, 7]",64
"[0.58, 9.11, 2.82, 11.35]",3,"[0, 8, 3, 15]",32
"[3.17, 7.04, 5.41, 9.28]",2,"[0, 4, 7, 11]",64
"[1.71, 1.55, 3.95, 3.79]",2,"[0, 0, 7, 7]",64
"[4.24, 6.35, 6.48, 8.59]",4,"[4, 6, 7, 9]",16
"[1.95, 11.61, 4.19, 13.85]",2,"[0, 8, 7, 15]",64
"[10.67, 6.49, 12.91, 8.73]",4,"[10, 6, 13, 9]",16
"[10.03, 4.06, 12.27, 6.3]",4,"[10, 4, 13, 7]",16
"[5.15, 5.87, 7.39, 8.11]",2,"[4, 4, 11, 11]",64
"[6.68, 10.44, 8.92, 12.68]",4,"[6, 10, 9, 13]",16
"[5.21, 1.65, 7.45, 3.89]",2,"[4, 0, 11, 7]",64
"[5.24, 11.84, 7.48, 14.08]",2,"[4, 8, 11, 15]",64
"[7.4, 1.09, 9.64, 3.33]",2,"[4, 0, 11, 7]",64
"[5.99, 5.1, 8.23, 7.34]",2,"[4, 4, 11, 11]",64
"[4.69, 0.44, 6.93, 2.68]",4,"[4, 0, 7, 3]",16
"[10.1, 5.32, 12.34, 7.56]",3,"[10, 4, 13, 11]",32
"[6.32, 3.73, 8.56, 5.97]",3,"[6, 0, 9, 7]",32
"[12.18, 2.36, 14.42, 4.6]",4,"[12, 2, 15, 5]",16
"[5.99, 1.91, 8.23, 4.15]",2,"[4, 0, 11, 7]",64
"[0.4, 4.21, 2.64, 6.45]",4,"[0, 4, 3, 7]",16
"[4.2, 1.5, 6.44, 3.74]",3,"[4, 0, 7, 7]",32
"[3.99, 11.13, 6.23, 13.37]",2,"[0, 8, 7, 15]",64
"[0.51, 3.78, 2.75, 6.02]",3,"[0, 0, 3, 7]",32
"[4.81, 9.62, 7.05, 11.86]",2,"[4, 8, 11, 15]",64
"[2.93, 6.83, 5.17, 9.07]",2,"[0, 4, 7, 11]",64
"[4.32, 5.97, 6.56, 8.21]",3,"[4, 4, 7, 11]",32
"[0.23, 12.04, 2.47, 14.28]",4,"[0, 12, 3, 15]",16
"[3.01, 6.23, 5.25, 8.47]",2,"[0, 4, 7, 11]",64
"[5.46, 11.01, 7.7, 13.25]",2,"[4, 8, 11, 15]",64
"[3.97, 7.52, 6.21, 9.76]",2,"[0, 4, 7, 11]",64
"[7.17, 5.91, 9.41, 8.15]",2,"[4, 4, 11, 11]",64
"[1.91, 9.44, 4.15, 11.68]",2,"[0, 8, 7, 15]",64
"[7.67, 9.3, 9.91, 11.54]",2,"[4, 8, 11, 15]",64
"[5.41, 10.82, 7.65, 13.06]",2,"[4, 8, 11, 15]",64
"[12.59, 5.98, 14.83, 8.22]",3,"[12, 4, 15, 11]",32
"[11.27, 4.84, 13.51, 7.08]",2,"[8, 4, 15, 11]",64
"[8.8, 9.62, 11.04, 11.86]",2,"[8, 8, 15, 15]",64
"[5.2, 4.56, 7.44, 6.8]",2,"[4, 0, 11, 7]",64
"[1.88, 1.43, 4.12, 3.67]",2,"[0, 0, 7, 7]",64
"[8.57, 2.72, 10.81, 4.96]",4,"[8, 2, 11, 5]",16
"[8.25, 12.7, 10.49, 14.94]",4,"[8, 12, 11, 15]",16
"[9.77, 4.18, 12.01, 6.42]",2,"[8, 0, 15, 7]",64
"[11.17, 11.64, 13.41, 13.88]",2,"[8, 8, 15, 15]",64
"[4.54, 3.4, 6.78, 5.64]",3,"[4, 0, 7, 7]",32
"[5.69, 7.66, 7.93, 9.9]",2,"[4, 4, 11, 11]",64
"[9.65, 11.28, 11.89, 13.52]",2,"[8, 8, 15, 15]",64
"[7.43, 12.08, 9.67, 14.32]",2,"[4, 8, 11, 15]",64
"[11.06, 9.19, 13.3, 11.43]",2,"[8, 8, 15, 15]",64
"[12.65, 4.42, 14.89, 6.66]",4,"[12, 4, 15, 7]",16
"[4.4, 7.15, 6.64, 9.39]",3,"[4, 4, 7, 11]",32
"[12.51, 7.24, 14.75, 9.48]",3,"[12, 4, 15, 11]",32
"[6.1, 12.39, 8.34, 14.63]",4,"[6, 12, 9, 15]",16
"[7.09, 11.4, 9.33, 13.64]",2,"[4, 8, 11, 15]",64
"[11.86, 0.63, 14.1, 2.87]",2,"[8, 0, 15, 7]",64
"[7.45, 5.86, 9.69, 8.1]",2,"[4, 4, 11, 11]",64
"[0.41, 11.61, 2.65, 13.85]",3,"[0, 8, 3, 15]",32
"[10.4, 7.4, 12.64, 9.64]",3,"[10, 4, 13, 11]",32
"[1.95, 4.8, 4.19, 7.04]",2,"[0, 4, 7, 11]",64
"[4.11, 7.27, 6.35, 9.51]",3,"[4, 4, 7, 11]",32
"[9.66, 6.05, 11.9, 8.29]",2,"[8, 4, 15, 11]",64
"[2.61, 4.58, 4.85, 6.82]",4,"[2, 4, 5, 7]",16
"[0.13, 0.02, 2.37, 2.26]",4,"[0, 0, 3, 3]",16
"[6.35, 11.23, 8.59, 13.47]",3,"[6, 8, 9, 15]",32
"[0.14, 6.28, 2.38, 8.52]",4,"[0, 6, 3, 9]",16
"[0.46, 2.23, 2.7, 4.47]",4,"[0, 2, 3, 5]",16
"[7.02, 2.96, 9.26, 5.2]",2,"[4, 0, 11, 7]",64
"[0.01, 7.53, 2.25, 9.77]",3,"[0, 4, 3, 11]",32
"[2.95, 4.24, 5.19, 6.48]",2,"[0, 0, 7, 7]",64
"[4.44, 4.34, 6.68, 6.58]",4,"[4, 4, 7, 7]",16
"[1.29, 9.48, 3.53, 11.72]",2,"[0, 8, 7, 15]",64
"[11.89, 6.06, 14.13, 8.3]",2,"[8, 4, 15, 11]",64
"[4.46, 7.97, 6.7, 10.21]",3,"[4, 4, 7, 11]",32
"[7.53, 8.36, 9.77, 10.6]",2,"[4, 8, 11, 15]",64
"[3.71, 1.94, 5.95, 4.18]",2,"[0, 0, 7, 7]",64
"[5.62, 7.56, 7.86, 9.8]",2,"[4, 4, 11, 11]",64
"[0.8, 7.54, 3.04, 9.78]",2,"[0, 4, 7, 11]",64
"[7.64, 0.38, 9.88, 2.62]",2,"[4, 0, 11, 7]",64
"[8.52, 1.11, 10.76, 3.35]",3,"[8, 0, 11, 7]",32
"[8.72, 6.46, 10.96, 8.7]",4,"[8, 6, 11, 9]",16
"[11.63, 7.01, 13.87, 9.25]",2,"[8, 4, 15, 11]",64
"[3.14, 5.88, 5.38, 8.12]",2,"[0, 4, 7, 11]",64
"[6.64, 7.74, 8.88, 9.98]",3,"[6, 4, 9, 11]",32
"[10.49, 6.07, 12.73, 8.31]",4,"[10, 6, 13, 9]",16
"[8.27, 3.14, 10.51, 5.38]",3,"[8, 0, 11, 7]",32
"[4.9, 11.69, 7.14, 13.93]",2,"[4, 8, 11, 15]",64
"[5.18, 8.56, 7.42, 10.8]",2,"[4, 8, 11, 15]",64
"[2.95, 10.97, 5.19, 13.21]",2,"[0, 8, 7, 15]",64
"[4.46, 12.22, 6.7, 14.46]",4,"[4, 12, 7, 15]",16
"[12.51, 6.18, 14.75, 8.42]",4,"[12, 6, 15, 9]",16
"[5.09, 2.34, 7.33, 4.58]",2,"[4, 0, 11, 7]",64
"[2.29, 5.12, 4.53, 7.36]",3,"[2, 4, 5, 11]",32
"[10.31, 6.13, 12.55, 8.37]",4,"[10, 6, 13, 9]",16
"[5.42, 9.85, 7.66, 12.09]",2,"[4, 8, 11, 15]",64
"[0.2, 3.62, 2.44, 5.86]",3,"[0, 0, 3, 7]",32
"[4.07, 2.82, 6.31, 5.06]",3,"[4, 0, 7, 7]",32
"[5.29, 7.76, 7.53, 10.0]",2,"[4, 4, 11, 11]",64
"[10.55, 2.14, 12.79, 4.38]",4,"[10, 2, 13, 5]",16
"[1.46, 0.66, 3.7, 2.9]",2,"[0, 0, 7, 7]",64
"[12.43, 5.39, 14.67, 7.63]",3,"[12, 4, 15, 11]",32
"[11.11, 9.45, 13.35, 11.69]",2,"[8, 8, 15, 15]",64
"[0.75, 7.59, 2.99, 9.83]",3,"[0, 4, 3, 11]",32
"[10.02, 9.22, 12.26, 11.46]",3,"[10, 8, 13, 15]",32
"[5.82, 5.49, 8.06, 7.73]",2,"[4, 4, 11, 11]",64
"[0.88, 5.28, 3.12, 7.52]",2,"[0, 4, 7, 11]",64
"[7.83, 12.02, 10.07, 14.26]",2,"[4, 8, 11, 15]",64
"[6.7, 2.68, 8.94, 4.92]",4,"[6, 2, 9, 5]",16
"[5.12, 11.5, 7.36, 13.74]",2,"[4, 8, 11, 15]",64
"[11.35, 10.38, 13.59, 12.62]",2,"[8, 8, 15, 15]",64
"[0.67, 4.95, 2.91, 7.19]",3,"[0, 4, 3, 11]",32
"[11.51, 2.19, 13.75, 4.43]",2,"[8, 0, 15, 7]",64
"[6.23, 4.1, 8.47, 6.34]",4,"[6, 4, 9, 7]",16
"[10.3, 7.03, 12.54, 9.27]",3,"[10, 4, 13, 11]",32
"[5.44, 9.95, 7.68, 12.19]",2,"[4, 8, 11, 15]",64
"[7.21, 4.32, 9.45, 6.56]",2,"[4, 0, 11, 7]",64
"[9.27, 5.27, 11.51, 7.51]",2,"[8, 4, 15, 11]",64
"[1.28, 4.69, 3.52, 6.93]",2,"[0, 0, 7, 7]",64
"[12.19, 11.81, 14.43, 14.05]",3,"[12, 8, 15, 15]",32
"[5.61, 3.92, 7.85, 6.16]",2,"[4, 0, 11, 7]",64
"[8.65, 6.22, 10.89, 8.46]",4,"[8, 6, 11, 9]",16
"[9.84, 8.66, 12.08, 10.9]",2,"[8, 8, 15, 15]",64
"[12.12, 8.44, 14.36, 10.68]",4,"[12, 8, 15, 11]",16
"[4.44, 3.58, 6.68, 5.82]",3,"[4, 0, 7, 7]",32
"[3.01, 2.33, 5.25, 4.57]",2,"[0, 0, 7, 7]",64
"[1.28, 9.69, 3.52, 11.93]",2,"[0, 8, 7, 15]",64
"[5.0, 11.36, 7.24, 13.6]",2,"[4, 8, 11, 15]",64
"[2.9, 6.41, 5.14, 8.65]",2,"[0, 4, 7, 11]",64
"[12.26, 11.52, 14.5, 13.76]",3,"[12, 8, 15, 15]",32
"[10.13, 3.17, 12.37, 5.41]",3,"[10, 0, 13, 7]",32
"[2.85, 11.32, 5.09, 13.56]",2,"[0, 8, 7, 15]",64
"[5.44, 7.18, 7.68, 9.42]",2,"[4, 4, 11, 11]",64
"[1.18, 0.72, 3.42, 2.96]",2,"[0, 0, 7, 7]",64
"[5.31, 7.11, 7.55, 9.35]",2,"[4, 4, 11, 11]",64
"[9.22, 3.33, 11.46, 5.57]",2,"[8, 0, 15, 7]",64
"[11.96, 4.58, 14.2, 6.82]",2,"[8, 0, 15, 7]",64
"[1.1, 5.15, 3.34, 7.39]",2,"[0, 4, 7, 11]",64
"[1.63, 9.39, 3.87, 11.63]",2,"[0, 8, 7, 15]",64
"[9.09, 3.4, 11.33, 5.64]",2,"[8, 0, 15, 7]",64
"[11.95, 8.86, 14.19, 11.1]",2,"[8, 8, 15, 15]",64
"[7.53, 7.29, 9.77, 9.53]",2,"[4, 4, 11, 11]",64
"[10.99, 4.26, 13.23, 6.5]",2,"[8, 0, 15, 7]",64
"[12.36, 2.3, 14.6, 4.54]",4,"[12, 2, 15, 5]",16
"[3.68, 6.07, 5.92, 8.31]",2,"[0, 4, 7, 11]",64
"[10.58, 0.67, 12.82, 2.91]",4,"[10, 0, 13, 3]",16
"[6.66, 0.75, 8.9, 2.99]",4,"[6, 0, 9, 3]",16
"[11.47, 4.49, 13.71, 6.73]",2,"[8, 0, 15, 7]",64
"[4.25, 12.69, 6.49, 14.93]",4,"[4, 12, 7, 15]",16
"[2.82, 1.66, 5.06, 3.9]",2,"[0, 0, 7, 7]",64
"[9.13, 3.55, 11.37, 5.79]",2,"[8, 0, 15, 7]",64
"[4.19, 6.9, 6.43, 9.14]",3,"[4, 4, 7, 11]",32
"[5.4, 9.35, 7.64, 11.59]",2,"[4, 8, 11, 15]",64
"[3.23, 6.13, 5.47, 8.37]",2,"[0, 4, 7, 11]",64
"[11.64, 6.84, 13.88, 9.08]",2,"[8, 4, 15, 11]",64
"[5.82, 1.04, 8.06, 3.28]",2,"[4, 0, 11, 7]",64
"[3.49, 5.57, 5.73, 7.81]",2,"[0, 4, 7, 11]",64
"[2.68, 1.69, 4.92, 3.93]",3,"[2, 0, 5, 7]",32
"[3.97, 2.85, 6.21, 5.09]",2,"[0, 0, 7, 7]",64
"[7.48, 5.97, 9.72, 8.21]",2,"[4, 4, 11, 11]",64
"[5.5, 4.43, 7.74, 6.67]",2,"[4, 0, 11, 7]",64
"[4.73, 9.02, 6.97, 11.26]",3,"[4, 8, 7, 15]",32
"[7.81, 5.19, 10.05, 7.43]",2,"[4, 4, 11, 11]",64
"[9.96, 0.75, 12.2, 2.99]",2,"[8, 0, 15, 7]",64
"[5.7, 7.61, 7.94, 9.85]",2,"[4, 4, 11, 11]",64
"[8.8, 4.06, 11.04, 6.3]",2,"[8, 0, 15, 7]",64
"[0.41, 9.19, 2.65, 11.43]",3,"[0, 8, 3, 15]",32
"[1.35, 3.36, 3.59, 5.6]",2,"[0, 0, 7, 7]",64
"[1.2, 10.78, 3.44, 13.02]",2,"[0, 8, 7, 15]",64
"[11.6, 12.39, 13.84, 14.63]",2,"[8, 8, 15, 15]",64
"[3.05, 11.25, 5.29, 13.49]",2,"[0, 8, 7, 15]",64
"[4.76, 0.97, 7.0, 3.21]",3,"[4, 0, 7, 7]",32
"[2.72, 11.52, 4.96, 13.76]",3,"[2, 8, 5, 15]",32
"[0.24, 4.77, 2.48, 7.01]",3,"[0, 4, 3, 11]",32
"[1.05, 0.64, 3.29, 2.88]",2,"[0, 0, 7, 7]",64
"[4.04, 11.55, 6.28, 13.79]",3,"[4, 8, 7, 15]",32
"[6.69, 10.46, 8.93, 12.7]",4,"[6, 10, 9, 13]",16
"[5.42, 8.5, 7.66, 10.74]",2,"[4, 8, 11, 15]",64
"[3.03, 1.51, 5.27, 3.75]",2,"[0, 0, 7, 7]",64
"[11.21, 10.82, 13.45, 13.06]",2,"[8, 8, 15, 15]",64
"[6.18, 11.68, 8.42, 13.92]",3,"[6, 8, 9, 15]",32
"[5.59, 5.14, 7.83, 7.38]",2,"[4, 4, 11, 11]",64
"[7.3, 1.9, 9.54, 4.14]",2,"[4, 0, 11, 7]",64
"[5.22, 11.55, 7.46, 13.79]",2,"[4, 8, 11, 15]",64
"[9.52, 7.0, 11.76, 9.24]",2,"[8, 4, 15, 11]",64
"[3.59, 6.82, 5.83, 9.06]",2,"[0, 4, 7, 11]",64
"[5.01, 0.6, 7.25, 2.84]",2,"[4, 0, 11, 7]",64
"[12.73, 9.44, 14.97, 11.68]",3,"[12, 8, 15, 15]",32
"[5.6, 6.18, 7.84, 8.42]",2,"[4, 4, 11, 11]",64
"[1.18, 12.54, 3.42, 14.78]",2,"[0, 8, 7, 15]",64
"[0.92, 5.82, 3.16, 8.06]",2,"[0, 4, 7, 11]",64
"[5.3, 7.13, 7.54, 9.37]",2,"[4, 4, 11, 11]",64
"[7.41, 1.01, 9.65, 3.25]",2,"[4, 0, 11, 7]",64
"[11.53, 1.61, 13.77, 3.85]",2,"[8, 0, 15, 7]",64
"[0.91, 4.88, 3.15, 7.12]",2,"[0, 4, 7, 11]",64
"[7.53, 8.24, 9.77, 10.48]",2,"[4, 8, 11, 15]",64
"[4.11, 10.36, 6.35, 12.6]",4,"[4, 10, 7, 13]",16
"[0.24, 2.9, 2.48, 5.14]",3,"[0, 0, 3, 7]",32
"[2.73, 10.46, 4.97, 12.7]",4,"[2, 10, 5, 13]",16
"[12.23, 3.9, 14.47, 6.14]",3,"[12, 0, 15, 7]",32
"[2.31, 7.22, 4.55, 9.46]",3,"[2, 4, 5, 11]",32
"[2.29, 8.23, 4.53, 10.47]",4,"[2, 8, 5, 11]",16
"[1.03, 6.75, 3.27, 8.99]",2,"[0, 4, 7, 11]",64
"[0.18, 10.95, 2.42, 13.19]",3,"[0, 8, 3, 15]",32
"[9.74, 1.38, 11.98, 3.62]",2,"[8, 0, 15, 7]",64
"[11.17, 4.74, 13.41, 6.98]",2,"[8, 0, 15, 7]",64
"[6.31, 9.94, 8.55, 12.18]",3,"[6, 8, 9, 15]",32
"[3.38, 2.16, 5.62, 4.4]",2,"[0, 0, 7, 7]",64
"[6.85, 3.68, 9.09, 5.92]",2,"[4, 0, 11, 7]",64
"[3.1, 5.13, 5.34, 7.37]",2,"[0, 4, 7, 11]",64
"[8.03, 5.53, 10.27, 7.77]",3,"[8, 4, 11, 11]",32
"[3.57, 0.64, 5.81, 2.88]",2,"[0, 0, 7, 7]",64
"[12.52, 10.18, 14.76, 12.42]",4,"[12, 10, 15, 13]",16
"[10.06, 7.06, 12.3, 9.3]",3,"[10, 4, 13, 11]",32
"[4.82, 7.01, 7.06, 9.25]",2,"[4, 4, 11, 11]",64
"[8.16, 3.27, 10.4, 5.51]",3,"[8, 0, 11, 7]",32
"[12.54, 10.44, 14.78, 12.68]",4,"[12, 10, 15, 13]",16
"[2.89, 7.09, 5.13, 9.33]",2,"[0, 4, 7, 11]",64
"[1.2, 1.51, 3.44, 3.75]",2,"[0, 0, 7, 7]",64
"[8.16, 7.43, 10.4, 9.67]",3,"[8, 4, 11, 11]",32
"[7.0, 5.31, 9.24, 7.55]",2,"[4, 4, 11, 11]",64
"[8.39, 5.53, 10.63, 7.77]",3,"[8, 4, 11, 11]",32
"[0.48, 10.47, 2.72, 12.71]",4,"[0, 10, 3, 13]",16
"[4.02, 11.76, 6.26, 14.0]",3,"[4, 8, 7, 15]",32
"[8.69, 10.05, 10.93, 12.29]",4,"[8, 10, 11, 13]",16
"[12.07, 7.52, 14.31, 9.76]",3,"[12, 4, 15, 11]",32
"[9.38, 6.84, 11.62, 9.08]",2,"[8, 4, 15, 11]",64
"[10.87, 11.61, 13.11, 13.85]",2,"[8, 8, 15, 15]",64
"[11.4, 0.44, 13.64, 2.68]",2,"[8, 0, 15, 7]",64
"[0.91, 1.16, 3.15, 3.4]",2,"[0, 0, 7, 7]",64
"[7.39, 10.88, 9.63, 13.12]",2,"[4, 8, 11, 15]",64
"[5.72, 5.04, 7.96, 7.28]",2,"[4, 4, 11, 11]",64
"[10.28, 7.74, 12.52, 9.98]",3,"[10, 4, 13, 11]",32
"[11.11, 7.01, 13.35, 9.25]",2,"[8, 4, 15, 11]",64
"[8.92, 0.1, 11.16, 2.34]",2,"[8, 0, 15, 7]",64
"[7.5, 1.13, 9.74, 3.37]",2,"[4, 0, 11, 7]",64
"[11.97, 11.47, 14.21, 13.71]",2,"[8, 8, 15, 15]",64
"[11.08, 1.67, 13.32, 3.91]",2,"[8, 0, 15, 7]",64
"[9.64, 12.33, 11.88, 14.57]",2,"[8, 8, 15, 15]",64
"[0.46, 12.14, 2.7, 14.38]",4,"[0, 12, 3, 15]",16
"[2.3, 3.07, 4.54, 5.31]",3,"[2, 0, 5, 7]",32
"[2.09, 5.88, 4.33, 8.12]",3,"[2, 4, 5, 11]",32
"[2.49, 11.29, 4.73, 13.53]",3,"[2, 8, 5, 15]",32
"[4.28, 4.52, 6.52, 6.76]",4,"[4, 4, 7, 7]",16
"[6.63, 9.14, 8.87, 11.38]",3,"[6, 8, 9, 15]",32
"[3.02, 4.16, 5.26, 6.4]",2,"[0, 0, 7, 7]",64
"[9.54, 5.28, 11.78, 7.52]",2,"[8, 4, 15, 11]",64
"[2.05, 3.11, 4.29, 5.35]",3,"[2, 0, 5, 7]",32
"[2.53, 3.06, 4.77, 5.3]",3,"[2, 0, 5, 7]",32
"[1.24, 2.13, 3.48, 4.37]",2,"[0, 0, 7, 7]",64
"[2.09, 2.11, 4.33, 4.35]",4,"[2, 2, 5, 5]",16
"[12.43, 10.13, 14.67, 12.37]",4,"[12, 10, 15, 13]",16
"[3.29, 0.27, 5.53, 2.51]",2,"[0, 0, 7, 7]",64
"[1.63, 9.2, 3.87, 11.44]",2,"[0, 8, 7, 15]",64
"[1.85, 11.08, 4.09, 13.32]",2,"[0, 8, 7, 15]",64
"[6.16, 10.5, 8.4, 12.74]",4,"[6, 10, 9, 13]",16
"[1.38, 2.83, 3.62, 5.07]",2,"[0, 0, 7, 7]",64
"[5.33, 11.52, 7.57, 13.76]",2,"[4, 8, 11, 15]",64
"[10.47, 6.26, 12.71, 8.5]",4,"[10, 6, 13, 9]",16
"[4.36, 9.13, 6.6, 11.37]",3,"[4, 8, 7, 15]",32
"[2.13, 8.48, 4.37, 10.72]",4,"[2, 8, 5, 11]",16
"[11.14, 2.51, 13.38, 4.75]",2,"[8, 0, 15, 7]",64
"[1.68, 0.95, 3.92, 3.19]",2,"[0, 0, 7, 7]",64
"[7.01, 4.08, 9.25, 6.32]",2,"[4, 0, 11, 7]",64
"[9.24, 11.07, 11.48, 13.31]",2,"[8, 8, 15, 15]",64
"[5.67, 9.21, 7.91, 11.45]",2,"[4, 8, 11, 15]",64
"[1.97, 6.74, 4.21, 8.98]",2,"[0, 4, 7, 11]",64
"[4.5, 6.66, 6.74, 8.9]",4,"[4, 6, 7, 9]",16
"[5.07, 9.43, 7.31, 11.67]",2,"[4, 8, 11, 15]",64
"[9.39, 3.24, 11.63, 5.48]",2,"[8, 0, 15, 7]",64
"[12.15, 8.38, 14.39, 10.62]",4,"[12, 8, 15, 11]",16
"[10.69, 1.84, 12.93, 4.08]",3,"[10, 0, 13, 7]",32
"[5.48, 11.64, 7.72, 13.88]",2,"[4, 8, 11, 15]",64
"[11.76, 5.24, 14.0, 7.48]",2,"[8, 4, 15, 11]",64
"[6.65, 6.55, 8.89, 8.79]",4,"[6, 6, 9, 9]",16
"[0.32, 8.32, 2.56, 10.56]",4,"[0, 8, 3, 11]",16
"[5.26, 5.92, 7.5, 8.16]",2,"[4, 4, 11, 11]",64
"[10.26, 11.83, 12.5, 14.07]",3,"[10, 8, 13, 15]",32
"[10.78, 6.4, 13.02, 8.64]",2,"[8, 4, 15, 11]",64
"[2.48, 5.78, 4.72, 8.02]",3,"[2, 4, 5, 11]",32
"[7.75, 8.93, 9.99, 11.17]",2,"[4, 8, 11, 15]",64
"[11.18, 10.3, 13.42, 12.54]",2,"[8, 8, 15, 15]",64
"[3.33, 12.27, 5.57, 14.51]",2,"[0, 8, 7, 15]",64
"[11.68, 3.58, 13.92, 5.82]",2,"[8, 0, 15, 7]",64
"[10.42, 8.25, 12.66, 10.49]",4,"[10, 8, 13, 11]",16
"[2.81, 12.25, 5.05, 14.49]",2,"[0, 8, 7, 15]",64
"[0.79, 8.47, 3.03, 10.71]",2,"[0, 8, 7, 15]",64
"[4.42, 7.02, 6.66, 9.26]",3,"[4, 4, 7, 11]",32
"[1.8, 5.79, 4.04, 8.03]",2,"[0, 4, 7, 11]",64
"[4.12, 5.93, 6.36, 8.17]",3,"[4, 4, 7, 11]",32
"[7.49, 6.35, 9.73, 8.59]",2,"[4, 4, 11, 11]",64
"[2.55, 12.72, 4.79, 14.96]",4,"[2, 12, 5, 15]",16
"[4.38, 5.96, 6.62, 8.2]",3,"[4, 4, 7, 11]",32
"[6.14, 0.07, 8.38, 2.31]",4,"[6, 0, 9, 3]",16
"[7.42, 10.68, 9.66, 12.92]",2,"[4, 8, 11, 15]",64
"[9.1, 4.22, 11.34, 6.46]",2,"[8, 0, 15, 7]",64
"[1.67, 0.75, 3.91, 2.99]",2,"[0, 0, 7, 7]",64
"[2.01, 9.81, 4.25, 12.05]",3,"[2, 8, 5, 15]",32
"[3.23, 1.52, 5.47, 3.76]",2,"[0, 0, 7, 7]",64
"[3.62, 5.0, 5.86, 7.24]",2,"[0, 4, 7, 11]",64
"[10.28, 2.59, 12.52, 4.83]",4,"[10, 2, 13, 5]",16
"[9.78, 8.06, 12.02, 10.3]",2,"[8, 8, 15, 15]",64
"[2.98, 11.38, 5.22, 13.62]",2,"[0, 8, 7, 15]",64
"[11.88, 0.6, 14.12, 2.84]",2,"[8, 0, 15, 7]",64
"[7.06, 2.81, 9.3, 5.05]",2,"[4, 0, 11, 7]",64
"[12.25, 9.92, 14.49, 12.16]",3,"[12, 8, 15, 15]",32
"[2.49, 6.1, 4.73, 8.34]",4,"[2, 6, 5, 9]",16
"[8.56, 11.46, 10.8, 13.7]",3,"[8, 8, 11, 15]",32
"[6.5, 0.39, 8.74, 2.63]",4,"[6, 0, 9, 3]",16
"[4.19, 3.0, 6.43, 5.24]",3,"[4, 0, 7, 7]",32
"[11.7, 2.4, 13.94, 4.64]",2,"[8, 0, 15, 7]",64
"[9.18, 10.35, 11.42, 12.59]",2,"[8, 8, 15, 15]",64
"[12.34, 10.67, 14.58, 12.91]",4,"[12, 10, 15, 13]",16
"[2.99, 6.37, 5.23, 8.61]",2,"[0, 4, 7, 11]",64
"[1.18, 11.29, 3.42, 13.53]",2,"[0, 8, 7, 15]",64
"[3.99, 0.45, 6.23, 2.69]",2,"[0, 0, 7, 7]",64
"[11.24, 11.63, 13.48, 13.87]",2,"[8, 8, 15, 15]",64
"[6.01, 3.35, 8.25, 5.59]",3,"[6, 0, 9, 7]",32
"[11.1, 6.37, 13.34, 8.61]",2,"[8, 4, 15, 11]",64
"[1.94, 12.16, 4.18, 14.4]",2,"[0, 8, 7, 15]",64
"[6.23, 5.02, 8.47, 7.26]",3,"[6, 4, 9, 11]",32
"[9.6, 0.15, 11.84, 2.39]",2,"[8, 0, 15, 7]",64
"[6.09, 9.96, 8.33, 12.2]",3,"[6, 8, 9, 15]",32
"[2.8, 10.6, 5.04, 12.84]",2,"[0, 8, 7, 15]",64
"[3.41, 8.06, 5.65, 10.3]",2,"[0, 8, 7, 15]",64
"[1.59, 5.11, 3.83, 7.35]",2,"[0, 4, 7, 11]",64
"[4.01, 8.52, 6.25, 10.76]",4,"[4, 8, 7, 11]",16
"[8.32, 9.7, 10.56, 11.94]",3,"[8, 8, 11, 15]",32
"[10.36, 12.5, 12.6, 14.74]",4,"[10, 12, 13, 15]",16
"[12.42, 2.51, 14.66, 4.75]",4,"[12, 2, 15, 5]",16
"[5.92, 12.36, 8.16, 14.6]",2,"[4, 8, 11, 15]",64
"[9.51, 5.4, 11.75, 7.64]",2,"[8, 4, 15, 11]",64
"[5.88, 9.93, 8.12, 12.17]",2,"[4, 8, 11, 15]",64
"[9.88, 5.41, 12.12, 7.65]",2,"[8, 4, 15, 11]",64
"[8.66, 5.74, 10.9, 7.98]",3,"[8, 4, 11, 11]",32
"[11.67, 1.27, 13.91, 3.51]",2,"[8, 0, 15, 7]",64
"[6.43, 10.5, 8.67, 12.74]",4,"[6, 10, 9, 13]",16
"[12.15, 2.54, 14.39, 4.78]",4,"[12, 2, 15, 5]",16
"[12.59, 7.66, 14.83, 9.9]",3,"[12, 4, 15, 11]",32
"[5.23, 11.99, 7.47, 14.23]",2,"[4, 8, 11, 15]",64
"[1.37, 11.19, 3.61, 13.43]",2,"[0, 8, 7, 15]",64
"[0.7, 2.13, 2.94, 4.37]",4,"[0, 2, 3, 5]",16
"[3.84, 7.11, 6.08, 9.35]",2,"[0, 4, 7, 11]",64
"[8.62, 11.46, 10.86, 13.7]",3,"[8, 8, 11, 15]",32
"[10.17, 10.71, 12.41, 12.95]",4,"[10, 10, 13, 13]",16
"[3.23, 10.53, 5.47, 12.77]",2,"[0, 8, 7, 15]",64
"[1.95, 2.25, 4.19, 4.49]",2,"[0, 0, 7, 7]",64
"[9.03, 4.03, 11.27, 6.27]",2,"[8, 0, 15, 7]",64
"[10.89, 9.86, 13.13, 12.1]",2,"[8, 8, 15, 15]",64
"[6.36, 0.85, 8.6, 3.09]",3,"[6, 0, 9, 7]",32
"[6.52, 3.1, 8.76, 5.34]",3,"[6, 0, 9, 7]",32
"[11.27, 8.85, 13.51, 11.09]",2,"[8, 8, 15, 15]",64
"[6.63, 4.88, 8.87, 7.12]",3,"[6, 4, 9, 11]",32
"[2.2, 10.08, 4.44, 12.32]",4,"[2, 10, 5, 13]",16
"[8.7, 7.38, 10.94, 9.62]",3,"[8, 4, 11, 11]",32
"[5.2, 0.2, 7.44, 2.44]",2,"[4, 0, 11, 7]",64
"[10.71, 7.53, 12.95, 9.77]",3,"[10, 4, 13, 11]",32
"[7.63, 4.02, 9.87, 6.26]",2,"[4, 0, 11, 7]",64
"[3.5, 3.76, 5.74, 6.0]",2,"[0, 0, 7, 7]",64
"[4.21, 2.13, 6.45, 4.37]",4,"[4, 2, 7, 5]",16
"[8.39, 2.17, 10.63, 4.41]",4,"[8, 2, 11, 5]",16
"[9.59, 1.21, 11.83, 3.45]",2,"[8, 0, 15, 7]",64
"[2.08, 1.31, 4.32, 3.55]",3,"[2, 0, 5, 7]",32
"[8.49, 3.02, 10.73, 5.26]",3,"[8, 0, 11, 7]",32
"[0.26, 5.7, 2.5, 7.94]",3,"[0, 4, 3, 11]",32
"[4.96, 0.61, 7.2, 2.85]",2,"[4, 0, 11, 7]",64
"[5.75, 5.93, 7.99, 8.17]",2,"[4, 4, 11, 11]",64
"[6.95, 5.61, 9.19, 7.85]",2,"[4, 4, 11, 11]",64
"[8.82, 0.98, 11.06, 3.22]",2,"[8, 0, 15, 7]",64
"[12.54, 3.5, 14.78, 5.74]",3,"[12, 0, 15, 7]",32
"[0.79, 9.69, 3.03, 11.93]",2,"[0, 8, 7, 15]",64
"[4.8, 3.99, 7.04, 6.23]",2,"[4, 0, 11, 7]",64
"[2.15, 9.54, 4.39, 11.78]",3,"[2, 8, 5, 15]",32
"[11.36, 10.81, 13.6, 13.05]",2,"[8, 8, 15, 15]",64
"[6.13, 6.07, 8.37, 8.31]",4,"[6, 6, 9, 9]",16
"[12.23, 10.0, 14.47, 12.24]",4,"[12, 10, 15, 13]",16
"[5.37, 9.58, 7.61, 11.82]",2,"[4, 8, 11, 15]",64
"[1.15, 12.08, 3.39, 14.32]",2,"[0, 8, 7, 15]",64
"[9.01, 2.15, 11.25, 4.39]",2,"[8, 0, 15, 7]",64
"[4.37, 10.69, 6.61, 12.93]",4,"[4, 10, 7, 13]",16
"[10.86, 8.75, 13.1, 10.99]",2,"[8, 8, 15, 15]",64
"[1.63, 4.13, 3.87, 6.37]",2,"[0, 0, 7, 7]",64
"[8.27, 9.89, 10.51, 12.13]",3,"[8, 8, 11, 15]",32
"[4.03, 12.65, 6.27, 14.89]",4,"[4, 12, 7, 15]",16
"[6.0, 7.58, 8.24, 9.82]",3,"[6, 4, 9, 11]",32
"[2.92, 12.08, 5.16, 14.32]",2,"[0, 8, 7, 15]",64
"[6.71, 1.4, 8.95, 3.64]",3,"[6, 0, 9, 7]",32
"[1.21, 11.23, 3.45, 13.47]",2,"[0, 8, 7, 15]",64
"[7.95, 8.23, 10.19, 10.47]",2,"[4, 8, 11, 15]",64
"[9.44, 5.53, 11.68, 7.77]",2,"[8, 4, 15, 11]",64
"[8.2, 6.3, 10.44, 8.54]",4,"[8, 6, 11, 9]",16
"[1.27, 10.37, 3.51, 12.61]",2,"[0, 8, 7, 15]",64
"[0.36, 2.39, 2.6, 4.63]",4,"[0, 2, 3, 5]",16
"[8.56, 1.54, 10.8, 3.78]",3,"[8, 0, 11, 7]",32
"[9.79, 5.17, 12.03, 7.41]",2,"[8, 4, 15, 11]",64
"[4.42, 3.63, 6.66, 5.87]",3,"[4, 0, 7, 7]",32
"[8.76, 12.62, 11.0, 14.86]",4,"[8, 12, 11, 15]",16
"[0.34, 8.51, 2.58, 10.75]",4,"[0, 8, 3, 11]",16
"[4.23, 9.46, 6.47, 11.7]",3,"[4, 8, 7, 15]",32
"[9.2, 6.98, 11.44, 9.22]",2,"[8, 4, 15, 11]",64
"[3.98, 12.15, 6.22, 14.39]",2,"[0, 8, 7, 15]",64
"[3.38, 2.26, 5.62, 4.5]",2,"[0, 0, 7, 7]",64
"[1.81, 4.9, 4.05, 7.14]",2,"[0, 4, 7, 11]",64
"[10.16, 4.91, 12.4, 7.15]",3,"[10, 4, 13, 11]",32
"[6.83, 12.15, 9.07, 14.39]",2,"[4, 8, 11, 15]",64
"[3.19, 2.09, 5.43, 4.33]",2,"[0, 0, 7, 7]",64
"[12.32, 10.95, 14.56, 13.19]",3,"[12, 8, 15, 15]",32
"[1.39, 8.46, 3.63, 10.7]",2,"[0, 8, 7, 15]",64
"[7.81, 8.87, 10.05, 11.11]",2,"[4, 8, 11, 15]",64
"[9.11, 8.89, 11.35, 11.13]",2,"[8, 8, 15, 15]",64
"[7.44, 5.57, 9.68, 7.81]",2,"[4, 4, 11, 11]",64
"[9.95, 0.85, 12.19, 3.09]",2,"[8, 0, 15, 7]",64
"[1.93, 12.28, 4.17, 14.52]",2,"[0, 8, 7, 15]",64
"[10.64, 10.97, 12.88, 13.21]",3,"[10, 8, 13, 15]",32
"[12.2, 5.47, 14.44, 7.71]",3,"[12, 4, 15, 11]",32
"[11.16, 9.68, 13.4, 11.92]",2,"[8, 8, 15, 15]",64
"[8.66, 9.9, 10.9, 12.14]",3,"[8, 8, 11, 15]",32
"[10.02, 12.13, 12.26, 14.37]",4,"[10, 12, 13, 15]",16
"[7.65, 12.33, 9.89, 14.57]",2,"[4, 8, 11, 15]",64
"[7.64, 4.61, 9.88, 6.85]",2,"[4, 0, 11, 7]",64
"[1.8, 6.87, 4.04, 9.11]",2,"[0, 4, 7, 11]",64
"[10.48, 3.8, 12.72, 6.04]",3,"[10, 0, 13, 7]",32
"[7.71, 5.47, 9.95, 7.71]",2,"[4, 4, 11, 11]",64
"[6.19, 6.85, 8.43, 9.09]",3,"[6, 4, 9, 11]",32
"[10.35, 12.55, 12.59, 14.79]",4,"[10, 12, 13, 15]",16
"[4.93, 9.66, 7.17, 11.9]",2,"[4, 8, 11, 15]",64
"[6.4, 4.62, 8.64, 6.86]",4,"[6, 4, 9, 7]",16
"[7.16, 12.28, 9.4, 14.52]",2,"[4, 8, 11, 15]",64
"[1.69, 6.23, 3.93, 8.47]",2,"[0, 4, 7, 11]",64
"[7.1, 7.89, 9.34, 10.13]",2,"[4, 4, 11, 11]",64
"[2.6, 8.06, 4.84, 10.3]",4,"[2, 8, 5, 11]",16
"[3.34, 11.99, 5.58, 14.23]",2,"[0, 8, 7, 15]",64
"[9.25, 0.99, 11.49, 3.23]",2,"[8, 0, 15, 7]",64
"[7.24, 3.0, 9.48, 5.24]",2,"[4, 0, 11, 7]",64
"[10.44, 2.03, 12.68, 4.27]",4,"[10, 2, 13, 5]",16
"[7.72, 3.62, 9.96, 5.86]",2,"[4, 0, 11, 7]",64
"[0.3, 3.22, 2.54, 5.46]",3,"[0, 0, 3, 7]",32
"[1.98, 3.93, 4.22, 6.17]",2,"[0, 0, 7, 7]",64
"[8.65, 4.76, 10.89, 7.0]",4,"[8, 4, 11, 7]",16
"[9.35, 9.61, 11.59, 11.85]",2,"[8, 8, 15, 15]",64
"[9.55, 10.22, 11.79, 12.46]",2,"[8, 8, 15, 15]",64
"[1.63, 9.1, 3.87, 11.34]",2,"[0, 8, 7, 15]",64
"[8.81, 11.48, 11.05, 13.72]",2,"[8, 8, 15, 15]",64
"[8.23, 12.32, 10.47, 14.56]",4,"[8, 12, 11, 15]",16
"[9.43, 12.19, 11.67, 14.43]",2,"[8, 8, 15, 15]",64
"[0.37, 12.6, 2.61, 14.84]",4,"[0, 12, 3, 15]",16
"[7.36, 4.88, 9.6, 7.12]",2,"[4, 4, 11, 11]",64
"[8.08, 10.87, 10.32, 13.11]",3,"[8, 8, 11, 15]",32
"[3.78, 5.14, 6.02, 7.38]",2,"[0, 4, 7, 11]",64
"[5.54, 3.06, 7.78, 5.3]",2,"[4, 0, 11, 7]",64
"[0.37, 12.39, 2.61, 14.63]",4,"[0, 12, 3, 15]",16
"[5.82, 7.5, 8.06, 9.74]",2,"[4, 4, 11, 11]",64
"[12.05, 7.53, 14.29, 9.77]",3,"[12, 4, 15, 11]",32
"[4.81, 8.77, 7.05, 11.01]",2,"[4, 8, 11, 15]",64
"[1.41, 9.71, 3.65, 11.95]",2,"[0, 8, 7, 15]",64
"[6.49, 8.4, 8.73, 10.64]",4,"[6, 8, 9, 11]",16
"[10.39, 12.58, 12.63, 14.82]",4,"[10, 12, 13, 15]",16
"[1.19, 9.68, 3.43, 11.92]",2,"[0, 8, 7, 15]",64
"[0.53, 8.03, 2.77, 10.27]",4,"[0, 8, 3, 11]",16
"[10.74, 3.79, 12.98, 6.03]",3,"[10, 0, 13, 7]",32
"[9.76, 12.66, 12.0, 14.9]",2,"[8, 8, 15, 15]",64
"[12.35, 2.88, 14.59, 5.12]",3,"[12, 0, 15, 7]",32
"[1.05, 9.23, 3.29, 11.47]",2,"[0, 8, 7, 15]",64
"[8.23, 11.94, 10.47, 14.18]",3,"[8, 8, 11, 15]",32
"[12.59, 4.74, 14.83, 6.98]",4,"[12, 4, 15, 7]",16
"[3.49, 9.04, 5.73, 11.28]",2,"[0, 8, 7, 15]",64
"[7.11, 4.02, 9.35, 6.26]",2,"[4, 0, 11, 7]",64
"[1.48, 7.27, 3.72, 9.51]",2,"[0, 4, 7, 11]",64
"[11.49, 1.97, 13.73, 4.21]",2,"[8, 0, 15, 7]",64
"[8.91, 10.91, 11.15, 13.15]",2,"[8, 8, 15, 15]",64
"[1.41, 9.84, 3.65, 12.08]",2,"[0, 8, 7, 15]",64
"[10.46, 3.41, 12.7, 5.65]",3,"[10, 0, 13, 7]",32
"[0.82, 3.72, 3.06, 5.96]",2,"[0, 0, 7, 7]",64
"[1.77, 6.16, 4.01, 8.4]",2,"[0, 4, 7, 11]",64
"[6.25, 1.14, 8.49, 3.38]",3,"[6, 0, 9, 7]",32
"[11.94, 6.54, 14.18, 8.78]",2,"[8, 4, 15, 11]",64
"[6.59, 11.58, 8.83, 13.82]",3,"[6, 8, 9, 15]",32
"[2.62, 7.51, 4.86, 9.75]",3,"[2, 4, 5, 11]",32
"[1.88, 10.58, 4.12, 12.82]",2,"[0, 8, 7, 15]",64
"[11.1, 5.28, 13.34, 7.52]",2,"[8, 4, 15, 11]",64
"[1.44, 10.53, 3.68, 12.77]",2,"[0, 8, 7, 15]",64
"[2.33, 6.6, 4.57, 8.84]",4,"[2, 6, 5, 9]",16
"[4.86, 0.1, 7.1, 2.34]",2,"[4, 0, 11, 7]",64
"[7.53, 0.93, 9.77, 3.17]",2,"[4, 0, 11, 7]",64
"[5.13, 1.08, 7.37, 3.32]",2,"[4, 0, 11, 7]",64
"[4.27, 11.24, 6.51, 13.48]",3,"[4, 8, 7, 15]",32
"[3.29, 1.42, 5.53, 3.66]",2,"[0, 0, 7, 7]",64
"[4.53, 1.05, 6.77, 3.29]",3,"[4, 0, 7, 7]",32
"[7.34, 5.96, 9.58, 8.2]",2,"[4, 4, 11, 11]",64
"[1.57, 11.51, 3.81, 13.75]",2,"[0, 8, 7, 15]",64
"[1.17, 5.83, 3.41, 8.07]",2,"[0, 4, 7, 11]",64
"[11.86, 4.11, 14.1, 6.35]",2,"[8, 0, 15, 7]",64
"[2.66, 9.21, 4.9, 11.45]",3,"[2, 8, 5, 15]",32
"[0.03, 11.26, 2.27, 13.5]",3,"[0, 8, 3, 15]",32
"[1.61, 11.14, 3.85, 13.38]",2,"[0, 8, 7, 15]",64
"[0.07, 5.84, 2.31, 8.08]",3,"[0, 4, 3, 11]",32
"[0.51, 5.55, 2.75, 7.79]",3,"[0, 4, 3, 11]",32
"[2.83, 1.86, 5.07, 4.1]",2,"[0, 0, 7, 7]",64
"[11.19, 1.64, 13.43, 3.88]",2,"[8, 0, 15, 7]",64
"[1.96, 2.62, 4.2, 4.86]",2,"[0, 0, 7, 7]",64
"[2.69, 10.35, 4.93, 12.59]",4,"[2, 10, 5, 13]",16
"[7.71, 9.62, 9.95, 11.86]",2,"[4, 8, 11, 15]",64
"[0.29, 3.25, 2.53, 5.49]",3,"[0, 0, 3, 7]",32
"[4.63, 3.77, 6.87, 6.01]",3,"[4, 0, 7, 7]",32
"[11.82, 5.76, 14.06, 8.0]",2,"[8, 4, 15, 11]",64
"[3.81, 11.95, 6.05, 14.19]",2,"[0, 8, 7, 15]",64
"[10.8, 1.45, 13.04, 3.69]",2,"[8, 0, 15, 7]",64
"[4.53, 6.09, 6.77, 8.33]",4,"[4, 6, 7, 9]",16
"[1.55, 5.42, 3.79, 7.66]",2,"[0, 4, 7, 11]",64
"[0.06, 10.97, 2.3, 13.21]",3,"[0, 8, 3, 15]",32
"[2.58, 6.25, 4.82, 8.49]",4,"[2, 6, 5, 9]",16
"[5.6, 9.5, 7.84, 11.74]",2,"[4, 8, 11, 15]",64
"[4.85, 1.06, 7.09, 3.3]",2,"[4, 0, 11, 7]",64
"[5.06, 11.74, 7.3, 13.98]",2,"[4, 8, 11, 15]",64
"[2.52, 1.42, 4.76, 3.66]",3,"[2, 0, 5, 7]",32
"[11.38, 4.03, 13.62, 6.27]",2,"[8, 0, 15, 7]",64
"[6.45, 6.09, 8.69, 8.33]",4,"[6, 6, 9, 9]",16
"[7.1, 5.06, 9.34, 7.3]",2,"[4, 4, 11, 11]",64
"[3.81, 0.43, 6.05, 2.67]",2,"[0, 0, 7, 7]",64
"[6.82, 9.11, 9.06, 11.35]",2,"[4, 8, 11, 15]",64
"[4.98, 6.8, 7.22, 9.04]",2,"[4, 4, 11, 11]",64
"[11.16, 12.52, 13.4, 14.76]",2,"[8, 8, 15, 15]",64
"[2.85, 10.36, 5.09, 12.6]",2,"[0, 8, 7, 15]",64
"[3.54, 6.91, 5.78, 9.15]",2,"[0, 4, 7, 11]",64
"[0.56, 11.5, 2.8, 13.74]",3,"[0, 8, 3, 15]",32
"[7.14, 4.34, 9.38, 6.58]",2,"[4, 0, 11, 7]",64
"[5.61, 6.12, 7.85, 8.36]",2,"[4, 4, 11, 11]",64
"[7.68, 10.74, 9.92, 12.98]",2,"[4, 8, 11, 15]",64
"[12.04, 1.41, 14.28, 3.65]",3,"[12, 0, 15, 7]",32
"[10.24, 1.41, 12.48, 3.65]",3,"[10, 0, 13, 7]",32
"[3.41, 8.76, 5.65, 11.0]",2,"[0, 8, 7, 15]",64
"[11.59, 8.05, 13.83, 10.29]",2,"[8, 8, 15, 15]",64
"[0.84, 1.73, 3.08, 3.97]",2,"[0, 0, 7, 7]",64
"[1.44, 10.74, 3.68, 12.98]",2,"[0, 8, 7, 15]",64
"[12.17, 10.67, 14.41, 12.91]",4,"[12, 10, 15, 13]",16
"[6.32, 11.79, 8.56, 14.03]",3,"[6, 8, 9, 15]",32
"[6.85, 10.49, 9.09, 12.73]",2,"[4, 8, 11, 15]",64
"[1.16, 4.12, 3.4, 6.36]",2,"[0, 0, 7, 7]",64
"[9.05, 5.45, 11.29, 7.69]",2,"[8, 4, 15, 11]",64
"[4.01, 10.56, 6.25, 12.8]",4,"[4, 10, 7, 13]",16
"[3.5, 5.2, 5.74, 7.44]",2,"[0, 4, 7, 11]",64
"[11.65, 6.95, 13.89, 9.19]",2,"[8, 4, 15, 11]",64
"[7.88, 7.13, 10.12, 9.37]",2,"[4, 4, 11, 11]",64
"[6.0, 10.29, 8.24, 12.53]",4,"[6, 10, 9, 13]",16
"[9.54, 5.98, 11.78, 8.22]",2,"[8, 4, 15, 11]",64
"[6.1, 0.79, 8.34, 3.03]",3,"[6, 0, 9, 7]",32
"[12.11, 5.65, 14.35, 7.89]",3,"[12, 4, 15, 11]",32
"[6.01, 7.72, 8.25, 9.96]",3,"[6, 4, 9, 11]",32
"[2.68, 11.4, 4.92, 13.64]",3,"[2, 8, 5, 15]",32
"[2.97, 0.99, 5.21, 3.23]",2,"[0, 0, 7, 7]",64
"[11.3, 8.63, 13.54, 10.87]",2,"[8, 8, 15, 15]",64
"[2.01, 5.77, 4.25, 8.01]",3,"[2, 4, 5, 11]",32
"[0.38, 11.09, 2.62, 13.33]",3,"[0, 8, 3, 15]",32
"[6.12, 8.38, 8.36, 10.62]",4,"[6, 8, 9, 11]",16
"[4.06, 2.51, 6.3, 4.75]",4,"[4, 2, 7, 5]",16
"[12.63, 9.99, 14.87, 12.23]",3,"[12, 8, 15, 15]",32
"[0.34, 9.18, 2.58, 11.42]",3,"[0, 8, 3, 15]",32
"[2.65, 2.98, 4.89, 5.22]",3,"[2, 0, 5, 7]",32
"[12.45, 4.65, 14.69, 6.89]",4,"[12, 4, 15, 7]",16
"[10.25, 11.26, 12.49, 13.5]",3,"[10, 8, 13, 15]",32
"[8.19, 2.32, 10.43, 4.56]",4,"[8, 2, 11, 5]",16
"[1.32, 6.0, 3.56, 8.24]",2,"[0, 4, 7, 11]",64
"[10.17, 3.83, 12.41, 6.07]",3,"[10, 0, 13, 7]",32
"[9.1, 6.01, 11.34, 8.25]",2,"[8, 4, 15, 11]",64
"[10.71, 9.43, 12.95, 11.67]",3,"[10, 8, 13, 15]",32
"[6.63, 1.37, 8.87, 3.61]",3,"[6, 0, 9, 7]",32
"[3.13, 7.76, 5.37, 10.0]",2,"[0, 4, 7, 11]",64
"[12.14, 10.46, 14.38, 12.7]",4,"[12, 10, 15, 13]",16
"[6.98, 11.48, 9.22, 13.72]",2,"[4, 8, 11, 15]",64
"[4.7, 12.7, 6.94, 14.94]",4,"[4, 12, 7, 15]",16
"[7.05, 1.57, 9.29, 3.81]",2,"[4, 0, 11, 7]",64
"[11.26, 11.09, 13.5, 13.33]",2,"[8, 8, 15, 15]",64
"[1.05, 2.72, 3.29, 4.96]",2,"[0, 0, 7, 7]",64
"[1.49, 0.6, 3.73, 2.84]",2,"[0, 0, 7, 7]",64
"[1.92, 3.17, 4.16, 5.41]",2,"[0, 0, 7, 7]",64
"[10.89, 5.6, 13.13, 7.84]",2,"[8, 4, 15, 11]",64
"[2.79, 0.18, 5.03, 2.42]",2,"[0, 0, 7, 7]",64
"[1.18, 10.07, 3.42, 12.31]",2,"[0, 8, 7, 15]",64
"[4.07, 5.82, 6.31, 8.06]",3,"[4, 4, 7, 11]",32
"[3.39, 11.6, 5.63, 13.84]",2,"[0, 8, 7, 15]",64
"[10.67, 5.77, 12.91, 8.01]",3,"[10, 4, 13, 11]",32
"[6.6, 10.45, 8.84, 12.69]",4,"[6, 10, 9, 13]",16
"[10.26, 5.68, 12.5, 7.92]",3,"[10, 4, 13, 11]",32
"[8.51, 3.52, 10.75, 5.76]",3,"[8, 0, 11, 7]",32
"[11.43, 12.72, 13.67, 14.96]",2,"[8, 8, 15, 15]",64
"[3.72, 6.35, 5.96, 8.59]",2,"[0, 4, 7, 11]",64
"[7.55, 2.12, 9.79, 4.36]",2,"[4, 0, 11, 7]",64
"[2.2, 8.71, 4.44, 10.95]",4,"[2, 8, 5, 11]",16
"[12.41, 6.15, 14.65, 8.39]",4,"[12, 6, 15, 9]",16
"[6.5, 1.6, 8.74, 3.84]",3,"[6, 0, 9, 7]",32
"[11.55, 12.6, 13.79, 14.84]",2,"[8, 8, 15, 15]",64
"[10.13, 12.0, 12.37, 14.24]",4,"[10, 12, 13, 15]",16
"[6.06, 9.77, 8.3, 12.01]",3,"[6, 8, 9, 15]",32
"[12.39, 7.76, 14.63, 10.0]",3,"[12, 4, 15, 11]",32
"[6.35, 3.02, 8.59, 5.26]",3,"[6, 0, 9, 7]",32
"[5.7, 9.88, 7.94, 12.12]",2,"[4, 8, 11, 15]",64
"[4.36, 5.52, 6.6, 7.76]",3,"[4, 4, 7, 11]",32
"[0.67, 6.29, 2.91, 8.53]",4,"[0, 6, 3, 9]",16
"[7.14, 9.06, 9.38, 11.3]",2,"[4, 8, 11, 15]",64
"[1.25, 8.19, 3.49, 10.43]",2,"[0, 8, 7, 15]",64
"[4.41, 7.08, 6.65, 9.32]",3,"[4, 4, 7, 11]",32
"[9.19, 4.04, 11.43, 6.28]",2,"[8, 0, 15, 7]",64
"[8.02, 11.57, 10.26, 13.81]",3,"[8, 8, 11, 15]",32
"[1.58, 2.49, 3.82, 4.73]",2,"[0, 0, 7, 7]",64
"[12.44, 9.22, 14.68, 11.46]",3,"[12, 8, 15, 15]",32
"[6.07, 9.53, 8.31, 11.77]",3,"[6, 8, 9, 15]",32
"[7.35, 0.66, 9.59, 2.9]",2,"[4, 0, 11, 7]",64
"[8.58, 2.39, 10.82, 4.63]",4,"[8, 2, 11, 5]",16
"[3.79, 6.16, 6.03, 8.4]",2,"[0, 4, 7, 11]",64
"[5.63, 9.86, 7.87, 12.1]",2,"[4, 8, 11, 15]",64
"[8.04, 5.99, 10.28, 8.23]",3,"[8, 4, 11, 11]",32
"[1.0, 0.51, 3.24, 2.75]",2,"[0, 0, 7, 7]",64
"[6.12, 9.7, 8.36, 11.94]",3,"[6, 8, 9, 15]",32
"[8.25, 1.39, 10.49, 3.63]",3,"[8, 0, 11, 7]",32
"[3.23, 3.72, 5.47, 5.96]",2,"[0, 0, 7, 7]",64
"[7.18, 4.22, 9.42, 6.46]",2,"[4, 0, 11, 7]",64
"[0.31, 2.24, 2.55, 4.48]",4,"[0, 2, 3, 5]",16
"[5.08, 6.01, 7.32, 8.25]",2,"[4, 4, 11, 11]",64
"[9.88, 8.38, 12.12, 10.62]",2,"[8, 8, 15, 15]",64
"[10.83, 12.57, 13.07, 14.81]",2,"[8, 8, 15, 15]",64
"[4.38, 6.01, 6.62, 8.25]",4,"[4, 6, 7, 9]",16
"[0.45, 5.45, 2.69, 7.69]",3,"[0, 4, 3, 11]",32
"[2.69, 7.34, 4.93, 9.58]",3,"[2, 4, 5, 11]",32
"[1.52, 0.95, 3.76, 3.19]",2,"[0, 0, 7, 7]",64
"[2.07, 1.0, 4.31, 3.24]",3,"[2, 0, 5, 7]",32
"[2.57, 2.27, 4.81, 4.51]",4,"[2, 2, 5, 5]",16
"[11.69, 11.07, 13.93, 13.31]",2,"[8, 8, 15, 15]",64
"[4.85, 3.11, 7.09, 5.35]",2,"[4, 0, 11, 7]",64
"[2.28, 0.29, 4.52, 2.53]",4,"[2, 0, 5, 3]",16
"[2.23, 9.08, 4.47, 11.32]",3,"[2, 8, 5, 15]",32
"[7.74, 3.07, 9.98, 5.31]",2,"[4, 0, 11, 7]",64
"[4.9, 8.91, 7.14, 11.15]",2,"[4, 8, 11, 15]",64
"[0.92, 7.15, 3.16, 9.39]",2,"[0, 4, 7, 11]",64
"[12.74, 7.16, 14.98, 9.4]",3,"[12, 4, 15, 11]",32
"[2.73, 1.71, 4.97, 3.95]",3,"[2, 0, 5, 7]",32
"[11.77, 0.57, 14.01, 2.81]",2,"[8, 0, 15, 7]",64
"[8.41, 6.13, 10.65, 8.37]",4,"[8, 6, 11, 9]",16
"[2.66, 8.63, 4.9, 10.87]",4,"[2, 8, 5, 11]",16
"[11.26, 4.5, 13.5, 6.74]",2,"[8, 0, 15, 7]",64
"[10.36, 3.14, 12.6, 5.38]",3,"[10, 0, 13, 7]",32
"[8.32, 4.73, 10.56, 6.97]",4,"[8, 4, 11, 7]",16
"[5.94, 12.19, 8.18, 14.43]",2,"[4, 8, 11, 15]",64
"[2.62, 10.46, 4.86, 12.7]",4,"[2, 10, 5, 13]",16
"[0.64, 3.44, 2.88, 5.68]",3,"[0, 0, 3, 7]",32
"[1.67, 9.49, 3.91, 11.73]",2,"[0, 8, 7, 15]",64
"[5.54, 5.58, 7.78, 7.82]",2,"[4, 4, 11, 11]",64
"[8.16, 2.25, 10.4, 4.49]",4,"[8, 2, 11, 5]",16
"[8.98, 5.54, 11.22, 7.78]",2,"[8, 4, 15, 11]",64
"[4.01, 5.09, 6.25, 7.33]",3,"[4, 4, 7, 11]",32
"[1.5, 9.08, 3.74, 11.32]",2,"[0, 8, 7, 15]",64
"[0.6, 3.22, 2.84, 5.46]",3,"[0, 0, 3, 7]",32
"[11.22, 0.41, 13.46, 2.65]",2,"[8, 0, 15, 7]",64
"[6.16, 7.02, 8.4, 9.26]",3,"[6, 4, 9, 11]",32
"[5.76, 8.87, 8.0, 11.11]",2,"[4, 8, 11, 15]",64
"[10.38, 2.19, 12.62, 4.43]",4,"[10, 2, 13, 5]",16
"[11.18, 4.68, 13.42, 6.92]",2,"[8, 0, 15, 7]",64
"[5.48, 1.69, 7.72, 3.93]",2,"[4, 0, 11, 7]",64
"[6.26, 1.41, 8.5, 3.65]",3,"[6, 0, 9, 7]",32
"[1.09, 1.19, 3.33, 3.43]",2,"[0, 0, 7, 7]",64
"[0.96, 3.76, 3.2, 6.0]",2,"[0, 0, 7, 7]",64
"[9.36, 5.47, 11.6, 7.71]",2,"[8, 4, 15, 11]",64
"[12.1, 6.07, 14.34, 8.31]",4,"[12, 6, 15, 9]",16
"[2.55, 1.71, 4.79, 3.95]",3,"[2, 0, 5, 7]",32
"[7.78, 5.23, 10.02, 7.47]",2,"[4, 4, 11, 11]",64
"[9.84, 10.76, 12.08, 13.0]",2,"[8, 8, 15, 15]",64
"[1.72, 2.66, 3.96, 4.9]",2,"[0, 0, 7, 7]",64
"[6.63, 0.99, 8.87, 3.23]",3,"[6, 0, 9, 7]",32
"[4.69, 0.46, 6.93, 2.7]",4,"[4, 0, 7, 3]",16
"[5.86, 3.82, 8.1, 6.06]",2,"[4, 0, 11, 7]",64
"[7.61, 2.3, 9.85, 4.54]",2,"[4, 0, 11, 7]",64
"[7.05, 6.49, 9.29, 8.73]",2,"[4, 4, 11, 11]",64
"[8.1, 7.19, 10.34, 9.43]",3,"[8, 4, 11, 11]",32
"[0.63, 6.88, 2.87, 9.12]",3,"[0, 4, 3, 11]",32
"[10.78, 4.41, 13.02, 6.65]",2,"[8, 0, 15, 7]",64
"[10.35, 7.24, 12.59, 9.48]",3,"[10, 4, 13, 11]",32
"[11.49, 5.89, 13.73, 8.13]",2,"[8, 4, 15, 11]",64
"[9.7, 0.25, 11.94, 2.49]",2,"[8, 0, 15, 7]",64
"[5.6, 0.34, 7.84, 2.58]",2,"[4, 0, 11, 7]",64
"[1.0, 3.49, 3.24, 5.73]",2,"[0, 0, 7, 7]",64
"[9.17, 8.1, 11.41, 10.34]",2,"[8, 8, 15, 15]",64
"[5.62, 0.85, 7.86, 3.09]",2,"[4, 0, 11, 7]",64
"[4.23, 9.4, 6.47, 11.64]",3,"[4, 8, 7, 15]",32
"[8.08, 9.08, 10.32, 11.32]",3,"[8, 8, 11, 15]",32
"[8.99, 11.22, 11.23, 13.46]",2,"[8, 8, 15, 15]",64
"[12.31, 12.58, 14.55, 14.82]",4,"[12, 12, 15, 15]",16
"[11.39, 5.67, 13.63, 7.91]",2,"[8, 4, 15, 11]",64
"[11.16, 6.89, 13.4, 9.13]",2,"[8, 4, 15, 11]",64
"[3.74, 10.95, 5.98, 13.19]",2,"[0, 8, 7, 15]",64
"[5.81, 0.66, 8.05, 2.9]",2,"[4, 0, 11, 7]",64
"[6.78, 6.76, 9.02, 9.0]",2,"[4, 4, 11, 11]",64
"[12.14, 9.71, 14.38, 11.95]",3,"[12, 8, 15, 15]",32
"[5.66, 9.81, 7.9, 12.05]",2,"[4, 8, 11, 15]",64
"[5.54, 6.29, 7.78, 8.53]",2,"[4, 4, 11, 11]",64
"[0.41, 1.39, 2.65, 3.63]",3,"[0, 0, 3, 7]",32
"[12.63, 7.7, 14.87, 9.94]",3,"[12, 4, 15, 11]",32
"[6.76, 3.15, 9.0, 5.39]",3,"[6, 0, 9, 7]",32
"[3.24, 9.56, 5.48, 11.8]",2,"[0, 8, 7, 15]",64
"[9.27, 8.51, 11.51, 10.75]",2,"[8, 8, 15, 15]",64
"[3.04, 12.39, 5.28, 14.63]",2,"[0, 8, 7, 15]",64
"[3.12, 3.06, 5.36, 5.3]",2,"[0, 0, 7, 7]",64
"[6.89, 12.36, 9.13, 14.6]",2,"[4, 8, 11, 15]",64
"[11.23, 0.88, 13.47, 3.12]",2,"[8, 0, 15, 7]",64
"[7.37, 6.9, 9.61, 9.14]",2,"[4, 4, 11, 11]",64
"[0.33, 5.0, 2.57, 7.24]",3,"[0, 4, 3, 11]",32
"[4.53, 11.33, 6.77, 13.57]",3,"[4, 8, 7, 15]",32
"[11.51, 7.57, 13.75, 9.81]",2,"[8, 4, 15, 11]",64
"[12.14, 9.38, 14.38, 11.62]",3,"[12, 8, 15, 15]",32
"[10.99, 12.51, 13.23, 14.75]",2,"[8, 8, 15, 15]",64
"[9.53, 7.58, 11.77, 9.82]",2,"[8, 4, 15, 11]",64
"[6.84, 1.52, 9.08, 3.76]",2,"[4, 0, 11, 7]",64
"[12.5, 3.78, 14.74, 6.02]",3,"[12, 0, 15, 7]",32
"[11.19, 6.71, 13.43, 8.95]",2,"[8, 4, 15, 11]",64
"[2.25, 9.82, 4.49, 12.06]",3,"[2, 8, 5, 15]",32
"[11.74, 0.03, 13.98, 2.27]",2,"[8, 0, 15, 7]",64
"[2.08, 10.12, 4.32, 12.36]",4,"[2, 10, 5, 13]",16
"[6.08, 9.26, 8.32, 11.5]",3,"[6, 8, 9, 15]",32
"[3.28, 9.94, 5.52, 12.18]",2,"[0, 8, 7, 15]",64
"[6.5, 11.94, 8.74, 14.18]",3,"[6, 8, 9, 15]",32
"[0.35, 6.77, 2.59, 9.01]",3,"[0, 4, 3, 11]",32
"[11.79, 6.76, 14.03, 9.0]",2,"[8, 4, 15, 11]",64
"[6.97, 3.93, 9.21, 6.17]",2,"[4, 0, 11, 7]",64
"[2.97, 10.92, 5.21, 13.16]",2,"[0, 8, 7, 15]",64
"[4.34, 6.88, 6.58, 9.12]",3,"[4, 4, 7, 11]",32
"[9.48, 1.75, 11.72, 3.99]",2,"[8, 0, 15, 7]",64
"[2.99, 12.56, 5.23, 14.8]",2,"[0, 8, 7, 15]",64
"[10.24, 2.75, 12.48, 4.99]",4,"[10, 2, 13, 5]",16
"[11.54, 5.69, 13.78, 7.93]",2,"[8, 4, 15, 11]",64
"[4.69, 9.38, 6.93, 11.62]",3,"[4, 8, 7, 15]",32
"[8.59, 4.4, 10.83, 6.64]",4,"[8, 4, 11, 7]",16
"[4.28, 11.19, 6.52, 13.43]",3,"[4, 8, 7, 15]",32
"[8.7, 0.68, 10.94, 2.92]",4,"[8, 0, 11, 3]",16
"[7.18, 2.44, 9.42, 4.68]",2,"[4, 0, 11, 7]",64
"[7.12, 8.93, 9.36, 11.17]",2,"[4, 8, 11, 15]",64
"[9.33, 0.96, 11.57, 3.2]",2,"[8, 0, 15, 7]",64
"[9.68, 2.03, 11.92, 4.27]",2,"[8, 0, 15, 7]",64
"[3.47, 5.9, 5.71, 8.14]",2,"[0, 4, 7, 11]",64
"[6.98, 8.12, 9.22, 10.36]",2,"[4, 8, 11, 15]",64
"[7.04, 1.15, 9.28, 3.39]",2,"[4, 0, 11, 7]",64
"[5.55, 2.22, 7.79, 4.46]",2,"[4, 0, 11, 7]",64
"[12.71, 2.45, 14.95, 4.69]",4,"[12, 2, 15, 5]",16
"[0.31, 2.79, 2.55, 5.03]",3,"[0, 0, 3, 7]",32
"[8.91, 3.38, 11.15, 5.62]",2,"[8, 0, 15, 7]",64
"[1.93, 9.24, 4.17, 11.48]",2,"[0, 8, 7, 15]",64
"[10.03, 0.89, 12.27, 3.13]",3,"[10, 0, 13, 7]",32
"[3.32, 9.24, 5.56, 11.48]",2,"[0, 8, 7, 15]",64
"[4.97, 8.63, 7.21, 10.87]",2,"[4, 8, 11, 15]",64
"[1.42, 10.53, 3.66, 12.77]",2,"[0, 8, 7, 15]",64
"[9.44, 2.3, 11.68, 4.54]",2,"[8, 0, 15, 7]",64
"[4.42, 5.03, 6.66, 7.27]",3,"[4, 4, 7, 11]",32
"[9.09, 2.51, 11.33, 4.75]",2,"[8, 0, 15, 7]",64
"[5.32, 10.71, 7.56, 12.95]",2,"[4, 8, 11, 15]",64
"[5.56, 11.72, 7.8, 13.96]",2,"[4, 8, 11, 15]",64
"[5.42, 6.62, 7.66, 8.86]",2,"[4, 4, 11, 11]",64
"[11.33, 9.04, 13.57, 11.28]",2,"[8, 8, 15, 15]",64
"[2.15, 2.59, 4.39, 4.83]",4,"[2, 2, 5, 5]",16
"[7.83, 2.83, 10.07, 5.07]",2,"[4, 0, 11, 7]",64
"[3.15, 4.81, 5.39, 7.05]",2,"[0, 4, 7, 11]",64
"[2.57, 8.85, 4.81, 11.09]",3,"[2, 8, 5, 15]",32
"[1.98, 10.35, 4.22, 12.59]",2,"[0, 8, 7, 15]",64
"[7.64, 2.81, 9.88, 5.05]",2,"[4, 0, 11, 7]",64
"[5.84, 11.8, 8.08, 14.04]",2,"[4, 8, 11, 15]",64
"[6.43, 0.18, 8.67, 2.42]",4,"[6, 0, 9, 3]",16
"[12.71, 1.37, 14.95, 3.61]",3,"[12, 0, 15, 7]",32
"[8.41, 8.1, 10.65, 10.34]",4,"[8, 8, 11, 11]",16
"[4.07, 1.53, 6.31, 3.77]",3,"[4, 0, 7, 7]",32
"[5.63, 9.26, 7.87, 11.5]",2,"[4, 8, 11, 15]",64
"[0.58, 10.17, 2.82, 12.41]",4,"[0, 10, 3, 13]",16
"[10.46, 1.17, 12.7, 3.41]",3,"[10, 0, 13, 7]",32
"[2.32, 4.39, 4.56, 6.63]",4,"[2, 4, 5, 7]",16
"[6.03, 3.81, 8.27, 6.05]",3,"[6, 0, 9, 7]",32
"[3.05, 2.72, 5.29, 4.96]",2,"[0, 0, 7, 7]",64
"[11.76, 9.63, 14.0, 11.87]",2,"[8, 8, 15, 15]",64
"[4.71, 0.28, 6.95, 2.52]",4,"[4, 0, 7, 3]",16
"[4.44, 0.76, 6.68, 3.0]",4,"[4, 0, 7, 3]",16
"[12.71, 0.12, 14.95, 2.36]",4,"[12, 0, 15, 3]",16
"[8.43, 1.44, 10.67, 3.68]",3,"[8, 0, 11, 7]",32
"[7.33, 0.78, 9.57, 3.02]",2,"[4, 0, 11, 7]",64
"[1.15, 7.78, 3.39, 10.02]",2,"[0, 4, 7, 11]",64
"[12.17, 2.34, 14.41, 4.58]",4,"[12, 2, 15, 5]",16
"[9.31, 3.03, 11.55, 5.27]",2,"[8, 0, 15, 7]",64
"[1.85, 2.44, 4.09, 4.68]",2,"[0, 0, 7, 7]",64
"[6.34, 7.49, 8.58, 9.73]",3,"[6, 4, 9, 11]",32
"[0.2, 0.39, 2.44, 2.63]",4,"[0, 0, 3, 3]",16
"[2.21, 9.29, 4.45, 11.53]",3,"[2, 8, 5, 15]",32
"[9.21, 0.25, 11.45, 2.49]",2,"[8, 0, 15, 7]",64
"[9.03, 0.83, 11.27, 3.07]",2,"[8, 0, 15, 7]",64
"[2.08, 8.57, 4.32, 10.81]",4,"[2, 8, 5, 11]",16
"[0.61, 1.16, 2.85, 3.4]",3,"[0, 0, 3, 7]",32
"[7.12, 4.57, 9.36, 6.81]",2,"[4, 0, 11, 7]",64
"[1.24, 12.12, 3.48, 14.36]",2,"[0, 8, 7, 15]",64
"[8.47, 2.47, 10.71, 4.71]",4,"[8, 2, 11, 5]",16
"[1.82, 7.16, 4.06, 9.4]",2,"[0, 4, 7, 11]",64
"[5.13, 3.96, 7.37, 6.2]",2,"[4, 0, 11, 7]",64
"[3.29, 4.22, 5.53, 6.46]",2,"[0, 0, 7, 7]",64
"[7.64, 3.24, 9.88, 5.48]",2,"[4, 0, 11, 7]",64
"[7.96, 8.71, 10.2, 10.95]",2,"[4, 8, 11, 15]",64
"[5.2, 5.81, 7.44, 8.05]",2,"[4, 4, 11, 11]",64
"[11.1, 6.44, 13.34, 8.68]",2,"[8, 4, 15, 11]",64
"[4.26, 5.65, 6.5, 7.89]",3,"[4, 4, 7, 11]",32
"[12.29, 2.17, 14.53, 4.41]",4,"[12, 2, 15, 5]",16
"[11.64, 2.59, 13.88, 4.83]",2,"[8, 0, 15, 7]",64
"[8.74, 8.38, 10.98, 10.62]",4,"[8, 8, 11, 11]",16
"[5.63, 6.04, 7.87, 8.28]",2,"[4, 4, 11, 11]",64
"[1.99, 6.54, 4.23, 8.78]",2,"[0, 4, 7, 11]",64
"[6.94, 1.28, 9.18, 3.52]",2,"[4, 0, 11, 7]",64
"[5.44, 7.71, 7.68, 9.95]",2,"[4, 4, 11, 11]",64
"[11.99, 0.95, 14.23, 3.19]",2,"[8, 0, 15, 7]",64
"[1.62, 9.28, 3.86, 11.52]",2,"[0, 8, 7, 15]",64
"[1.27, 3.82, 3.51, 6.06]",2,"[0, 0, 7, 7]",64
"[5.33, 2.27, 7.57, 4.51]",2,"[4, 0, 11, 7]",64
"[9.51, 7.53, 11.75, 9.77]",2,"[8, 4, 15, 11]",64
"[5.56, 7.84, 7.8, 10.08]",2,"[4, 4, 11, 11]",64
"[5.55, 1.53, 7.79, 3.77]",2,"[4, 0, 11, 7]",64
"[3.76, 5.16, 6.0, 7.4]",2,"[0, 4, 7, 11]",64
"[11.72, 6.75, 13.96, 8.99]",2,"[8, 4, 15, 11]",64
"[11.09, 6.72, 13.33, 8.96]",2,"[8, 4, 15, 11]",64
"[7.1, 9.87, 9.34, 12.11]",2,"[4, 8, 11, 15]",64
"[7.09, 5.42, 9.33, 7.66]",2,"[4, 4, 11, 11]",64
"[6.27, 9.36, 8.51, 11.6]",3,"[6, 8, 9, 15]",32
"[3.1, 5.32, 5.34, 7.56]",2,"[0, 4, 7, 11]",64
"[5.11, 12.36, 7.35, 14.6]",2,"[4, 8, 11, 15]",64
"[8.75, 4.13, 10.99, 6.37]",4,"[8, 4, 11, 7]",16
"[2.93, 11.05, 5.17, 13.29]",2,"[0, 8, 7, 15]",64
"[4.12, 8.38, 6.36, 10.62]",4,"[4, 8, 7, 11]",16
"[5.11, 8.28, 7.35, 10.52]",2,"[4, 8, 11, 15]",64
"[9.55, 0.49, 11.79, 2.73]",2,"[8, 0, 15, 7]",64
"[0.46, 10.55, 2.7, 12.79]",4,"[0, 10, 3, 13]",16
"[4.3, 12.07, 6.54, 14.31]",4,"[4, 12, 7, 15]",16
"[8.51, 12.23, 10.75, 14.47]",4,"[8, 12, 11, 15]",16
"[1.23, 11.75, 3.47, 13.99]",2,"[0, 8, 7, 15]",64
"[10.75, 1.42, 12.99, 3.66]",3,"[10, 0, 13, 7]",32
"[7.43, 8.54, 9.67, 10.78]",2,"[4, 8, 11, 15]",64
"[0.55, 8.44, 2.79, 10.68]",4,"[0, 8, 3, 11]",16
"[4.66, 0.33, 6.9, 2.57]",4,"[4, 0, 7, 3]",16
"[11.8, 10.16, 14.04, 12.4]",2,"[8, 8, 15, 15]",64
"[0.03, 7.0, 2.27, 9.24]",3,"[0, 4, 3, 11]",32
"[3.27, 7.82, 5.51, 10.06]",2,"[0, 4, 7, 11]",64
"[4.77, 3.26, 7.01, 5.5]",2,"[4, 0, 11, 7]",64
"[8.89, 1.81, 11.13, 4.05]",2,"[8, 0, 15, 7]",64
"[10.7, 10.12, 12.94, 12.36]",4,"[10, 10, 13, 13]",16
"[8.57, 7.0, 10.81, 9.24]",3,"[8, 4, 11, 11]",32
"[7.17, 10.36, 9.41, 12.6]",2,"[4, 8, 11, 15]",64
"[8.16, 4.37, 10.4, 6.61]",4,"[8, 4, 11, 7]",16
"[1.24, 3.62, 3.48, 5.86]",2,"[0, 0, 7, 7]",64
"[0, 4.3, 2.24, 6.54]",4,"[0, 4, 3, 7]",16
"[12.49, 10.91, 14.73, 13.15]",3,"[12, 8, 15, 15]",32
"[5.5, 1.66, 7.74, 3.9]",2,"[4, 0, 11, 7]",64
"[9.84, 2.49, 12.08, 4.73]",2,"[8, 0, 15, 7]",64
"[6.21, 8.88, 8.45, 11.12]",3,"[6, 8, 9, 15]",32
"[0.31, 0.38, 2.55, 2.62]",4,"[0, 0, 3, 3]",16
"[3.54, 12.75, 5.78, 14.99]",2,"[0, 8, 7, 15]",64
"[7.44, 10.45, 9.68, 12.69]",2,"[4, 8, 11, 15]",64
"[1.5, 2.08, 3.74, 4.32]",2,"[0, 0, 7, 7]",64
"[10.42, 9.68, 12.66, 11.92]",3,"[10, 8, 13, 15]",32
"[8.05, 9.28, 10.29, 11.52]",3,"[8, 8, 11, 15]",32
"[9.13, 8.18, 11.37, 10.42]",2,"[8, 8, 15, 15]",64
"[6.25, 2.22, 8.49, 4.46]",4,"[6, 2, 9, 5]",16
"[5.98, 4.97, 8.22, 7.21]",2,"[4, 4, 11, 11]",64
"[3.11, 0.97, 5.35, 3.21]",2,"[0, 0, 7, 7]",64
"[0.75, 3.49, 2.99, 5.73]",3,"[0, 0, 3, 7]",32
"[3.77, 9.0, 6.01, 11.24]",2,"[0, 8, 7, 15]",64
"[4.48, 12.16, 6.72, 14.4]",4,"[4, 12, 7, 15]",16
"[5.71, 7.56, 7.95, 9.8]",2,"[4, 4, 11, 11]",64
"[12.6, 5.52, 14.84, 7.76]",3,"[12, 4, 15, 11]",32
"[5.32, 8.26, 7.56, 10.5]",2,"[4, 8, 11, 15]",64
"[8.98, 12.73, 11.22, 14.97]",2,"[8, 8, 15, 15]",64
"[0.21, 5.91, 2.45, 8.15]",3,"[0, 4, 3, 11]",32
"[5.59, 5.77, 7.83, 8.01]",2,"[4, 4, 11, 11]",64
"[10.47, 1.94, 12.71, 4.18]",3,"[10, 0, 13, 7]",32
"[2.73, 4.12, 4.97, 6.36]",4,"[2, 4, 5, 7]",16
"[7.64, 10.26, 9.88, 12.5]",2,"[4, 8, 11, 15]",64
"[10.06, 8.11, 12.3, 10.35]",4,"[10, 8, 13, 11]",16
"[6.37, 0.9, 8.61, 3.14]",3,"[6, 0, 9, 7]",32
"[10.87, 4.38, 13.11, 6.62]",2,"[8, 0, 15, 7]",64
"[6.27, 9.43, 8.51, 11.67]",3,"[6, 8, 9, 15]",32
"[10.59, 11.86, 12.83, 14.1]",3,"[10, 8, 13, 15]",32
"[4.85, 0.59, 7.09, 2.83]",2,"[4, 0, 11, 7]",64
"[12.68, 7.66, 14.92, 9.9]",3,"[12, 4, 15, 11]",32
"[10.51, 2.59, 12.75, 4.83]",4,"[10, 2, 13, 5]",16
"[4.25, 6.12, 6.49, 8.36]",4,"[4, 6, 7, 9]",16
"[9.49, 9.35, 11.73, 11.59]",2,"[8, 8, 15, 15]",64
"[10.03, 8.08, 12.27, 10.32]",4,"[10, 8, 13, 11]",16
"[8.06, 12.72, 10.3, 14.96]",4,"[8, 12, 11, 15]",16
"[1.31, 6.22, 3.55, 8.46]",2,"[0, 4, 7, 11]",64
"[3.55, 2.07, 5.79, 4.31]",2,"[0, 0, 7, 7]",64
"[5.04, 12.4, 7.28, 14.64]",2,"[4, 8, 11, 15]",64
"[1.93, 12.51, 4.17, 14.75]",2,"[0, 8, 7, 15]",64
"[1.29, 7.22, 3.53, 9.46]",2,"[0, 4, 7, 11]",64
"[9.5, 8.33, 11.74, 10.57]",2,"[8, 8, 15, 15]",64
"[0.68, 8.49, 2.92, 10.73]",4,"[0, 8, 3, 11]",16
"[8.42, 9.95, 10.66, 12.19]",3,"[8, 8, 11, 15]",32
"[5.04, 6.53, 7.28, 8.77]",2,"[4, 4, 11, 11]",64
"[4.03, 3.99, 6.27, 6.23]",3,"[4, 0, 7, 7]",32
"[3.6, 5.1, 5.84, 7.34]",2,"[0, 4, 7, 11]",64
"[6.16, 7.42, 8.4, 9.66]",3,"[6, 4, 9, 11]",32
"[9.97, 4.17, 12.21, 6.41]",2,"[8, 0, 15, 7]",64
"[11.05, 9.83, 13.29, 12.07]",2,"[8, 8, 15, 15]",64
"[8.51, 6.65, 10.75, 8.89]",4,"[8, 6, 11, 9]",16
"[1.55, 8.12, 3.79, 10.36]",2,"[0, 8, 7, 15]",64
"[11.57, 2.56, 13.81, 4.8]",2,"[8, 0, 15, 7]",64
"[2.04, 3.4, 4.28, 5.64]",3,"[2, 0, 5, 7]",32
"[7.8, 1.57, 10.04, 3.81]",2,"[4, 0, 11, 7]",64
"[3.15, 6.14, 5.39, 8.38]",2,"[0, 4, 7, 11]",64
"[0.48, 8.42, 2.72, 10.66]",4,"[0, 8, 3, 11]",16
"[8.22, 8.74, 10.46, 10.98]",4,"[8, 8, 11, 11]",16
"[0.81, 5.39, 3.05, 7.63]",2,"[0, 4, 7, 11]",64
"[3.54, 0.73, 5.78, 2.97]",2,"[0, 0, 7, 7]",64
"[11.91, 10.38, 14.15, 12.62]",2,"[8, 8, 15, 15]",64
"[11.31, 1.28, 13.55, 3.52]",2,"[8, 0, 15, 7]",64
"[2.46, 6.69, 4.7, 8.93]",4,"[2, 6, 5, 9]",16
"[7.68, 6.64, 9.92, 8.88]",2,"[4, 4, 11, 11]",64
"[0.2, 11.99, 2.44, 14.23]",3,"[0, 8, 3, 15]",32
"[1.3, 3.82, 3.54, 6.06]",2,"[0, 0, 7, 7]",64
"[12.5, 3.74, 14.74, 5.98]",3,"[12, 0, 15, 7]",32
"[9.72, 1.69, 11.96, 3.93]",2,"[8, 0, 15, 7]",64
"[0.44, 10.11, 2.68, 12.35]",4,"[0, 10, 3, 13]",16
"[9.27, 11.03, 11.51, 13.27]",2,"[8, 8, 15, 15]",64
"[1.97, 0.29, 4.21, 2.53]",2,"[0, 0, 7, 7]",64
"[12.67, 10.47, 14.91, 12.71]",4,"[12, 10, 15, 13]",16
"[3.63, 12.74, 5.87, 14.98]",2,"[0, 8, 7, 15]",64
"[2.94, 12.69, 5.18, 14.93]",2,"[0, 8, 7, 15]",64
"[6.22, 11.2, 8.46, 13.44]",3,"[6, 8, 9, 15]",32
"[9.65, 12.67, 11.89, 14.91]",2,"[8, 8, 15, 15]",64
"[9.07, 3.91, 11.31, 6.15]",2,"[8, 0, 15, 7]",64
"[1.19, 7.63, 3.43, 9.87]",2,"[0, 4, 7, 11]",64
"[12.09, 11.93, 14.33, 14.17]",3,"[12, 8, 15, 15]",32
"[2.19, 12.63, 4.43, 14.87]",4,"[2, 12, 5, 15]",16
"[9.0, 7.76, 11.24, 10.0]",2,"[8, 4, 15, 11]",64
"[8.26, 7.22, 10.5, 9.46]",3,"[8, 4, 11, 11]",32
"[1.08, 9.92, 3.32, 12.16]",2,"[0, 8, 7, 15]",64
"[3.38, 10.21, 5.62, 12.45]",2,"[0, 8, 7, 15]",64
"[7.08, 11.16, 9.32, 13.4]",2,"[4, 8, 11, 15]",64
"[8.97, 7.16, 11.21, 9.4]",2,"[8, 4, 15, 11]",64
"[9.33, 10.18, 11.57, 12.42]",2,"[8, 8, 15, 15]",64
"[4.68, 2.92, 6.92, 5.16]",3,"[4, 0, 7, 7]",32
"[0.9, 11.6, 3.14, 13.84]",2,"[0, 8, 7, 15]",64
"[3.79, 5.68, 6.03, 7.92]",2,"[0, 4, 7, 11]",64
"[7.19, 4.08, 9.43, 6.32]",2,"[4, 0, 11, 7]",64
"[8.31, 0.06, 10.55, 2.3]",4,"[8, 0, 11, 3]",16
"[10.75, 6.12, 12.99, 8.36]",4,"[10, 6, 13, 9]",16
"[3.04, 7.3, 5.28, 9.54]",2,"[0, 4, 7, 11]",64
"[10.78, 11.21, 13.02, 13.45]",2,"[8, 8, 15, 15]",64
"[6.95, 4.95, 9.19, 7.19]",2,"[4, 4, 11, 11]",64
"[2.58, 7.37, 4.82, 9.61]",3,"[2, 4, 5, 11]",32
"[9.11, 11.64, 11.35, 13.88]",2,"[8, 8, 15, 15]",64
"[1.72, 8.78, 3.96, 11.02]",2,"[0, 8, 7, 15]",64
"[9.2, 6.64, 11.44, 8.88]",2,"[8, 4, 15, 11]",64
"[10.31, 6.03, 12.55, 8.27]",4,"[10, 6, 13, 9]",16
"[1.51, 0.79, 3.75, 3.03]",2,"[0, 0, 7, 7]",64
"[3.13, 11.36, 5.37, 13.6]",2,"[0, 8, 7, 15]",64
"[5.26, 3.11, 7.5, 5.35]",2,"[4, 0, 11, 7]",64
"[7.33, 9.48, 9.57, 11.72]",2,"[4, 8, 11, 15]",64
"[7.14, 1.84, 9.38, 4.08]",2,"[4, 0, 11, 7]",64
"[2.17, 3.18, 4.41, 5.42]",3,"[2, 0, 5, 7]",32
"[1.07, 2.2, 3.31, 4.44]",2,"[0, 0, 7, 7]",64
"[9.82, 5.39, 12.06, 7.63]",2,"[8, 4, 15, 11]",64
"[4.95, 6.83, 7.19, 9.07]",2,"[4, 4, 11, 11]",64
"[2.24, 8.75, 4.48, 10.99]",4,"[2, 8, 5, 11]",16
"[12.37, 5.7, 14.61, 7.94]",3,"[12, 4, 15, 11]",32
"[12.29, 11.78, 14.53, 14.02]",3,"[12, 8, 15, 15]",32
"[0.62, 10.56, 2.86, 12.8]",4,"[0, 10, 3, 13]",16
"[2.03, 4.31, 4.27, 6.55]",4,"[2, 4, 5, 7]",16
"[10.73, 3.9, 12.97, 6.14]",3,"[10, 0, 13, 7]",32
"[6.62, 2.18, 8.86, 4.42]",4,"[6, 2, 9, 5]",16
"[5.31, 8.87, 7.55, 11.11]",2,"[4, 8, 11, 15]",64
"[12.68, 5.0, 14.92, 7.24]",3,"[12, 4, 15, 11]",32
"[11.6, 6.8, 13.84, 9.04]",2,"[8, 4, 15, 11]",64
"[11.73, 5.0, 13.97, 7.24]",2,"[8, 4, 15, 11]",64
"[5.0, 12.43, 7.24, 14.67]",2,"[4, 8, 11, 15]",64
"[6.06, 0.78, 8.3, 3.02]",3,"[6, 0, 9, 7]",32
"[9.09, 2.75, 11.33, 4.99]",2,"[8, 0, 15, 7]",64
"[6.42, 11.17, 8.66, 13.41]",3,"[6, 8, 9, 15]",32
"[7.14, 8.89, 9.38, 11.13]",2,"[4, 8, 11, 15]",64
"[0.27, 3.06, 2.51, 5.3]",3,"[0, 0, 3, 7]",32
"[1.13, 12.6, 3.37, 14.84]",2,"[0, 8, 7, 15]",64
"[6.43, 6.64, 8.67, 8.88]",4,"[6, 6, 9, 9]",16
"[5.0, 2.16, 7.24, 4.4]",2,"[4, 0, 11, 7]",64
"[9.88, 1.65, 12.12, 3.89]",2,"[8, 0, 15, 7]",64
"[6.94, 11.12, 9.18, 13.36]",2,"[4, 8, 11, 15]",64
"[9.57, 1.91, 11.81, 4.15]",2,"[8, 0, 15, 7]",64
"[4.47, 6.31, 6.71, 8.55]",4,"[4, 6, 7, 9]",16
"[3.23, 4.49, 5.47, 6.73]",2,"[0, 0, 7, 7]",64
"[0.8, 3.76, 3.04, 6.0]",2,"[0, 0, 7, 7]",64
"[3.98, 3.86, 6.22, 6.1]",2,"[0, 0, 7, 7]",64
"[5.76, 2.99, 8.0, 5.23]",2,"[4, 0, 11, 7]",64
"[11.4, 10.71, 13.64, 12.95]",2,"[8, 8, 15, 15]",64
"[1.26, 4.11, 3.5, 6.35]",2,"[0, 0, 7, 7]",64
"[10.61, 9.59, 12.85, 11.83]",3,"[10, 8, 13, 15]",32
"[3.17, 2.22, 5.41, 4.46]",2,"[0, 0, 7, 7]",64
"[8.09, 3.12, 10.33, 5.36]",3,"[8, 0, 11, 7]",32
"[6.16, 6.17, 8.4, 8.41]",4,"[6, 6, 9, 9]",16
"[12.38, 5.34, 14.62, 7.58]",3,"[12, 4, 15, 11]",32
"[3.47, 12.74, 5.71, 14.98]",2,"[0, 8, 7, 15]",64
"[0.81, 0.67, 3.05, 2.91]",2,"[0, 0, 7, 7]",64
"[10.22, 10.91, 12.46, 13.15]",3,"[10, 8, 13, 15]",32
"[10.72, 0.07, 12.96, 2.31]",4,"[10, 0, 13, 3]",16
"[4.07, 7.72, 6.31, 9.96]",3,"[4, 4, 7, 11]",32
"[9.18, 11.03, 11.42, 13.27]",2,"[8, 8, 15, 15]",64
"[6.55, 9.47, 8.79, 11.71]",3,"[6, 8, 9, 15]",32
"[8.85, 11.23, 11.09, 13.47]",2,"[8, 8, 15, 15]",64
"[8.21, 8.74, 10.45, 10.98]",4,"[8, 8, 11, 11]",16
"[7.49, 0.13, 9.73, 2.37]",2,"[4, 0, 11, 7]",64
"[9.13, 3.96, 11.37, 6.2]",2,"[8, 0, 15, 7]",64
"[4.61, 4.26, 6.85, 6.5]",4,"[4, 4, 7, 7]",16
"[12.37, 1.03, 14.61, 3.27]",3,"[12, 0, 15, 7]",32
"[7.62, 3.04, 9.86, 5.28]",2,"[4, 0, 11, 7]",64
"[6.77, 5.29, 9.01, 7.53]",2,"[4, 4, 11, 11]",64
"[3.21, 11.6, 5.45, 13.84]",2,"[0, 8, 7, 15]",64
"[0.52, 1.56, 2.76, 3.8]",3,"[0, 0, 3, 7]",32
"[7.93, 0.36, 10.17, 2.6]",2,"[4, 0, 11, 7]",64
"[8.83, 11.15, 11.07, 13.39]",2,"[8, 8, 15, 15]",64
"[9.43, 7.06, 11.67, 9.3]",2,"[8, 4, 15, 11]",64
"[5.36, 3.37, 7.6, 5.61]",2,"[4, 0, 11, 7]",64
"[11.6, 11.19, 13.84, 13.43]",2,"[8, 8, 15, 15]",64
"[1.96, 7.93, 4.2, 10.17]",2,"[0, 4, 7, 11]",64
"[8.28, 9.99, 10.52, 12.23]",3,"[8, 8, 11, 15]",32
"[10.7, 11.39, 12.94, 13.63]",3,"[10, 8, 13, 15]",32
"[3.09, 12.1, 5.33, 14.34]",2,"[0, 8, 7, 15]",64
"[11.89, 4.36, 14.13, 6.6]",2,"[8, 0, 15, 7]",64
"[7.0, 9.66, 9.24, 11.9]",2,"[4, 8, 11, 15]",64
"[4.58, 1.54, 6.82, 3.78]",3,"[4, 0, 7, 7]",32
"[12.12, 12.68, 14.36, 14.92]",4,"[12, 12, 15, 15]",16
"[4.77, 10.03, 7.01, 12.27]",2,"[4, 8, 11, 15]",64
"[7.79, 8.87, 10.03, 11.11]",2,"[4, 8, 11, 15]",64
"[12.63, 11.5, 14.87, 13.74]",3,"[12, 8, 15, 15]",32
"[12.42, 10.76, 14.66, 13.0]",4,"[12, 10, 15, 13]",16
"[6.92, 5.38, 9.16, 7.62]",2,"[4, 4, 11, 11]",64
"[11.9, 5.12, 14.14, 7.36]",2,"[8, 4, 15, 11]",64
"[7.7, 9.82, 9.94, 12.06]",2,"[4, 8, 11, 15]",64
"[8.59, 2.05, 10.83, 4.29]",4,"[8, 2, 11, 5]",16
"[6.87, 11.42, 9.11, 13.66]",2,"[4, 8, 11, 15]",64
"[11.11, 0.7, 13.35, 2.94]",2,"[8, 0, 15, 7]",64
"[7.21, 12.12, 9.45, 14.36]",2,"[4, 8, 11, 15]",64
"[4.84, 8.42, 7.08, 10.66]",2,"[4, 8, 11, 15]",64
"[10.81, 5.82, 13.05, 8.06]",2,"[8, 4, 15, 11]",64
"[5.48, 0.54, 7.72, 2.78]",2,"[4, 0, 11, 7]",64
"[10.15, 12.03, 12.39, 14.27]",4,"[10, 12, 13, 15]",16
"[6.96, 3.05, 9.2, 5.29]",2,"[4, 0, 11, 7]",64
"[11.29, 2.2, 13.53, 4.44]",2,"[8, 0, 15, 7]",64
"[1.28, 12.42, 3.52, 14.66]",2,"[0, 8, 7, 15]",64
"[2.51, 8.85, 4.75, 11.09]",3,"[2, 8, 5, 15]",32
"[5.57, 3.96, 7.81, 6.2]",2,"[4, 0, 11, 7]",64
"[9.54, 1.19, 11.78, 3.43]",2,"[8, 0, 15, 7]",64
"[6.84, 2.65, 9.08, 4.89]",2,"[4, 0, 11, 7]",64
"[6.37, 0.52, 8.61, 2.76]",4,"[6, 0, 9, 3]",16
"[7.05, 12.55, 9.29, 14.79]",2,"[4, 8, 11, 15]",64
"[1.12, 8.0, 3.36, 10.24]",2,"[0, 8, 7, 15]",64
"[7.29, 0.25, 9.53, 2.49]",2,"[4, 0, 11, 7]",64
"[9.58, 10.02, 11.82, 12.26]",2,"[8, 8, 15, 15]",64
"[8.01, 0.04, 10.25, 2.28]",4,"[8, 0, 11, 3]",16
"[9.04, 5.85, 11.28, 8.09]",2,"[8, 4, 15, 11]",64
"[8.01, 5.09, 10.25, 7.33]",3,"[8, 4, 11, 11]",32
"[12.6, 0.2, 14.84, 2.44]",4,"[12, 0, 15, 3]",16
"[11.59, 12.5, 13.83, 14.74]",2,"[8, 8, 15, 15]",64
"[6.62, 2.05, 8.86, 4.29]",4,"[6, 2, 9, 5]",16
"[12.53, 10.87, 14.77, 13.11]",3,"[12, 8, 15, 15]",32
"[5.3, 12.18, 7.54, 14.42]",2,"[4, 8, 11, 15]",64
"[6.84, 11.88, 9.08, 14.12]",2,"[4, 8, 11, 15]",64
"[9.5, 1.48, 11.74, 3.72]",2,"[8, 0, 15, 7]",64
"[3.1, 9.6, 5.34, 11.84]",2,"[0, 8, 7, 15]",64
"[8.41, 6.56, 10.65, 8.8]",4,"[8, 6, 11, 9]",16
"[10.3, 6.49, 12.54, 8.73]",4,"[10, 6, 13, 9]",16
"[10.08, 8.18, 12.32, 10.42]",4,"[10, 8, 13, 11]",16
"[8.86, 5.53, 11.1, 7.77]",2,"[8, 4, 15, 11]",64
"[1.56, 7.17, 3.8, 9.41]",2,"[0, 4, 7, 11]",64
"[9.26, 1.96, 11.5, 4.2]",2,"[8, 0, 15, 7]",64
"[9.3, 6.47, 11.54, 8.71]",2,"[8, 4, 15, 11]",64
"[5.91, 8.46, 8.15, 10.7]",2,"[4, 8, 11, 15]",64
"[5.29, 12.69, 7.53, 14.93]",2,"[4, 8, 11, 15]",64
"[10.86, 4.07, 13.1, 6.31]",2,"[8, 0, 15, 7]",64
"[4.86, 2.5, 7.1, 4.74]",2,"[4, 0, 11, 7]",64
"[11.14, 6.54, 13.38, 8.78]",2,"[8, 4, 15, 11]",64
"[7.98, 11.07, 10.22, 13.31]",2,"[4, 8, 11, 15]",64
"[12.51, 7.74, 14.75, 9.98]",3,"[12, 4, 15, 11]",32
"[3.65, 10.02, 5.89, 12.26]",2,"[0, 8, 7, 15]",64
"[10.35, 4.96, 12.59, 7.2]",3,"[10, 4, 13, 11]",32
"[8.09, 10.53, 10.33, 12.77]",4,"[8, 10, 11, 13]",16
"[7.56, 10.05, 9.8, 12.29]",2,"[4, 8, 11, 15]",64
"[7.68, 4.44, 9.92, 6.68]",2,"[4, 0, 11, 7]",64
"[5.57, 4.89, 7.81, 7.13]",2,"[4, 4, 11, 11]",64
"[1.56, 2.57, 3.8, 4.81]",2,"[0, 0, 7, 7]",64
"[4.89, 10.26, 7.13, 12.5]",2,"[4, 8, 11, 15]",64
"[6.39, 8.73, 8.63, 10.97]",4,"[6, 8, 9, 11]",16
"[7.89, 10.36, 10.13, 12.6]",2,"[4, 8, 11, 15]",64
"[3.82, 6.46, 6.06, 8.7]",2,"[0, 4, 7, 11]",64
"[1.95, 6.09, 4.19, 8.33]",2,"[0, 4, 7, 11]",64
"[4.14, 10.85, 6.38, 13.09]",3,"[4, 8, 7, 15]",32
"[6.76, 7.33, 9.0, 9.57]",3,"[6, 4, 9, 11]",32
"[5.81, 4.74, 8.05, 6.98]",2,"[4, 0, 11, 7]",64
"[5.58, 12.03, 7.82, 14.27]",2,"[4, 8, 11, 15]",64
"[7.17, 6.66, 9.41, 8.9]",2,"[4, 4, 11, 11]",64
"[11.97, 8.37, 14.21, 10.61]",2,"[8, 8, 15, 15]",64
"[5.95, 6.32, 8.19, 8.56]",2,"[4, 4, 11, 11]",64
"[6.25, 3.7, 8.49, 5.94]",3,"[6, 0, 9, 7]",32
"[6.53, 6.36, 8.77, 8.6]",4,"[6, 6, 9, 9]",16
"[2.39, 4.74, 4.63, 6.98]",4,"[2, 4, 5, 7]",16
"[5.47, 8.72, 7.71, 10.96]",2,"[4, 8, 11, 15]",64
"[10.99, 8.14, 13.23, 10.38]",2,"[8, 8, 15, 15]",64
"[7.53, 4.01, 9.77, 6.25]",2,"[4, 0, 11, 7]",64
"[4.4, 11.91, 6.64, 14.15]",3,"[4, 8, 7, 15]",32
"[4.47, 3.81, 6.71, 6.05]",3,"[4, 0, 7, 7]",32
"[6.08, 5.26, 8.32, 7.5]",3,"[6, 4, 9, 11]",32
"[6.28, 8.54, 8.52, 10.78]",4,"[6, 8, 9, 11]",16
"[0.51, 1.55, 2.75, 3.79]",3,"[0, 0, 3, 7]",32
"[3.82, 10.91, 6.06, 13.15]",2,"[0, 8, 7, 15]",64
"[2.01, 0.93, 4.25, 3.17]",3,"[2, 0, 5, 7]",32
"[11.66, 9.28, 13.9, 11.52]",2,"[8, 8, 15, 15]",64
"[0.25, 7.88, 2.49, 10.12]",3,"[0, 4, 3, 11]",32
"[0.21, 8.47, 2.45, 10.71]",4,"[0, 8, 3, 11]",16
"[5.92, 12.15, 8.16, 14.39]",2,"[4, 8, 11, 15]",64
"[7.43, 9.88, 9.67, 12.12]",2,"[4, 8, 11, 15]",64
"[7.23, 4.47, 9.47, 6.71]",2,"[4, 0, 11, 7]",64
"[9.62, 3.97, 11.86, 6.21]",2,"[8, 0, 15, 7]",64
"[0.53, 5.9, 2.77, 8.14]",3,"[0, 4, 3, 11]",32
"[12.06, 2.5, 14.3, 4.74]",4,"[12, 2, 15, 5]",16
"[2.07, 4.96, 4.31, 7.2]",3,"[2, 4, 5, 11]",32
"[8.88, 3.56, 11.12, 5.8]",2,"[8, 0, 15, 7]",64
"[0.5, 8.85, 2.74, 11.09]",3,"[0, 8, 3, 15]",32
"[12.56, 9.1, 14.8, 11.34]",3,"[12, 8, 15, 15]",32
"[4.09, 6.02, 6.33, 8.26]",4,"[4, 6, 7, 9]",16
"[1.86, 1.07, 4.1, 3.31]",2,"[0, 0, 7, 7]",64
"[12.75, 10.63, 14.99, 12.87]",4,"[12, 10, 15, 13]",16
"[9.63, 3.84, 11.87, 6.08]",2,"[8, 0, 15, 7]",64
"[11.7, 12.28, 13.94, 14.52]",2,"[8, 8, 15, 15]",64
"[3.14, 4.14, 5.38, 6.38]",2,"[0, 0, 7, 7]",64
"[8.73, 11.64, 10.97, 13.88]",3,"[8, 8, 11, 15]",32
"[10.27, 8.01, 12.51, 10.25]",4,"[10, 8, 13, 11]",16
"[2.74, 8.6, 4.98, 10.84]",4,"[2, 8, 5, 11]",16
"[5.72, 7.79, 7.96, 10.03]",2,"[4, 4, 11, 11]",64
"[9.02, 4.73, 11.26, 6.97]",2,"[8, 0, 15, 7]",64
"[11.61, 4.31, 13.85, 6.55]",2,"[8, 0, 15, 7]",64
"[1.09, 3.04, 3.33, 5.28]",2,"[0, 0, 7, 7]",64
"[9.35, 12.55, 11.59, 14.79]",2,"[8, 8, 15, 15]",64
"[7.99, 2.66, 10.23, 4.9]",2,"[4, 0, 11, 7]",64
"[1.93, 10.71, 4.17, 12.95]",2,"[0, 8, 7, 15]",64
"[8.16, 3.44, 10.4, 5.68]",3,"[8, 0, 11, 7]",32
"[7.23, 7.32, 9.47, 9.56]",2,"[4, 4, 11, 11]",64
"[7.91, 12.36, 10.15, 14.6]",2,"[4, 8, 11, 15]",64
"[12.37, 1.23, 14.61, 3.47]",3,"[12, 0, 15, 7]",32
"[11.36, 9.26, 13.6, 11.5]",2,"[8, 8, 15, 15]",64
"[10.13, 12.32, 12.37, 14.56]",4,"[10, 12, 13, 15]",16
"[3.37, 6.66, 5.61, 8.9]",2,"[0, 4, 7, 11]",64
"[4.71, 9.1, 6.95, 11.34]",3,"[4, 8, 7, 15]",32
"[3.8, 10.01, 6.04, 12.25]",2,"[0, 8, 7, 15]",64
"[0.9, 9.93, 3.14, 12.17]",2,"[0, 8, 7, 15]",64
"[2.18, 7.13, 4.42, 9.37]",3,"[2, 4, 5, 11]",32
"[9.95, 10.34, 12.19, 12.58]",2,"[8, 8, 15, 15]",64
"[5.14, 10.25, 7.38, 12.49]",2,"[4, 8, 11, 15]",64
"[10.57, 8.71, 12.81, 10.95]",4,"[10, 8, 13, 11]",16
"[3.45, 4.55, 5.69, 6.79]",2,"[0, 0, 7, 7]",64
"[0.35, 3.52, 2.59, 5.76]",3,"[0, 0, 3, 7]",32
"[7.2, 5.26, 9.44, 7.5]",2,"[4, 4, 11, 11]",64
"[6.48, 9.88, 8.72, 12.12]",3,"[6, 8, 9, 15]",32
"[4.04, 5.83, 6.28, 8.07]",3,"[4, 4, 7, 11]",32
"[2.14, 8.9, 4.38, 11.14]",3,"[2, 8, 5, 15]",32
"[2.58, 4.14, 4.82, 6.38]",4,"[2, 4, 5, 7]",16
"[9.81, 5.91, 12.05, 8.15]",2,"[8, 4, 15, 11]",64
"[10.66, 0.54, 12.9, 2.78]",4,"[10, 0, 13, 3]",16
"[1.73, 3.35, 3.97, 5.59]",2,"[0, 0, 7, 7]",64
"[7.45, 8.16, 9.69, 10.4]",2,"[4, 8, 11, 15]",64
"[12.42, 1.18, 14.66, 3.42]",3,"[12, 0, 15, 7]",32
"[4.35, 12.74, 6.59, 14.98]",4,"[4, 12, 7, 15]",16
"[5.09, 9.74, 7.33, 11.98]",2,"[4, 8, 11, 15]",64
"[11.95, 6.29, 14.19, 8.53]",2,"[8, 4, 15, 11]",64
"[9.04, 2.26, 11.28, 4.5]",2,"[8, 0, 15, 7]",64
"[6.62, 1.63, 8.86, 3.87]",3,"[6, 0, 9, 7]",32
"[5.87, 5.28, 8.11, 7.52]",2,"[4, 4, 11, 11]",64
"[8.2, 9.79, 10.44, 12.03]",3,"[8, 8, 11, 15]",32
"[10.94, 6.8, 13.18, 9.04]",2,"[8, 4, 15, 11]",64
"[3.99, 2.33, 6.23, 4.57]",2,"[0, 0, 7, 7]",64
"[12.58, 10.62, 14.82, 12.86]",4,"[12, 10, 15, 13]",16
"[8.98, 6.47, 11.22, 8.71]",2,"[8, 4, 15, 11]",64
"[5.95, 9.45, 8.19, 11.69]",2,"[4, 8, 11, 15]",64
"[4.48, 4.81, 6.72, 7.05]",3,"[4, 4, 7, 11]",32
"[1.34, 6.39, 3.58, 8.63]",2,"[0, 4, 7, 11]",64
"[1.38, 2.77, 3.62, 5.01]",2,"[0, 0, 7, 7]",64
"[7.74, 9.92, 9.98, 12.16]",2,"[4, 8, 11, 15]",64
"[7.49, 8.78, 9.73, 11.02]",2,"[4, 8, 11, 15]",64
"[6.94, 10.26, 9.18, 12.5]",2,"[4, 8, 11, 15]",64
"[10.02, 2.66, 12.26, 4.9]",4,"[10, 2, 13, 5]",16
"[0.37, 2.78, 2.61, 5.02]",3,"[0, 0, 3, 7]",32
"[7.96, 1.48, 10.2, 3.72]",2,"[4, 0, 11, 7]",64
"[7.27, 1.68, 9.51, 3.92]",2,"[4, 0, 11, 7]",64
"[9.89, 0.74, 12.13, 2.98]",2,"[8, 0, 15, 7]",64
"[5.4, 5.53, 7.64, 7.77]",2,"[4, 4, 11, 11]",64
"[0.96, 11.13, 3.2, 13.37]",2,"[0, 8, 7, 15]",64
"[6.2, 11.58, 8.44, 13.82]",3,"[6, 8, 9, 15]",32
"[7.05, 6.07, 9.29, 8.31]",2,"[4, 4, 11, 11]",64
"[6.64, 4.87, 8.88, 7.11]",3,"[6, 4, 9, 11]",32
"[1.13, 9.01, 3.37, 11.25]",2,"[0, 8, 7, 15]",64
"[8.5, 8.11, 10.74, 10.35]",4,"[8, 8, 11, 11]",16
"[7.38, 6.64, 9.62, 8.88]",2,"[4, 4, 11, 11]",64
"[12.2, 10.97, 14.44, 13.21]",3,"[12, 8, 15, 15]",32
"[6.98, 3.93, 9.22, 6.17]",2,"[4, 0, 11, 7]",64
"[2.04, 2.27, 4.28, 4.51]",4,"[2, 2, 5, 5]",16
"[10.73, 2.26, 12.97, 4.5]",4,"[10, 2, 13, 5]",16
"[11.17, 3.92, 13.41, 6.16]",2,"[8, 0, 15, 7]",64
"[3.53, 9.26, 5.77, 11.5]",2,"[0, 8, 7, 15]",64
"[4.86, 10.86, 7.1, 13.1]",2,"[4, 8, 11, 15]",64
"[0.6, 9.75, 2.84, 11.99]",3,"[0, 8, 3, 15]",32
"[9.47, 7.81, 11.71, 10.05]",2,"[8, 4, 15, 11]",64
"[11.25, 6.6, 13.49, 8.84]",2,"[8, 4, 15, 11]",64
"[11.76, 1.04, 14.0, 3.28]",2,"[8, 0, 15, 7]",64
"[12.35, 10.94, 14.59, 13.18]",3,"[12, 8, 15, 15]",32
"[0.09, 9.86, 2.33, 12.1]",3,"[0, 8, 3, 15]",32
"[0.36, 6.06, 2.6, 8.3]",4,"[0, 6, 3, 9]",16
"[3.63, 12.3, 5.87, 14.54]",2,"[0, 8, 7, 15]",64
"[2.65, 10.46, 4.89, 12.7]",4,"[2, 10, 5, 13]",16
"[9.1, 4.28, 11.34, 6.52]",2,"[8, 0, 15, 7]",64
"[3.46, 10.77, 5.7, 13.01]",2,"[0, 8, 7, 15]",64
"[12.17, 1.58, 14.41, 3.82]",3,"[12, 0, 15, 7]",32
"[11.36, 3.02, 13.6, 5.26]",2,"[8, 0, 15, 7]",64
"[2.31, 1.72, 4.55, 3.96]",3,"[2, 0, 5, 7]",32
"[1.63, 10.89, 3.87, 13.13]",2,"[0, 8, 7, 15]",64
"[4.55, 5.24, 6.79, 7.48]",3,"[4, 4, 7, 11]",32
"[9.33, 7.58, 11.57, 9.82]",2,"[8, 4, 15, 11]",64
"[5.29, 9.64, 7.53, 11.88]",2,"[4, 8, 11, 15]",64
"[11.88, 5.22, 14.12, 7.46]",2,"[8, 4, 15, 11]",64
"[1.01, 8.61, 3.25, 10.85]",2,"[0, 8, 7, 15]",64
"[1.11, 4.95, 3.35, 7.19]",2,"[0, 4, 7, 11]",64
"[7.89, 2.56, 10.13, 4.8]",2,"[4, 0, 11, 7]",64
"[8.72, 11.25, 10.96, 13.49]",3,"[8, 8, 11, 15]",32
"[7.63, 3.95, 9.87, 6.19]",2,"[4, 0, 11, 7]",64
"[4.46, 4.85, 6.7, 7.09]",3,"[4, 4, 7, 11]",32
"[9.83, 1.19, 12.07, 3.43]",2,"[8, 0, 15, 7]",64
"[2.34, 2.55, 4.58, 4.79]",4,"[2, 2, 5, 5]",16
"[5.77, 9.28, 8.01, 11.52]",2,"[4, 8, 11, 15]",64
"[0.77, 10.03, 3.01, 12.27]",2,"[0, 8, 7, 15]",64
"[1.59, 6.99, 3.83, 9.23]",2,"[0, 4, 7, 11]",64
"[10.48, 2.03, 12.72, 4.27]",4,"[10, 2, 13, 5]",16
"[0.49, 4.68, 2.73, 6.92]",4,"[0, 4, 3, 7]",16
"[8.76, 5.39, 11.0, 7.63]",3,"[8, 4, 11, 11]",32
"[5.3, 0.16, 7.54, 2.4]",2,"[4, 0, 11, 7]",64
"[0.83, 12.22, 3.07, 14.46]",2,"[0, 8, 7, 15]",64
"[10.24, 8.53, 12.48, 10.77]",4,"[10, 8, 13, 11]",16
"[5.46, 10.03, 7.7, 12.27]",2,"[4, 8, 11, 15]",64
"[1.89, 1.31, 4.13, 3.55]",2,"[0, 0, 7, 7]",64
"[6.87, 11.76, 9.11, 14.0]",2,"[4, 8, 11, 15]",64
"[8.79, 6.83, 11.03, 9.07]",2,"[8, 4, 15, 11]",64
"[2.32, 11.54, 4.56, 13.78]",3,"[2, 8, 5, 15]",32
"[8.78, 1.92, 11.02, 4.16]",2,"[8, 0, 15, 7]",64
"[5.56, 7.52, 7.8, 9.76]",2,"[4, 4, 11, 11]",64
"[3.64, 0.36, 5.88, 2.6]",2,"[0, 0, 7, 7]",64
"[4.25, 11.06, 6.49, 13.3]",3,"[4, 8, 7, 15]",32
"[0.05, 1.83, 2.29, 4.07]",3,"[0, 0, 3, 7]",32
"[0.59, 5.19, 2.83, 7.43]",3,"[0, 4, 3, 11]",32
"[0.61, 0.01, 2.85, 2.25]",4,"[0, 0, 3, 3]",16
"[1.54, 10.62, 3.78, 12.86]",2,"[0, 8, 7, 15]",64
"[6.36, 10.01, 8.6, 12.25]",4,"[6, 10, 9, 13]",16
"[11.54, 5.07, 13.78, 7.31]",2,"[8, 4, 15, 11]",64
"[1.49, 9.19, 3.73, 11.43]",2,"[0, 8, 7, 15]",64
"[5.92, 12.53, 8.16, 14.77]",2,"[4, 8, 11, 15]",64
"[0.45, 10.21, 2.69, 12.45]",4,"[0, 10, 3, 13]",16
"[9.39, 3.9, 11.63, 6.14]",2,"[8, 0, 15, 7]",64
"[10.6, 6.93, 12.84, 9.17]",3,"[10, 4, 13, 11]",32
"[5.87, 9.27, 8.11, 11.51]",2,"[4, 8, 11, 15]",64
"[4.2, 2.49, 6.44, 4.73]",4,"[4, 2, 7, 5]",16
"[10.01, 3.61, 12.25, 5.85]",3,"[10, 0, 13, 7]",32
"[9.66, 10.53, 11.9, 12.77]",2,"[8, 8, 15, 15]",64
"[0.5, 6.65, 2.74, 8.89]",4,"[0, 6, 3, 9]",16
"[3.09, 9.95, 5.33, 12.19]",2,"[0, 8, 7, 15]",64
"[12.42, 1.61, 14.66, 3.85]",3,"[12, 0, 15, 7]",32
"[10.96, 0.19, 13.2, 2.43]",2,"[8, 0, 15, 7]",64
"[8.9, 2.45, 11.14, 4.69]",2,"[8, 0, 15, 7]",64
"[0.79, 4.06, 3.03, 6.3]",2,"[0, 0, 7, 7]",64
"[11.64, 9.93, 13.88, 12.17]",2,"[8, 8, 15, 15]",64
"[0.51, 12.14, 2.75, 14.38]",4,"[0, 12, 3, 15]",16
"[2.3, 2.95, 4.54, 5.19]",3,"[2, 0, 5, 7]",32
"[3.18, 9.17, 5.42, 11.41]",2,"[0, 8, 7, 15]",64
"[12.39, 4.33, 14.63, 6.57]",4,"[12, 4, 15, 7]",16
"[3.72, 12.6, 5.96, 14.84]",2,"[0, 8, 7, 15]",64
"[10.76, 6.05, 13.0, 8.29]",4,"[10, 6, 13, 9]",16
"[0.66, 8.88, 2.9, 11.12]",3,"[0, 8, 3, 15]",32
"[0.31, 6.29, 2.55, 8.53]",4,"[0, 6, 3, 9]",16
"[4.8, 6.2, 7.04, 8.44]",2,"[4, 4, 11, 11]",64
"[8.97, 10.22, 11.21, 12.46]",2,"[8, 8, 15, 15]",64
"[7.85, 2.82, 10.09, 5.06]",2,"[4, 0, 11, 7]",64
"[1.35, 10.63, 3.59, 12.87]",2,"[0, 8, 7, 15]",64
"[9.53, 9.48, 11.77, 11.72]",2,"[8, 8, 15, 15]",64
"[8.18, 10.34, 10.42, 12.58]",4,"[8, 10, 11, 13]",16
"[4.08, 7.89, 6.32, 10.13]",3,"[4, 4, 7, 11]",32
"[0.61, 5.67, 2.85, 7.91]",3,"[0, 4, 3, 11]",32
"[6.25, 11.83, 8.49, 14.07]",3,"[6, 8, 9, 15]",32
"[11.69, 0.13, 13.93, 2.37]",2,"[8, 0, 15, 7]",64
"[2.11, 5.4, 4.35, 7.64]",3,"[2, 4, 5, 11]",32
"[10.6, 6.88, 12.84, 9.12]",3,"[10, 4, 13, 11]",32
"[11.88, 7.09, 14.12, 9.33]",2,"[8, 4, 15, 11]",64
"[4.71, 0.96, 6.95, 3.2]",3,"[4, 0, 7, 7]",32
"[2.81, 4.91, 5.05, 7.15]",2,"[0, 4, 7, 11]",64
"[8.63, 11.66, 10.87, 13.9]",3,"[8, 8, 11, 15]",32
"[5.21, 3.74, 7.45, 5.98]",2,"[4, 0, 11, 7]",64
"[8.16, 4.37, 10.4, 6.61]",4,"[8, 4, 11, 7]",16
"[7.31, 3.21, 9.55, 5.45]",2,"[4, 0, 11, 7]",64
"[7.12, 10.82, 9.36, 13.06]",2,"[4, 8, 11, 15]",64
"[6.2, 1.76, 8.44, 4.0]",3,"[6, 0, 9, 7]",32
"[7.95, 5.78, 10.19, 8.02]",2,"[4, 4, 11, 11]",64
"[12.4, 6.34, 14.64, 8.58]",4,"[12, 6, 15, 9]",16
"[3.93, 4.44, 6.17, 6.68]",2,"[0, 0, 7, 7]",64
"[2.66, 7.99, 4.9, 10.23]",3,"[2, 4, 5, 11]",32
"[4.13, 12.07, 6.37, 14.31]",4,"[4, 12, 7, 15]",16
"[7.55, 4.61, 9.79, 6.85]",2,"[4, 0, 11, 7]",64
"[10.58, 8.62, 12.82, 10.86]",4,"[10, 8, 13, 11]",16
"[9.23, 10.72, 11.47, 12.96]",2,"[8, 8, 15, 15]",64
"[8.07, 0.33, 10.31, 2.57]",4,"[8, 0, 11, 3]",16
"[3.21, 7.2, 5.45, 9.44]",2,"[0, 4, 7, 11]",64
"[4.93, 3.03, 7.17, 5.27]",2,"[4, 0, 11, 7]",64
"[4.33, 10.9, 6.57, 13.14]",3,"[4, 8, 7, 15]",32
"[1.99, 11.84, 4.23, 14.08]",2,"[0, 8, 7, 15]",64
"[1.52, 11.13, 3.76, 13.37]",2,"[0, 8, 7, 15]",64
"[1.23, 7.4, 3.47, 9.64]",2,"[0, 4, 7, 11]",64
"[11.18, 9.6, 13.42, 11.84]",2,"[8, 8, 15, 15]",64
"[7.42, 9.04, 9.66, 11.28]",2,"[4, 8, 11, 15]",64
"[3.06, 3.43, 5.3, 5.67]",2,"[0, 0, 7, 7]",64
"[11.55, 6.33, 13.79, 8.57]",2,"[8, 4, 15, 11]",64
"[0.92, 0.08, 3.16, 2.32]",2,"[0, 0, 7, 7]",64
"[10.72, 4.37, 12.96, 6.61]",4,"[10, 4, 13, 7]",16
"[2.96, 5.93, 5.2, 8.17]",2,"[0, 4, 7, 11]",64
"[8.06, 3.52, 10.3, 5.76]",3,"[8, 0, 11, 7]",32
"[2.32, 6.7, 4.56, 8.94]",4,"[2, 6, 5, 9]",16
"[12.49, 12.21, 14.73, 14.45]",4,"[12, 12, 15, 15]",16
"[5.77, 6.45, 8.01, 8.69]",2,"[4, 4, 11, 11]",64
"[10.8, 12.25, 13.04, 14.49]",2,"[8, 8, 15, 15]",64
"[11.73, 8.92, 13.97, 11.16]",2,"[8, 8, 15, 15]",64
"[1.86, 9.84, 4.1, 12.08]",2,"[0, 8, 7, 15]",64
"[9.53, 2.91, 11.77, 5.15]",2,"[8, 0, 15, 7]",64
"[6.71, 2.83, 8.95, 5.07]",3,"[6, 0, 9, 7]",32
"[8.08, 6.85, 10.32, 9.09]",3,"[8, 4, 11, 11]",32
"[2.26, 2.54, 4.5, 4.78]",4,"[2, 2, 5, 5]",16
"[1.47, 8.92, 3.71, 11.16]",2,"[0, 8, 7, 15]",64
"[8.32, 5.05, 10.56, 7.29]",3,"[8, 4, 11, 11]",32
"[9.03, 10.25, 11.27, 12.49]",2,"[8, 8, 15, 15]",64
"[6.55, 5.56, 8.79, 7.8]",3,"[6, 4, 9, 11]",32
"[1.84, 9.04, 4.08, 11.28]",2,"[0, 8, 7, 15]",64
"[6.77, 1.98, 9.01, 4.22]",2,"[4, 0, 11, 7]",64
"[5.78, 4.71, 8.02, 6.95]",2,"[4, 0, 11, 7]",64
"[12.56, 12.52, 14.8, 14.76]",4,"[12, 12, 15, 15]",16
"[5.48, 11.12, 7.72, 13.36]",2,"[4, 8, 11, 15]",64
"[4.56, 5.63, 6.8, 7.87]",3,"[4, 4, 7, 11]",32
"[0.51, 6.38, 2.75, 8.62]",4,"[0, 6, 3, 9]",16
"[8.33, 10.23, 10.57, 12.47]",4,"[8, 10, 11, 13]",16
"[5.84, 6.45, 8.08, 8.69]",2,"[4, 4, 11, 11]",64
"[9.7, 4.66, 11.94, 6.9]",2,"[8, 0, 15, 7]",64
"[12.17, 9.41, 14.41, 11.65]",3,"[12, 8, 15, 15]",32
"[3.8, 5.56, 6.04, 7.8]",2,"[0, 4, 7, 11]",64
"[12.53, 10.69, 14.77, 12.93]",4,"[12, 10, 15, 13]",16
"[5.26, 3.21, 7.5, 5.45]",2,"[4, 0, 11, 7]",64
"[0.28, 0.63, 2.52, 2.87]",4,"[0, 0, 3, 3]",16
"[12.13, 5.38, 14.37, 7.62]",3,"[12, 4, 15, 11]",32
"[12.47, 9.31, 14.71, 11.55]",3,"[12, 8, 15, 15]",32
"[9.29, 11.2, 11.53, 13.44]",2,"[8, 8, 15, 15]",64
"[3.83, 7.13, 6.07, 9.37]",2,"[0, 4, 7, 11]",64
"[3.87, 6.67, 6.11, 8.91]",2,"[0, 4, 7, 11]",64
"[8.99, 2.93, 11.23, 5.17]",2,"[8, 0, 15, 7]",64
"[1.69, 10.05, 3.93, 12.29]",2,"[0, 8, 7, 15]",64
"[0.44, 5.31, 2.68, 7.55]",3,"[0, 4, 3, 11]",32
"[9.89, 11.67, 12.13, 13.91]",2,"[8, 8, 15, 15]",64
"[0.52, 10.41, 2.76, 12.65]",4,"[0, 10, 3, 13]",16
"[11.22, 1.68, 13.46, 3.92]",2,"[8, 0, 15, 7]",64
"[5.19, 4.3, 7.43, 6.54]",2,"[4, 0, 11, 7]",64
"[6.55, 9.0, 8.79, 11.24]",3,"[6, 8, 9, 15]",32
"[9.61, 11.43, 11.85, 13.67]",2,"[8, 8, 15, 15]",64
"[6.19, 12.38, 8.43, 14.62]",4,"[6, 12, 9, 15]",16
"[3.53, 9.23, 5.77, 11.47]",2,"[0, 8, 7, 15]",64
"[7.75, 5.02, 9.99, 7.26]",2,"[4, 4, 11, 11]",64
"[10.43, 5.53, 12.67, 7.77]",3,"[10, 4, 13, 11]",32
"[6.73, 11.03, 8.97, 13.27]",3,"[6, 8, 9, 15]",32
"[7.36, 6.38, 9.6, 8.62]",2,"[4, 4, 11, 11]",64
"[9.91, 6.12, 12.15, 8.36]",2,"[8, 4, 15, 11]",64
"[0.59, 10.66, 2.83, 12.9]",4,"[0, 10, 3, 13]",16
"[7.68, 12.46, 9.92, 14.7]",2,"[4, 8, 11, 15]",64
"[4.94, 0.78, 7.18, 3.02]",2,"[4, 0, 11, 7]",64
"[0.2, 5.76, 2.44, 8.0]",3,"[0, 4, 3, 11]",32
"[3.04, 7.89, 5.28, 10.13]",2,"[0, 4, 7, 11]",64
"[4.56, 6.31, 6.8, 8.55]",4,"[4, 6, 7, 9]",16
"[3.51, 6.9, 5.75, 9.14]",2,"[0, 4, 7, 11]",64
"[4.1, 6.88, 6.34, 9.12]",3,"[4, 4, 7, 11]",32
"[7.53, 2.89, 9.77, 5.13]",2,"[4, 0, 11, 7]",64
"[2.57, 7.17, 4.81, 9.41]",3,"[2, 4, 5, 11]",32
"[0.25, 2.96, 2.49, 5.2]",3,"[0, 0, 3, 7]",32
"[1.81, 9.34, 4.05, 11.58]",2,"[0, 8, 7, 15]",64
"[9.33, 6.8, 11.57, 9.04]",2,"[8, 4, 15, 11]",64
"[1.84, 10.39, 4.08, 12.63]",2,"[0, 8, 7, 15]",64
"[0.64, 11.33, 2.88, 13.57]",3,"[0, 8, 3, 15]",32
"[0.94, 3.42, 3.18, 5.66]",2,"[0, 0, 7, 7]",64
"[9.21, 9.75, 11.45, 11.99]",2,"[8, 8, 15, 15]",64
"[9.81, 1.09, 12.05, 3.33]",2,"[8, 0, 15, 7]",64
"[10.21, 0.98, 12.45, 3.22]",3,"[10, 0, 13, 7]",32
"[3.71, 7.59, 5.95, 9.83]",2,"[0, 4, 7, 11]",64
"[12.65, 12.64, 14.89, 14.88]",4,"[12, 12, 15, 15]",16
"[6.35, 2.22, 8.59, 4.46]",4,"[6, 2, 9, 5]",16
"[11.5, 8.73, 13.74, 10.97]",2,"[8, 8, 15, 15]",64
"[6.25, 8.27, 8.49, 10.51]",4,"[6, 8, 9, 11]",16
"[4.92, 8.58, 7.16, 10.82]",2,"[4, 8, 11, 15]",64
"[0.32, 8.55, 2.56, 10.79]",4,"[0, 8, 3, 11]",16
"[7.54, 8.85, 9.78, 11.09]",2,"[4, 8, 11, 15]",64
"[10.79, 1.54, 13.03, 3.78]",2,"[8, 0, 15, 7]",64
"[3.83, 1.34, 6.07, 3.58]",2,"[0, 0, 7, 7]",64
"[7.63, 12.27, 9.87, 14.51]",2,"[4, 8, 11, 15]",64
"[8.55, 9.03, 10.79, 11.27]",3,"[8, 8, 11, 15]",32
"[3.78, 3.99, 6.02, 6.23]",2,"[0, 0, 7, 7]",64
"[9.63, 10.75, 11.87, 12.99]",2,"[8, 8, 15, 15]",64
"[10.11, 11.63, 12.35, 13.87]",3,"[10, 8, 13, 15]",32
"[8.08, 9.8, 10.32, 12.04]",3,"[8, 8, 11, 15]",32
"[2.12, 12.71, 4.36, 14.95]",4,"[2, 12, 5, 15]",16
"[2.14, 6.34, 4.38, 8.58]",4,"[2, 6, 5, 9]",16
"[7.6, 9.8, 9.84, 12.04]",2,"[4, 8, 11, 15]",64
"[12.69, 10.25, 14.93, 12.49]",4,"[12, 10, 15, 13]",16
"[11.2, 8.1, 13.44, 10.34]",2,"[8, 8, 15, 15]",64
"[12.43, 9.16, 14.67, 11.4]",3,"[12, 8, 15, 15]",32
"[1.59, 5.33, 3.83, 7.57]",2,"[0, 4, 7, 11]",64
"[9.49, 9.59, 11.73, 11.83]",2,"[8, 8, 15, 15]",64
"[5.33, 2.07, 7.57, 4.31]",2,"[4, 0, 11, 7]",64
"[1.06, 7.28, 3.3, 9.52]",2,"[0, 4, 7, 11]",64
"[6.44, 7.79, 8.68, 10.03]",3,"[6, 4, 9, 11]",32
"[12.33, 4.71, 14.57, 6.95]",4,"[12, 4, 15, 7]",16
"[3.51, 2.11, 5.75, 4.35]",2,"[0, 0, 7, 7]",64
"[2.75, 11.95, 4.99, 14.19]",3,"[2, 8, 5, 15]",32
"[6.63, 7.14, 8.87, 9.38]",3,"[6, 4, 9, 11]",32
"[10.41, 10.68, 12.65, 12.92]",4,"[10, 10, 13, 13]",16
"[4.8, 5.45, 7.04, 7.69]",2,"[4, 4, 11, 11]",64
"[0.64, 6.2, 2.88, 8.44]",4,"[0, 6, 3, 9]",16
"[2.06, 3.49, 4.3, 5.73]",3,"[2, 0, 5, 7]",32
"[4.28, 3.57, 6.52, 5.81]",3,"[4, 0, 7, 7]",32
"[6.91, 3.8, 9.15, 6.04]",2,"[4, 0, 11, 7]",64
"[9.75, 12.66, 11.99, 14.9]",2,"[8, 8, 15, 15]",64
"[5.63, 11.35, 7.87, 13.59]",2,"[4, 8, 11, 15]",64
"[10.6, 11.91, 12.84, 14.15]",3,"[10, 8, 13, 15]",32
"[1.85, 1.7, 4.09, 3.94]",2,"[0, 0, 7, 7]",64
"[10.34, 1.56, 12.58, 3.8]",3,"[10, 0, 13, 7]",32
"[8.3, 10.41, 10.54, 12.65]",4,"[8, 10, 11, 13]",16
"[10.92, 2.24, 13.16, 4.48]",2,"[8, 0, 15, 7]",64
"[9.2, 10.9, 11.44, 13.14]",2,"[8, 8, 15, 15]",64
"[3.51, 11.49, 5.75, 13.73]",2,"[0, 8, 7, 15]",64
"[2.34, 10.5, 4.58, 12.74]",4,"[2, 10, 5, 13]",16
"[0.89, 4.15, 3.13, 6.39]",2,"[0, 0, 7, 7]",64
"[7.14, 8.1, 9.38, 10.34]",2,"[4, 8, 11, 15]",64
"[3.02, 10.86, 5.26, 13.1]",2,"[0, 8, 7, 15]",64
"[12.68, 11.65, 14.92, 13.89]",3,"[12, 8, 15, 15]",32
"[2.26, 4.32, 4.5, 6.56]",4,"[2, 4, 5, 7]",16
"[7.17, 8.61, 9.41, 10.85]",2,"[4, 8, 11, 15]",64
"[10.79, 1.55, 13.03, 3.79]",2,"[8, 0, 15, 7]",64
"[1.89, 2.2, 4.13, 4.44]",2,"[0, 0, 7, 7]",64
"[5.07, 11.61, 7.31, 13.85]",2,"[4, 8, 11, 15]",64
"[0.17, 0.05, 2.41, 2.29]",4,"[0, 0, 3, 3]",16
"[12.51, 4.83, 14.75, 7.07]",3,"[12, 4, 15, 11]",32
"[6.19, 7.22, 8.43, 9.46]",3,"[6, 4, 9, 11]",32
"[7.27, 2.82, 9.51, 5.06]",2,"[4, 0, 11, 7]",64
"[3.25, 6.79, 5.49, 9.03]",2,"[0, 4, 7, 11]",64
"[11.63, 12.15, 13.87, 14.39]",2,"[8, 8, 15, 15]",64
"[11.97, 10.09, 14.21, 12.33]",2,"[8, 8, 15, 15]",64
"[5.94, 6.68, 8.18, 8.92]",2,"[4, 4, 11, 11]",64
"[6.11, 3.41, 8.35, 5.65]",3,"[6, 0, 9, 7]",32
"[10.73, 11.22, 12.97, 13.46]",3,"[10, 8, 13, 15]",32
"[7.64, 1.72, 9.88, 3.96]",2,"[4, 0, 11, 7]",64
"[6.0, 4.88, 8.24, 7.12]",3,"[6, 4, 9, 11]",32
"[6.49, 6.85, 8.73, 9.09]",3,"[6, 4, 9, 11]",32
"[4.8, 9.81, 7.04, 12.05]",2,"[4, 8, 11, 15]",64
"[1.31, 11.73, 3.55, 13.97]",2,"[0, 8, 7, 15]",64
"[4.34, 11.9, 6.58, 14.14]",3,"[4, 8, 7, 15]",32
"[8.41, 11.44, 10.65, 13.68]",3,"[8, 8, 11, 15]",32
"[7.37, 3.71, 9.61, 5.95]",2,"[4, 0, 11, 7]",64
"[3.52, 9.91, 5.76, 12.15]",2,"[0, 8, 7, 15]",64
"[2.08, 11.58, 4.32, 13.82]",3,"[2, 8, 5, 15]",32
"[8.46, 11.9, 10.7, 14.14]",3,"[8, 8, 11, 15]",32
"[0.27, 4.77, 2.51, 7.01]",3,"[0, 4, 3, 11]",32
"[7.75, 12.16, 9.99, 14.4]",2,"[4, 8, 11, 15]",64
"[5.95, 2.7, 8.19, 4.94]",2,"[4, 0, 11, 7]",64
"[1.44, 9.59, 3.68, 11.83]",2,"[0, 8, 7, 15]",64
"[6.12, 7.43, 8.36, 9.67]",3,"[6, 4, 9, 11]",32
"[1.54, 2.09, 3.78, 4.33]",2,"[0, 0, 7, 7]",64
"[11.09, 6.24, 13.33, 8.48]",2,"[8, 4, 15, 11]",64
"[6.25, 1.4, 8.49, 3.64]",3,"[6, 0, 9, 7]",32
"[0.12, 0.66, 2.36, 2.9]",4,"[0, 0, 3, 3]",16
"[11.57, 5.45, 13.81, 7.69]",2,"[8, 4, 15, 11]",64
"[7.52, 0.13, 9.76, 2.37]",2,"[4, 0, 11, 7]",64
"[6.02, 6.75, 8.26, 8.99]",4,"[6, 6, 9, 9]",16
"[0.8, 5.75, 3.04, 7.99]",2,"[0, 4, 7, 11]",64
"[6.89, 2.59, 9.13, 4.83]",2,"[4, 0, 11, 7]",64
"[2.35, 11.72, 4.59, 13.96]",3,"[2, 8, 5, 15]",32
"[8.42, 8.07, 10.66, 10.31]",4,"[8, 8, 11, 11]",16
"[0.79, 8.21, 3.03, 10.45]",2,"[0, 8, 7, 15]",64
"[2.41, 6.74, 4.65, 8.98]",4,"[2, 6, 5, 9]",16
"[5.77, 2.49, 8.01, 4.73]",2,"[4, 0, 11, 7]",64
"[12.72, 1.89, 14.96, 4.13]",3,"[12, 0, 15, 7]",32
"[2.43, 11.48, 4.67, 13.72]",3,"[2, 8, 5, 15]",32
"[7.34, 0.08, 9.58, 2.32]",2,"[4, 0, 11, 7]",64
"[8.2, 4.81, 10.44, 7.05]",3,"[8, 4, 11, 11]",32
"[3.09, 0.05, 5.33, 2.29]",2,"[0, 0, 7, 7]",64
"[6.67, 2.31, 8.91, 4.55]",4,"[6, 2, 9, 5]",16
"[4.17, 9.95, 6.41, 12.19]",3,"[4, 8, 7, 15]",32
"[7.4, 3.52, 9.64, 5.76]",2,"[4, 0, 11, 7]",64
"[10.04, 4.78, 12.28, 7.02]",3,"[10, 4, 13, 11]",32
"[8.0, 11.76, 10.24, 14.0]",3,"[8, 8, 11, 15]",32
"[7.45, 10.73, 9.69, 12.97]",2,"[4, 8, 11, 15]",64
"[4.08, 1.78, 6.32, 4.02]",3,"[4, 0, 7, 7]",32
"[5.06, 3.26, 7.3, 5.5]",2,"[4, 0, 11, 7]",64
"[10.63, 1.45, 12.87, 3.69]",3,"[10, 0, 13, 7]",32
"[12.68, 11.71, 14.92, 13.95]",3,"[12, 8, 15, 15]",32
"[6.02, 8.05, 8.26, 10.29]",4,"[6, 8, 9, 11]",16
"[3.75, 4.55, 5.99, 6.79]",2,"[0, 0, 7, 7]",64
"[6.41, 6.91, 8.65, 9.15]",3,"[6, 4, 9, 11]",32
"[3.81, 3.89, 6.05, 6.13]",2,"[0, 0, 7, 7]",64
"[8.07, 11.43, 10.31, 13.67]",3,"[8, 8, 11, 15]",32
"[6.49, 8.47, 8.73, 10.71]",4,"[6, 8, 9, 11]",16
"[1.94, 7.67, 4.18, 9.91]",2,"[0, 4, 7, 11]",64
"[2.86, 11.96, 5.1, 14.2]",2,"[0, 8, 7, 15]",64
"[7.1, 5.75, 9.34, 7.99]",2,"[4, 4, 11, 11]",64
"[8.7, 0.95, 10.94, 3.19]",3,"[8, 0, 11, 7]",32
"[1.48, 3.41, 3.72, 5.65]",2,"[0, 0, 7, 7]",64
"[10.92, 11.89, 13.16, 14.13]",2,"[8, 8, 15, 15]",64
"[8.64, 3.24, 10.88, 5.48]",3,"[8, 0, 11, 7]",32
"[0.9, 3.58, 3.14, 5.82]",2,"[0, 0, 7, 7]",64
"[4.85, 11.82, 7.09, 14.06]",2,"[4, 8, 11, 15]",64
"[0.01, 10.28, 2.25, 12.52]",4,"[0, 10, 3, 13]",16
"[12.71, 6.85, 14.95, 9.09]",3,"[12, 4, 15, 11]",32
"[10.22, 11.76, 12.46, 14.0]",3,"[10, 8, 13, 15]",32
"[6.22, 7.24, 8.46, 9.48]",3,"[6, 4, 9, 11]",32
"[5.22, 2.11, 7.46, 4.35]",2,"[4, 0, 11, 7]",64
"[5.06, 12.68, 7.3, 14.92]",2,"[4, 8, 11, 15]",64
"[8.21, 5.73, 10.45, 7.97]",3,"[8, 4, 11, 11]",32
"[0.68, 7.14, 2.92, 9.38]",3,"[0, 4, 3, 11]",32
"[2.96, 6.43, 5.2, 8.67]",2,"[0, 4, 7, 11]",64
"[3.28, 0.62, 5.52, 2.86]",2,"[0, 0, 7, 7]",64
"[5.09, 6.0, 7.33, 8.24]",2,"[4, 4, 11, 11]",64
"[8.62, 4.91, 10.86, 7.15]",3,"[8, 4, 11, 11]",32
"[1.82, 7.64, 4.06, 9.88]",2,"[0, 4, 7, 11]",64
"[7.51, 4.46, 9.75, 6.7]",2,"[4, 0, 11, 7]",64
"[7.95, 0.66, 10.19, 2.9]",2,"[4, 0, 11, 7]",64
"[2.12, 1.88, 4.36, 4.12]",3,"[2, 0, 5, 7]",32
"[9.99, 2.41, 12.23, 4.65]",2,"[8, 0, 15, 7]",64
"[12.11, 0.15, 14.35, 2.39]",4,"[12, 0, 15, 3]",16
"[4.01, 9.65, 6.25, 11.89]",3,"[4, 8, 7, 15]",32
"[0.16, 0.07, 2.4, 2.31]",4,"[0, 0, 3, 3]",16
"[11.29, 1.19, 13.53, 3.43]",2,"[8, 0, 15, 7]",64
"[1.78, 9.23, 4.02, 11.47]",2,"[0, 8, 7, 15]",64
"[7.93, 2.78, 10.17, 5.02]",2,"[4, 0, 11, 7]",64
"[8.68, 1.91, 10.92, 4.15]",3,"[8, 0, 11, 7]",32
"[8.84, 3.3, 11.08, 5.54]",2,"[8, 0, 15, 7]",64
"[1.46, 9.45, 3.7, 11.69]",2,"[0, 8, 7, 15]",64
"[1.6, 3.8, 3.84, 6.04]",2,"[0, 0, 7, 7]",64
"[5.28, 3.96, 7.52, 6.2]",2,"[4, 0, 11, 7]",64
"[4.44, 11.92, 6.68, 14.16]",3,"[4, 8, 7, 15]",32
"[4.92, 11.29, 7.16, 13.53]",2,"[4, 8, 11, 15]",64
"[5.71, 4.41, 7.95, 6.65]",2,"[4, 0, 11, 7]",64
"[0.5, 7.57, 2.74, 9.81]",3,"[0, 4, 3, 11]",32
"[9.5, 4.36, 11.74, 6.6]",2,"[8, 0, 15, 7]",64
"[7.01, 2.96, 9.25, 5.2]",2,"[4, 0, 11, 7]",64
"[5.85, 1.51, 8.09, 3.75]",2,"[4, 0, 11, 7]",64
"[7.6, 5.97, 9.84, 8.21]",2,"[4, 4, 11, 11]",64
"[0.19, 6.94, 2.43, 9.18]",3,"[0, 4, 3, 11]",32
"[5.58, 4.49, 7.82, 6.73]",2,"[4, 0, 11, 7]",64
"[3.8, 8.72, 6.04, 10.96]",2,"[0, 8, 7, 15]",64
"[2.14, 1.98, 4.38, 4.22]",3,"[2, 0, 5, 7]",32
"[7.33, 9.17, 9.57, 11.41]",2,"[4, 8, 11, 15]",64
"[4.34, 10.73, 6.58, 12.97]",4,"[4, 10, 7, 13]",16
"[12.12, 7.88, 14.36, 10.12]",3,"[12, 4, 15, 11]",32
"[12.25, 4.24, 14.49, 6.48]",4,"[12, 4, 15, 7]",16
"[0.66, 6.43, 2.9, 8.67]",4,"[0, 6, 3, 9]",16
"[11.01, 0.14, 13.25, 2.38]",2,"[8, 0, 15, 7]",64
"[4.44, 1.2, 6.68, 3.44]",3,"[4, 0, 7, 7]",32
"[0.16, 3.17, 2.4, 5.41]",3,"[0, 0, 3, 7]",32
"[8.72, 8.9, 10.96, 11.14]",3,"[8, 8, 11, 15]",32
"[11.43, 10.81, 13.67, 13.05]",2,"[8, 8, 15, 15]",64
"[9.44, 8.55, 11.68, 10.79]",2,"[8, 8, 15, 15]",64
"[0.34, 3.03, 2.58, 5.27]",3,"[0, 0, 3, 7]",32
"[2.45, 11.95, 4.69, 14.19]",3,"[2, 8, 5, 15]",32
"[10.85, 2.18, 13.09, 4.42]",2,"[8, 0, 15, 7]",64
"[6.67, 5.96, 8.91, 8.2]",3,"[6, 4, 9, 11]",32
"[5.37, 8.84, 7.61, 11.08]",2,"[4, 8, 11, 15]",64
"[1.92, 9.68, 4.16, 11.92]",2,"[0, 8, 7, 15]",64
"[3.46, 4.3, 5.7, 6.54]",2,"[0, 0, 7, 7]",64
"[4.25, 12.52, 6.49, 14.76]",4,"[4, 12, 7, 15]",16
"[7.89, 6.16, 10.13, 8.4]",2,"[4, 4, 11, 11]",64
"[11.58, 8.77, 13.82, 11.01]",2,"[8, 8, 15, 15]",64
"[10.35, 9.46, 12.59, 11.7]",3,"[10, 8, 13, 15]",32
"[3.45, 8.62, 5.69, 10.86]",2,"[0, 8, 7, 15]",64
"[2.65, 8.69, 4.89, 10.93]",4,"[2, 8, 5, 11]",16
"[12.33, 1.97, 14.57, 4.21]",3,"[12, 0, 15, 7]",32
"[10.07, 9.85, 12.31, 12.09]",3,"[10, 8, 13, 15]",32
"[1.16, 5.91, 3.4, 8.15]",2,"[0, 4, 7, 11]",64
"[11.91, 11.81, 14.15, 14.05]",2,"[8, 8, 15, 15]",64
"[2.89, 10.98, 5.13, 13.22]",2,"[0, 8, 7, 15]",64
"[3.48, 8.82, 5.72, 11.06]",2,"[0, 8, 7, 15]",64
"[5.63, 11.55, 7.87, 13.79]",2,"[4, 8, 11, 15]",64
"[11.63, 6.5, 13.87, 8.74]",2,"[8, 4, 15, 11]",64
"[3.24, 4.45, 5.48, 6.69]",2,"[0, 0, 7, 7]",64
"[12.34, 8.18, 14.58, 10.42]",4,"[12, 8, 15, 11]",16
"[10.84, 5.44, 13.08, 7.68]",2,"[8, 4, 15, 11]",64
"[3.69, 0.12, 5.93, 2.36]",2,"[0, 0, 7, 7]",64
"[6.36, 10.6, 8.6, 12.84]",4,"[6, 10, 9, 13]",16
"[5.91, 3.06, 8.15, 5.3]",2,"[4, 0, 11, 7]",64
"[6.11, 7.66, 8.35, 9.9]",3,"[6, 4, 9, 11]",32
"[3.28, 7.06, 5.52, 9.3]",2,"[0, 4, 7, 11]",64
"[0.03, 4.56, 2.27, 6.8]",4,"[0, 4, 3, 7]",16
"[8.07, 1.68, 10.31, 3.92]",3,"[8, 0, 11, 7]",32
"[3.79, 10.67, 6.03, 12.91]",2,"[0, 8, 7, 15]",64
"[0.67, 8.84, 2.91, 11.08]",3,"[0, 8, 3, 15]",32
"[4.93, 3.86, 7.17, 6.1]",2,"[4, 0, 11, 7]",64
"[9.43, 7.73, 11.67, 9.97]",2,"[8, 4, 15, 11]",64
"[10.21, 0.71, 12.45, 2.95]",4,"[10, 0, 13, 3]",16
"[5.32, 5.44, 7.56, 7.68]",2,"[4, 4, 11, 11]",64
"[5.21, 10.21, 7.45, 12.45]",2,"[4, 8, 11, 15]",64
"[3.52, 9.93, 5.76, 12.17]",2,"[0, 8, 7, 15]",64
"[9.16, 12.01, 11.4, 14.25]",2,"[8, 8, 15, 15]",64
"[5.12, 3.62, 7.36, 5.86]",2,"[4, 0, 11, 7]",64
"[12.32, 3.06, 14.56, 5.3]",3,"[12, 0, 15, 7]",32
"[5.7, 2.62, 7.94, 4.86]",2,"[4, 0, 11, 7]",64
"[4.92, 3.03, 7.16, 5.27]",2,"[4, 0, 11, 7]",64
"[10.82, 8.93, 13.06, 11.17]",2,"[8, 8, 15, 15]",64
"[1.09, 7.79, 3.33, 10.03]",2,"[0, 4, 7, 11]",64
"[7.25, 2.37, 9.49, 4.61]",2,"[4, 0, 11, 7]",64
"[5.54, 9.99, 7.78, 12.23]",2,"[4, 8, 11, 15]",64
"[7.63, 3.89, 9.87, 6.13]",2,"[4, 0, 11, 7]",64
"[0.76, 5.62, 3.0, 7.86]",3,"[0, 4, 3, 11]",32
"[11.44, 0.64, 13.68, 2.88]",2,"[8, 0, 15, 7]",64
"[7.31, 1.56, 9.55, 3.8]",2,"[4, 0, 11, 7]",64
"[3.67, 5.22, 5.91, 7.46]",2,"[0, 4, 7, 11]",64
"[1.89, 10.28, 4.13, 12.52]",2,"[0, 8, 7, 15]",64
"[6.32, 4.1, 8.56, 6.34]",4,"[6, 4, 9, 7]",16
"[4.73, 4.0, 6.97, 6.24]",4,"[4, 4, 7, 7]",16
"[6.51, 8.3, 8.75, 10.54]",4,"[6, 8, 9, 11]",16
"[11.15, 1.86, 13.39, 4.1]",2,"[8, 0, 15, 7]",64
"[2.98, 4.72, 5.22, 6.96]",2,"[0, 0, 7, 7]",64
"[10.64, 4.58, 12.88, 6.82]",4,"[10, 4, 13, 7]",16
"[2.14, 5.24, 4.38, 7.48]",3,"[2, 4, 5, 11]",32
"[7.32, 10.36, 9.56, 12.6]",2,"[4, 8, 11, 15]",64
"[6.78, 6.67, 9.02, 8.91]",2,"[4, 4, 11, 11]",64
"[9.61, 8.85, 11.85, 11.09]",2,"[8, 8, 15, 15]",64
"[7.3, 5.91, 9.54, 8.15]",2,"[4, 4, 11, 11]",64
"[6.43, 1.94, 8.67, 4.18]",3,"[6, 0, 9, 7]",32
"[1.26, 6.07, 3.5, 8.31]",2,"[0, 4, 7, 11]",64
"[8.04, 4.46, 10.28, 6.7]",4,"[8, 4, 11, 7]",16
"[2.89, 5.93, 5.13, 8.17]",2,"[0, 4, 7, 11]",64
"[10.32, 1.43, 12.56, 3.67]",3,"[10, 0, 13, 7]",32
"[7.7, 0.64, 9.94, 2.88]",2,"[4, 0, 11, 7]",64
"[11.73, 6.41, 13.97, 8.65]",2,"[8, 4, 15, 11]",64
"[5.83, 9.21, 8.07, 11.45]",2,"[4, 8, 11, 15]",64
"[6.29, 6.24, 8.53, 8.48]",4,"[6, 6, 9, 9]",16
"[5.96, 5.23, 8.2, 7.47]",2,"[4, 4, 11, 11]",64
"[8.36, 6.17, 10.6, 8.41]",4,"[8, 6, 11, 9]",16
"[8.24, 4.47, 10.48, 6.71]",4,"[8, 4, 11, 7]",16
"[4.7, 1.46, 6.94, 3.7]",3,"[4, 0, 7, 7]",32
"[0.83, 4.23, 3.07, 6.47]",2,"[0, 0, 7, 7]",64
"[1.17, 3.94, 3.41, 6.18]",2,"[0, 0, 7, 7]",64
"[10.67, 9.06, 12.91, 11.3]",3,"[10, 8, 13, 15]",32
"[10.49, 3.53, 12.73, 5.77]",3,"[10, 0, 13, 7]",32
"[5.61, 5.06, 7.85, 7.3]",2,"[4, 4, 11, 11]",64
"[1.92, 10.21, 4.16, 12.45]",2,"[0, 8, 7, 15]",64
"[1.75, 7.07, 3.99, 9.31]",2,"[0, 4, 7, 11]",64
"[0.49, 9.0, 2.73, 11.24]",3,"[0, 8, 3, 15]",32
"[12.61, 12.11, 14.85, 14.35]",4,"[12, 12, 15, 15]",16
"[11.19, 1.56, 13.43, 3.8]",2,"[8, 0, 15, 7]",64
"[2.55, 6.74, 4.79, 8.98]",4,"[2, 6, 5, 9]",16
"[12.64, 7.67, 14.88, 9.91]",3,"[12, 4, 15, 11]",32
"[8.78, 0.48, 11.02, 2.72]",2,"[8, 0, 15, 7]",64
"[7.07, 6.15, 9.31, 8.39]",2,"[4, 4, 11, 11]",64
"[3.29, 6.25, 5.53, 8.49]",2,"[0, 4, 7, 11]",64
"[6.93, 12.03, 9.17, 14.27]",2,"[4, 8, 11, 15]",64
"[4.73, 11.58, 6.97, 13.82]",3,"[4, 8, 7, 15]",32
"[12.06, 5.72, 14.3, 7.96]",3,"[12, 4, 15, 11]",32
"[6.66, 4.02, 8.9, 6.26]",4,"[6, 4, 9, 7]",16
"[3.11, 2.45, 5.35, 4.69]",2,"[0, 0, 7, 7]",64
"[9.74, 3.83, 11.98, 6.07]",2,"[8, 0, 15, 7]",64
"[8.3, 4.77, 10.54, 7.01]",3,"[8, 4, 11, 11]",32
"[5.64, 11.47, 7.88, 13.71]",2,"[4, 8, 11, 15]",64
"[11.21, 0.82, 13.45, 3.06]",2,"[8, 0, 15, 7]",64
"[11.92, 12.67, 14.16, 14.91]",2,"[8, 8, 15, 15]",64
"[0.91, 8.94, 3.15, 11.18]",2,"[0, 8, 7, 15]",64
"[12.63, 8.4, 14.87, 10.64]",4,"[12, 8, 15, 11]",16
"[0.61, 4.65, 2.85, 6.89]",4,"[0, 4, 3, 7]",16
"[2.88, 5.72, 5.12, 7.96]",2,"[0, 4, 7, 11]",64
"[1.13, 2.01, 3.37, 4.25]",2,"[0, 0, 7, 7]",64
"[4.97, 7.62, 7.21, 9.86]",2,"[4, 4, 11, 11]",64
"[9.53, 6.37, 11.77, 8.61]",2,"[8, 4, 15, 11]",64
"[8.47, 5.68, 10.71, 7.92]",3,"[8, 4, 11, 11]",32
"[12.06, 0.51, 14.3, 2.75]",4,"[12, 0, 15, 3]",16
"[8.34, 6.97, 10.58, 9.21]",3,"[8, 4, 11, 11]",32
"[1.74, 2.38, 3.98, 4.62]",2,"[0, 0, 7, 7]",64
"[1.59, 5.19, 3.83, 7.43]",2,"[0, 4, 7, 11]",64
"[2.41, 10.1, 4.65, 12.34]",4,"[2, 10, 5, 13]",16
"[5.65, 0.09, 7.89, 2.33]",2,"[4, 0, 11, 7]",64
"[2.67, 4.94, 4.91, 7.18]",3,"[2, 4, 5, 11]",32
"[1.82, 6.33, 4.06, 8.57]",2,"[0, 4, 7, 11]",64
"[6.37, 11.61, 8.61, 13.85]",3,"[6, 8, 9, 15]",32
"[0.48, 12.68, 2.72, 14.92]",4,"[0, 12, 3, 15]",16
"[1.78, 2.49, 4.02, 4.73]",2,"[0, 0, 7, 7]",64
"[5.49, 0.07, 7.73, 2.31]",2,"[4, 0, 11, 7]",64
"[4.98, 8.75, 7.22, 10.99]",2,"[4, 8, 11, 15]",64
"[6.02, 2.03, 8.26, 4.27]",4,"[6, 2, 9, 5]",16
"[8.61, 7.49, 10.85, 9.73]",3,"[8, 4, 11, 11]",32
"[8.98, 11.08, 11.22, 13.32]",2,"[8, 8, 15, 15]",64
"[3.52, 8.38, 5.76, 10.62]",2,"[0, 8, 7, 15]",64
"[1.13, 2.69, 3.37, 4.93]",2,"[0, 0, 7, 7]",64
"[8.52, 12.7, 10.76, 14.94]",4,"[8, 12, 11, 15]",16
"[5.46, 5.71, 7.7, 7.95]",2,"[4, 4, 11, 11]",64
"[9.23, 7.49, 11.47, 9.73]",2,"[8, 4, 15, 11]",64
"[6.01, 2.75, 8.25, 4.99]",4,"[6, 2, 9, 5]",16
"[6.28, 6.19, 8.52, 8.43]",4,"[6, 6, 9, 9]",16
"[8.54, 11.61, 10.78, 13.85]",3,"[8, 8, 11, 15]",32
"[4.61, 10.45, 6.85, 12.69]",4,"[4, 10, 7, 13]",16
"[8.33, 4.04, 10.57, 6.28]",4,"[8, 4, 11, 7]",16
"[8.94, 7.55, 11.18, 9.79]",2,"[8, 4, 15, 11]",64
"[5.31, 12.68, 7.55, 14.92]",2,"[4, 8, 11, 15]",64
"[8.37, 1.46, 10.61, 3.7]",3,"[8, 0, 11, 7]",32
"[5.26, 1.4, 7.5, 3.64]",2,"[4, 0, 11, 7]",64
"[7.49, 12.55, 9.73, 14.79]",2,"[4, 8, 11, 15]",64
"[9.64, 7.78, 11.88, 10.02]",2,"[8, 4, 15, 11]",64
"[2.31, 6.93, 4.55, 9.17]",3,"[2, 4, 5, 11]",32
"[7.82, 5.73, 10.06, 7.97]",2,"[4, 4, 11, 11]",64
"[0.59, 2.96, 2.83, 5.2]",3,"[0, 0, 3, 7]",32
"[9.76, 8.68, 12.0, 10.92]",2,"[8, 8, 15, 15]",64
"[5.03, 11.98, 7.27, 14.22]",2,"[4, 8, 11, 15]",64
"[2.88, 12.1, 5.12, 14.34]",2,"[0, 8, 7, 15]",64
"[4.96, 8.52, 7.2, 10.76]",2,"[4, 8, 11, 15]",64
"[6.03, 8.67, 8.27, 10.91]",4,"[6, 8, 9, 11]",16
"[1.45, 6.21, 3.69, 8.45]",2,"[0, 4, 7, 11]",64
"[0.81, 1.03, 3.05, 3.27]",2,"[0, 0, 7, 7]",64
"[11.68, 10.95, 13.92, 13.19]",2,"[8, 8, 15, 15]",64
"[11.75, 7.7, 13.99, 9.94]",2,"[8, 4, 15, 11]",64
"[11.32, 3.01, 13.56, 5.25]",2,"[8, 0, 15, 7]",64
"[2.9, 1.27, 5.14, 3.51]",2,"[0, 0, 7, 7]",64
"[2.12, 0.27, 4.36, 2.51]",4,"[2, 0, 5, 3]",16
"[2.11, 8.56, 4.35, 10.8]",4,"[2, 8, 5, 11]",16
"[7.03, 12.36, 9.27, 14.6]",2,"[4, 8, 11, 15]",64
"[1.59, 10.27, 3.83, 12.51]",2,"[0, 8, 7, 15]",64
"[4.92, 6.0, 7.16, 8.24]",2,"[4, 4, 11, 11]",64
"[2.82, 7.46, 5.06, 9.7]",2,"[0, 4, 7, 11]",64
"[12.7, 5.44, 14.94, 7.68]",3,"[12, 4, 15, 11]",32
"[9.71, 1.43, 11.95, 3.67]",2,"[8, 0, 15, 7]",64
"[9.12, 6.63, 11.36, 8.87]",2,"[8, 4, 15, 11]",64
"[10.28, 2.06, 12.52, 4.3]",4,"[10, 2, 13, 5]",16
"[11.81, 3.81, 14.05, 6.05]",2,"[8, 0, 15, 7]",64
"[9.84, 10.85, 12.08, 13.09]",2,"[8, 8, 15, 15]",64
"[3.43, 5.08, 5.67, 7.32]",2,"[0, 4, 7, 11]",64
"[7.22, 3.47, 9.46, 5.71]",2,"[4, 0, 11, 7]",64
"[3.29, 6.7, 5.53, 8.94]",2,"[0, 4, 7, 11]",64
"[6.31, 2.19, 8.55, 4.43]",4,"[6, 2, 9, 5]",16
"[3.92, 9.38, 6.16, 11.62]",2,"[0, 8, 7, 15]",64
"[6.77, 5.63, 9.01, 7.87]",2,"[4, 4, 11, 11]",64
"[8.74, 0.87, 10.98, 3.11]",3,"[8, 0, 11, 7]",32
"[1.17, 3.83, 3.41, 6.07]",2,"[0, 0, 7, 7]",64
"[7.93, 4.71, 10.17, 6.95]",2,"[4, 0, 11, 7]",64
"[5.78, 1.1, 8.02, 3.34]",2,"[4, 0, 11, 7]",64
"[11.85, 4.18, 14.09, 6.42]",2,"[8, 0, 15, 7]",64
"[0.96, 3.75, 3.2, 5.99]",2,"[0, 0, 7, 7]",64
"[5.9, 3.67, 8.14, 5.91]",2,"[4, 0, 11, 7]",64
"[0.61, 10.27, 2.85, 12.51]",4,"[0, 10, 3, 13]",16
"[2.27, 5.75, 4.51, 7.99]",3,"[2, 4, 5, 11]",32
"[11.59, 11.37, 13.83, 13.61]",2,"[8, 8, 15, 15]",64
"[2.57, 5.53, 4.81, 7.77]",3,"[2, 4, 5, 11]",32
"[2.9, 7.57, 5.14, 9.81]",2,"[0, 4, 7, 11]",64
"[3.67, 5.51, 5.91, 7.75]",2,"[0, 4, 7, 11]",64
"[9.71, 5.7, 11.95, 7.94]",2,"[8, 4, 15, 11]",64
"[3.09, 4.69, 5.33, 6.93]",2,"[0, 0, 7, 7]",64
"[0.85, 7.02, 3.09, 9.26]",2,"[0, 4, 7, 11]",64
"[10.37, 1.27, 12.61, 3.51]",3,"[10, 0, 13, 7]",32
"[6.28, 4.12, 8.52, 6.36]",4,"[6, 4, 9, 7]",16
"[11.57, 1.73, 13.81, 3.97]",2,"[8, 0, 15, 7]",64
"[4.24, 7.74, 6.48, 9.98]",3,"[4, 4, 7, 11]",32
"[5.74, 1.82, 7.98, 4.06]",2,"[4, 0, 11, 7]",64
"[7.28, 12.71, 9.52, 14.95]",2,"[4, 8, 11, 15]",64
"[8.67, 8.53, 10.91, 10.77]",4,"[8, 8, 11, 11]",16
"[6.21, 5.42, 8.45, 7.66]",3,"[6, 4, 9, 11]",32
"[4.88, 9.85, 7.12, 12.09]",2,"[4, 8, 11, 15]",64
"[0.31, 12.62, 2.55, 14.86]",4,"[0, 12, 3, 15]",16
"[9.87, 6.21, 12.11, 8.45]",2,"[8, 4, 15, 11]",64
"[2.34, 1.49, 4.58, 3.73]",3,"[2, 0, 5, 7]",32
"[10.45, 3.06, 12.69, 5.3]",3,"[10, 0, 13, 7]",32
"[5.35, 5.1, 7.59, 7.34]",2,"[4, 4, 11, 11]",64
"[5.75, 7.77, 7.99, 10.01]",2,"[4, 4, 11, 11]",64
"[3.4, 2.95, 5.64, 5.19]",2,"[0, 0, 7, 7]",64
"[6.93, 7.42, 9.17, 9.66]",2,"[4, 4, 11, 11]",64
"[12.49, 6.17, 14.73, 8.41]",4,"[12, 6, 15, 9]",16
"[8.03, 7.18, 10.27, 9.42]",3,"[8, 4, 11, 11]",32
"[8.67, 5.45, 10.91, 7.69]",3,"[8, 4, 11, 11]",32
"[0.1, 0.27, 2.34, 2.51]",4,"[0, 0, 3, 3]",16
"[10.77, 4.69, 13.01, 6.93]",2,"[8, 0, 15, 7]",64
"[10.54, 11.98, 12.78, 14.22]",3,"[10, 8, 13, 15]",32
"[8.62, 3.06, 10.86, 5.3]",3,"[8, 0, 11, 7]",32
"[12.42, 4.07, 14.66, 6.31]",4,"[12, 4, 15, 7]",16
"[11.77, 3.09, 14.01, 5.33]",2,"[8, 0, 15, 7]",64
"[5.82, 5.19, 8.06, 7.43]",2,"[4, 4, 11, 11]",64
"[3.52, 9.08, 5.76, 11.32]",2,"[0, 8, 7, 15]",64
"[6.24, 4.16, 8.48, 6.4]",4,"[6, 4, 9, 7]",16
"[0.69, 7.91, 2.93, 10.15]",3,"[0, 4, 3, 11]",32
"[1.96, 3.94, 4.2, 6.18]",2,"[0, 0, 7, 7]",64
"[2.99, 12.66, 5.23, 14.9]",2,"[0, 8, 7, 15]",64
"[10.0, 3.96, 12.24, 6.2]",3,"[10, 0, 13, 7]",32
"[2.45, 4.68, 4.69, 6.92]",4,"[2, 4, 5, 7]",16
"[2.43, 10.44, 4.67, 12.68]",4,"[2, 10, 5, 13]",16
"[4.76, 0.73, 7.0, 2.97]",4,"[4, 0, 7, 3]",16
"[12.67, 1.8, 14.91, 4.04]",3,"[12, 0, 15, 7]",32
"[3.57, 9.97, 5.81, 12.21]",2,"[0, 8, 7, 15]",64
"[11.5, 12.6, 13.74, 14.84]",2,"[8, 8, 15, 15]",64
"[5.76, 5.56, 8.0, 7.8]",2,"[4, 4, 11, 11]",64
"[4.36, 11.05, 6.6, 13.29]",3,"[4, 8, 7, 15]",32
"[11.5, 11.12, 13.74, 13.36]",2,"[8, 8, 15, 15]",64
"[8.4, 2.19, 10.64, 4.43]",4,"[8, 2, 11, 5]",16
"[2.0, 8.42, 4.24, 10.66]",4,"[2, 8, 5, 11]",16
"[0.77, 5.0, 3.01, 7.24]",2,"[0, 4, 7, 11]",64
"[7.46, 5.22, 9.7, 7.46]",2,"[4, 4, 11, 11]",64
"[12.14, 0.22, 14.38, 2.46]",4,"[12, 0, 15, 3]",16
"[9.56, 1.71, 11.8, 3.95]",2,"[8, 0, 15, 7]",64
"[4.01, 1.5, 6.25, 3.74]",3,"[4, 0, 7, 7]",32
"[3.42, 9.57, 5.66, 11.81]",2,"[0, 8, 7, 15]",64
"[0.96, 3.54, 3.2, 5.78]",2,"[0, 0, 7, 7]",64
"[11.18, 3.98, 13.42, 6.22]",2,"[8, 0, 15, 7]",64
"[9.21, 3.17, 11.45, 5.41]",2,"[8, 0, 15, 7]",64
"[0.68, 5.84, 2.92, 8.08]",3,"[0, 4, 3, 11]",32
"[10.97, 2.81, 13.21, 5.05]",2,"[8, 0, 15, 7]",64
"[12.49, 4.68, 14.73, 6.92]",4,"[12, 4, 15, 7]",16
"[4.41, 4.32, 6.65, 6.56]",4,"[4, 4, 7, 7]",16
"[6.86, 0.51, 9.1, 2.75]",2,"[4, 0, 11, 7]",64
"[5.25, 10.5, 7.49, 12.74]",2,"[4, 8, 11, 15]",64
"[10.04, 3.8, 12.28, 6.04]",3,"[10, 0, 13, 7]",32
"[8.35, 3.71, 10.59, 5.95]",3,"[8, 0, 11, 7]",32
"[9.69, 5.43, 11.93, 7.67]",2,"[8, 4, 15, 11]",64
"[0.61, 2.88, 2.85, 5.12]",3,"[0, 0, 3, 7]",32
"[0.46, 4.89, 2.7, 7.13]",3,"[0, 4, 3, 11]",32
"[9.01, 0.51, 11.25, 2.75]",2,"[8, 0, 15, 7]",64
"[4.56, 3.46, 6.8, 5.7]",3,"[4, 0, 7, 7]",32
"[11.19, 10.03, 13.43, 12.27]",2,"[8, 8, 15, 15]",64
"[8.05, 11.6, 10.29, 13.84]",3,"[8, 8, 11, 15]",32
"[1.92, 12.16, 4.16, 14.4]",2,"[0, 8, 7, 15]",64
"[3.02, 2.93, 5.26, 5.17]",2,"[0, 0, 7, 7]",64
"[0.82, 12.75, 3.06, 14.99]",2,"[0, 8, 7, 15]",64
"[3.26, 2.23, 5.5, 4.47]",2,"[0, 0, 7, 7]",64
"[1.15, 10.37, 3.39, 12.61]",2,"[0, 8, 7, 15]",64
"[6.17, 6.2, 8.41, 8.44]",4,"[6, 6, 9, 9]",16
"[2.67, 10.88, 4.91, 13.12]",3,"[2, 8, 5, 15]",32
"[10.31, 5.12, 12.55, 7.36]",3,"[10, 4, 13, 11]",32
"[10.41, 2.38, 12.65, 4.62]",4,"[10, 2, 13, 5]",16
"[8.99, 6.86, 11.23, 9.1]",2,"[8, 4, 15, 11]",64
"[3.58, 1.34, 5.82, 3.58]",2,"[0, 0, 7, 7]",64
"[1.43, 5.35, 3.67, 7.59]",2,"[0, 4, 7, 11]",64
"[1.59, 6.11, 3.83, 8.35]",2,"[0, 4, 7, 11]",64
"[5.12, 3.88, 7.36, 6.12]",2,"[4, 0, 11, 7]",64
"[10.5, 8.06, 12.74, 10.3]",4,"[10, 8, 13, 11]",16
"[0.72, 12.12, 2.96, 14.36]",4,"[0, 12, 3, 15]",16
"[0.52, 9.63, 2.76, 11.87]",3,"[0, 8, 3, 15]",32
"[10.16, 3.3, 12.4, 5.54]",3,"[10, 0, 13, 7]",32
"[1.83, 11.21, 4.07, 13.45]",2,"[0, 8, 7, 15]",64
"[9.33, 1.54, 11.57, 3.78]",2,"[8, 0, 15, 7]",64
"[4.64, 11.02, 6.88, 13.26]",3,"[4, 8, 7, 15]",32
"[10.91, 6.67, 13.15, 8.91]",2,"[8, 4, 15, 11]",64
"[11.68, 5.92, 13.92, 8.16]",2,"[8, 4, 15, 11]",64
"[5.63, 12.23, 7.87, 14.47]",2,"[4, 8, 11, 15]",64
"[2.05, 4.66, 4.29, 6.9]",4,"[2, 4, 5, 7]",16
"[2.38, 10.55, 4.62, 12.79]",4,"[2, 10, 5, 13]",16
"[10.37, 7.08, 12.61, 9.32]",3,"[10, 4, 13, 11]",32
"[9.2, 5.93, 11.44, 8.17]",2,"[8, 4, 15, 11]",64
"[0.93, 0.15, 3.17, 2.39]",2,"[0, 0, 7, 7]",64
"[3.18, 8.75, 5.42, 10.99]",2,"[0, 8, 7, 15]",64
"[6.78, 1.16, 9.02, 3.4]",2,"[4, 0, 11, 7]",64
"[5.1, 0.47, 7.34, 2.71]",2,"[4, 0, 11, 7]",64
"[6.47, 9.87, 8.71, 12.11]",3,"[6, 8, 9, 15]",32
"[9.78, 4.03, 12.02, 6.27]",2,"[8, 0, 15, 7]",64
"[10.18, 4.41, 12.42, 6.65]",4,"[10, 4, 13, 7]",16
"[3.26, 10.66, 5.5, 12.9]",2,"[0, 8, 7, 15]",64
"[1.66, 0.73, 3.9, 2.97]",2,"[0, 0, 7, 7]",64
"[4.49, 11.92, 6.73, 14.16]",3,"[4, 8, 7, 15]",32
"[3.02, 5.41, 5.26, 7.65]",2,"[0, 4, 7, 11]",64
"[3.24, 7.64, 5.48, 9.88]",2,"[0, 4, 7, 11]",64
"[7.3, 0.66, 9.54, 2.9]",2,"[4, 0, 11, 7]",64
"[6.37, 9.58, 8.61, 11.82]",3,"[6, 8, 9, 15]",32
"[5.12, 12.75, 7.36, 14.99]",2,"[4, 8, 11, 15]",64
"[11.85, 2.05, 14.09, 4.29]",2,"[8, 0, 15, 7]",64
"[5.58, 12.29, 7.82, 14.53]",2,"[4, 8, 11, 15]",64
"[9.25, 9.33, 11.49, 11.57]",2,"[8, 8, 15, 15]",64
"[5.73, 8.43, 7.97, 10.67]",2,"[4, 8, 11, 15]",64
"[11.16, 6.49, 13.4, 8.73]",2,"[8, 4, 15, 11]",64
"[10.98, 7.61, 13.22, 9.85]",2,"[8, 4, 15, 11]",64
"[2.52, 1.82, 4.76, 4.06]",3,"[2, 0, 5, 7]",32
"[10.88, 11.39, 13.12, 13.63]",2,"[8, 8, 15, 15]",64
"[12.64, 2.01, 14.88, 4.25]",4,"[12, 2, 15, 5]",16
"[5.05, 7.36, 7.29, 9.6]",2,"[4, 4, 11, 11]",64
"[3.4, 10.88, 5.64, 13.12]",2,"[0, 8, 7, 15]",64
"[8.82, 3.08, 11.06, 5.32]",2,"[8, 0, 15, 7]",64
"[2.05, 1.97, 4.29, 4.21]",3,"[2, 0, 5, 7]",32
"[4.07, 12.62, 6.31, 14.86]",4,"[4, 12, 7, 15]",16
"[9.1, 5.91, 11.34, 8.15]",2,"[8, 4, 15, 11]",64
"[11.54, 1.16, 13.78, 3.4]",2,"[8, 0, 15, 7]",64
"[12.59, 1.18, 14.83, 3.42]",3,"[12, 0, 15, 7]",32
"[4.89, 7.93, 7.13, 10.17]",2,"[4, 4, 11, 11]",64
"[0.93, 0.36, 3.17, 2.6]",2,"[0, 0, 7, 7]",64
"[8.91, 2.87, 11.15, 5.11]",2,"[8, 0, 15, 7]",64
"[11.5, 7.06, 13.74, 9.3]",2,"[8, 4, 15, 11]",64
"[6.79, 6.11, 9.03, 8.35]",2,"[4, 4, 11, 11]",64
"[9.78, 9.37, 12.02, 11.61]",2,"[8, 8, 15, 15]",64
"[5.08, 2.6, 7.32, 4.84]",2,"[4, 0, 11, 7]",64
"[10.03, 10.6, 12.27, 12.84]",4,"[10, 10, 13, 13]",16
"[0.66, 5.21, 2.9, 7.45]",3,"[0, 4, 3, 11]",32
"[2.48, 6.43, 4.72, 8.67]",4,"[2, 6, 5, 9]",16
"[2.68, 2.52, 4.92, 4.76]",4,"[2, 2, 5, 5]",16
"[12.01, 2.37, 14.25, 4.61]",4,"[12, 2, 15, 5]",16
"[4.99, 2.24, 7.23, 4.48]",2,"[4, 0, 11, 7]",64
"[9.63, 1.29, 11.87, 3.53]",2,"[8, 0, 15, 7]",64
"[7.97, 2.45, 10.21, 4.69]",2,"[4, 0, 11, 7]",64
"[0.2, 0.8, 2.44, 3.04]",3,"[0, 0, 3, 7]",32
"[11.98, 1.23, 14.22, 3.47]",2,"[8, 0, 15, 7]",64
"[1.08, 8.19, 3.32, 10.43]",2,"[0, 8, 7, 15]",64
"[7.0, 0.05, 9.24, 2.29]",2,"[4, 0, 11, 7]",64
"[10.64, 8.51, 12.88, 10.75]",4,"[10, 8, 13, 11]",16
"[4.38, 9.65, 6.62, 11.89]",3,"[4, 8, 7, 15]",32
"[5.69, 1.99, 7.93, 4.23]",2,"[4, 0, 11, 7]",64
"[9.44, 2.09, 11.68, 4.33]",2,"[8, 0, 15, 7]",64
"[6.4, 2.04, 8.64, 4.28]",4,"[6, 2, 9, 5]",16
"[6.96, 11.7, 9.2, 13.94]",2,"[4, 8, 11, 15]",64
"[2.19, 0.62, 4.43, 2.86]",4,"[2, 0, 5, 3]",16
"[6.66, 8.5, 8.9, 10.74]",4,"[6, 8, 9, 11]",16
"[9.21, 8.37, 11.45, 10.61]",2,"[8, 8, 15, 15]",64
"[3.25, 7.85, 5.49, 10.09]",2,"[0, 4, 7, 11]",64
"[3.58, 0.47, 5.82, 2.71]",2,"[0, 0, 7, 7]",64
"[1.12, 2.66, 3.36, 4.9]",2,"[0, 0, 7, 7]",64
"[1.29, 11.04, 3.53, 13.28]",2,"[0, 8, 7, 15]",64
"[11.08, 6.18, 13.32, 8.42]",2,"[8, 4, 15, 11]",64
"[6.87, 3.82, 9.11, 6.06]",2,"[4, 0, 11, 7]",64
"[10.29, 3.24, 12.53, 5.48]",3,"[10, 0, 13, 7]",32
"[8.87, 11.77, 11.11, 14.01]",2,"[8, 8, 15, 15]",64
"[4.39, 10.08, 6.63, 12.32]",4,"[4, 10, 7, 13]",16
"[0.49, 1.69, 2.73, 3.93]",3,"[0, 0, 3, 7]",32
"[5.55, 0.28, 7.79, 2.52]",2,"[4, 0, 11, 7]",64
"[5.05, 8.93, 7.29, 11.17]",2,"[4, 8, 11, 15]",64
"[1.6, 5.27, 3.84, 7.51]",2,"[0, 4, 7, 11]",64
"[5.65, 0.07, 7.89, 2.31]",2,"[4, 0, 11, 7]",64
"[11.7, 4.01, 13.94, 6.25]",2,"[8, 0, 15, 7]",64
"[7.41, 12.45, 9.65, 14.69]",2,"[4, 8, 11, 15]",64
"[7.12, 2.38, 9.36, 4.62]",2,"[4, 0, 11, 7]",64
"[8.84, 6.16, 11.08, 8.4]",2,"[8, 4, 15, 11]",64
"[8.45, 3.17, 10.69, 5.41]",3,"[8, 0, 11, 7]",32
"[10.93, 6.64, 13.17, 8.88]",2,"[8, 4, 15, 11]",64
"[5.29, 2.88, 7.53, 5.12]",2,"[4, 0, 11, 7]",64
"[9.85, 10.38, 12.09, 12.62]",2,"[8, 8, 15, 15]",64
"[0.03, 8.84, 2.27, 11.08]",3,"[0, 8, 3, 15]",32
"[4.9, 5.12, 7.14, 7.36]",2,"[4, 4, 11, 11]",64
"[5.82, 7.84, 8.06, 10.08]",2,"[4, 4, 11, 11]",64
"[12.06, 3.86, 14.3, 6.1]",3,"[12, 0, 15, 7]",32
"[1.58, 9.72, 3.82, 11.96]",2,"[0, 8, 7, 15]",64
"[7.72, 6.71, 9.96, 8.95]",2,"[4, 4, 11, 11]",64
"[1.56, 5.99, 3.8, 8.23]",2,"[0, 4, 7, 11]",64
"[9.65, 4.08, 11.89, 6.32]",2,"[8, 0, 15, 7]",64
"[6.3, 9.05, 8.54, 11.29]",3,"[6, 8, 9, 15]",32
"[6.55, 4.16, 8.79, 6.4]",4,"[6, 4, 9, 7]",16
"[3.79, 1.31, 6.03, 3.55]",2,"[0, 0, 7, 7]",64
"[2.12, 4.25, 4.36, 6.49]",4,"[2, 4, 5, 7]",16
"[2.46, 0.54, 4.7, 2.78]",4,"[2, 0, 5, 3]",16
"[4.68, 8.1, 6.92, 10.34]",4,"[4, 8, 7, 11]",16
"[6.54, 0.69, 8.78, 2.93]",4,"[6, 0, 9, 3]",16
"[5.97, 5.63, 8.21, 7.87]",2,"[4, 4, 11, 11]",64
"[10.01, 12.24, 12.25, 14.48]",4,"[10, 12, 13, 15]",16
"[1.93, 6.55, 4.17, 8.79]",2,"[0, 4, 7, 11]",64
"[11.23, 8.53, 13.47, 10.77]",2,"[8, 8, 15, 15]",64
"[3.91, 7.55, 6.15, 9.79]",2,"[0, 4, 7, 11]",64
"[0.77, 2.35, 3.01, 4.59]",2,"[0, 0, 7, 7]",64
"[6.93, 3.49, 9.17, 5.73]",2,"[4, 0, 11, 7]",64
"[12.52, 0.22, 14.76, 2.46]",4,"[12, 0, 15, 3]",16
"[11.67, 0.92, 13.91, 3.16]",2,"[8, 0, 15, 7]",64
"[0.22, 3.67, 2.46, 5.91]",3,"[0, 0, 3, 7]",32
"[1.3, 9.3, 3.54, 11.54]",2,"[0, 8, 7, 15]",64
"[4.02, 7.05, 6.26, 9.29]",3,"[4, 4, 7, 11]",32
"[7.3, 9.23, 9.54, 11.47]",2,"[4, 8, 11, 15]",64
"[6.18, 1.21, 8.42, 3.45]",3,"[6, 0, 9, 7]",32
"[1.8, 0.72, 4.04, 2.96]",2,"[0, 0, 7, 7]",64
"[4.38, 3.17, 6.62, 5.41]",3,"[4, 0, 7, 7]",32
"[7.65, 5.08, 9.89, 7.32]",2,"[4, 4, 11, 11]",64
"[10.72, 1.18, 12.96, 3.42]",3,"[10, 0, 13, 7]",32
"[10.98, 10.06, 13.22, 12.3]",2,"[8, 8, 15, 15]",64
"[9.5, 9.91, 11.74, 12.15]",2,"[8, 8, 15, 15]",64
"[8.13, 11.16, 10.37, 13.4]",3,"[8, 8, 11, 15]",32
"[1.27, 8.42, 3.51, 10.66]",2,"[0, 8, 7, 15]",64
"[12.4, 5.22, 14.64, 7.46]",3,"[12, 4, 15, 11]",32
"[5.29, 2.27, 7.53, 4.51]",2,"[4, 0, 11, 7]",64
"[6.92, 6.79, 9.16, 9.03]",2,"[4, 4, 11, 11]",64
"[4.08, 12.53, 6.32, 14.77]",4,"[4, 12, 7, 15]",16
"[9.02, 4.81, 11.26, 7.05]",2,"[8, 4, 15, 11]",64
"[7.74, 8.71, 9.98, 10.95]",2,"[4, 8, 11, 15]",64
"[5.34, 4.26, 7.58, 6.5]",2,"[4, 0, 11, 7]",64
"[7.93, 4.72, 10.17, 6.96]",2,"[4, 0, 11, 7]",64
"[8.57, 4.21, 10.81, 6.45]",4,"[8, 4, 11, 7]",16
"[6.2, 7.99, 8.44, 10.23]",3,"[6, 4, 9, 11]",32
"[3.7, 9.87, 5.94, 12.11]",2,"[0, 8, 7, 15]",64
"[10.1, 2.11, 12.34, 4.35]",4,"[10, 2, 13, 5]",16
"[0.69, 12.13, 2.93, 14.37]",4,"[0, 12, 3, 15]",16
"[1.29, 10.52, 3.53, 12.76]",2,"[0, 8, 7, 15]",64
"[8.21, 5.88, 10.45, 8.12]",3,"[8, 4, 11, 11]",32
"[5.6, 7.34, 7.84, 9.58]",2,"[4, 4, 11, 11]",64
"[3.93, 9.61, 6.17, 11.85]",2,"[0, 8, 7, 15]",64
"[2.48, 2.51, 4.72, 4.75]",4,"[2, 2, 5, 5]",16
"[10.04, 8.81, 12.28, 11.05]",3,"[10, 8, 13, 15]",32
"[2.88, 4.42, 5.12, 6.66]",2,"[0, 0, 7, 7]",64
"[6.81, 0.4, 9.05, 2.64]",2,"[4, 0, 11, 7]",64
"[2.54, 6.28, 4.78, 8.52]",4,"[2, 6, 5, 9]",16
"[5.49, 6.74, 7.73, 8.98]",2,"[4, 4, 11, 11]",64
"[1.71, 2.27, 3.95, 4.51]",2,"[0, 0, 7, 7]",64
"[3.8, 8.37, 6.04, 10.61]",2,"[0, 8, 7, 15]",64
"[0.8, 7.87, 3.04, 10.11]",2,"[0, 4, 7, 11]",64
"[5.37, 6.99, 7.61, 9.23]",2,"[4, 4, 11, 11]",64
"[12.31, 3.09, 14.55, 5.33]",3,"[12, 0, 15, 7]",32
"[12.7, 0.87, 14.94, 3.11]",3,"[12, 0, 15, 7]",32
"[4.56, 6.91, 6.8, 9.15]",3,"[4, 4, 7, 11]",32
"[8.22, 4.04, 10.46, 6.28]",4,"[8, 4, 11, 7]",16
"[9.82, 9.29, 12.06, 11.53]",2,"[8, 8, 15, 15]",64
"[10.85, 7.81, 13.09, 10.05]",2,"[8, 4, 15, 11]",64
"[2.12, 5.23, 4.36, 7.47]",3,"[2, 4, 5, 11]",32
"[9.2, 9.86, 11.44, 12.1]",2,"[8, 8, 15, 15]",64
"[8.1, 9.92, 10.34, 12.16]",3,"[8, 8, 11, 15]",32
"[2.35, 11.06, 4.59, 13.3]",3,"[2, 8, 5, 15]",32
"[10.53, 9.8, 12.77, 12.04]",3,"[10, 8, 13, 15]",32
"[12.37, 2.2, 14.61, 4.44]",4,"[12, 2, 15, 5]",16
"[3.56, 3.72, 5.8, 5.96]",2,"[0, 0, 7, 7]",64
"[11.38, 4.98, 13.62, 7.22]",2,"[8, 4, 15, 11]",64
"[6.46, 4.15, 8.7, 6.39]",4,"[6, 4, 9, 7]",16
"[10.3, 11.38, 12.54, 13.62]",3,"[10, 8, 13, 15]",32
"[10.14, 10.24, 12.38, 12.48]",4,"[10, 10, 13, 13]",16
"[3.22, 8.41, 5.46, 10.65]",2,"[0, 8, 7, 15]",64
"[7.94, 10.58, 10.18, 12.82]",2,"[4, 8, 11, 15]",64
"[8.55, 0.45, 10.79, 2.69]",4,"[8, 0, 11, 3]",16
"[11.18, 4.8, 13.42, 7.04]",2,"[8, 4, 15, 11]",64
"[0.29, 3.93, 2.53, 6.17]",3,"[0, 0, 3, 7]",32
"[8.73, 11.41, 10.97, 13.65]",3,"[8, 8, 11, 15]",32
"[3.47, 4.5, 5.71, 6.74]",2,"[0, 0, 7, 7]",64
"[11.38, 7.68, 13.62, 9.92]",2,"[8, 4, 15, 11]",64
"[12.55, 12.34, 14.79, 14.58]",4,"[12, 12, 15, 15]",16
"[5.7, 6.41, 7.94, 8.65]",2,"[4, 4, 11, 11]",64
"[11.77, 6.47, 14.01, 8.71]",2,"[8, 4, 15, 11]",64
"[10.86, 4.15, 13.1, 6.39]",2,"[8, 0, 15, 7]",64
"[1.57, 6.93, 3.81, 9.17]",2,"[0, 4, 7, 11]",64
"[10.71, 7.11, 12.95, 9.35]",3,"[10, 4, 13, 11]",32
"[6.87, 11.77, 9.11, 14.01]",2,"[4, 8, 11, 15]",64
"[5.33, 1.94, 7.57, 4.18]",2,"[4, 0, 11, 7]",64
"[11.4, 1.32, 13.64, 3.56]",2,"[8, 0, 15, 7]",64
"[6.96, 10.97, 9.2, 13.21]",2,"[4, 8, 11, 15]",64
"[7.58, 1.88, 9.82, 4.12]",2,"[4, 0, 11, 7]",64
"[11.33, 5.52, 13.57, 7.76]",2,"[8, 4, 15, 11]",64
"[9.31, 5.28, 11.55, 7.52]",2,"[8, 4, 15, 11]",64
"[12.02, 5.71, 14.26, 7.95]",3,"[12, 4, 15, 11]",32
"[2.51, 10.9, 4.75, 13.14]",3,"[2, 8, 5, 15]",32
"[10.82, 10.55, 13.06, 12.79]",2,"[8, 8, 15, 15]",64
"[2.41, 6.6, 4.65, 8.84]",4,"[2, 6, 5, 9]",16
"[0.84, 10.13, 3.08, 12.37]",2,"[0, 8, 7, 15]",64
"[10.77, 1.71, 13.01, 3.95]",2,"[8, 0, 15, 7]",64
"[6.81, 10.43, 9.05, 12.67]",2,"[4, 8, 11, 15]",64
"[9.22, 3.65, 11.46, 5.89]",2,"[8, 0, 15, 7]",64
"[1.88, 2.43, 4.12, 4.67]",2,"[0, 0, 7, 7]",64
"[4.67, 11.01, 6.91, 13.25]",3,"[4, 8, 7, 15]",32
"[7.46, 0.92, 9.7, 3.16]",2,"[4, 0, 11, 7]",64
"[3.29, 2.37, 5.53, 4.61]",2,"[0, 0, 7, 7]",64
"[1.66, 10.94, 3.9, 13.18]",2,"[0, 8, 7, 15]",64
"[11.54, 12.18, 13.78, 14.42]",2,"[8, 8, 15, 15]",64
"[5.69, 1.07, 7.93, 3.31]",2,"[4, 0, 11, 7]",64
"[0.59, 6.5, 2.83, 8.74]",4,"[0, 6, 3, 9]",16
"[1.41, 1.14, 3.65, 3.38]",2,"[0, 0, 7, 7]",64
"[3.71, 10.3, 5.95, 12.54]",2,"[0, 8, 7, 15]",64
"[0.45, 3.65, 2.69, 5.89]",3,"[0, 0, 3, 7]",32
"[11.24, 9.08, 13.48, 11.32]",2,"[8, 8, 15, 15]",64
"[8.72, 10.25, 10.96, 12.49]",4,"[8, 10, 11, 13]",16
"[3.79, 1.86, 6.03, 4.1]",2,"[0, 0, 7, 7]",64
"[11.1, 7.99, 13.34, 10.23]",2,"[8, 4, 15, 11]",64
"[0.29, 7.28, 2.53, 9.52]",3,"[0, 4, 3, 11]",32
"[4.52, 9.8, 6.76, 12.04]",3,"[4, 8, 7, 15]",32
"[10.68, 0.6, 12.92, 2.84]",4,"[10, 0, 13, 3]",16
"[10.51, 11.9, 12.75, 14.14]",3,"[10, 8, 13, 15]",32
"[9.73, 2.7, 11.97, 4.94]",2,"[8, 0, 15, 7]",64
"[6.25, 10.65, 8.49, 12.89]",4,"[6, 10, 9, 13]",16
"[1.72, 9.69, 3.96, 11.93]",2,"[0, 8, 7, 15]",64
"[7.07, 1.29, 9.31, 3.53]",2,"[4, 0, 11, 7]",64
"[5.31, 1.46, 7.55, 3.7]",2,"[4, 0, 11, 7]",64
"[2.34, 8.64, 4.58, 10.88]",4,"[2, 8, 5, 11]",16
"[8.86, 2.69, 11.1, 4.93]",2,"[8, 0, 15, 7]",64
"[10.36, 7.96, 12.6, 10.2]",3,"[10, 4, 13, 11]",32
"[7.92, 4.04, 10.16, 6.28]",2,"[4, 0, 11, 7]",64
"[6.52, 5.08, 8.76, 7.32]",3,"[6, 4, 9, 11]",32
"[7.24, 12.32, 9.48, 14.56]",2,"[4, 8, 11, 15]",64
"[6.88, 4.08, 9.12, 6.32]",2,"[4, 0, 11, 7]",64
"[11.25, 5.09, 13.49, 7.33]",2,"[8, 4, 15, 11]",64
"[0.89, 4.63, 3.13, 6.87]",2,"[0, 0, 7, 7]",64
"[0.19, 0.95, 2.43, 3.19]",3,"[0, 0, 3, 7]",32
"[8.06, 3.62, 10.3, 5.86]",3,"[8, 0, 11, 7]",32
"[5.42, 2.37, 7.66, 4.61]",2,"[4, 0, 11, 7]",64
"[5.33, 0.34, 7.57, 2.58]",2,"[4, 0, 11, 7]",64
"[6.49, 7.48, 8.73, 9.72]",3,"[6, 4, 9, 11]",32
"[0.04, 4.14, 2.28, 6.38]",4,"[0, 4, 3, 7]",16
"[4.41, 11.53, 6.65, 13.77]",3,"[4, 8, 7, 15]",32
"[8.6, 2.82, 10.84, 5.06]",3,"[8, 0, 11, 7]",32
"[8.13, 4.06, 10.37, 6.3]",4,"[8, 4, 11, 7]",16
"[2.94, 0.94, 5.18, 3.18]",2,"[0, 0, 7, 7]",64
"[2.86, 6.84, 5.1, 9.08]",2,"[0, 4, 7, 11]",64
"[1.54, 11.35, 3.78, 13.59]",2,"[0, 8, 7, 15]",64
"[10.92, 11.23, 13.16, 13.47]",2,"[8, 8, 15, 15]",64
"[8.44, 6.5, 10.68, 8.74]",4,"[8, 6, 11, 9]",16
"[10.39, 2.38, 12.63, 4.62]",4,"[10, 2, 13, 5]",16
"[3.65, 7.35, 5.89, 9.59]",2,"[0, 4, 7, 11]",64
"[2.21, 1.01, 4.45, 3.25]",3,"[2, 0, 5, 7]",32
"[5.27, 5.35, 7.51, 7.59]",2,"[4, 4, 11, 11]",64
"[9.33, 1.88, 11.57, 4.12]",2,"[8, 0, 15, 7]",64
"[1.91, 5.37, 4.15, 7.61]",2,"[0, 4, 7, 11]",64
"[7.82, 1.47, 10.06, 3.71]",2,"[4, 0, 11, 7]",64
"[11.43, 11.74, 13.67, 13.98]",2,"[8, 8, 15, 15]",64
"[9.99, 11.91, 12.23, 14.15]",2,"[8, 8, 15, 15]",64
"[6.95, 9.57, 9.19, 11.81]",2,"[4, 8, 11, 15]",64
"[5.53, 9.32, 7.77, 11.56]",2,"[4, 8, 11, 15]",64
"[4.53, 7.2, 6.77, 9.44]",3,"[4, 4, 7, 11]",32
"[1.68, 7.68, 3.92, 9.92]",2,"[0, 4, 7, 11]",64
"[4.98, 0.05, 7.22, 2.29]",2,"[4, 0, 11, 7]",64
"[3.74, 1.41, 5.98, 3.65]",2,"[0, 0, 7, 7]",64
"[1.03, 9.6, 3.27, 11.84]",2,"[0, 8, 7, 15]",64
"[1.61, 10.34, 3.85, 12.58]",2,"[0, 8, 7, 15]",64
"[6.78, 9.32, 9.02, 11.56]",2,"[4, 8, 11, 15]",64
"[4.08, 8.37, 6.32, 10.61]",4,"[4, 8, 7, 11]",16
"[0.31, 0.8, 2.55, 3.04]",3,"[0, 0, 3, 7]",32
"[7.19, 1.71, 9.43, 3.95]",2,"[4, 0, 11, 7]",64
"[9.81, 12.66, 12.05, 14.9]",2,"[8, 8, 15, 15]",64
"[10.45, 1.58, 12.69, 3.82]",3,"[10, 0, 13, 7]",32
"[5.41, 7.97, 7.65, 10.21]",2,"[4, 4, 11, 11]",64
"[2.71, 0.94, 4.95, 3.18]",3,"[2, 0, 5, 7]",32
"[2.5, 7.64, 4.74, 9.88]",3,"[2, 4, 5, 11]",32
"[10.2, 5.31, 12.44, 7.55]",3,"[10, 4, 13, 11]",32
"[7.44, 8.7, 9.68, 10.94]",2,"[4, 8, 11, 15]",64
"[12.47, 10.12, 14.71, 12.36]",4,"[12, 10, 15, 13]",16
"[2.61, 2.79, 4.85, 5.03]",3,"[2, 0, 5, 7]",32
"[0.6, 3.21, 2.84, 5.45]",3,"[0, 0, 3, 7]",32
"[10.81, 7.01, 13.05, 9.25]",2,"[8, 4, 15, 11]",64
"[9.21, 7.85, 11.45, 10.09]",2,"[8, 4, 15, 11]",64
"[3.08, 3.06, 5.32, 5.3]",2,"[0, 0, 7, 7]",64
"[5.17, 8.8, 7.41, 11.04]",2,"[4, 8, 11, 15]",64
"[9.27, 10.23, 11.51, 12.47]",2,"[8, 8, 15, 15]",64
"[9.72, 1.91, 11.96, 4.15]",2,"[8, 0, 15, 7]",64
"[12.7, 7.91, 14.94, 10.15]",3,"[12, 4, 15, 11]",32
"[3.44, 2.1, 5.68, 4.34]",2,"[0, 0, 7, 7]",64
"[9.57, 11.5, 11.81, 13.74]",2,"[8, 8, 15, 15]",64
"[3.22, 9.74, 5.46, 11.98]",2,"[0, 8, 7, 15]",64
"[12.49, 2.74, 14.73, 4.98]",4,"[12, 2, 15, 5]",16
"[7.39, 3.45, 9.63, 5.69]",2,"[4, 0, 11, 7]",64
"[2.93, 1.96, 5.17, 4.2]",2,"[0, 0, 7, 7]",64
"[0.79, 2.11, 3.03, 4.35]",2,"[0, 0, 7, 7]",64
"[4.36, 1.81, 6.6, 4.05]",3,"[4, 0, 7, 7]",32
"[5.06, 3.22, 7.3, 5.46]",2,"[4, 0, 11, 7]",64
"[8.12, 7.32, 10.36, 9.56]",3,"[8, 4, 11, 11]",32
"[3.93, 10.69, 6.17, 12.93]",2,"[0, 8, 7, 15]",64
"[2.45, 0.98, 4.69, 3.22]",3,"[2, 0, 5, 7]",32
"[7.16, 11.38, 9.4, 13.62]",2,"[4, 8, 11, 15]",64
"[6.11, 11.03, 8.35, 13.27]",3,"[6, 8, 9, 15]",32
"[5.43, 11.88, 7.67, 14.12]",2,"[4, 8, 11, 15]",64
"[0.53, 9.88, 2.77, 12.12]",3,"[0, 8, 3, 15]",32
"[11.55, 5.06, 13.79, 7.3]",2,"[8, 4, 15, 11]",64
"[4.11, 1.7, 6.35, 3.94]",3,"[4, 0, 7, 7]",32
"[5.8, 12.76, 8.04, 15.0]",2,"[4, 8, 11, 15]",64
"[6.7, 8.82, 8.94, 11.06]",3,"[6, 8, 9, 15]",32
"[3.02, 0.09, 5.26, 2.33]",2,"[0, 0, 7, 7]",64
"[10.39, 7.87, 12.63, 10.11]",3,"[10, 4, 13, 11]",32
"[0.94, 11.36, 3.18, 13.6]",2,"[0, 8, 7, 15]",64
"[2.47, 9.59, 4.71, 11.83]",3,"[2, 8, 5, 15]",32
"[5.91, 5.94, 8.15, 8.18]",2,"[4, 4, 11, 11]",64
"[12.34, 8.38, 14.58, 10.62]",4,"[12, 8, 15, 11]",16
"[5.3, 7.46, 7.54, 9.7]",2,"[4, 4, 11, 11]",64
"[4.32, 7.08, 6.56, 9.32]",3,"[4, 4, 7, 11]",32
"[9.51, 2.32, 11.75, 4.56]",2,"[8, 0, 15, 7]",64
"[3.58, 7.95, 5.82, 10.19]",2,"[0, 4, 7, 11]",64
"[2.29, 4.76, 4.53, 7.0]",4,"[2, 4, 5, 7]",16
"[4.38, 5.93, 6.62, 8.17]",3,"[4, 4, 7, 11]",32
"[4.19, 2.82, 6.43, 5.06]",3,"[4, 0, 7, 7]",32
"[7.48, 11.78, 9.72, 14.02]",2,"[4, 8, 11, 15]",64
"[2.91, 1.02, 5.15, 3.26]",2,"[0, 0, 7, 7]",64
"[4.32, 4.35, 6.56, 6.59]",4,"[4, 4, 7, 7]",16
"[9.65, 2.25, 11.89, 4.49]",2,"[8, 0, 15, 7]",64
"[2.24, 2.43, 4.48, 4.67]",4,"[2, 2, 5, 5]",16
"[10.56, 6.25, 12.8, 8.49]",4,"[10, 6, 13, 9]",16
"[4.54, 11.95, 6.78, 14.19]",3,"[4, 8, 7, 15]",32
"[5.53, 3.44, 7.77, 5.68]",2,"[4, 0, 11, 7]",64
"[3.82, 8.0, 6.06, 10.24]",2,"[0, 8, 7, 15]",64
"[12.56, 12.39, 14.8, 14.63]",4,"[12, 12, 15, 15]",16
"[11.45, 1.99, 13.69, 4.23]",2,"[8, 0, 15, 7]",64
"[1.12, 8.2, 3.36, 10.44]",2,"[0, 8, 7, 15]",64
"[11.74, 10.27, 13.98, 12.51]",2,"[8, 8, 15, 15]",64
"[10.35, 10.64, 12.59, 12.88]",4,"[10, 10, 13, 13]",16
"[10.77, 11.49, 13.01, 13.73]",2,"[8, 8, 15, 15]",64
"[2.72, 5.44, 4.96, 7.68]",3,"[2, 4, 5, 11]",32
"[5.64, 0.73, 7.88, 2.97]",2,"[4, 0, 11, 7]",64
"[10.65, 8.95, 12.89, 11.19]",3,"[10, 8, 13, 15]",32
"[2.57, 11.74, 4.81, 13.98]",3,"[2, 8, 5, 15]",32
"[10.13, 2.62, 12.37, 4.86]",4,"[10, 2, 13, 5]",16
"[3.68, 8.81, 5.92, 11.05]",2,"[0, 8, 7, 15]",64
"[7.4, 1.43, 9.64, 3.67]",2,"[4, 0, 11, 7]",64
"[11.57, 4.11, 13.81, 6.35]",2,"[8, 0, 15, 7]",64
"[5.09, 6.35, 7.33, 8.59]",2,"[4, 4, 11, 11]",64
"[10.27, 0.53, 12.51, 2.77]",4,"[10, 0, 13, 3]",16
"[2.99, 10.77, 5.23, 13.01]",2,"[0, 8, 7, 15]",64
"[6.01, 10.71, 8.25, 12.95]",4,"[6, 10, 9, 13]",16
"[4.94, 2.87, 7.18, 5.11]",2,"[4, 0, 11, 7]",64
"[11.61, 9.79, 13.85, 12.03]",2,"[8, 8, 15, 15]",64
"[5.0, 8.71, 7.24, 10.95]",2,"[4, 8, 11, 15]",64
"[8.87, 1.02, 11.11, 3.26]",2,"[8, 0, 15, 7]",64
"[11.48, 4.49, 13.72, 6.73]",2,"[8, 0, 15, 7]",64
"[8.36, 1.16, 10.6, 3.4]",3,"[8, 0, 11, 7]",32
"[11.85, 6.58, 14.09, 8.82]",2,"[8, 4, 15, 11]",64
"[12.17, 11.1, 14.41, 13.34]",3,"[12, 8, 15, 15]",32
"[5.6, 11.53, 7.84, 13.77]",2,"[4, 8, 11, 15]",64
"[10.63, 3.48, 12.87, 5.72]",3,"[10, 0, 13, 7]",32
"[11.31, 4.48, 13.55, 6.72]",2,"[8, 0, 15, 7]",64
"[2.14, 1.9, 4.38, 4.14]",3,"[2, 0, 5, 7]",32
"[10.27, 4.05, 12.51, 6.29]",4,"[10, 4, 13, 7]",16
"[1.56, 3.42, 3.8, 5.66]",2,"[0, 0, 7, 7]",64
"[4.87, 6.98, 7.11, 9.22]",2,"[4, 4, 11, 11]",64
"[10.22, 3.99, 12.46, 6.23]",3,"[10, 0, 13, 7]",32
"[10.58, 7.14, 12.82, 9.38]",3,"[10, 4, 13, 11]",32
"[6.73, 7.46, 8.97, 9.7]",3,"[6, 4, 9, 11]",32
"[1.59, 2.54, 3.83, 4.78]",2,"[0, 0, 7, 7]",64
"[3.84, 6.26, 6.08, 8.5]",2,"[0, 4, 7, 11]",64
"[5.35, 2.55, 7.59, 4.79]",2,"[4, 0, 11, 7]",64
"[4.82, 10.1, 7.06, 12.34]",2,"[4, 8, 11, 15]",64
"[11.52, 1.15, 13.76, 3.39]",2,"[8, 0, 15, 7]",64
"[8.84, 0.21, 11.08, 2.45]",2,"[8, 0, 15, 7]",64
"[9.42, 5.59, 11.66, 7.83]",2,"[8, 4, 15, 11]",64
"[12.24, 8.27, 14.48, 10.51]",4,"[12, 8, 15, 11]",16
"[9.92, 1.19, 12.16, 3.43]",2,"[8, 0, 15, 7]",64
"[7.83, 4.93, 10.07, 7.17]",2,"[4, 4, 11, 11]",64
"[3.02, 8.63, 5.26, 10.87]",2,"[0, 8, 7, 15]",64
"[11.31, 2.97, 13.55, 5.21]",2,"[8, 0, 15, 7]",64
"[3.25, 7.66, 5.49, 9.9]",2,"[0, 4, 7, 11]",64
"[3.61, 4.18, 5.85, 6.42]",2,"[0, 0, 7, 7]",64
"[8.99, 4.75, 11.23, 6.99]",2,"[8, 0, 15, 7]",64
"[1.61, 10.03, 3.85, 12.27]",2,"[0, 8, 7, 15]",64
"[12.24, 4.19, 14.48, 6.43]",4,"[12, 4, 15, 7]",16
"[8.18, 4.39, 10.42, 6.63]",4,"[8, 4, 11, 7]",16
"[2.36, 1.99, 4.6, 4.23]",3,"[2, 0, 5, 7]",32
"[7.17, 6.65, 9.41, 8.89]",2,"[4, 4, 11, 11]",64
"[9.9, 7.08, 12.14, 9.32]",2,"[8, 4, 15, 11]",64
"[9.71, 9.91, 11.95, 12.15]",2,"[8, 8, 15, 15]",64
"[12.32, 12.73, 14.56, 14.97]",4,"[12, 12, 15, 15]",16
"[11.22, 6.37, 13.46, 8.61]",2,"[8, 4, 15, 11]",64
"[11.61, 6.58, 13.85, 8.82]",2,"[8, 4, 15, 11]",64
"[3.51, 9.22, 5.75, 11.46]",2,"[0, 8, 7, 15]",64
"[10.84, 10.71, 13.08, 12.95]",2,"[8, 8, 15, 15]",64
"[2.33, 11.28, 4.57, 13.52]",3,"[2, 8, 5, 15]",32
"[6.96, 11.66, 9.2, 13.9]",2,"[4, 8, 11, 15]",64
"[10.23, 9.59, 12.47, 11.83]",3,"[10, 8, 13, 15]",32
"[8.55, 4.53, 10.79, 6.77]",4,"[8, 4, 11, 7]",16
"[1.16, 8.36, 3.4, 10.6]",2,"[0, 8, 7, 15]",64
"[0.92, 5.7, 3.16, 7.94]",2,"[0, 4, 7, 11]",64
"[5.65, 7.4, 7.89, 9.64]",2,"[4, 4, 11, 11]",64
"[8.24, 1.29, 10.48, 3.53]",3,"[8, 0, 11, 7]",32
"[9.38, 0.81, 11.62, 3.05]",2,"[8, 0, 15, 7]",64
"[5.29, 7.62, 7.53, 9.86]",2,"[4, 4, 11, 11]",64
"[4.34, 3.58, 6.58, 5.82]",3,"[4, 0, 7, 7]",32
"[1.66, 11.24, 3.9, 13.48]",2,"[0, 8, 7, 15]",64
"[8.13, 10.52, 10.37, 12.76]",4,"[8, 10, 11, 13]",16
"[7.56, 9.92, 9.8, 12.16]",2,"[4, 8, 11, 15]",64
"[3.28, 5.19, 5.52, 7.43]",2,"[0, 4, 7, 11]",64
"[2.64, 0.15, 4.88, 2.39]",4,"[2, 0, 5, 3]",16
"[7.77, 2.32, 10.01, 4.56]",2,"[4, 0, 11, 7]",64
"[3.4, 0.13, 5.64, 2.37]",2,"[0, 0, 7, 7]",64
"[5.24, 1.27, 7.48, 3.51]",2,"[4, 0, 11, 7]",64
"[7.75, 6.59, 9.99, 8.83]",2,"[4, 4, 11, 11]",64
"[10.93, 12.09, 13.17, 14.33]",2,"[8, 8, 15, 15]",64
"[10.49, 8.96, 12.73, 11.2]",3,"[10, 8, 13, 15]",32
"[12.19, 6.71, 14.43, 8.95]",4,"[12, 6, 15, 9]",16
"[9.61, 4.99, 11.85, 7.23]",2,"[8, 4, 15, 11]",64
"[11.82, 8.64, 14.06, 10.88]",2,"[8, 8, 15, 15]",64
"[7.04, 5.94, 9.28, 8.18]",2,"[4, 4, 11, 11]",64
"[4.75, 6.97, 6.99, 9.21]",3,"[4, 4, 7, 11]",32
"[1.71, 8.31, 3.95, 10.55]",2,"[0, 8, 7, 15]",64
"[3.99, 5.45, 6.23, 7.69]",2,"[0, 4, 7, 11]",64
"[4.96, 5.87, 7.2, 8.11]",2,"[4, 4, 11, 11]",64
"[10.0, 10.38, 12.24, 12.62]",4,"[10, 10, 13, 13]",16
"[4.61, 2.08, 6.85, 4.32]",4,"[4, 2, 7, 5]",16
"[1.41, 4.17, 3.65, 6.41]",2,"[0, 0, 7, 7]",64
"[11.5, 10.56, 13.74, 12.8]",2,"[8, 8, 15, 15]",64
"[3.36, 0.83, 5.6, 3.07]",2,"[0, 0, 7, 7]",64
"[6.26, 6.44, 8.5, 8.68]",4,"[6, 6, 9, 9]",16
"[10.32, 12.57, 12.56, 14.81]",4,"[10, 12, 13, 15]",16
"[11.51, 0.53, 13.75, 2.77]",2,"[8, 0, 15, 7]",64
"[11.18, 2.38, 13.42, 4.62]",2,"[8, 0, 15, 7]",64
"[3.5, 6.45, 5.74, 8.69]",2,"[0, 4, 7, 11]",64
"[10.28, 9.18, 12.52, 11.42]",3,"[10, 8, 13, 15]",32
"[7.97, 6.82, 10.21, 9.06]",2,"[4, 4, 11, 11]",64
"[1.85, 8.33, 4.09, 10.57]",2,"[0, 8, 7, 15]",64
"[3.57, 8.81, 5.81, 11.05]",2,"[0, 8, 7, 15]",64
"[3.54, 0.49, 5.78, 2.73]",2,"[0, 0, 7, 7]",64
"[1.87, 2.65, 4.11, 4.89]",2,"[0, 0, 7, 7]",64
"[10.19, 9.3, 12.43, 11.54]",3,"[10, 8, 13, 15]",32
"[9.67, 4.66, 11.91, 6.9]",2,"[8, 0, 15, 7]",64
"[11.29, 5.68, 13.53, 7.92]",2,"[8, 4, 15, 11]",64
"[3.29, 6.33, 5.53, 8.57]",2,"[0, 4, 7, 11]",64
"[5.15, 1.5, 7.39, 3.74]",2,"[4, 0, 11, 7]",64
"[4.93, 7.24, 7.17, 9.48]",2,"[4, 4, 11, 11]",64
"[11.5, 7.59, 13.74, 9.83]",2,"[8, 4, 15, 11]",64
"[10.4, 0.33, 12.64, 2.57]",4,"[10, 0, 13, 3]",16
"[0.29, 6.52, 2.53, 8.76]",4,"[0, 6, 3, 9]",16
"[2.46, 4.87, 4.7, 7.11]",3,"[2, 4, 5, 11]",32
"[3.26, 8.31, 5.5, 10.55]",2,"[0, 8, 7, 15]",64
"[9.61, 3.03, 11.85, 5.27]",2,"[8, 0, 15, 7]",64
"[9.97, 9.3, 12.21, 11.54]",2,"[8, 8, 15, 15]",64
"[3.68, 10.38, 5.92, 12.62]",2,"[0, 8, 7, 15]",64
"[10.14, 0.74, 12.38, 2.98]",4,"[10, 0, 13, 3]",16
"[9.86, 12.72, 12.1, 14.96]",2,"[8, 8, 15, 15]",64
"[7.58, 11.37, 9.82, 13.61]",2,"[4, 8, 11, 15]",64
"[6.26, 8.07, 8.5, 10.31]",4,"[6, 8, 9, 11]",16
"[1.97, 10.28, 4.21, 12.52]",2,"[0, 8, 7, 15]",64
"[5.06, 1.31, 7.3, 3.55]",2,"[4, 0, 11, 7]",64
"[5.12, 10.62, 7.36, 12.86]",2,"[4, 8, 11, 15]",64
"[2.35, 9.57, 4.59, 11.81]",3,"[2, 8, 5, 15]",32
"[3.45, 5.52, 5.69, 7.76]",2,"[0, 4, 7, 11]",64
"[5.2, 8.18, 7.44, 10.42]",2,"[4, 8, 11, 15]",64
"[8.0, 5.47, 10.24, 7.71]",3,"[8, 4, 11, 11]",32
"[0.19, 5.47, 2.43, 7.71]",3,"[0, 4, 3, 11]",32
"[9.91, 3.29, 12.15, 5.53]",2,"[8, 0, 15, 7]",64
"[5.9, 10.8, 8.14, 13.04]",2,"[4, 8, 11, 15]",64
"[4.0, 3.7, 6.24, 5.94]",3,"[4, 0, 7, 7]",32
"[4.18, 11.12, 6.42, 13.36]",3,"[4, 8, 7, 15]",32
"[5.69, 7.37, 7.93, 9.61]",2,"[4, 4, 11, 11]",64
"[7.29, 7.26, 9.53, 9.5]",2,"[4, 4, 11, 11]",64
"[10.56, 4.52, 12.8, 6.76]",4,"[10, 4, 13, 7]",16
"[4.88, 3.83, 7.12, 6.07]",2,"[4, 0, 11, 7]",64
"[6.95, 0.45, 9.19, 2.69]",2,"[4, 0, 11, 7]",64
"[11.23, 6.39, 13.47, 8.63]",2,"[8, 4, 15, 11]",64
"[6.92, 8.42, 9.16, 10.66]",2,"[4, 8, 11, 15]",64
"[0.83, 3.24, 3.07, 5.48]",2,"[0, 0, 7, 7]",64
"[12.09, 11.52, 14.33, 13.76]",3,"[12, 8, 15, 15]",32
"[8.63, 10.92, 10.87, 13.16]",3,"[8, 8, 11, 15]",32
"[5.27, 8.66, 7.51, 10.9]",2,"[4, 8, 11, 15]",64
"[1.37, 9.13, 3.61, 11.37]",2,"[0, 8, 7, 15]",64
"[10.08, 6.44, 12.32, 8.68]",4,"[10, 6, 13, 9]",16
"[1.1, 3.28, 3.34, 5.52]",2,"[0, 0, 7, 7]",64
"[11.54, 4.0, 13.78, 6.24]",2,"[8, 0, 15, 7]",64
"[3.39, 5.62, 5.63, 7.86]",2,"[0, 4, 7, 11]",64
"[10.08, 2.04, 12.32, 4.28]",4,"[10, 2, 13, 5]",16
"[6.82, 2.59, 9.06, 4.83]",2,"[4, 0, 11, 7]",64
"[6.05, 7.8, 8.29, 10.04]",3,"[6, 4, 9, 11]",32
"[9.43, 0.88, 11.67, 3.12]",2,"[8, 0, 15, 7]",64
"[8.67, 2.71, 10.91, 4.95]",4,"[8, 2, 11, 5]",16
"[11.47, 3.4, 13.71, 5.64]",2,"[8, 0, 15, 7]",64
"[1.22, 8.94, 3.46, 11.18]",2,"[0, 8, 7, 15]",64
"[5.9, 2.3, 8.14, 4.54]",2,"[4, 0, 11, 7]",64
"[10.64, 10.17, 12.88, 12.41]",4,"[10, 10, 13, 13]",16
"[4.33, 4.29, 6.57, 6.53]",4,"[4, 4, 7, 7]",16
"[1.24, 2.17, 3.48, 4.41]",2,"[0, 0, 7, 7]",64
"[10.18, 6.43, 12.42, 8.67]",4,"[10, 6, 13, 9]",16
"[6.8, 4.79, 9.04, 7.03]",2,"[4, 4, 11, 11]",64
"[1.6, 8.8, 3.84, 11.04]",2,"[0, 8, 7, 15]",64
"[0.26, 6.13, 2.5, 8.37]",4,"[0, 6, 3, 9]",16
"[11.99, 4.66, 14.23, 6.9]",2,"[8, 0, 15, 7]",64
"[1.81, 5.04, 4.05, 7.28]",2,"[0, 4, 7, 11]",64
"[2.15, 3.56, 4.39, 5.8]",3,"[2, 0, 5, 7]",32
"[1.03, 11.6, 3.27, 13.84]",2,"[0, 8, 7, 15]",64
"[3.73, 1.01, 5.97, 3.25]",2,"[0, 0, 7, 7]",64
"[1.58, 0.97, 3.82, 3.21]",2,"[0, 0, 7, 7]",64
"[8.58, 1.49, 10.82, 3.73]",3,"[8, 0, 11, 7]",32
"[3.54, 11.28, 5.78, 13.52]",2,"[0, 8, 7, 15]",64
"[2.63, 11.27, 4.87, 13.51]",3,"[2, 8, 5, 15]",32
"[2.64, 12.44, 4.88, 14.68]",4,"[2, 12, 5, 15]",16
"[7.96, 8.46, 10.2, 10.7]",2,"[4, 8, 11, 15]",64
"[4.64, 11.18, 6.88, 13.42]",3,"[4, 8, 7, 15]",32
"[10.76, 2.23, 13.0, 4.47]",4,"[10, 2, 13, 5]",16
"[9.37, 11.87, 11.61, 14.11]",2,"[8, 8, 15, 15]",64
"[9.15, 9.26, 11.39, 11.5]",2,"[8, 8, 15, 15]",64
"[5.97, 11.78, 8.21, 14.02]",2,"[4, 8, 11, 15]",64
"[8.99, 10.69, 11.23, 12.93]",2,"[8, 8, 15, 15]",64
"[5.27, 3.89, 7.51, 6.13]",2,"[4, 0, 11, 7]",64
"[4.69, 8.89, 6.93, 11.13]",3,"[4, 8, 7, 15]",32
"[7.27, 7.96, 9.51, 10.2]",2,"[4, 4, 11, 11]",64
"[10.09, 8.18, 12.33, 10.42]",4,"[10, 8, 13, 11]",16
"[11.92, 9.18, 14.16, 11.42]",2,"[8, 8, 15, 15]",64
"[6.64, 11.81, 8.88, 14.05]",3,"[6, 8, 9, 15]",32
"[7.59, 3.03, 9.83, 5.27]",2,"[4, 0, 11, 7]",64
"[6.1, 7.7, 8.34, 9.94]",3,"[6, 4, 9, 11]",32
"[9.64, 0.06, 11.88, 2.3]",2,"[8, 0, 15, 7]",64
"[7.87, 11.49, 10.11, 13.73]",2,"[4, 8, 11, 15]",64
"[8.22, 12.37, 10.46, 14.61]",4,"[8, 12, 11, 15]",16
"[11.48, 5.45, 13.72, 7.69]",2,"[8, 4, 15, 11]",64
"[4.46, 0.67, 6.7, 2.91]",4,"[4, 0, 7, 3]",16
"[0.75, 3.69, 2.99, 5.93]",3,"[0, 0, 3, 7]",32
"[2.64, 11.27, 4.88, 13.51]",3,"[2, 8, 5, 15]",32
"[4.88, 12.12, 7.12, 14.36]",2,"[4, 8, 11, 15]",64
"[7.43, 7.1, 9.67, 9.34]",2,"[4, 4, 11, 11]",64
"[11.33, 2.61, 13.57, 4.85]",2,"[8, 0, 15, 7]",64
"[6.02, 7.94, 8.26, 10.18]",3,"[6, 4, 9, 11]",32
"[11.17, 7.23, 13.41, 9.47]",2,"[8, 4, 15, 11]",64
"[5.25, 2.38, 7.49, 4.62]",2,"[4, 0, 11, 7]",64
"[7.56, 1.53, 9.8, 3.77]",2,"[4, 0, 11, 7]",64
"[5.27, 2.81, 7.51, 5.05]",2,"[4, 0, 11, 7]",64
"[0.71, 7.96, 2.95, 10.2]",3,"[0, 4, 3, 11]",32
"[5.44, 6.09, 7.68, 8.33]",2,"[4, 4, 11, 11]",64
"[4.41, 10.71, 6.65, 12.95]",4,"[4, 10, 7, 13]",16
"[4.93, 12.4, 7.17, 14.64]",2,"[4, 8, 11, 15]",64
"[6.18, 1.5, 8.42, 3.74]",3,"[6, 0, 9, 7]",32
"[4.91, 12.36, 7.15, 14.6]",2,"[4, 8, 11, 15]",64
"[8.29, 9.45, 10.53, 11.69]",3,"[8, 8, 11, 15]",32
"[7.23, 8.37, 9.47, 10.61]",2,"[4, 8, 11, 15]",64
"[10.53, 5.05, 12.77, 7.29]",3,"[10, 4, 13, 11]",32
"[8.48, 2.93, 10.72, 5.17]",3,"[8, 0, 11, 7]",32
"[10.94, 1.08, 13.18, 3.32]",2,"[8, 0, 15, 7]",64
"[1.43, 12.75, 3.67, 14.99]",2,"[0, 8, 7, 15]",64
"[3.44, 8.66, 5.68, 10.9]",2,"[0, 8, 7, 15]",64
"[4.21, 9.89, 6.45, 12.13]",3,"[4, 8, 7, 15]",32
"[1.38, 3.34, 3.62, 5.58]",2,"[0, 0, 7, 7]",64
"[11.47, 9.0, 13.71, 11.24]",2,"[8, 8, 15, 15]",64
"[7.61, 7.25, 9.85, 9.49]",2,"[4, 4, 11, 11]",64
"[4.14, 8.7, 6.38, 10.94]",4,"[4, 8, 7, 11]",16
"[0.85, 11.17, 3.09, 13.41]",2,"[0, 8, 7, 15]",64
"[6.05, 11.8, 8.29, 14.04]",3,"[6, 8, 9, 15]",32
"[8.35, 11.09, 10.59, 13.33]",3,"[8, 8, 11, 15]",32
"[8.95, 10.1, 11.19, 12.34]",2,"[8, 8, 15, 15]",64
"[8.72, 0.04, 10.96, 2.28]",4,"[8, 0, 11, 3]",16
"[11.33, 4.61, 13.57, 6.85]",2,"[8, 0, 15, 7]",64
"[8.99, 11.42, 11.23, 13.66]",2,"[8, 8, 15, 15]",64
"[7.83, 11.88, 10.07, 14.12]",2,"[4, 8, 11, 15]",64
"[2.28, 5.71, 4.52, 7.95]",3,"[2, 4, 5, 11]",32
"[7.62, 11.05, 9.86, 13.29]",2,"[4, 8, 11, 15]",64
"[9.01, 11.57, 11.25, 13.81]",2,"[8, 8, 15, 15]",64
"[3.57, 4.17, 5.81, 6.41]",2,"[0, 0, 7, 7]",64
"[4.92, 0.6, 7.16, 2.84]",2,"[4, 0, 11, 7]",64
"[1.51, 8.25, 3.75, 10.49]",2,"[0, 8, 7, 15]",64
"[10.47, 4.2, 12.71, 6.44]",4,"[10, 4, 13, 7]",16
"[7.78, 6.16, 10.02, 8.4]",2,"[4, 4, 11, 11]",64
"[5.28, 8.49, 7.52, 10.73]",2,"[4, 8, 11, 15]",64
"[8.23, 2.11, 10.47, 4.35]",4,"[8, 2, 11, 5]",16
"[11.06, 0.62, 13.3, 2.86]",2,"[8, 0, 15, 7]",64
"[11.77, 2.64, 14.01, 4.88]",2,"[8, 0, 15, 7]",64
"[3.63, 9.15, 5.87, 11.39]",2,"[0, 8, 7, 15]",64
"[0.22, 1.93, 2.46, 4.17]",3,"[0, 0, 3, 7]",32
"[6.33, 8.98, 8.57, 11.22]",3,"[6, 8, 9, 15]",32
"[0.52, 10.49, 2.76, 12.73]",4,"[0, 10, 3, 13]",16
"[5.05, 5.65, 7.29, 7.89]",2,"[4, 4, 11, 11]",64
"[1.91, 6.5, 4.15, 8.74]",2,"[0, 4, 7, 11]",64
"[0.12, 10.69, 2.36, 12.93]",4,"[0, 10, 3, 13]",16
"[0.03, 12.13, 2.27, 14.37]",4,"[0, 12, 3, 15]",16
"[7.51, 10.78, 9.75, 13.02]",2,"[4, 8, 11, 15]",64
"[8.3, 7.36, 10.54, 9.6]",3,"[8, 4, 11, 11]",32
"[5.61, 8.72, 7.85, 10.96]",2,"[4, 8, 11, 15]",64
"[1.46, 8.32, 3.7, 10.56]",2,"[0, 8, 7, 15]",64
"[5.54, 3.32, 7.78, 5.56]",2,"[4, 0, 11, 7]",64
"[7.4, 6.91, 9.64, 9.15]",2,"[4, 4, 11, 11]",64
"[1.57, 8.34, 3.81, 10.58]",2,"[0, 8, 7, 15]",64
"[4.38, 10.56, 6.62, 12.8]",4,"[4, 10, 7, 13]",16
"[1.01, 6.83, 3.25, 9.07]",2,"[0, 4, 7, 11]",64
"[9.81, 7.96, 12.05, 10.2]",2,"[8, 4, 15, 11]",64
"[2.81, 5.55, 5.05, 7.79]",2,"[0, 4, 7, 11]",64
"[8.66, 4.43, 10.9, 6.67]",4,"[8, 4, 11, 7]",16
"[0.94, 5.88, 3.18, 8.12]",2,"[0, 4, 7, 11]",64
"[2.17, 0.3, 4.41, 2.54]",4,"[2, 0, 5, 3]",16
"[10.85, 6.71, 13.09, 8.95]",2,"[8, 4, 15, 11]",64
"[3.23, 9.64, 5.47, 11.88]",2,"[0, 8, 7, 15]",64
"[10.77, 9.08, 13.01, 11.32]",2,"[8, 8, 15, 15]",64
"[12.67, 2.06, 14.91, 4.3]",4,"[12, 2, 15, 5]",16
"[12.36, 1.27, 14.6, 3.51]",3,"[12, 0, 15, 7]",32
"[12.0, 0.28, 14.24, 2.52]",4,"[12, 0, 15, 3]",16
"[1.32, 9.9, 3.56, 12.14]",2,"[0, 8, 7, 15]",64
"[1.33, 6.33, 3.57, 8.57]",2,"[0, 4, 7, 11]",64
"[11.48, 1.6, 13.72, 3.84]",2,"[8, 0, 15, 7]",64
"[8.51, 0.91, 10.75, 3.15]",3,"[8, 0, 11, 7]",32
"[11.14, 11.39, 13.38, 13.63]",2,"[8, 8, 15, 15]",64
"[12.71, 6.81, 14.95, 9.05]",3,"[12, 4, 15, 11]",32
"[0.98, 0.56, 3.22, 2.8]",2,"[0, 0, 7, 7]",64
"[9.95, 8.22, 12.19, 10.46]",2,"[8, 8, 15, 15]",64
"[7.87, 8.63, 10.11, 10.87]",2,"[4, 8, 11, 15]",64
"[4.37, 6.42, 6.61, 8.66]",4,"[4, 6, 7, 9]",16
"[0.11, 12.33, 2.35, 14.57]",4,"[0, 12, 3, 15]",16
"[1.15, 8.11, 3.39, 10.35]",2,"[0, 8, 7, 15]",64
"[9.2, 2.58, 11.44, 4.82]",2,"[8, 0, 15, 7]",64
"[3.05, 12.76, 5.29, 15.0]",2,"[0, 8, 7, 15]",64
"[9.8, 5.79, 12.04, 8.03]",2,"[8, 4, 15, 11]",64
"[9.77, 10.62, 12.01, 12.86]",2,"[8, 8, 15, 15]",64
"[12.71, 6.36, 14.95, 8.6]",4,"[12, 6, 15, 9]",16
"[1.47, 3.81, 3.71, 6.05]",2,"[0, 0, 7, 7]",64
"[4.38, 4.61, 6.62, 6.85]",4,"[4, 4, 7, 7]",16
"[4.24, 11.33, 6.48, 13.57]",3,"[4, 8, 7, 15]",32
"[9.58, 12.74, 11.82, 14.98]",2,"[8, 8, 15, 15]",64
"[4.85, 6.48, 7.09, 8.72]",2,"[4, 4, 11, 11]",64
"[12.26, 7.02, 14.5, 9.26]",3,"[12, 4, 15, 11]",32
"[4.13, 2.47, 6.37, 4.71]",4,"[4, 2, 7, 5]",16
"[11.73, 1.99, 13.97, 4.23]",2,"[8, 0, 15, 7]",64
"[4.97, 3.15, 7.21, 5.39]",2,"[4, 0, 11, 7]",64
"[3.62, 12.41, 5.86, 14.65]",2,"[0, 8, 7, 15]",64
"[2.68, 1.93, 4.92, 4.17]",3,"[2, 0, 5, 7]",32
"[5.5, 5.12, 7.74, 7.36]",2,"[4, 4, 11, 11]",64
"[2.7, 8.19, 4.94, 10.43]",4,"[2, 8, 5, 11]",16
"[11.22, 12.43, 13.46, 14.67]",2,"[8, 8, 15, 15]",64
"[11.26, 4.58, 13.5, 6.82]",2,"[8, 0, 15, 7]",64
"[11.1, 10.12, 13.34, 12.36]",2,"[8, 8, 15, 15]",64
"[9.0, 3.21, 11.24, 5.45]",2,"[8, 0, 15, 7]",64
"[6.67, 4.73, 8.91, 6.97]",4,"[6, 4, 9, 7]",16
"[10.26, 11.96, 12.5, 14.2]",3,"[10, 8, 13, 15]",32
"[5.47, 9.7, 7.71, 11.94]",2,"[4, 8, 11, 15]",64
"[3.86, 11.02, 6.1, 13.26]",2,"[0, 8, 7, 15]",64
"[6.35, 0.94, 8.59, 3.18]",3,"[6, 0, 9, 7]",32
"[8.85, 1.27, 11.09, 3.51]",2,"[8, 0, 15, 7]",64
"[7.37, 6.59, 9.61, 8.83]",2,"[4, 4, 11, 11]",64
"[5.95, 4.79, 8.19, 7.03]",2,"[4, 4, 11, 11]",64
"[5.84, 10.83, 8.08, 13.07]",2,"[4, 8, 11, 15]",64
"[12.19, 11.09, 14.43, 13.33]",3,"[12, 8, 15, 15]",32
"[6.23, 3.13, 8.47, 5.37]",3,"[6, 0, 9, 7]",32
"[12.58, 11.61, 14.82, 13.85]",3,"[12, 8, 15, 15]",32
"[12.11, 0.54, 14.35, 2.78]",4,"[12, 0, 15, 3]",16
"[1.68, 10.23, 3.92, 12.47]",2,"[0, 8, 7, 15]",64
"[6.49, 8.95, 8.73, 11.19]",3,"[6, 8, 9, 15]",32
"[5.17, 3.84, 7.41, 6.08]",2,"[4, 0, 11, 7]",64
"[1.46, 3.33, 3.7, 5.57]",2,"[0, 0, 7, 7]",64
"[1.65, 11.11, 3.89, 13.35]",2,"[0, 8, 7, 15]",64
"[7.88, 5.6, 10.12, 7.84]",2,"[4, 4, 11, 11]",64
"[6.43, 6.03, 8.67, 8.27]",4,"[6, 6, 9, 9]",16
"[1.53, 1.28, 3.77, 3.52]",2,"[0, 0, 7, 7]",64
"[7.36, 5.79, 9.6, 8.03]",2,"[4, 4, 11, 11]",64
"[2.13, 9.85, 4.37, 12.09]",3,"[2, 8, 5, 15]",32
"[0.1, 10.05, 2.34, 12.29]",4,"[0, 10, 3, 13]",16
"[8.93, 7.83, 11.17, 10.07]",2,"[8, 4, 15, 11]",64
"[2.57, 12.41, 4.81, 14.65]",4,"[2, 12, 5, 15]",16
"[1.08, 9.11, 3.32, 11.35]",2,"[0, 8, 7, 15]",64
"[10.28, 8.31, 12.52, 10.55]",4,"[10, 8, 13, 11]",16
"[8.54, 9.44, 10.78, 11.68]",3,"[8, 8, 11, 15]",32
"[11.55, 4.82, 13.79, 7.06]",2,"[8, 4, 15, 11]",64
"[12.75, 11.0, 14.99, 13.24]",3,"[12, 8, 15, 15]",32
"[2.7, 0.8, 4.94, 3.04]",3,"[2, 0, 5, 7]",32
"[2.46, 1.55, 4.7, 3.79]",3,"[2, 0, 5, 7]",32
"[4.67, 9.8, 6.91, 12.04]",3,"[4, 8, 7, 15]",32
"[7.52, 4.96, 9.76, 7.2]",2,"[4, 4, 11, 11]",64
"[10.06, 10.9, 12.3, 13.14]",3,"[10, 8, 13, 15]",32
"[6.12, 8.56, 8.36, 10.8]",4,"[6, 8, 9, 11]",16
"[3.09, 11.37, 5.33, 13.61]",2,"[0, 8, 7, 15]",64
"[2.53, 2.01, 4.77, 4.25]",4,"[2, 2, 5, 5]",16
"[6.69, 3.51, 8.93, 5.75]",3,"[6, 0, 9, 7]",32
"[1.23, 5.01, 3.47, 7.25]",2,"[0, 4, 7, 11]",64
"[2.13, 4.86, 4.37, 7.1]",3,"[2, 4, 5, 11]",32
"[1.04, 12.32, 3.28, 14.56]",2,"[0, 8, 7, 15]",64
"[11.74, 9.38, 13.98, 11.62]",2,"[8, 8, 15, 15]",64
"[3.38, 5.96, 5.62, 8.2]",2,"[0, 4, 7, 11]",64
"[5.94, 7.33, 8.18, 9.57]",2,"[4, 4, 11, 11]",64
"[7.66, 0.81, 9.9, 3.05]",2,"[4, 0, 11, 7]",64
"[5.15, 0.37, 7.39, 2.61]",2,"[4, 0, 11, 7]",64
"[2.94, 3.42, 5.18, 5.66]",2,"[0, 0, 7, 7]",64
"[9.0, 5.42, 11.24, 7.66]",2,"[8, 4, 15, 11]",64
"[4.65, 10.24, 6.89, 12.48]",4,"[4, 10, 7, 13]",16
"[12.16, 3.2, 14.4, 5.44]",3,"[12, 0, 15, 7]",32
"[10.59, 4.86, 12.83, 7.1]",3,"[10, 4, 13, 11]",32
"[11.69, 10.03, 13.93, 12.27]",2,"[8, 8, 15, 15]",64
"[2.17, 2.22, 4.41, 4.46]",4,"[2, 2, 5, 5]",16
"[10.13, 1.13, 12.37, 3.37]",3,"[10, 0, 13, 7]",32
"[4.55, 7.14, 6.79, 9.38]",3,"[4, 4, 7, 11]",32
"[1.61, 6.82, 3.85, 9.06]",2,"[0, 4, 7, 11]",64
"[0.7, 11.32, 2.94, 13.56]",3,"[0, 8, 3, 15]",32
"[2.5, 9.04, 4.74, 11.28]",3,"[2, 8, 5, 15]",32
"[0.24, 10.97, 2.48, 13.21]",3,"[0, 8, 3, 15]",32
"[0.33, 2.26, 2.57, 4.5]",4,"[0, 2, 3, 5]",16
"[2.4, 3.45, 4.64, 5.69]",3,"[2, 0, 5, 7]",32
"[5.94, 2.73, 8.18, 4.97]",2,"[4, 0, 11, 7]",64
"[0.31, 4.66, 2.55, 6.9]",4,"[0, 4, 3, 7]",16
"[5.22, 4.69, 7.46, 6.93]",2,"[4, 0, 11, 7]",64
"[3.57, 8.1, 5.81, 10.34]",2,"[0, 8, 7, 15]",64
"[3.4, 12.38, 5.64, 14.62]",2,"[0, 8, 7, 15]",64
"[1.3, 1.89, 3.54, 4.13]",2,"[0, 0, 7, 7]",64
"[0.81, 5.11, 3.05, 7.35]",2,"[0, 4, 7, 11]",64
"[2.79, 11.45, 5.03, 13.69]",2,"[0, 8, 7, 15]",64
"[0.93, 11.36, 3.17, 13.6]",2,"[0, 8, 7, 15]",64
"[6.99, 1.92, 9.23, 4.16]",2,"[4, 0, 11, 7]",64
"[2.86, 11.63, 5.1, 13.87]",2,"[0, 8, 7, 15]",64
"[2.31, 3.29, 4.55, 5.53]",3,"[2, 0, 5, 7]",32
"[4.36, 10.41, 6.6, 12.65]",4,"[4, 10, 7, 13]",16
"[2.87, 10.17, 5.11, 12.41]",2,"[0, 8, 7, 15]",64
"[4.52, 7.95, 6.76, 10.19]",3,"[4, 4, 7, 11]",32
"[1.2, 11.51, 3.44, 13.75]",2,"[0, 8, 7, 15]",64
"[12.06, 0.3, 14.3, 2.54]",4,"[12, 0, 15, 3]",16
"[12.47, 11.28, 14.71, 13.52]",3,"[12, 8, 15, 15]",32
"[1.09, 7.93, 3.33, 10.17]",2,"[0, 4, 7, 11]",64
"[4.74, 5.38, 6.98, 7.62]",3,"[4, 4, 7, 11]",32
"[7.87, 8.02, 10.11, 10.26]",2,"[4, 8, 11, 15]",64
"[10.5, 2.11, 12.74, 4.35]",4,"[10, 2, 13, 5]",16
"[3.44, 12.51, 5.68, 14.75]",2,"[0, 8, 7, 15]",64
"[3.33, 9.82, 5.57, 12.06]",2,"[0, 8, 7, 15]",64
"[0.45, 2.43, 2.69, 4.67]",4,"[0, 2, 3, 5]",16
"[8.99, 10.43, 11.23, 12.67]",2,"[8, 8, 15, 15]",64
"[12.47, 0.77, 14.71, 3.01]",3,"[12, 0, 15, 7]",32
"[2.62, 12.36, 4.86, 14.6]",4,"[2, 12, 5, 15]",16
"[5.23, 4.53, 7.47, 6.77]",2,"[4, 0, 11, 7]",64
"[3.0, 0.02, 5.24, 2.26]",2,"[0, 0, 7, 7]",64
"[2.74, 5.54, 4.98, 7.78]",3,"[2, 4, 5, 11]",32
"[1.53, 8.78, 3.77, 11.02]",2,"[0, 8, 7, 15]",64
"[2.61, 7.87, 4.85, 10.11]",3,"[2, 4, 5, 11]",32
"[9.72, 12.31, 11.96, 14.55]",2,"[8, 8, 15, 15]",64
"[9.47, 12.28, 11.71, 14.52]",2,"[8, 8, 15, 15]",64
"[7.12, 4.02, 9.36, 6.26]",2,"[4, 0, 11, 7]",64
"[2.46, 5.26, 4.7, 7.5]",3,"[2, 4, 5, 11]",32
"[8.64, 4.24, 10.88, 6.48]",4,"[8, 4, 11, 7]",16
"[11.63, 7.94, 13.87, 10.18]",2,"[8, 4, 15, 11]",64
"[2.65, 10.77, 4.89, 13.01]",3,"[2, 8, 5, 15]",32
"[10.61, 4.22, 12.85, 6.46]",4,"[10, 4, 13, 7]",16
"[6.09, 3.54, 8.33, 5.78]",3,"[6, 0, 9, 7]",32
"[4.79, 11.62, 7.03, 13.86]",2,"[4, 8, 11, 15]",64
"[9.14, 8.32, 11.38, 10.56]",2,"[8, 8, 15, 15]",64
"[10.46, 0.19, 12.7, 2.43]",4,"[10, 0, 13, 3]",16
"[11.6, 7.27, 13.84, 9.51]",2,"[8, 4, 15, 11]",64
"[8.48, 3.82, 10.72, 6.06]",3,"[8, 0, 11, 7]",32
"[11.15, 5.61, 13.39, 7.85]",2,"[8, 4, 15, 11]",64
"[3.08, 0.47, 5.32, 2.71]",2,"[0, 0, 7, 7]",64
"[6.13, 5.22, 8.37, 7.46]",3,"[6, 4, 9, 11]",32
"[1.34, 0.39, 3.58, 2.63]",2,"[0, 0, 7, 7]",64
"[4.25, 1.08, 6.49, 3.32]",3,"[4, 0, 7, 7]",32
"[9.98, 10.21, 12.22, 12.45]",2,"[8, 8, 15, 15]",64
"[1.59, 7.57, 3.83, 9.81]",2,"[0, 4, 7, 11]",64
"[5.49, 8.38, 7.73, 10.62]",2,"[4, 8, 11, 15]",64
"[12.37, 10.86, 14.61, 13.1]",3,"[12, 8, 15, 15]",32
"[0.4, 1.87, 2.64, 4.11]",3,"[0, 0, 3, 7]",32
"[12.54, 4.45, 14.78, 6.69]",4,"[12, 4, 15, 7]",16
"[10.31, 5.52, 12.55, 7.76]",3,"[10, 4, 13, 11]",32
"[9.38, 3.23, 11.62, 5.47]",2,"[8, 0, 15, 7]",64
"[2.6, 9.41, 4.84, 11.65]",3,"[2, 8, 5, 15]",32
"[0.12, 6.09, 2.36, 8.33]",4,"[0, 6, 3, 9]",16
"[8.21, 8.92, 10.45, 11.16]",3,"[8, 8, 11, 15]",32
"[2.4, 3.59, 4.64, 5.83]",3,"[2, 0, 5, 7]",32
"[11.65, 3.76, 13.89, 6.0]",2,"[8, 0, 15, 7]",64
"[10.01, 8.86, 12.25, 11.1]",3,"[10, 8, 13, 15]",32
"[1.34, 2.04, 3.58, 4.28]",2,"[0, 0, 7, 7]",64
"[8.2, 6.71, 10.44, 8.95]",4,"[8, 6, 11, 9]",16
"[7.77, 4.72, 10.01, 6.96]",2,"[4, 0, 11, 7]",64
"[6.79, 3.04, 9.03, 5.28]",2,"[4, 0, 11, 7]",64
"[8.39, 4.91, 10.63, 7.15]",3,"[8, 4, 11, 11]",32
"[0.8, 5.14, 3.04, 7.38]",2,"[0, 4, 7, 11]",64
"[2.51, 9.63, 4.75, 11.87]",3,"[2, 8, 5, 15]",32
"[0.55, 9.19, 2.79, 11.43]",3,"[0, 8, 3, 15]",32
"[11.34, 1.54, 13.58, 3.78]",2,"[8, 0, 15, 7]",64
"[4.88, 1.55, 7.12, 3.79]",2,"[4, 0, 11, 7]",64
"[11.16, 1.34, 13.4, 3.58]",2,"[8, 0, 15, 7]",64
"[10.2, 2.81, 12.44, 5.05]",3,"[10, 0, 13, 7]",32
"[12.07, 9.77, 14.31, 12.01]",3,"[12, 8, 15, 15]",32
"[3.03, 10.67, 5.27, 12.91]",2,"[0, 8, 7, 15]",64
"[6.86, 6.92, 9.1, 9.16]",2,"[4, 4, 11, 11]",64
"[6.67, 11.1, 8.91, 13.34]",3,"[6, 8, 9, 15]",32
"[11.77, 12.63, 14.01, 14.87]",2,"[8, 8, 15, 15]",64
"[10.32, 10.87, 12.56, 13.11]",3,"[10, 8, 13, 15]",32
"[0.9, 9.71, 3.14, 11.95]",2,"[0, 8, 7, 15]",64
"[2.85, 7.79, 5.09, 10.03]",2,"[0, 4, 7, 11]",64
"[10.19, 9.43, 12.43, 11.67]",3,"[10, 8, 13, 15]",32
"[4.21, 3.36, 6.45, 5.6]",3,"[4, 0, 7, 7]",32
"[1.08, 1.87, 3.32, 4.11]",2,"[0, 0, 7, 7]",64
"[7.28, 3.37, 9.52, 5.61]",2,"[4, 0, 11, 7]",64
"[8.49, 2.28, 10.73, 4.52]",4,"[8, 2, 11, 5]",16
"[2.66, 1.84, 4.9, 4.08]",3,"[2, 0, 5, 7]",32
"[9.57, 8.85, 11.81, 11.09]",2,"[8, 8, 15, 15]",64
"[5.84, 12.13, 8.08, 14.37]",2,"[4, 8, 11, 15]",64
"[11.43, 6.42, 13.67, 8.66]",2,"[8, 4, 15, 11]",64
"[8.81, 4.97, 11.05, 7.21]",2,"[8, 4, 15, 11]",64
"[0.39, 7.87, 2.63, 10.11]",3,"[0, 4, 3, 11]",32
"[11.59, 10.21, 13.83, 12.45]",2,"[8, 8, 15, 15]",64
"[7.79, 8.66, 10.03, 10.9]",2,"[4, 8, 11, 15]",64
"[6.52, 1.94, 8.76, 4.18]",3,"[6, 0, 9, 7]",32
"[10.66, 2.74, 12.9, 4.98]",4,"[10, 2, 13, 5]",16
"[12.53, 5.54, 14.77, 7.78]",3,"[12, 4, 15, 11]",32
"[5.13, 5.72, 7.37, 7.96]",2,"[4, 4, 11, 11]",64
"[0.95, 1.58, 3.19, 3.82]",2,"[0, 0, 7, 7]",64
"[11.79, 9.26, 14.03, 11.5]",2,"[8, 8, 15, 15]",64
"[4.63, 6.51, 6.87, 8.75]",4,"[4, 6, 7, 9]",16
"[4.55, 5.05, 6.79, 7.29]",3,"[4, 4, 7, 11]",32
"[12.11, 0.67, 14.35, 2.91]",4,"[12, 0, 15, 3]",16
"[4.76, 10.05, 7.0, 12.29]",4,"[4, 10, 7, 13]",16
"[2.47, 1.91, 4.71, 4.15]",3,"[2, 0, 5, 7]",32
"[12.75, 7.0, 14.99, 9.24]",3,"[12, 4, 15, 11]",32
"[8.07, 5.41, 10.31, 7.65]",3,"[8, 4, 11, 11]",32
"[11.6, 7.8, 13.84, 10.04]",2,"[8, 4, 15, 11]",64
"[12.6, 10.74, 14.84, 12.98]",4,"[12, 10, 15, 13]",16
"[3.61, 2.32, 5.85, 4.56]",2,"[0, 0, 7, 7]",64
"[10.81, 9.75, 13.05, 11.99]",2,"[8, 8, 15, 15]",64
"[10.55, 8.01, 12.79, 10.25]",4,"[10, 8, 13, 11]",16
"[7.29, 11.08, 9.53, 13.32]",2,"[4, 8, 11, 15]",64
"[4.65, 4.2, 6.89, 6.44]",4,"[4, 4, 7, 7]",16
"[4.15, 3.83, 6.39, 6.07]",3,"[4, 0, 7, 7]",32
"[1.36, 10.55, 3.6, 12.79]",2,"[0, 8, 7, 15]",64
"[2.99, 3.81, 5.23, 6.05]",2,"[0, 0, 7, 7]",64
"[11.15, 3.62, 13.39, 5.86]",2,"[8, 0, 15, 7]",64
"[11.74, 0.01, 13.98, 2.25]",2,"[8, 0, 15, 7]",64
"[6.18, 0.37, 8.42, 2.61]",4,"[6, 0, 9, 3]",16
"[11.82, 10.9, 14.06, 13.14]",2,"[8, 8, 15, 15]",64
"[9.78, 4.25, 12.02, 6.49]",2,"[8, 0, 15, 7]",64
"[7.33, 2.28, 9.57, 4.52]",2,"[4, 0, 11, 7]",64
"[1.61, 11.9, 3.85, 14.14]",2,"[0, 8, 7, 15]",64
"[10.33, 6.2, 12.57, 8.44]",4,"[10, 6, 13, 9]",16
"[3.14, 1.91, 5.38, 4.15]",2,"[0, 0, 7, 7]",64
"[0.41, 1.96, 2.65, 4.2]",3,"[0, 0, 3, 7]",32
"[8.37, 9.85, 10.61, 12.09]",3,"[8, 8, 11, 15]",32
"[12.74, 11.85, 14.98, 14.09]",3,"[12, 8, 15, 15]",32
"[2.04, 8.61, 4.28, 10.85]",4,"[2, 8, 5, 11]",16
"[11.95, 12.54, 14.19, 14.78]",2,"[8, 8, 15, 15]",64
"[3.98, 0.77, 6.22, 3.01]",2,"[0, 0, 7, 7]",64
"[6.36, 4.28, 8.6, 6.52]",4,"[6, 4, 9, 7]",16
"[0.65, 4.63, 2.89, 6.87]",4,"[0, 4, 3, 7]",16
"[9.41, 9.29, 11.65, 11.53]",2,"[8, 8, 15, 15]",64
"[1.17, 3.06, 3.41, 5.3]",2,"[0, 0, 7, 7]",64
"[2.24, 4.28, 4.48, 6.52]",4,"[2, 4, 5, 7]",16
"[9.57, 5.4, 11.81, 7.64]",2,"[8, 4, 15, 11]",64
"[5.15, 4.57, 7.39, 6.81]",2,"[4, 0, 11, 7]",64
"[4.4, 1.92, 6.64, 4.16]",3,"[4, 0, 7, 7]",32
"[8.85, 9.77, 11.09, 12.01]",2,"[8, 8, 15, 15]",64
"[10.92, 12.09, 13.16, 14.33]",2,"[8, 8, 15, 15]",64
"[10.1, 5.31, 12.34, 7.55]",3,"[10, 4, 13, 11]",32
"[8.25, 7.31, 10.49, 9.55]",3,"[8, 4, 11, 11]",32
"[3.92, 9.44, 6.16, 11.68]",2,"[0, 8, 7, 15]",64
"[10.7, 10.11, 12.94, 12.35]",4,"[10, 10, 13, 13]",16
"[8.48, 4.53, 10.72, 6.77]",4,"[8, 4, 11, 7]",16
"[3.69, 6.81, 5.93, 9.05]",2,"[0, 4, 7, 11]",64
"[4.27, 6.32, 6.51, 8.56]",4,"[4, 6, 7, 9]",16
"[9.92, 7.22, 12.16, 9.46]",2,"[8, 4, 15, 11]",64
"[10.75, 11.18, 12.99, 13.42]",3,"[10, 8, 13, 15]",32
"[7.15, 3.23, 9.39, 5.47]",2,"[4, 0, 11, 7]",64
"[3.2, 9.14, 5.44, 11.38]",2,"[0, 8, 7, 15]",64
"[10.72, 1.56, 12.96, 3.8]",3,"[10, 0, 13, 7]",32
"[4.97, 10.89, 7.21, 13.13]",2,"[4, 8, 11, 15]",64
"[4.84, 0.52, 7.08, 2.76]",2,"[4, 0, 11, 7]",64
"[5.75, 6.99, 7.99, 9.23]",2,"[4, 4, 11, 11]",64
"[11.29, 9.3, 13.53, 11.54]",2,"[8, 8, 15, 15]",64
"[3.4, 4.23, 5.64, 6.47]",2,"[0, 0, 7, 7]",64
"[3.58, 11.79, 5.82, 14.03]",2,"[0, 8, 7, 15]",64
"[8.56, 10.94, 10.8, 13.18]",3,"[8, 8, 11, 15]",32
"[11.65, 10.61, 13.89, 12.85]",2,"[8, 8, 15, 15]",64
"[4.98, 9.51, 7.22, 11.75]",2,"[4, 8, 11, 15]",64
"[9.42, 1.77, 11.66, 4.01]",2,"[8, 0, 15, 7]",64
"[2.92, 12.38, 5.16, 14.62]",2,"[0, 8, 7, 15]",64
"[9.85, 8.14, 12.09, 10.38]",2,"[8, 8, 15, 15]",64
"[9.87, 2.24, 12.11, 4.48]",2,"[8, 0, 15, 7]",64
"[4.82, 6.56, 7.06, 8.8]",2,"[4, 4, 11, 11]",64
"[6.51, 1.68, 8.75, 3.92]",3,"[6, 0, 9, 7]",32
"[4.54, 3.68, 6.78, 5.92]",3,"[4, 0, 7, 7]",32
"[5.58, 6.03, 7.82, 8.27]",2,"[4, 4, 11, 11]",64
"[6.16, 9.91, 8.4, 12.15]",3,"[6, 8, 9, 15]",32
"[0.81, 2.36, 3.05, 4.6]",2,"[0, 0, 7, 7]",64
"[3.79, 9.57, 6.03, 11.81]",2,"[0, 8, 7, 15]",64
"[4.42, 10.45, 6.66, 12.69]",4,"[4, 10, 7, 13]",16
"[10.44, 6.66, 12.68, 8.9]",4,"[10, 6, 13, 9]",16
"[1.0, 9.36, 3.24, 11.6]",2,"[0, 8, 7, 15]",64
"[6.69, 6.03, 8.93, 8.27]",4,"[6, 6, 9, 9]",16
"[9.81, 8.78, 12.05, 11.02]",2,"[8, 8, 15, 15]",64
"[4.68, 5.07, 6.92, 7.31]",3,"[4, 4, 7, 11]",32
"[2.16, 4.89, 4.4, 7.13]",3,"[2, 4, 5, 11]",32
"[6.05, 0.8, 8.29, 3.04]",3,"[6, 0, 9, 7]",32
"[11.92, 1.46, 14.16, 3.7]",2,"[8, 0, 15, 7]",64
"[0.18, 12.47, 2.42, 14.71]",4,"[0, 12, 3, 15]",16
"[12.38, 7.22, 14.62, 9.46]",3,"[12, 4, 15, 11]",32
"[4.75, 4.36, 6.99, 6.6]",4,"[4, 4, 7, 7]",16
"[7.52, 10.26, 9.76, 12.5]",2,"[4, 8, 11, 15]",64
"[5.59, 4.76, 7.83, 7.0]",2,"[4, 0, 11, 7]",64
"[0.23, 3.35, 2.47, 5.59]",3,"[0, 0, 3, 7]",32
"[12.1, 4.52, 14.34, 6.76]",4,"[12, 4, 15, 7]",16
"[10.88, 5.83, 13.12, 8.07]",2,"[8, 4, 15, 11]",64
"[3.01, 9.18, 5.25, 11.42]",2,"[0, 8, 7, 15]",64
"[6.71, 12.29, 8.95, 14.53]",4,"[6, 12, 9, 15]",16
"[4.75, 1.58, 6.99, 3.82]",3,"[4, 0, 7, 7]",32
"[11.36, 12.51, 13.6, 14.75]",2,"[8, 8, 15, 15]",64
"[0.14, 1.53, 2.38, 3.77]",3,"[0, 0, 3, 7]",32
"[1.75, 2.78, 3.99, 5.02]",2,"[0, 0, 7, 7]",64
"[4.64, 0.52, 6.88, 2.76]",4,"[4, 0, 7, 3]",16
"[3.19, 2.35, 5.43, 4.59]",2,"[0, 0, 7, 7]",64
"[1.17, 9.62, 3.41, 11.86]",2,"[0, 8, 7, 15]",64
"[3.9, 7.58, 6.14, 9.82]",2,"[0, 4, 7, 11]",64
"[9.49, 12.34, 11.73, 14.58]",2,"[8, 8, 15, 15]",64
"[9.56, 11.35, 11.8, 13.59]",2,"[8, 8, 15, 15]",64
"[2.68, 6.11, 4.92, 8.35]",4,"[2, 6, 5, 9]",16
"[2.99, 1.51, 5.23, 3.75]",2,"[0, 0, 7, 7]",64
"[1.63, 9.97, 3.87, 12.21]",2,"[0, 8, 7, 15]",64
"[1.83, 10.64, 4.07, 12.88]",2,"[0, 8, 7, 15]",64
"[8.17, 9.75, 10.41, 11.99]",3,"[8, 8, 11, 15]",32
"[6.57, 5.94, 8.81, 8.18]",3,"[6, 4, 9, 11]",32
"[0.84, 6.74, 3.08, 8.98]",2,"[0, 4, 7, 11]",64
"[8.89, 6.83, 11.13, 9.07]",2,"[8, 4, 15, 11]",64
"[9.21, 9.94, 11.45, 12.18]",2,"[8, 8, 15, 15]",64
"[11.06, 3.23, 13.3, 5.47]",2,"[8, 0, 15, 7]",64
"[6.84, 7.04, 9.08, 9.28]",2,"[4, 4, 11, 11]",64
"[0.2, 0.88, 2.44, 3.12]",3,"[0, 0, 3, 7]",32
"[0.18, 1.53, 2.42, 3.77]",3,"[0, 0, 3, 7]",32
"[1.05, 10.38, 3.29, 12.62]",2,"[0, 8, 7, 15]",64
"[11.4, 10.61, 13.64, 12.85]",2,"[8, 8, 15, 15]",64
"[1.45, 10.16, 3.69, 12.4]",2,"[0, 8, 7, 15]",64
"[6.11, 0.43, 8.35, 2.67]",4,"[6, 0, 9, 3]",16
"[2.67, 12.4, 4.91, 14.64]",4,"[2, 12, 5, 15]",16
"[3.84, 4.99, 6.08, 7.23]",2,"[0, 4, 7, 11]",64
"[6.72, 12.04, 8.96, 14.28]",4,"[6, 12, 9, 15]",16
"[10.63, 3.15, 12.87, 5.39]",3,"[10, 0, 13, 7]",32
"[10.86, 1.04, 13.1, 3.28]",2,"[8, 0, 15, 7]",64
"[6.55, 7.75, 8.79, 9.99]",3,"[6, 4, 9, 11]",32
"[7.5, 9.87, 9.74, 12.11]",2,"[4, 8, 11, 15]",64
"[2.36, 1.4, 4.6, 3.64]",3,"[2, 0, 5, 7]",32
"[11.95, 2.85, 14.19, 5.09]",2,"[8, 0, 15, 7]",64
"[8.16, 11.23, 10.4, 13.47]",3,"[8, 8, 11, 15]",32
"[8.32, 3.42, 10.56, 5.66]",3,"[8, 0, 11, 7]",32
"[0.36, 3.33, 2.6, 5.57]",3,"[0, 0, 3, 7]",32
"[7.7, 7.82, 9.94, 10.06]",2,"[4, 4, 11, 11]",64
"[2.54, 9.93, 4.78, 12.17]",3,"[2, 8, 5, 15]",32
"[10.43, 7.57, 12.67, 9.81]",3,"[10, 4, 13, 11]",32
"[7.82, 3.87, 10.06, 6.11]",2,"[4, 0, 11, 7]",64
"[1.03, 6.64, 3.27, 8.88]",2,"[0, 4, 7, 11]",64
"[9.04, 2.85, 11.28, 5.09]",2,"[8, 0, 15, 7]",64
"[7.05, 4.4, 9.29, 6.64]",2,"[4, 0, 11, 7]",64
"[9.27, 6.04, 11.51, 8.28]",2,"[8, 4, 15, 11]",64
"[2.03, 12.54, 4.27, 14.78]",4,"[2, 12, 5, 15]",16
"[3.72, 7.73, 5.96, 9.97]",2,"[0, 4, 7, 11]",64
"[6.91, 4.4, 9.15, 6.64]",2,"[4, 0, 11, 7]",64
"[3.58, 7.34, 5.82, 9.58]",2,"[0, 4, 7, 11]",64
"[4.74, 0.2, 6.98, 2.44]",4,"[4, 0, 7, 3]",16
"[8.54, 5.83, 10.78, 8.07]",3,"[8, 4, 11, 11]",32
"[1.04, 10.32, 3.28, 12.56]",2,"[0, 8, 7, 15]",64
"[5.0, 10.37, 7.24, 12.61]",2,"[4, 8, 11, 15]",64
"[2.21, 12.53, 4.45, 14.77]",4,"[2, 12, 5, 15]",16
"[7.55, 1.31, 9.79, 3.55]",2,"[4, 0, 11, 7]",64
"[7.01, 11.37, 9.25, 13.61]",2,"[4, 8, 11, 15]",64
"[7.46, 3.46, 9.7, 5.7]",2,"[4, 0, 11, 7]",64
"[11.34, 9.23, 13.58, 11.47]",2,"[8, 8, 15, 15]",64
"[0.44, 3.02, 2.68, 5.26]",3,"[0, 0, 3, 7]",32
"[0.6, 7.48, 2.84, 9.72]",3,"[0, 4, 3, 11]",32
"[0.96, 5.12, 3.2, 7.36]",2,"[0, 4, 7, 11]",64
"[10.37, 12.22, 12.61, 14.46]",4,"[10, 12, 13, 15]",16
"[8.98, 5.14, 11.22, 7.38]",2,"[8, 4, 15, 11]",64
"[5.83, 2.03, 8.07, 4.27]",2,"[4, 0, 11, 7]",64
"[9.02, 5.62, 11.26, 7.86]",2,"[8, 4, 15, 11]",64
"[2.37, 4.32, 4.61, 6.56]",4,"[2, 4, 5, 7]",16
"[3.51, 1.31, 5.75, 3.55]",2,"[0, 0, 7, 7]",64
"[6.83, 7.05, 9.07, 9.29]",2,"[4, 4, 11, 11]",64
"[4.14, 11.94, 6.38, 14.18]",3,"[4, 8, 7, 15]",32
"[9.33, 2.64, 11.57, 4.88]",2,"[8, 0, 15, 7]",64
"[10.97, 8.23, 13.21, 10.47]",2,"[8, 8, 15, 15]",64
"[1.26, 11.89, 3.5, 14.13]",2,"[0, 8, 7, 15]",64
"[0.06, 3.34, 2.3, 5.58]",3,"[0, 0, 3, 7]",32
"[10.91, 0.96, 13.15, 3.2]",2,"[8, 0, 15, 7]",64
"[3.92, 2.44, 6.16, 4.68]",2,"[0, 0, 7, 7]",64
"[5.58, 1.57, 7.82, 3.81]",2,"[4, 0, 11, 7]",64
"[8.35, 7.88, 10.59, 10.12]",3,"[8, 4, 11, 11]",32
"[6.28, 0.91, 8.52, 3.15]",3,"[6, 0, 9, 7]",32
"[7.27, 5.71, 9.51, 7.95]",2,"[4, 4, 11, 11]",64
"[7.31, 4.03, 9.55, 6.27]",2,"[4, 0, 11, 7]",64
"[3.39, 4.41, 5.63, 6.65]",2,"[0, 0, 7, 7]",64
"[2.69, 7.7, 4.93, 9.94]",3,"[2, 4, 5, 11]",32
"[11.91, 9.14, 14.15, 11.38]",2,"[8, 8, 15, 15]",64
"[4.34, 12.59, 6.58, 14.83]",4,"[4, 12, 7, 15]",16
"[1.43, 2.72, 3.67, 4.96]",2,"[0, 0, 7, 7]",64
"[6.79, 5.27, 9.03, 7.51]",2,"[4, 4, 11, 11]",64
"[9.55, 10.9, 11.79, 13.14]",2,"[8, 8, 15, 15]",64
"[7.3, 2.81, 9.54, 5.05]",2,"[4, 0, 11, 7]",64
"[3.67, 9.44, 5.91, 11.68]",2,"[0, 8, 7, 15]",64
"[2.31, 0.23, 4.55, 2.47]",4,"[2, 0, 5, 3]",16
"[9.79, 7.15, 12.03, 9.39]",2,"[8, 4, 15, 11]",64
"[10.84, 6.85, 13.08, 9.09]",2,"[8, 4, 15, 11]",64
"[7.4, 7.8, 9.64, 10.04]",2,"[4, 4, 11, 11]",64
"[3.06, 0.83, 5.3, 3.07]",2,"[0, 0, 7, 7]",64
"[6.43, 3.22, 8.67, 5.46]",3,"[6, 0, 9, 7]",32
"[11.88, 2.45, 14.12, 4.69]",2,"[8, 0, 15, 7]",64
"[5.87, 11.28, 8.11, 13.52]",2,"[4, 8, 11, 15]",64
"[3.7, 7.23, 5.94, 9.47]",2,"[0, 4, 7, 11]",64
"[10.99, 6.27, 13.23, 8.51]",2,"[8, 4, 15, 11]",64
"[5.26, 9.28, 7.5, 11.52]",2,"[4, 8, 11, 15]",64
"[3.78, 8.18, 6.02, 10.42]",2,"[0, 8, 7, 15]",64
"[8.02, 3.97, 10.26, 6.21]",3,"[8, 0, 11, 7]",32
"[8.91, 10.84, 11.15, 13.08]",2,"[8, 8, 15, 15]",64
"[2.26, 4.07, 4.5, 6.31]",4,"[2, 4, 5, 7]",16
"[5.86, 4.55, 8.1, 6.79]",2,"[4, 0, 11, 7]",64
"[3.61, 5.79, 5.85, 8.03]",2,"[0, 4, 7, 11]",64
"[5.33, 0.5, 7.57, 2.74]",2,"[4, 0, 11, 7]",64
"[11.94, 8.8, 14.18, 11.04]",2,"[8, 8, 15, 15]",64
"[8.74, 10.31, 10.98, 12.55]",4,"[8, 10, 11, 13]",16
"[3.95, 6.01, 6.19, 8.25]",2,"[0, 4, 7, 11]",64
"[3.96, 2.2, 6.2, 4.44]",2,"[0, 0, 7, 7]",64
"[9.62, 7.14, 11.86, 9.38]",2,"[8, 4, 15, 11]",64
"[5.74, 12.39, 7.98, 14.63]",2,"[4, 8, 11, 15]",64
"[4.99, 5.73, 7.23, 7.97]",2,"[4, 4, 11, 11]",64
"[0.76, 6.7, 3.0, 8.94]",4,"[0, 6, 3, 9]",16
"[9.64, 2.76, 11.88, 5.0]",2,"[8, 0, 15, 7]",64
"[4.1, 10.36, 6.34, 12.6]",4,"[4, 10, 7, 13]",16
"[4.18, 9.65, 6.42, 11.89]",3,"[4, 8, 7, 15]",32
"[2.93, 4.97, 5.17, 7.21]",2,"[0, 4, 7, 11]",64
"[8.32, 8.05, 10.56, 10.29]",4,"[8, 8, 11, 11]",16
"[8.59, 6.22, 10.83, 8.46]",4,"[8, 6, 11, 9]",16
"[6.03, 7.08, 8.27, 9.32]",3,"[6, 4, 9, 11]",32
"[7.15, 1.2, 9.39, 3.44]",2,"[4, 0, 11, 7]",64
"[3.61, 2.4, 5.85, 4.64]",2,"[0, 0, 7, 7]",64
"[3.37, 3.52, 5.61, 5.76]",2,"[0, 0, 7, 7]",64
"[11.14, 2.44, 13.38, 4.68]",2,"[8, 0, 15, 7]",64
"[4.58, 11.61, 6.82, 13.85]",3,"[4, 8, 7, 15]",32
"[4.86, 5.95, 7.1, 8.19]",2,"[4, 4, 11, 11]",64
"[9.39, 5.34, 11.63, 7.58]",2,"[8, 4, 15, 11]",64
"[1.22, 10.39, 3.46, 12.63]",2,"[0, 8, 7, 15]",64
"[4.66, 11.68, 6.9, 13.92]",3,"[4, 8, 7, 15]",32
"[8.5, 3.45, 10.74, 5.69]",3,"[8, 0, 11, 7]",32
"[9.57, 7.61, 11.81, 9.85]",2,"[8, 4, 15, 11]",64
"[3.79, 11.53, 6.03, 13.77]",2,"[0, 8, 7, 15]",64
"[1.21, 7.36, 3.45, 9.6]",2,"[0, 4, 7, 11]",64
"[11.01, 12.41, 13.25, 14.65]",2,"[8, 8, 15, 15]",64
"[4.0, 7.17, 6.24, 9.41]",3,"[4, 4, 7, 11]",32
"[12.36, 3.19, 14.6, 5.43]",3,"[12, 0, 15, 7]",32
"[2.21, 9.25, 4.45, 11.49]",3,"[2, 8, 5, 15]",32
"[9.99, 11.81, 12.23, 14.05]",2,"[8, 8, 15, 15]",64
"[7.0, 4.69, 9.24, 6.93]",2,"[4, 0, 11, 7]",64
"[2.0, 12.37, 4.24, 14.61]",4,"[2, 12, 5, 15]",16
"[9.97, 0.57, 12.21, 2.81]",2,"[8, 0, 15, 7]",64
"[9.24, 4.46, 11.48, 6.7]",2,"[8, 0, 15, 7]",64
"[2.13, 3.33, 4.37, 5.57]",3,"[2, 0, 5, 7]",32
"[2.46, 8.22, 4.7, 10.46]",4,"[2, 8, 5, 11]",16
"[0.85, 12.7, 3.09, 14.94]",2,"[0, 8, 7, 15]",64
"[4.64, 8.93, 6.88, 11.17]",3,"[4, 8, 7, 15]",32
"[6.16, 7.01, 8.4, 9.25]",3,"[6, 4, 9, 11]",32
"[5.03, 6.49, 7.27, 8.73]",2,"[4, 4, 11, 11]",64
"[4.3, 3.89, 6.54, 6.13]",3,"[4, 0, 7, 7]",32
"[8.17, 3.36, 10.41, 5.6]",3,"[8, 0, 11, 7]",32
"[10.87, 4.89, 13.11, 7.13]",2,"[8, 4, 15, 11]",64
"[9.23, 6.0, 11.47, 8.24]",2,"[8, 4, 15, 11]",64
"[1.78, 2.72, 4.02, 4.96]",2,"[0, 0, 7, 7]",64
"[4.15, 11.9, 6.39, 14.14]",3,"[4, 8, 7, 15]",32
"[1.4, 2.45, 3.64, 4.69]",2,"[0, 0, 7, 7]",64
"[4.44, 1.09, 6.68, 3.33]",3,"[4, 0, 7, 7]",32
"[5.37, 1.45, 7.61, 3.69]",2,"[4, 0, 11, 7]",64
"[2.56, 12.27, 4.8, 14.51]",4,"[2, 12, 5, 15]",16
"[4.42, 9.49, 6.66, 11.73]",3,"[4, 8, 7, 15]",32
"[11.38, 7.71, 13.62, 9.95]",2,"[8, 4, 15, 11]",64
"[6.2, 5.59, 8.44, 7.83]",3,"[6, 4, 9, 11]",32
"[10.88, 12.58, 13.12, 14.82]",2,"[8, 8, 15, 15]",64
"[0.88, 10.75, 3.12, 12.99]",2,"[0, 8, 7, 15]",64
"[1.12, 4.32, 3.36, 6.56]",2,"[0, 0, 7, 7]",64
"[10.98, 3.52, 13.22, 5.76]",2,"[8, 0, 15, 7]",64
"[11.82, 4.81, 14.06, 7.05]",2,"[8, 4, 15, 11]",64
"[9.69, 6.39, 11.93, 8.63]",2,"[8, 4, 15, 11]",64
"[5.87, 0.53, 8.11, 2.77]",2,"[4, 0, 11, 7]",64
"[4.24, 5.82, 6.48, 8.06]",3,"[4, 4, 7, 11]",32
"[10.7, 10.38, 12.94, 12.62]",4,"[10, 10, 13, 13]",16
"[11.52, 3.14, 13.76, 5.38]",2,"[8, 0, 15, 7]",64
"[5.99, 4.9, 8.23, 7.14]",2,"[4, 4, 11, 11]",64
"[9.1, 6.55, 11.34, 8.79]",2,"[8, 4, 15, 11]",64
"[3.58, 11.67, 5.82, 13.91]",2,"[0, 8, 7, 15]",64
"[8.13, 5.37, 10.37, 7.61]",3,"[8, 4, 11, 11]",32
"[11.84, 8.89, 14.08, 11.13]",2,"[8, 8, 15, 15]",64
"[9.62, 1.37, 11.86, 3.61]",2,"[8, 0, 15, 7]",64
"[6.3, 11.4, 8.54, 13.64]",3,"[6, 8, 9, 15]",32
"[0.86, 11.89, 3.1, 14.13]",2,"[0, 8, 7, 15]",64
"[12.63, 5.72, 14.87, 7.96]",3,"[12, 4, 15, 11]",32
"[12.14, 9.67, 14.38, 11.91]",3,"[12, 8, 15, 15]",32
"[2.21, 0.93, 4.45, 3.17]",3,"[2, 0, 5, 7]",32
"[11.1, 6.05, 13.34, 8.29]",2,"[8, 4, 15, 11]",64
"[1.55, 7.32, 3.79, 9.56]",2,"[0, 4, 7, 11]",64
"[7.34, 9.59, 9.58, 11.83]",2,"[4, 8, 11, 15]",64
"[6.87, 2.18, 9.11, 4.42]",2,"[4, 0, 11, 7]",64
"[8.35, 0.64, 10.59, 2.88]",4,"[8, 0, 11, 3]",16
"[10.76, 8.66, 13.0, 10.9]",4,"[10, 8, 13, 11]",16
"[4.24, 4.34, 6.48, 6.58]",4,"[4, 4, 7, 7]",16
"[8.52, 12.62, 10.76, 14.86]",4,"[8, 12, 11, 15]",16
"[9.24, 6.4, 11.48, 8.64]",2,"[8, 4, 15, 11]",64
"[11.65, 12.13, 13.89, 14.37]",2,"[8, 8, 15, 15]",64
"[11.89, 9.78, 14.13, 12.02]",2,"[8, 8, 15, 15]",64
"[0.17, 7.3, 2.41, 9.54]",3,"[0, 4, 3, 11]",32
"[10.2, 1.8, 12.44, 4.04]",3,"[10, 0, 13, 7]",32
"[0.09, 1.44, 2.33, 3.68]",3,"[0, 0, 3, 7]",32
"[3.26, 8.22, 5.5, 10.46]",2,"[0, 8, 7, 15]",64
"[7.24, 1.86, 9.48, 4.1]",2,"[4, 0, 11, 7]",64
"[10.5, 1.54, 12.74, 3.78]",3,"[10, 0, 13, 7]",32
"[12.23, 4.19, 14.47, 6.43]",4,"[12, 4, 15, 7]",16
"[9.13, 7.56, 11.37, 9.8]",2,"[8, 4, 15, 11]",64
"[2.51, 6.36, 4.75, 8.6]",4,"[2, 6, 5, 9]",16
"[10.97, 5.92, 13.21, 8.16]",2,"[8, 4, 15, 11]",64
"[12.23, 8.53, 14.47, 10.77]",4,"[12, 8, 15, 11]",16
"[4.65, 6.42, 6.89, 8.66]",4,"[4, 6, 7, 9]",16
"[4.68, 3.55, 6.92, 5.79]",3,"[4, 0, 7, 7]",32
"[5.85, 5.45, 8.09, 7.69]",2,"[4, 4, 11, 11]",64
"[2.64, 12.06, 4.88, 14.3]",4,"[2, 12, 5, 15]",16
"[9.8, 8.39, 12.04, 10.63]",2,"[8, 8, 15, 15]",64
"[2.24, 10.29, 4.48, 12.53]",4,"[2, 10, 5, 13]",16
"[10.81, 9.92, 13.05, 12.16]",2,"[8, 8, 15, 15]",64
"[9.53, 6.74, 11.77, 8.98]",2,"[8, 4, 15, 11]",64
"[3.43, 12.3, 5.67, 14.54]",2,"[0, 8, 7, 15]",64
"[5.33, 3.26, 7.57, 5.5]",2,"[4, 0, 11, 7]",64
"[2.65, 0.47, 4.89, 2.71]",4,"[2, 0, 5, 3]",16
"[7.03, 0.13, 9.27, 2.37]",2,"[4, 0, 11, 7]",64
"[12.72, 6.98, 14.96, 9.22]",3,"[12, 4, 15, 11]",32
"[0.93, 9.79, 3.17, 12.03]",2,"[0, 8, 7, 15]",64
"[3.7, 4.23, 5.94, 6.47]",2,"[0, 0, 7, 7]",64
"[2.41, 11.46, 4.65, 13.7]",3,"[2, 8, 5, 15]",32
"[12.64, 12.75, 14.88, 14.99]",4,"[12, 12, 15, 15]",16
"[10.12, 3.6, 12.36, 5.84]",3,"[10, 0, 13, 7]",32
"[4.35, 3.45, 6.59, 5.69]",3,"[4, 0, 7, 7]",32
"[10.51, 4.64, 12.75, 6.88]",4,"[10, 4, 13, 7]",16
"[6.39, 3.27, 8.63, 5.51]",3,"[6, 0, 9, 7]",32
"[1.4, 7.94, 3.64, 10.18]",2,"[0, 4, 7, 11]",64
"[5.44, 10.65, 7.68, 12.89]",2,"[4, 8, 11, 15]",64
"[10.08, 5.75, 12.32, 7.99]",3,"[10, 4, 13, 11]",32
"[11.17, 10.59, 13.41, 12.83]",2,"[8, 8, 15, 15]",64
"[3.6, 8.82, 5.84, 11.06]",2,"[0, 8, 7, 15]",64
"[10.89, 7.3, 13.13, 9.54]",2,"[8, 4, 15, 11]",64
"[3.85, 3.33, 6.09, 5.57]",2,"[0, 0, 7, 7]",64
"[10.25, 6.22, 12.49, 8.46]",4,"[10, 6, 13, 9]",16
"[4.32, 3.11, 6.56, 5.35]",3,"[4, 0, 7, 7]",32
"[10.16, 12.19, 12.4, 14.43]",4,"[10, 12, 13, 15]",16
"[7.35, 8.39, 9.59, 10.63]",2,"[4, 8, 11, 15]",64
"[3.86, 11.05, 6.1, 13.29]",2,"[0, 8, 7, 15]",64
"[4.4, 1.42, 6.64, 3.66]",3,"[4, 0, 7, 7]",32
"[0.02, 4.02, 2.26, 6.26]",4,"[0, 4, 3, 7]",16
"[7.45, 0.67, 9.69, 2.91]",2,"[4, 0, 11, 7]",64
"[12.05, 10.07, 14.29, 12.31]",4,"[12, 10, 15, 13]",16
"[5.79, 6.87, 8.03, 9.11]",2,"[4, 4, 11, 11]",64
"[3.24, 7.15, 5.48, 9.39]",2,"[0, 4, 7, 11]",64
"[9.2, 5.05, 11.44, 7.29]",2,"[8, 4, 15, 11]",64
"[8.19, 7.31, 10.43, 9.55]",3,"[8, 4, 11, 11]",32
"[5.98, 1.59, 8.22, 3.83]",2,"[4, 0, 11, 7]",64
"[5.59, 6.1, 7.83, 8.34]",2,"[4, 4, 11, 11]",64
"[6.62, 8.96, 8.86, 11.2]",3,"[6, 8, 9, 15]",32
"[7.25, 10.47, 9.49, 12.71]",2,"[4, 8, 11, 15]",64
"[5.85, 11.63, 8.09, 13.87]",2,"[4, 8, 11, 15]",64
"[2.41, 8.2, 4.65, 10.44]",4,"[2, 8, 5, 11]",16
"[0.22, 12.67, 2.46, 14.91]",4,"[0, 12, 3, 15]",16
"[11.77, 0.29, 14.01, 2.53]",2,"[8, 0, 15, 7]",64
"[10.78, 2.73, 13.02, 4.97]",2,"[8, 0, 15, 7]",64
"[9.26, 4.58, 11.5, 6.82]",2,"[8, 0, 15, 7]",64
"[9.22, 11.14, 11.46, 13.38]",2,"[8, 8, 15, 15]",64
"[6.13, 10.29, 8.37, 12.53]",4,"[6, 10, 9, 13]",16
"[5.93, 10.17, 8.17, 12.41]",2,"[4, 8, 11, 15]",64
"[0.22, 3.39, 2.46, 5.63]",3,"[0, 0, 3, 7]",32
"[9.87, 11.63, 12.11, 13.87]",2,"[8, 8, 15, 15]",64
"[4.36, 5.42, 6.6, 7.66]",3,"[4, 4, 7, 11]",32
"[3.77, 2.69, 6.01, 4.93]",2,"[0, 0, 7, 7]",64
"[11.02, 10.25, 13.26, 12.49]",2,"[8, 8, 15, 15]",64
"[10.24, 8.77, 12.48, 11.01]",3,"[10, 8, 13, 15]",32
"[7.94, 11.46, 10.18, 13.7]",2,"[4, 8, 11, 15]",64
"[0.72, 0.97, 2.96, 3.21]",3,"[0, 0, 3, 7]",32
"[1.95, 11.89, 4.19, 14.13]",2,"[0, 8, 7, 15]",64
"[2.04, 12.24, 4.28, 14.48]",4,"[2, 12, 5, 15]",16
"[10.06, 5.78, 12.3, 8.02]",3,"[10, 4, 13, 11]",32
"[8.0, 11.7, 10.24, 13.94]",3,"[8, 8, 11, 15]",32
"[5.32, 3.54, 7.56, 5.78]",2,"[4, 0, 11, 7]",64
"[5.39, 6.58, 7.63, 8.82]",2,"[4, 4, 11, 11]",64
"[0.03, 10.07, 2.27, 12.31]",4,"[0, 10, 3, 13]",16
"[5.53, 11.93, 7.77, 14.17]",2,"[4, 8, 11, 15]",64
"[4.45, 0.69, 6.69, 2.93]",4,"[4, 0, 7, 3]",16
"[1.99, 4.07, 4.23, 6.31]",2,"[0, 0, 7, 7]",64
"[12.71, 1.12, 14.95, 3.36]",3,"[12, 0, 15, 7]",32
"[4.06, 9.04, 6.3, 11.28]",3,"[4, 8, 7, 15]",32
"[10.83, 1.61, 13.07, 3.85]",2,"[8, 0, 15, 7]",64
"[6.52, 10.17, 8.76, 12.41]",4,"[6, 10, 9, 13]",16
"[1.56, 8.76, 3.8, 11.0]",2,"[0, 8, 7, 15]",64
"[9.47, 0.93, 11.71, 3.17]",2,"[8, 0, 15, 7]",64
"[1.83, 5.92, 4.07, 8.16]",2,"[0, 4, 7, 11]",64
"[8.19, 7.46, 10.43, 9.7]",3,"[8, 4, 11, 11]",32
"[7.51, 9.8, 9.75, 12.04]",2,"[4, 8, 11, 15]",64
"[0.7, 0.2, 2.94, 2.44]",4,"[0, 0, 3, 3]",16
"[10.66, 1.32, 12.9, 3.56]",3,"[10, 0, 13, 7]",32
"[2.58, 3.56, 4.82, 5.8]",3,"[2, 0, 5, 7]",32
"[5.91, 9.53, 8.15, 11.77]",2,"[4, 8, 11, 15]",64
"[7.23, 9.46, 9.47, 11.7]",2,"[4, 8, 11, 15]",64
"[6.36, 8.85, 8.6, 11.09]",3,"[6, 8, 9, 15]",32
"[7.79, 9.25, 10.03, 11.49]",2,"[4, 8, 11, 15]",64
"[10.16, 11.23, 12.4, 13.47]",3,"[10, 8, 13, 15]",32
"[10.45, 9.94, 12.69, 12.18]",3,"[10, 8, 13, 15]",32
"[7.76, 3.66, 10.0, 5.9]",2,"[4, 0, 11, 7]",64
"[9.23, 5.57, 11.47, 7.81]",2,"[8, 4, 15, 11]",64
"[6.25, 7.3, 8.49, 9.54]",3,"[6, 4, 9, 11]",32
"[0.94, 0.79, 3.18, 3.03]",2,"[0, 0, 7, 7]",64
"[2.1, 3.49, 4.34, 5.73]",3,"[2, 0, 5, 7]",32
"[10.84, 7.79, 13.08, 10.03]",2,"[8, 4, 15, 11]",64
"[4.74, 7.04, 6.98, 9.28]",3,"[4, 4, 7, 11]",32
"[8.03, 10.44, 10.27, 12.68]",4,"[8, 10, 11, 13]",16
"[9.5, 6.91, 11.74, 9.15]",2,"[8, 4, 15, 11]",64
"[10.91, 6.28, 13.15, 8.52]",2,"[8, 4, 15, 11]",64
"[3.07, 6.14, 5.31, 8.38]",2,"[0, 4, 7, 11]",64
"[6.95, 2.67, 9.19, 4.91]",2,"[4, 0, 11, 7]",64
"[5.5, 6.18, 7.74, 8.42]",2,"[4, 4, 11, 11]",64
"[6.04, 6.5, 8.28, 8.74]",4,"[6, 6, 9, 9]",16
"[8.66, 12.26, 10.9, 14.5]",4,"[8, 12, 11, 15]",16
"[6.05, 3.97, 8.29, 6.21]",3,"[6, 0, 9, 7]",32
"[12.22, 5.63, 14.46, 7.87]",3,"[12, 4, 15, 11]",32
"[6.12, 0.77, 8.36, 3.01]",3,"[6, 0, 9, 7]",32
"[11.16, 9.09, 13.4, 11.33]",2,"[8, 8, 15, 15]",64
"[10.45, 8.25, 12.69, 10.49]",4,"[10, 8, 13, 11]",16
"[3.6, 5.54, 5.84, 7.78]",2,"[0, 4, 7, 11]",64
"[3.58, 2.06, 5.82, 4.3]",2,"[0, 0, 7, 7]",64
"[9.73, 7.74, 11.97, 9.98]",2,"[8, 4, 15, 11]",64
"[0.04, 11.62, 2.28, 13.86]",3,"[0, 8, 3, 15]",32
"[8.05, 9.54, 10.29, 11.78]",3,"[8, 8, 11, 15]",32
"[11.77, 8.8, 14.01, 11.04]",2,"[8, 8, 15, 15]",64
"[9.83, 1.81, 12.07, 4.05]",2,"[8, 0, 15, 7]",64
"[5.39, 6.97, 7.63, 9.21]",2,"[4, 4, 11, 11]",64
"[6.17, 12.03, 8.41, 14.27]",4,"[6, 12, 9, 15]",16
"[11.27, 0.84, 13.51, 3.08]",2,"[8, 0, 15, 7]",64
"[8.24, 2.29, 10.48, 4.53]",4,"[8, 2, 11, 5]",16
"[2.4, 2.42, 4.64, 4.66]",4,"[2, 2, 5, 5]",16
"[5.75, 5.15, 7.99, 7.39]",2,"[4, 4, 11, 11]",64
"[2.82, 2.11, 5.06, 4.35]",2,"[0, 0, 7, 7]",64
"[0.13, 7.76, 2.37, 10.0]",3,"[0, 4, 3, 11]",32
"[2.91, 8.37, 5.15, 10.61]",2,"[0, 8, 7, 15]",64
"[5.2, 1.92, 7.44, 4.16]",2,"[4, 0, 11, 7]",64
"[2.88, 8.64, 5.12, 10.88]",2,"[0, 8, 7, 15]",64
"[0.67, 7.87, 2.91, 10.11]",3,"[0, 4, 3, 11]",32
"[8.28, 1.02, 10.52, 3.26]",3,"[8, 0, 11, 7]",32
"[9.83, 3.62, 12.07, 5.86]",2,"[8, 0, 15, 7]",64
"[5.98, 2.11, 8.22, 4.35]",2,"[4, 0, 11, 7]",64
"[4.73, 8.54, 6.97, 10.78]",4,"[4, 8, 7, 11]",16
"[7.37, 6.35, 9.61, 8.59]",2,"[4, 4, 11, 11]",64
"[8.76, 9.72, 11.0, 11.96]",3,"[8, 8, 11, 15]",32
"[1.82, 3.81, 4.06, 6.05]",2,"[0, 0, 7, 7]",64
"[9.8, 5.18, 12.04, 7.42]",2,"[8, 4, 15, 11]",64
"[11.01, 2.16, 13.25, 4.4]",2,"[8, 0, 15, 7]",64
"[9.77, 0.83, 12.01, 3.07]",2,"[8, 0, 15, 7]",64
"[8.0, 5.71, 10.24, 7.95]",3,"[8, 4, 11, 11]",32
"[4.52, 5.13, 6.76, 7.37]",3,"[4, 4, 7, 11]",32
"[3.23, 0.18, 5.47, 2.42]",2,"[0, 0, 7, 7]",64
"[12.32, 9.35, 14.56, 11.59]",3,"[12, 8, 15, 15]",32
"[2.39, 4.94, 4.63, 7.18]",3,"[2, 4, 5, 11]",32
"[8.67, 3.11, 10.91, 5.35]",3,"[8, 0, 11, 7]",32
"[0.27, 1.62, 2.51, 3.86]",3,"[0, 0, 3, 7]",32
"[3.74, 2.8, 5.98, 5.04]",2,"[0, 0, 7, 7]",64
"[4.65, 10.39, 6.89, 12.63]",4,"[4, 10, 7, 13]",16
"[7.63, 11.71, 9.87, 13.95]",2,"[4, 8, 11, 15]",64
"[6.69, 11.99, 8.93, 14.23]",3,"[6, 8, 9, 15]",32
"[1.07, 2.54, 3.31, 4.78]",2,"[0, 0, 7, 7]",64
"[8.21, 0.18, 10.45, 2.42]",4,"[8, 0, 11, 3]",16
"[6.21, 9.68, 8.45, 11.92]",3,"[6, 8, 9, 15]",32
"[4.39, 0.28, 6.63, 2.52]",4,"[4, 0, 7, 3]",16
"[8.24, 1.79, 10.48, 4.03]",3,"[8, 0, 11, 7]",32
"[11.51, 0.62, 13.75, 2.86]",2,"[8, 0, 15, 7]",64
"[9.11, 0.27, 11.35, 2.51]",2,"[8, 0, 15, 7]",64
"[7.3, 10.33, 9.54, 12.57]",2,"[4, 8, 11, 15]",64
"[5.47, 9.15, 7.71, 11.39]",2,"[4, 8, 11, 15]",64
"[1.44, 5.06, 3.68, 7.3]",2,"[0, 4, 7, 11]",64
"[1.68, 2.5, 3.92, 4.74]",2,"[0, 0, 7, 7]",64
"[1.18, 0.89, 3.42, 3.13]",2,"[0, 0, 7, 7]",64
"[12.25, 7.52, 14.49, 9.76]",3,"[12, 4, 15, 11]",32
"[9.38, 9.48, 11.62, 11.72]",2,"[8, 8, 15, 15]",64
"[6.99, 11.62, 9.23, 13.86]",2,"[4, 8, 11, 15]",64
"[8.93, 0.86, 11.17, 3.1]",2,"[8, 0, 15, 7]",64
"[2.5, 3.52, 4.74, 5.76]",3,"[2, 0, 5, 7]",32
"[1.48, 5.98, 3.72, 8.22]",2,"[0, 4, 7, 11]",64
"[6.45, 11.46, 8.69, 13.7]",3,"[6, 8, 9, 15]",32
"[3.71, 0.81, 5.95, 3.05]",2,"[0, 0, 7, 7]",64
"[11.38, 8.2, 13.62, 10.44]",2,"[8, 8, 15, 15]",64
"[8.65, 3.91, 10.89, 6.15]",3,"[8, 0, 11, 7]",32
"[2.97, 9.33, 5.21, 11.57]",2,"[0, 8, 7, 15]",64
"[10.66, 1.6, 12.9, 3.84]",3,"[10, 0, 13, 7]",32
"[10.02, 5.68, 12.26, 7.92]",3,"[10, 4, 13, 11]",32
"[6.08, 2.22, 8.32, 4.46]",4,"[6, 2, 9, 5]",16
"[4.67, 9.58, 6.91, 11.82]",3,"[4, 8, 7, 15]",32
"[9.01, 7.24, 11.25, 9.48]",2,"[8, 4, 15, 11]",64
"[8.08, 11.47, 10.32, 13.71]",3,"[8, 8, 11, 15]",32
"[12.47, 0.32, 14.71, 2.56]",4,"[12, 0, 15, 3]",16
"[7.75, 1.59, 9.99, 3.83]",2,"[4, 0, 11, 7]",64
"[0.3, 9.58, 2.54, 11.82]",3,"[0, 8, 3, 15]",32
"[9.17, 7.05, 11.41, 9.29]",2,"[8, 4, 15, 11]",64
"[9.08, 8.97, 11.32, 11.21]",2,"[8, 8, 15, 15]",64
"[2.68, 4.07, 4.92, 6.31]",4,"[2, 4, 5, 7]",16
"[7.33, 2.62, 9.57, 4.86]",2,"[4, 0, 11, 7]",64
"[0.07, 6.81, 2.31, 9.05]",3,"[0, 4, 3, 11]",32
"[9.44, 9.31, 11.68, 11.55]",2,"[8, 8, 15, 15]",64
"[4.04, 7.67, 6.28, 9.91]",3,"[4, 4, 7, 11]",32
"[11.93, 1.02, 14.17, 3.26]",2,"[8, 0, 15, 7]",64
"[0.35, 5.83, 2.59, 8.07]",3,"[0, 4, 3, 11]",32
"[7.91, 7.57, 10.15, 9.81]",2,"[4, 4, 11, 11]",64
"[0.41, 5.75, 2.65, 7.99]",3,"[0, 4, 3, 11]",32
"[5.86, 3.67, 8.1, 5.91]",2,"[4, 0, 11, 7]",64
"[8.76, 5.11, 11.0, 7.35]",3,"[8, 4, 11, 11]",32
"[4.69, 0.41, 6.93, 2.65]",4,"[4, 0, 7, 3]",16
"[1.19, 7.92, 3.43, 10.16]",2,"[0, 4, 7, 11]",64
"[11.99, 5.37, 14.23, 7.61]",2,"[8, 4, 15, 11]",64
"[3.02, 11.59, 5.26, 13.83]",2,"[0, 8, 7, 15]",64
"[6.66, 9.72, 8.9, 11.96]",3,"[6, 8, 9, 15]",32
"[0.65, 12.15, 2.89, 14.39]",4,"[0, 12, 3, 15]",16
"[11.27, 2.66, 13.51, 4.9]",2,"[8, 0, 15, 7]",64
"[6.06, 5.5, 8.3, 7.74]",3,"[6, 4, 9, 11]",32
"[9.48, 5.68, 11.72, 7.92]",2,"[8, 4, 15, 11]",64
"[5.97, 4.4, 8.21, 6.64]",2,"[4, 0, 11, 7]",64
"[11.62, 11.82, 13.86, 14.06]",2,"[8, 8, 15, 15]",64
"[1.04, 7.65, 3.28, 9.89]",2,"[0, 4, 7, 11]",64
"[6.87, 5.69, 9.11, 7.93]",2,"[4, 4, 11, 11]",64
"[3.6, 11.24, 5.84, 13.48]",2,"[0, 8, 7, 15]",64
"[11.55, 7.44, 13.79, 9.68]",2,"[8, 4, 15, 11]",64
"[4.57, 4.32, 6.81, 6.56]",4,"[4, 4, 7, 7]",16
"[6.02, 8.48, 8.26, 10.72]",4,"[6, 8, 9, 11]",16
"[12.43, 2.63, 14.67, 4.87]",4,"[12, 2, 15, 5]",16
"[4.08, 11.57, 6.32, 13.81]",3,"[4, 8, 7, 15]",32
"[4.24, 1.69, 6.48, 3.93]",3,"[4, 0, 7, 7]",32
"[1.37, 0.26, 3.61, 2.5]",2,"[0, 0, 7, 7]",64
"[3.7, 9.74, 5.94, 11.98]",2,"[0, 8, 7, 15]",64
"[7.15, 3.34, 9.39, 5.58]",2,"[4, 0, 11, 7]",64
"[4.93, 6.09, 7.17, 8.33]",2,"[4, 4, 11, 11]",64
"[3.43, 6.96, 5.67, 9.2]",2,"[0, 4, 7, 11]",64
"[11.77, 10.02, 14.01, 12.26]",2,"[8, 8, 15, 15]",64
"[9.83, 1.86, 12.07, 4.1]",2,"[8, 0, 15, 7]",64
"[8.94, 10.06, 11.18, 12.3]",2,"[8, 8, 15, 15]",64
"[9.3, 4.42, 11.54, 6.66]",2,"[8, 0, 15, 7]",64
"[5.84, 9.47, 8.08, 11.71]",2,"[4, 8, 11, 15]",64
"[2.57, 7.56, 4.81, 9.8]",3,"[2, 4, 5, 11]",32
"[12.25, 4.39, 14.49, 6.63]",4,"[12, 4, 15, 7]",16
"[1.18, 11.25, 3.42, 13.49]",2,"[0, 8, 7, 15]",64
"[5.5, 8.92, 7.74, 11.16]",2,"[4, 8, 11, 15]",64
"[7.79, 9.29, 10.03, 11.53]",2,"[4, 8, 11, 15]",64
"[5.98, 12.55, 8.22, 14.79]",2,"[4, 8, 11, 15]",64
"[6.24, 11.29, 8.48, 13.53]",3,"[6, 8, 9, 15]",32
"[6.69, 5.73, 8.93, 7.97]",3,"[6, 4, 9, 11]",32
"[1.01, 4.27, 3.25, 6.51]",2,"[0, 0, 7, 7]",64
"[9.56, 2.49, 11.8, 4.73]",2,"[8, 0, 15, 7]",64
"[6.31, 8.32, 8.55, 10.56]",4,"[6, 8, 9, 11]",16
"[6.6, 5.3, 8.84, 7.54]",3,"[6, 4, 9, 11]",32
"[10.24, 8.05, 12.48, 10.29]",4,"[10, 8, 13, 11]",16
"[11.97, 1.54, 14.21, 3.78]",2,"[8, 0, 15, 7]",64
"[9.42, 4.1, 11.66, 6.34]",2,"[8, 0, 15, 7]",64
"[1.72, 5.11, 3.96, 7.35]",2,"[0, 4, 7, 11]",64
"[7.65, 7.66, 9.89, 9.9]",2,"[4, 4, 11, 11]",64
"[4.76, 4.1, 7.0, 6.34]",4,"[4, 4, 7, 7]",16
"[2.96, 9.24, 5.2, 11.48]",2,"[0, 8, 7, 15]",64
"[3.88, 12.31, 6.12, 14.55]",2,"[0, 8, 7, 15]",64
"[8.69, 11.81, 10.93, 14.05]",3,"[8, 8, 11, 15]",32
"[2.22, 9.77, 4.46, 12.01]",3,"[2, 8, 5, 15]",32
"[2.34, 11.22, 4.58, 13.46]",3,"[2, 8, 5, 15]",32
"[6.36, 4.0, 8.6, 6.24]",4,"[6, 4, 9, 7]",16
"[12.46, 6.72, 14.7, 8.96]",4,"[12, 6, 15, 9]",16
"[3.25, 10.63, 5.49, 12.87]",2,"[0, 8, 7, 15]",64
"[6.35, 5.23, 8.59, 7.47]",3,"[6, 4, 9, 11]",32
"[8.6, 1.03, 10.84, 3.27]",3,"[8, 0, 11, 7]",32
"[10.48, 7.01, 12.72, 9.25]",3,"[10, 4, 13, 11]",32
"[3.07, 7.38, 5.31, 9.62]",2,"[0, 4, 7, 11]",64
"[3.1, 4.2, 5.34, 6.44]",2,"[0, 0, 7, 7]",64
"[1.64, 4.0, 3.88, 6.24]",2,"[0, 0, 7, 7]",64
"[5.38, 2.52, 7.62, 4.76]",2,"[4, 0, 11, 7]",64
"[0.84, 3.87, 3.08, 6.11]",2,"[0, 0, 7, 7]",64
"[0.7, 6.01, 2.94, 8.25]",4,"[0, 6, 3, 9]",16
"[7.26, 5.83, 9.5, 8.07]",2,"[4, 4, 11, 11]",64
"[9.44, 1.33, 11.68, 3.57]",2,"[8, 0, 15, 7]",64
"[4.97, 6.73, 7.21, 8.97]",2,"[4, 4, 11, 11]",64
"[0.71, 11.13, 2.95, 13.37]",3,"[0, 8, 3, 15]",32
"[3.07, 3.6, 5.31, 5.84]",2,"[0, 0, 7, 7]",64
"[11.07, 4.86, 13.31, 7.1]",2,"[8, 4, 15, 11]",64
"[4.94, 10.91, 7.18, 13.15]",2,"[4, 8, 11, 15]",64
"[5.85, 3.28, 8.09, 5.52]",2,"[4, 0, 11, 7]",64
"[1.41, 6.99, 3.65, 9.23]",2,"[0, 4, 7, 11]",64
"[5.71, 9.24, 7.95, 11.48]",2,"[4, 8, 11, 15]",64
"[12.56, 5.47, 14.8, 7.71]",3,"[12, 4, 15, 11]",32
"[5.34, 12.28, 7.58, 14.52]",2,"[4, 8, 11, 15]",64
"[5.49, 1.12, 7.73, 3.36]",2,"[4, 0, 11, 7]",64
"[6.88, 11.09, 9.12, 13.33]",2,"[4, 8, 11, 15]",64
"[1.53, 10.49, 3.77, 12.73]",2,"[0, 8, 7, 15]",64
"[12.52, 2.89, 14.76, 5.13]",3,"[12, 0, 15, 7]",32
"[8.54, 5.1, 10.78, 7.34]",3,"[8, 4, 11, 11]",32
"[5.15, 10.67, 7.39, 12.91]",2,"[4, 8, 11, 15]",64
"[12.38, 8.19, 14.62, 10.43]",4,"[12, 8, 15, 11]",16
"[4.67, 4.24, 6.91, 6.48]",4,"[4, 4, 7, 7]",16
"[1.63, 11.33, 3.87, 13.57]",2,"[0, 8, 7, 15]",64
"[9.32, 8.93, 11.56, 11.17]",2,"[8, 8, 15, 15]",64
"[5.24, 3.52, 7.48, 5.76]",2,"[4, 0, 11, 7]",64
"[8.85, 2.58, 11.09, 4.82]",2,"[8, 0, 15, 7]",64
"[9.36, 9.44, 11.6, 11.68]",2,"[8, 8, 15, 15]",64
"[5.49, 12.25, 7.73, 14.49]",2,"[4, 8, 11, 15]",64
"[5.92, 8.69, 8.16, 10.93]",2,"[4, 8, 11, 15]",64
"[5.75, 0.47, 7.99, 2.71]",2,"[4, 0, 11, 7]",64
"[10.53, 8.34, 12.77, 10.58]",4,"[10, 8, 13, 11]",16
"[1.63, 9.49, 3.87, 11.73]",2,"[0, 8, 7, 15]",64
"[4.17, 9.5, 6.41, 11.74]",3,"[4, 8, 7, 15]",32
"[1.34, 6.74, 3.58, 8.98]",2,"[0, 4, 7, 11]",64
"[0.33, 9.07, 2.57, 11.31]",3,"[0, 8, 3, 15]",32
"[1.63, 3.41, 3.87, 5.65]",2,"[0, 0, 7, 7]",64
"[10.74, 2.02, 12.98, 4.26]",4,"[10, 2, 13, 5]",16
"[7.0, 11.28, 9.24, 13.52]",2,"[4, 8, 11, 15]",64
"[7.8, 1.26, 10.04, 3.5]",2,"[4, 0, 11, 7]",64
"[2.53, 7.92, 4.77, 10.16]",3,"[2, 4, 5, 11]",32
"[3.85, 8.62, 6.09, 10.86]",2,"[0, 8, 7, 15]",64
"[11.29, 7.59, 13.53, 9.83]",2,"[8, 4, 15, 11]",64
"[3.2, 8.72, 5.44, 10.96]",2,"[0, 8, 7, 15]",64
"[8.08, 8.03, 10.32, 10.27]",4,"[8, 8, 11, 11]",16
"[3.35, 11.03, 5.59, 13.27]",2,"[0, 8, 7, 15]",64
"[9.11, 0.25, 11.35, 2.49]",2,"[8, 0, 15, 7]",64
"[10.21, 3.3, 12.45, 5.54]",3,"[10, 0, 13, 7]",32
"[2.56, 9.55, 4.8, 11.79]",3,"[2, 8, 5, 15]",32
"[1.76, 7.32, 4.0, 9.56]",2,"[0, 4, 7, 11]",64
"[10.86, 1.76, 13.1, 4.0]",2,"[8, 0, 15, 7]",64
"[3.69, 8.51, 5.93, 10.75]",2,"[0, 8, 7, 15]",64
"[6.53, 10.98, 8.77, 13.22]",3,"[6, 8, 9, 15]",32
"[2.31, 5.45, 4.55, 7.69]",3,"[2, 4, 5, 11]",32
"[2.47, 1.06, 4.71, 3.3]",3,"[2, 0, 5, 7]",32
"[5.91, 0.4, 8.15, 2.64]",2,"[4, 0, 11, 7]",64
"[3.08, 1.95, 5.32, 4.19]",2,"[0, 0, 7, 7]",64
"[9.58, 9.31, 11.82, 11.55]",2,"[8, 8, 15, 15]",64
"[0.32, 0.41, 2.56, 2.65]",4,"[0, 0, 3, 3]",16
"[5.57, 6.14, 7.81, 8.38]",2,"[4, 4, 11, 11]",64
"[12.34, 5.49, 14.58, 7.73]",3,"[12, 4, 15, 11]",32
"[0.69, 1.45, 2.93, 3.69]",3,"[0, 0, 3, 7]",32
"[9.49, 0.31, 11.73, 2.55]",2,"[8, 0, 15, 7]",64
"[3.34, 2.76, 5.58, 5.0]",2,"[0, 0, 7, 7]",64
"[7.45, 8.07, 9.69, 10.31]",2,"[4, 8, 11, 15]",64
"[1.9, 4.57, 4.14, 6.81]",2,"[0, 0, 7, 7]",64
"[0.55, 7.55, 2.79, 9.79]",3,"[0, 4, 3, 11]",32
"[6.38, 11.08, 8.62, 13.32]",3,"[6, 8, 9, 15]",32
"[11.95, 5.22, 14.19, 7.46]",2,"[8, 4, 15, 11]",64
"[6.43, 1.74, 8.67, 3.98]",3,"[6, 0, 9, 7]",32
"[12.46, 6.29, 14.7, 8.53]",4,"[12, 6, 15, 9]",16
"[9.36, 8.34, 11.6, 10.58]",2,"[8, 8, 15, 15]",64
"[6.86, 10.87, 9.1, 13.11]",2,"[4, 8, 11, 15]",64
"[5.7, 11.87, 7.94, 14.11]",2,"[4, 8, 11, 15]",64
"[11.84, 1.76, 14.08, 4.0]",2,"[8, 0, 15, 7]",64
"[4.28, 9.95, 6.52, 12.19]",3,"[4, 8, 7, 15]",32
"[10.16, 3.22, 12.4, 5.46]",3,"[10, 0, 13, 7]",32
"[12.26, 10.7, 14.5, 12.94]",4,"[12, 10, 15, 13]",16
"[8.88, 9.34, 11.12, 11.58]",2,"[8, 8, 15, 15]",64
"[3.23, 2.94, 5.47, 5.18]",2,"[0, 0, 7, 7]",64
"[10.59, 1.16, 12.83, 3.4]",3,"[10, 0, 13, 7]",32
"[8.77, 7.86, 11.01, 10.1]",2,"[8, 4, 15, 11]",64
"[12.54, 3.58, 14.78, 5.82]",3,"[12, 0, 15, 7]",32
"[5.84, 5.69, 8.08, 7.93]",2,"[4, 4, 11, 11]",64
"[4.67, 0.17, 6.91, 2.41]",4,"[4, 0, 7, 3]",16
"[12.57, 3.03, 14.81, 5.27]",3,"[12, 0, 15, 7]",32
"[3.07, 12.12, 5.31, 14.36]",2,"[0, 8, 7, 15]",64
"[7.55, 11.21, 9.79, 13.45]",2,"[4, 8, 11, 15]",64
"[6.32, 7.03, 8.56, 9.27]",3,"[6, 4, 9, 11]",32
"[2.47, 9.97, 4.71, 12.21]",3,"[2, 8, 5, 15]",32
"[1.87, 10.3, 4.11, 12.54]",2,"[0, 8, 7, 15]",64
"[5.92, 8.36, 8.16, 10.6]",2,"[4, 8, 11, 15]",64
"[10.47, 10.82, 12.71, 13.06]",3,"[10, 8, 13, 15]",32
"[10.71, 11.99, 12.95, 14.23]",3,"[10, 8, 13, 15]",32
"[3.28, 12.01, 5.52, 14.25]",2,"[0, 8, 7, 15]",64
"[12.07, 1.95, 14.31, 4.19]",3,"[12, 0, 15, 7]",32
"[5.3, 10.43, 7.54, 12.67]",2,"[4, 8, 11, 15]",64
"[2.45, 8.17, 4.69, 10.41]",4,"[2, 8, 5, 11]",16
"[6.06, 9.39, 8.3, 11.63]",3,"[6, 8, 9, 15]",32
"[3.42, 1.45, 5.66, 3.69]",2,"[0, 0, 7, 7]",64
"[1.14, 7.67, 3.38, 9.91]",2,"[0, 4, 7, 11]",64
"[6.97, 10.92, 9.21, 13.16]",2,"[4, 8, 11, 15]",64
"[4.23, 4.07, 6.47, 6.31]",4,"[4, 4, 7, 7]",16
"[0.71, 12.36, 2.95, 14.6]",4,"[0, 12, 3, 15]",16
"[8.34, 4.77, 10.58, 7.01]",3,"[8, 4, 11, 11]",32
"[9.86, 2.85, 12.1, 5.09]",2,"[8, 0, 15, 7]",64
"[2.62, 10.47, 4.86, 12.71]",4,"[2, 10, 5, 13]",16
"[6.03, 2.44, 8.27, 4.68]",4,"[6, 2, 9, 5]",16
"[3.73, 3.47, 5.97, 5.71]",2,"[0, 0, 7, 7]",64
"[2.19, 10.91, 4.43, 13.15]",3,"[2, 8, 5, 15]",32
"[5.71, 0.37, 7.95, 2.61]",2,"[4, 0, 11, 7]",64
"[12.39, 1.02, 14.63, 3.26]",3,"[12, 0, 15, 7]",32
"[8.81, 12.4, 11.05, 14.64]",2,"[8, 8, 15, 15]",64
"[1.52, 0.38, 3.76, 2.62]",2,"[0, 0, 7, 7]",64
"[11.54, 0.58, 13.78, 2.82]",2,"[8, 0, 15, 7]",64
"[3.77, 9.55, 6.01, 11.79]",2,"[0, 8, 7, 15]",64
"[1.26, 9.26, 3.5, 11.5]",2,"[0, 8, 7, 15]",64
"[12.16, 2.0, 14.4, 4.24]",4,"[12, 2, 15, 5]",16
"[5.67, 4.62, 7.91, 6.86]",2,"[4, 0, 11, 7]",64
"[10.05, 2.75, 12.29, 4.99]",4,"[10, 2, 13, 5]",16
"[12.45, 5.34, 14.69, 7.58]",3,"[12, 4, 15, 11]",32
"[8.63, 4.29, 10.87, 6.53]",4,"[8, 4, 11, 7]",16
"[1.85, 9.98, 4.09, 12.22]",2,"[0, 8, 7, 15]",64
"[5.46, 9.67, 7.7, 11.91]",2,"[4, 8, 11, 15]",64
"[12.66, 3.91, 14.9, 6.15]",3,"[12, 0, 15, 7]",32
"[2.28, 9.52, 4.52, 11.76]",3,"[2, 8, 5, 15]",32
"[1.56, 8.56, 3.8, 10.8]",2,"[0, 8, 7, 15]",64
"[0.29, 4.6, 2.53, 6.84]",4,"[0, 4, 3, 7]",16
"[9.11, 1.27, 11.35, 3.51]",2,"[8, 0, 15, 7]",64
"[4.73, 11.08, 6.97, 13.32]",3,"[4, 8, 7, 15]",32
"[4.12, 7.34, 6.36, 9.58]",3,"[4, 4, 7, 11]",32
"[11.52, 1.82, 13.76, 4.06]",2,"[8, 0, 15, 7]",64
"[5.09, 3.77, 7.33, 6.01]",2,"[4, 0, 11, 7]",64
"[6.36, 0.08, 8.6, 2.32]",4,"[6, 0, 9, 3]",16
"[9.79, 7.96, 12.03, 10.2]",2,"[8, 4, 15, 11]",64
"[1.34, 1.65, 3.58, 3.89]",2,"[0, 0, 7, 7]",64
"[3.53, 3.82, 5.77, 6.06]",2,"[0, 0, 7, 7]",64
"[10.05, 6.79, 12.29, 9.03]",3,"[10, 4, 13, 11]",32
"[0.25, 9.25, 2.49, 11.49]",3,"[0, 8, 3, 15]",32
"[2.99, 0.06, 5.23, 2.3]",2,"[0, 0, 7, 7]",64
"[0.27, 2.78, 2.51, 5.02]",3,"[0, 0, 3, 7]",32
"[1.95, 8.48, 4.19, 10.72]",2,"[0, 8, 7, 15]",64
"[11.9, 7.5, 14.14, 9.74]",2,"[8, 4, 15, 11]",64
"[7.11, 4.18, 9.35, 6.42]",2,"[4, 0, 11, 7]",64
"[5.93, 8.93, 8.17, 11.17]",2,"[4, 8, 11, 15]",64
"[7.77, 1.05, 10.01, 3.29]",2,"[4, 0, 11, 7]",64
"[5.21, 1.84, 7.45, 4.08]",2,"[4, 0, 11, 7]",64
"[1.43, 0.91, 3.67, 3.15]",2,"[0, 0, 7, 7]",64
"[3.76, 7.14, 6.0, 9.38]",2,"[0, 4, 7, 11]",64
"[0.05, 5.79, 2.29, 8.03]",3,"[0, 4, 3, 11]",32
"[12.43, 5.37, 14.67, 7.61]",3,"[12, 4, 15, 11]",32
"[6.55, 7.73, 8.79, 9.97]",3,"[6, 4, 9, 11]",32
"[11.51, 1.22, 13.75, 3.46]",2,"[8, 0, 15, 7]",64
"[3.47, 8.36, 5.71, 10.6]",2,"[0, 8, 7, 15]",64
"[5.07, 9.06, 7.31, 11.3]",2,"[4, 8, 11, 15]",64
"[12.62, 8.46, 14.86, 10.7]",4,"[12, 8, 15, 11]",16
"[7.38, 0.65, 9.62, 2.89]",2,"[4, 0, 11, 7]",64
"[10.35, 2.26, 12.59, 4.5]",4,"[10, 2, 13, 5]",16
"[12.5, 11.29, 14.74, 13.53]",3,"[12, 8, 15, 15]",32
"[1.81, 8.18, 4.05, 10.42]",2,"[0, 8, 7, 15]",64
"[2.21, 5.75, 4.45, 7.99]",3,"[2, 4, 5, 11]",32
"[10.09, 2.57, 12.33, 4.81]",4,"[10, 2, 13, 5]",16
"[4.75, 6.06, 6.99, 8.3]",4,"[4, 6, 7, 9]",16
"[6.8, 9.9, 9.04, 12.14]",2,"[4, 8, 11, 15]",64
"[11.47, 10.2, 13.71, 12.44]",2,"[8, 8, 15, 15]",64
"[0.66, 11.88, 2.9, 14.12]",3,"[0, 8, 3, 15]",32
"[12.44, 1.55, 14.68, 3.79]",3,"[12, 0, 15, 7]",32
"[10.98, 1.18, 13.22, 3.42]",2,"[8, 0, 15, 7]",64
"[0.83, 8.73, 3.07, 10.97]",2,"[0, 8, 7, 15]",64
"[8.8, 5.66, 11.04, 7.9]",2,"[8, 4, 15, 11]",64
"[5.13, 3.96, 7.37, 6.2]",2,"[4, 0, 11, 7]",64
"[3.4, 12.33, 5.64, 14.57]",2,"[0, 8, 7, 15]",64
"[10.99, 3.75, 13.23, 5.99]",2,"[8, 0, 15, 7]",64
"[4.85, 9.73, 7.09, 11.97]",2,"[4, 8, 11, 15]",64
"[2.61, 4.59, 4.85, 6.83]",4,"[2, 4, 5, 7]",16
"[8.52, 10.08, 10.76, 12.32]",4,"[8, 10, 11, 13]",16
"[6.01, 0.79, 8.25, 3.03]",3,"[6, 0, 9, 7]",32
"[3.45, 10.61, 5.69, 12.85]",2,"[0, 8, 7, 15]",64
"[7.53, 10.53, 9.77, 12.77]",2,"[4, 8, 11, 15]",64
"[9.71, 1.01, 11.95, 3.25]",2,"[8, 0, 15, 7]",64
"[7.11, 5.83, 9.35, 8.07]",2,"[4, 4, 11, 11]",64
"[3.58, 6.11, 5.82, 8.35]",2,"[0, 4, 7, 11]",64
"[4.61, 3.5, 6.85, 5.74]",3,"[4, 0, 7, 7]",32
"[12.51, 1.67, 14.75, 3.91]",3,"[12, 0, 15, 7]",32
"[1.17, 10.49, 3.41, 12.73]",2,"[0, 8, 7, 15]",64
"[8.93, 0.7, 11.17, 2.94]",2,"[8, 0, 15, 7]",64
"[12.65, 10.94, 14.89, 13.18]",3,"[12, 8, 15, 15]",32
"[12.26, 8.32, 14.5, 10.56]",4,"[12, 8, 15, 11]",16
"[4.31, 3.19, 6.55, 5.43]",3,"[4, 0, 7, 7]",32
"[5.04, 0.27, 7.28, 2.51]",2,"[4, 0, 11, 7]",64
"[3.96, 12.19, 6.2, 14.43]",2,"[0, 8, 7, 15]",64
"[1.62, 12.64, 3.86, 14.88]",2,"[0, 8, 7, 15]",64
"[9.99, 10.26, 12.23, 12.5]",2,"[8, 8, 15, 15]",64
"[5.07, 7.54, 7.31, 9.78]",2,"[4, 4, 11, 11]",64
"[7.26, 9.12, 9.5, 11.36]",2,"[4, 8, 11, 15]",64
"[7.01, 3.12, 9.25, 5.36]",2,"[4, 0, 11, 7]",64
"[0.55, 7.8, 2.79, 10.04]",3,"[0, 4, 3, 11]",32
"[12.38, 8.52, 14.62, 10.76]",4,"[12, 8, 15, 11]",16
"[0.07, 5.44, 2.31, 7.68]",3,"[0, 4, 3, 11]",32
"[8.17, 11.64, 10.41, 13.88]",3,"[8, 8, 11, 15]",32
"[6.08, 9.16, 8.32, 11.4]",3,"[6, 8, 9, 15]",32
"[7.66, 2.59, 9.9, 4.83]",2,"[4, 0, 11, 7]",64
"[10.86, 7.08, 13.1, 9.32]",2,"[8, 4, 15, 11]",64
"[5.56, 0.52, 7.8, 2.76]",2,"[4, 0, 11, 7]",64
"[8.02, 6.82, 10.26, 9.06]",3,"[8, 4, 11, 11]",32
"[12.39, 10.6, 14.63, 12.84]",4,"[12, 10, 15, 13]",16
"[3.99, 12.52, 6.23, 14.76]",2,"[0, 8, 7, 15]",64
"[5.01, 8.95, 7.25, 11.19]",2,"[4, 8, 11, 15]",64
"[10.14, 1.13, 12.38, 3.37]",3,"[10, 0, 13, 7]",32
"[10.7, 4.93, 12.94, 7.17]",3,"[10, 4, 13, 11]",32
"[12.42, 6.01, 14.66, 8.25]",4,"[12, 6, 15, 9]",16
"[9.6, 6.29, 11.84, 8.53]",2,"[8, 4, 15, 11]",64
"[1.08, 1.93, 3.32, 4.17]",2,"[0, 0, 7, 7]",64
"[11.12, 4.78, 13.36, 7.02]",2,"[8, 4, 15, 11]",64
"[9.06, 9.64, 11.3, 11.88]",2,"[8, 8, 15, 15]",64
"[4.55, 7.96, 6.79, 10.2]",3,"[4, 4, 7, 11]",32
"[5.74, 7.19, 7.98, 9.43]",2,"[4, 4, 11, 11]",64
"[12.1, 8.93, 14.34, 11.17]",3,"[12, 8, 15, 15]",32
"[8.14, 12.71, 10.38, 14.95]",4,"[8, 12, 11, 15]",16
"[2.64, 0.58, 4.88, 2.82]",4,"[2, 0, 5, 3]",16
"[1.51, 6.7, 3.75, 8.94]",2,"[0, 4, 7, 11]",64
"[12.43, 11.87, 14.67, 14.11]",3,"[12, 8, 15, 15]",32
"[6.23, 9.26, 8.47, 11.5]",3,"[6, 8, 9, 15]",32
"[8.89, 1.31, 11.13, 3.55]",2,"[8, 0, 15, 7]",64
"[0.81, 1.94, 3.05, 4.18]",2,"[0, 0, 7, 7]",64
"[8.71, 7.16, 10.95, 9.4]",3,"[8, 4, 11, 11]",32
"[9.42, 2.86, 11.66, 5.1]",2,"[8, 0, 15, 7]",64
"[12.41, 9.74, 14.65, 11.98]",3,"[12, 8, 15, 15]",32
"[1.24, 11.92, 3.48, 14.16]",2,"[0, 8, 7, 15]",64
"[6.18, 10.42, 8.42, 12.66]",4,"[6, 10, 9, 13]",16
"[1.45, 11.45, 3.69, 13.69]",2,"[0, 8, 7, 15]",64
"[5.15, 5.39, 7.39, 7.63]",2,"[4, 4, 11, 11]",64
"[12.11, 5.77, 14.35, 8.01]",3,"[12, 4, 15, 11]",32
"[12.4, 3.27, 14.64, 5.51]",3,"[12, 0, 15, 7]",32
"[5.25, 2.82, 7.49, 5.06]",2,"[4, 0, 11, 7]",64
"[12.13, 10.29, 14.37, 12.53]",4,"[12, 10, 15, 13]",16
"[2.11, 9.63, 4.35, 11.87]",3,"[2, 8, 5, 15]",32
"[2.2, 2.45, 4.44, 4.69]",4,"[2, 2, 5, 5]",16
"[5.45, 1.37, 7.69, 3.61]",2,"[4, 0, 11, 7]",64
"[12.37, 7.26, 14.61, 9.5]",3,"[12, 4, 15, 11]",32
"[0.85, 7.47, 3.09, 9.71]",2,"[0, 4, 7, 11]",64
"[6.87, 2.06, 9.11, 4.3]",2,"[4, 0, 11, 7]",64
"[8.63, 12.26, 10.87, 14.5]",4,"[8, 12, 11, 15]",16
"[12.32, 0.47, 14.56, 2.71]",4,"[12, 0, 15, 3]",16
"[11.64, 2.58, 13.88, 4.82]",2,"[8, 0, 15, 7]",64
"[8.94, 4.31, 11.18, 6.55]",2,"[8, 0, 15, 7]",64
"[10.07, 7.28, 12.31, 9.52]",3,"[10, 4, 13, 11]",32
"[10.91, 3.98, 13.15, 6.22]",2,"[8, 0, 15, 7]",64
"[9.03, 2.81, 11.27, 5.05]",2,"[8, 0, 15, 7]",64
"[5.57, 3.44, 7.81, 5.68]",2,"[4, 0, 11, 7]",64
"[3.11, 2.07, 5.35, 4.31]",2,"[0, 0, 7, 7]",64
"[12.16, 1.13, 14.4, 3.37]",3,"[12, 0, 15, 7]",32
"[2.3, 8.6, 4.54, 10.84]",4,"[2, 8, 5, 11]",16
"[7.99, 4.14, 10.23, 6.38]",2,"[4, 0, 11, 7]",64
"[4.01, 7.3, 6.25, 9.54]",3,"[4, 4, 7, 11]",32
"[9.6, 3.88, 11.84, 6.12]",2,"[8, 0, 15, 7]",64
"[11.78, 4.44, 14.02, 6.68]",2,"[8, 0, 15, 7]",64
"[3.24, 8.05, 5.48, 10.29]",2,"[0, 8, 7, 15]",64
"[10.62, 12.3, 12.86, 14.54]",4,"[10, 12, 13, 15]",16
"[5.77, 5.51, 8.01, 7.75]",2,"[4, 4, 11, 11]",64
"[6.47, 10.45, 8.71, 12.69]",4,"[6, 10, 9, 13]",16
"[12.7, 7.09, 14.94, 9.33]",3,"[12, 4, 15, 11]",32
"[2.27, 3.5, 4.51, 5.74]",3,"[2, 0, 5, 7]",32
"[4.76, 8.13, 7.0, 10.37]",4,"[4, 8, 7, 11]",16
"[0.73, 2.33, 2.97, 4.57]",4,"[0, 2, 3, 5]",16
"[12.54, 2.74, 14.78, 4.98]",4,"[12, 2, 15, 5]",16
"[11.58, 2.98, 13.82, 5.22]",2,"[8, 0, 15, 7]",64
"[8.84, 4.7, 11.08, 6.94]",2,"[8, 0, 15, 7]",64
"[1.22, 12.17, 3.46, 14.41]",2,"[0, 8, 7, 15]",64
"[11.47, 4.25, 13.71, 6.49]",2,"[8, 0, 15, 7]",64
"[7.36, 12.71, 9.6, 14.95]",2,"[4, 8, 11, 15]",64
"[7.6, 5.36, 9.84, 7.6]",2,"[4, 4, 11, 11]",64
"[12.74, 10.52, 14.98, 12.76]",4,"[12, 10, 15, 13]",16
"[8.27, 0.29, 10.51, 2.53]",4,"[8, 0, 11, 3]",16
"[10.41, 2.27, 12.65, 4.51]",4,"[10, 2, 13, 5]",16
"[7.67, 0.56, 9.91, 2.8]",2,"[4, 0, 11, 7]",64
"[7.64, 6.71, 9.88, 8.95]",2,"[4, 4, 11, 11]",64
"[8.77, 0.42, 11.01, 2.66]",2,"[8, 0, 15, 7]",64
"[12.24, 7.09, 14.48, 9.33]",3,"[12, 4, 15, 11]",32
"[1.66, 6.23, 3.9, 8.47]",2,"[0, 4, 7, 11]",64
"[12.5, 11.8, 14.74, 14.04]",3,"[12, 8, 15, 15]",32
"[7.11, 9.38, 9.35, 11.62]",2,"[4, 8, 11, 15]",64
"[1.15, 10.85, 3.39, 13.09]",2,"[0, 8, 7, 15]",64
"[11.99, 2.84, 14.23, 5.08]",2,"[8, 0, 15, 7]",64
"[12.33, 10.48, 14.57, 12.72]",4,"[12, 10, 15, 13]",16
"[5.1, 12.18, 7.34, 14.42]",2,"[4, 8, 11, 15]",64
"[3.96, 9.82, 6.2, 12.06]",2,"[0, 8, 7, 15]",64
"[6.77, 8.76, 9.01, 11.0]",2,"[4, 8, 11, 15]",64
"[2.88, 5.6, 5.12, 7.84]",2,"[0, 4, 7, 11]",64
"[7.42, 0.73, 9.66, 2.97]",2,"[4, 0, 11, 7]",64
"[2.86, 2.34, 5.1, 4.58]",2,"[0, 0, 7, 7]",64
"[7.71, 10.03, 9.95, 12.27]",2,"[4, 8, 11, 15]",64
"[5.74, 8.68, 7.98, 10.92]",2,"[4, 8, 11, 15]",64
"[7.16, 4.44, 9.4, 6.68]",2,"[4, 0, 11, 7]",64
"[0.07, 4.1, 2.31, 6.34]",4,"[0, 4, 3, 7]",16
"[8.03, 8.22, 10.27, 10.46]",4,"[8, 8, 11, 11]",16
"[12.25, 5.59, 14.49, 7.83]",3,"[12, 4, 15, 11]",32
"[1.24, 7.77, 3.48, 10.01]",2,"[0, 4, 7, 11]",64
"[11.12, 2.89, 13.36, 5.13]",2,"[8, 0, 15, 7]",64
"[3.3, 10.49, 5.54, 12.73]",2,"[0, 8, 7, 15]",64
"[11.61, 11.38, 13.85, 13.62]",2,"[8, 8, 15, 15]",64
"[9.77, 11.02, 12.01, 13.26]",2,"[8, 8, 15, 15]",64
"[3.23, 3.17, 5.47, 5.41]",2,"[0, 0, 7, 7]",64
"[8.75, 11.71, 10.99, 13.95]",3,"[8, 8, 11, 15]",32
"[7.15, 1.66, 9.39, 3.9]",2,"[4, 0, 11, 7]",64
"[3.77, 8.08, 6.01, 10.32]",2,"[0, 8, 7, 15]",64
"[2.16, 12.59, 4.4, 14.83]",4,"[2, 12, 5, 15]",16
"[10.35, 7.97, 12.59, 10.21]",3,"[10, 4, 13, 11]",32
"[12.13, 9.21, 14.37, 11.45]",3,"[12, 8, 15, 15]",32
"[5.72, 8.57, 7.96, 10.81]",2,"[4, 8, 11, 15]",64
"[12.55, 1.83, 14.79, 4.07]",3,"[12, 0, 15, 7]",32
"[1.38, 7.83, 3.62, 10.07]",2,"[0, 4, 7, 11]",64
"[2.18, 3.63, 4.42, 5.87]",3,"[2, 0, 5, 7]",32
"[9.25, 12.32, 11.49, 14.56]",2,"[8, 8, 15, 15]",64
"[4.3, 4.49, 6.54, 6.73]",4,"[4, 4, 7, 7]",16
"[0.09, 11.56, 2.33, 13.8]",3,"[0, 8, 3, 15]",32
"[1.25, 9.77, 3.49, 12.01]",2,"[0, 8, 7, 15]",64
"[3.86, 9.6, 6.1, 11.84]",2,"[0, 8, 7, 15]",64
"[1.85, 6.67, 4.09, 8.91]",2,"[0, 4, 7, 11]",64
"[2.43, 9.02, 4.67, 11.26]",3,"[2, 8, 5, 15]",32
"[1.5, 0.14, 3.74, 2.38]",2,"[0, 0, 7, 7]",64
"[7.38, 9.58, 9.62, 11.82]",2,"[4, 8, 11, 15]",64
"[1.06, 4.43, 3.3, 6.67]",2,"[0, 0, 7, 7]",64
"[6.48, 9.49, 8.72, 11.73]",3,"[6, 8, 9, 15]",32
"[12.12, 0.42, 14.36, 2.66]",4,"[12, 0, 15, 3]",16
"[11.32, 6.73, 13.56, 8.97]",2,"[8, 4, 15, 11]",64
"[7.3, 11.37, 9.54, 13.61]",2,"[4, 8, 11, 15]",64
"[9.26, 12.57, 11.5, 14.81]",2,"[8, 8, 15, 15]",64
"[12.68, 3.62, 14.92, 5.86]",3,"[12, 0, 15, 7]",32
"[0.54, 5.0, 2.78, 7.24]",3,"[0, 4, 3, 11]",32
"[7.85, 2.08, 10.09, 4.32]",2,"[4, 0, 11, 7]",64
"[11.15, 1.09, 13.39, 3.33]",2,"[8, 0, 15, 7]",64
"[10.13, 5.72, 12.37, 7.96]",3,"[10, 4, 13, 11]",32
"[2.42, 10.93, 4.66, 13.17]",3,"[2, 8, 5, 15]",32
"[5.76, 11.86, 8.0, 14.1]",2,"[4, 8, 11, 15]",64
"[1.08, 3.39, 3.32, 5.63]",2,"[0, 0, 7, 7]",64
"[12.22, 6.83, 14.46, 9.07]",3,"[12, 4, 15, 11]",32
"[1.79, 7.18, 4.03, 9.42]",2,"[0, 4, 7, 11]",64
"[11.51, 6.62, 13.75, 8.86]",2,"[8, 4, 15, 11]",64
"[7.15, 7.24, 9.39, 9.48]",2,"[4, 4, 11, 11]",64
"[8.78, 0.24, 11.02, 2.48]",2,"[8, 0, 15, 7]",64
"[2.93, 0.7, 5.17, 2.94]",2,"[0, 0, 7, 7]",64
"[4.51, 8.09, 6.75, 10.33]",4,"[4, 8, 7, 11]",16
"[8.84, 12.61, 11.08, 14.85]",2,"[8, 8, 15, 15]",64
"[2.69, 7.7, 4.93, 9.94]",3,"[2, 4, 5, 11]",32
"[4.68, 7.82, 6.92, 10.06]",3,"[4, 4, 7, 11]",32
"[0.54, 1.12, 2.78, 3.36]",3,"[0, 0, 3, 7]",32
"[5.71, 5.88, 7.95, 8.12]",2,"[4, 4, 11, 11]",64
"[7.75, 4.39, 9.99, 6.63]",2,"[4, 0, 11, 7]",64
"[1.37, 2.96, 3.61, 5.2]",2,"[0, 0, 7, 7]",64
"[2.07, 1.92, 4.31, 4.16]",3,"[2, 0, 5, 7]",32
"[8.68, 4.17, 10.92, 6.41]",4,"[8, 4, 11, 7]",16
"[0.05, 9.19, 2.29, 11.43]",3,"[0, 8, 3, 15]",32
"[9.73, 1.5, 11.97, 3.74]",2,"[8, 0, 15, 7]",64
"[4.8, 3.88, 7.04, 6.12]",2,"[4, 0, 11, 7]",64
"[1.45, 2.8, 3.69, 5.04]",2,"[0, 0, 7, 7]",64
"[10.71, 11.23, 12.95, 13.47]",3,"[10, 8, 13, 15]",32
"[11.43, 0.76, 13.67, 3.0]",2,"[8, 0, 15, 7]",64
"[6.27, 5.78, 8.51, 8.02]",3,"[6, 4, 9, 11]",32
"[6.41, 7.86, 8.65, 10.1]",3,"[6, 4, 9, 11]",32
"[7.54, 11.37, 9.78, 13.61]",2,"[4, 8, 11, 15]",64
"[4.53, 10.03, 6.77, 12.27]",4,"[4, 10, 7, 13]",16
"[9.45, 8.17, 11.69, 10.41]",2,"[8, 8, 15, 15]",64
"[11.6, 12.54, 13.84, 14.78]",2,"[8, 8, 15, 15]",64
"[7.03, 9.74, 9.27, 11.98]",2,"[4, 8, 11, 15]",64
"[11.52, 3.9, 13.76, 6.14]",2,"[8, 0, 15, 7]",64
"[0.08, 4.8, 2.32, 7.04]",3,"[0, 4, 3, 11]",32
"[8.23, 12.64, 10.47, 14.88]",4,"[8, 12, 11, 15]",16
"[2.33, 6.32, 4.57, 8.56]",4,"[2, 6, 5, 9]",16
"[11.19, 7.9, 13.43, 10.14]",2,"[8, 4, 15, 11]",64
"[0.48, 6.76, 2.72, 9.0]",4,"[0, 6, 3, 9]",16
"[2.61, 6.09, 4.85, 8.33]",4,"[2, 6, 5, 9]",16
"[7.59, 0.02, 9.83, 2.26]",2,"[4, 0, 11, 7]",64
"[2.01, 8.01, 4.25, 10.25]",4,"[2, 8, 5, 11]",16
"[2.42, 0.08, 4.66, 2.32]",4,"[2, 0, 5, 3]",16
"[0.9, 5.21, 3.14, 7.45]",2,"[0, 4, 7, 11]",64
"[4.03, 8.5, 6.27, 10.74]",4,"[4, 8, 7, 11]",16
"[4.03, 0.46, 6.27, 2.7]",4,"[4, 0, 7, 3]",16
"[12.32, 4.14, 14.56, 6.38]",4,"[12, 4, 15, 7]",16
"[2.39, 4.77, 4.63, 7.01]",3,"[2, 4, 5, 11]",32
"[2.17, 11.81, 4.41, 14.05]",3,"[2, 8, 5, 15]",32
"[2.19, 9.09, 4.43, 11.33]",3,"[2, 8, 5, 15]",32
"[2.99, 8.05, 5.23, 10.29]",2,"[0, 8, 7, 15]",64
"[0.47, 7.31, 2.71, 9.55]",3,"[0, 4, 3, 11]",32
"[3.53, 11.96, 5.77, 14.2]",2,"[0, 8, 7, 15]",64
"[9.43, 9.45, 11.67, 11.69]",2,"[8, 8, 15, 15]",64
"[3.92, 2.44, 6.16, 4.68]",2,"[0, 0, 7, 7]",64
"[7.27, 7.58, 9.51, 9.82]",2,"[4, 4, 11, 11]",64
"[5.93, 7.39, 8.17, 9.63]",2,"[4, 4, 11, 11]",64
"[5.89, 7.82, 8.13, 10.06]",2,"[4, 4, 11, 11]",64
"[1.74, 8.58, 3.98, 10.82]",2,"[0, 8, 7, 15]",64
"[10.4, 3.39, 12.64, 5.63]",3,"[10, 0, 13, 7]",32
"[3.87, 0.31, 6.11, 2.55]",2,"[0, 0, 7, 7]",64
"[11.03, 9.67, 13.27, 11.91]",2,"[8, 8, 15, 15]",64
"[1.05, 1.68, 3.29, 3.92]",2,"[0, 0, 7, 7]",64
"[5.18, 7.33, 7.42, 9.57]",2,"[4, 4, 11, 11]",64
"[7.6, 1.05, 9.84, 3.29]",2,"[4, 0, 11, 7]",64
"[0.58, 2.21, 2.82, 4.45]",4,"[0, 2, 3, 5]",16
"[8.24, 5.05, 10.48, 7.29]",3,"[8, 4, 11, 11]",32
"[12.52, 1.12, 14.76, 3.36]",3,"[12, 0, 15, 7]",32
"[1.2, 2.43, 3.44, 4.67]",2,"[0, 0, 7, 7]",64
"[8.05, 7.3, 10.29, 9.54]",3,"[8, 4, 11, 11]",32
"[0.35, 10.46, 2.59, 12.7]",4,"[0, 10, 3, 13]",16
"[3.06, 1.87, 5.3, 4.11]",2,"[0, 0, 7, 7]",64
"[2.54, 11.53, 4.78, 13.77]",3,"[2, 8, 5, 15]",32
"[9.16, 10.41, 11.4, 12.65]",2,"[8, 8, 15, 15]",64
"[2.54, 2.18, 4.78, 4.42]",4,"[2, 2, 5, 5]",16
"[2.59, 5.85, 4.83, 8.09]",3,"[2, 4, 5, 11]",32
"[10.84, 7.61, 13.08, 9.85]",2,"[8, 4, 15, 11]",64
"[6.51, 12.37, 8.75, 14.61]",4,"[6, 12, 9, 15]",16
"[7.97, 5.8, 10.21, 8.04]",2,"[4, 4, 11, 11]",64
"[12.15, 1.4, 14.39, 3.64]",3,"[12, 0, 15, 7]",32
"[11.22, 8.59, 13.46, 10.83]",2,"[8, 8, 15, 15]",64
"[5.26, 8.2, 7.5, 10.44]",2,"[4, 8, 11, 15]",64
"[4.15, 2.86, 6.39, 5.1]",3,"[4, 0, 7, 7]",32
"[10.1, 6.01, 12.34, 8.25]",4,"[10, 6, 13, 9]",16
"[9.34, 4.87, 11.58, 7.11]",2,"[8, 4, 15, 11]",64
"[5.43, 4.14, 7.67, 6.38]",2,"[4, 0, 11, 7]",64
"[11.83, 7.32, 14.07, 9.56]",2,"[8, 4, 15, 11]",64
"[6.3, 6.93, 8.54, 9.17]",3,"[6, 4, 9, 11]",32
"[6.47, 9.88, 8.71, 12.12]",3,"[6, 8, 9, 15]",32
"[10.03, 6.81, 12.27, 9.05]",3,"[10, 4, 13, 11]",32
"[4.55, 3.26, 6.79, 5.5]",3,"[4, 0, 7, 7]",32
"[7.93, 11.7, 10.17, 13.94]",2,"[4, 8, 11, 15]",64
"[8.83, 6.25, 11.07, 8.49]",2,"[8, 4, 15, 11]",64
"[9.23, 12.42, 11.47, 14.66]",2,"[8, 8, 15, 15]",64
"[8.4, 6.61, 10.64, 8.85]",4,"[8, 6, 11, 9]",16
"[11.91, 4.7, 14.15, 6.94]",2,"[8, 0, 15, 7]",64
"[4.64, 4.44, 6.88, 6.68]",4,"[4, 4, 7, 7]",16
"[7.49, 6.22, 9.73, 8.46]",2,"[4, 4, 11, 11]",64
"[3.35, 12.3, 5.59, 14.54]",2,"[0, 8, 7, 15]",64
"[3.28, 9.76, 5.52, 12.0]",2,"[0, 8, 7, 15]",64
"[9.48, 2.77, 11.72, 5.01]",2,"[8, 0, 15, 7]",64
"[11.1, 11.13, 13.34, 13.37]",2,"[8, 8, 15, 15]",64
"[6.13, 9.41, 8.37, 11.65]",3,"[6, 8, 9, 15]",32
"[5.3, 5.75, 7.54, 7.99]",2,"[4, 4, 11, 11]",64
"[2.82, 0.81, 5.06, 3.05]",2,"[0, 0, 7, 7]",64
"[2.62, 6.78, 4.86, 9.02]",3,"[2, 4, 5, 11]",32
"[9.7, 2.0, 11.94, 4.24]",2,"[8, 0, 15, 7]",64
"[8.82, 4.1, 11.06, 6.34]",2,"[8, 0, 15, 7]",64
"[3.59, 2.2, 5.83, 4.44]",2,"[0, 0, 7, 7]",64
"[6.5, 11.19, 8.74, 13.43]",3,"[6, 8, 9, 15]",32
"[5.55, 9.49, 7.79, 11.73]",2,"[4, 8, 11, 15]",64
"[1.53, 6.81, 3.77, 9.05]",2,"[0, 4, 7, 11]",64
"[9.42, 2.69, 11.66, 4.93]",2,"[8, 0, 15, 7]",64
"[5.11, 8.89, 7.35, 11.13]",2,"[4, 8, 11, 15]",64
"[1.4, 1.78, 3.64, 4.02]",2,"[0, 0, 7, 7]",64
"[2.58, 11.49, 4.82, 13.73]",3,"[2, 8, 5, 15]",32
"[4.43, 5.92, 6.67, 8.16]",3,"[4, 4, 7, 11]",32
"[6.04, 9.25, 8.28, 11.49]",3,"[6, 8, 9, 15]",32
"[2.42, 8.69, 4.66, 10.93]",4,"[2, 8, 5, 11]",16
"[12.74, 6.75, 14.98, 8.99]",4,"[12, 6, 15, 9]",16
"[1.21, 5.62, 3.45, 7.86]",2,"[0, 4, 7, 11]",64
"[11.45, 6.76, 13.69, 9.0]",2,"[8, 4, 15, 11]",64
"[6.52, 6.02, 8.76, 8.26]",4,"[6, 6, 9, 9]",16
"[4.79, 10.13, 7.03, 12.37]",2,"[4, 8, 11, 15]",64
"[1.0, 9.86, 3.24, 12.1]",2,"[0, 8, 7, 15]",64
"[11.31, 11.73, 13.55, 13.97]",2,"[8, 8, 15, 15]",64
"[1.99, 5.88, 4.23, 8.12]",2,"[0, 4, 7, 11]",64
"[0.26, 8.88, 2.5, 11.12]",3,"[0, 8, 3, 15]",32
"[1.44, 2.25, 3.68, 4.49]",2,"[0, 0, 7, 7]",64
"[3.61, 10.88, 5.85, 13.12]",2,"[0, 8, 7, 15]",64
"[6.27, 1.09, 8.51, 3.33]",3,"[6, 0, 9, 7]",32
"[9.34, 5.55, 11.58, 7.79]",2,"[8, 4, 15, 11]",64
"[2.28, 7.66, 4.52, 9.9]",3,"[2, 4, 5, 11]",32
"[12.56, 7.42, 14.8, 9.66]",3,"[12, 4, 15, 11]",32
"[12.12, 9.5, 14.36, 11.74]",3,"[12, 8, 15, 15]",32
"[1.58, 1.0, 3.82, 3.24]",2,"[0, 0, 7, 7]",64
"[8.01, 2.42, 10.25, 4.66]",4,"[8, 2, 11, 5]",16
"[2.16, 5.84, 4.4, 8.08]",3,"[2, 4, 5, 11]",32
"[1.09, 9.4, 3.33, 11.64]",2,"[0, 8, 7, 15]",64
"[3.6, 1.21, 5.84, 3.45]",2,"[0, 0, 7, 7]",64
"[9.95, 12.52, 12.19, 14.76]",2,"[8, 8, 15, 15]",64
"[12.47, 11.21, 14.71, 13.45]",3,"[12, 8, 15, 15]",32
"[8.61, 7.84, 10.85, 10.08]",3,"[8, 4, 11, 11]",32
"[7.06, 8.8, 9.3, 11.04]",2,"[4, 8, 11, 15]",64
"[11.48, 9.82, 13.72, 12.06]",2,"[8, 8, 15, 15]",64
"[7.29, 12.72, 9.53, 14.96]",2,"[4, 8, 11, 15]",64
"[2.79, 2.39, 5.03, 4.63]",2,"[0, 0, 7, 7]",64
"[11.53, 6.41, 13.77, 8.65]",2,"[8, 4, 15, 11]",64
"[8.29, 10.98, 10.53, 13.22]",3,"[8, 8, 11, 15]",32
"[12.52, 11.8, 14.76, 14.04]",3,"[12, 8, 15, 15]",32
"[2.22, 2.91, 4.46, 5.15]",3,"[2, 0, 5, 7]",32
"[9.84, 1.79, 12.08, 4.03]",2,"[8, 0, 15, 7]",64
"[11.2, 2.64, 13.44, 4.88]",2,"[8, 0, 15, 7]",64
"[2.28, 4.43, 4.52, 6.67]",4,"[2, 4, 5, 7]",16
"[11.94, 9.32, 14.18, 11.56]",2,"[8, 8, 15, 15]",64
"[11.6, 12.75, 13.84, 14.99]",2,"[8, 8, 15, 15]",64
"[3.81, 12.27, 6.05, 14.51]",2,"[0, 8, 7, 15]",64
"[9.99, 6.75, 12.23, 8.99]",2,"[8, 4, 15, 11]",64
"[6.32, 0.39, 8.56, 2.63]",4,"[6, 0, 9, 3]",16
"[10.56, 9.23, 12.8, 11.47]",3,"[10, 8, 13, 15]",32
"[2.41, 7.5, 4.65, 9.74]",3,"[2, 4, 5, 11]",32
"[2.08, 11.49, 4.32, 13.73]",3,"[2, 8, 5, 15]",32
"[9.32, 6.47, 11.56, 8.71]",2,"[8, 4, 15, 11]",64
"[6.43, 1.67, 8.67, 3.91]",3,"[6, 0, 9, 7]",32
"[11.31, 0.79, 13.55, 3.03]",2,"[8, 0, 15, 7]",64
"[0.04, 6.31, 2.28, 8.55]",4,"[0, 6, 3, 9]",16
"[1.08, 3.26, 3.32, 5.5]",2,"[0, 0, 7, 7]",64
"[6.4, 6.57, 8.64, 8.81]",4,"[6, 6, 9, 9]",16
"[8.26, 11.32, 10.5, 13.56]",3,"[8, 8, 11, 15]",32
"[8.35, 2.31, 10.59, 4.55]",4,"[8, 2, 11, 5]",16
"[9.14, 11.08, 11.38, 13.32]",2,"[8, 8, 15, 15]",64
"[6.59, 1.61, 8.83, 3.85]",3,"[6, 0, 9, 7]",32
"[7.94, 7.38, 10.18, 9.62]",2,"[4, 4, 11, 11]",64
"[9.5, 1.35, 11.74, 3.59]",2,"[8, 0, 15, 7]",64
"[6.7, 12.02, 8.94, 14.26]",4,"[6, 12, 9, 15]",16
"[4.0, 12.29, 6.24, 14.53]",4,"[4, 12, 7, 15]",16
"[3.54, 4.57, 5.78, 6.81]",2,"[0, 0, 7, 7]",64
"[10.75, 5.18, 12.99, 7.42]",3,"[10, 4, 13, 11]",32
"[3.23, 4.85, 5.47, 7.09]",2,"[0, 4, 7, 11]",64
"[11.26, 0.81, 13.5, 3.05]",2,"[8, 0, 15, 7]",64
"[7.34, 2.62, 9.58, 4.86]",2,"[4, 0, 11, 7]",64
"[2.95, 2.85, 5.19, 5.09]",2,"[0, 0, 7, 7]",64
"[2.42, 12.42, 4.66, 14.66]",4,"[2, 12, 5, 15]",16
"[10.32, 2.53, 12.56, 4.77]",4,"[10, 2, 13, 5]",16
"[2.55, 7.15, 4.79, 9.39]",3,"[2, 4, 5, 11]",32
"[12.09, 3.54, 14.33, 5.78]",3,"[12, 0, 15, 7]",32
"[2.17, 12.32, 4.41, 14.56]",4,"[2, 12, 5, 15]",16
"[5.27, 11.16, 7.51, 13.4]",2,"[4, 8, 11, 15]",64
"[1.9, 10.92, 4.14, 13.16]",2,"[0, 8, 7, 15]",64
"[5.14, 12.56, 7.38, 14.8]",2,"[4, 8, 11, 15]",64
"[7.14, 9.84, 9.38, 12.08]",2,"[4, 8, 11, 15]",64
"[6.66, 0.06, 8.9, 2.3]",4,"[6, 0, 9, 3]",16
"[2.38, 1.82, 4.62, 4.06]",3,"[2, 0, 5, 7]",32
"[4.74, 0.35, 6.98, 2.59]",4,"[4, 0, 7, 3]",16
"[6.83, 8.42, 9.07, 10.66]",2,"[4, 8, 11, 15]",64
"[11.01, 9.56, 13.25, 11.8]",2,"[8, 8, 15, 15]",64
"[7.62, 8.29, 9.86, 10.53]",2,"[4, 8, 11, 15]",64
"[0.7, 4.35, 2.94, 6.59]",4,"[0, 4, 3, 7]",16
"[0.74, 8.51, 2.98, 10.75]",4,"[0, 8, 3, 11]",16
"[4.68, 8.39, 6.92, 10.63]",4,"[4, 8, 7, 11]",16
"[4.5, 12.07, 6.74, 14.31]",4,"[4, 12, 7, 15]",16
"[11.68, 11.34, 13.92, 13.58]",2,"[8, 8, 15, 15]",64
"[1.87, 9.4, 4.11, 11.64]",2,"[0, 8, 7, 15]",64
"[12.45, 2.6, 14.69, 4.84]",4,"[12, 2, 15, 5]",16
"[2.75, 9.57, 4.99, 11.81]",3,"[2, 8, 5, 15]",32
"[4.47, 10.24, 6.71, 12.48]",4,"[4, 10, 7, 13]",16
"[12.37, 9.69, 14.61, 11.93]",3,"[12, 8, 15, 15]",32
"[5.84, 4.42, 8.08, 6.66]",2,"[4, 0, 11, 7]",64
"[6.95, 0.08, 9.19, 2.32]",2,"[4, 0, 11, 7]",64
"[1.56, 3.46, 3.8, 5.7]",2,"[0, 0, 7, 7]",64
"[6.71, 6.92, 8.95, 9.16]",3,"[6, 4, 9, 11]",32
"[7.11, 9.74, 9.35, 11.98]",2,"[4, 8, 11, 15]",64
"[1.24, 0.25, 3.48, 2.49]",2,"[0, 0, 7, 7]",64
"[6.3, 3.85, 8.54, 6.09]",3,"[6, 0, 9, 7]",32
"[8.16, 10.69, 10.4, 12.93]",4,"[8, 10, 11, 13]",16
"[0.35, 12.44, 2.59, 14.68]",4,"[0, 12, 3, 15]",16
"[12.67, 4.02, 14.91, 6.26]",4,"[12, 4, 15, 7]",16
"[10.06, 6.81, 12.3, 9.05]",3,"[10, 4, 13, 11]",32
"[1.69, 0.89, 3.93, 3.13]",2,"[0, 0, 7, 7]",64
"[5.4, 6.32, 7.64, 8.56]",2,"[4, 4, 11, 11]",64
"[4.16, 1.18, 6.4, 3.42]",3,"[4, 0, 7, 7]",32
"[6.06, 9.21, 8.3, 11.45]",3,"[6, 8, 9, 15]",32
"[6.16, 3.27, 8.4, 5.51]",3,"[6, 0, 9, 7]",32
"[6.5, 1.69, 8.74, 3.93]",3,"[6, 0, 9, 7]",32
"[3.5, 0.37, 5.74, 2.61]",2,"[0, 0, 7, 7]",64
"[7.22, 12.07, 9.46, 14.31]",2,"[4, 8, 11, 15]",64
"[11.35, 7.42, 13.59, 9.66]",2,"[8, 4, 15, 11]",64
"[0.59, 12.4, 2.83, 14.64]",4,"[0, 12, 3, 15]",16
"[5.75, 10.75, 7.99, 12.99]",2,"[4, 8, 11, 15]",64
"[12.54, 7.29, 14.78, 9.53]",3,"[12, 4, 15, 11]",32
"[0.4, 0.48, 2.64, 2.72]",4,"[0, 0, 3, 3]",16
"[4.42, 11.55, 6.66, 13.79]",3,"[4, 8, 7, 15]",32
"[9.42, 10.69, 11.66, 12.93]",2,"[8, 8, 15, 15]",64
"[8.17, 3.42, 10.41, 5.66]",3,"[8, 0, 11, 7]",32
"[0.57, 3.61, 2.81, 5.85]",3,"[0, 0, 3, 7]",32
"[3.64, 5.91, 5.88, 8.15]",2,"[0, 4, 7, 11]",64
"[5.75, 6.79, 7.99, 9.03]",2,"[4, 4, 11, 11]",64
"[4.59, 4.9, 6.83, 7.14]",3,"[4, 4, 7, 11]",32
"[5.88, 7.8, 8.12, 10.04]",2,"[4, 4, 11, 11]",64
"[3.4, 2.2, 5.64, 4.44]",2,"[0, 0, 7, 7]",64
"[5.86, 5.95, 8.1, 8.19]",2,"[4, 4, 11, 11]",64
"[2.62, 7.15, 4.86, 9.39]",3,"[2, 4, 5, 11]",32
"[6.83, 6.78, 9.07, 9.02]",2,"[4, 4, 11, 11]",64
"[10.3, 6.41, 12.54, 8.65]",4,"[10, 6, 13, 9]",16
"[9.22, 11.03, 11.46, 13.27]",2,"[8, 8, 15, 15]",64
"[6.69, 4.11, 8.93, 6.35]",4,"[6, 4, 9, 7]",16
"[11.68, 9.97, 13.92, 12.21]",2,"[8, 8, 15, 15]",64
"[11.56, 8.75, 13.8, 10.99]",2,"[8, 8, 15, 15]",64
"[7.43, 2.51, 9.67, 4.75]",2,"[4, 0, 11, 7]",64
"[12.38, 3.41, 14.62, 5.65]",3,"[12, 0, 15, 7]",32
"[1.22, 6.05, 3.46, 8.29]",2,"[0, 4, 7, 11]",64
"[6.62, 0.18, 8.86, 2.42]",4,"[6, 0, 9, 3]",16
"[1.15, 9.9, 3.39, 12.14]",2,"[0, 8, 7, 15]",64
"[0.89, 1.99, 3.13, 4.23]",2,"[0, 0, 7, 7]",64
"[1.64, 3.7, 3.88, 5.94]",2,"[0, 0, 7, 7]",64
"[7.54, 5.64, 9.78, 7.88]",2,"[4, 4, 11, 11]",64
"[1.1, 3.76, 3.34, 6.0]",2,"[0, 0, 7, 7]",64
"[8.91, 7.48, 11.15, 9.72]",2,"[8, 4, 15, 11]",64
"[1.48, 1.72, 3.72, 3.96]",2,"[0, 0, 7, 7]",64
"[9.69, 8.35, 11.93, 10.59]",2,"[8, 8, 15, 15]",64
"[4.57, 4.62, 6.81, 6.86]",4,"[4, 4, 7, 7]",16
"[8.58, 0.56, 10.82, 2.8]",4,"[8, 0, 11, 3]",16
"[11.8, 1.0, 14.04, 3.24]",2,"[8, 0, 15, 7]",64
"[1.56, 3.76, 3.8, 6.0]",2,"[0, 0, 7, 7]",64
"[3.17, 9.66, 5.41, 11.9]",2,"[0, 8, 7, 15]",64
"[9.45, 10.31, 11.69, 12.55]",2,"[8, 8, 15, 15]",64
"[8.18, 6.72, 10.42, 8.96]",4,"[8, 6, 11, 9]",16
"[0.44, 1.6, 2.68, 3.84]",3,"[0, 0, 3, 7]",32
"[6.38, 3.09, 8.62, 5.33]",3,"[6, 0, 9, 7]",32
"[11.11, 7.86, 13.35, 10.1]",2,"[8, 4, 15, 11]",64
"[1.65, 11.72, 3.89, 13.96]",2,"[0, 8, 7, 15]",64
"[6.97, 11.18, 9.21, 13.42]",2,"[4, 8, 11, 15]",64
"[0.25, 3.23, 2.49, 5.47]",3,"[0, 0, 3, 7]",32
"[8.05, 2.06, 10.29, 4.3]",4,"[8, 2, 11, 5]",16
"[11.87, 6.66, 14.11, 8.9]",2,"[8, 4, 15, 11]",64
"[10.79, 8.73, 13.03, 10.97]",2,"[8, 8, 15, 15]",64
"[11.92, 4.5, 14.16, 6.74]",2,"[8, 0, 15, 7]",64
"[7.41, 2.85, 9.65, 5.09]",2,"[4, 0, 11, 7]",64
"[10.72, 10.34, 12.96, 12.58]",4,"[10, 10, 13, 13]",16
"[11.13, 5.28, 13.37, 7.52]",2,"[8, 4, 15, 11]",64
"[8.62, 12.19, 10.86, 14.43]",4,"[8, 12, 11, 15]",16
"[0.91, 9.57, 3.15, 11.81]",2,"[0, 8, 7, 15]",64
"[0.3, 3.32, 2.54, 5.56]",3,"[0, 0, 3, 7]",32
"[1.08, 6.23, 3.32, 8.47]",2,"[0, 4, 7, 11]",64
"[2.73, 4.52, 4.97, 6.76]",4,"[2, 4, 5, 7]",16
"[3.82, 2.81, 6.06, 5.05]",2,"[0, 0, 7, 7]",64
"[4.71, 4.01, 6.95, 6.25]",4,"[4, 4, 7, 7]",16
"[7.84, 12.39, 10.08, 14.63]",2,"[4, 8, 11, 15]",64
"[4.54, 8.82, 6.78, 11.06]",3,"[4, 8, 7, 15]",32
"[11.79, 9.11, 14.03, 11.35]",2,"[8, 8, 15, 15]",64
"[9.4, 1.87, 11.64, 4.11]",2,"[8, 0, 15, 7]",64
"[12.07, 5.41, 14.31, 7.65]",3,"[12, 4, 15, 11]",32
"[3.44, 1.65, 5.68, 3.89]",2,"[0, 0, 7, 7]",64
"[7.57, 11.82, 9.81, 14.06]",2,"[4, 8, 11, 15]",64
"[6.73, 12.05, 8.97, 14.29]",4,"[6, 12, 9, 15]",16
"[6.2, 3.24, 8.44, 5.48]",3,"[6, 0, 9, 7]",32
"[11.35, 5.68, 13.59, 7.92]",2,"[8, 4, 15, 11]",64
"[8.35, 1.86, 10.59, 4.1]",3,"[8, 0, 11, 7]",32
"[4.58, 8.74, 6.82, 10.98]",4,"[4, 8, 7, 11]",16
"[1.32, 10.4, 3.56, 12.64]",2,"[0, 8, 7, 15]",64
"[2.02, 3.58, 4.26, 5.82]",3,"[2, 0, 5, 7]",32
"[8.36, 11.49, 10.6, 13.73]",3,"[8, 8, 11, 15]",32
"[3.64, 9.78, 5.88, 12.02]",2,"[0, 8, 7, 15]",64
"[10.41, 10.69, 12.65, 12.93]",4,"[10, 10, 13, 13]",16
"[9.05, 11.17, 11.29, 13.41]",2,"[8, 8, 15, 15]",64
"[5.01, 4.45, 7.25, 6.69]",2,"[4, 0, 11, 7]",64
"[0.91, 12.1, 3.15, 14.34]",2,"[0, 8, 7, 15]",64
"[0.76, 3.38, 3.0, 5.62]",3,"[0, 0, 3, 7]",32
"[8.74, 7.15, 10.98, 9.39]",3,"[8, 4, 11, 11]",32
"[2.07, 2.69, 4.31, 4.93]",4,"[2, 2, 5, 5]",16
"[6.53, 0.23, 8.77, 2.47]",4,"[6, 0, 9, 3]",16
"[8.36, 0.17, 10.6, 2.41]",4,"[8, 0, 11, 3]",16
"[9.87, 4.81, 12.11, 7.05]",2,"[8, 4, 15, 11]",64
"[8.88, 12.35, 11.12, 14.59]",2,"[8, 8, 15, 15]",64
"[8.25, 1.35, 10.49, 3.59]",3,"[8, 0, 11, 7]",32
"[11.04, 11.53, 13.28, 13.77]",2,"[8, 8, 15, 15]",64
"[2.52, 4.99, 4.76, 7.23]",3,"[2, 4, 5, 11]",32
"[0.96, 2.17, 3.2, 4.41]",2,"[0, 0, 7, 7]",64
"[1.28, 10.2, 3.52, 12.44]",2,"[0, 8, 7, 15]",64
"[5.98, 6.14, 8.22, 8.38]",2,"[4, 4, 11, 11]",64
"[2.66, 1.01, 4.9, 3.25]",3,"[2, 0, 5, 7]",32
"[11.06, 9.39, 13.3, 11.63]",2,"[8, 8, 15, 15]",64
"[8.08, 10.69, 10.32, 12.93]",4,"[8, 10, 11, 13]",16
"[10.08, 10.5, 12.32, 12.74]",4,"[10, 10, 13, 13]",16
"[11.33, 9.04, 13.57, 11.28]",2,"[8, 8, 15, 15]",64
"[2.41, 0.86, 4.65, 3.1]",3,"[2, 0, 5, 7]",32
"[7.22, 12.68, 9.46, 14.92]",2,"[4, 8, 11, 15]",64
"[0.43, 2.23, 2.67, 4.47]",4,"[0, 2, 3, 5]",16
"[12.06, 7.11, 14.3, 9.35]",3,"[12, 4, 15, 11]",32
"[8.98, 2.72, 11.22, 4.96]",2,"[8, 0, 15, 7]",64
"[12.53, 6.92, 14.77, 9.16]",3,"[12, 4, 15, 11]",32
"[7.47, 8.64, 9.71, 10.88]",2,"[4, 8, 11, 15]",64
"[5.15, 5.75, 7.39, 7.99]",2,"[4, 4, 11, 11]",64
"[1.49, 7.36, 3.73, 9.6]",2,"[0, 4, 7, 11]",64
"[12.02, 1.16, 14.26, 3.4]",3,"[12, 0, 15, 7]",32
"[3.56, 9.73, 5.8, 11.97]",2,"[0, 8, 7, 15]",64
"[10.0, 6.68, 12.24, 8.92]",4,"[10, 6, 13, 9]",16
"[9.19, 6.73, 11.43, 8.97]",2,"[8, 4, 15, 11]",64
"[12.73, 3.37, 14.97, 5.61]",3,"[12, 0, 15, 7]",32
"[6.98, 9.47, 9.22, 11.71]",2,"[4, 8, 11, 15]",64
"[1.39, 2.23, 3.63, 4.47]",2,"[0, 0, 7, 7]",64
"[12.26, 0.54, 14.5, 2.78]",4,"[12, 0, 15, 3]",16
"[7.68, 10.94, 9.92, 13.18]",2,"[4, 8, 11, 15]",64
"[11.78, 6.85, 14.02, 9.09]",2,"[8, 4, 15, 11]",64
"[5.23, 9.93, 7.47, 12.17]",2,"[4, 8, 11, 15]",64
"[6.74, 6.77, 8.98, 9.01]",3,"[6, 4, 9, 11]",32
"[1.58, 0.54, 3.82, 2.78]",2,"[0, 0, 7, 7]",64
"[10.93, 7.17, 13.17, 9.41]",2,"[8, 4, 15, 11]",64
"[10.57, 0.2, 12.81, 2.44]",4,"[10, 0, 13, 3]",16
"[0.49, 7.61, 2.73, 9.85]",3,"[0, 4, 3, 11]",32
"[6.93, 10.5, 9.17, 12.74]",2,"[4, 8, 11, 15]",64
"[9.56, 6.05, 11.8, 8.29]",2,"[8, 4, 15, 11]",64
"[5.42, 1.68, 7.66, 3.92]",2,"[4, 0, 11, 7]",64
"[9.39, 2.84, 11.63, 5.08]",2,"[8, 0, 15, 7]",64
"[1.0, 12.36, 3.24, 14.6]",2,"[0, 8, 7, 15]",64
"[8.96, 1.46, 11.2, 3.7]",2,"[8, 0, 15, 7]",64
"[8.97, 5.28, 11.21, 7.52]",2,"[8, 4, 15, 11]",64
"[11.88, 2.82, 14.12, 5.06]",2,"[8, 0, 15, 7]",64
"[0.77, 8.35, 3.01, 10.59]",2,"[0, 8, 7, 15]",64
"[8.31, 7.94, 10.55, 10.18]",3,"[8, 4, 11, 11]",32
"[2.64, 8.16, 4.88, 10.4]",4,"[2, 8, 5, 11]",16
"[10.8, 1.64, 13.04, 3.88]",2,"[8, 0, 15, 7]",64
"[1.11, 11.18, 3.35, 13.42]",2,"[0, 8, 7, 15]",64
"[0.92, 4.6, 3.16, 6.84]",2,"[0, 0, 7, 7]",64
"[2.06, 3.5, 4.3, 5.74]",3,"[2, 0, 5, 7]",32
"[7.34, 1.04, 9.58, 3.28]",2,"[4, 0, 11, 7]",64
"[2.94, 12.17, 5.18, 14.41]",2,"[0, 8, 7, 15]",64
"[1.71, 3.23, 3.95, 5.47]",2,"[0, 0, 7, 7]",64
"[7.18, 4.51, 9.42, 6.75]",2,"[4, 0, 11, 7]",64
"[4.86, 3.32, 7.1, 5.56]",2,"[4, 0, 11, 7]",64
"[0.01, 3.37, 2.25, 5.61]",3,"[0, 0, 3, 7]",32
"[4.48, 9.44, 6.72, 11.68]",3,"[4, 8, 7, 15]",32
"[1.9, 7.78, 4.14, 10.02]",2,"[0, 4, 7, 11]",64
"[12.64, 9.63, 14.88, 11.87]",3,"[12, 8, 15, 15]",32
"[4.78, 12.6, 7.02, 14.84]",2,"[4, 8, 11, 15]",64
"[5.19, 9.51, 7.43, 11.75]",2,"[4, 8, 11, 15]",64
"[1.66, 8.79, 3.9, 11.03]",2,"[0, 8, 7, 15]",64
"[2.59, 2.88, 4.83, 5.12]",3,"[2, 0, 5, 7]",32
"[7.31, 7.56, 9.55, 9.8]",2,"[4, 4, 11, 11]",64
"[3.46, 10.04, 5.7, 12.28]",2,"[0, 8, 7, 15]",64
"[12.34, 6.26, 14.58, 8.5]",4,"[12, 6, 15, 9]",16
"[12.64, 5.52, 14.88, 7.76]",3,"[12, 4, 15, 11]",32
"[5.14, 9.46, 7.38, 11.7]",2,"[4, 8, 11, 15]",64
"[6.62, 10.25, 8.86, 12.49]",4,"[6, 10, 9, 13]",16
"[3.41, 3.67, 5.65, 5.91]",2,"[0, 0, 7, 7]",64
"[12.69, 12.41, 14.93, 14.65]",4,"[12, 12, 15, 15]",16
"[7.63, 5.43, 9.87, 7.67]",2,"[4, 4, 11, 11]",64
"[3.04, 3.54, 5.28, 5.78]",2,"[0, 0, 7, 7]",64
"[10.67, 5.88, 12.91, 8.12]",3,"[10, 4, 13, 11]",32
"[0.99, 11.84, 3.23, 14.08]",2,"[0, 8, 7, 15]",64
"[11.25, 6.33, 13.49, 8.57]",2,"[8, 4, 15, 11]",64
"[7.7, 10.26, 9.94, 12.5]",2,"[4, 8, 11, 15]",64
"[12.15, 8.67, 14.39, 10.91]",4,"[12, 8, 15, 11]",16
"[1.69, 7.15, 3.93, 9.39]",2,"[0, 4, 7, 11]",64
"[9.94, 11.79, 12.18, 14.03]",2,"[8, 8, 15, 15]",64
"[9.71, 6.67, 11.95, 8.91]",2,"[8, 4, 15, 11]",64
"[3.61, 10.96, 5.85, 13.2]",2,"[0, 8, 7, 15]",64
"[1.71, 12.7, 3.95, 14.94]",2,"[0, 8, 7, 15]",64
"[7.6, 11.93, 9.84, 14.17]",2,"[4, 8, 11, 15]",64
"[4.27, 8.23, 6.51, 10.47]",4,"[4, 8, 7, 11]",16
"[2.36, 10.05, 4.6, 12.29]",4,"[2, 10, 5, 13]",16
"[4.0, 5.12, 6.24, 7.36]",3,"[4, 4, 7, 11]",32
"[3.78, 3.01, 6.02, 5.25]",2,"[0, 0, 7, 7]",64
"[11.68, 5.82, 13.92, 8.06]",2,"[8, 4, 15, 11]",64
"[2.44, 9.8, 4.68, 12.04]",3,"[2, 8, 5, 15]",32
"[2.38, 4.03, 4.62, 6.27]",4,"[2, 4, 5, 7]",16
"[7.64, 12.54, 9.88, 14.78]",2,"[4, 8, 11, 15]",64
"[6.54, 2.13, 8.78, 4.37]",4,"[6, 2, 9, 5]",16
"[10.95, 5.99, 13.19, 8.23]",2,"[8, 4, 15, 11]",64
"[4.93, 1.75, 7.17, 3.99]",2,"[4, 0, 11, 7]",64
"[5.38, 9.86, 7.62, 12.1]",2,"[4, 8, 11, 15]",64
"[4.02, 0.47, 6.26, 2.71]",4,"[4, 0, 7, 3]",16
"[5.12, 8.67, 7.36, 10.91]",2,"[4, 8, 11, 15]",64
"[8.41, 8.88, 10.65, 11.12]",3,"[8, 8, 11, 15]",32
"[6.5, 5.91, 8.74, 8.15]",3,"[6, 4, 9, 11]",32
"[2.9, 7.44, 5.14, 9.68]",2,"[0, 4, 7, 11]",64
"[0.26, 7.44, 2.5, 9.68]",3,"[0, 4, 3, 11]",32
"[2.02, 8.13, 4.26, 10.37]",4,"[2, 8, 5, 11]",16
"[12.37, 0.9, 14.61, 3.14]",3,"[12, 0, 15, 7]",32
"[9.09, 5.75, 11.33, 7.99]",2,"[8, 4, 15, 11]",64
"[7.98, 10.61, 10.22, 12.85]",2,"[4, 8, 11, 15]",64
"[7.16, 1.97, 9.4, 4.21]",2,"[4, 0, 11, 7]",64
"[6.43, 8.64, 8.67, 10.88]",4,"[6, 8, 9, 11]",16
"[9.53, 5.93, 11.77, 8.17]",2,"[8, 4, 15, 11]",64
"[4.69, 9.91, 6.93, 12.15]",3,"[4, 8, 7, 15]",32
"[11.2, 12.37, 13.44, 14.61]",2,"[8, 8, 15, 15]",64
"[0.22, 0.76, 2.46, 3.0]",4,"[0, 0, 3, 3]",16
"[12.18, 4.34, 14.42, 6.58]",4,"[12, 4, 15, 7]",16
"[5.08, 3.19, 7.32, 5.43]",2,"[4, 0, 11, 7]",64
"[10.38, 6.45, 12.62, 8.69]",4,"[10, 6, 13, 9]",16
"[3.29, 11.98, 5.53, 14.22]",2,"[0, 8, 7, 15]",64
"[3.53, 10.78, 5.77, 13.02]",2,"[0, 8, 7, 15]",64
"[0.31, 11.39, 2.55, 13.63]",3,"[0, 8, 3, 15]",32
"[10.6, 11.95, 12.84, 14.19]",3,"[10, 8, 13, 15]",32
"[5.9, 3.22, 8.14, 5.46]",2,"[4, 0, 11, 7]",64
"[3.96, 9.82, 6.2, 12.06]",2,"[0, 8, 7, 15]",64
"[12.72, 7.87, 14.96, 10.11]",3,"[12, 4, 15, 11]",32
"[6.01, 5.15, 8.25, 7.39]",3,"[6, 4, 9, 11]",32
"[1.4, 4.34, 3.64, 6.58]",2,"[0, 0, 7, 7]",64
"[11.86, 5.93, 14.1, 8.17]",2,"[8, 4, 15, 11]",64
"[2.35, 3.17, 4.59, 5.41]",3,"[2, 0, 5, 7]",32
"[12.71, 0.23, 14.95, 2.47]",4,"[12, 0, 15, 3]",16
"[3.51, 11.28, 5.75, 13.52]",2,"[0, 8, 7, 15]",64
"[2.02, 2.31, 4.26, 4.55]",4,"[2, 2, 5, 5]",16
"[3.69, 9.31, 5.93, 11.55]",2,"[0, 8, 7, 15]",64
"[4.34, 12.56, 6.58, 14.8]",4,"[4, 12, 7, 15]",16
"[2.58, 11.68, 4.82, 13.92]",3,"[2, 8, 5, 15]",32
"[12.75, 7.55, 14.99, 9.79]",3,"[12, 4, 15, 11]",32
"[11.41, 11.08, 13.65, 13.32]",2,"[8, 8, 15, 15]",64
"[9.2, 7.26, 11.44, 9.5]",2,"[8, 4, 15, 11]",64
"[9.97, 6.6, 12.21, 8.84]",2,"[8, 4, 15, 11]",64
"[6.9, 3.42, 9.14, 5.66]",2,"[4, 0, 11, 7]",64
"[1.33, 10.61, 3.57, 12.85]",2,"[0, 8, 7, 15]",64
"[6.83, 1.61, 9.07, 3.85]",2,"[4, 0, 11, 7]",64
"[3.53, 3.77, 5.77, 6.01]",2,"[0, 0, 7, 7]",64
"[10.35, 2.55, 12.59, 4.79]",4,"[10, 2, 13, 5]",16
"[4.42, 4.92, 6.66, 7.16]",3,"[4, 4, 7, 11]",32
"[0.83, 11.0, 3.07, 13.24]",2,"[0, 8, 7, 15]",64
"[3.02, 3.94, 5.26, 6.18]",2,"[0, 0, 7, 7]",64
"[2.28, 1.73, 4.52, 3.97]",3,"[2, 0, 5, 7]",32
"[0.71, 3.67, 2.95, 5.91]",3,"[0, 0, 3, 7]",32
"[4.61, 8.34, 6.85, 10.58]",4,"[4, 8, 7, 11]",16
"[1.47, 6.52, 3.71, 8.76]",2,"[0, 4, 7, 11]",64
"[1.31, 8.01, 3.55, 10.25]",2,"[0, 8, 7, 15]",64
"[4.11, 9.12, 6.35, 11.36]",3,"[4, 8, 7, 15]",32
"[3.34, 9.75, 5.58, 11.99]",2,"[0, 8, 7, 15]",64
"[7.23, 9.27, 9.47, 11.51]",2,"[4, 8, 11, 15]",64
"[5.71, 2.36, 7.95, 4.6]",2,"[4, 0, 11, 7]",64
"[11.49, 4.84, 13.73, 7.08]",2,"[8, 4, 15, 11]",64
"[8.5, 5.24, 10.74, 7.48]",3,"[8, 4, 11, 11]",32
"[2.34, 1.92, 4.58, 4.16]",3,"[2, 0, 5, 7]",32
"[5.73, 2.12, 7.97, 4.36]",2,"[4, 0, 11, 7]",64
"[3.02, 0.27, 5.26, 2.51]",2,"[0, 0, 7, 7]",64
"[9.44, 11.17, 11.68, 13.41]",2,"[8, 8, 15, 15]",64
"[2.05, 4.9, 4.29, 7.14]",3,"[2, 4, 5, 11]",32
"[0.91, 5.16, 3.15, 7.4]",2,"[0, 4, 7, 11]",64
"[4.67, 12.01, 6.91, 14.25]",4,"[4, 12, 7, 15]",16
"[2.08, 10.73, 4.32, 12.97]",4,"[2, 10, 5, 13]",16
"[1.1, 12.64, 3.34, 14.88]",2,"[0, 8, 7, 15]",64
"[0.45, 6.12, 2.69, 8.36]",4,"[0, 6, 3, 9]",16
"[10.26, 4.11, 12.5, 6.35]",4,"[10, 4, 13, 7]",16
"[10.97, 7.74, 13.21, 9.98]",2,"[8, 4, 15, 11]",64
"[12.41, 8.98, 14.65, 11.22]",3,"[12, 8, 15, 15]",32
"[9.34, 1.24, 11.58, 3.48]",2,"[8, 0, 15, 7]",64
"[5.32, 12.16, 7.56, 14.4]",2,"[4, 8, 11, 15]",64
"[6.08, 11.41, 8.32, 13.65]",3,"[6, 8, 9, 15]",32
"[8.77, 6.42, 11.01, 8.66]",2,"[8, 4, 15, 11]",64
"[9.65, 5.43, 11.89, 7.67]",2,"[8, 4, 15, 11]",64
"[5.75, 4.12, 7.99, 6.36]",2,"[4, 0, 11, 7]",64
"[0.37, 1.19, 2.61, 3.43]",3,"[0, 0, 3, 7]",32
"[3.0, 1.61, 5.24, 3.85]",2,"[0, 0, 7, 7]",64
"[4.37, 3.06, 6.61, 5.3]",3,"[4, 0, 7, 7]",32
"[4.96, 7.26, 7.2, 9.5]",2,"[4, 4, 11, 11]",64
"[4.51, 3.86, 6.75, 6.1]",3,"[4, 0, 7, 7]",32
"[1.56, 11.88, 3.8, 14.12]",2,"[0, 8, 7, 15]",64
"[4.3, 11.41, 6.54, 13.65]",3,"[4, 8, 7, 15]",32
"[3.79, 2.03, 6.03, 4.27]",2,"[0, 0, 7, 7]",64
"[9.84, 0.45, 12.08, 2.69]",2,"[8, 0, 15, 7]",64
"[3.44, 8.52, 5.68, 10.76]",2,"[0, 8, 7, 15]",64
"[10.4, 5.1, 12.64, 7.34]",3,"[10, 4, 13, 11]",32
"[6.56, 8.99, 8.8, 11.23]",3,"[6, 8, 9, 15]",32
"[1.09, 2.15, 3.33, 4.39]",2,"[0, 0, 7, 7]",64
"[11.36, 7.19, 13.6, 9.43]",2,"[8, 4, 15, 11]",64
"[11.5, 6.94, 13.74, 9.18]",2,"[8, 4, 15, 11]",64
"[12.54, 10.44, 14.78, 12.68]",4,"[12, 10, 15, 13]",16
"[4.75, 7.42, 6.99, 9.66]",3,"[4, 4, 7, 11]",32
"[6.66, 3.03, 8.9, 5.27]",3,"[6, 0, 9, 7]",32
"[9.57, 9.34, 11.81, 11.58]",2,"[8, 8, 15, 15]",64
"[4.83, 8.96, 7.07, 11.2]",2,"[4, 8, 11, 15]",64
"[7.31, 5.32, 9.55, 7.56]",2,"[4, 4, 11, 11]",64
"[9.35, 4.15, 11.59, 6.39]",2,"[8, 0, 15, 7]",64
"[8.18, 6.94, 10.42, 9.18]",3,"[8, 4, 11, 11]",32
"[7.23, 12.34, 9.47, 14.58]",2,"[4, 8, 11, 15]",64
"[10.72, 12.72, 12.96, 14.96]",4,"[10, 12, 13, 15]",16
"[8.45, 9.19, 10.69, 11.43]",3,"[8, 8, 11, 15]",32
"[0.54, 11.05, 2.78, 13.29]",3,"[0, 8, 3, 15]",32
"[3.59, 1.41, 5.83, 3.65]",2,"[0, 0, 7, 7]",64
"[11.42, 8.5, 13.66, 10.74]",2,"[8, 8, 15, 15]",64
"[2.26, 8.06, 4.5, 10.3]",4,"[2, 8, 5, 11]",16
"[7.2, 5.93, 9.44, 8.17]",2,"[4, 4, 11, 11]",64
"[3.05, 9.39, 5.29, 11.63]",2,"[0, 8, 7, 15]",64
"[6.22, 5.27, 8.46, 7.51]",3,"[6, 4, 9, 11]",32
"[9.68, 12.44, 11.92, 14.68]",2,"[8, 8, 15, 15]",64
"[7.45, 9.19, 9.69, 11.43]",2,"[4, 8, 11, 15]",64
"[2.42, 12.02, 4.66, 14.26]",4,"[2, 12, 5, 15]",16
"[4.65, 8.2, 6.89, 10.44]",4,"[4, 8, 7, 11]",16
"[12.37, 2.09, 14.61, 4.33]",4,"[12, 2, 15, 5]",16
"[7.15, 0.34, 9.39, 2.58]",2,"[4, 0, 11, 7]",64
"[1.88, 5.14, 4.12, 7.38]",2,"[0, 4, 7, 11]",64
"[7.44, 11.98, 9.68, 14.22]",2,"[4, 8, 11, 15]",64
"[6.66, 9.58, 8.9, 11.82]",3,"[6, 8, 9, 15]",32
"[1.39, 6.48, 3.63, 8.72]",2,"[0, 4, 7, 11]",64
"[8.73, 8.9, 10.97, 11.14]",3,"[8, 8, 11, 15]",32
"[3.58, 0.81, 5.82, 3.05]",2,"[0, 0, 7, 7]",64
"[12.53, 3.63, 14.77, 5.87]",3,"[12, 0, 15, 7]",32
"[2.48, 0.71, 4.72, 2.95]",4,"[2, 0, 5, 3]",16
"[2.59, 10.24, 4.83, 12.48]",4,"[2, 10, 5, 13]",16
"[1.73, 1.42, 3.97, 3.66]",2,"[0, 0, 7, 7]",64
"[1.78, 2.92, 4.02, 5.16]",2,"[0, 0, 7, 7]",64
"[1.1, 11.04, 3.34, 13.28]",2,"[0, 8, 7, 15]",64
"[7.05, 8.88, 9.29, 11.12]",2,"[4, 8, 11, 15]",64
"[1.43, 8.04, 3.67, 10.28]",2,"[0, 8, 7, 15]",64
"[9.12, 12.41, 11.36, 14.65]",2,"[8, 8, 15, 15]",64
"[11.52, 6.11, 13.76, 8.35]",2,"[8, 4, 15, 11]",64
"[1.65, 8.97, 3.89, 11.21]",2,"[0, 8, 7, 15]",64
"[10.77, 6.95, 13.01, 9.19]",2,"[8, 4, 15, 11]",64
"[6.09, 9.4, 8.33, 11.64]",3,"[6, 8, 9, 15]",32
"[0.64, 3.93, 2.88, 6.17]",3,"[0, 0, 3, 7]",32
"[1.8, 9.06, 4.04, 11.3]",2,"[0, 8, 7, 15]",64
"[1.95, 2.43, 4.19, 4.67]",2,"[0, 0, 7, 7]",64
"[6.62, 11.55, 8.86, 13.79]",3,"[6, 8, 9, 15]",32
"[7.03, 10.78, 9.27, 13.02]",2,"[4, 8, 11, 15]",64
"[7.17, 10.76, 9.41, 13.0]",2,"[4, 8, 11, 15]",64
"[10.52, 5.57, 12.76, 7.81]",3,"[10, 4, 13, 11]",32
"[7.2, 8.48, 9.44, 10.72]",2,"[4, 8, 11, 15]",64
"[11.18, 1.2, 13.42, 3.44]",2,"[8, 0, 15, 7]",64
"[8.0, 7.65, 10.24, 9.89]",3,"[8, 4, 11, 11]",32
"[2.23, 5.62, 4.47, 7.86]",3,"[2, 4, 5, 11]",32
"[8.13, 0.57, 10.37, 2.81]",4,"[8, 0, 11, 3]",16
"[5.33, 11.94, 7.57, 14.18]",2,"[4, 8, 11, 15]",64
"[0.5, 10.6, 2.74, 12.84]",4,"[0, 10, 3, 13]",16
"[11.1, 8.73, 13.34, 10.97]",2,"[8, 8, 15, 15]",64
"[4.61, 12.57, 6.85, 14.81]",4,"[4, 12, 7, 15]",16
"[3.47, 1.06, 5.71, 3.3]",2,"[0, 0, 7, 7]",64
"[12.67, 0.74, 14.91, 2.98]",4,"[12, 0, 15, 3]",16
"[12.0, 8.94, 14.24, 11.18]",3,"[12, 8, 15, 15]",32
"[6.3, 9.4, 8.54, 11.64]",3,"[6, 8, 9, 15]",32
"[7.83, 7.84, 10.07, 10.08]",2,"[4, 4, 11, 11]",64
"[11.97, 0.53, 14.21, 2.77]",2,"[8, 0, 15, 7]",64
"[0.22, 11.86, 2.46, 14.1]",3,"[0, 8, 3, 15]",32
"[1.08, 6.43, 3.32, 8.67]",2,"[0, 4, 7, 11]",64
"[0.9, 3.97, 3.14, 6.21]",2,"[0, 0, 7, 7]",64
"[12.07, 4.54, 14.31, 6.78]",4,"[12, 4, 15, 7]",16
"[6.35, 9.4, 8.59, 11.64]",3,"[6, 8, 9, 15]",32
"[9.16, 2.33, 11.4, 4.57]",2,"[8, 0, 15, 7]",64
"[4.0, 1.29, 6.24, 3.53]",3,"[4, 0, 7, 7]",32
"[6.42, 1.71, 8.66, 3.95]",3,"[6, 0, 9, 7]",32
"[10.4, 8.53, 12.64, 10.77]",4,"[10, 8, 13, 11]",16
"[9.27, 8.76, 11.51, 11.0]",2,"[8, 8, 15, 15]",64
"[5.39, 3.1, 7.63, 5.34]",2,"[4, 0, 11, 7]",64
"[11.03, 10.16, 13.27, 12.4]",2,"[8, 8, 15, 15]",64
"[9.37, 0.35, 11.61, 2.59]",2,"[8, 0, 15, 7]",64
"[11.21, 0.37, 13.45, 2.61]",2,"[8, 0, 15, 7]",64
"[2.25, 7.24, 4.49, 9.48]",3,"[2, 4, 5, 11]",32
"[7.38, 9.92, 9.62, 12.16]",2,"[4, 8, 11, 15]",64
"[1.59, 5.53, 3.83, 7.77]",2,"[0, 4, 7, 11]",64
"[11.05, 1.35, 13.29, 3.59]",2,"[8, 0, 15, 7]",64
"[6.42, 5.14, 8.66, 7.38]",3,"[6, 4, 9, 11]",32
"[4.48, 3.86, 6.72, 6.1]",3,"[4, 0, 7, 7]",32
"[4.85, 7.07, 7.09, 9.31]",2,"[4, 4, 11, 11]",64
"[9.5, 7.15, 11.74, 9.39]",2,"[8, 4, 15, 11]",64
"[5.01, 0.73, 7.25, 2.97]",2,"[4, 0, 11, 7]",64
"[7.35, 7.53, 9.59, 9.77]",2,"[4, 4, 11, 11]",64
"[3.28, 12.27, 5.52, 14.51]",2,"[0, 8, 7, 15]",64
"[8.1, 2.23, 10.34, 4.47]",4,"[8, 2, 11, 5]",16
"[12.17, 3.01, 14.41, 5.25]",3,"[12, 0, 15, 7]",32
"[3.27, 8.3, 5.51, 10.54]",2,"[0, 8, 7, 15]",64
"[5.25, 2.98, 7.49, 5.22]",2,"[4, 0, 11, 7]",64
"[2.92, 10.91, 5.16, 13.15]",2,"[0, 8, 7, 15]",64
"[3.72, 1.04, 5.96, 3.28]",2,"[0, 0, 7, 7]",64
"[6.72, 11.25, 8.96, 13.49]",3,"[6, 8, 9, 15]",32
"[10.05, 6.45, 12.29, 8.69]",4,"[10, 6, 13, 9]",16
"[7.18, 3.24, 9.42, 5.48]",2,"[4, 0, 11, 7]",64
"[10.8, 8.01, 13.04, 10.25]",2,"[8, 8, 15, 15]",64
"[1.08, 10.58, 3.32, 12.82]",2,"[0, 8, 7, 15]",64
"[4.67, 12.08, 6.91, 14.32]",4,"[4, 12, 7, 15]",16
"[4.02, 9.61, 6.26, 11.85]",3,"[4, 8, 7, 15]",32
"[0.9, 3.67, 3.14, 5.91]",2,"[0, 0, 7, 7]",64
"[3.67, 12.45, 5.91, 14.69]",2,"[0, 8, 7, 15]",64
"[2.41, 4.48, 4.65, 6.72]",4,"[2, 4, 5, 7]",16
"[12.54, 9.83, 14.78, 12.07]",3,"[12, 8, 15, 15]",32
"[0.88, 1.19, 3.12, 3.43]",2,"[0, 0, 7, 7]",64
"[4.5, 12.59, 6.74, 14.83]",4,"[4, 12, 7, 15]",16
"[2.66, 0.37, 4.9, 2.61]",4,"[2, 0, 5, 3]",16
"[9.18, 9.91, 11.42, 12.15]",2,"[8, 8, 15, 15]",64
"[0.07, 1.22, 2.31, 3.46]",3,"[0, 0, 3, 7]",32
"[2.65, 9.25, 4.89, 11.49]",3,"[2, 8, 5, 15]",32
"[5.94, 6.75, 8.18, 8.99]",2,"[4, 4, 11, 11]",64
"[7.94, 12.36, 10.18, 14.6]",2,"[4, 8, 11, 15]",64
"[2.48, 5.51, 4.72, 7.75]",3,"[2, 4, 5, 11]",32
"[0.62, 12.69, 2.86, 14.93]",4,"[0, 12, 3, 15]",16
"[0.29, 8.32, 2.53, 10.56]",4,"[0, 8, 3, 11]",16
"[3.71, 2.18, 5.95, 4.42]",2,"[0, 0, 7, 7]",64
"[4.45, 0.75, 6.69, 2.99]",4,"[4, 0, 7, 3]",16
"[1.44, 1.65, 3.68, 3.89]",2,"[0, 0, 7, 7]",64
"[12.02, 4.55, 14.26, 6.79]",4,"[12, 4, 15, 7]",16
"[2.41, 3.93, 4.65, 6.17]",3,"[2, 0, 5, 7]",32
"[3.04, 9.75, 5.28, 11.99]",2,"[0, 8, 7, 15]",64
"[7.92, 12.62, 10.16, 14.86]",2,"[4, 8, 11, 15]",64
"[6.21, 0.71, 8.45, 2.95]",4,"[6, 0, 9, 3]",16
"[7.79, 10.86, 10.03, 13.1]",2,"[4, 8, 11, 15]",64
"[5.69, 10.31, 7.93, 12.55]",2,"[4, 8, 11, 15]",64
"[7.24, 7.5, 9.48, 9.74]",2,"[4, 4, 11, 11]",64
"[11.35, 2.47, 13.59, 4.71]",2,"[8, 0, 15, 7]",64
"[10.27, 8.78, 12.51, 11.02]",3,"[10, 8, 13, 15]",32
"[0.29, 1.2, 2.53, 3.44]",3,"[0, 0, 3, 7]",32
"[11.97, 1.86, 14.21, 4.1]",2,"[8, 0, 15, 7]",64
"[10.67, 2.1, 12.91, 4.34]",4,"[10, 2, 13, 5]",16
"[11.54, 7.56, 13.78, 9.8]",2,"[8, 4, 15, 11]",64
"[2.49, 9.76, 4.73, 12.0]",3,"[2, 8, 5, 15]",32
"[0.02, 8.3, 2.26, 10.54]",4,"[0, 8, 3, 11]",16
"[2.1, 11.03, 4.34, 13.27]",3,"[2, 8, 5, 15]",32
"[6.22, 2.43, 8.46, 4.67]",4,"[6, 2, 9, 5]",16
"[7.68, 8.38, 9.92, 10.62]",2,"[4, 8, 11, 15]",64
"[1.8, 5.54, 4.04, 7.78]",2,"[0, 4, 7, 11]",64
"[2.02, 0.72, 4.26, 2.96]",4,"[2, 0, 5, 3]",16
"[6.59, 8.32, 8.83, 10.56]",4,"[6, 8, 9, 11]",16
"[7.31, 2.38, 9.55, 4.62]",2,"[4, 0, 11, 7]",64
"[7.14, 9.43, 9.38, 11.67]",2,"[4, 8, 11, 15]",64
"[10.2, 1.17, 12.44, 3.41]",3,"[10, 0, 13, 7]",32
"[8.26, 7.59, 10.5, 9.83]",3,"[8, 4, 11, 11]",32
"[12.75, 12.08, 14.99, 14.32]",4,"[12, 12, 15, 15]",16
"[0.9, 0.34, 3.14, 2.58]",2,"[0, 0, 7, 7]",64
"[9.25, 1.59, 11.49, 3.83]",2,"[8, 0, 15, 7]",64
"[1.76, 8.14, 4.0, 10.38]",2,"[0, 8, 7, 15]",64
"[11.85, 8.15, 14.09, 10.39]",2,"[8, 8, 15, 15]",64
"[1.51, 2.35, 3.75, 4.59]",2,"[0, 0, 7, 7]",64
"[8.23, 7.79, 10.47, 10.03]",3,"[8, 4, 11, 11]",32
"[1.38, 3.0, 3.62, 5.24]",2,"[0, 0, 7, 7]",64
"[4.99, 7.03, 7.23, 9.27]",2,"[4, 4, 11, 11]",64
"[8.41, 6.62, 10.65, 8.86]",4,"[8, 6, 11, 9]",16
"[11.36, 5.96, 13.6, 8.2]",2,"[8, 4, 15, 11]",64
"[3.05, 8.98, 5.29, 11.22]",2,"[0, 8, 7, 15]",64
"[4.95, 5.88, 7.19, 8.12]",2,"[4, 4, 11, 11]",64
"[2.63, 5.33, 4.87, 7.57]",3,"[2, 4, 5, 11]",32
"[9.15, 8.78, 11.39, 11.02]",2,"[8, 8, 15, 15]",64
"[2.94, 2.03, 5.18, 4.27]",2,"[0, 0, 7, 7]",64
"[10.5, 7.0, 12.74, 9.24]",3,"[10, 4, 13, 11]",32
"[4.69, 10.74, 6.93, 12.98]",4,"[4, 10, 7, 13]",16
"[8.95, 4.17, 11.19, 6.41]",2,"[8, 0, 15, 7]",64
"[5.8, 3.11, 8.04, 5.35]",2,"[4, 0, 11, 7]",64
"[2.48, 0.18, 4.72, 2.42]",4,"[2, 0, 5, 3]",16
"[11.17, 2.66, 13.41, 4.9]",2,"[8, 0, 15, 7]",64
"[10.79, 7.68, 13.03, 9.92]",2,"[8, 4, 15, 11]",64
"[12.4, 7.9, 14.64, 10.14]",3,"[12, 4, 15, 11]",32
"[6.43, 3.74, 8.67, 5.98]",3,"[6, 0, 9, 7]",32
"[12.17, 6.16, 14.41, 8.4]",4,"[12, 6, 15, 9]",16
"[9.21, 9.31, 11.45, 11.55]",2,"[8, 8, 15, 15]",64
"[12.27, 0.58, 14.51, 2.82]",4,"[12, 0, 15, 3]",16
"[11.58, 1.06, 13.82, 3.3]",2,"[8, 0, 15, 7]",64
"[11.2, 5.01, 13.44, 7.25]",2,"[8, 4, 15, 11]",64
"[5.18, 8.47, 7.42, 10.71]",2,"[4, 8, 11, 15]",64
"[0.71, 10.9, 2.95, 13.14]",3,"[0, 8, 3, 15]",32
"[12.75, 1.93, 14.99, 4.17]",3,"[12, 0, 15, 7]",32
"[8.17, 10.38, 10.41, 12.62]",4,"[8, 10, 11, 13]",16
"[5.38, 2.84, 7.62, 5.08]",2,"[4, 0, 11, 7]",64
"[7.36, 2.72, 9.6, 4.96]",2,"[4, 0, 11, 7]",64
"[12.42, 8.14, 14.66, 10.38]",4,"[12, 8, 15, 11]",16
"[7.62, 0.08, 9.86, 2.32]",2,"[4, 0, 11, 7]",64
"[8.66, 10.52, 10.9, 12.76]",4,"[8, 10, 11, 13]",16
"[10.63, 9.61, 12.87, 11.85]",3,"[10, 8, 13, 15]",32
"[9.04, 7.51, 11.28, 9.75]",2,"[8, 4, 15, 11]",64
"[12.65, 3.18, 14.89, 5.42]",3,"[12, 0, 15, 7]",32
"[11.96, 12.02, 14.2, 14.26]",2,"[8, 8, 15, 15]",64
"[9.43, 6.46, 11.67, 8.7]",2,"[8, 4, 15, 11]",64
"[6.84, 1.97, 9.08, 4.21]",2,"[4, 0, 11, 7]",64
"[8.89, 5.75, 11.13, 7.99]",2,"[8, 4, 15, 11]",64
"[11.28, 6.32, 13.52, 8.56]",2,"[8, 4, 15, 11]",64
"[1.49, 9.85, 3.73, 12.09]",2,"[0, 8, 7, 15]",64
"[6.0, 12.2, 8.24, 14.44]",4,"[6, 12, 9, 15]",16
"[3.69, 3.94, 5.93, 6.18]",2,"[0, 0, 7, 7]",64
"[7.05, 3.44, 9.29, 5.68]",2,"[4, 0, 11, 7]",64
"[4.89, 11.3, 7.13, 13.54]",2,"[4, 8, 11, 15]",64
"[8.44, 6.78, 10.68, 9.02]",3,"[8, 4, 11, 11]",32
"[9.88, 4.68, 12.12, 6.92]",2,"[8, 0, 15, 7]",64
"[5.59, 8.37, 7.83, 10.61]",2,"[4, 8, 11, 15]",64
"[12.7, 0.52, 14.94, 2.76]",4,"[12, 0, 15, 3]",16
"[3.68, 8.57, 5.92, 10.81]",2,"[0, 8, 7, 15]",64
"[5.86, 2.34, 8.1, 4.58]",2,"[4, 0, 11, 7]",64
"[3.14, 11.5, 5.38, 13.74]",2,"[0, 8, 7, 15]",64
"[7.22, 2.42, 9.46, 4.66]",2,"[4, 0, 11, 7]",64
"[8.73, 10.22, 10.97, 12.46]",4,"[8, 10, 11, 13]",16
"[6.43, 11.5, 8.67, 13.74]",3,"[6, 8, 9, 15]",32
"[8.16, 2.72, 10.4, 4.96]",4,"[8, 2, 11, 5]",16
"[1.21, 5.48, 3.45, 7.72]",2,"[0, 4, 7, 11]",64
"[8.07, 6.21, 10.31, 8.45]",4,"[8, 6, 11, 9]",16
"[3.75, 5.94, 5.99, 8.18]",2,"[0, 4, 7, 11]",64
"[2.02, 2.21, 4.26, 4.45]",4,"[2, 2, 5, 5]",16
"[1.72, 1.18, 3.96, 3.42]",2,"[0, 0, 7, 7]",64
"[8.85, 10.14, 11.09, 12.38]",2,"[8, 8, 15, 15]",64
"[6.14, 8.83, 8.38, 11.07]",3,"[6, 8, 9, 15]",32
"[2.72, 7.38, 4.96, 9.62]",3,"[2, 4, 5, 11]",32
"[1.85, 8.87, 4.09, 11.11]",2,"[0, 8, 7, 15]",64
"[12.65, 1.85, 14.89, 4.09]",3,"[12, 0, 15, 7]",32
"[9.35, 2.13, 11.59, 4.37]",2,"[8, 0, 15, 7]",64
"[11.08, 10.59, 13.32, 12.83]",2,"[8, 8, 15, 15]",64
"[1.51, 8.42, 3.75, 10.66]",2,"[0, 8, 7, 15]",64
"[7.33, 6.34, 9.57, 8.58]",2,"[4, 4, 11, 11]",64
"[5.31, 12.42, 7.55, 14.66]",2,"[4, 8, 11, 15]",64
"[9.77, 3.0, 12.01, 5.24]",2,"[8, 0, 15, 7]",64
"[10.25, 10.06, 12.49, 12.3]",4,"[10, 10, 13, 13]",16
"[12.31, 2.91, 14.55, 5.15]",3,"[12, 0, 15, 7]",32
"[3.44, 2.47, 5.68, 4.71]",2,"[0, 0, 7, 7]",64
"[12.37, 2.82, 14.61, 5.06]",3,"[12, 0, 15, 7]",32
"[5.52, 0.64, 7.76, 2.88]",2,"[4, 0, 11, 7]",64
"[5.27, 2.51, 7.51, 4.75]",2,"[4, 0, 11, 7]",64
"[4.71, 4.12, 6.95, 6.36]",4,"[4, 4, 7, 7]",16
"[9.5, 12.44, 11.74, 14.68]",2,"[8, 8, 15, 15]",64
"[10.2, 8.31, 12.44, 10.55]",4,"[10, 8, 13, 11]",16
"[4.73, 3.29, 6.97, 5.53]",3,"[4, 0, 7, 7]",32
"[9.36, 9.57, 11.6, 11.81]",2,"[8, 8, 15, 15]",64
"[4.91, 3.41, 7.15, 5.65]",2,"[4, 0, 11, 7]",64
"[10.35, 3.26, 12.59, 5.5]",3,"[10, 0, 13, 7]",32
"[4.36, 4.22, 6.6, 6.46]",4,"[4, 4, 7, 7]",16
"[9.99, 9.88, 12.23, 12.12]",2,"[8, 8, 15, 15]",64
"[10.12, 1.14, 12.36, 3.38]",3,"[10, 0, 13, 7]",32
"[1.56, 12.13, 3.8, 14.37]",2,"[0, 8, 7, 15]",64
"[9.08, 5.01, 11.32, 7.25]",2,"[8, 4, 15, 11]",64
"[2.77, 6.39, 5.01, 8.63]",2,"[0, 4, 7, 11]",64
"[12.48, 12.66, 14.72, 14.9]",4,"[12, 12, 15, 15]",16
"[1.83, 9.93, 4.07, 12.17]",2,"[0, 8, 7, 15]",64
"[6.48, 2.17, 8.72, 4.41]",4,"[6, 2, 9, 5]",16
"[11.17, 5.21, 13.41, 7.45]",2,"[8, 4, 15, 11]",64
"[8.13, 1.65, 10.37, 3.89]",3,"[8, 0, 11, 7]",32
"[3.74, 6.96, 5.98, 9.2]",2,"[0, 4, 7, 11]",64
"[5.2, 1.56, 7.44, 3.8]",2,"[4, 0, 11, 7]",64
"[4.53, 1.73, 6.77, 3.97]",3,"[4, 0, 7, 7]",32
"[5.57, 6.86, 7.81, 9.1]",2,"[4, 4, 11, 11]",64
"[5.32, 2.58, 7.56, 4.82]",2,"[4, 0, 11, 7]",64
"[11.17, 3.33, 13.41, 5.57]",2,"[8, 0, 15, 7]",64
"[12.25, 8.37, 14.49, 10.61]",4,"[12, 8, 15, 11]",16
"[8.77, 4.88, 11.01, 7.12]",2,"[8, 4, 15, 11]",64
"[7.64, 10.34, 9.88, 12.58]",2,"[4, 8, 11, 15]",64
"[4.44, 0.36, 6.68, 2.6]",4,"[4, 0, 7, 3]",16
"[9.56, 11.1, 11.8, 13.34]",2,"[8, 8, 15, 15]",64
"[11.11, 5.13, 13.35, 7.37]",2,"[8, 4, 15, 11]",64
"[5.76, 6.95, 8.0, 9.19]",2,"[4, 4, 11, 11]",64
"[11.95, 12.16, 14.19, 14.4]",2,"[8, 8, 15, 15]",64
"[10.21, 1.78, 12.45, 4.02]",3,"[10, 0, 13, 7]",32
"[10.09, 8.0, 12.33, 10.24]",4,"[10, 8, 13, 11]",16
"[7.24, 3.8, 9.48, 6.04]",2,"[4, 0, 11, 7]",64
"[4.12, 11.3, 6.36, 13.54]",3,"[4, 8, 7, 15]",32
"[10.79, 11.96, 13.03, 14.2]",2,"[8, 8, 15, 15]",64
"[8.54, 5.72, 10.78, 7.96]",3,"[8, 4, 11, 11]",32
"[8.27, 1.91, 10.51, 4.15]",3,"[8, 0, 11, 7]",32
"[5.28, 5.41, 7.52, 7.65]",2,"[4, 4, 11, 11]",64
"[4.23, 3.86, 6.47, 6.1]",3,"[4, 0, 7, 7]",32
"[12.37, 3.17, 14.61, 5.41]",3,"[12, 0, 15, 7]",32
"[3.62, 6.27, 5.86, 8.51]",2,"[0, 4, 7, 11]",64
"[7.37, 1.1, 9.61, 3.34]",2,"[4, 0, 11, 7]",64
"[9.41, 10.31, 11.65, 12.55]",2,"[8, 8, 15, 15]",64
"[5.1, 0.35, 7.34, 2.59]",2,"[4, 0, 11, 7]",64
"[2.23, 10.62, 4.47, 12.86]",4,"[2, 10, 5, 13]",16
"[4.74, 5.8, 6.98, 8.04]",3,"[4, 4, 7, 11]",32
"[9.31, 9.92, 11.55, 12.16]",2,"[8, 8, 15, 15]",64
"[2.3, 7.85, 4.54, 10.09]",3,"[2, 4, 5, 11]",32
"[10.17, 12.54, 12.41, 14.78]",4,"[10, 12, 13, 15]",16
"[2.69, 1.83, 4.93, 4.07]",3,"[2, 0, 5, 7]",32
"[2.21, 5.88, 4.45, 8.12]",3,"[2, 4, 5, 11]",32
"[11.87, 8.43, 14.11, 10.67]",2,"[8, 8, 15, 15]",64
"[7.74, 9.95, 9.98, 12.19]",2,"[4, 8, 11, 15]",64
"[0.36, 11.3, 2.6, 13.54]",3,"[0, 8, 3, 15]",32
"[3.99, 7.97, 6.23, 10.21]",2,"[0, 4, 7, 11]",64
"[10.07, 8.14, 12.31, 10.38]",4,"[10, 8, 13, 11]",16
"[0.93, 8.64, 3.17, 10.88]",2,"[0, 8, 7, 15]",64
"[6.88, 2.12, 9.12, 4.36]",2,"[4, 0, 11, 7]",64
"[12.66, 3.16, 14.9, 5.4]",3,"[12, 0, 15, 7]",32
"[5.92, 2.32, 8.16, 4.56]",2,"[4, 0, 11, 7]",64
"[10.91, 1.21, 13.15, 3.45]",2,"[8, 0, 15, 7]",64
"[6.61, 2.06, 8.85, 4.3]",4,"[6, 2, 9, 5]",16
"[4.3, 2.41, 6.54, 4.65]",4,"[4, 2, 7, 5]",16
"[12.67, 0.53, 14.91, 2.77]",4,"[12, 0, 15, 3]",16
"[1.47, 10.53, 3.71, 12.77]",2,"[0, 8, 7, 15]",64
"[2.37, 11.91, 4.61, 14.15]",3,"[2, 8, 5, 15]",32
"[3.67, 12.12, 5.91, 14.36]",2,"[0, 8, 7, 15]",64
"[6.86, 8.04, 9.1, 10.28]",2,"[4, 8, 11, 15]",64
"[1.86, 9.28, 4.1, 11.52]",2,"[0, 8, 7, 15]",64
"[2.77, 1.27, 5.01, 3.51]",2,"[0, 0, 7, 7]",64
"[4.76, 0.04, 7.0, 2.28]",4,"[4, 0, 7, 3]",16
"[3.05, 12.01, 5.29, 14.25]",2,"[0, 8, 7, 15]",64
"[8.15, 0.9, 10.39, 3.14]",3,"[8, 0, 11, 7]",32
"[5.86, 4.38, 8.1, 6.62]",2,"[4, 0, 11, 7]",64
"[1.81, 6.06, 4.05, 8.3]",2,"[0, 4, 7, 11]",64
"[7.18, 4.18, 9.42, 6.42]",2,"[4, 0, 11, 7]",64
"[5.95, 12.11, 8.19, 14.35]",2,"[4, 8, 11, 15]",64
"[5.22, 10.3, 7.46, 12.54]",2,"[4, 8, 11, 15]",64
"[11.59, 6.86, 13.83, 9.1]",2,"[8, 4, 15, 11]",64
"[7.51, 2.79, 9.75, 5.03]",2,"[4, 0, 11, 7]",64
"[2.49, 0.76, 4.73, 3.0]",4,"[2, 0, 5, 3]",16
"[4.4, 3.54, 6.64, 5.78]",3,"[4, 0, 7, 7]",32
"[4.91, 9.56, 7.15, 11.8]",2,"[4, 8, 11, 15]",64
"[8.04, 4.66, 10.28, 6.9]",4,"[8, 4, 11, 7]",16
"[3.46, 5.52, 5.7, 7.76]",2,"[0, 4, 7, 11]",64
"[12.22, 5.53, 14.46, 7.77]",3,"[12, 4, 15, 11]",32
"[5.29, 9.88, 7.53, 12.12]",2,"[4, 8, 11, 15]",64
"[9.44, 6.47, 11.68, 8.71]",2,"[8, 4, 15, 11]",64
"[8.05, 3.12, 10.29, 5.36]",3,"[8, 0, 11, 7]",32
"[9.7, 8.86, 11.94, 11.1]",2,"[8, 8, 15, 15]",64
"[6.5, 8.17, 8.74, 10.41]",4,"[6, 8, 9, 11]",16
"[0.83, 6.41, 3.07, 8.65]",2,"[0, 4, 7, 11]",64
"[1.89, 12.19, 4.13, 14.43]",2,"[0, 8, 7, 15]",64
"[3.22, 5.48, 5.46, 7.72]",2,"[0, 4, 7, 11]",64
"[6.3, 1.58, 8.54, 3.82]",3,"[6, 0, 9, 7]",32
"[2.88, 7.08, 5.12, 9.32]",2,"[0, 4, 7, 11]",64
"[2.48, 6.45, 4.72, 8.69]",4,"[2, 6, 5, 9]",16
"[2.91, 3.97, 5.15, 6.21]",2,"[0, 0, 7, 7]",64
"[6.23, 2.8, 8.47, 5.04]",3,"[6, 0, 9, 7]",32
"[1.75, 7.13, 3.99, 9.37]",2,"[0, 4, 7, 11]",64
"[0.56, 4.89, 2.8, 7.13]",3,"[0, 4, 3, 11]",32
"[8.27, 8.96, 10.51, 11.2]",3,"[8, 8, 11, 15]",32
"[12.63, 11.28, 14.87, 13.52]",3,"[12, 8, 15, 15]",32
"[3.08, 11.92, 5.32, 14.16]",2,"[0, 8, 7, 15]",64
"[6.73, 5.97, 8.97, 8.21]",3,"[6, 4, 9, 11]",32
"[4.59, 5.28, 6.83, 7.52]",3,"[4, 4, 7, 11]",32
"[5.99, 7.45, 8.23, 9.69]",2,"[4, 4, 11, 11]",64
"[8.39, 5.34, 10.63, 7.58]",3,"[8, 4, 11, 11]",32
"[0.2, 0.42, 2.44, 2.66]",4,"[0, 0, 3, 3]",16
"[5.93, 2.6, 8.17, 4.84]",2,"[4, 0, 11, 7]",64
"[10.53, 12.68, 12.77, 14.92]",4,"[10, 12, 13, 15]",16
"[10.42, 4.0, 12.66, 6.24]",4,"[10, 4, 13, 7]",16
"[2.32, 0.41, 4.56, 2.65]",4,"[2, 0, 5, 3]",16
"[12.51, 5.94, 14.75, 8.18]",3,"[12, 4, 15, 11]",32
"[2.01, 10.12, 4.25, 12.36]",4,"[2, 10, 5, 13]",16
"[11.7, 10.58, 13.94, 12.82]",2,"[8, 8, 15, 15]",64
"[4.15, 10.56, 6.39, 12.8]",4,"[4, 10, 7, 13]",16
"[8.4, 0.63, 10.64, 2.87]",4,"[8, 0, 11, 3]",16
"[5.83, 6.64, 8.07, 8.88]",2,"[4, 4, 11, 11]",64
"[0.65, 1.58, 2.89, 3.82]",3,"[0, 0, 3, 7]",32
"[0.98, 0.58, 3.22, 2.82]",2,"[0, 0, 7, 7]",64
"[5.37, 10.77, 7.61, 13.01]",2,"[4, 8, 11, 15]",64
"[0.19, 6.25, 2.43, 8.49]",4,"[0, 6, 3, 9]",16
"[2.69, 11.2, 4.93, 13.44]",3,"[2, 8, 5, 15]",32
"[10.44, 1.84, 12.68, 4.08]",3,"[10, 0, 13, 7]",32
"[5.51, 2.07, 7.75, 4.31]",2,"[4, 0, 11, 7]",64
"[5.6, 0.02, 7.84, 2.26]",2,"[4, 0, 11, 7]",64
"[12.45, 1.56, 14.69, 3.8]",3,"[12, 0, 15, 7]",32
"[11.09, 2.65, 13.33, 4.89]",2,"[8, 0, 15, 7]",64
"[0.59, 8.17, 2.83, 10.41]",4,"[0, 8, 3, 11]",16
"[8.22, 3.05, 10.46, 5.29]",3,"[8, 0, 11, 7]",32
"[7.02, 1.18, 9.26, 3.42]",2,"[4, 0, 11, 7]",64
"[5.68, 0.84, 7.92, 3.08]",2,"[4, 0, 11, 7]",64
"[10.58, 6.53, 12.82, 8.77]",4,"[10, 6, 13, 9]",16
"[7.07, 11.95, 9.31, 14.19]",2,"[4, 8, 11, 15]",64
"[8.91, 5.71, 11.15, 7.95]",2,"[8, 4, 15, 11]",64
"[9.55, 1.51, 11.79, 3.75]",2,"[8, 0, 15, 7]",64
"[11.04, 10.86, 13.28, 13.1]",2,"[8, 8, 15, 15]",64
"[12.69, 2.27, 14.93, 4.51]",4,"[12, 2, 15, 5]",16
"[9.31, 0.92, 11.55, 3.16]",2,"[8, 0, 15, 7]",64
"[12.67, 0.29, 14.91, 2.53]",4,"[12, 0, 15, 3]",16
"[10.18, 8.73, 12.42, 10.97]",4,"[10, 8, 13, 11]",16
"[7.44, 0.66, 9.68, 2.9]",2,"[4, 0, 11, 7]",64
"[8.84, 10.17, 11.08, 12.41]",2,"[8, 8, 15, 15]",64
"[4.33, 10.88, 6.57, 13.12]",3,"[4, 8, 7, 15]",32
"[0.72, 6.33, 2.96, 8.57]",4,"[0, 6, 3, 9]",16
"[6.88, 8.81, 9.12, 11.05]",2,"[4, 8, 11, 15]",64
"[2.39, 5.97, 4.63, 8.21]",3,"[2, 4, 5, 11]",32
"[4.61, 11.94, 6.85, 14.18]",3,"[4, 8, 7, 15]",32
"[7.56, 0.07, 9.8, 2.31]",2,"[4, 0, 11, 7]",64
"[2.54, 11.88, 4.78, 14.12]",3,"[2, 8, 5, 15]",32
"[12.56, 4.71, 14.8, 6.95]",4,"[12, 4, 15, 7]",16
"[10.69, 4.77, 12.93, 7.01]",3,"[10, 4, 13, 11]",32
"[11.34, 7.93, 13.58, 10.17]",2,"[8, 4, 15, 11]",64
"[11.4, 10.68, 13.64, 12.92]",2,"[8, 8, 15, 15]",64
"[0.42, 1.1, 2.66, 3.34]",3,"[0, 0, 3, 7]",32
"[3.14, 2.46, 5.38, 4.7]",2,"[0, 0, 7, 7]",64
"[5.98, 4.04, 8.22, 6.28]",2,"[4, 0, 11, 7]",64
"[11.84, 5.38, 14.08, 7.62]",2,"[8, 4, 15, 11]",64
"[5.19, 12.28, 7.43, 14.52]",2,"[4, 8, 11, 15]",64
"[8.73, 6.31, 10.97, 8.55]",4,"[8, 6, 11, 9]",16
"[1.64, 7.14, 3.88, 9.38]",2,"[0, 4, 7, 11]",64
"[0.58, 6.37, 2.82, 8.61]",4,"[0, 6, 3, 9]",16
"[12.24, 7.47, 14.48, 9.71]",3,"[12, 4, 15, 11]",32
"[12.62, 6.25, 14.86, 8.49]",4,"[12, 6, 15, 9]",16
"[6.57, 11.23, 8.81, 13.47]",3,"[6, 8, 9, 15]",32
"[2.06, 0.74, 4.3, 2.98]",4,"[2, 0, 5, 3]",16
"[3.12, 5.36, 5.36, 7.6]",2,"[0, 4, 7, 11]",64
"[3.23, 3.62, 5.47, 5.86]",2,"[0, 0, 7, 7]",64
"[0.41, 7.17, 2.65, 9.41]",3,"[0, 4, 3, 11]",32
"[5.55, 3.06, 7.79, 5.3]",2,"[4, 0, 11, 7]",64
"[11.04, 11.55, 13.28, 13.79]",2,"[8, 8, 15, 15]",64
"[9.03, 6.84, 11.27, 9.08]",2,"[8, 4, 15, 11]",64
"[0.58, 9.52, 2.82, 11.76]",3,"[0, 8, 3, 15]",32
"[8.76, 2.28, 11.0, 4.52]",4,"[8, 2, 11, 5]",16
"[10.13, 0.97, 12.37, 3.21]",3,"[10, 0, 13, 7]",32
"[12.16, 4.54, 14.4, 6.78]",4,"[12, 4, 15, 7]",16
"[11.98, 1.99, 14.22, 4.23]",2,"[8, 0, 15, 7]",64
"[0.72, 3.06, 2.96, 5.3]",3,"[0, 0, 3, 7]",32
"[4.73, 3.02, 6.97, 5.26]",3,"[4, 0, 7, 7]",32
"[2.07, 9.96, 4.31, 12.2]",3,"[2, 8, 5, 15]",32
"[4.64, 8.27, 6.88, 10.51]",4,"[4, 8, 7, 11]",16
"[6.33, 10.59, 8.57, 12.83]",4,"[6, 10, 9, 13]",16
"[11.4, 10.56, 13.64, 12.8]",2,"[8, 8, 15, 15]",64
"[10.93, 9.98, 13.17, 12.22]",2,"[8, 8, 15, 15]",64
"[5.81, 6.35, 8.05, 8.59]",2,"[4, 4, 11, 11]",64
"[1.08, 11.19, 3.32, 13.43]",2,"[0, 8, 7, 15]",64
"[12.2, 3.52, 14.44, 5.76]",3,"[12, 0, 15, 7]",32
"[2.5, 8.75, 4.74, 10.99]",4,"[2, 8, 5, 11]",16
"[9.94, 4.82, 12.18, 7.06]",2,"[8, 4, 15, 11]",64
"[8.35, 7.1, 10.59, 9.34]",3,"[8, 4, 11, 11]",32
"[6.34, 10.1, 8.58, 12.34]",4,"[6, 10, 9, 13]",16
"[1.15, 8.67, 3.39, 10.91]",2,"[0, 8, 7, 15]",64
"[12.75, 6.96, 14.99, 9.2]",3,"[12, 4, 15, 11]",32
"[10.77, 10.84, 13.01, 13.08]",2,"[8, 8, 15, 15]",64
"[8.42, 0.77, 10.66, 3.01]",3,"[8, 0, 11, 7]",32
"[3.95, 11.94, 6.19, 14.18]",2,"[0, 8, 7, 15]",64
"[6.92, 8.88, 9.16, 11.12]",2,"[4, 8, 11, 15]",64
"[11.99, 2.2, 14.23, 4.44]",2,"[8, 0, 15, 7]",64
"[8.71, 10.61, 10.95, 12.85]",4,"[8, 10, 11, 13]",16
"[5.38, 6.57, 7.62, 8.81]",2,"[4, 4, 11, 11]",64
"[7.52, 3.18, 9.76, 5.42]",2,"[4, 0, 11, 7]",64
"[5.67, 1.27, 7.91, 3.51]",2,"[4, 0, 11, 7]",64
"[3.18, 2.59, 5.42, 4.83]",2,"[0, 0, 7, 7]",64
"[6.76, 6.41, 9.0, 8.65]",4,"[6, 6, 9, 9]",16
"[3.68, 1.73, 5.92, 3.97]",2,"[0, 0, 7, 7]",64
"[7.8, 12.03, 10.04, 14.27]",2,"[4, 8, 11, 15]",64
"[8.4, 5.56, 10.64, 7.8]",3,"[8, 4, 11, 11]",32
"[6.4, 5.79, 8.64, 8.03]",3,"[6, 4, 9, 11]",32
"[10.48, 2.08, 12.72, 4.32]",4,"[10, 2, 13, 5]",16
"[1.43, 5.27, 3.67, 7.51]",2,"[0, 4, 7, 11]",64
"[6.32, 10.35, 8.56, 12.59]",4,"[6, 10, 9, 13]",16
"[3.96, 3.97, 6.2, 6.21]",2,"[0, 0, 7, 7]",64
"[5.23, 11.41, 7.47, 13.65]",2,"[4, 8, 11, 15]",64
"[8.94, 5.24, 11.18, 7.48]",2,"[8, 4, 15, 11]",64
"[7.69, 4.06, 9.93, 6.3]",2,"[4, 0, 11, 7]",64
"[4.92, 0.24, 7.16, 2.48]",2,"[4, 0, 11, 7]",64
"[1.04, 12.13, 3.28, 14.37]",2,"[0, 8, 7, 15]",64
"[1.65, 4.49, 3.89, 6.73]",2,"[0, 0, 7, 7]",64
"[12.03, 0.94, 14.27, 3.18]",3,"[12, 0, 15, 7]",32
"[10.87, 8.58, 13.11, 10.82]",2,"[8, 8, 15, 15]",64
"[12.17, 4.19, 14.41, 6.43]",4,"[12, 4, 15, 7]",16
"[10.07, 7.14, 12.31, 9.38]",3,"[10, 4, 13, 11]",32
"[9.97, 3.32, 12.21, 5.56]",2,"[8, 0, 15, 7]",64
"[8.87, 9.89, 11.11, 12.13]",2,"[8, 8, 15, 15]",64
"[5.64, 9.06, 7.88, 11.3]",2,"[4, 8, 11, 15]",64
"[5.15, 1.94, 7.39, 4.18]",2,"[4, 0, 11, 7]",64
"[3.98, 2.58, 6.22, 4.82]",2,"[0, 0, 7, 7]",64
"[9.25, 2.58, 11.49, 4.82]",2,"[8, 0, 15, 7]",64
"[5.53, 7.91, 7.77, 10.15]",2,"[4, 4, 11, 11]",64
"[5.43, 6.41, 7.67, 8.65]",2,"[4, 4, 11, 11]",64
"[6.62, 5.05, 8.86, 7.29]",3,"[6, 4, 9, 11]",32
"[9.27, 4.8, 11.51, 7.04]",2,"[8, 4, 15, 11]",64
"[1.05, 1.31, 3.29, 3.55]",2,"[0, 0, 7, 7]",64
"[6.24, 5.02, 8.48, 7.26]",3,"[6, 4, 9, 11]",32
"[4.49, 4.55, 6.73, 6.79]",4,"[4, 4, 7, 7]",16
"[4.63, 1.17, 6.87, 3.41]",3,"[4, 0, 7, 7]",32
"[5.71, 3.92, 7.95, 6.16]",2,"[4, 0, 11, 7]",64
"[2.18, 2.41, 4.42, 4.65]",4,"[2, 2, 5, 5]",16
"[12.13, 6.98, 14.37, 9.22]",3,"[12, 4, 15, 11]",32
"[3.95, 11.94, 6.19, 14.18]",2,"[0, 8, 7, 15]",64
"[5.44, 6.17, 7.68, 8.41]",2,"[4, 4, 11, 11]",64
"[4.93, 12.19, 7.17, 14.43]",2,"[4, 8, 11, 15]",64
"[1.25, 12.73, 3.49, 14.97]",2,"[0, 8, 7, 15]",64
"[12.75, 6.72, 14.99, 8.96]",4,"[12, 6, 15, 9]",16
"[4.59, 5.28, 6.83, 7.52]",3,"[4, 4, 7, 11]",32
"[5.4, 1.24, 7.64, 3.48]",2,"[4, 0, 11, 7]",64
"[11.61, 10.34, 13.85, 12.58]",2,"[8, 8, 15, 15]",64
"[0.03, 11.72, 2.27, 13.96]",3,"[0, 8, 3, 15]",32
"[2.31, 5.53, 4.55, 7.77]",3,"[2, 4, 5, 11]",32
"[9.57, 2.04, 11.81, 4.28]",2,"[8, 0, 15, 7]",64
"[11.91, 10.72, 14.15, 12.96]",2,"[8, 8, 15, 15]",64
"[8.96, 5.97, 11.2, 8.21]",2,"[8, 4, 15, 11]",64
"[3.04, 8.2, 5.28, 10.44]",2,"[0, 8, 7, 15]",64
"[12.1, 8.47, 14.34, 10.71]",4,"[12, 8, 15, 11]",16
"[10.09, 4.02, 12.33, 6.26]",4,"[10, 4, 13, 7]",16
"[5.52, 5.05, 7.76, 7.29]",2,"[4, 4, 11, 11]",64
"[10.55, 5.39, 12.79, 7.63]",3,"[10, 4, 13, 11]",32
"[0.2, 11.11, 2.44, 13.35]",3,"[0, 8, 3, 15]",32
"[7.89, 2.08, 10.13, 4.32]",2,"[4, 0, 11, 7]",64
"[12.61, 11.83, 14.85, 14.07]",3,"[12, 8, 15, 15]",32
"[8.52, 3.64, 10.76, 5.88]",3,"[8, 0, 11, 7]",32
"[1.18, 9.32, 3.42, 11.56]",2,"[0, 8, 7, 15]",64
"[1.58, 4.06, 3.82, 6.3]",2,"[0, 0, 7, 7]",64
"[4.55, 9.72, 6.79, 11.96]",3,"[4, 8, 7, 15]",32
"[1.88, 4.25, 4.12, 6.49]",2,"[0, 0, 7, 7]",64
"[11.77, 9.84, 14.01, 12.08]",2,"[8, 8, 15, 15]",64
"[3.19, 9.11, 5.43, 11.35]",2,"[0, 8, 7, 15]",64
"[1.04, 12.62, 3.28, 14.86]",2,"[0, 8, 7, 15]",64
"[7.47, 1.29, 9.71, 3.53]",2,"[4, 0, 11, 7]",64
"[11.36, 8.35, 13.6, 10.59]",2,"[8, 8, 15, 15]",64
"[3.67, 11.53, 5.91, 13.77]",2,"[0, 8, 7, 15]",64
"[0.55, 6.75, 2.79, 8.99]",4,"[0, 6, 3, 9]",16
"[0.89, 10.31, 3.13, 12.55]",2,"[0, 8, 7, 15]",64
"[8.29, 7.77, 10.53, 10.01]",3,"[8, 4, 11, 11]",32
"[7.3, 6.46, 9.54, 8.7]",2,"[4, 4, 11, 11]",64
"[4.35, 6.85, 6.59, 9.09]",3,"[4, 4, 7, 11]",32
"[7.72, 0.1, 9.96, 2.34]",2,"[4, 0, 11, 7]",64
"[2.58, 4.59, 4.82, 6.83]",4,"[2, 4, 5, 7]",16
"[1.29, 7.36, 3.53, 9.6]",2,"[0, 4, 7, 11]",64
"[8.53, 5.25, 10.77, 7.49]",3,"[8, 4, 11, 11]",32
"[12.69, 1.62, 14.93, 3.86]",3,"[12, 0, 15, 7]",32
"[4.56, 4.46, 6.8, 6.7]",4,"[4, 4, 7, 7]",16
"[7.16, 0.97, 9.4, 3.21]",2,"[4, 0, 11, 7]",64
"[2.86, 5.99, 5.1, 8.23]",2,"[0, 4, 7, 11]",64
"[2.17, 7.48, 4.41, 9.72]",3,"[2, 4, 5, 11]",32
"[9.58, 3.15, 11.82, 5.39]",2,"[8, 0, 15, 7]",64
"[12.6, 0.59, 14.84, 2.83]",4,"[12, 0, 15, 3]",16
"[6.7, 6.23, 8.94, 8.47]",4,"[6, 6, 9, 9]",16
"[2.82, 12.23, 5.06, 14.47]",2,"[0, 8, 7, 15]",64
"[9.32, 4.28, 11.56, 6.52]",2,"[8, 0, 15, 7]",64
"[9.36, 3.1, 11.6, 5.34]",2,"[8, 0, 15, 7]",64
"[5.86, 4.78, 8.1, 7.02]",2,"[4, 4, 11, 11]",64
"[5.71, 0.28, 7.95, 2.52]",2,"[4, 0, 11, 7]",64
"[3.15, 9.44, 5.39, 11.68]",2,"[0, 8, 7, 15]",64
"[0.06, 5.42, 2.3, 7.66]",3,"[0, 4, 3, 11]",32
"[1.91, 5.84, 4.15, 8.08]",2,"[0, 4, 7, 11]",64
"[12.33, 9.3, 14.57, 11.54]",3,"[12, 8, 15, 15]",32
"[2.92, 2.59, 5.16, 4.83]",2,"[0, 0, 7, 7]",64
"[4.23, 10.85, 6.47, 13.09]",3,"[4, 8, 7, 15]",32
"[0.27, 11.51, 2.51, 13.75]",3,"[0, 8, 3, 15]",32
"[9.86, 1.37, 12.1, 3.61]",2,"[8, 0, 15, 7]",64
"[7.96, 10.79, 10.2, 13.03]",2,"[4, 8, 11, 15]",64
"[3.28, 10.36, 5.52, 12.6]",2,"[0, 8, 7, 15]",64
"[8.19, 7.41, 10.43, 9.65]",3,"[8, 4, 11, 11]",32
"[2.38, 1.61, 4.62, 3.85]",3,"[2, 0, 5, 7]",32
"[8.58, 12.75, 10.82, 14.99]",4,"[8, 12, 11, 15]",16
"[1.47, 3.61, 3.71, 5.85]",2,"[0, 0, 7, 7]",64
"[0.07, 8.9, 2.31, 11.14]",3,"[0, 8, 3, 15]",32
"[8.51, 1.94, 10.75, 4.18]",3,"[8, 0, 11, 7]",32
"[7.07, 11.43, 9.31, 13.67]",2,"[4, 8, 11, 15]",64
"[12.4, 8.24, 14.64, 10.48]",4,"[12, 8, 15, 11]",16
"[8.23, 4.94, 10.47, 7.18]",3,"[8, 4, 11, 11]",32
"[11.97, 5.78, 14.21, 8.02]",2,"[8, 4, 15, 11]",64
"[1.35, 10.36, 3.59, 12.6]",2,"[0, 8, 7, 15]",64
"[3.34, 8.29, 5.58, 10.53]",2,"[0, 8, 7, 15]",64
"[3.93, 7.25, 6.17, 9.49]",2,"[0, 4, 7, 11]",64
"[6.49, 11.45, 8.73, 13.69]",3,"[6, 8, 9, 15]",32
"[4.9, 6.32, 7.14, 8.56]",2,"[4, 4, 11, 11]",64
"[2.78, 8.32, 5.02, 10.56]",2,"[0, 8, 7, 15]",64
"[0.09, 2.96, 2.33, 5.2]",3,"[0, 0, 3, 7]",32
"[7.76, 8.48, 10.0, 10.72]",2,"[4, 8, 11, 15]",64
"[11.27, 1.22, 13.51, 3.46]",2,"[8, 0, 15, 7]",64
"[6.72, 7.39, 8.96, 9.63]",3,"[6, 4, 9, 11]",32
"[12.69, 2.19, 14.93, 4.43]",4,"[12, 2, 15, 5]",16
"[2.97, 11.78, 5.21, 14.02]",2,"[0, 8, 7, 15]",64
"[10.41, 3.3, 12.65, 5.54]",3,"[10, 0, 13, 7]",32
"[0.01, 6.3, 2.25, 8.54]",4,"[0, 6, 3, 9]",16
"[6.08, 0.39, 8.32, 2.63]",4,"[6, 0, 9, 3]",16
"[7.49, 7.66, 9.73, 9.9]",2,"[4, 4, 11, 11]",64
"[9.98, 6.21, 12.22, 8.45]",2,"[8, 4, 15, 11]",64
"[5.58, 1.34, 7.82, 3.58]",2,"[4, 0, 11, 7]",64
"[2.6, 9.76, 4.84, 12.0]",3,"[2, 8, 5, 15]",32
"[1.44, 11.01, 3.68, 13.25]",2,"[0, 8, 7, 15]",64
"[4.58, 7.68, 6.82, 9.92]",3,"[4, 4, 7, 11]",32
"[9.04, 4.43, 11.28, 6.67]",2,"[8, 0, 15, 7]",64
"[11.98, 12.72, 14.22, 14.96]",2,"[8, 8, 15, 15]",64
"[6.06, 11.76, 8.3, 14.0]",3,"[6, 8, 9, 15]",32
"[8.7, 11.0, 10.94, 13.24]",3,"[8, 8, 11, 15]",32
"[10.21, 1.76, 12.45, 4.0]",3,"[10, 0, 13, 7]",32
"[7.57, 2.84, 9.81, 5.08]",2,"[4, 0, 11, 7]",64
"[6.14, 8.17, 8.38, 10.41]",4,"[6, 8, 9, 11]",16
"[10.62, 12.47, 12.86, 14.71]",4,"[10, 12, 13, 15]",16
"[1.72, 8.24, 3.96, 10.48]",2,"[0, 8, 7, 15]",64
"[4.43, 2.11, 6.67, 4.35]",4,"[4, 2, 7, 5]",16
"[0.07, 1.74, 2.31, 3.98]",3,"[0, 0, 3, 7]",32
"[6.77, 2.25, 9.01, 4.49]",2,"[4, 0, 11, 7]",64
"[7.72, 4.88, 9.96, 7.12]",2,"[4, 4, 11, 11]",64
"[2.23, 2.67, 4.47, 4.91]",4,"[2, 2, 5, 5]",16
"[7.11, 1.99, 9.35, 4.23]",2,"[4, 0, 11, 7]",64
"[3.34, 6.58, 5.58, 8.82]",2,"[0, 4, 7, 11]",64
"[5.72, 7.83, 7.96, 10.07]",2,"[4, 4, 11, 11]",64
"[4.37, 12.45, 6.61, 14.69]",4,"[4, 12, 7, 15]",16
"[2.43, 11.85, 4.67, 14.09]",3,"[2, 8, 5, 15]",32
"[3.8, 5.7, 6.04, 7.94]",2,"[0, 4, 7, 11]",64
"[7.1, 9.96, 9.34, 12.2]",2,"[4, 8, 11, 15]",64
"[10.14, 8.74, 12.38, 10.98]",4,"[10, 8, 13, 11]",16
"[11.01, 6.28, 13.25, 8.52]",2,"[8, 4, 15, 11]",64
"[2.27, 0.23, 4.51, 2.47]",4,"[2, 0, 5, 3]",16
"[1.95, 10.81, 4.19, 13.05]",2,"[0, 8, 7, 15]",64
"[6.89, 6.42, 9.13, 8.66]",2,"[4, 4, 11, 11]",64
"[2.7, 11.39, 4.94, 13.63]",3,"[2, 8, 5, 15]",32
"[9.97, 0.92, 12.21, 3.16]",2,"[8, 0, 15, 7]",64
"[12.44, 11.34, 14.68, 13.58]",3,"[12, 8, 15, 15]",32
"[9.17, 8.73, 11.41, 10.97]",2,"[8, 8, 15, 15]",64
"[2.36, 8.27, 4.6, 10.51]",4,"[2, 8, 5, 11]",16
"[6.44, 3.54, 8.68, 5.78]",3,"[6, 0, 9, 7]",32
"[6.59, 0.88, 8.83, 3.12]",3,"[6, 0, 9, 7]",32
"[6.14, 8.11, 8.38, 10.35]",4,"[6, 8, 9, 11]",16
