,BRC Size,SRC Size,SRC Depth,Diff,F/P %,Error %
0,237694,3220656,1,2982962,13.549588967327741,7.380297678485377
1,10434,3220655,1,3210221,308.6692543607437,0.3239713660730504
2,0,3220655,1,3220655,inf,0.0
3,0,1610324,2,1610324,inf,0.0
4,0,3220655,1,3220655,inf,0.0
5,107346,3220655,1,3113309,30.0025618094759,3.3330487121408536
6,0,1610327,2,1610327,inf,0.0
7,0,3220655,1,3220655,inf,0.0
8,0,1610324,2,1610324,inf,0.0
9,246,3220655,1,3220409,13092.09349593496,0.007638197820008664
