,BRC Size,SRC Size,SRC Depth,Diff,F/P %,Error %
0,0,12579,9,12579,inf,0.0
1,0,12577,9,12577,inf,0.0
2,0,4,20,4,inf,0.0
3,0,3220655,1,3220655,inf,0.0
4,0,4,20,4,inf,0.0
5,186025,3220655,1,3034630,17.313022443219996,5.775998981573624
6,23778,3220655,1,3196877,135.44684161830264,0.738297023431569
7,953,3220655,1,3219702,3379.4910807974816,0.029590254156375024
8,0,1610324,2,1610324,inf,0.0
9,0,1610324,2,1610324,inf,0.0
