,BRC Size,SRC Size,SRC Depth,Diff,F/P %,Error %
0,0,3220655,1,3220655,inf,0.0
1,0,1610324,2,1610324,inf,0.0
2,0,1610324,2,1610324,inf,0.0
3,0,12577,9,12577,inf,0.0
4,28085,3220655,1,3192570,114.67527149724052,0.872027584450989
5,0,3220655,1,3220655,inf,0.0
6,0,3220656,1,3220656,inf,0.0
7,0,4,20,4,inf,0.0
8,47069,6441311,0,6394242,136.84826531262615,0.7307363361278473
9,0,6441311,0,6441311,inf,0.0
