,BRC Size,SRC Size,SRC Depth,Diff,F/P %,Error %
0,0,3220655,1,3220655,inf,0.0
1,0,3220655,1,3220655,inf,0.0
2,0,6441311,0,6441311,inf,0.0
3,85079,3220655,1,3135576,37.85487605637114,2.6416676110915325
4,979357,3220656,1,2241299,3.288541359279609,30.40861861682837
5,0,3220655,1,3220655,inf,0.0
6,0,3220655,1,3220655,inf,0.0
7,0,100638,6,100638,inf,0.0
8,0,6441311,0,6441311,inf,0.0
9,0,1610327,2,1610327,inf,0.0
