,BRC Size,SRC Size,SRC Depth,Diff,F/P %,Error %
0,0,3220655,1,3220655,inf,0.0
1,0,6441311,0,6441311,inf,0.0
2,0,1610324,2,1610324,inf,0.0
3,0,3220655,1,3220655,inf,0.0
4,0,4,20,4,inf,0.0
5,0,805160,3,805160,inf,0.0
6,606718,3220655,1,2613937,5.3083228122455575,18.838341890081363
7,0,1566,12,1566,inf,0.0
8,0,4,20,4,inf,0.0
9,0,1610324,2,1610324,inf,0.0
