,BRC Size,SRC Size,SRC Depth,Diff,F/P %,Error %
0,0,4,20,4,inf,0.0
1,0,3220655,1,3220655,inf,0.0
2,0,3220655,1,3220655,inf,0.0
3,0,3220655,1,3220655,inf,0.0
4,0,1610324,2,1610324,inf,0.0
5,0,3220655,1,3220655,inf,0.0
6,0,3220655,1,3220655,inf,0.0
7,2885,3220655,1,3217770,1116.3448873483535,0.08957805166961379
8,0,1610324,2,1610324,inf,0.0
9,0,17,18,17,inf,0.0
