,BRC Size,SRC Size,SRC Depth,Diff,F/P %,Error %
0,0,4,20,4,inf,0.0
1,0,805160,3,805160,inf,0.0
2,2171,3220655,1,3218484,1483.4891754951634,0.06740864824080815
3,0,3220655,1,3220655,inf,0.0
4,2381,3220655,1,3218274,1352.6480470390593,0.07392906101398629
5,0,3220655,1,3220655,inf,0.0
6,0,805160,3,805160,inf,0.0
7,0,4,20,4,inf,0.0
8,0,3220655,1,3220655,inf,0.0
9,0,3220655,1,3220655,inf,0.0
