,BRC Size,SRC Size,Diff,F/P %,SRC Depth,Error %
0,1753,10524,8771,6.00342270393611,1,16.657164576206764
1,2302,5262,2960,2.2858384013900954,2,43.747624477385024
2,20,5262,5242,263.1,2,0.3800836183960471
3,0,5262,5262,inf,2,0.0
4,2020,10524,8504,5.20990099009901,1,19.19422272900038
5,715,21048,20333,29.43776223776224,0,3.396997339414671
6,0,5262,5262,inf,2,0.0
7,0,5262,5262,inf,2,0.0
8,1273,21048,19775,16.53417124901807,0,6.0480805777271
9,0,5262,5262,inf,2,0.0
