,BRC Size,SRC Size,SRC Depth,Diff,F/P %,Error %
0,147,5262,2,5115,35.795918367346935,2.793614595210946
1,33,1316,4,1283,39.878787878787875,2.507598784194529
2,0,1315,4,1315,inf,0.0
3,0,1316,4,1316,inf,0.0
4,128,2631,3,2503,20.5546875,4.865070315469403
5,302,1315,4,1013,4.354304635761589,22.96577946768061
6,25,21048,0,21023,841.92,0.11877613074876472
7,61,329,6,268,5.39344262295082,18.541033434650455
8,0,1316,4,1316,inf,0.0
9,24,1316,4,1292,54.833333333333336,1.82370820668693
