,DAG,KD
0,4,3
1,4,2
2,4,1
3,4,0
4,4,0
5,4,3
6,4,4
7,4,2
8,4,1
9,4,0
10,4,3
11,4,4
12,4,4
13,4,2
14,4,1
15,4,4
16,4,3
17,4,2
18,4,4
19,4,2
20,4,4
21,4,2
22,4,4
23,4,0
24,4,4
25,4,4
26,4,0
27,4,0
28,4,0
29,4,2
30,4,1
31,4,0
32,4,3
33,4,4
34,4,4
35,4,2
36,4,4
37,4,0
38,4,3
39,4,0
40,4,1
41,4,2
42,4,3
43,4,0
44,4,1
45,4,0
46,4,1
47,4,0
48,4,3
49,4,4
50,4,1
51,4,1
52,4,3
53,4,2
54,4,1
55,4,2
56,4,4
57,4,1
58,4,4
59,4,2
60,4,2
61,4,3
62,4,3
63,4,0
64,4,4
65,4,0
66,4,0
67,4,2
68,4,4
69,4,3
70,4,0
71,4,3
72,4,3
73,4,4
74,4,3
75,4,4
76,4,4
77,4,1
78,4,4
79,4,4
80,4,1
81,4,4
82,4,3
83,4,4
84,4,2
85,4,4
86,4,4
87,4,4
88,4,1
89,4,3
90,4,2
91,4,2
92,4,0
93,4,3
94,4,3
95,4,2
96,4,2
97,4,0
98,4,4
99,4,2
100,4,2
101,4,0
102,4,3
103,4,3
104,4,4
105,4,3
106,4,4
107,4,0
108,4,2
109,4,4
110,4,3
111,4,1
112,4,4
113,4,1
114,4,1
115,4,4
116,4,2
117,4,3
118,4,3
119,4,4
120,4,0
121,4,4
122,4,0
123,4,0
124,4,0
125,4,0
126,4,4
127,4,3
128,4,1
129,4,1
130,4,4
131,4,4
132,4,1
133,4,2
134,4,2
135,4,2
136,4,3
137,4,0
138,4,4
139,4,2
140,4,1
141,4,4
142,4,4
143,4,2
144,4,4
145,4,3
146,4,2
147,4,0
148,4,4
149,4,4
150,4,2
151,4,4
152,4,2
153,4,1
154,4,2
155,4,1
156,4,4
157,4,4
158,4,2
159,4,4
160,4,4
161,4,2
162,4,0
163,4,1
164,4,1
165,4,1
166,4,4
167,4,2
168,4,4
169,4,1
170,4,4
171,4,4
172,4,4
173,4,2
174,4,3
175,4,2
176,4,3
177,4,3
178,4,2
179,4,3
180,4,0
181,4,3
182,4,1
183,4,2
184,4,4
185,4,2
186,4,2
187,4,4
188,4,2
189,4,2
190,4,2
191,4,0
192,4,2
193,4,4
194,4,4
195,4,0
196,4,2
197,4,4
198,4,0
199,4,4
200,4,3
201,4,0
202,4,3
203,4,2
204,4,2
205,4,1
206,4,2
207,4,4
208,4,2
209,4,2
210,4,3
211,4,2
212,4,3
213,4,3
214,4,0
215,4,3
216,4,4
217,4,0
218,4,4
219,4,3
220,4,4
221,4,1
222,4,0
223,4,3
224,4,4
225,4,4
226,4,1
227,4,1
228,4,1
229,4,2
230,4,3
231,4,4
232,4,0
233,4,2
234,4,2
235,4,2
236,4,3
237,4,3
238,4,3
239,4,1
240,4,3
241,4,4
242,4,4
243,4,3
244,4,2
245,4,0
246,4,4
247,4,3
248,4,4
249,4,0
250,4,0
251,4,2
252,4,0
253,4,4
254,4,2
255,4,4
256,4,4
257,4,0
258,4,4
259,4,2
260,4,2
261,4,4
262,4,4
263,4,3
264,4,0
265,4,2
266,4,4
267,4,2
268,4,4
269,4,0
270,4,1
271,4,4
272,4,4
273,4,3
274,4,3
275,4,2
276,4,1
277,4,2
278,4,2
279,4,4
280,4,0
281,4,4
282,4,4
283,4,3
284,4,4
285,4,4
286,4,3
287,4,0
288,4,0
289,4,3
290,4,2
291,4,4
292,4,2
293,4,2
294,4,4
295,4,4
296,4,3
297,4,4
298,4,2
299,4,3
300,4,1
301,4,2
302,4,2
303,4,1
304,4,0
305,4,1
306,4,4
307,4,1
308,4,1
309,4,0
310,4,2
311,4,3
312,4,2
313,4,4
314,4,1
315,4,1
316,4,1
317,4,4
318,4,3
319,4,3
320,4,2
321,4,2
322,4,0
323,4,4
324,4,0
325,4,0
326,4,2
327,4,3
328,4,2
329,4,3
330,4,0
331,4,2
332,4,3
333,4,4
334,4,4
335,4,2
336,4,0
337,4,4
338,4,2
339,4,3
340,4,4
341,4,3
342,4,2
343,4,2
344,4,2
345,4,4
346,4,3
347,4,3
348,4,0
349,4,3
350,4,3
351,4,4
352,4,1
353,4,3
354,4,0
355,4,3
356,4,2
357,4,4
358,4,1
359,4,3
360,4,2
361,4,3
362,4,4
363,4,0
364,4,2
365,4,4
366,4,4
367,4,4
368,4,1
369,4,4
370,4,1
371,4,3
372,4,0
373,4,4
374,4,3
375,4,1
376,4,0
377,4,2
378,4,2
379,4,4
380,4,1
381,4,1
382,4,4
383,4,2
384,4,2
385,4,4
386,4,2
387,4,4
388,4,3
389,4,1
390,4,0
391,4,4
392,4,4
393,4,0
394,4,4
395,4,3
396,4,4
397,4,0
398,4,0
399,4,0
400,4,2
401,4,2
402,4,0
403,4,2
404,4,4
405,4,0
406,4,3
407,4,4
408,4,0
409,4,2
410,4,2
411,4,2
412,4,2
413,4,0
414,4,4
415,4,2
416,4,3
417,4,2
418,4,2
419,4,2
420,4,0
421,4,2
422,4,1
423,4,1
424,4,2
425,4,4
426,4,2
427,4,0
428,4,3
429,4,0
430,4,2
431,4,3
432,4,0
433,4,3
434,4,0
435,4,0
436,4,0
437,4,0
438,4,2
439,4,0
440,4,0
441,4,4
442,4,0
443,4,2
444,4,0
445,4,2
446,4,2
447,4,3
448,4,2
449,4,4
450,4,3
451,4,2
452,4,2
453,4,1
454,4,4
455,4,2
456,4,2
457,4,3
458,4,3
459,4,4
460,4,2
461,4,0
462,4,1
463,4,3
464,4,3
465,4,2
466,4,2
467,4,3
468,4,3
469,4,2
470,4,4
471,4,4
472,4,4
473,4,4
474,4,1
475,4,0
476,4,1
477,4,2
478,4,3
479,4,2
480,4,1
481,4,3
482,4,0
483,4,4
484,4,3
485,4,4
486,4,1
487,4,1
488,4,4
489,4,1
490,4,1
491,4,1
492,4,4
493,4,2
494,4,3
495,4,4
496,4,3
497,4,1
498,4,1
499,4,4
500,4,1
501,4,3
502,4,3
503,4,3
504,4,1
505,4,4
506,4,2
507,4,1
508,4,1
509,4,2
510,4,4
511,4,1
512,4,4
513,4,2
514,4,4
515,4,4
516,4,2
517,4,4
518,4,2
519,4,2
520,4,0
521,4,0
522,4,2
523,4,2
524,4,1
525,4,3
526,4,3
527,4,3
528,4,2
529,4,4
530,4,3
531,4,4
532,4,4
533,4,3
534,4,2
535,4,4
536,4,4
537,4,2
538,4,2
539,4,1
540,4,3
541,4,4
542,4,4
543,4,2
544,4,2
545,4,3
546,4,0
547,4,0
548,4,2
549,4,3
550,4,2
551,4,3
552,4,3
553,4,3
554,4,4
555,4,4
556,4,4
557,4,4
558,4,2
559,4,1
560,4,0
561,4,1
562,4,0
563,4,4
564,4,4
565,4,3
566,4,2
567,4,4
568,4,4
569,4,3
570,4,1
571,4,1
572,4,2
573,4,2
574,4,2
575,4,1
576,4,2
577,4,1
578,4,3
579,4,3
580,4,4
581,4,0
582,4,3
583,4,3
584,4,2
585,4,3
586,4,0
587,4,3
588,4,0
589,4,2
590,4,4
591,4,2
592,4,2
593,4,1
594,4,1
595,4,0
596,4,1
597,4,1
598,4,1
599,4,0
600,4,3
601,4,4
602,4,2
603,4,4
604,4,4
605,4,1
606,4,4
607,4,3
608,4,3
609,4,2
610,4,1
611,4,4
612,4,4
613,4,4
614,4,4
615,4,3
616,4,0
617,4,3
618,4,4
619,4,0
620,4,0
621,4,0
622,4,1
623,4,3
624,4,2
625,4,2
626,4,0
627,4,4
628,4,4
629,4,0
630,4,1
631,4,4
632,4,1
633,4,1
634,4,4
635,4,2
636,4,4
637,4,4
638,4,2
639,4,4
640,4,4
641,4,1
642,4,3
643,4,4
644,4,0
645,4,1
646,4,2
647,4,3
648,4,0
649,4,3
650,4,1
651,4,4
652,4,4
653,4,4
654,4,0
655,4,4
656,4,4
657,4,2
658,4,2
659,4,4
660,4,2
661,4,4
662,4,2
663,4,3
664,4,2
665,4,3
666,4,4
667,4,3
668,4,0
669,4,3
670,4,1
671,4,4
672,4,4
673,4,3
674,4,4
675,4,0
676,4,3
677,4,2
678,4,3
679,4,4
680,4,4
681,4,1
682,4,2
683,4,4
684,4,3
685,4,3
686,4,4
687,4,4
688,4,3
689,4,4
690,4,2
691,4,4
692,4,2
693,4,4
694,4,4
695,4,4
696,4,4
697,4,3
698,4,4
699,4,3
700,4,2
701,4,0
702,4,2
703,4,0
704,4,2
705,4,2
706,4,4
707,4,4
708,4,0
709,4,4
710,4,1
711,4,0
712,4,4
713,4,2
714,4,3
715,4,4
716,4,2
717,4,4
718,4,3
719,4,2
720,4,3
721,4,2
722,4,2
723,4,3
724,4,0
725,4,0
726,4,1
727,4,0
728,4,0
729,4,1
730,4,4
731,4,2
732,4,2
733,4,2
734,4,3
735,4,4
736,4,2
737,4,1
738,4,0
739,4,0
740,4,2
741,4,1
742,4,0
743,4,3
744,4,4
745,4,0
746,4,4
747,4,4
748,4,0
749,4,4
750,4,2
751,4,1
752,4,2
753,4,1
754,4,2
755,4,0
756,4,4
757,4,4
758,4,0
759,4,1
760,4,4
761,4,2
762,4,4
763,4,3
764,4,4
765,4,4
766,4,3
767,4,2
768,4,4
769,4,2
770,4,4
771,4,0
772,4,2
773,4,4
774,4,4
775,4,2
776,4,0
777,4,2
778,4,3
779,4,0
780,4,4
781,4,3
782,4,4
783,4,0
784,4,4
785,4,4
786,4,0
787,4,4
788,4,4
789,4,3
790,4,4
791,4,2
792,4,2
793,4,1
794,4,2
795,4,3
796,4,2
797,4,0
798,4,4
799,4,0
800,4,1
801,4,4
802,4,0
803,4,2
804,4,4
805,4,2
806,4,3
807,4,3
808,4,0
809,4,4
810,4,2
811,4,0
812,4,1
813,4,4
814,4,4
815,4,1
816,4,0
817,4,3
818,4,2
819,4,2
820,4,4
821,4,4
822,4,4
823,4,4
824,4,0
825,4,3
826,4,0
827,4,3
828,4,3
829,4,4
830,4,4
831,4,2
832,4,3
833,4,1
834,4,3
835,4,2
836,4,1
837,4,3
838,4,3
839,4,3
840,4,2
841,4,2
842,4,2
843,4,2
844,4,4
845,4,4
846,4,0
847,4,4
848,4,3
849,4,3
850,4,2
851,4,3
852,4,3
853,4,4
854,4,3
855,4,4
856,4,0
857,4,2
858,4,0
859,4,3
860,4,0
861,4,4
862,4,4
863,4,4
864,4,4
865,4,3
866,4,2
867,4,0
868,4,2
869,4,1
870,4,1
871,4,0
872,4,4
873,4,3
874,4,0
875,4,3
876,4,3
877,4,4
878,4,2
879,4,2
880,4,0
881,4,0
882,4,0
883,4,0
884,4,2
885,4,0
886,4,3
887,4,0
888,4,3
889,4,1
890,4,4
891,4,3
892,4,2
893,4,2
894,4,3
895,4,4
896,4,4
897,4,1
898,4,4
899,4,4
900,4,3
901,4,4
902,4,3
903,4,0
904,4,2
905,4,2
906,4,4
907,4,4
908,4,1
909,4,3
910,4,3
911,4,4
912,4,1
913,4,2
914,4,2
915,4,0
916,4,4
917,4,3
918,4,0
919,4,4
920,4,4
921,4,4
922,4,4
923,4,4
924,4,3
925,4,3
926,4,3
927,4,4
928,4,2
929,4,4
930,4,4
931,4,0
932,4,1
933,4,2
934,4,4
935,4,0
936,4,4
937,4,2
938,4,4
939,4,4
940,4,4
941,4,4
942,4,2
943,4,2
944,4,2
945,4,0
946,4,1
947,4,1
948,4,3
949,4,3
950,4,4
951,4,2
952,4,2
953,4,0
954,4,2
955,4,2
956,4,2
957,4,4
958,4,3
959,4,4
960,4,1
961,4,2
962,4,4
963,4,2
964,4,3
965,4,1
966,4,0
967,4,3
968,4,2
969,4,2
970,4,0
971,4,4
972,4,2
973,4,2
974,4,1
975,4,0
976,4,2
977,4,4
978,4,4
979,4,3
980,4,4
981,4,0
982,4,4
983,4,4
984,4,4
985,4,4
986,4,2
987,4,3
988,4,1
989,4,4
990,4,0
991,4,3
992,4,0
993,4,2
994,4,4
995,4,2
996,4,2
997,4,2
998,4,4
999,4,4
1000,4,0
1001,4,2
1002,4,1
1003,4,2
1004,4,1
1005,4,4
1006,4,2
1007,4,3
1008,4,4
1009,4,4
1010,4,4
1011,4,3
1012,4,4
1013,4,3
1014,4,2
1015,4,1
1016,4,0
1017,4,2
1018,4,2
1019,4,2
1020,4,4
1021,4,3
1022,4,2
1023,4,3
1024,4,4
1025,4,4
1026,4,2
1027,4,4
1028,4,2
1029,4,3
1030,4,3
1031,4,4
1032,4,0
1033,4,0
1034,4,0
1035,4,4
1036,4,3
1037,4,2
1038,4,4
1039,4,4
1040,4,2
1041,4,1
1042,4,0
1043,4,2
1044,4,0
1045,4,2
1046,4,4
1047,4,3
1048,4,1
1049,4,2
1050,4,3
1051,4,3
1052,4,3
1053,4,4
1054,4,1
1055,4,0
1056,4,0
1057,4,2
1058,4,3
1059,4,0
1060,4,2
1061,4,2
1062,4,2
1063,4,3
1064,4,4
1065,4,4
1066,4,0
1067,4,0
1068,4,2
1069,4,2
1070,4,3
1071,4,2
1072,4,2
1073,4,4
1074,4,4
1075,4,3
1076,4,1
1077,4,3
1078,4,2
1079,4,0
1080,4,0
1081,4,3
1082,4,3
1083,4,4
1084,4,2
1085,4,4
1086,4,4
1087,4,4
1088,4,3
1089,4,3
1090,4,4
1091,4,4
1092,4,3
1093,4,3
1094,4,0
1095,4,4
1096,4,2
1097,4,1
1098,4,0
1099,4,1
1100,4,3
1101,4,2
1102,4,3
1103,4,4
1104,4,0
1105,4,2
1106,4,2
1107,4,2
1108,4,3
1109,4,2
1110,4,2
1111,4,1
1112,4,4
1113,4,1
1114,4,1
1115,4,2
1116,4,2
1117,4,4
1118,4,2
1119,4,0
1120,4,0
1121,4,4
1122,4,2
1123,4,0
1124,4,3
1125,4,4
1126,4,1
1127,4,2
1128,4,4
1129,4,3
1130,4,0
1131,4,4
1132,4,1
1133,4,2
1134,4,4
1135,4,3
1136,4,1
1137,4,0
1138,4,2
1139,4,4
1140,4,2
1141,4,2
1142,4,4
1143,4,3
1144,4,4
1145,4,1
1146,4,4
1147,4,3
1148,4,3
1149,4,4
1150,4,3
1151,4,4
1152,4,3
1153,4,4
1154,4,4
1155,4,3
1156,4,2
1157,4,2
1158,4,3
1159,4,1
1160,4,2
1161,4,3
1162,4,4
1163,4,2
1164,4,2
1165,4,1
1166,4,2
1167,4,4
1168,4,4
1169,4,1
1170,4,2
1171,4,0
1172,4,4
1173,4,4
1174,4,2
1175,4,2
1176,4,2
1177,4,3
1178,4,4
1179,4,3
1180,4,1
1181,4,3
1182,4,0
1183,4,4
1184,4,4
1185,4,1
1186,4,4
1187,4,4
1188,4,4
1189,4,3
1190,4,2
1191,4,4
1192,4,4
1193,4,3
1194,4,2
1195,4,0
1196,4,4
1197,4,3
1198,4,3
1199,4,1
1200,4,4
1201,4,4
1202,4,2
1203,4,1
1204,4,0
1205,4,0
1206,4,3
1207,4,2
1208,4,2
1209,4,0
1210,4,3
1211,4,4
1212,4,4
1213,4,4
1214,4,3
1215,4,0
1216,4,3
1217,4,0
1218,4,3
1219,4,3
1220,4,1
1221,4,4
1222,4,1
1223,4,4
1224,4,4
1225,4,4
1226,4,3
1227,4,2
1228,4,1
1229,4,4
1230,4,4
1231,4,1
1232,4,0
1233,4,1
1234,4,4
1235,4,1
1236,4,4
1237,4,4
1238,4,1
1239,4,0
1240,4,3
1241,4,0
1242,4,3
1243,4,4
1244,4,2
1245,4,4
1246,4,2
1247,4,0
1248,4,2
1249,4,0
1250,4,2
1251,4,3
1252,4,4
1253,4,3
1254,4,4
1255,4,2
1256,4,0
1257,4,4
1258,4,1
1259,4,3
1260,4,0
1261,4,4
1262,4,0
1263,4,2
1264,4,4
1265,4,2
1266,4,3
1267,4,4
1268,4,3
1269,4,4
1270,4,3
1271,4,4
1272,4,0
1273,4,2
1274,4,2
1275,4,0
1276,4,1
1277,4,4
1278,4,0
1279,4,3
1280,4,4
1281,4,2
1282,4,1
1283,4,4
1284,4,0
1285,4,4
1286,4,0
1287,4,1
1288,4,4
1289,4,0
1290,4,2
1291,4,2
1292,4,2
1293,4,3
1294,4,0
1295,4,3
1296,4,2
1297,4,3
1298,4,2
1299,4,4
1300,4,0
1301,4,2
1302,4,2
1303,4,0
1304,4,4
1305,4,3
1306,4,4
1307,4,4
1308,4,0
1309,4,4
1310,4,1
1311,4,4
1312,4,2
1313,4,4
1314,4,0
1315,4,0
1316,4,2
1317,4,2
1318,4,0
1319,4,4
1320,4,3
1321,4,4
1322,4,4
1323,4,2
1324,4,3
1325,4,0
1326,4,2
1327,4,4
1328,4,2
1329,4,4
1330,4,2
1331,4,4
1332,4,3
1333,4,4
1334,4,2
1335,4,3
1336,4,1
1337,4,0
1338,4,2
1339,4,2
1340,4,0
1341,4,0
1342,4,3
1343,4,3
1344,4,3
1345,4,1
1346,4,0
1347,4,0
1348,4,2
1349,4,4
1350,4,3
1351,4,0
1352,4,0
1353,4,1
1354,4,2
1355,4,1
1356,4,3
1357,4,4
1358,4,1
1359,4,4
1360,4,4
1361,4,0
1362,4,3
1363,4,0
1364,4,2
1365,4,2
1366,4,4
1367,4,1
1368,4,3
1369,4,2
1370,4,2
1371,4,0
1372,4,0
1373,4,2
1374,4,3
1375,4,1
1376,4,2
1377,4,3
1378,4,4
1379,4,2
1380,4,0
1381,4,1
1382,4,3
1383,4,3
1384,4,0
1385,4,2
1386,4,4
1387,4,0
1388,4,2
1389,4,4
1390,4,0
1391,4,0
1392,4,1
1393,4,4
1394,4,2
1395,4,0
1396,4,4
1397,4,3
1398,4,4
1399,4,3
1400,4,3
1401,4,2
1402,4,0
1403,4,3
1404,4,3
1405,4,1
1406,4,3
1407,4,4
1408,4,4
1409,4,4
1410,4,1
1411,4,1
1412,4,2
1413,4,3
1414,4,3
1415,4,3
1416,4,1
1417,4,4
1418,4,0
1419,4,2
1420,4,0
1421,4,4
1422,4,0
1423,4,1
1424,4,4
1425,4,1
1426,4,4
1427,4,4
1428,4,3
1429,4,2
1430,4,4
1431,4,2
1432,4,0
1433,4,0
1434,4,0
1435,4,4
1436,4,2
1437,4,4
1438,4,3
1439,4,2
1440,4,0
1441,4,3
1442,4,4
1443,4,3
1444,4,1
1445,4,4
1446,4,2
1447,4,2
1448,4,2
1449,4,0
1450,4,4
1451,4,2
1452,4,4
1453,4,4
1454,4,1
1455,4,1
1456,4,1
1457,4,2
1458,4,1
1459,4,4
1460,4,2
1461,4,4
1462,4,4
1463,4,4
1464,4,0
1465,4,4
1466,4,0
1467,4,0
1468,4,2
1469,4,4
1470,4,2
1471,4,4
1472,4,4
1473,4,3
1474,4,4
1475,4,2
1476,4,2
1477,4,2
1478,4,4
1479,4,4
1480,4,4
1481,4,0
1482,4,2
1483,4,4
1484,4,2
1485,4,2
1486,4,2
1487,4,3
1488,4,4
1489,4,4
1490,4,0
1491,4,2
1492,4,0
1493,4,3
1494,4,4
1495,4,0
1496,4,4
1497,4,0
1498,4,1
1499,4,1
1500,4,1
1501,4,4
1502,4,0
1503,4,1
1504,4,2
1505,4,1
1506,4,2
1507,4,4
1508,4,0
1509,4,0
1510,4,4
1511,4,4
1512,4,4
1513,4,3
1514,4,3
1515,4,4
1516,4,1
1517,4,0
1518,4,3
1519,4,1
1520,4,0
1521,4,2
1522,4,2
1523,4,4
1524,4,1
1525,4,3
1526,4,0
1527,4,0
1528,4,4
1529,4,4
1530,4,4
1531,4,2
1532,4,0
1533,4,2
1534,4,4
1535,4,0
1536,4,4
1537,4,1
1538,4,1
1539,4,0
1540,4,4
1541,4,2
1542,4,1
1543,4,4
1544,4,2
1545,4,2
1546,4,2
1547,4,4
1548,4,4
1549,4,2
1550,4,1
1551,4,0
1552,4,3
1553,4,4
1554,4,2
1555,4,3
1556,4,1
1557,4,2
1558,4,2
1559,4,2
1560,4,2
1561,4,1
1562,4,3
1563,4,4
1564,4,4
1565,4,0
1566,4,2
1567,4,0
1568,4,3
1569,4,2
1570,4,4
1571,4,2
1572,4,2
1573,4,2
1574,4,2
1575,4,3
1576,4,2
1577,4,0
1578,4,4
1579,4,3
1580,4,3
1581,4,2
1582,4,3
1583,4,2
1584,4,2
1585,4,1
1586,4,0
1587,4,4
1588,4,1
1589,4,0
1590,4,2
1591,4,4
1592,4,3
1593,4,0
1594,4,3
1595,4,4
1596,4,4
1597,4,3
1598,4,4
1599,4,4
1600,4,0
1601,4,4
1602,4,0
1603,4,4
1604,4,0
1605,4,3
1606,4,0
1607,4,3
1608,4,3
1609,4,3
1610,4,2
1611,4,0
1612,4,0
1613,4,3
1614,4,2
1615,4,4
1616,4,4
1617,4,4
1618,4,3
1619,4,0
1620,4,0
1621,4,4
1622,4,3
1623,4,2
1624,4,2
1625,4,4
1626,4,4
1627,4,4
1628,4,4
1629,4,1
1630,4,4
1631,4,4
1632,4,3
1633,4,2
1634,4,2
1635,4,4
1636,4,4
1637,4,4
1638,4,2
1639,4,0
1640,4,3
1641,4,0
1642,4,0
1643,4,4
1644,4,4
1645,4,4
1646,4,2
1647,4,2
1648,4,4
1649,4,1
1650,4,1
1651,4,4
1652,4,1
1653,4,1
1654,4,3
1655,4,0
1656,4,1
1657,4,4
1658,4,3
1659,4,2
1660,4,2
1661,4,4
1662,4,4
1663,4,2
1664,4,0
1665,4,3
1666,4,1
1667,4,1
1668,4,4
1669,4,0
1670,4,1
1671,4,0
1672,4,4
1673,4,2
1674,4,1
1675,4,4
1676,4,2
1677,4,1
1678,4,3
1679,4,1
1680,4,3
1681,4,2
1682,4,3
1683,4,0
1684,4,2
1685,4,4
1686,4,4
1687,4,0
1688,4,1
1689,4,3
1690,4,2
1691,4,2
1692,4,2
1693,4,3
1694,4,2
1695,4,3
1696,4,0
1697,4,0
1698,4,4
1699,4,4
1700,4,3
1701,4,2
1702,4,4
1703,4,4
1704,4,1
1705,4,0
1706,4,4
1707,4,0
1708,4,4
1709,4,0
1710,4,3
1711,4,4
1712,4,2
1713,4,4
1714,4,1
1715,4,3
1716,4,2
1717,4,2
1718,4,2
1719,4,4
1720,4,2
1721,4,1
1722,4,4
1723,4,4
1724,4,1
1725,4,2
1726,4,2
1727,4,4
1728,4,1
1729,4,4
1730,4,4
1731,4,2
1732,4,4
1733,4,4
1734,4,4
1735,4,0
1736,4,4
1737,4,0
1738,4,4
1739,4,4
1740,4,0
1741,4,4
1742,4,4
1743,4,3
1744,4,0
1745,4,0
1746,4,4
1747,4,3
1748,4,2
1749,4,1
1750,4,4
1751,4,0
1752,4,4
1753,4,2
1754,4,4
1755,4,0
1756,4,2
1757,4,4
1758,4,2
1759,4,4
1760,4,2
1761,4,4
1762,4,3
1763,4,4
1764,4,4
1765,4,2
1766,4,1
1767,4,4
1768,4,4
1769,4,0
1770,4,2
1771,4,4
1772,4,4
1773,4,3
1774,4,2
1775,4,2
1776,4,4
1777,4,1
1778,4,4
1779,4,4
1780,4,2
1781,4,4
1782,4,0
1783,4,3
1784,4,3
1785,4,2
1786,4,4
1787,4,4
1788,4,2
1789,4,1
1790,4,1
1791,4,1
1792,4,4
1793,4,4
1794,4,3
1795,4,2
1796,4,1
1797,4,2
1798,4,0
1799,4,2
1800,4,4
1801,4,3
1802,4,3
1803,4,0
1804,4,1
1805,4,3
1806,4,2
1807,4,0
1808,4,1
1809,4,0
1810,4,1
1811,4,3
1812,4,4
1813,4,2
1814,4,3
1815,4,4
1816,4,0
1817,4,4
1818,4,4
1819,4,4
1820,4,3
1821,4,2
1822,4,1
1823,4,0
1824,4,4
1825,4,4
1826,4,4
1827,4,2
1828,4,4
1829,4,1
1830,4,2
1831,4,4
1832,4,2
1833,4,1
1834,4,2
1835,4,4
1836,4,4
1837,4,3
1838,4,4
1839,4,3
1840,4,2
1841,4,1
1842,4,4
1843,4,0
1844,4,1
1845,4,2
1846,4,0
1847,4,2
1848,4,4
1849,4,4
1850,4,2
1851,4,4
1852,4,1
1853,4,2
1854,4,4
1855,4,4
1856,4,2
1857,4,3
1858,4,1
1859,4,0
1860,4,4
1861,4,3
1862,4,0
1863,4,3
1864,4,2
1865,4,0
1866,4,4
1867,4,4
1868,4,4
1869,4,3
1870,4,2
1871,4,1
1872,4,4
1873,4,2
1874,4,2
1875,4,4
1876,4,3
1877,4,4
1878,4,2
1879,4,4
1880,4,4
1881,4,3
1882,4,3
1883,4,3
1884,4,3
1885,4,3
1886,4,3
1887,4,0
1888,4,0
1889,4,1
1890,4,4
1891,4,1
1892,4,4
1893,4,0
1894,4,4
1895,4,2
1896,4,1
1897,4,0
1898,4,4
1899,4,4
1900,4,2
1901,4,4
1902,4,1
1903,4,2
1904,4,2
1905,4,1
1906,4,1
1907,4,3
1908,4,3
1909,4,0
1910,4,3
1911,4,2
1912,4,0
1913,4,4
1914,4,3
1915,4,0
1916,4,4
1917,4,4
1918,4,1
1919,4,4
1920,4,2
1921,4,2
1922,4,0
1923,4,0
1924,4,4
1925,4,4
1926,4,2
1927,4,3
1928,4,3
1929,4,4
1930,4,4
1931,4,2
1932,4,3
1933,4,4
1934,4,4
1935,4,3
1936,4,2
1937,4,4
1938,4,2
1939,4,4
1940,4,3
1941,4,1
1942,4,2
1943,4,2
1944,4,3
1945,4,4
1946,4,4
1947,4,3
1948,4,2
1949,4,0
1950,4,4
1951,4,1
1952,4,1
1953,4,3
1954,4,2
1955,4,4
1956,4,0
1957,4,1
1958,4,4
1959,4,2
1960,4,1
1961,4,3
1962,4,2
1963,4,2
1964,4,4
1965,4,2
1966,4,2
1967,4,3
1968,4,2
1969,4,1
1970,4,0
1971,4,0
1972,4,4
1973,4,3
1974,4,2
1975,4,2
1976,4,3
1977,4,0
1978,4,2
1979,4,0
1980,4,0
1981,4,3
1982,4,2
1983,4,2
1984,4,3
1985,4,0
1986,4,2
1987,4,0
1988,4,0
1989,4,3
1990,4,4
1991,4,4
1992,4,2
1993,4,3
1994,4,4
1995,4,3
1996,4,3
1997,4,3
1998,4,4
1999,4,1
2000,4,2
2001,4,3
2002,4,1
2003,4,4
2004,4,3
2005,4,3
2006,4,4
2007,4,3
2008,4,1
2009,4,1
2010,4,0
2011,4,4
2012,4,4
2013,4,4
2014,4,2
2015,4,3
2016,4,0
2017,4,2
2018,4,4
2019,4,2
2020,4,2
2021,4,4
2022,4,4
2023,4,2
2024,4,2
2025,4,4
2026,4,1
2027,4,1
2028,4,0
2029,4,4
2030,4,3
2031,4,4
2032,4,4
2033,4,4
2034,4,1
2035,4,4
2036,4,4
2037,4,3
2038,4,2
2039,4,1
2040,4,3
2041,4,2
2042,4,0
2043,4,2
2044,4,0
2045,4,3
2046,4,0
2047,4,2
2048,4,3
2049,4,0
2050,4,4
2051,4,2
2052,4,2
2053,4,3
2054,4,4
2055,4,0
2056,4,1
2057,4,4
2058,4,2
2059,4,0
2060,4,4
2061,4,2
2062,4,4
2063,4,0
2064,4,1
2065,4,2
2066,4,3
2067,4,4
2068,4,2
2069,4,2
2070,4,0
2071,4,4
2072,4,3
2073,4,3
2074,4,2
2075,4,2
2076,4,3
2077,4,3
2078,4,4
2079,4,3
2080,4,2
2081,4,1
2082,4,4
2083,4,2
2084,4,0
2085,4,4
2086,4,4
2087,4,4
2088,4,2
2089,4,1
2090,4,4
2091,4,4
2092,4,3
2093,4,3
2094,4,3
2095,4,4
2096,4,2
2097,4,0
2098,4,0
2099,4,4
2100,4,4
2101,4,4
2102,4,0
2103,4,4
2104,4,0
2105,4,2
2106,4,0
2107,4,0
2108,4,4
2109,4,2
2110,4,1
2111,4,2
2112,4,4
2113,4,3
2114,4,4
2115,4,4
2116,4,3
2117,4,1
2118,4,2
2119,4,1
2120,4,4
2121,4,4
2122,4,0
2123,4,2
2124,4,2
2125,4,2
2126,4,2
2127,4,4
2128,4,0
2129,4,0
2130,4,1
2131,4,4
2132,4,2
2133,4,4
2134,4,1
2135,4,3
2136,4,2
2137,4,4
2138,4,2
2139,4,1
2140,4,0
2141,4,2
2142,4,0
2143,4,1
2144,4,1
2145,4,0
2146,4,4
2147,4,4
2148,4,4
2149,4,3
2150,4,4
2151,4,4
2152,4,0
2153,4,2
2154,4,1
2155,4,4
2156,4,4
2157,4,3
2158,4,0
2159,4,1
2160,4,3
2161,4,4
2162,4,0
2163,4,2
2164,4,0
2165,4,2
2166,4,4
2167,4,0
2168,4,1
2169,4,1
2170,4,1
2171,4,4
2172,4,0
2173,4,1
2174,4,2
2175,4,4
2176,4,2
2177,4,3
2178,4,4
2179,4,0
2180,4,2
2181,4,0
2182,4,1
2183,4,0
2184,4,1
2185,4,4
2186,4,3
2187,4,3
2188,4,2
2189,4,1
2190,4,4
2191,4,1
2192,4,2
2193,4,2
2194,4,2
2195,4,4
2196,4,3
2197,4,1
2198,4,3
2199,4,2
2200,4,4
2201,4,2
2202,4,4
2203,4,0
2204,4,4
2205,4,4
2206,4,1
2207,4,0
2208,4,1
2209,4,2
2210,4,1
2211,4,4
2212,4,1
2213,4,4
2214,4,3
2215,4,4
2216,4,2
2217,4,2
2218,4,4
2219,4,3
2220,4,4
2221,4,2
2222,4,4
2223,4,2
2224,4,2
2225,4,3
2226,4,3
2227,4,2
2228,4,2
2229,4,1
2230,4,4
2231,4,3
2232,4,0
2233,4,0
2234,4,4
2235,4,3
2236,4,2
2237,4,2
2238,4,2
2239,4,3
2240,4,4
2241,4,3
2242,4,0
2243,4,4
2244,4,4
2245,4,4
2246,4,1
2247,4,2
2248,4,4
2249,4,0
2250,4,0
2251,4,3
2252,4,2
2253,4,4
2254,4,1
2255,4,1
2256,4,2
2257,4,2
2258,4,1
2259,4,4
2260,4,2
2261,4,4
2262,4,2
2263,4,2
2264,4,4
2265,4,1
2266,4,4
2267,4,2
2268,4,1
2269,4,2
2270,4,1
2271,4,4
2272,4,4
2273,4,1
2274,4,4
2275,4,4
2276,4,3
2277,4,0
2278,4,4
2279,4,0
2280,4,4
2281,4,1
2282,4,2
2283,4,2
2284,4,4
2285,4,4
2286,4,0
2287,4,4
2288,4,2
2289,4,2
2290,4,1
2291,4,4
2292,4,1
2293,4,4
2294,4,3
2295,4,4
2296,4,4
2297,4,0
2298,4,0
2299,4,2
2300,4,2
2301,4,1
2302,4,1
2303,4,2
2304,4,4
2305,4,4
2306,4,2
2307,4,4
2308,4,4
2309,4,4
2310,4,2
2311,4,4
2312,4,0
2313,4,4
2314,4,1
2315,4,2
2316,4,4
2317,4,4
2318,4,2
2319,4,4
2320,4,3
2321,4,4
2322,4,2
2323,4,4
2324,4,1
2325,4,4
2326,4,3
2327,4,2
2328,4,3
2329,4,4
2330,4,0
2331,4,4
2332,4,4
2333,4,4
2334,4,3
2335,4,1
2336,4,3
2337,4,3
2338,4,2
2339,4,4
2340,4,0
2341,4,2
2342,4,0
2343,4,4
2344,4,0
2345,4,2
2346,4,1
2347,4,0
2348,4,4
2349,4,4
2350,4,3
2351,4,2
2352,4,1
2353,4,2
2354,4,2
2355,4,2
2356,4,4
2357,4,1
2358,4,4
2359,4,2
2360,4,4
2361,4,2
2362,4,2
2363,4,0
2364,4,3
2365,4,3
2366,4,1
2367,4,1
2368,4,2
2369,4,2
2370,4,3
2371,4,1
2372,4,2
2373,4,3
2374,4,4
2375,4,4
2376,4,0
2377,4,1
2378,4,1
2379,4,2
2380,4,2
2381,4,0
2382,4,3
2383,4,3
2384,4,4
2385,4,4
2386,4,3
2387,4,2
2388,4,1
2389,4,4
2390,4,1
2391,4,4
2392,4,2
2393,4,4
2394,4,4
2395,4,0
2396,4,2
2397,4,2
2398,4,2
2399,4,4
2400,4,2
2401,4,1
2402,4,4
2403,4,1
2404,4,4
2405,4,4
2406,4,2
2407,4,0
2408,4,2
2409,4,2
2410,4,0
2411,4,0
2412,4,0
2413,4,0
2414,4,0
2415,4,2
2416,4,1
2417,4,2
2418,4,4
2419,4,3
2420,4,0
2421,4,3
2422,4,2
2423,4,4
2424,4,4
2425,4,0
2426,4,3
2427,4,4
2428,4,0
2429,4,2
2430,4,3
2431,4,3
2432,4,2
2433,4,3
2434,4,2
2435,4,1
2436,4,3
2437,4,4
2438,4,0
2439,4,0
2440,4,4
2441,4,1
2442,4,2
2443,4,4
2444,4,2
2445,4,4
2446,4,0
2447,4,2
2448,4,1
2449,4,0
2450,4,2
2451,4,1
2452,4,3
2453,4,1
2454,4,0
2455,4,3
2456,4,1
2457,4,1
2458,4,2
2459,4,0
2460,4,1
2461,4,2
2462,4,4
2463,4,3
2464,4,4
2465,4,4
2466,4,2
2467,4,0
2468,4,4
2469,4,1
2470,4,0
2471,4,4
2472,4,3
2473,4,1
2474,4,3
2475,4,2
2476,4,4
2477,4,3
2478,4,4
2479,4,2
2480,4,4
2481,4,4
2482,4,3
2483,4,0
2484,4,1
2485,4,2
2486,4,2
2487,4,1
2488,4,2
2489,4,4
2490,4,0
2491,4,4
2492,4,2
2493,4,1
2494,4,1
2495,4,2
2496,4,0
2497,4,1
2498,4,2
2499,4,4
2500,4,4
2501,4,4
2502,4,3
2503,4,2
2504,4,3
2505,4,2
2506,4,0
2507,4,3
2508,4,2
2509,4,4
2510,4,2
2511,4,1
2512,4,4
2513,4,2
2514,4,2
2515,4,4
2516,4,3
2517,4,4
2518,4,3
2519,4,4
2520,4,2
2521,4,0
2522,4,2
2523,4,2
2524,4,2
2525,4,2
2526,4,2
2527,4,3
2528,4,2
2529,4,3
2530,4,2
2531,4,0
2532,4,2
2533,4,4
2534,4,2
2535,4,4
2536,4,0
2537,4,2
2538,4,3
2539,4,2
2540,4,4
2541,4,0
2542,4,0
2543,4,4
2544,4,3
2545,4,4
2546,4,3
2547,4,3
2548,4,2
2549,4,0
2550,4,3
2551,4,1
2552,4,4
2553,4,0
2554,4,2
2555,4,4
2556,4,0
2557,4,0
2558,4,0
2559,4,3
2560,4,4
2561,4,2
2562,4,3
2563,4,3
2564,4,4
2565,4,0
2566,4,2
2567,4,2
2568,4,3
2569,4,3
2570,4,3
2571,4,3
2572,4,1
2573,4,4
2574,4,4
2575,4,2
2576,4,2
2577,4,0
2578,4,2
2579,4,0
2580,4,4
2581,4,4
2582,4,4
2583,4,2
2584,4,1
2585,4,4
2586,4,0
2587,4,4
2588,4,4
2589,4,3
2590,4,1
2591,4,3
2592,4,1
2593,4,2
2594,4,2
2595,4,0
2596,4,3
2597,4,4
2598,4,4
2599,4,1
2600,4,2
2601,4,2
2602,4,1
2603,4,4
2604,4,2
2605,4,4
2606,4,4
2607,4,3
2608,4,2
2609,4,3
2610,4,2
2611,4,4
2612,4,2
2613,4,4
2614,4,2
2615,4,3
2616,4,0
2617,4,2
2618,4,0
2619,4,0
2620,4,4
2621,4,0
2622,4,3
2623,4,1
2624,4,1
2625,4,4
2626,4,2
2627,4,4
2628,4,2
2629,4,3
2630,4,4
2631,4,2
2632,4,4
2633,4,3
2634,4,4
2635,4,4
2636,4,3
2637,4,0
2638,4,0
2639,4,2
2640,4,1
2641,4,2
2642,4,1
2643,4,4
2644,4,2
2645,4,4
2646,4,4
2647,4,4
2648,4,0
2649,4,2
2650,4,2
2651,4,2
2652,4,2
2653,4,2
2654,4,2
2655,4,4
2656,4,1
2657,4,0
2658,4,2
2659,4,3
2660,4,3
2661,4,3
2662,4,2
2663,4,4
2664,4,3
2665,4,2
2666,4,3
2667,4,3
2668,4,3
2669,4,2
2670,4,4
2671,4,4
2672,4,4
2673,4,1
2674,4,2
2675,4,4
2676,4,0
2677,4,0
2678,4,4
2679,4,3
2680,4,0
2681,4,0
2682,4,2
2683,4,4
2684,4,4
2685,4,1
2686,4,2
2687,4,3
2688,4,4
2689,4,0
2690,4,4
2691,4,2
2692,4,0
2693,4,4
2694,4,2
2695,4,0
2696,4,2
2697,4,2
2698,4,2
2699,4,2
2700,4,4
2701,4,2
2702,4,4
2703,4,2
2704,4,0
2705,4,2
2706,4,4
2707,4,3
2708,4,4
2709,4,1
2710,4,2
2711,4,0
2712,4,4
2713,4,3
2714,4,3
2715,4,2
2716,4,0
2717,4,4
2718,4,1
2719,4,3
2720,4,0
2721,4,3
2722,4,4
2723,4,4
2724,4,3
2725,4,1
2726,4,2
2727,4,3
2728,4,4
2729,4,4
2730,4,0
2731,4,0
2732,4,3
2733,4,2
2734,4,0
2735,4,2
2736,4,4
2737,4,1
2738,4,4
2739,4,2
2740,4,4
2741,4,4
2742,4,2
2743,4,2
2744,4,4
2745,4,0
2746,4,2
2747,4,2
2748,4,4
2749,4,2
2750,4,1
2751,4,0
2752,4,1
2753,4,2
2754,4,0
2755,4,4
2756,4,0
2757,4,1
2758,4,4
2759,4,3
2760,4,2
2761,4,2
2762,4,3
2763,4,2
2764,4,1
2765,4,4
2766,4,2
2767,4,3
2768,4,2
2769,4,2
2770,4,4
2771,4,4
2772,4,3
2773,4,2
2774,4,3
2775,4,1
2776,4,1
2777,4,1
2778,4,4
2779,4,3
2780,4,4
2781,4,4
2782,4,4
2783,4,1
2784,4,3
2785,4,0
2786,4,2
2787,4,4
2788,4,0
2789,4,4
2790,4,3
2791,4,4
2792,4,4
2793,4,2
2794,4,2
2795,4,3
2796,4,4
2797,4,4
2798,4,3
2799,4,3
2800,4,4
2801,4,3
2802,4,0
2803,4,0
2804,4,1
2805,4,0
2806,4,0
2807,4,2
2808,4,2
2809,4,4
2810,4,2
2811,4,4
2812,4,2
2813,4,4
2814,4,3
2815,4,4
2816,4,2
2817,4,2
2818,4,0
2819,4,4
2820,4,0
2821,4,2
2822,4,4
2823,4,1
2824,4,4
2825,4,3
2826,4,4
2827,4,0
2828,4,1
2829,4,3
2830,4,0
2831,4,0
2832,4,0
2833,4,3
2834,4,0
2835,4,4
2836,4,3
2837,4,0
2838,4,4
2839,4,0
2840,4,2
2841,4,3
2842,4,1
2843,4,0
2844,4,3
2845,4,3
2846,4,1
2847,4,1
2848,4,0
2849,4,1
2850,4,4
2851,4,0
2852,4,4
2853,4,0
2854,4,4
2855,4,3
2856,4,0
2857,4,4
2858,4,4
2859,4,1
2860,4,2
2861,4,2
2862,4,3
2863,4,3
2864,4,2
2865,4,3
2866,4,2
2867,4,3
2868,4,4
2869,4,1
2870,4,1
2871,4,2
2872,4,4
2873,4,3
2874,4,0
2875,4,4
2876,4,0
2877,4,0
2878,4,0
2879,4,1
2880,4,1
2881,4,0
2882,4,2
2883,4,3
2884,4,0
2885,4,2
2886,4,3
2887,4,0
2888,4,3
2889,4,2
2890,4,1
2891,4,2
2892,4,1
2893,4,0
2894,4,4
2895,4,3
2896,4,4
2897,4,0
2898,4,3
2899,4,2
2900,4,4
2901,4,0
2902,4,3
2903,4,2
2904,4,4
2905,4,4
2906,4,4
2907,4,4
2908,4,4
2909,4,4
2910,4,4
2911,4,1
2912,4,3
2913,4,4
2914,4,3
2915,4,0
2916,4,4
2917,4,3
2918,4,4
2919,4,1
2920,4,0
2921,4,2
2922,4,1
2923,4,0
2924,4,0
2925,4,4
2926,4,2
2927,4,4
2928,4,4
2929,4,3
2930,4,0
2931,4,2
2932,4,0
2933,4,0
2934,4,3
2935,4,4
2936,4,0
2937,4,2
2938,4,0
2939,4,4
2940,4,2
2941,4,3
2942,4,0
2943,4,2
2944,4,0
2945,4,0
2946,4,4
2947,4,0
2948,4,4
2949,4,2
2950,4,1
2951,4,2
2952,4,2
2953,4,2
2954,4,0
2955,4,4
2956,4,4
2957,4,4
2958,4,2
2959,4,4
2960,4,4
2961,4,2
2962,4,4
2963,4,2
2964,4,4
2965,4,4
2966,4,4
2967,4,4
2968,4,2
2969,4,2
2970,4,4
2971,4,3
2972,4,2
2973,4,2
2974,4,1
2975,4,2
2976,4,4
2977,4,0
2978,4,3
2979,4,4
2980,4,2
2981,4,4
2982,4,4
2983,4,1
2984,4,2
2985,4,3
2986,4,2
2987,4,2
2988,4,1
2989,4,2
2990,4,2
2991,4,0
2992,4,3
2993,4,2
2994,4,3
2995,4,2
2996,4,4
2997,4,4
2998,4,3
2999,4,4
3000,4,4
3001,4,4
3002,4,3
3003,4,4
3004,4,4
3005,4,4
3006,4,2
3007,4,2
3008,4,2
3009,4,3
3010,4,0
3011,4,4
3012,4,2
3013,4,1
3014,4,0
3015,4,2
3016,4,2
3017,4,4
3018,4,2
3019,4,3
3020,4,1
3021,4,2
3022,4,4
3023,4,2
3024,4,0
3025,4,0
3026,4,2
3027,4,1
3028,4,4
3029,4,1
3030,4,4
3031,4,4
3032,4,4
3033,4,0
3034,4,2
3035,4,2
3036,4,2
3037,4,4
3038,4,3
3039,4,0
3040,4,3
3041,4,4
3042,4,4
3043,4,2
3044,4,4
3045,4,0
3046,4,0
3047,4,4
3048,4,2
3049,4,0
3050,4,4
3051,4,1
3052,4,4
3053,4,4
3054,4,4
3055,4,4
3056,4,0
3057,4,4
3058,4,4
3059,4,0
3060,4,2
3061,4,4
3062,4,1
3063,4,3
3064,4,4
3065,4,3
3066,4,0
3067,4,0
3068,4,1
3069,4,3
3070,4,2
3071,4,3
3072,4,2
3073,4,2
3074,4,1
3075,4,1
3076,4,4
3077,4,1
3078,4,1
3079,4,4
3080,4,2
3081,4,4
3082,4,1
3083,4,3
3084,4,0
3085,4,0
3086,4,0
3087,4,3
3088,4,2
3089,4,3
3090,4,3
3091,4,0
3092,4,2
3093,4,4
3094,4,0
3095,4,2
3096,4,2
3097,4,4
3098,4,4
3099,4,2
3100,4,4
3101,4,1
3102,4,2
3103,4,2
3104,4,0
3105,4,4
3106,4,4
3107,4,4
3108,4,2
3109,4,2
3110,4,4
3111,4,4
3112,4,4
3113,4,4
3114,4,1
3115,4,4
3116,4,3
3117,4,3
3118,4,0
3119,4,1
3120,4,1
3121,4,4
3122,4,4
3123,4,4
3124,4,4
3125,4,2
3126,4,2
3127,4,4
3128,4,1
3129,4,0
3130,4,1
3131,4,2
3132,4,4
3133,4,0
3134,4,0
3135,4,4
3136,4,2
3137,4,0
3138,4,4
3139,4,4
3140,4,3
3141,4,0
3142,4,1
3143,4,2
3144,4,1
3145,4,4
3146,4,4
3147,4,4
3148,4,3
3149,4,1
3150,4,1
3151,4,2
3152,4,3
3153,4,1
3154,4,0
3155,4,4
3156,4,4
3157,4,4
3158,4,4
3159,4,3
3160,4,4
3161,4,4
3162,4,4
3163,4,3
3164,4,4
3165,4,1
3166,4,0
3167,4,4
3168,4,3
3169,4,4
3170,4,2
3171,4,4
3172,4,4
3173,4,4
3174,4,2
3175,4,2
3176,4,2
3177,4,3
3178,4,2
3179,4,4
3180,4,4
3181,4,2
3182,4,0
3183,4,2
3184,4,2
3185,4,1
3186,4,0
3187,4,1
3188,4,2
3189,4,3
3190,4,3
3191,4,4
3192,4,4
3193,4,0
3194,4,4
3195,4,2
3196,4,1
3197,4,3
3198,4,2
3199,4,2
3200,4,4
3201,4,2
3202,4,1
3203,4,4
3204,4,4
3205,4,2
3206,4,0
3207,4,3
3208,4,4
3209,4,4
3210,4,1
3211,4,2
3212,4,0
3213,4,2
3214,4,1
3215,4,4
3216,4,2
3217,4,1
3218,4,0
3219,4,4
3220,4,0
3221,4,4
3222,4,4
3223,4,0
3224,4,4
3225,4,4
3226,4,3
3227,4,4
3228,4,0
3229,4,3
3230,4,2
3231,4,4
3232,4,1
3233,4,2
3234,4,0
3235,4,1
3236,4,2
3237,4,2
3238,4,1
3239,4,4
3240,4,1
3241,4,0
3242,4,4
3243,4,3
3244,4,3
3245,4,2
3246,4,1
3247,4,4
3248,4,2
3249,4,3
3250,4,1
3251,4,2
3252,4,3
3253,4,3
3254,4,4
3255,4,4
3256,4,1
3257,4,4
3258,4,3
3259,4,1
3260,4,2
3261,4,1
3262,4,1
3263,4,0
3264,4,3
3265,4,4
3266,4,4
3267,4,2
3268,4,4
3269,4,2
3270,4,2
3271,4,2
3272,4,0
3273,4,3
3274,4,4
3275,4,1
3276,4,4
3277,4,4
3278,4,1
3279,4,2
3280,4,2
3281,4,4
3282,4,4
3283,4,1
3284,4,4
3285,4,2
3286,4,4
3287,4,3
3288,4,3
3289,4,3
3290,4,3
3291,4,4
3292,4,3
3293,4,4
3294,4,0
3295,4,4
3296,4,1
3297,4,4
3298,4,4
3299,4,4
3300,4,2
3301,4,3
3302,4,3
3303,4,4
3304,4,4
3305,4,3
3306,4,4
3307,4,2
3308,4,4
3309,4,2
3310,4,4
3311,4,0
3312,4,1
3313,4,3
3314,4,3
3315,4,3
3316,4,2
3317,4,3
3318,4,1
3319,4,4
3320,4,1
3321,4,3
3322,4,1
3323,4,2
3324,4,4
3325,4,4
3326,4,4
3327,4,3
3328,4,4
3329,4,2
3330,4,2
3331,4,4
3332,4,3
3333,4,2
3334,4,2
3335,4,3
3336,4,3
3337,4,0
3338,4,3
3339,4,0
3340,4,3
3341,4,3
3342,4,4
3343,4,3
3344,4,4
3345,4,0
3346,4,3
3347,4,2
3348,4,4
3349,4,1
3350,4,2
3351,4,2
3352,4,4
3353,4,1
3354,4,3
3355,4,0
3356,4,2
3357,4,3
3358,4,0
3359,4,4
3360,4,1
3361,4,0
3362,4,4
3363,4,4
3364,4,1
3365,4,4
3366,4,2
3367,4,4
3368,4,1
3369,4,1
3370,4,2
3371,4,2
3372,4,4
3373,4,4
3374,4,4
3375,4,4
3376,4,2
3377,4,3
3378,4,2
3379,4,3
3380,4,2
3381,4,2
3382,4,4
3383,4,4
3384,4,2
3385,4,4
3386,4,3
3387,4,4
3388,4,4
3389,4,3
3390,4,0
3391,4,4
3392,4,0
3393,4,2
3394,4,4
3395,4,2
3396,4,0
3397,4,0
3398,4,4
3399,4,3
3400,4,4
3401,4,0
3402,4,2
3403,4,2
3404,4,2
3405,4,2
3406,4,0
3407,4,1
3408,4,3
3409,4,2
3410,4,2
3411,4,4
3412,4,4
3413,4,1
3414,4,4
3415,4,4
3416,4,4
3417,4,1
3418,4,0
3419,4,1
3420,4,4
3421,4,3
3422,4,2
3423,4,2
3424,4,2
3425,4,4
3426,4,3
3427,4,0
3428,4,4
3429,4,2
3430,4,2
3431,4,4
3432,4,2
3433,4,2
3434,4,3
3435,4,1
3436,4,0
3437,4,4
3438,4,1
3439,4,0
3440,4,4
3441,4,4
3442,4,4
3443,4,2
3444,4,3
3445,4,2
3446,4,2
3447,4,2
3448,4,2
3449,4,4
3450,4,4
3451,4,4
3452,4,1
3453,4,2
3454,4,1
3455,4,2
3456,4,1
3457,4,1
3458,4,2
3459,4,1
3460,4,2
3461,4,2
3462,4,4
3463,4,3
3464,4,2
3465,4,2
3466,4,0
3467,4,0
3468,4,4
3469,4,1
3470,4,3
3471,4,4
3472,4,0
3473,4,2
3474,4,4
3475,4,4
3476,4,4
3477,4,2
3478,4,4
3479,4,1
3480,4,2
3481,4,3
3482,4,2
3483,4,4
3484,4,4
3485,4,4
3486,4,4
3487,4,3
3488,4,4
3489,4,3
3490,4,3
3491,4,0
3492,4,2
3493,4,0
3494,4,3
3495,4,2
3496,4,2
3497,4,3
3498,4,4
3499,4,1
3500,4,4
3501,4,2
3502,4,2
3503,4,0
3504,4,1
3505,4,2
3506,4,4
3507,4,2
3508,4,4
3509,4,4
3510,4,2
3511,4,2
3512,4,3
3513,4,0
3514,4,4
3515,4,1
3516,4,0
3517,4,4
3518,4,0
3519,4,1
3520,4,0
3521,4,4
3522,4,3
3523,4,4
3524,4,4
3525,4,4
3526,4,4
3527,4,2
3528,4,2
3529,4,0
3530,4,1
3531,4,0
3532,4,3
3533,4,1
3534,4,0
3535,4,3
3536,4,2
3537,4,4
3538,4,3
3539,4,0
3540,4,4
3541,4,2
3542,4,0
3543,4,4
3544,4,0
3545,4,4
3546,4,2
3547,4,0
3548,4,4
3549,4,3
3550,4,2
3551,4,0
3552,4,4
3553,4,4
3554,4,3
3555,4,2
3556,4,0
3557,4,4
3558,4,2
3559,4,4
3560,4,4
3561,4,1
3562,4,1
3563,4,2
3564,4,0
3565,4,3
3566,4,0
3567,4,1
3568,4,3
3569,4,4
3570,4,1
3571,4,3
3572,4,0
3573,4,3
3574,4,3
3575,4,2
3576,4,3
3577,4,3
3578,4,4
3579,4,2
3580,4,0
3581,4,1
3582,4,0
3583,4,3
3584,4,2
3585,4,2
3586,4,3
3587,4,0
3588,4,4
3589,4,2
3590,4,4
3591,4,1
3592,4,4
3593,4,2
3594,4,4
3595,4,4
3596,4,1
3597,4,3
3598,4,3
3599,4,1
3600,4,3
3601,4,1
3602,4,1
3603,4,2
3604,4,1
3605,4,3
3606,4,1
3607,4,0
3608,4,3
3609,4,4
3610,4,2
3611,4,4
3612,4,4
3613,4,2
3614,4,4
3615,4,2
3616,4,3
3617,4,1
3618,4,3
3619,4,2
3620,4,4
3621,4,4
3622,4,3
3623,4,3
3624,4,0
3625,4,4
3626,4,4
3627,4,3
3628,4,2
3629,4,2
3630,4,4
3631,4,2
3632,4,0
3633,4,0
3634,4,3
3635,4,4
3636,4,2
3637,4,2
3638,4,2
3639,4,3
3640,4,1
3641,4,3
3642,4,0
3643,4,2
3644,4,4
3645,4,4
3646,4,4
3647,4,4
3648,4,4
3649,4,3
3650,4,3
3651,4,2
3652,4,2
3653,4,3
3654,4,4
3655,4,2
3656,4,4
3657,4,4
3658,4,4
3659,4,4
3660,4,0
3661,4,2
3662,4,1
3663,4,2
3664,4,2
3665,4,0
3666,4,1
3667,4,2
3668,4,0
3669,4,3
3670,4,2
3671,4,1
3672,4,1
3673,4,1
3674,4,4
3675,4,4
3676,4,2
3677,4,2
3678,4,4
3679,4,4
3680,4,0
3681,4,4
3682,4,3
3683,4,1
3684,4,4
3685,4,3
3686,4,0
3687,4,4
3688,4,1
3689,4,3
3690,4,2
3691,4,1
3692,4,1
3693,4,2
3694,4,2
3695,4,4
3696,4,4
3697,4,2
3698,4,0
3699,4,4
3700,4,4
3701,4,4
3702,4,4
3703,4,4
3704,4,1
3705,4,2
3706,4,0
3707,4,3
3708,4,2
3709,4,0
3710,4,4
3711,4,0
3712,4,2
3713,4,4
3714,4,2
3715,4,0
3716,4,2
3717,4,1
3718,4,3
3719,4,1
3720,4,3
3721,4,2
3722,4,3
3723,4,2
3724,4,4
3725,4,4
3726,4,4
3727,4,4
3728,4,4
3729,4,4
3730,4,0
3731,4,2
3732,4,3
3733,4,0
3734,4,1
3735,4,1
3736,4,2
3737,4,3
3738,4,2
3739,4,4
3740,4,3
3741,4,4
3742,4,4
3743,4,2
3744,4,4
3745,4,4
3746,4,3
3747,4,4
3748,4,4
3749,4,0
3750,4,0
3751,4,3
3752,4,2
3753,4,4
3754,4,4
3755,4,1
3756,4,3
3757,4,2
3758,4,4
3759,4,4
3760,4,4
3761,4,2
3762,4,2
3763,4,2
3764,4,1
3765,4,0
3766,4,4
3767,4,0
3768,4,4
3769,4,2
3770,4,2
3771,4,3
3772,4,2
3773,4,4
3774,4,2
3775,4,1
3776,4,2
3777,4,4
3778,4,1
3779,4,3
3780,4,4
3781,4,2
3782,4,3
3783,4,4
3784,4,0
3785,4,1
3786,4,1
3787,4,1
3788,4,2
3789,4,4
3790,4,1
3791,4,4
3792,4,4
3793,4,0
3794,4,4
3795,4,0
3796,4,2
3797,4,4
3798,4,0
3799,4,1
3800,4,0
3801,4,0
3802,4,2
3803,4,1
3804,4,2
3805,4,2
3806,4,1
3807,4,3
3808,4,1
3809,4,2
3810,4,2
3811,4,4
3812,4,0
3813,4,1
3814,4,3
3815,4,1
3816,4,4
3817,4,3
3818,4,0
3819,4,3
3820,4,1
3821,4,4
3822,4,1
3823,4,4
3824,4,1
3825,4,1
3826,4,0
3827,4,1
3828,4,4
3829,4,4
3830,4,2
3831,4,2
3832,4,4
3833,4,3
3834,4,4
3835,4,4
3836,4,1
3837,4,2
3838,4,1
3839,4,4
3840,4,4
3841,4,1
3842,4,4
3843,4,1
3844,4,4
3845,4,0
3846,4,2
3847,4,4
3848,4,4
3849,4,4
3850,4,2
3851,4,1
3852,4,4
3853,4,1
3854,4,4
3855,4,1
3856,4,0
3857,4,2
3858,4,2
3859,4,2
3860,4,1
3861,4,4
3862,4,1
3863,4,3
3864,4,3
3865,4,0
3866,4,0
3867,4,4
3868,4,2
3869,4,1
3870,4,0
3871,4,3
3872,4,4
3873,4,3
3874,4,2
3875,4,3
3876,4,2
3877,4,4
3878,4,4
3879,4,1
3880,4,2
3881,4,0
3882,4,3
3883,4,1
3884,4,3
3885,4,0
3886,4,4
3887,4,2
3888,4,3
3889,4,0
3890,4,4
3891,4,0
3892,4,4
3893,4,3
3894,4,0
3895,4,2
3896,4,4
3897,4,4
3898,4,1
3899,4,1
3900,4,3
3901,4,1
3902,4,3
3903,4,4
3904,4,1
3905,4,4
3906,4,2
3907,4,1
3908,4,2
3909,4,4
3910,4,1
3911,4,3
3912,4,1
3913,4,4
3914,4,0
3915,4,1
3916,4,4
3917,4,0
3918,4,3
3919,4,4
3920,4,1
3921,4,4
3922,4,4
3923,4,2
3924,4,3
3925,4,0
3926,4,4
3927,4,1
3928,4,0
3929,4,3
3930,4,2
3931,4,3
3932,4,4
3933,4,2
3934,4,3
3935,4,4
3936,4,1
3937,4,4
3938,4,4
3939,4,4
3940,4,4
3941,4,0
3942,4,4
3943,4,4
3944,4,0
3945,4,4
3946,4,2
3947,4,3
3948,4,4
3949,4,2
3950,4,2
3951,4,4
3952,4,4
3953,4,0
3954,4,0
3955,4,3
3956,4,2
3957,4,4
3958,4,2
3959,4,2
3960,4,4
3961,4,3
3962,4,2
3963,4,1
3964,4,2
3965,4,3
3966,4,1
3967,4,0
3968,4,0
3969,4,4
3970,4,2
3971,4,1
3972,4,1
3973,4,3
3974,4,4
3975,4,3
3976,4,4
3977,4,4
3978,4,2
3979,4,4
3980,4,4
3981,4,4
3982,4,0
3983,4,2
3984,4,1
3985,4,2
3986,4,2
3987,4,1
3988,4,2
3989,4,0
3990,4,0
3991,4,4
3992,4,4
3993,4,3
3994,4,3
3995,4,3
3996,4,2
3997,4,2
3998,4,2
3999,4,2
4000,4,2
4001,4,4
4002,4,3
4003,4,2
4004,4,0
4005,4,2
4006,4,0
4007,4,3
4008,4,4
4009,4,3
4010,4,0
4011,4,1
4012,4,3
4013,4,2
4014,4,3
4015,4,3
4016,4,4
4017,4,4
4018,4,4
4019,4,3
4020,4,2
4021,4,3
4022,4,2
4023,4,3
4024,4,1
4025,4,2
4026,4,2
4027,4,1
4028,4,4
4029,4,4
4030,4,3
4031,4,2
4032,4,0
4033,4,1
4034,4,2
4035,4,2
4036,4,3
4037,4,2
4038,4,0
4039,4,2
4040,4,4
4041,4,4
4042,4,4
4043,4,4
4044,4,1
4045,4,3
4046,4,0
4047,4,1
4048,4,1
4049,4,4
4050,4,4
4051,4,3
4052,4,2
4053,4,3
4054,4,2
4055,4,4
4056,4,2
4057,4,4
4058,4,4
4059,4,3
4060,4,3
4061,4,2
4062,4,2
4063,4,4
4064,4,4
4065,4,4
4066,4,1
4067,4,1
4068,4,0
4069,4,0
4070,4,2
4071,4,3
4072,4,0
4073,4,1
4074,4,2
4075,4,3
4076,4,3
4077,4,3
4078,4,0
4079,4,1
4080,4,2
4081,4,2
4082,4,4
4083,4,2
4084,4,0
4085,4,1
4086,4,0
4087,4,1
4088,4,2
4089,4,3
4090,4,0
4091,4,0
4092,4,4
4093,4,3
4094,4,2
4095,4,4
4096,4,0
4097,4,3
4098,4,3
4099,4,1
4100,4,4
4101,4,4
4102,4,3
4103,4,2
4104,4,1
4105,4,2
4106,4,4
4107,4,3
4108,4,4
4109,4,4
4110,4,3
4111,4,4
4112,4,4
4113,4,0
4114,4,0
4115,4,1
4116,4,0
4117,4,2
4118,4,4
4119,4,0
4120,4,4
4121,4,3
4122,4,3
4123,4,1
4124,4,4
4125,4,1
4126,4,2
4127,4,4
4128,4,1
4129,4,4
4130,4,4
4131,4,1
4132,4,4
4133,4,0
4134,4,2
4135,4,3
4136,4,4
4137,4,3
4138,4,2
4139,4,4
4140,4,4
4141,4,3
4142,4,3
4143,4,4
4144,4,2
4145,4,3
4146,4,4
4147,4,4
4148,4,0
4149,4,2
4150,4,4
4151,4,0
4152,4,4
4153,4,1
4154,4,2
4155,4,4
4156,4,0
4157,4,3
4158,4,3
4159,4,4
4160,4,0
4161,4,0
4162,4,3
4163,4,2
4164,4,3
4165,4,0
4166,4,4
4167,4,2
4168,4,0
4169,4,2
4170,4,4
4171,4,0
4172,4,1
4173,4,1
4174,4,2
4175,4,4
4176,4,1
4177,4,0
4178,4,4
4179,4,2
4180,4,2
4181,4,4
4182,4,2
4183,4,1
4184,4,1
4185,4,2
4186,4,4
4187,4,0
4188,4,1
4189,4,0
4190,4,4
4191,4,0
4192,4,4
4193,4,4
4194,4,4
4195,4,4
4196,4,3
4197,4,2
4198,4,0
4199,4,0
4200,4,0
4201,4,0
4202,4,1
4203,4,0
4204,4,0
4205,4,1
4206,4,4
4207,4,4
4208,4,0
4209,4,1
4210,4,3
4211,4,2
4212,4,4
4213,4,4
4214,4,2
4215,4,3
4216,4,2
4217,4,0
4218,4,4
4219,4,4
4220,4,0
4221,4,4
4222,4,4
4223,4,4
4224,4,4
4225,4,3
4226,4,3
4227,4,2
4228,4,4
4229,4,3
4230,4,4
4231,4,4
4232,4,3
4233,4,1
4234,4,3
4235,4,2
4236,4,4
4237,4,1
4238,4,4
4239,4,2
4240,4,1
4241,4,3
4242,4,2
4243,4,1
4244,4,0
4245,4,4
4246,4,4
4247,4,3
4248,4,4
4249,4,3
4250,4,4
4251,4,3
4252,4,0
4253,4,4
4254,4,3
4255,4,1
4256,4,2
4257,4,4
4258,4,0
4259,4,3
4260,4,1
4261,4,1
4262,4,2
4263,4,2
4264,4,0
4265,4,4
4266,4,1
4267,4,1
4268,4,2
4269,4,2
4270,4,1
4271,4,4
4272,4,2
4273,4,0
4274,4,1
4275,4,2
4276,4,4
4277,4,0
4278,4,4
4279,4,2
4280,4,2
4281,4,4
4282,4,2
4283,4,3
4284,4,4
4285,4,3
4286,4,2
4287,4,3
4288,4,1
4289,4,3
4290,4,3
4291,4,2
4292,4,4
4293,4,2
4294,4,0
4295,4,2
4296,4,2
4297,4,0
4298,4,0
4299,4,4
4300,4,4
4301,4,4
4302,4,3
4303,4,3
4304,4,2
4305,4,2
4306,4,2
4307,4,1
4308,4,4
4309,4,2
4310,4,1
4311,4,2
4312,4,1
4313,4,3
4314,4,4
4315,4,4
4316,4,0
4317,4,4
4318,4,4
4319,4,3
4320,4,4
4321,4,4
4322,4,3
4323,4,2
4324,4,0
4325,4,2
4326,4,4
4327,4,2
4328,4,4
4329,4,4
4330,4,0
4331,4,4
4332,4,4
4333,4,4
4334,4,2
4335,4,2
4336,4,2
4337,4,4
4338,4,4
4339,4,2
4340,4,1
4341,4,0
4342,4,2
4343,4,4
4344,4,4
4345,4,1
4346,4,4
4347,4,2
4348,4,1
4349,4,3
4350,4,4
4351,4,3
4352,4,2
4353,4,1
4354,4,4
4355,4,0
4356,4,1
4357,4,1
4358,4,2
4359,4,2
4360,4,0
4361,4,4
4362,4,4
4363,4,2
4364,4,0
4365,4,2
4366,4,2
4367,4,2
4368,4,3
4369,4,2
4370,4,1
4371,4,2
4372,4,4
4373,4,0
4374,4,4
4375,4,4
4376,4,0
4377,4,0
4378,4,3
4379,4,1
4380,4,2
4381,4,1
4382,4,4
4383,4,4
4384,4,4
4385,4,4
4386,4,3
4387,4,0
4388,4,2
4389,4,4
4390,4,1
4391,4,2
4392,4,0
4393,4,2
4394,4,3
4395,4,2
4396,4,4
4397,4,4
4398,4,3
4399,4,3
4400,4,2
4401,4,1
4402,4,4
4403,4,4
4404,4,0
4405,4,2
4406,4,4
4407,4,2
4408,4,4
4409,4,2
4410,4,4
4411,4,4
4412,4,1
4413,4,4
4414,4,0
4415,4,4
4416,4,1
4417,4,2
4418,4,3
4419,4,4
4420,4,2
4421,4,0
4422,4,0
4423,4,2
4424,4,2
4425,4,2
4426,4,2
4427,4,2
4428,4,1
4429,4,4
4430,4,1
4431,4,4
4432,4,1
4433,4,2
4434,4,1
4435,4,4
4436,4,3
4437,4,2
4438,4,4
4439,4,4
4440,4,1
4441,4,0
4442,4,4
4443,4,3
4444,4,4
4445,4,4
4446,4,3
4447,4,4
4448,4,2
4449,4,4
4450,4,4
4451,4,4
4452,4,0
4453,4,4
4454,4,2
4455,4,4
4456,4,0
4457,4,0
4458,4,0
4459,4,2
4460,4,1
4461,4,2
4462,4,0
4463,4,3
4464,4,3
4465,4,4
4466,4,4
4467,4,2
4468,4,0
4469,4,4
4470,4,4
4471,4,2
4472,4,0
4473,4,1
4474,4,2
4475,4,0
4476,4,2
4477,4,4
4478,4,4
4479,4,2
4480,4,2
4481,4,1
4482,4,3
4483,4,3
4484,4,4
4485,4,0
4486,4,3
4487,4,1
4488,4,3
4489,4,4
4490,4,1
4491,4,0
4492,4,0
4493,4,1
4494,4,2
4495,4,2
4496,4,2
4497,4,2
4498,4,2
4499,4,4
4500,4,2
4501,4,4
4502,4,3
4503,4,2
4504,4,2
4505,4,2
4506,4,3
4507,4,0
4508,4,2
4509,4,2
4510,4,0
4511,4,0
4512,4,1
4513,4,2
4514,4,1
4515,4,2
4516,4,4
4517,4,3
4518,4,1
4519,4,2
4520,4,3
4521,4,4
4522,4,1
4523,4,0
4524,4,2
4525,4,1
4526,4,4
4527,4,1
4528,4,3
4529,4,1
4530,4,4
4531,4,3
4532,4,3
4533,4,3
4534,4,1
4535,4,4
4536,4,4
4537,4,4
4538,4,1
4539,4,1
4540,4,4
4541,4,0
4542,4,3
4543,4,4
4544,4,4
4545,4,2
4546,4,2
4547,4,3
4548,4,4
4549,4,2
4550,4,0
4551,4,0
4552,4,4
4553,4,1
4554,4,2
4555,4,2
4556,4,4
4557,4,3
4558,4,3
4559,4,4
4560,4,2
4561,4,2
4562,4,4
4563,4,1
4564,4,4
4565,4,4
4566,4,3
4567,4,2
4568,4,3
4569,4,1
4570,4,4
4571,4,1
4572,4,2
4573,4,2
4574,4,3
4575,4,1
4576,4,0
4577,4,4
4578,4,3
4579,4,0
4580,4,4
4581,4,4
4582,4,4
4583,4,4
4584,4,4
4585,4,0
4586,4,3
4587,4,0
4588,4,4
4589,4,2
4590,4,4
4591,4,2
4592,4,4
4593,4,2
4594,4,3
4595,4,4
4596,4,2
4597,4,1
4598,4,0
4599,4,4
4600,4,2
4601,4,3
4602,4,2
4603,4,4
4604,4,4
4605,4,2
4606,4,2
4607,4,4
4608,4,2
4609,4,2
4610,4,4
4611,4,3
4612,4,2
4613,4,1
4614,4,4
4615,4,4
4616,4,4
4617,4,1
4618,4,4
4619,4,2
4620,4,3
4621,4,2
4622,4,0
4623,4,3
4624,4,2
4625,4,0
4626,4,4
4627,4,2
4628,4,2
4629,4,4
4630,4,4
4631,4,2
4632,4,1
4633,4,2
4634,4,4
4635,4,3
4636,4,3
4637,4,0
4638,4,1
4639,4,0
4640,4,0
4641,4,3
4642,4,4
4643,4,2
4644,4,4
4645,4,4
4646,4,4
4647,4,0
4648,4,2
4649,4,3
4650,4,4
4651,4,1
4652,4,3
4653,4,2
4654,4,2
4655,4,0
4656,4,4
4657,4,3
4658,4,4
4659,4,2
4660,4,1
4661,4,0
4662,4,1
4663,4,0
4664,4,2
4665,4,4
4666,4,4
4667,4,2
4668,4,0
4669,4,4
4670,4,1
4671,4,4
4672,4,4
4673,4,4
4674,4,0
4675,4,1
4676,4,2
4677,4,0
4678,4,2
4679,4,2
4680,4,4
4681,4,0
4682,4,2
4683,4,1
4684,4,2
4685,4,4
4686,4,4
4687,4,4
4688,4,1
4689,4,3
4690,4,4
4691,4,2
4692,4,0
4693,4,4
4694,4,2
4695,4,0
4696,4,4
4697,4,4
4698,4,3
4699,4,3
4700,4,3
4701,4,0
4702,4,2
4703,4,4
4704,4,4
4705,4,2
4706,4,4
4707,4,4
4708,4,3
4709,4,2
4710,4,1
4711,4,4
4712,4,0
4713,4,1
4714,4,4
4715,4,0
4716,4,4
4717,4,3
4718,4,3
4719,4,4
4720,4,0
4721,4,4
4722,4,4
4723,4,2
4724,4,3
4725,4,4
4726,4,4
4727,4,2
4728,4,4
4729,4,4
4730,4,4
4731,4,1
4732,4,0
4733,4,1
4734,4,2
4735,4,1
4736,4,3
4737,4,2
4738,4,2
4739,4,3
4740,4,4
4741,4,4
4742,4,2
4743,4,4
4744,4,4
4745,4,4
4746,4,0
4747,4,3
4748,4,2
4749,4,4
4750,4,3
4751,4,2
4752,4,4
4753,4,2
4754,4,4
4755,4,0
4756,4,0
4757,4,4
4758,4,1
4759,4,1
4760,4,1
4761,4,2
4762,4,2
4763,4,4
4764,4,0
4765,4,2
4766,4,4
4767,4,2
4768,4,4
4769,4,2
4770,4,3
4771,4,1
4772,4,2
4773,4,4
4774,4,4
4775,4,2
4776,4,4
4777,4,3
4778,4,2
4779,4,2
4780,4,2
4781,4,2
4782,4,0
4783,4,4
4784,4,3
4785,4,1
4786,4,2
4787,4,4
4788,4,1
4789,4,4
4790,4,3
4791,4,2
4792,4,2
4793,4,2
4794,4,0
4795,4,4
4796,4,3
4797,4,4
4798,4,4
4799,4,1
4800,4,4
4801,4,2
4802,4,3
4803,4,1
4804,4,4
4805,4,4
4806,4,4
4807,4,4
4808,4,2
4809,4,4
4810,4,1
4811,4,4
4812,4,4
4813,4,2
4814,4,2
4815,4,2
4816,4,2
4817,4,1
4818,4,3
4819,4,0
4820,4,2
4821,4,4
4822,4,4
4823,4,4
4824,4,4
4825,4,4
4826,4,2
4827,4,2
4828,4,3
4829,4,2
4830,4,2
4831,4,2
4832,4,4
4833,4,2
4834,4,0
4835,4,4
4836,4,4
4837,4,2
4838,4,4
4839,4,0
4840,4,0
4841,4,2
4842,4,4
4843,4,2
4844,4,2
4845,4,4
4846,4,1
4847,4,2
4848,4,2
4849,4,1
4850,4,4
4851,4,4
4852,4,3
4853,4,4
4854,4,4
4855,4,4
4856,4,0
4857,4,1
4858,4,0
4859,4,3
4860,4,0
4861,4,3
4862,4,0
4863,4,2
4864,4,2
4865,4,2
4866,4,1
4867,4,1
4868,4,4
4869,4,4
4870,4,2
4871,4,0
4872,4,2
4873,4,4
4874,4,3
4875,4,2
4876,4,1
4877,4,4
4878,4,2
4879,4,4
4880,4,2
4881,4,0
4882,4,4
4883,4,2
4884,4,2
4885,4,1
4886,4,2
4887,4,4
4888,4,2
4889,4,4
4890,4,4
4891,4,0
4892,4,3
4893,4,0
4894,4,4
4895,4,0
4896,4,4
4897,4,3
4898,4,4
4899,4,3
4900,4,2
4901,4,2
4902,4,4
4903,4,2
4904,4,3
4905,4,4
4906,4,2
4907,4,2
4908,4,0
4909,4,3
4910,4,4
4911,4,0
4912,4,4
4913,4,2
4914,4,0
4915,4,4
4916,4,2
4917,4,0
4918,4,2
4919,4,2
4920,4,2
4921,4,2
4922,4,3
4923,4,4
4924,4,3
4925,4,1
4926,4,2
4927,4,4
4928,4,2
4929,4,4
4930,4,0
4931,4,2
4932,4,4
4933,4,4
4934,4,4
4935,4,1
4936,4,4
4937,4,3
4938,4,4
4939,4,4
4940,4,2
4941,4,2
4942,4,3
4943,4,4
4944,4,4
4945,4,4
4946,4,4
4947,4,4
4948,4,3
4949,4,2
4950,4,4
4951,4,3
4952,4,2
4953,4,2
4954,4,3
4955,4,3
4956,4,4
4957,4,3
4958,4,1
4959,4,3
4960,4,2
4961,4,2
4962,4,4
4963,4,1
4964,4,2
4965,4,0
4966,4,1
4967,4,1
4968,4,2
4969,4,3
4970,4,4
4971,4,3
4972,4,4
4973,4,2
4974,4,3
4975,4,2
4976,4,4
4977,4,3
4978,4,0
4979,4,1
4980,4,4
4981,4,1
4982,4,4
4983,4,4
4984,4,4
4985,4,4
4986,4,3
4987,4,4
4988,4,4
4989,4,2
4990,4,3
4991,4,4
4992,4,2
4993,4,1
4994,4,2
4995,4,1
4996,4,4
4997,4,2
4998,4,3
4999,4,2
5000,4,2
5001,4,3
5002,4,2
5003,4,4
5004,4,4
5005,4,0
5006,4,4
5007,4,4
5008,4,2
5009,4,2
5010,4,2
5011,4,1
5012,4,4
5013,4,4
5014,4,4
5015,4,3
5016,4,2
5017,4,4
5018,4,4
5019,4,1
5020,4,0
5021,4,2
5022,4,2
5023,4,4
5024,4,2
5025,4,2
5026,4,2
5027,4,0
5028,4,3
5029,4,4
5030,4,4
5031,4,4
5032,4,3
5033,4,1
5034,4,3
5035,4,0
5036,4,4
5037,4,4
5038,4,4
5039,4,4
5040,4,0
5041,4,4
5042,4,3
5043,4,4
5044,4,2
5045,4,3
5046,4,1
5047,4,0
5048,4,1
5049,4,0
5050,4,0
5051,4,3
5052,4,2
5053,4,4
5054,4,4
5055,4,4
5056,4,0
5057,4,4
5058,4,3
5059,4,3
5060,4,1
5061,4,4
5062,4,2
5063,4,2
5064,4,4
5065,4,4
5066,4,4
5067,4,2
5068,4,4
5069,4,0
5070,4,4
5071,4,1
5072,4,3
5073,4,0
5074,4,3
5075,4,0
5076,4,4
5077,4,2
5078,4,2
5079,4,2
5080,4,1
5081,4,2
5082,4,1
5083,4,4
5084,4,2
5085,4,2
5086,4,2
5087,4,1
5088,4,2
5089,4,2
5090,4,3
5091,4,4
5092,4,4
5093,4,2
5094,4,4
5095,4,1
5096,4,4
5097,4,4
5098,4,1
5099,4,1
5100,4,4
5101,4,3
5102,4,1
5103,4,2
5104,4,2
5105,4,1
5106,4,2
5107,4,0
5108,4,2
5109,4,3
5110,4,1
5111,4,1
5112,4,1
5113,4,2
5114,4,0
5115,4,4
5116,4,1
5117,4,3
5118,4,3
5119,4,4
5120,4,2
5121,4,4
5122,4,4
5123,4,1
5124,4,4
5125,4,4
5126,4,1
5127,4,1
5128,4,3
5129,4,4
5130,4,2
5131,4,4
5132,4,2
5133,4,2
5134,4,4
5135,4,1
5136,4,3
5137,4,2
5138,4,4
5139,4,4
5140,4,4
5141,4,3
5142,4,3
5143,4,3
5144,4,4
5145,4,0
5146,4,4
5147,4,1
5148,4,1
5149,4,2
5150,4,1
5151,4,0
5152,4,4
5153,4,4
5154,4,4
5155,4,0
5156,4,4
5157,4,4
5158,4,2
5159,4,1
5160,4,0
5161,4,0
5162,4,3
5163,4,3
5164,4,2
5165,4,4
5166,4,3
5167,4,0
5168,4,4
5169,4,1
5170,4,0
5171,4,2
5172,4,3
5173,4,0
5174,4,3
5175,4,4
5176,4,2
5177,4,2
5178,4,3
5179,4,4
5180,4,2
5181,4,2
5182,4,2
5183,4,0
5184,4,3
5185,4,2
5186,4,4
5187,4,0
5188,4,2
5189,4,3
5190,4,0
5191,4,2
5192,4,4
5193,4,1
5194,4,1
5195,4,1
5196,4,4
5197,4,4
5198,4,2
5199,4,4
5200,4,4
5201,4,1
5202,4,1
5203,4,2
5204,4,1
5205,4,3
5206,4,4
5207,4,4
5208,4,0
5209,4,4
5210,4,1
5211,4,3
5212,4,0
5213,4,1
5214,4,0
5215,4,2
5216,4,4
5217,4,1
5218,4,3
5219,4,3
5220,4,1
5221,4,4
5222,4,1
5223,4,2
5224,4,2
5225,4,4
5226,4,1
5227,4,4
5228,4,3
5229,4,1
5230,4,4
5231,4,2
5232,4,2
5233,4,2
5234,4,4
5235,4,0
5236,4,1
5237,4,3
5238,4,3
5239,4,2
5240,4,4
5241,4,0
5242,4,2
5243,4,2
5244,4,3
5245,4,0
5246,4,4
5247,4,4
5248,4,2
5249,4,1
5250,4,4
5251,4,2
5252,4,4
5253,4,4
5254,4,0
5255,4,3
5256,4,1
5257,4,4
5258,4,3
5259,4,4
5260,4,2
5261,4,3
5262,4,2
5263,4,3
5264,4,3
5265,4,4
5266,4,4
5267,4,3
5268,4,4
5269,4,3
5270,4,4
5271,4,2
5272,4,0
5273,4,3
5274,4,3
5275,4,4
5276,4,4
5277,4,0
5278,4,2
5279,4,1
5280,4,4
5281,4,0
5282,4,2
5283,4,3
5284,4,4
5285,4,0
5286,4,4
5287,4,0
5288,4,2
5289,4,4
5290,4,4
5291,4,4
5292,4,4
5293,4,2
5294,4,1
5295,4,3
5296,4,0
5297,4,2
5298,4,4
5299,4,1
5300,4,3
5301,4,2
5302,4,2
5303,4,3
5304,4,1
5305,4,4
5306,4,2
5307,4,2
5308,4,2
5309,4,1
5310,4,4
5311,4,1
5312,4,2
5313,4,2
5314,4,2
5315,4,0
5316,4,1
5317,4,4
5318,4,1
5319,4,4
5320,4,4
5321,4,0
5322,4,4
5323,4,0
5324,4,2
5325,4,1
5326,4,2
5327,4,2
5328,4,4
5329,4,4
5330,4,4
5331,4,2
5332,4,4
5333,4,2
5334,4,1
5335,4,4
5336,4,3
5337,4,4
5338,4,0
5339,4,3
5340,4,2
5341,4,4
5342,4,4
5343,4,1
5344,4,0
5345,4,3
5346,4,4
5347,4,2
5348,4,0
5349,4,4
5350,4,0
5351,4,0
5352,4,3
5353,4,3
5354,4,3
5355,4,1
5356,4,2
5357,4,3
5358,4,3
5359,4,0
5360,4,2
5361,4,1
5362,4,1
5363,4,3
5364,4,2
5365,4,3
5366,4,4
5367,4,0
5368,4,4
5369,4,4
5370,4,4
5371,4,3
5372,4,2
5373,4,3
5374,4,2
5375,4,4
5376,4,1
5377,4,1
5378,4,4
5379,4,2
5380,4,2
5381,4,4
5382,4,3
5383,4,2
5384,4,2
5385,4,0
5386,4,4
5387,4,1
5388,4,1
5389,4,4
5390,4,4
5391,4,4
5392,4,1
5393,4,3
5394,4,4
5395,4,2
5396,4,0
5397,4,1
5398,4,2
5399,4,2
5400,4,4
5401,4,2
5402,4,2
5403,4,3
5404,4,4
5405,4,4
5406,4,4
5407,4,4
5408,4,2
5409,4,1
5410,4,3
5411,4,4
5412,4,1
5413,4,3
5414,4,4
5415,4,1
5416,4,2
5417,4,2
5418,4,2
5419,4,1
5420,4,2
5421,4,3
5422,4,4
5423,4,3
5424,4,2
5425,4,0
5426,4,2
5427,4,2
5428,4,0
5429,4,4
5430,4,2
5431,4,4
5432,4,0
5433,4,3
5434,4,0
5435,4,2
5436,4,4
5437,4,4
5438,4,2
5439,4,4
5440,4,2
5441,4,0
5442,4,1
5443,4,2
5444,4,3
5445,4,0
5446,4,4
5447,4,3
5448,4,4
5449,4,4
5450,4,2
5451,4,1
5452,4,1
5453,4,2
5454,4,4
5455,4,4
5456,4,0
5457,4,3
5458,4,2
5459,4,0
5460,4,3
5461,4,0
5462,4,2
5463,4,3
5464,4,4
5465,4,4
5466,4,1
5467,4,0
5468,4,4
5469,4,2
5470,4,0
5471,4,0
5472,4,2
5473,4,1
5474,4,4
5475,4,2
5476,4,3
5477,4,4
5478,4,4
5479,4,4
5480,4,0
5481,4,1
5482,4,3
5483,4,1
5484,4,3
5485,4,2
5486,4,4
5487,4,1
5488,4,2
5489,4,1
5490,4,0
5491,4,0
5492,4,4
5493,4,4
5494,4,2
5495,4,3
5496,4,3
5497,4,2
5498,4,4
5499,4,4
5500,4,0
5501,4,3
5502,4,2
5503,4,4
5504,4,3
5505,4,2
5506,4,3
5507,4,1
5508,4,0
5509,4,3
5510,4,2
5511,4,2
5512,4,1
5513,4,1
5514,4,1
5515,4,0
5516,4,2
5517,4,1
5518,4,0
5519,4,3
5520,4,3
5521,4,3
5522,4,0
5523,4,3
5524,4,2
5525,4,4
5526,4,1
5527,4,4
5528,4,2
5529,4,2
5530,4,0
5531,4,2
5532,4,0
5533,4,4
5534,4,0
5535,4,2
5536,4,4
5537,4,0
5538,4,0
5539,4,2
5540,4,4
5541,4,4
5542,4,4
5543,4,1
5544,4,2
5545,4,3
5546,4,4
5547,4,3
5548,4,4
5549,4,4
5550,4,2
5551,4,2
5552,4,0
5553,4,0
5554,4,1
5555,4,3
5556,4,3
5557,4,1
5558,4,3
5559,4,3
5560,4,1
5561,4,2
5562,4,1
5563,4,3
5564,4,3
5565,4,3
5566,4,2
5567,4,3
5568,4,4
5569,4,4
5570,4,0
5571,4,4
5572,4,2
5573,4,1
5574,4,3
5575,4,4
5576,4,3
5577,4,3
5578,4,3
5579,4,2
5580,4,4
5581,4,1
5582,4,1
5583,4,1
5584,4,3
5585,4,2
5586,4,2
5587,4,0
5588,4,0
5589,4,3
5590,4,0
5591,4,4
5592,4,4
5593,4,2
5594,4,4
5595,4,4
5596,4,2
5597,4,2
5598,4,4
5599,4,0
5600,4,2
5601,4,1
5602,4,3
5603,4,3
5604,4,0
5605,4,1
5606,4,2
5607,4,4
5608,4,4
5609,4,2
5610,4,4
5611,4,4
5612,4,4
5613,4,3
5614,4,4
5615,4,1
5616,4,2
5617,4,3
5618,4,1
5619,4,2
5620,4,4
5621,4,4
5622,4,1
5623,4,0
5624,4,4
5625,4,3
5626,4,2
5627,4,4
5628,4,3
5629,4,2
5630,4,0
5631,4,4
5632,4,2
5633,4,4
5634,4,4
5635,4,4
5636,4,3
5637,4,2
5638,4,4
5639,4,2
5640,4,1
5641,4,4
5642,4,3
5643,4,2
5644,4,4
5645,4,0
5646,4,3
5647,4,4
5648,4,1
5649,4,1
5650,4,2
5651,4,0
5652,4,4
5653,4,2
5654,4,2
5655,4,0
5656,4,4
5657,4,4
5658,4,4
5659,4,4
5660,4,1
5661,4,1
5662,4,1
5663,4,2
5664,4,4
5665,4,2
5666,4,4
5667,4,1
5668,4,0
5669,4,2
5670,4,3
5671,4,1
5672,4,2
5673,4,4
5674,4,4
5675,4,0
5676,4,4
5677,4,3
5678,4,4
5679,4,3
5680,4,2
5681,4,4
5682,4,2
5683,4,1
5684,4,4
5685,4,1
5686,4,3
5687,4,4
5688,4,1
5689,4,4
5690,4,2
5691,4,2
5692,4,2
5693,4,4
5694,4,3
5695,4,4
5696,4,0
5697,4,4
5698,4,2
5699,4,0
5700,4,0
5701,4,2
5702,4,3
5703,4,0
5704,4,2
5705,4,2
5706,4,2
5707,4,4
5708,4,0
5709,4,3
5710,4,1
5711,4,4
5712,4,3
5713,4,3
5714,4,1
5715,4,4
5716,4,3
5717,4,2
5718,4,4
5719,4,4
5720,4,2
5721,4,1
5722,4,0
5723,4,1
5724,4,4
5725,4,4
5726,4,3
5727,4,3
5728,4,3
5729,4,3
5730,4,4
5731,4,0
5732,4,2
5733,4,4
5734,4,2
5735,4,4
5736,4,2
5737,4,2
5738,4,1
5739,4,2
5740,4,0
5741,4,4
5742,4,2
5743,4,2
5744,4,3
5745,4,3
5746,4,4
5747,4,4
5748,4,3
5749,4,2
5750,4,2
5751,4,0
5752,4,3
5753,4,2
5754,4,2
5755,4,1
5756,4,4
5757,4,4
5758,4,0
5759,4,0
5760,4,4
5761,4,2
5762,4,4
5763,4,0
5764,4,3
5765,4,0
5766,4,4
5767,4,4
5768,4,3
5769,4,0
5770,4,4
5771,4,1
5772,4,2
5773,4,2
5774,4,3
5775,4,2
5776,4,4
5777,4,4
5778,4,4
5779,4,4
5780,4,3
5781,4,4
5782,4,1
5783,4,3
5784,4,1
5785,4,3
5786,4,0
5787,4,4
5788,4,3
5789,4,0
5790,4,3
5791,4,4
5792,4,4
5793,4,4
5794,4,4
5795,4,2
5796,4,4
5797,4,4
5798,4,0
5799,4,2
5800,4,2
5801,4,1
5802,4,4
5803,4,0
5804,4,3
5805,4,3
5806,4,4
5807,4,4
5808,4,4
5809,4,4
5810,4,1
5811,4,1
5812,4,4
5813,4,4
5814,4,1
5815,4,3
5816,4,0
5817,4,0
5818,4,4
5819,4,2
5820,4,0
5821,4,4
5822,4,2
5823,4,4
5824,4,1
5825,4,2
5826,4,4
5827,4,0
5828,4,2
5829,4,4
5830,4,2
5831,4,4
5832,4,0
5833,4,4
5834,4,1
5835,4,1
5836,4,4
5837,4,0
5838,4,2
5839,4,0
5840,4,4
5841,4,4
5842,4,2
5843,4,2
5844,4,4
5845,4,2
5846,4,2
5847,4,0
5848,4,3
5849,4,0
5850,4,2
5851,4,4
5852,4,4
5853,4,3
5854,4,2
5855,4,0
5856,4,4
5857,4,0
5858,4,4
5859,4,2
5860,4,1
5861,4,4
5862,4,4
5863,4,4
5864,4,4
5865,4,3
5866,4,4
5867,4,3
5868,4,1
5869,4,2
5870,4,2
5871,4,3
5872,4,4
5873,4,1
5874,4,4
5875,4,4
5876,4,2
5877,4,2
5878,4,0
5879,4,3
5880,4,2
5881,4,0
5882,4,3
5883,4,4
5884,4,4
5885,4,0
5886,4,0
5887,4,4
5888,4,4
5889,4,4
5890,4,2
5891,4,0
5892,4,1
5893,4,4
5894,4,3
5895,4,4
5896,4,2
5897,4,4
5898,4,1
5899,4,1
5900,4,4
5901,4,4
5902,4,4
5903,4,3
5904,4,4
5905,4,4
5906,4,1
5907,4,2
5908,4,2
5909,4,4
5910,4,2
5911,4,4
5912,4,3
5913,4,2
5914,4,0
5915,4,3
5916,4,2
5917,4,0
5918,4,2
5919,4,3
5920,4,3
5921,4,4
5922,4,4
5923,4,0
5924,4,4
5925,4,0
5926,4,3
5927,4,2
5928,4,2
5929,4,3
5930,4,4
5931,4,4
5932,4,2
5933,4,2
5934,4,3
5935,4,3
5936,4,3
5937,4,2
5938,4,2
5939,4,4
5940,4,2
5941,4,1
5942,4,2
5943,4,2
5944,4,2
5945,4,4
5946,4,1
5947,4,1
5948,4,4
5949,4,2
5950,4,4
5951,4,2
5952,4,0
5953,4,4
5954,4,4
5955,4,3
5956,4,4
5957,4,4
5958,4,4
5959,4,2
5960,4,0
5961,4,1
5962,4,1
5963,4,0
5964,4,4
5965,4,1
5966,4,4
5967,4,2
5968,4,3
5969,4,4
5970,4,3
5971,4,1
5972,4,4
5973,4,3
5974,4,2
5975,4,4
5976,4,2
5977,4,2
5978,4,4
5979,4,2
5980,4,2
5981,4,0
5982,4,2
5983,4,0
5984,4,2
5985,4,3
5986,4,0
5987,4,0
5988,4,4
5989,4,0
5990,4,4
5991,4,4
5992,4,4
5993,4,4
5994,4,3
5995,4,0
5996,4,2
5997,4,1
5998,4,1
5999,4,2
6000,4,1
6001,4,2
6002,4,3
6003,4,4
6004,4,4
6005,4,4
6006,4,2
6007,4,4
6008,4,0
6009,4,3
6010,4,2
6011,4,4
6012,4,4
6013,4,2
6014,4,4
6015,4,4
6016,4,4
6017,4,4
6018,4,2
6019,4,0
6020,4,4
6021,4,2
6022,4,4
6023,4,0
6024,4,4
6025,4,3
6026,4,4
6027,4,1
6028,4,3
6029,4,3
6030,4,4
6031,4,1
6032,4,4
6033,4,4
6034,4,2
6035,4,2
6036,4,2
6037,4,4
6038,4,2
6039,4,4
6040,4,2
6041,4,0
6042,4,1
6043,4,2
6044,4,1
6045,4,2
6046,4,3
6047,4,2
6048,4,4
6049,4,0
6050,4,1
6051,4,4
6052,4,2
6053,4,2
6054,4,0
6055,4,2
6056,4,0
6057,4,2
6058,4,3
6059,4,4
6060,4,0
6061,4,3
6062,4,3
6063,4,3
6064,4,3
6065,4,2
6066,4,4
6067,4,1
6068,4,0
6069,4,2
6070,4,4
6071,4,3
6072,4,1
6073,4,0
6074,4,4
6075,4,0
6076,4,2
6077,4,0
6078,4,2
6079,4,2
6080,4,2
6081,4,4
6082,4,1
6083,4,2
6084,4,3
6085,4,2
6086,4,4
6087,4,4
6088,4,4
6089,4,4
6090,4,0
6091,4,2
6092,4,4
6093,4,3
6094,4,3
6095,4,1
6096,4,2
6097,4,2
6098,4,0
6099,4,4
6100,4,1
6101,4,2
6102,4,4
6103,4,2
6104,4,0
6105,4,2
6106,4,1
6107,4,1
6108,4,0
6109,4,4
6110,4,1
6111,4,4
6112,4,0
6113,4,4
6114,4,4
6115,4,3
6116,4,0
6117,4,1
6118,4,1
6119,4,2
6120,4,4
6121,4,4
6122,4,4
6123,4,3
6124,4,3
6125,4,4
6126,4,2
6127,4,1
6128,4,4
6129,4,1
6130,4,2
6131,4,4
6132,4,3
6133,4,1
6134,4,4
6135,4,3
6136,4,0
6137,4,4
6138,4,2
6139,4,2
6140,4,1
6141,4,2
6142,4,4
6143,4,0
6144,4,3
6145,4,1
6146,4,2
6147,4,3
6148,4,3
6149,4,2
6150,4,3
6151,4,3
6152,4,1
6153,4,2
6154,4,2
6155,4,0
6156,4,4
6157,4,4
6158,4,4
6159,4,4
6160,4,3
6161,4,2
6162,4,1
6163,4,1
6164,4,4
6165,4,2
6166,4,2
6167,4,3
6168,4,3
6169,4,4
6170,4,2
6171,4,1
6172,4,4
6173,4,2
6174,4,0
6175,4,3
6176,4,1
6177,4,3
6178,4,0
6179,4,4
6180,4,1
6181,4,1
6182,4,2
6183,4,4
6184,4,2
6185,4,3
6186,4,3
6187,4,2
6188,4,2
6189,4,2
6190,4,0
6191,4,4
6192,4,4
6193,4,4
6194,4,1
6195,4,2
6196,4,2
6197,4,3
6198,4,2
6199,4,2
6200,4,0
6201,4,2
6202,4,0
6203,4,4
6204,4,2
6205,4,4
6206,4,4
6207,4,2
6208,4,1
6209,4,4
6210,4,1
6211,4,3
6212,4,4
6213,4,2
6214,4,4
6215,4,4
6216,4,4
6217,4,3
6218,4,3
6219,4,0
6220,4,0
6221,4,2
6222,4,3
6223,4,0
6224,4,4
6225,4,4
6226,4,3
6227,4,3
6228,4,4
6229,4,2
6230,4,2
6231,4,4
6232,4,3
6233,4,0
6234,4,4
6235,4,4
6236,4,3
6237,4,2
6238,4,0
6239,4,4
6240,4,4
6241,4,4
6242,4,3
6243,4,4
6244,4,4
6245,4,0
6246,4,0
6247,4,1
6248,4,2
6249,4,2
6250,4,3
6251,4,2
6252,4,4
6253,4,1
6254,4,1
6255,4,0
6256,4,0
6257,4,2
6258,4,2
6259,4,2
6260,4,4
6261,4,2
6262,4,3
6263,4,4
6264,4,1
6265,4,0
6266,4,3
6267,4,4
6268,4,0
6269,4,1
6270,4,4
6271,4,0
6272,4,0
6273,4,4
6274,4,1
6275,4,4
6276,4,4
6277,4,0
6278,4,2
6279,4,3
6280,4,4
6281,4,3
6282,4,4
6283,4,2
6284,4,4
6285,4,0
6286,4,4
6287,4,4
6288,4,1
6289,4,2
6290,4,4
6291,4,1
6292,4,2
6293,4,1
6294,4,1
6295,4,1
6296,4,4
6297,4,4
6298,4,0
6299,4,2
6300,4,0
6301,4,0
6302,4,3
6303,4,1
6304,4,4
6305,4,4
6306,4,1
6307,4,4
6308,4,4
6309,4,3
6310,4,2
6311,4,2
6312,4,2
6313,4,4
6314,4,1
6315,4,1
6316,4,0
6317,4,3
6318,4,2
6319,4,1
6320,4,1
6321,4,4
6322,4,0
6323,4,4
6324,4,4
6325,4,4
6326,4,4
6327,4,0
6328,4,1
6329,4,4
6330,4,4
6331,4,0
6332,4,3
6333,4,2
6334,4,2
6335,4,4
6336,4,4
6337,4,1
6338,4,2
6339,4,2
6340,4,2
6341,4,3
6342,4,1
6343,4,2
6344,4,4
6345,4,0
6346,4,2
6347,4,1
6348,4,0
6349,4,4
6350,4,4
6351,4,3
6352,4,4
6353,4,2
6354,4,4
6355,4,2
6356,4,2
6357,4,1
6358,4,0
6359,4,3
6360,4,3
6361,4,1
6362,4,2
6363,4,3
6364,4,1
6365,4,1
6366,4,4
6367,4,4
6368,4,4
6369,4,0
6370,4,4
6371,4,2
6372,4,2
6373,4,1
6374,4,0
6375,4,4
6376,4,1
6377,4,0
6378,4,4
6379,4,0
6380,4,4
6381,4,1
6382,4,2
6383,4,0
6384,4,4
6385,4,2
6386,4,3
6387,4,2
6388,4,3
6389,4,4
6390,4,2
6391,4,0
6392,4,4
6393,4,0
6394,4,3
6395,4,4
6396,4,0
6397,4,4
6398,4,4
6399,4,4
6400,4,4
6401,4,2
6402,4,2
6403,4,1
6404,4,2
6405,4,3
6406,4,3
6407,4,2
6408,4,3
6409,4,0
6410,4,2
6411,4,4
6412,4,2
6413,4,0
6414,4,2
6415,4,3
6416,4,2
6417,4,4
6418,4,1
6419,4,4
6420,4,4
6421,4,2
6422,4,3
6423,4,3
6424,4,0
6425,4,3
6426,4,2
6427,4,4
6428,4,0
6429,4,2
6430,4,3
6431,4,4
6432,4,0
6433,4,4
6434,4,0
6435,4,2
6436,4,2
6437,4,2
6438,4,2
6439,4,0
6440,4,4
6441,4,2
6442,4,4
6443,4,4
6444,4,1
6445,4,0
6446,4,4
6447,4,2
6448,4,2
6449,4,4
6450,4,3
6451,4,2
6452,4,0
6453,4,2
6454,4,2
6455,4,2
6456,4,0
6457,4,2
6458,4,0
6459,4,2
6460,4,4
6461,4,2
6462,4,1
6463,4,4
6464,4,4
6465,4,2
6466,4,4
6467,4,0
6468,4,0
6469,4,1
6470,4,2
6471,4,3
6472,4,3
6473,4,1
6474,4,0
6475,4,0
6476,4,4
6477,4,4
6478,4,2
6479,4,2
6480,4,2
6481,4,2
6482,4,4
6483,4,2
6484,4,2
6485,4,0
6486,4,0
6487,4,0
6488,4,3
6489,4,2
6490,4,0
6491,4,4
6492,4,4
6493,4,2
6494,4,3
6495,4,0
6496,4,0
6497,4,3
6498,4,2
6499,4,2
6500,4,1
6501,4,0
6502,4,4
6503,4,4
6504,4,1
6505,4,0
6506,4,3
6507,4,0
6508,4,2
6509,4,3
6510,4,4
6511,4,2
6512,4,1
6513,4,0
6514,4,2
6515,4,1
6516,4,2
6517,4,4
6518,4,0
6519,4,2
6520,4,2
6521,4,3
6522,4,3
6523,4,0
6524,4,2
6525,4,4
6526,4,2
6527,4,1
6528,4,2
6529,4,0
6530,4,4
6531,4,3
6532,4,2
6533,4,1
6534,4,4
6535,4,2
6536,4,0
6537,4,2
6538,4,3
6539,4,4
6540,4,0
6541,4,2
6542,4,2
6543,4,4
6544,4,3
6545,4,4
6546,4,4
6547,4,3
6548,4,2
6549,4,4
6550,4,4
6551,4,2
6552,4,4
6553,4,1
6554,4,2
6555,4,2
6556,4,2
6557,4,2
6558,4,4
6559,4,4
6560,4,1
6561,4,2
6562,4,4
6563,4,4
6564,4,3
6565,4,3
6566,4,1
6567,4,4
6568,4,1
6569,4,0
6570,4,4
6571,4,4
6572,4,0
6573,4,2
6574,4,3
6575,4,2
6576,4,3
6577,4,0
6578,4,2
6579,4,3
6580,4,2
6581,4,0
6582,4,4
6583,4,2
6584,4,4
6585,4,0
6586,4,2
6587,4,2
6588,4,3
6589,4,0
6590,4,1
6591,4,2
6592,4,2
6593,4,2
6594,4,4
6595,4,2
6596,4,3
6597,4,4
6598,4,3
6599,4,0
6600,4,1
6601,4,3
6602,4,4
6603,4,1
6604,4,4
6605,4,4
6606,4,2
6607,4,2
6608,4,4
6609,4,3
6610,4,1
6611,4,0
6612,4,4
6613,4,2
6614,4,3
6615,4,4
6616,4,2
6617,4,4
6618,4,4
6619,4,0
6620,4,1
6621,4,2
6622,4,2
6623,4,0
6624,4,2
6625,4,3
6626,4,4
6627,4,0
6628,4,2
6629,4,2
6630,4,4
6631,4,3
6632,4,3
6633,4,2
6634,4,4
6635,4,2
6636,4,3
6637,4,2
6638,4,1
6639,4,4
6640,4,1
6641,4,1
6642,4,4
6643,4,4
6644,4,1
6645,4,1
6646,4,4
6647,4,3
6648,4,4
6649,4,1
6650,4,4
6651,4,2
6652,4,2
6653,4,0
6654,4,2
6655,4,3
6656,4,3
6657,4,2
6658,4,3
6659,4,0
6660,4,0
6661,4,1
6662,4,2
6663,4,2
6664,4,2
6665,4,2
6666,4,1
6667,4,2
6668,4,4
6669,4,4
6670,4,4
6671,4,0
6672,4,3
6673,4,2
6674,4,4
6675,4,4
6676,4,2
6677,4,2
6678,4,1
6679,4,0
6680,4,4
6681,4,4
6682,4,2
6683,4,2
6684,4,2
6685,4,2
6686,4,4
6687,4,1
6688,4,2
6689,4,4
6690,4,4
6691,4,0
6692,4,4
6693,4,4
6694,4,2
6695,4,2
6696,4,4
6697,4,0
6698,4,4
6699,4,2
6700,4,1
6701,4,4
6702,4,2
6703,4,1
6704,4,4
6705,4,3
6706,4,4
6707,4,2
6708,4,0
6709,4,4
6710,4,4
6711,4,4
6712,4,4
6713,4,2
6714,4,2
6715,4,4
6716,4,2
6717,4,3
6718,4,4
6719,4,1
6720,4,4
6721,4,2
6722,4,4
6723,4,2
6724,4,3
6725,4,1
6726,4,4
6727,4,4
6728,4,2
6729,4,4
6730,4,2
6731,4,2
6732,4,4
6733,4,2
6734,4,0
6735,4,4
6736,4,3
6737,4,4
6738,4,1
6739,4,2
6740,4,2
6741,4,2
6742,4,1
6743,4,2
6744,4,4
6745,4,1
6746,4,2
6747,4,4
6748,4,2
6749,4,4
6750,4,2
6751,4,4
6752,4,2
6753,4,4
6754,4,4
6755,4,2
6756,4,2
6757,4,2
6758,4,4
6759,4,1
6760,4,1
6761,4,1
6762,4,0
6763,4,1
6764,4,3
6765,4,4
6766,4,4
6767,4,1
6768,4,3
6769,4,1
6770,4,4
6771,4,4
6772,4,1
6773,4,3
6774,4,4
6775,4,3
6776,4,0
6777,4,0
6778,4,3
6779,4,4
6780,4,0
6781,4,4
6782,4,4
6783,4,3
6784,4,2
6785,4,2
6786,4,2
6787,4,2
6788,4,3
6789,4,2
6790,4,3
6791,4,4
6792,4,2
6793,4,4
6794,4,0
6795,4,4
6796,4,4
6797,4,0
6798,4,3
6799,4,2
6800,4,2
6801,4,2
6802,4,2
6803,4,2
6804,4,0
6805,4,2
6806,4,0
6807,4,0
6808,4,0
6809,4,1
6810,4,1
6811,4,2
6812,4,2
6813,4,2
6814,4,4
6815,4,3
6816,4,2
6817,4,4
6818,4,2
6819,4,4
6820,4,4
6821,4,1
6822,4,3
6823,4,2
6824,4,4
6825,4,1
6826,4,2
6827,4,2
6828,4,2
6829,4,3
6830,4,3
6831,4,0
6832,4,0
6833,4,0
6834,4,3
6835,4,3
6836,4,1
6837,4,2
6838,4,3
6839,4,4
6840,4,1
6841,4,2
6842,4,2
6843,4,3
6844,4,0
6845,4,3
6846,4,3
6847,4,2
6848,4,0
6849,4,2
6850,4,0
6851,4,4
6852,4,2
6853,4,4
6854,4,1
6855,4,3
6856,4,2
6857,4,0
6858,4,2
6859,4,2
6860,4,1
6861,4,3
6862,4,0
6863,4,0
6864,4,4
6865,4,1
6866,4,2
6867,4,1
6868,4,4
6869,4,2
6870,4,3
6871,4,3
6872,4,4
6873,4,3
6874,4,2
6875,4,2
6876,4,4
6877,4,4
6878,4,2
6879,4,4
6880,4,2
6881,4,4
6882,4,0
6883,4,1
6884,4,0
6885,4,2
6886,4,4
6887,4,1
6888,4,4
6889,4,2
6890,4,1
6891,4,0
6892,4,4
6893,4,1
6894,4,4
6895,4,2
6896,4,4
6897,4,2
6898,4,2
6899,4,4
6900,4,2
6901,4,0
6902,4,4
6903,4,4
6904,4,4
6905,4,0
6906,4,0
6907,4,1
6908,4,4
6909,4,3
6910,4,4
6911,4,0
6912,4,1
6913,4,2
6914,4,0
6915,4,1
6916,4,4
6917,4,3
6918,4,2
6919,4,0
6920,4,4
6921,4,1
6922,4,4
6923,4,4
6924,4,4
6925,4,3
6926,4,0
6927,4,3
6928,4,3
6929,4,3
6930,4,4
6931,4,1
6932,4,2
6933,4,0
6934,4,4
6935,4,0
6936,4,4
6937,4,3
6938,4,3
6939,4,0
6940,4,4
6941,4,2
6942,4,2
6943,4,2
6944,4,3
6945,4,2
6946,4,1
6947,4,3
6948,4,3
6949,4,2
6950,4,4
6951,4,4
6952,4,2
6953,4,4
6954,4,2
6955,4,4
6956,4,3
6957,4,4
6958,4,4
6959,4,3
6960,4,4
6961,4,4
6962,4,4
6963,4,2
6964,4,2
6965,4,4
6966,4,3
6967,4,3
6968,4,3
6969,4,2
6970,4,1
6971,4,4
6972,4,4
6973,4,0
6974,4,4
6975,4,4
6976,4,4
6977,4,1
6978,4,0
6979,4,4
6980,4,4
6981,4,3
6982,4,2
6983,4,4
6984,4,2
6985,4,4
6986,4,1
6987,4,4
6988,4,3
6989,4,4
6990,4,4
6991,4,4
6992,4,2
6993,4,0
6994,4,4
6995,4,0
6996,4,2
6997,4,2
6998,4,2
6999,4,4
7000,4,2
7001,4,4
7002,4,4
7003,4,2
7004,4,3
7005,4,0
7006,4,2
7007,4,3
7008,4,2
7009,4,4
7010,4,4
7011,4,0
7012,4,0
7013,4,4
7014,4,4
7015,4,4
7016,4,3
7017,4,4
7018,4,4
7019,4,2
7020,4,4
7021,4,1
7022,4,0
7023,4,4
7024,4,4
7025,4,4
7026,4,4
7027,4,2
7028,4,4
7029,4,2
7030,4,4
7031,4,3
7032,4,4
7033,4,4
7034,4,4
7035,4,2
7036,4,3
7037,4,2
7038,4,4
7039,4,2
7040,4,4
7041,4,2
7042,4,2
7043,4,0
7044,4,4
7045,4,4
7046,4,4
7047,4,2
7048,4,1
7049,4,0
7050,4,4
7051,4,2
7052,4,0
7053,4,4
7054,4,3
7055,4,4
7056,4,3
7057,4,0
7058,4,1
7059,4,3
7060,4,4
7061,4,2
7062,4,3
7063,4,0
7064,4,4
7065,4,3
7066,4,4
7067,4,2
7068,4,4
7069,4,0
7070,4,1
7071,4,1
7072,4,2
7073,4,4
7074,4,3
7075,4,0
7076,4,4
7077,4,2
7078,4,3
7079,4,1
7080,4,3
7081,4,3
7082,4,4
7083,4,1
7084,4,4
7085,4,0
7086,4,1
7087,4,2
7088,4,2
7089,4,1
7090,4,2
7091,4,1
7092,4,2
7093,4,4
7094,4,3
7095,4,0
7096,4,2
7097,4,2
7098,4,2
7099,4,2
7100,4,2
7101,4,4
7102,4,4
7103,4,4
7104,4,4
7105,4,2
7106,4,3
7107,4,1
7108,4,4
7109,4,3
7110,4,0
7111,4,3
7112,4,2
7113,4,2
7114,4,2
7115,4,3
7116,4,3
7117,4,4
7118,4,2
7119,4,1
7120,4,1
7121,4,0
7122,4,0
7123,4,1
7124,4,0
7125,4,0
7126,4,4
7127,4,2
7128,4,4
7129,4,4
7130,4,1
7131,4,4
7132,4,4
7133,4,1
7134,4,3
7135,4,3
7136,4,3
7137,4,3
7138,4,4
7139,4,1
7140,4,3
7141,4,4
7142,4,4
7143,4,4
7144,4,1
7145,4,4
7146,4,0
7147,4,0
7148,4,4
7149,4,4
7150,4,2
7151,4,3
7152,4,2
7153,4,0
7154,4,4
7155,4,3
7156,4,2
7157,4,2
7158,4,4
7159,4,2
7160,4,4
7161,4,2
7162,4,4
7163,4,1
7164,4,4
7165,4,1
7166,4,3
7167,4,1
7168,4,1
7169,4,1
7170,4,0
7171,4,3
7172,4,2
7173,4,3
7174,4,0
7175,4,4
7176,4,3
7177,4,2
7178,4,4
7179,4,2
7180,4,3
7181,4,1
7182,4,4
7183,4,1
7184,4,3
7185,4,0
7186,4,3
7187,4,2
7188,4,4
7189,4,4
7190,4,4
7191,4,1
7192,4,2
7193,4,4
7194,4,2
7195,4,3
7196,4,1
7197,4,4
7198,4,0
7199,4,0
7200,4,4
7201,4,2
7202,4,1
7203,4,3
7204,4,2
7205,4,2
7206,4,2
7207,4,4
7208,4,0
7209,4,2
7210,4,4
7211,4,4
7212,4,0
7213,4,3
7214,4,4
7215,4,4
7216,4,4
7217,4,3
7218,4,1
7219,4,2
7220,4,1
7221,4,2
7222,4,3
7223,4,4
7224,4,2
7225,4,4
7226,4,4
7227,4,0
7228,4,4
7229,4,2
7230,4,1
7231,4,4
7232,4,4
7233,4,2
7234,4,2
7235,4,0
7236,4,4
7237,4,2
7238,4,2
7239,4,1
7240,4,3
7241,4,1
7242,4,3
7243,4,3
7244,4,4
7245,4,1
7246,4,2
7247,4,4
7248,4,3
7249,4,1
7250,4,3
7251,4,4
7252,4,1
7253,4,4
7254,4,2
7255,4,0
7256,4,0
7257,4,4
7258,4,4
7259,4,0
7260,4,4
7261,4,4
7262,4,0
7263,4,4
7264,4,2
7265,4,4
7266,4,3
7267,4,4
7268,4,2
7269,4,1
7270,4,2
7271,4,0
7272,4,1
7273,4,2
7274,4,4
7275,4,2
7276,4,3
7277,4,2
7278,4,2
7279,4,0
7280,4,1
7281,4,4
7282,4,3
7283,4,0
7284,4,4
7285,4,2
7286,4,0
7287,4,1
7288,4,3
7289,4,3
7290,4,1
7291,4,4
7292,4,3
7293,4,2
7294,4,2
7295,4,2
7296,4,2
7297,4,3
7298,4,0
7299,4,4
7300,4,3
7301,4,2
7302,4,4
7303,4,0
7304,4,3
7305,4,4
7306,4,3
7307,4,4
7308,4,2
7309,4,1
7310,4,2
7311,4,4
7312,4,1
7313,4,1
7314,4,4
7315,4,2
7316,4,2
7317,4,0
7318,4,1
7319,4,4
7320,4,4
7321,4,1
7322,4,3
7323,4,4
7324,4,4
7325,4,3
7326,4,2
7327,4,3
7328,4,2
7329,4,3
7330,4,0
7331,4,2
7332,4,3
7333,4,4
7334,4,4
7335,4,3
7336,4,4
7337,4,4
7338,4,1
7339,4,1
7340,4,3
7341,4,0
7342,4,3
7343,4,3
7344,4,3
7345,4,4
7346,4,2
7347,4,2
7348,4,3
7349,4,2
7350,4,2
7351,4,3
7352,4,1
7353,4,4
7354,4,0
7355,4,3
7356,4,2
7357,4,0
7358,4,1
7359,4,4
7360,4,2
7361,4,3
7362,4,1
7363,4,0
7364,4,4
7365,4,0
7366,4,2
7367,4,1
7368,4,1
7369,4,0
7370,4,0
7371,4,0
7372,4,0
7373,4,4
7374,4,2
7375,4,2
7376,4,4
7377,4,2
7378,4,2
7379,4,4
7380,4,3
7381,4,0
7382,4,2
7383,4,4
7384,4,4
7385,4,4
7386,4,1
7387,4,0
7388,4,3
7389,4,1
7390,4,0
7391,4,3
7392,4,4
7393,4,3
7394,4,0
7395,4,0
7396,4,2
7397,4,1
7398,4,3
7399,4,4
7400,4,4
7401,4,3
7402,4,4
7403,4,2
7404,4,2
7405,4,0
7406,4,1
7407,4,2
7408,4,2
7409,4,2
7410,4,2
7411,4,4
7412,4,1
7413,4,4
7414,4,4
7415,4,4
7416,4,4
7417,4,2
7418,4,3
7419,4,1
7420,4,4
7421,4,3
7422,4,2
7423,4,2
7424,4,3
7425,4,4
7426,4,2
7427,4,4
7428,4,2
7429,4,4
7430,4,1
7431,4,2
7432,4,4
7433,4,2
7434,4,4
7435,4,3
7436,4,0
7437,4,0
7438,4,2
7439,4,2
7440,4,2
7441,4,1
7442,4,1
7443,4,2
7444,4,2
7445,4,2
7446,4,4
7447,4,1
7448,4,4
7449,4,4
7450,4,4
7451,4,2
7452,4,4
7453,4,0
7454,4,4
7455,4,2
7456,4,4
7457,4,1
7458,4,1
7459,4,0
7460,4,4
7461,4,0
7462,4,4
7463,4,2
7464,4,4
7465,4,0
7466,4,4
7467,4,1
7468,4,3
7469,4,0
7470,4,1
7471,4,0
7472,4,4
7473,4,2
7474,4,2
7475,4,2
7476,4,4
7477,4,3
7478,4,2
7479,4,2
7480,4,4
7481,4,0
7482,4,0
7483,4,4
7484,4,2
7485,4,1
7486,4,1
7487,4,4
7488,4,4
7489,4,0
7490,4,1
7491,4,4
7492,4,4
7493,4,3
7494,4,2
7495,4,2
7496,4,4
7497,4,4
7498,4,2
7499,4,1
7500,4,4
7501,4,3
7502,4,4
7503,4,0
7504,4,2
7505,4,2
7506,4,4
7507,4,3
7508,4,4
7509,4,3
7510,4,4
7511,4,0
7512,4,4
7513,4,2
7514,4,1
7515,4,0
7516,4,2
7517,4,4
7518,4,3
7519,4,3
7520,4,1
7521,4,2
7522,4,4
7523,4,2
7524,4,2
7525,4,2
7526,4,4
7527,4,4
7528,4,4
7529,4,0
7530,4,3
7531,4,4
7532,4,2
7533,4,3
7534,4,2
7535,4,3
7536,4,4
7537,4,2
7538,4,4
7539,4,4
7540,4,4
7541,4,4
7542,4,1
7543,4,0
7544,4,2
7545,4,3
7546,4,4
7547,4,2
7548,4,3
7549,4,4
7550,4,2
7551,4,2
7552,4,4
7553,4,2
7554,4,2
7555,4,0
7556,4,3
7557,4,0
7558,4,3
7559,4,4
7560,4,0
7561,4,2
7562,4,2
7563,4,4
7564,4,1
7565,4,1
7566,4,0
7567,4,2
7568,4,0
7569,4,4
7570,4,4
7571,4,4
7572,4,2
7573,4,4
7574,4,1
7575,4,2
7576,4,3
7577,4,2
7578,4,4
7579,4,4
7580,4,3
7581,4,1
7582,4,2
7583,4,3
7584,4,4
7585,4,1
7586,4,4
7587,4,1
7588,4,3
7589,4,4
7590,4,3
7591,4,2
7592,4,2
7593,4,0
7594,4,0
7595,4,4
7596,4,2
7597,4,1
7598,4,2
7599,4,4
7600,4,1
7601,4,1
7602,4,2
7603,4,2
7604,4,0
7605,4,4
7606,4,3
7607,4,4
7608,4,2
7609,4,4
7610,4,4
7611,4,3
7612,4,4
7613,4,1
7614,4,4
7615,4,4
7616,4,4
7617,4,2
7618,4,0
7619,4,2
7620,4,4
7621,4,2
7622,4,4
7623,4,0
7624,4,2
7625,4,2
7626,4,0
7627,4,0
7628,4,2
7629,4,3
7630,4,0
7631,4,3
7632,4,2
7633,4,2
7634,4,4
7635,4,4
7636,4,2
7637,4,4
7638,4,2
7639,4,4
7640,4,2
7641,4,3
7642,4,2
7643,4,2
7644,4,3
7645,4,0
7646,4,0
7647,4,2
7648,4,4
7649,4,2
7650,4,1
7651,4,1
7652,4,0
7653,4,4
7654,4,0
7655,4,3
7656,4,3
7657,4,3
7658,4,2
7659,4,2
7660,4,3
7661,4,1
7662,4,3
7663,4,3
7664,4,4
7665,4,2
7666,4,0
7667,4,4
7668,4,2
7669,4,4
7670,4,3
7671,4,1
7672,4,4
7673,4,3
7674,4,1
7675,4,3
7676,4,3
7677,4,1
7678,4,3
7679,4,0
7680,4,2
7681,4,4
7682,4,2
7683,4,3
7684,4,3
7685,4,2
7686,4,2
7687,4,2
7688,4,0
7689,4,3
7690,4,3
7691,4,2
7692,4,0
7693,4,2
7694,4,4
7695,4,3
7696,4,3
7697,4,4
7698,4,2
7699,4,2
7700,4,1
7701,4,0
7702,4,2
7703,4,3
7704,4,0
7705,4,0
7706,4,2
7707,4,2
7708,4,3
7709,4,2
7710,4,2
7711,4,4
7712,4,0
7713,4,2
7714,4,3
7715,4,2
7716,4,4
7717,4,2
7718,4,4
7719,4,3
7720,4,4
7721,4,2
7722,4,2
7723,4,1
7724,4,0
7725,4,2
7726,4,2
7727,4,4
7728,4,2
7729,4,2
7730,4,1
7731,4,3
7732,4,4
7733,4,1
7734,4,3
7735,4,1
7736,4,1
7737,4,4
7738,4,3
7739,4,3
7740,4,3
7741,4,2
7742,4,4
7743,4,4
7744,4,4
7745,4,3
7746,4,4
7747,4,2
7748,4,4
7749,4,0
7750,4,4
7751,4,3
7752,4,0
7753,4,4
7754,4,2
7755,4,2
7756,4,4
7757,4,2
7758,4,3
7759,4,3
7760,4,2
7761,4,4
7762,4,2
7763,4,3
7764,4,0
7765,4,3
7766,4,1
7767,4,4
7768,4,2
7769,4,3
7770,4,1
7771,4,2
7772,4,4
7773,4,2
7774,4,3
7775,4,2
7776,4,2
7777,4,4
7778,4,3
7779,4,4
7780,4,4
7781,4,2
7782,4,1
7783,4,1
7784,4,1
7785,4,4
7786,4,4
7787,4,2
7788,4,1
7789,4,2
7790,4,0
7791,4,1
7792,4,2
7793,4,4
7794,4,0
7795,4,4
7796,4,2
7797,4,3
7798,4,1
7799,4,0
7800,4,4
7801,4,2
7802,4,2
7803,4,2
7804,4,4
7805,4,4
7806,4,3
7807,4,3
7808,4,4
7809,4,2
7810,4,1
7811,4,0
7812,4,3
7813,4,2
7814,4,2
7815,4,0
7816,4,3
7817,4,4
7818,4,2
7819,4,3
7820,4,1
7821,4,3
7822,4,4
7823,4,4
7824,4,4
7825,4,1
7826,4,0
7827,4,4
7828,4,1
7829,4,0
7830,4,1
7831,4,2
7832,4,2
7833,4,4
7834,4,1
7835,4,4
7836,4,4
7837,4,2
7838,4,1
7839,4,4
7840,4,4
7841,4,1
7842,4,3
7843,4,3
7844,4,4
7845,4,1
7846,4,2
7847,4,4
7848,4,4
7849,4,4
7850,4,0
7851,4,2
7852,4,2
7853,4,2
7854,4,4
7855,4,0
7856,4,1
7857,4,2
7858,4,0
7859,4,4
7860,4,1
7861,4,4
7862,4,2
7863,4,3
7864,4,4
7865,4,2
7866,4,1
7867,4,1
7868,4,2
7869,4,3
7870,4,4
7871,4,0
7872,4,4
7873,4,4
7874,4,1
7875,4,0
7876,4,4
7877,4,1
7878,4,2
7879,4,2
7880,4,0
7881,4,0
7882,4,3
7883,4,4
7884,4,3
7885,4,0
7886,4,0
7887,4,0
7888,4,3
7889,4,4
7890,4,2
7891,4,1
7892,4,4
7893,4,2
7894,4,2
7895,4,0
7896,4,1
7897,4,3
7898,4,4
7899,4,2
7900,4,1
7901,4,3
7902,4,2
7903,4,3
7904,4,0
7905,4,3
7906,4,2
7907,4,4
7908,4,4
7909,4,4
7910,4,2
7911,4,4
7912,4,3
7913,4,4
7914,4,4
7915,4,0
7916,4,4
7917,4,0
7918,4,4
7919,4,4
7920,4,4
7921,4,2
7922,4,3
7923,4,2
7924,4,2
7925,4,4
7926,4,2
7927,4,2
7928,4,2
7929,4,4
7930,4,1
7931,4,4
7932,4,1
7933,4,0
7934,4,3
7935,4,4
7936,4,1
7937,4,2
7938,4,3
7939,4,4
7940,4,3
7941,4,3
7942,4,4
7943,4,4
7944,4,3
7945,4,4
7946,4,1
7947,4,4
7948,4,2
7949,4,4
7950,4,2
7951,4,1
7952,4,2
7953,4,3
7954,4,3
7955,4,1
7956,4,4
7957,4,3
7958,4,2
7959,4,0
7960,4,1
7961,4,0
7962,4,1
7963,4,3
7964,4,4
7965,4,4
7966,4,4
7967,4,0
7968,4,2
7969,4,2
7970,4,4
7971,4,2
7972,4,0
7973,4,2
7974,4,1
7975,4,3
7976,4,1
7977,4,3
7978,4,2
7979,4,3
7980,4,2
7981,4,2
7982,4,3
7983,4,3
7984,4,0
7985,4,4
7986,4,3
7987,4,3
7988,4,4
7989,4,1
7990,4,2
7991,4,3
7992,4,4
7993,4,4
7994,4,2
7995,4,4
7996,4,2
7997,4,0
7998,4,3
7999,4,4
8000,4,4
8001,4,3
8002,4,2
8003,4,2
8004,4,4
8005,4,1
8006,4,4
8007,4,4
8008,4,2
8009,4,0
8010,4,4
8011,4,2
8012,4,3
8013,4,4
8014,4,0
8015,4,2
8016,4,0
8017,4,1
8018,4,2
8019,4,4
8020,4,3
8021,4,4
8022,4,1
8023,4,2
8024,4,4
8025,4,2
8026,4,0
8027,4,0
8028,4,4
8029,4,2
8030,4,4
8031,4,0
8032,4,4
8033,4,4
8034,4,4
8035,4,3
8036,4,4
8037,4,2
8038,4,3
8039,4,0
8040,4,4
8041,4,1
8042,4,2
8043,4,3
8044,4,4
8045,4,1
8046,4,2
8047,4,3
8048,4,4
8049,4,1
8050,4,2
8051,4,1
8052,4,4
8053,4,3
8054,4,0
8055,4,4
8056,4,0
8057,4,3
8058,4,0
8059,4,1
8060,4,4
8061,4,4
8062,4,1
8063,4,0
8064,4,2
8065,4,4
8066,4,1
8067,4,2
8068,4,4
8069,4,2
8070,4,3
8071,4,1
8072,4,3
8073,4,4
8074,4,3
8075,4,4
8076,4,2
8077,4,2
8078,4,4
8079,4,3
8080,4,2
8081,4,2
8082,4,2
8083,4,4
8084,4,2
8085,4,1
8086,4,0
8087,4,4
8088,4,4
8089,4,0
8090,4,0
8091,4,2
8092,4,2
8093,4,0
8094,4,4
8095,4,3
8096,4,2
8097,4,2
8098,4,3
8099,4,4
8100,4,4
8101,4,4
8102,4,0
8103,4,2
8104,4,2
8105,4,1
8106,4,1
8107,4,1
8108,4,4
8109,4,0
8110,4,0
8111,4,4
8112,4,1
8113,4,2
8114,4,4
8115,4,2
8116,4,2
8117,4,4
8118,4,4
8119,4,2
8120,4,1
8121,4,1
8122,4,0
8123,4,0
8124,4,4
8125,4,4
8126,4,2
8127,4,4
8128,4,2
8129,4,2
8130,4,0
8131,4,2
8132,4,4
8133,4,4
8134,4,0
8135,4,0
8136,4,2
8137,4,2
8138,4,4
8139,4,2
8140,4,2
8141,4,2
8142,4,3
8143,4,1
8144,4,2
8145,4,4
8146,4,4
8147,4,1
8148,4,2
8149,4,4
8150,4,3
8151,4,0
8152,4,0
8153,4,2
8154,4,4
8155,4,2
8156,4,2
8157,4,1
8158,4,2
8159,4,4
8160,4,3
8161,4,2
8162,4,2
8163,4,2
8164,4,2
8165,4,2
8166,4,0
8167,4,1
8168,4,4
8169,4,0
8170,4,4
8171,4,4
8172,4,3
8173,4,2
8174,4,4
8175,4,2
8176,4,2
8177,4,4
8178,4,2
8179,4,2
8180,4,0
8181,4,3
8182,4,4
8183,4,3
8184,4,0
8185,4,2
8186,4,1
8187,4,3
8188,4,4
8189,4,3
8190,4,3
8191,4,2
8192,4,0
8193,4,2
8194,4,0
8195,4,2
8196,4,4
8197,4,0
8198,4,4
8199,4,3
8200,4,0
8201,4,4
8202,4,4
8203,4,4
8204,4,2
8205,4,2
8206,4,2
8207,4,4
8208,4,1
8209,4,2
8210,4,2
8211,4,1
8212,4,4
8213,4,3
8214,4,1
8215,4,0
8216,4,2
8217,4,2
8218,4,4
8219,4,1
8220,4,0
8221,4,1
8222,4,4
8223,4,0
8224,4,2
8225,4,1
8226,4,2
8227,4,2
8228,4,0
8229,4,4
8230,4,0
8231,4,1
8232,4,4
8233,4,4
8234,4,4
8235,4,2
8236,4,3
8237,4,4
8238,4,0
8239,4,0
8240,4,2
8241,4,4
8242,4,1
8243,4,1
8244,4,4
8245,4,0
8246,4,0
8247,4,4
8248,4,1
8249,4,2
8250,4,4
8251,4,4
8252,4,0
8253,4,0
8254,4,3
8255,4,1
8256,4,2
8257,4,3
8258,4,2
8259,4,4
8260,4,4
8261,4,4
8262,4,0
8263,4,4
8264,4,2
8265,4,2
8266,4,1
8267,4,1
8268,4,4
8269,4,2
8270,4,4
8271,4,2
8272,4,4
8273,4,2
8274,4,3
8275,4,4
8276,4,3
8277,4,3
8278,4,2
8279,4,4
8280,4,3
8281,4,0
8282,4,1
8283,4,0
8284,4,4
8285,4,0
8286,4,4
8287,4,2
8288,4,0
8289,4,2
8290,4,4
8291,4,2
8292,4,2
8293,4,2
8294,4,1
8295,4,3
8296,4,1
8297,4,0
8298,4,2
8299,4,4
8300,4,4
8301,4,0
8302,4,4
8303,4,0
8304,4,3
8305,4,2
8306,4,2
8307,4,1
8308,4,4
8309,4,2
8310,4,4
8311,4,0
8312,4,4
8313,4,2
8314,4,0
8315,4,2
8316,4,4
8317,4,3
8318,4,0
8319,4,2
8320,4,4
8321,4,0
8322,4,4
8323,4,1
8324,4,2
8325,4,3
8326,4,2
8327,4,4
8328,4,1
8329,4,0
8330,4,1
8331,4,4
8332,4,2
8333,4,4
8334,4,3
8335,4,1
8336,4,4
8337,4,0
8338,4,1
8339,4,3
8340,4,0
8341,4,3
8342,4,4
8343,4,4
8344,4,1
8345,4,4
8346,4,3
8347,4,0
8348,4,2
8349,4,4
8350,4,3
8351,4,4
8352,4,2
8353,4,0
8354,4,4
8355,4,4
8356,4,4
8357,4,3
8358,4,4
8359,4,2
8360,4,1
8361,4,1
8362,4,3
8363,4,2
8364,4,4
8365,4,2
8366,4,4
8367,4,2
8368,4,3
8369,4,2
8370,4,4
8371,4,2
8372,4,2
8373,4,2
8374,4,2
8375,4,4
8376,4,0
8377,4,3
8378,4,2
8379,4,4
8380,4,0
8381,4,2
8382,4,4
8383,4,3
8384,4,4
8385,4,3
8386,4,3
8387,4,0
8388,4,1
8389,4,1
8390,4,4
8391,4,2
8392,4,2
8393,4,2
8394,4,0
8395,4,2
8396,4,2
8397,4,2
8398,4,3
8399,4,0
8400,4,0
8401,4,3
8402,4,4
8403,4,0
8404,4,3
8405,4,4
8406,4,0
8407,4,0
8408,4,2
8409,4,4
8410,4,4
8411,4,4
8412,4,2
8413,4,2
8414,4,2
8415,4,4
8416,4,2
8417,4,2
8418,4,1
8419,4,2
8420,4,4
8421,4,2
8422,4,1
8423,4,0
8424,4,4
8425,4,1
8426,4,1
8427,4,2
8428,4,1
8429,4,0
8430,4,2
8431,4,4
8432,4,4
8433,4,2
8434,4,4
8435,4,2
8436,4,1
8437,4,4
8438,4,4
8439,4,3
8440,4,4
8441,4,3
8442,4,3
8443,4,4
8444,4,3
8445,4,2
8446,4,2
8447,4,3
8448,4,0
8449,4,2
8450,4,2
8451,4,4
8452,4,2
8453,4,4
8454,4,3
8455,4,1
8456,4,2
8457,4,4
8458,4,3
8459,4,3
8460,4,0
8461,4,3
8462,4,1
8463,4,4
8464,4,2
8465,4,4
8466,4,2
8467,4,2
8468,4,2
8469,4,3
8470,4,0
8471,4,2
8472,4,0
8473,4,4
8474,4,2
8475,4,4
8476,4,2
8477,4,2
8478,4,2
8479,4,4
8480,4,0
8481,4,4
8482,4,0
8483,4,0
8484,4,2
8485,4,4
8486,4,2
8487,4,3
8488,4,2
8489,4,2
8490,4,4
8491,4,4
8492,4,0
8493,4,2
8494,4,0
8495,4,4
8496,4,2
8497,4,1
8498,4,4
8499,4,2
8500,4,2
8501,4,1
8502,4,0
8503,4,0
8504,4,1
8505,4,2
8506,4,3
8507,4,3
8508,4,4
8509,4,2
8510,4,4
8511,4,2
8512,4,2
8513,4,0
8514,4,2
8515,4,2
8516,4,3
8517,4,0
8518,4,4
8519,4,4
8520,4,4
8521,4,4
8522,4,1
8523,4,3
8524,4,2
8525,4,1
8526,4,2
8527,4,2
8528,4,3
8529,4,4
8530,4,4
8531,4,2
8532,4,0
8533,4,1
8534,4,4
8535,4,0
8536,4,3
8537,4,2
8538,4,0
8539,4,1
8540,4,0
8541,4,0
8542,4,4
8543,4,2
8544,4,4
8545,4,3
8546,4,2
8547,4,0
8548,4,3
8549,4,3
8550,4,4
8551,4,2
8552,4,4
8553,4,2
8554,4,2
8555,4,2
8556,4,1
8557,4,2
8558,4,2
8559,4,0
8560,4,3
8561,4,1
8562,4,3
8563,4,4
8564,4,0
8565,4,4
8566,4,0
8567,4,4
8568,4,4
8569,4,2
8570,4,4
8571,4,4
8572,4,4
8573,4,1
8574,4,4
8575,4,2
8576,4,4
8577,4,4
8578,4,2
8579,4,4
8580,4,3
8581,4,0
8582,4,4
8583,4,2
8584,4,1
8585,4,3
8586,4,2
8587,4,4
8588,4,4
8589,4,2
8590,4,4
8591,4,4
8592,4,4
8593,4,1
8594,4,0
8595,4,4
8596,4,3
8597,4,4
8598,4,2
8599,4,3
8600,4,1
8601,4,2
8602,4,2
8603,4,3
8604,4,3
8605,4,2
8606,4,0
8607,4,4
8608,4,2
8609,4,4
8610,4,2
8611,4,2
8612,4,2
8613,4,2
8614,4,2
8615,4,0
8616,4,2
8617,4,4
8618,4,2
8619,4,4
8620,4,3
8621,4,3
8622,4,2
8623,4,3
8624,4,4
8625,4,4
8626,4,0
8627,4,1
8628,4,0
8629,4,2
8630,4,2
8631,4,1
8632,4,4
8633,4,1
8634,4,0
8635,4,2
8636,4,4
8637,4,2
8638,4,4
8639,4,0
8640,4,0
8641,4,3
8642,4,1
8643,4,4
8644,4,3
8645,4,0
8646,4,3
8647,4,3
8648,4,1
8649,4,1
8650,4,1
8651,4,1
8652,4,3
8653,4,2
8654,4,1
8655,4,2
8656,4,3
8657,4,4
8658,4,2
8659,4,1
8660,4,3
8661,4,1
8662,4,4
8663,4,4
8664,4,0
8665,4,4
8666,4,0
8667,4,1
8668,4,3
8669,4,4
8670,4,0
8671,4,4
8672,4,4
8673,4,3
8674,4,2
8675,4,0
8676,4,1
8677,4,3
8678,4,0
8679,4,3
8680,4,0
8681,4,2
8682,4,2
8683,4,4
8684,4,2
8685,4,2
8686,4,1
8687,4,4
8688,4,0
8689,4,2
8690,4,0
8691,4,4
8692,4,2
8693,4,2
8694,4,0
8695,4,2
8696,4,0
8697,4,3
8698,4,0
8699,4,0
8700,4,3
8701,4,4
8702,4,1
8703,4,4
8704,4,1
8705,4,0
8706,4,3
8707,4,4
8708,4,2
8709,4,0
8710,4,2
8711,4,0
8712,4,0
8713,4,1
8714,4,3
8715,4,0
8716,4,2
8717,4,4
8718,4,2
8719,4,2
8720,4,3
8721,4,1
8722,4,2
8723,4,2
8724,4,1
8725,4,4
8726,4,4
8727,4,4
8728,4,0
8729,4,4
8730,4,4
8731,4,3
8732,4,3
8733,4,4
8734,4,2
8735,4,0
8736,4,4
8737,4,1
8738,4,1
8739,4,2
8740,4,2
8741,4,0
8742,4,4
8743,4,4
8744,4,0
8745,4,1
8746,4,2
8747,4,4
8748,4,2
8749,4,4
8750,4,0
8751,4,3
8752,4,2
8753,4,0
8754,4,3
8755,4,4
8756,4,2
8757,4,0
8758,4,4
8759,4,0
8760,4,4
8761,4,4
8762,4,4
8763,4,0
8764,4,1
8765,4,3
8766,4,4
8767,4,4
8768,4,1
8769,4,4
8770,4,4
8771,4,1
8772,4,2
8773,4,4
8774,4,2
8775,4,4
8776,4,2
8777,4,3
8778,4,1
8779,4,3
8780,4,2
8781,4,0
8782,4,1
8783,4,4
8784,4,4
8785,4,4
8786,4,1
8787,4,3
8788,4,4
8789,4,3
8790,4,3
8791,4,0
8792,4,3
8793,4,2
8794,4,3
8795,4,4
8796,4,2
8797,4,2
8798,4,2
8799,4,4
8800,4,0
8801,4,3
8802,4,2
8803,4,0
8804,4,4
8805,4,4
8806,4,3
8807,4,0
8808,4,3
8809,4,2
8810,4,4
8811,4,4
8812,4,3
8813,4,4
8814,4,2
8815,4,0
8816,4,4
8817,4,3
8818,4,0
8819,4,0
8820,4,4
8821,4,4
8822,4,4
8823,4,4
8824,4,2
8825,4,4
8826,4,3
8827,4,0
8828,4,4
8829,4,2
8830,4,4
8831,4,0
8832,4,1
8833,4,2
8834,4,3
8835,4,3
8836,4,2
8837,4,4
8838,4,0
8839,4,2
8840,4,3
8841,4,4
8842,4,1
8843,4,4
8844,4,3
8845,4,3
8846,4,3
8847,4,0
8848,4,2
8849,4,1
8850,4,3
8851,4,0
8852,4,3
8853,4,3
8854,4,2
8855,4,1
8856,4,2
8857,4,3
8858,4,1
8859,4,2
8860,4,4
8861,4,3
8862,4,0
8863,4,2
8864,4,2
8865,4,2
8866,4,4
8867,4,0
8868,4,2
8869,4,4
8870,4,0
8871,4,3
8872,4,3
8873,4,1
8874,4,4
8875,4,2
8876,4,2
8877,4,1
8878,4,4
8879,4,1
8880,4,0
8881,4,2
8882,4,2
8883,4,1
8884,4,3
8885,4,1
8886,4,3
8887,4,1
8888,4,4
8889,4,3
8890,4,2
8891,4,4
8892,4,2
8893,4,0
8894,4,1
8895,4,4
8896,4,4
8897,4,2
8898,4,1
8899,4,0
8900,4,2
8901,4,4
8902,4,2
8903,4,2
8904,4,4
8905,4,1
8906,4,2
8907,4,3
8908,4,2
8909,4,3
8910,4,3
8911,4,3
8912,4,0
8913,4,1
8914,4,2
8915,4,4
8916,4,4
8917,4,3
8918,4,3
8919,4,1
8920,4,2
8921,4,2
8922,4,4
8923,4,1
8924,4,2
8925,4,4
8926,4,3
8927,4,1
8928,4,0
8929,4,0
8930,4,0
8931,4,1
8932,4,1
8933,4,1
8934,4,4
8935,4,2
8936,4,2
8937,4,0
8938,4,4
8939,4,2
8940,4,1
8941,4,0
8942,4,4
8943,4,3
8944,4,4
8945,4,2
8946,4,0
8947,4,4
8948,4,3
8949,4,3
8950,4,4
8951,4,3
8952,4,2
8953,4,2
8954,4,2
8955,4,1
8956,4,4
8957,4,0
8958,4,4
8959,4,2
8960,4,0
8961,4,4
8962,4,3
8963,4,2
8964,4,3
8965,4,1
8966,4,3
8967,4,2
8968,4,3
8969,4,0
8970,4,2
8971,4,3
8972,4,4
8973,4,2
8974,4,2
8975,4,2
8976,4,2
8977,4,0
8978,4,2
8979,4,3
8980,4,2
8981,4,4
8982,4,0
8983,4,2
8984,4,4
8985,4,3
8986,4,2
8987,4,0
8988,4,1
8989,4,4
8990,4,1
8991,4,3
8992,4,4
8993,4,2
8994,4,0
8995,4,2
8996,4,1
8997,4,4
8998,4,2
8999,4,2
9000,4,4
9001,4,1
9002,4,3
9003,4,4
9004,4,0
9005,4,4
9006,4,1
9007,4,4
9008,4,0
9009,4,3
9010,4,0
9011,4,4
9012,4,4
9013,4,4
9014,4,4
9015,4,2
9016,4,4
9017,4,2
9018,4,2
9019,4,2
9020,4,2
9021,4,2
9022,4,0
9023,4,0
9024,4,3
9025,4,1
9026,4,4
9027,4,4
9028,4,1
9029,4,4
9030,4,3
9031,4,1
9032,4,2
9033,4,3
9034,4,4
9035,4,3
9036,4,1
9037,4,3
9038,4,4
9039,4,1
9040,4,2
9041,4,4
9042,4,1
9043,4,2
9044,4,4
9045,4,4
9046,4,1
9047,4,0
9048,4,1
9049,4,2
9050,4,4
9051,4,3
9052,4,2
9053,4,4
9054,4,0
9055,4,0
9056,4,4
9057,4,0
9058,4,4
9059,4,1
9060,4,2
9061,4,0
9062,4,0
9063,4,2
9064,4,3
9065,4,0
9066,4,3
9067,4,2
9068,4,0
9069,4,4
9070,4,3
9071,4,4
9072,4,2
9073,4,2
9074,4,2
9075,4,1
9076,4,3
9077,4,4
9078,4,2
9079,4,2
9080,4,1
9081,4,4
9082,4,4
9083,4,3
9084,4,3
9085,4,2
9086,4,3
9087,4,3
9088,4,1
9089,4,2
9090,4,3
9091,4,3
9092,4,3
9093,4,0
9094,4,0
9095,4,2
9096,4,1
9097,4,3
9098,4,1
9099,4,4
9100,4,4
9101,4,4
9102,4,4
9103,4,0
9104,4,3
9105,4,2
9106,4,4
9107,4,1
9108,4,1
9109,4,4
9110,4,4
9111,4,0
9112,4,2
9113,4,0
9114,4,3
9115,4,4
9116,4,1
9117,4,4
9118,4,4
9119,4,2
9120,4,2
9121,4,1
9122,4,4
9123,4,2
9124,4,0
9125,4,4
9126,4,2
9127,4,4
9128,4,2
9129,4,0
9130,4,2
9131,4,2
9132,4,0
9133,4,0
9134,4,2
9135,4,4
9136,4,4
9137,4,1
9138,4,0
9139,4,0
9140,4,4
9141,4,0
9142,4,2
9143,4,3
9144,4,4
9145,4,3
9146,4,4
9147,4,2
9148,4,0
9149,4,2
9150,4,2
9151,4,4
9152,4,4
9153,4,0
9154,4,0
9155,4,2
9156,4,4
9157,4,3
9158,4,0
9159,4,0
9160,4,0
9161,4,2
9162,4,4
9163,4,0
9164,4,4
9165,4,2
9166,4,1
9167,4,0
9168,4,4
9169,4,0
9170,4,2
9171,4,4
9172,4,4
9173,4,4
9174,4,2
9175,4,3
9176,4,3
9177,4,0
9178,4,0
9179,4,4
9180,4,1
9181,4,2
9182,4,2
9183,4,3
9184,4,3
9185,4,4
9186,4,0
9187,4,4
9188,4,1
9189,4,4
9190,4,0
9191,4,0
9192,4,3
9193,4,3
9194,4,2
9195,4,2
9196,4,2
9197,4,1
9198,4,1
9199,4,4
9200,4,3
9201,4,0
9202,4,2
9203,4,0
9204,4,4
9205,4,1
9206,4,2
9207,4,4
9208,4,1
9209,4,4
9210,4,3
9211,4,4
9212,4,2
9213,4,3
9214,4,2
9215,4,4
9216,4,1
9217,4,1
9218,4,0
9219,4,0
9220,4,3
9221,4,4
9222,4,4
9223,4,2
9224,4,4
9225,4,0
9226,4,3
9227,4,4
9228,4,3
9229,4,4
9230,4,3
9231,4,4
9232,4,4
9233,4,4
9234,4,3
9235,4,2
9236,4,1
9237,4,1
9238,4,0
9239,4,4
9240,4,4
9241,4,4
9242,4,3
9243,4,2
9244,4,4
9245,4,4
9246,4,4
9247,4,4
9248,4,2
9249,4,2
9250,4,2
9251,4,4
9252,4,2
9253,4,2
9254,4,4
9255,4,3
9256,4,2
9257,4,4
9258,4,2
9259,4,4
9260,4,4
9261,4,2
9262,4,3
9263,4,0
9264,4,4
9265,4,2
9266,4,2
9267,4,2
9268,4,4
9269,4,2
9270,4,4
9271,4,0
9272,4,0
9273,4,1
9274,4,3
9275,4,3
9276,4,2
9277,4,2
9278,4,1
9279,4,2
9280,4,1
9281,4,4
9282,4,3
9283,4,4
9284,4,0
9285,4,1
9286,4,1
9287,4,4
9288,4,2
9289,4,3
9290,4,2
9291,4,0
9292,4,3
9293,4,2
9294,4,2
9295,4,0
9296,4,0
9297,4,3
9298,4,2
9299,4,2
9300,4,2
9301,4,1
9302,4,3
9303,4,2
9304,4,0
9305,4,4
9306,4,2
9307,4,4
9308,4,4
9309,4,3
9310,4,2
9311,4,4
9312,4,2
9313,4,0
9314,4,4
9315,4,0
9316,4,4
9317,4,4
9318,4,0
9319,4,2
9320,4,3
9321,4,3
9322,4,1
9323,4,1
9324,4,4
9325,4,4
9326,4,4
9327,4,0
9328,4,2
9329,4,2
9330,4,4
9331,4,2
9332,4,3
9333,4,2
9334,4,4
9335,4,3
9336,4,1
9337,4,3
9338,4,2
9339,4,2
9340,4,4
9341,4,0
9342,4,0
9343,4,1
9344,4,0
9345,4,0
9346,4,3
9347,4,0
9348,4,3
9349,4,3
9350,4,0
9351,4,2
9352,4,4
9353,4,3
9354,4,0
9355,4,2
9356,4,0
9357,4,2
9358,4,3
9359,4,3
9360,4,4
9361,4,2
9362,4,1
9363,4,2
9364,4,0
9365,4,0
9366,4,3
9367,4,0
9368,4,0
9369,4,4
9370,4,0
9371,4,3
9372,4,2
9373,4,2
9374,4,2
9375,4,4
9376,4,4
9377,4,0
9378,4,2
9379,4,2
9380,4,4
9381,4,0
9382,4,3
9383,4,1
9384,4,2
9385,4,4
9386,4,4
9387,4,1
9388,4,0
9389,4,4
9390,4,2
9391,4,4
9392,4,2
9393,4,3
9394,4,3
9395,4,4
9396,4,1
9397,4,0
9398,4,3
9399,4,3
9400,4,4
9401,4,2
9402,4,3
9403,4,0
9404,4,2
9405,4,2
9406,4,3
9407,4,4
9408,4,4
9409,4,1
9410,4,4
9411,4,2
9412,4,2
9413,4,2
9414,4,1
9415,4,4
9416,4,4
9417,4,2
9418,4,4
9419,4,4
9420,4,2
9421,4,4
9422,4,4
9423,4,0
9424,4,2
9425,4,2
9426,4,2
9427,4,4
9428,4,2
9429,4,4
9430,4,3
9431,4,3
9432,4,4
9433,4,4
9434,4,4
9435,4,4
9436,4,4
9437,4,3
9438,4,3
9439,4,3
9440,4,4
9441,4,4
9442,4,4
9443,4,2
9444,4,3
9445,4,3
9446,4,2
9447,4,0
9448,4,0
9449,4,3
9450,4,3
9451,4,2
9452,4,3
9453,4,4
9454,4,2
9455,4,0
9456,4,1
9457,4,4
9458,4,0
9459,4,2
9460,4,4
9461,4,1
9462,4,1
9463,4,3
9464,4,4
9465,4,2
9466,4,2
9467,4,3
9468,4,2
9469,4,1
9470,4,2
9471,4,3
9472,4,2
9473,4,3
9474,4,3
9475,4,2
9476,4,2
9477,4,1
9478,4,3
9479,4,4
9480,4,1
9481,4,1
9482,4,4
9483,4,0
9484,4,4
9485,4,3
9486,4,2
9487,4,0
9488,4,1
9489,4,4
9490,4,3
9491,4,0
9492,4,4
9493,4,2
9494,4,2
9495,4,3
9496,4,3
9497,4,4
9498,4,3
9499,4,1
9500,4,1
9501,4,2
9502,4,2
9503,4,2
9504,4,0
9505,4,4
9506,4,0
9507,4,2
9508,4,4
9509,4,4
9510,4,4
9511,4,4
9512,4,0
9513,4,4
9514,4,2
9515,4,4
9516,4,4
9517,4,2
9518,4,0
9519,4,4
9520,4,4
9521,4,0
9522,4,4
9523,4,3
9524,4,4
9525,4,0
9526,4,2
9527,4,4
9528,4,3
9529,4,1
9530,4,2
9531,4,4
9532,4,4
9533,4,0
9534,4,4
9535,4,4
9536,4,4
9537,4,2
9538,4,3
9539,4,3
9540,4,0
9541,4,4
9542,4,0
9543,4,2
9544,4,2
9545,4,0
9546,4,0
9547,4,3
9548,4,3
9549,4,0
9550,4,4
9551,4,3
9552,4,4
9553,4,3
9554,4,4
9555,4,0
9556,4,4
9557,4,3
9558,4,2
9559,4,3
9560,4,3
9561,4,3
9562,4,1
9563,4,2
9564,4,3
9565,4,2
9566,4,4
9567,4,2
9568,4,0
9569,4,4
9570,4,4
9571,4,1
9572,4,4
9573,4,4
9574,4,2
9575,4,3
9576,4,0
9577,4,4
9578,4,1
9579,4,2
9580,4,4
9581,4,3
9582,4,1
9583,4,4
9584,4,0
9585,4,4
9586,4,0
9587,4,2
9588,4,0
9589,4,3
9590,4,4
9591,4,2
9592,4,0
9593,4,4
9594,4,0
9595,4,1
9596,4,2
9597,4,1
9598,4,2
9599,4,2
9600,4,0
9601,4,2
9602,4,1
9603,4,4
9604,4,3
9605,4,4
9606,4,3
9607,4,1
9608,4,4
9609,4,0
9610,4,2
9611,4,4
9612,4,4
9613,4,4
9614,4,1
9615,4,2
9616,4,0
9617,4,2
9618,4,2
9619,4,0
9620,4,2
9621,4,1
9622,4,4
9623,4,2
9624,4,0
9625,4,4
9626,4,4
9627,4,0
9628,4,1
9629,4,3
9630,4,3
9631,4,3
9632,4,2
9633,4,2
9634,4,3
9635,4,1
9636,4,0
9637,4,3
9638,4,0
9639,4,4
9640,4,0
9641,4,0
9642,4,0
9643,4,3
9644,4,3
9645,4,4
9646,4,1
9647,4,2
9648,4,4
9649,4,3
9650,4,4
9651,4,4
9652,4,4
9653,4,4
9654,4,0
9655,4,0
9656,4,2
9657,4,4
9658,4,0
9659,4,2
9660,4,2
9661,4,2
9662,4,4
9663,4,1
9664,4,4
9665,4,1
9666,4,1
9667,4,4
9668,4,2
9669,4,0
9670,4,3
9671,4,4
9672,4,2
9673,4,2
9674,4,1
9675,4,0
9676,4,0
9677,4,2
9678,4,4
9679,4,1
9680,4,0
9681,4,1
9682,4,2
9683,4,3
9684,4,2
9685,4,2
9686,4,2
9687,4,1
9688,4,4
9689,4,4
9690,4,4
9691,4,1
9692,4,4
9693,4,4
9694,4,4
9695,4,4
9696,4,4
9697,4,4
9698,4,2
9699,4,4
9700,4,4
9701,4,3
9702,4,3
9703,4,2
9704,4,3
9705,4,3
9706,4,3
9707,4,2
9708,4,4
9709,4,0
9710,4,2
9711,4,1
9712,4,3
9713,4,4
9714,4,1
9715,4,1
9716,4,0
9717,4,1
9718,4,1
9719,4,3
9720,4,4
9721,4,2
9722,4,2
9723,4,2
9724,4,2
9725,4,2
9726,4,4
9727,4,1
9728,4,4
9729,4,4
9730,4,4
9731,4,4
9732,4,2
9733,4,0
9734,4,0
9735,4,3
9736,4,3
9737,4,3
9738,4,4
9739,4,1
9740,4,1
9741,4,1
9742,4,0
9743,4,3
9744,4,4
9745,4,4
9746,4,4
9747,4,4
9748,4,1
9749,4,0
9750,4,4
9751,4,2
9752,4,4
9753,4,4
9754,4,4
9755,4,4
9756,4,0
9757,4,1
9758,4,4
9759,4,4
9760,4,4
9761,4,2
9762,4,4
9763,4,0
9764,4,2
9765,4,2
9766,4,0
9767,4,0
9768,4,2
9769,4,0
9770,4,4
9771,4,3
9772,4,0
9773,4,4
9774,4,4
9775,4,0
9776,4,1
9777,4,1
9778,4,2
9779,4,4
9780,4,1
9781,4,3
9782,4,4
9783,4,4
9784,4,0
9785,4,0
9786,4,1
9787,4,3
9788,4,4
9789,4,3
9790,4,4
9791,4,1
9792,4,2
9793,4,3
9794,4,2
9795,4,1
9796,4,4
9797,4,4
9798,4,3
9799,4,0
9800,4,4
9801,4,2
9802,4,3
9803,4,2
9804,4,4
9805,4,2
9806,4,4
9807,4,4
9808,4,4
9809,4,2
9810,4,3
9811,4,4
9812,4,2
9813,4,2
9814,4,2
9815,4,3
9816,4,1
9817,4,3
9818,4,4
9819,4,2
9820,4,0
9821,4,2
9822,4,2
9823,4,2
9824,4,4
9825,4,3
9826,4,2
9827,4,4
9828,4,2
9829,4,4
9830,4,0
9831,4,2
9832,4,0
9833,4,4
9834,4,2
9835,4,1
9836,4,2
9837,4,2
9838,4,3
9839,4,4
9840,4,0
9841,4,0
9842,4,2
9843,4,1
9844,4,1
9845,4,0
9846,4,0
9847,4,0
9848,4,0
9849,4,1
9850,4,4
9851,4,2
9852,4,3
9853,4,2
9854,4,1
9855,4,2
9856,4,2
9857,4,4
9858,4,2
9859,4,2
9860,4,2
9861,4,3
9862,4,3
9863,4,4
9864,4,2
9865,4,4
9866,4,2
9867,4,0
9868,4,3
9869,4,2
9870,4,4
9871,4,0
9872,4,2
9873,4,2
9874,4,3
9875,4,2
9876,4,4
9877,4,1
9878,4,3
9879,4,4
9880,4,2
9881,4,4
9882,4,1
9883,4,0
9884,4,1
9885,4,4
9886,4,4
9887,4,2
9888,4,2
9889,4,0
9890,4,2
9891,4,4
9892,4,2
9893,4,4
9894,4,4
9895,4,0
9896,4,4
9897,4,2
9898,4,2
9899,4,2
9900,4,0
9901,4,2
9902,4,0
9903,4,4
9904,4,1
9905,4,4
9906,4,2
9907,4,4
9908,4,4
9909,4,2
9910,4,4
9911,4,2
9912,4,3
9913,4,1
9914,4,4
9915,4,3
9916,4,3
9917,4,4
9918,4,4
9919,4,2
9920,4,2
9921,4,0
9922,4,4
9923,4,0
9924,4,3
9925,4,3
9926,4,2
9927,4,3
9928,4,3
9929,4,1
9930,4,3
9931,4,1
9932,4,4
9933,4,0
9934,4,2
9935,4,2
9936,4,4
9937,4,4
9938,4,4
9939,4,1
9940,4,4
9941,4,2
9942,4,0
9943,4,2
9944,4,4
9945,4,3
9946,4,4
9947,4,0
9948,4,0
9949,4,0
9950,4,0
9951,4,4
9952,4,1
9953,4,3
9954,4,4
9955,4,2
9956,4,2
9957,4,4
9958,4,4
9959,4,4
9960,4,3
9961,4,3
9962,4,0
9963,4,4
9964,4,4
9965,4,4
9966,4,4
9967,4,0
9968,4,3
9969,4,1
9970,4,0
9971,4,0
9972,4,0
9973,4,4
9974,4,4
9975,4,4
9976,4,4
9977,4,4
9978,4,2
9979,4,0
9980,4,4
9981,4,0
9982,4,1
9983,4,2
9984,4,0
9985,4,2
9986,4,1
9987,4,2
9988,4,2
9989,4,2
9990,4,4
9991,4,3
9992,4,3
9993,4,3
9994,4,2
9995,4,2
9996,4,4
9997,4,4
9998,4,0
9999,4,0
10000,4,1
10001,4,3
10002,4,4
10003,4,2
10004,4,3
10005,4,2
10006,4,4
10007,4,4
10008,4,3
10009,4,2
10010,4,0
10011,4,0
10012,4,4
10013,4,1
10014,4,4
10015,4,2
10016,4,1
10017,4,4
10018,4,2
10019,4,2
10020,4,4
10021,4,0
10022,4,3
10023,4,1
10024,4,2
10025,4,4
10026,4,2
10027,4,3
10028,4,2
10029,4,2
10030,4,4
10031,4,4
10032,4,1
10033,4,2
10034,4,4
10035,4,2
10036,4,2
10037,4,2
10038,4,4
10039,4,4
10040,4,0
10041,4,4
10042,4,4
10043,4,3
10044,4,4
10045,4,0
10046,4,3
10047,4,1
10048,4,0
10049,4,2
10050,4,2
10051,4,2
10052,4,2
10053,4,1
10054,4,3
10055,4,1
10056,4,4
10057,4,4
10058,4,1
10059,4,2
10060,4,4
10061,4,0
10062,4,4
10063,4,1
10064,4,2
10065,4,2
10066,4,3
10067,4,3
10068,4,4
10069,4,2
10070,4,1
10071,4,1
10072,4,2
10073,4,2
10074,4,4
10075,4,2
10076,4,2
10077,4,4
10078,4,2
10079,4,4
10080,4,0
10081,4,4
10082,4,2
10083,4,0
10084,4,0
10085,4,2
10086,4,0
10087,4,4
10088,4,3
10089,4,0
10090,4,3
10091,4,2
10092,4,4
10093,4,3
10094,4,4
10095,4,3
10096,4,2
10097,4,1
10098,4,0
10099,4,4
10100,4,4
10101,4,2
10102,4,2
10103,4,0
10104,4,4
10105,4,3
10106,4,4
10107,4,2
10108,4,1
10109,4,3
10110,4,3
10111,4,0
10112,4,2
10113,4,3
10114,4,4
10115,4,4
10116,4,4
10117,4,2
10118,4,2
10119,4,0
10120,4,4
10121,4,1
10122,4,1
10123,4,3
10124,4,4
10125,4,4
10126,4,3
10127,4,1
10128,4,3
10129,4,2
10130,4,2
10131,4,4
10132,4,0
10133,4,4
10134,4,0
10135,4,2
10136,4,3
10137,4,1
10138,4,1
10139,4,4
10140,4,4
10141,4,4
10142,4,1
10143,4,4
10144,4,1
10145,4,1
10146,4,1
10147,4,4
10148,4,1
10149,4,3
10150,4,3
10151,4,1
10152,4,4
10153,4,4
10154,4,1
10155,4,2
10156,4,4
10157,4,2
10158,4,4
10159,4,1
10160,4,3
10161,4,1
10162,4,1
10163,4,1
10164,4,0
10165,4,3
10166,4,1
10167,4,2
10168,4,2
10169,4,2
10170,4,2
10171,4,3
10172,4,2
10173,4,4
10174,4,2
10175,4,2
10176,4,3
10177,4,2
10178,4,2
10179,4,4
10180,4,4
10181,4,2
10182,4,2
10183,4,0
10184,4,4
10185,4,4
10186,4,2
10187,4,4
10188,4,1
10189,4,4
10190,4,1
10191,4,3
10192,4,4
10193,4,3
10194,4,4
10195,4,2
10196,4,0
10197,4,2
10198,4,2
10199,4,3
10200,4,3
10201,4,2
10202,4,4
10203,4,1
10204,4,2
10205,4,1
10206,4,4
10207,4,1
10208,4,2
10209,4,2
10210,4,4
10211,4,0
10212,4,1
10213,4,4
10214,4,0
10215,4,4
10216,4,3
10217,4,3
10218,4,3
10219,4,3
10220,4,0
10221,4,0
10222,4,2
10223,4,3
10224,4,1
10225,4,0
10226,4,4
10227,4,2
10228,4,3
10229,4,3
10230,4,4
10231,4,0
10232,4,1
10233,4,2
10234,4,1
10235,4,2
10236,4,3
10237,4,4
10238,4,4
10239,4,4
10240,4,3
10241,4,4
10242,4,2
10243,4,4
10244,4,2
10245,4,4
10246,4,2
10247,4,4
10248,4,4
10249,4,0
10250,4,4
10251,4,4
10252,4,2
10253,4,1
10254,4,1
10255,4,4
10256,4,4
10257,4,4
10258,4,4
10259,4,0
10260,4,4
10261,4,3
10262,4,2
10263,4,2
10264,4,4
10265,4,4
10266,4,2
10267,4,4
10268,4,4
10269,4,4
10270,4,1
10271,4,2
10272,4,2
10273,4,4
10274,4,4
10275,4,3
10276,4,1
10277,4,2
10278,4,0
10279,4,4
10280,4,2
10281,4,4
10282,4,2
10283,4,3
10284,4,1
10285,4,3
10286,4,1
10287,4,4
10288,4,4
10289,4,1
10290,4,2
10291,4,0
10292,4,4
10293,4,4
10294,4,3
10295,4,3
10296,4,4
10297,4,2
10298,4,4
10299,4,2
10300,4,2
10301,4,3
10302,4,4
10303,4,4
10304,4,2
10305,4,1
10306,4,3
10307,4,0
10308,4,4
10309,4,3
10310,4,4
10311,4,3
10312,4,1
10313,4,3
10314,4,4
10315,4,0
10316,4,0
10317,4,0
10318,4,4
10319,4,2
10320,4,4
10321,4,4
10322,4,2
10323,4,4
10324,4,4
10325,4,4
10326,4,4
10327,4,3
10328,4,3
10329,4,4
10330,4,0
10331,4,4
10332,4,4
10333,4,4
10334,4,2
10335,4,1
10336,4,2
10337,4,0
10338,4,1
10339,4,4
10340,4,0
10341,4,4
10342,4,4
10343,4,0
10344,4,4
10345,4,2
10346,4,3
10347,4,4
10348,4,4
10349,4,4
10350,4,2
10351,4,4
10352,4,2
10353,4,4
10354,4,2
10355,4,4
10356,4,3
10357,4,0
10358,4,3
10359,4,0
10360,4,0
10361,4,3
10362,4,2
10363,4,4
10364,4,4
10365,4,2
10366,4,4
10367,4,1
10368,4,0
10369,4,3
10370,4,2
10371,4,3
10372,4,0
10373,4,3
10374,4,4
10375,4,0
10376,4,4
10377,4,4
10378,4,4
10379,4,2
10380,4,4
10381,4,4
10382,4,0
10383,4,3
10384,4,4
10385,4,4
10386,4,2
10387,4,3
10388,4,0
10389,4,4
10390,4,2
10391,4,2
10392,4,3
10393,4,3
10394,4,1
10395,4,4
10396,4,4
10397,4,4
10398,4,2
10399,4,1
10400,4,4
10401,4,3
10402,4,0
10403,4,4
10404,4,0
10405,4,0
10406,4,0
10407,4,2
10408,4,0
10409,4,4
10410,4,1
10411,4,3
10412,4,0
10413,4,4
10414,4,2
10415,4,2
10416,4,4
10417,4,4
10418,4,4
10419,4,4
10420,4,0
10421,4,4
10422,4,3
10423,4,2
10424,4,2
10425,4,3
10426,4,4
10427,4,2
10428,4,1
10429,4,2
10430,4,4
10431,4,4
10432,4,0
10433,4,2
10434,4,4
10435,4,4
10436,4,2
10437,4,2
10438,4,0
10439,4,2
10440,4,4
10441,4,4
10442,4,2
10443,4,4
10444,4,2
10445,4,4
10446,4,4
10447,4,4
10448,4,0
10449,4,2
10450,4,3
10451,4,2
10452,4,0
10453,4,3
10454,4,4
10455,4,0
10456,4,4
10457,4,3
10458,4,2
10459,4,4
10460,4,2
10461,4,3
10462,4,4
10463,4,4
10464,4,3
10465,4,2
10466,4,4
10467,4,4
10468,4,0
10469,4,4
10470,4,4
10471,4,4
10472,4,1
10473,4,0
10474,4,3
10475,4,3
10476,4,0
10477,4,3
10478,4,4
10479,4,4
10480,4,2
10481,4,2
10482,4,3
10483,4,3
10484,4,4
10485,4,0
10486,4,2
10487,4,2
10488,4,2
10489,4,4
10490,4,3
10491,4,4
10492,4,3
10493,4,4
10494,4,4
10495,4,0
10496,4,2
10497,4,2
10498,4,4
10499,4,4
10500,4,1
10501,4,4
10502,4,4
10503,4,4
10504,4,2
10505,4,1
10506,4,2
10507,4,2
10508,4,4
10509,4,2
10510,4,2
10511,4,3
10512,4,1
10513,4,3
10514,4,0
10515,4,4
10516,4,4
10517,4,2
10518,4,0
10519,4,4
10520,4,2
10521,4,3
10522,4,0
10523,4,4
10524,4,0
10525,4,2
10526,4,2
10527,4,2
10528,4,0
10529,4,3
10530,4,2
10531,4,1
10532,4,4
10533,4,1
10534,4,4
10535,4,1
10536,4,0
10537,4,4
10538,4,0
10539,4,3
10540,4,2
10541,4,4
10542,4,0
10543,4,4
10544,4,2
10545,4,3
10546,4,3
10547,4,1
10548,4,1
10549,4,4
10550,4,4
10551,4,0
10552,4,3
10553,4,4
10554,4,4
10555,4,0
10556,4,4
10557,4,0
10558,4,2
10559,4,0
10560,4,3
10561,4,1
10562,4,2
10563,4,0
10564,4,3
10565,4,4
10566,4,3
10567,4,3
10568,4,0
10569,4,4
10570,4,1
10571,4,2
10572,4,4
10573,4,4
10574,4,1
10575,4,0
10576,4,2
10577,4,2
10578,4,4
10579,4,4
10580,4,2
10581,4,1
10582,4,2
10583,4,3
10584,4,1
10585,4,4
10586,4,4
10587,4,0
10588,4,4
10589,4,1
10590,4,3
10591,4,4
10592,4,4
10593,4,3
10594,4,2
10595,4,4
10596,4,0
10597,4,4
10598,4,1
10599,4,2
10600,4,3
10601,4,2
10602,4,2
10603,4,0
10604,4,2
10605,4,4
10606,4,4
10607,4,4
10608,4,1
10609,4,4
10610,4,3
10611,4,0
10612,4,1
10613,4,3
10614,4,4
10615,4,1
10616,4,0
10617,4,3
10618,4,2
10619,4,4
10620,4,1
10621,4,0
10622,4,2
10623,4,3
10624,4,2
10625,4,1
10626,4,3
10627,4,1
10628,4,1
10629,4,1
10630,4,2
10631,4,4
10632,4,3
10633,4,2
10634,4,1
10635,4,1
10636,4,2
10637,4,3
10638,4,2
10639,4,0
10640,4,4
10641,4,4
10642,4,2
10643,4,0
10644,4,4
10645,4,3
10646,4,2
10647,4,3
10648,4,0
10649,4,4
10650,4,4
10651,4,1
10652,4,4
10653,4,3
10654,4,4
10655,4,2
10656,4,0
10657,4,4
10658,4,4
10659,4,4
10660,4,4
10661,4,2
10662,4,3
10663,4,4
10664,4,2
10665,4,2
10666,4,4
10667,4,0
10668,4,4
10669,4,3
10670,4,0
10671,4,2
10672,4,0
10673,4,4
10674,4,1
10675,4,2
10676,4,4
10677,4,4
10678,4,1
10679,4,2
10680,4,1
10681,4,2
10682,4,3
10683,4,1
10684,4,4
10685,4,0
10686,4,0
10687,4,4
10688,4,3
10689,4,4
10690,4,1
10691,4,4
10692,4,1
10693,4,0
10694,4,4
10695,4,4
10696,4,4
10697,4,2
10698,4,4
10699,4,1
10700,4,4
10701,4,3
10702,4,0
10703,4,3
10704,4,1
10705,4,2
10706,4,1
10707,4,0
10708,4,4
10709,4,0
10710,4,0
10711,4,0
10712,4,3
10713,4,0
10714,4,2
10715,4,2
10716,4,4
10717,4,4
10718,4,4
10719,4,3
10720,4,4
10721,4,3
10722,4,4
10723,4,4
10724,4,2
10725,4,3
10726,4,0
10727,4,2
10728,4,2
10729,4,0
10730,4,4
10731,4,2
10732,4,2
10733,4,1
10734,4,4
10735,4,1
10736,4,2
10737,4,4
10738,4,4
10739,4,1
10740,4,2
10741,4,2
10742,4,1
10743,4,2
10744,4,4
10745,4,4
10746,4,4
10747,4,1
10748,4,0
10749,4,2
10750,4,4
10751,4,3
10752,4,4
10753,4,4
10754,4,0
10755,4,0
10756,4,3
10757,4,1
10758,4,3
10759,4,2
10760,4,1
10761,4,2
10762,4,2
10763,4,2
10764,4,2
10765,4,3
10766,4,4
10767,4,2
10768,4,2
10769,4,2
10770,4,2
10771,4,2
10772,4,4
10773,4,1
10774,4,2
10775,4,2
10776,4,4
10777,4,4
10778,4,4
10779,4,1
10780,4,3
10781,4,4
10782,4,4
10783,4,4
10784,4,0
10785,4,4
10786,4,0
10787,4,3
10788,4,1
10789,4,1
10790,4,0
10791,4,2
10792,4,4
10793,4,3
10794,4,4
10795,4,0
10796,4,4
10797,4,4
10798,4,3
10799,4,2
10800,4,3
10801,4,1
10802,4,3
10803,4,2
10804,4,2
10805,4,4
10806,4,3
10807,4,1
10808,4,4
10809,4,4
10810,4,4
10811,4,2
10812,4,4
10813,4,3
10814,4,2
10815,4,2
10816,4,4
10817,4,0
10818,4,1
10819,4,3
10820,4,2
10821,4,2
10822,4,2
10823,4,2
10824,4,0
10825,4,4
10826,4,4
10827,4,4
10828,4,1
10829,4,2
10830,4,1
10831,4,4
10832,4,3
10833,4,2
10834,4,4
10835,4,1
10836,4,4
10837,4,0
10838,4,0
10839,4,2
10840,4,4
10841,4,4
10842,4,3
10843,4,4
10844,4,4
10845,4,1
10846,4,4
10847,4,2
10848,4,2
10849,4,2
10850,4,4
10851,4,2
10852,4,3
10853,4,1
10854,4,0
10855,4,1
10856,4,0
10857,4,2
10858,4,4
10859,4,2
10860,4,3
10861,4,4
10862,4,3
10863,4,4
10864,4,4
10865,4,4
10866,4,3
10867,4,3
10868,4,4
10869,4,1
10870,4,4
10871,4,1
10872,4,4
10873,4,3
10874,4,4
10875,4,2
10876,4,0
10877,4,1
10878,4,0
10879,4,2
10880,4,4
10881,4,2
10882,4,3
10883,4,2
10884,4,3
10885,4,0
10886,4,3
10887,4,1
10888,4,4
10889,4,0
10890,4,2
10891,4,3
10892,4,0
10893,4,4
10894,4,2
10895,4,4
10896,4,2
10897,4,1
10898,4,1
10899,4,3
10900,4,2
10901,4,0
10902,4,2
10903,4,1
10904,4,1
10905,4,4
10906,4,3
10907,4,4
10908,4,4
10909,4,4
10910,4,4
10911,4,2
10912,4,1
10913,4,4
10914,4,4
10915,4,2
10916,4,1
10917,4,0
10918,4,2
10919,4,4
10920,4,0
10921,4,2
10922,4,0
10923,4,3
10924,4,2
10925,4,4
10926,4,4
10927,4,4
10928,4,0
10929,4,4
10930,4,3
10931,4,4
10932,4,4
10933,4,4
10934,4,4
10935,4,0
10936,4,4
10937,4,1
10938,4,2
10939,4,4
10940,4,1
10941,4,4
10942,4,3
10943,4,2
10944,4,3
10945,4,4
10946,4,2
10947,4,4
10948,4,0
10949,4,2
10950,4,2
10951,4,2
10952,4,3
10953,4,2
10954,4,3
10955,4,4
10956,4,4
10957,4,2
10958,4,4
10959,4,1
10960,4,0
10961,4,4
10962,4,2
10963,4,0
10964,4,2
10965,4,2
10966,4,1
10967,4,3
10968,4,3
10969,4,2
10970,4,1
10971,4,0
10972,4,4
10973,4,2
10974,4,2
10975,4,2
10976,4,4
10977,4,2
10978,4,4
10979,4,2
10980,4,4
10981,4,3
10982,4,2
10983,4,3
10984,4,2
10985,4,4
10986,4,2
10987,4,2
10988,4,0
10989,4,2
10990,4,0
10991,4,2
10992,4,4
10993,4,4
10994,4,2
10995,4,2
10996,4,2
10997,4,0
10998,4,3
10999,4,3
11000,4,2
11001,4,4
11002,4,2
11003,4,4
11004,4,3
11005,4,0
11006,4,2
11007,4,0
11008,4,4
11009,4,3
11010,4,1
11011,4,4
11012,4,1
11013,4,4
11014,4,2
11015,4,4
11016,4,4
11017,4,4
11018,4,4
11019,4,1
11020,4,0
11021,4,0
11022,4,3
11023,4,4
11024,4,4
11025,4,4
11026,4,3
11027,4,4
11028,4,4
11029,4,4
11030,4,4
11031,4,2
11032,4,4
11033,4,0
11034,4,0
11035,4,4
11036,4,4
11037,4,4
11038,4,0
11039,4,4
11040,4,2
11041,4,4
11042,4,4
11043,4,3
11044,4,2
11045,4,2
11046,4,0
11047,4,2
11048,4,3
11049,4,4
11050,4,4
11051,4,2
11052,4,4
11053,4,1
11054,4,4
11055,4,3
11056,4,0
11057,4,4
11058,4,4
11059,4,1
11060,4,3
11061,4,1
11062,4,3
11063,4,2
11064,4,3
11065,4,2
11066,4,3
11067,4,0
11068,4,0
11069,4,2
11070,4,4
11071,4,4
11072,4,4
11073,4,0
11074,4,4
11075,4,3
11076,4,2
11077,4,2
11078,4,4
11079,4,4
11080,4,3
11081,4,3
11082,4,4
11083,4,0
11084,4,4
11085,4,3
11086,4,2
11087,4,2
11088,4,4
11089,4,0
11090,4,1
11091,4,4
11092,4,0
11093,4,3
11094,4,4
11095,4,2
11096,4,1
11097,4,4
11098,4,1
11099,4,3
11100,4,4
11101,4,1
11102,4,4
11103,4,4
11104,4,2
11105,4,0
11106,4,1
11107,4,1
11108,4,4
11109,4,4
11110,4,0
11111,4,0
11112,4,4
11113,4,4
11114,4,2
11115,4,0
11116,4,2
11117,4,4
11118,4,4
11119,4,3
11120,4,3
11121,4,4
11122,4,1
11123,4,2
11124,4,3
11125,4,3
11126,4,1
11127,4,4
11128,4,2
11129,4,1
11130,4,0
11131,4,1
11132,4,4
11133,4,4
11134,4,4
11135,4,2
11136,4,4
11137,4,3
11138,4,2
11139,4,1
11140,4,2
11141,4,2
11142,4,3
11143,4,2
11144,4,1
11145,4,2
11146,4,1
11147,4,3
11148,4,2
11149,4,3
11150,4,3
11151,4,3
11152,4,3
11153,4,2
11154,4,4
11155,4,1
11156,4,2
11157,4,4
11158,4,2
11159,4,3
11160,4,2
11161,4,2
11162,4,2
11163,4,1
11164,4,2
11165,4,4
11166,4,3
11167,4,4
11168,4,4
11169,4,4
11170,4,0
11171,4,4
11172,4,4
11173,4,3
11174,4,2
11175,4,1
11176,4,4
11177,4,1
11178,4,0
11179,4,4
11180,4,4
11181,4,4
11182,4,4
11183,4,2
11184,4,1
11185,4,4
11186,4,1
11187,4,4
11188,4,2
11189,4,0
11190,4,2
11191,4,4
11192,4,4
11193,4,2
11194,4,4
11195,4,0
11196,4,3
11197,4,2
11198,4,2
11199,4,2
11200,4,1
11201,4,1
11202,4,0
11203,4,1
11204,4,1
11205,4,2
11206,4,1
11207,4,0
11208,4,3
11209,4,3
11210,4,4
11211,4,4
11212,4,3
11213,4,0
11214,4,4
11215,4,0
11216,4,2
11217,4,4
11218,4,2
11219,4,0
11220,4,0
11221,4,4
11222,4,0
11223,4,1
11224,4,3
11225,4,3
11226,4,2
11227,4,3
11228,4,2
11229,4,0
11230,4,4
11231,4,4
11232,4,4
11233,4,1
11234,4,0
11235,4,4
11236,4,0
11237,4,2
11238,4,4
11239,4,2
11240,4,2
11241,4,0
11242,4,4
11243,4,1
11244,4,4
11245,4,2
11246,4,0
11247,4,1
11248,4,4
11249,4,1
11250,4,1
11251,4,4
11252,4,2
11253,4,2
11254,4,0
11255,4,4
11256,4,0
11257,4,4
11258,4,4
11259,4,4
11260,4,1
11261,4,0
11262,4,2
11263,4,2
11264,4,2
11265,4,0
11266,4,3
11267,4,2
11268,4,1
11269,4,1
11270,4,3
11271,4,3
11272,4,4
11273,4,4
11274,4,3
11275,4,3
11276,4,0
11277,4,4
11278,4,2
11279,4,2
11280,4,4
11281,4,2
11282,4,4
11283,4,2
11284,4,0
11285,4,1
11286,4,1
11287,4,4
11288,4,0
11289,4,2
11290,4,3
11291,4,4
11292,4,1
11293,4,0
11294,4,3
11295,4,0
11296,4,2
11297,4,3
11298,4,2
11299,4,0
11300,4,0
11301,4,2
11302,4,1
11303,4,0
11304,4,2
11305,4,2
11306,4,4
11307,4,3
11308,4,2
11309,4,3
11310,4,4
11311,4,1
11312,4,3
11313,4,3
11314,4,2
11315,4,4
11316,4,2
11317,4,1
11318,4,2
11319,4,0
11320,4,2
11321,4,2
11322,4,4
11323,4,4
11324,4,4
11325,4,3
11326,4,2
11327,4,2
11328,4,0
11329,4,2
11330,4,2
11331,4,4
11332,4,0
11333,4,0
11334,4,2
11335,4,4
11336,4,4
11337,4,2
11338,4,4
11339,4,4
11340,4,0
11341,4,4
11342,4,4
11343,4,2
11344,4,4
11345,4,0
11346,4,2
11347,4,3
11348,4,4
11349,4,3
11350,4,0
11351,4,4
11352,4,4
11353,4,2
11354,4,2
11355,4,2
11356,4,2
11357,4,4
11358,4,1
11359,4,1
11360,4,4
11361,4,2
11362,4,2
11363,4,3
11364,4,2
11365,4,4
11366,4,3
11367,4,2
11368,4,1
11369,4,4
11370,4,1
11371,4,3
11372,4,2
11373,4,0
11374,4,1
11375,4,4
11376,4,4
11377,4,2
11378,4,4
11379,4,1
11380,4,4
11381,4,2
11382,4,2
11383,4,1
11384,4,4
11385,4,4
11386,4,2
11387,4,2
11388,4,1
11389,4,4
11390,4,4
11391,4,4
11392,4,1
11393,4,1
11394,4,4
11395,4,4
11396,4,1
11397,4,2
11398,4,3
11399,4,4
11400,4,0
11401,4,4
11402,4,0
11403,4,2
11404,4,4
11405,4,0
11406,4,1
11407,4,0
11408,4,4
11409,4,1
11410,4,4
11411,4,4
11412,4,2
11413,4,2
11414,4,4
11415,4,2
11416,4,3
11417,4,0
11418,4,4
11419,4,3
11420,4,0
11421,4,3
11422,4,4
11423,4,4
11424,4,2
11425,4,4
11426,4,2
11427,4,2
11428,4,0
11429,4,3
11430,4,4
11431,4,4
11432,4,0
11433,4,4
11434,4,0
11435,4,4
11436,4,2
11437,4,4
11438,4,2
11439,4,2
11440,4,4
11441,4,3
11442,4,4
11443,4,4
11444,4,3
11445,4,4
11446,4,0
11447,4,2
11448,4,3
11449,4,2
11450,4,4
11451,4,4
11452,4,0
11453,4,1
11454,4,2
11455,4,2
11456,4,4
11457,4,0
11458,4,4
11459,4,2
11460,4,0
11461,4,3
11462,4,4
11463,4,2
11464,4,3
11465,4,3
11466,4,0
11467,4,4
11468,4,0
11469,4,2
11470,4,2
11471,4,2
11472,4,2
11473,4,3
11474,4,1
11475,4,2
11476,4,0
11477,4,0
11478,4,2
11479,4,2
11480,4,3
11481,4,4
11482,4,1
11483,4,3
11484,4,2
11485,4,4
11486,4,4
11487,4,4
11488,4,1
11489,4,2
11490,4,4
11491,4,2
11492,4,0
11493,4,0
11494,4,4
11495,4,0
11496,4,2
11497,4,3
11498,4,4
11499,4,2
11500,4,4
11501,4,0
11502,4,0
11503,4,4
11504,4,3
11505,4,2
11506,4,4
11507,4,1
11508,4,4
11509,4,4
11510,4,4
11511,4,4
11512,4,4
11513,4,4
11514,4,3
11515,4,0
11516,4,2
11517,4,4
11518,4,0
11519,4,3
11520,4,2
11521,4,1
11522,4,4
11523,4,2
11524,4,4
11525,4,3
11526,4,0
11527,4,4
11528,4,3
11529,4,1
11530,4,1
11531,4,2
11532,4,4
11533,4,4
11534,4,4
11535,4,1
11536,4,3
11537,4,4
11538,4,3
11539,4,3
11540,4,0
11541,4,3
11542,4,2
11543,4,2
11544,4,3
11545,4,4
11546,4,4
11547,4,2
11548,4,0
11549,4,1
11550,4,0
11551,4,2
11552,4,0
11553,4,0
11554,4,3
11555,4,2
11556,4,4
11557,4,1
11558,4,2
11559,4,2
11560,4,4
11561,4,0
11562,4,2
11563,4,4
11564,4,3
11565,4,3
11566,4,2
11567,4,0
11568,4,1
11569,4,4
11570,4,4
11571,4,2
11572,4,3
11573,4,0
11574,4,4
11575,4,1
11576,4,2
11577,4,0
11578,4,4
11579,4,2
11580,4,2
11581,4,2
11582,4,0
11583,4,3
11584,4,4
11585,4,4
11586,4,4
11587,4,4
11588,4,1
11589,4,4
11590,4,3
11591,4,4
11592,4,4
11593,4,4
11594,4,0
11595,4,0
11596,4,2
11597,4,4
11598,4,4
11599,4,2
11600,4,2
11601,4,1
11602,4,2
11603,4,1
11604,4,1
11605,4,0
11606,4,4
11607,4,3
11608,4,1
11609,4,4
11610,4,0
11611,4,4
11612,4,3
11613,4,2
11614,4,2
11615,4,4
11616,4,2
11617,4,2
11618,4,3
11619,4,3
11620,4,1
11621,4,2
11622,4,2
11623,4,0
11624,4,2
11625,4,2
11626,4,4
11627,4,4
11628,4,4
11629,4,4
11630,4,2
11631,4,0
11632,4,3
11633,4,0
11634,4,0
11635,4,4
11636,4,4
11637,4,2
11638,4,2
11639,4,4
11640,4,2
11641,4,2
11642,4,3
11643,4,4
11644,4,4
11645,4,2
11646,4,4
11647,4,4
11648,4,2
11649,4,1
11650,4,4
11651,4,2
11652,4,3
11653,4,3
11654,4,4
11655,4,4
11656,4,3
11657,4,1
11658,4,3
11659,4,2
11660,4,0
11661,4,1
11662,4,2
11663,4,2
11664,4,0
11665,4,2
11666,4,4
11667,4,4
11668,4,0
11669,4,1
11670,4,0
11671,4,4
11672,4,4
11673,4,2
11674,4,4
11675,4,2
11676,4,4
11677,4,3
11678,4,0
11679,4,4
11680,4,1
11681,4,4
11682,4,1
11683,4,4
11684,4,4
11685,4,1
11686,4,3
11687,4,4
11688,4,0
11689,4,3
11690,4,4
11691,4,3
11692,4,2
11693,4,2
11694,4,3
11695,4,3
11696,4,4
11697,4,2
11698,4,1
11699,4,2
11700,4,4
11701,4,0
11702,4,4
11703,4,0
11704,4,1
11705,4,3
11706,4,1
11707,4,2
11708,4,2
11709,4,0
11710,4,2
11711,4,3
11712,4,2
11713,4,1
11714,4,2
11715,4,3
11716,4,2
11717,4,4
11718,4,4
11719,4,0
11720,4,2
11721,4,3
11722,4,2
11723,4,4
11724,4,2
11725,4,2
11726,4,2
11727,4,4
11728,4,4
11729,4,2
11730,4,2
11731,4,4
11732,4,4
11733,4,4
11734,4,3
11735,4,0
11736,4,1
11737,4,3
11738,4,1
11739,4,4
11740,4,1
11741,4,3
11742,4,4
11743,4,2
11744,4,4
11745,4,4
11746,4,0
11747,4,0
11748,4,2
11749,4,3
11750,4,2
11751,4,4
11752,4,2
11753,4,2
11754,4,3
11755,4,2
11756,4,4
11757,4,1
11758,4,2
11759,4,2
11760,4,4
11761,4,4
11762,4,3
11763,4,3
11764,4,4
11765,4,3
11766,4,2
11767,4,2
11768,4,3
11769,4,2
11770,4,4
11771,4,2
11772,4,4
11773,4,4
11774,4,0
11775,4,2
11776,4,2
11777,4,0
11778,4,4
11779,4,0
11780,4,0
11781,4,2
11782,4,4
11783,4,2
11784,4,3
11785,4,0
11786,4,1
11787,4,3
11788,4,2
11789,4,1
11790,4,4
11791,4,4
11792,4,4
11793,4,4
11794,4,4
11795,4,2
11796,4,0
11797,4,4
11798,4,1
11799,4,3
11800,4,3
11801,4,4
11802,4,3
11803,4,2
11804,4,4
11805,4,4
11806,4,0
11807,4,0
11808,4,2
11809,4,1
11810,4,3
11811,4,2
11812,4,0
11813,4,4
11814,4,4
11815,4,2
11816,4,2
11817,4,1
11818,4,0
11819,4,4
11820,4,4
11821,4,4
11822,4,3
11823,4,2
11824,4,1
11825,4,0
11826,4,2
11827,4,0
11828,4,4
11829,4,4
11830,4,1
11831,4,2
11832,4,4
11833,4,4
11834,4,4
11835,4,2
11836,4,3
11837,4,4
11838,4,1
11839,4,2
11840,4,4
11841,4,4
11842,4,3
11843,4,1
11844,4,0
11845,4,1
11846,4,1
11847,4,3
11848,4,1
11849,4,1
11850,4,2
11851,4,2
11852,4,2
11853,4,2
11854,4,1
11855,4,0
11856,4,2
11857,4,0
11858,4,4
11859,4,2
11860,4,2
11861,4,2
11862,4,4
11863,4,1
11864,4,2
11865,4,4
11866,4,4
11867,4,1
11868,4,1
11869,4,4
11870,4,2
11871,4,1
11872,4,0
11873,4,3
11874,4,1
11875,4,4
11876,4,4
11877,4,4
11878,4,2
11879,4,4
11880,4,4
11881,4,4
11882,4,4
11883,4,3
11884,4,0
11885,4,4
11886,4,2
11887,4,3
11888,4,3
11889,4,0
11890,4,3
11891,4,0
11892,4,2
11893,4,3
11894,4,0
11895,4,1
11896,4,4
11897,4,2
11898,4,2
11899,4,2
11900,4,0
11901,4,1
11902,4,2
11903,4,1
11904,4,4
11905,4,3
11906,4,4
11907,4,3
11908,4,4
11909,4,4
11910,4,0
11911,4,3
11912,4,2
11913,4,3
11914,4,4
11915,4,4
11916,4,4
11917,4,2
11918,4,1
11919,4,4
11920,4,4
11921,4,2
11922,4,0
11923,4,1
11924,4,2
11925,4,4
11926,4,0
11927,4,3
11928,4,4
11929,4,0
11930,4,3
11931,4,0
11932,4,3
11933,4,4
11934,4,1
11935,4,2
11936,4,3
11937,4,2
11938,4,4
11939,4,0
11940,4,4
11941,4,4
11942,4,0
11943,4,1
11944,4,4
11945,4,0
11946,4,3
11947,4,3
11948,4,0
11949,4,0
11950,4,4
11951,4,4
11952,4,3
11953,4,0
11954,4,3
11955,4,3
11956,4,2
11957,4,4
11958,4,1
11959,4,2
11960,4,4
11961,4,4
11962,4,2
11963,4,2
11964,4,0
11965,4,4
11966,4,4
11967,4,1
11968,4,4
11969,4,2
11970,4,3
11971,4,1
11972,4,1
11973,4,4
11974,4,2
11975,4,3
11976,4,4
11977,4,0
11978,4,4
11979,4,3
11980,4,1
11981,4,1
11982,4,2
11983,4,3
11984,4,0
11985,4,1
11986,4,2
11987,4,4
11988,4,0
11989,4,2
11990,4,2
11991,4,4
11992,4,4
11993,4,2
11994,4,2
11995,4,3
11996,4,2
11997,4,2
11998,4,0
11999,4,2
12000,4,2
12001,4,4
12002,4,1
12003,4,3
12004,4,4
12005,4,0
12006,4,2
12007,4,4
12008,4,0
12009,4,4
12010,4,4
12011,4,3
12012,4,2
12013,4,4
12014,4,2
12015,4,0
12016,4,0
12017,4,2
12018,4,2
12019,4,2
12020,4,4
12021,4,1
12022,4,2
12023,4,2
12024,4,1
12025,4,2
12026,4,1
12027,4,0
12028,4,1
12029,4,2
12030,4,3
12031,4,4
12032,4,4
12033,4,0
12034,4,2
12035,4,3
12036,4,2
12037,4,4
12038,4,4
12039,4,0
12040,4,4
12041,4,2
12042,4,4
12043,4,3
12044,4,2
12045,4,0
12046,4,4
12047,4,2
12048,4,0
12049,4,1
12050,4,0
12051,4,4
12052,4,3
12053,4,1
12054,4,2
12055,4,3
12056,4,4
12057,4,4
12058,4,0
12059,4,4
12060,4,3
12061,4,1
12062,4,3
12063,4,3
12064,4,4
12065,4,2
12066,4,2
12067,4,4
12068,4,2
12069,4,4
12070,4,4
12071,4,4
12072,4,0
12073,4,0
12074,4,2
12075,4,0
12076,4,4
12077,4,2
12078,4,2
12079,4,3
12080,4,2
12081,4,2
12082,4,0
12083,4,2
12084,4,2
12085,4,2
12086,4,3
12087,4,4
12088,4,0
12089,4,1
12090,4,4
12091,4,2
12092,4,2
12093,4,2
12094,4,3
12095,4,1
12096,4,3
12097,4,0
12098,4,3
12099,4,4
12100,4,4
12101,4,4
12102,4,4
12103,4,2
12104,4,2
12105,4,3
12106,4,4
12107,4,0
12108,4,0
12109,4,1
12110,4,4
12111,4,0
12112,4,0
12113,4,4
12114,4,2
12115,4,0
12116,4,0
12117,4,1
12118,4,0
12119,4,0
12120,4,0
12121,4,4
12122,4,2
12123,4,3
12124,4,1
12125,4,4
12126,4,1
12127,4,4
12128,4,4
12129,4,4
12130,4,4
12131,4,4
12132,4,4
12133,4,4
12134,4,4
12135,4,3
12136,4,1
12137,4,4
12138,4,3
12139,4,2
12140,4,2
12141,4,2
12142,4,2
12143,4,2
12144,4,4
12145,4,4
12146,4,2
12147,4,4
12148,4,4
12149,4,4
12150,4,3
12151,4,4
12152,4,4
12153,4,3
12154,4,4
12155,4,2
12156,4,1
12157,4,0
12158,4,3
12159,4,3
12160,4,4
12161,4,3
12162,4,2
12163,4,2
12164,4,3
12165,4,0
12166,4,4
12167,4,0
12168,4,4
12169,4,4
12170,4,4
12171,4,0
12172,4,4
12173,4,4
12174,4,0
12175,4,4
12176,4,0
12177,4,0
12178,4,3
12179,4,0
12180,4,1
12181,4,4
12182,4,0
12183,4,4
12184,4,4
12185,4,0
12186,4,3
12187,4,3
12188,4,4
12189,4,2
12190,4,2
12191,4,2
12192,4,4
12193,4,1
12194,4,2
12195,4,3
12196,4,2
12197,4,3
12198,4,3
12199,4,0
12200,4,4
12201,4,2
12202,4,0
12203,4,2
12204,4,3
12205,4,0
12206,4,2
12207,4,0
12208,4,4
12209,4,3
12210,4,0
12211,4,0
12212,4,3
12213,4,2
12214,4,2
12215,4,3
12216,4,4
12217,4,3
12218,4,3
12219,4,1
12220,4,3
12221,4,3
12222,4,4
12223,4,2
12224,4,4
12225,4,3
12226,4,2
12227,4,0
12228,4,2
12229,4,4
12230,4,0
12231,4,4
12232,4,2
12233,4,2
12234,4,4
12235,4,4
12236,4,0
12237,4,4
12238,4,4
12239,4,1
12240,4,1
12241,4,0
12242,4,2
12243,4,0
12244,4,1
12245,4,4
12246,4,2
12247,4,2
12248,4,0
12249,4,3
12250,4,3
12251,4,4
12252,4,2
12253,4,4
12254,4,0
12255,4,0
12256,4,4
12257,4,3
12258,4,4
12259,4,3
12260,4,1
12261,4,1
12262,4,2
12263,4,2
12264,4,2
12265,4,2
12266,4,4
12267,4,4
12268,4,1
12269,4,4
12270,4,2
12271,4,4
12272,4,4
12273,4,3
12274,4,2
12275,4,4
12276,4,4
12277,4,3
12278,4,2
12279,4,3
12280,4,2
12281,4,1
12282,4,4
12283,4,2
12284,4,3
12285,4,4
12286,4,4
12287,4,1
12288,4,1
12289,4,4
12290,4,2
12291,4,4
12292,4,1
12293,4,4
12294,4,1
12295,4,4
12296,4,0
12297,4,4
12298,4,4
12299,4,4
12300,4,2
12301,4,0
12302,4,1
12303,4,3
12304,4,1
12305,4,1
12306,4,4
12307,4,4
12308,4,2
12309,4,2
12310,4,4
12311,4,0
12312,4,0
12313,4,4
12314,4,4
12315,4,3
12316,4,4
12317,4,2
12318,4,0
12319,4,4
12320,4,1
12321,4,3
12322,4,0
12323,4,2
12324,4,0
12325,4,3
12326,4,4
12327,4,2
12328,4,2
12329,4,2
12330,4,3
12331,4,4
12332,4,4
12333,4,4
12334,4,3
12335,4,2
12336,4,3
12337,4,0
12338,4,2
12339,4,2
12340,4,2
12341,4,4
12342,4,4
12343,4,4
12344,4,2
12345,4,4
12346,4,3
12347,4,4
12348,4,2
12349,4,4
12350,4,0
12351,4,2
12352,4,3
12353,4,0
12354,4,0
12355,4,0
12356,4,2
12357,4,3
12358,4,2
12359,4,3
12360,4,3
12361,4,4
12362,4,0
12363,4,0
12364,4,2
12365,4,3
12366,4,4
12367,4,4
12368,4,4
12369,4,2
12370,4,0
12371,4,2
12372,4,4
12373,4,2
12374,4,1
12375,4,2
12376,4,0
12377,4,1
12378,4,4
12379,4,2
12380,4,2
12381,4,1
12382,4,4
12383,4,0
12384,4,3
12385,4,1
12386,4,3
12387,4,4
12388,4,2
12389,4,0
12390,4,0
12391,4,0
12392,4,4
12393,4,4
12394,4,3
12395,4,4
12396,4,2
12397,4,4
12398,4,0
12399,4,0
12400,4,2
12401,4,1
12402,4,2
12403,4,4
12404,4,0
12405,4,0
12406,4,2
12407,4,3
12408,4,3
12409,4,2
12410,4,1
12411,4,2
12412,4,1
12413,4,2
12414,4,2
12415,4,0
12416,4,4
12417,4,4
12418,4,4
12419,4,2
12420,4,0
12421,4,3
12422,4,4
12423,4,2
12424,4,2
12425,4,3
12426,4,3
12427,4,0
12428,4,2
12429,4,4
12430,4,4
12431,4,2
12432,4,3
12433,4,0
12434,4,3
12435,4,4
12436,4,1
12437,4,2
12438,4,0
12439,4,4
12440,4,4
12441,4,3
12442,4,1
12443,4,4
12444,4,3
12445,4,3
12446,4,2
12447,4,3
12448,4,0
12449,4,2
12450,4,4
12451,4,3
12452,4,0
12453,4,2
12454,4,2
12455,4,2
12456,4,4
12457,4,3
12458,4,1
12459,4,0
12460,4,1
12461,4,2
12462,4,4
12463,4,2
12464,4,3
12465,4,2
12466,4,3
12467,4,1
12468,4,1
12469,4,1
12470,4,4
12471,4,2
12472,4,1
12473,4,3
12474,4,4
12475,4,4
12476,4,3
12477,4,3
12478,4,2
12479,4,2
12480,4,4
12481,4,3
12482,4,2
12483,4,4
12484,4,1
12485,4,3
12486,4,3
12487,4,4
12488,4,2
12489,4,0
12490,4,3
12491,4,3
12492,4,0
12493,4,3
12494,4,3
12495,4,4
12496,4,0
12497,4,4
12498,4,0
12499,4,2
12500,4,4
12501,4,0
12502,4,2
12503,4,4
12504,4,4
12505,4,3
12506,4,0
12507,4,4
12508,4,1
12509,4,4
12510,4,2
12511,4,2
12512,4,0
12513,4,3
12514,4,4
12515,4,4
12516,4,2
12517,4,0
12518,4,1
12519,4,4
12520,4,1
12521,4,3
12522,4,3
12523,4,0
12524,4,3
12525,4,2
12526,4,3
12527,4,1
12528,4,4
12529,4,2
12530,4,3
12531,4,4
12532,4,2
12533,4,0
12534,4,3
12535,4,3
12536,4,4
12537,4,4
12538,4,0
12539,4,4
12540,4,0
12541,4,4
12542,4,1
12543,4,3
12544,4,2
12545,4,4
12546,4,3
12547,4,3
12548,4,4
12549,4,2
12550,4,4
12551,4,4
12552,4,1
12553,4,4
12554,4,0
12555,4,3
12556,4,4
12557,4,4
12558,4,3
12559,4,3
12560,4,3
12561,4,0
12562,4,4
12563,4,3
12564,4,2
12565,4,4
12566,4,4
12567,4,3
12568,4,4
12569,4,0
12570,4,3
12571,4,2
12572,4,2
12573,4,2
12574,4,4
12575,4,3
12576,4,2
12577,4,3
12578,4,2
12579,4,4
12580,4,1
12581,4,4
12582,4,4
12583,4,1
12584,4,2
12585,4,2
12586,4,4
12587,4,2
12588,4,3
12589,4,2
12590,4,1
12591,4,2
12592,4,0
12593,4,1
12594,4,4
12595,4,3
12596,4,1
12597,4,1
12598,4,4
12599,4,4
12600,4,3
12601,4,4
12602,4,0
12603,4,3
12604,4,0
12605,4,0
12606,4,1
12607,4,2
12608,4,3
12609,4,4
12610,4,4
12611,4,4
12612,4,1
12613,4,3
12614,4,1
12615,4,4
12616,4,2
12617,4,2
12618,4,4
12619,4,0
12620,4,3
12621,4,4
12622,4,3
12623,4,4
12624,4,1
12625,4,3
12626,4,3
12627,4,0
12628,4,4
12629,4,0
12630,4,3
12631,4,0
12632,4,1
12633,4,4
12634,4,0
12635,4,2
12636,4,0
12637,4,0
12638,4,4
12639,4,4
12640,4,2
12641,4,4
12642,4,2
12643,4,0
12644,4,0
12645,4,4
12646,4,4
12647,4,0
12648,4,4
12649,4,1
12650,4,3
12651,4,2
12652,4,0
12653,4,1
12654,4,2
12655,4,0
12656,4,3
12657,4,2
12658,4,1
12659,4,2
12660,4,0
12661,4,2
12662,4,4
12663,4,1
12664,4,2
12665,4,4
12666,4,2
12667,4,3
12668,4,0
12669,4,2
12670,4,1
12671,4,2
12672,4,2
12673,4,3
12674,4,3
12675,4,4
12676,4,2
12677,4,2
12678,4,2
12679,4,4
12680,4,4
12681,4,4
12682,4,1
12683,4,2
12684,4,4
12685,4,3
12686,4,2
12687,4,1
12688,4,1
12689,4,4
12690,4,3
12691,4,4
12692,4,2
12693,4,4
12694,4,4
12695,4,0
12696,4,1
12697,4,3
12698,4,4
12699,4,3
12700,4,2
12701,4,4
12702,4,0
12703,4,4
12704,4,1
12705,4,2
12706,4,2
12707,4,2
12708,4,0
12709,4,1
12710,4,4
12711,4,3
12712,4,2
12713,4,4
12714,4,4
12715,4,4
12716,4,4
12717,4,4
12718,4,2
12719,4,3
12720,4,3
12721,4,2
12722,4,3
12723,4,3
12724,4,3
12725,4,1
12726,4,4
12727,4,4
12728,4,2
12729,4,3
12730,4,0
12731,4,2
12732,4,1
12733,4,2
12734,4,2
12735,4,4
12736,4,2
12737,4,2
12738,4,1
12739,4,0
12740,4,2
12741,4,2
12742,4,1
12743,4,2
12744,4,4
12745,4,1
12746,4,2
12747,4,0
12748,4,4
12749,4,4
12750,4,4
12751,4,2
12752,4,0
12753,4,4
12754,4,2
12755,4,0
12756,4,4
12757,4,1
12758,4,2
12759,4,3
12760,4,4
12761,4,0
12762,4,2
12763,4,2
12764,4,2
12765,4,2
12766,4,4
12767,4,4
12768,4,0
12769,4,0
12770,4,2
12771,4,2
12772,4,0
12773,4,4
12774,4,4
12775,4,4
12776,4,3
12777,4,1
12778,4,2
12779,4,4
12780,4,4
12781,4,0
12782,4,4
12783,4,4
12784,4,1
12785,4,2
12786,4,0
12787,4,2
12788,4,3
12789,4,2
12790,4,4
12791,4,4
12792,4,3
12793,4,3
12794,4,4
12795,4,4
12796,4,4
12797,4,2
12798,4,2
12799,4,4
12800,4,1
12801,4,1
12802,4,0
12803,4,3
12804,4,4
12805,4,1
12806,4,0
12807,4,4
12808,4,2
12809,4,1
12810,4,4
12811,4,2
12812,4,2
12813,4,2
12814,4,3
12815,4,2
12816,4,4
12817,4,4
12818,4,3
12819,4,4
12820,4,4
12821,4,1
12822,4,4
12823,4,3
12824,4,3
12825,4,0
12826,4,4
12827,4,1
12828,4,1
12829,4,2
12830,4,3
12831,4,3
12832,4,4
12833,4,2
12834,4,2
12835,4,4
12836,4,1
12837,4,4
12838,4,4
12839,4,2
12840,4,4
12841,4,2
12842,4,2
12843,4,3
12844,4,0
12845,4,3
12846,4,1
12847,4,2
12848,4,0
12849,4,1
12850,4,0
12851,4,3
12852,4,2
12853,4,2
12854,4,2
12855,4,3
12856,4,3
12857,4,2
12858,4,2
12859,4,0
12860,4,4
12861,4,1
12862,4,4
12863,4,4
12864,4,4
12865,4,3
12866,4,2
12867,4,0
12868,4,0
12869,4,4
12870,4,3
12871,4,2
12872,4,0
12873,4,0
12874,4,4
12875,4,3
12876,4,3
12877,4,4
12878,4,4
12879,4,4
12880,4,2
12881,4,0
12882,4,3
12883,4,2
12884,4,0
12885,4,0
12886,4,1
12887,4,0
12888,4,3
12889,4,2
12890,4,1
12891,4,0
12892,4,4
12893,4,0
12894,4,4
12895,4,4
12896,4,4
12897,4,2
12898,4,4
12899,4,4
12900,4,3
12901,4,3
12902,4,2
12903,4,4
12904,4,4
12905,4,0
12906,4,1
12907,4,1
12908,4,4
12909,4,2
12910,4,2
12911,4,0
12912,4,2
12913,4,4
12914,4,0
12915,4,4
12916,4,4
12917,4,2
12918,4,4
12919,4,1
12920,4,2
12921,4,1
12922,4,4
12923,4,2
12924,4,4
12925,4,4
12926,4,0
12927,4,3
12928,4,4
12929,4,2
12930,4,4
12931,4,1
12932,4,1
12933,4,1
12934,4,1
12935,4,4
12936,4,1
12937,4,4
12938,4,4
12939,4,3
12940,4,4
12941,4,2
12942,4,2
12943,4,0
12944,4,3
12945,4,2
12946,4,4
12947,4,0
12948,4,4
12949,4,3
12950,4,1
12951,4,0
12952,4,2
12953,4,0
12954,4,4
12955,4,1
12956,4,1
12957,4,2
12958,4,3
12959,4,2
12960,4,4
12961,4,3
12962,4,4
12963,4,3
12964,4,0
12965,4,4
12966,4,0
12967,4,4
12968,4,4
12969,4,4
12970,4,4
12971,4,2
12972,4,4
12973,4,4
12974,4,2
12975,4,4
12976,4,2
12977,4,1
12978,4,1
12979,4,4
12980,4,0
12981,4,2
12982,4,4
12983,4,2
12984,4,0
12985,4,3
12986,4,2
12987,4,2
12988,4,1
12989,4,3
12990,4,0
12991,4,4
12992,4,3
12993,4,2
12994,4,0
12995,4,4
12996,4,2
12997,4,1
12998,4,4
12999,4,4
13000,4,2
13001,4,4
13002,4,3
13003,4,4
13004,4,1
13005,4,0
13006,4,2
13007,4,4
13008,4,4
13009,4,4
13010,4,2
13011,4,2
13012,4,4
13013,4,2
13014,4,0
13015,4,0
13016,4,4
13017,4,0
13018,4,0
13019,4,0
13020,4,2
13021,4,0
13022,4,2
13023,4,1
13024,4,0
13025,4,4
13026,4,1
13027,4,1
13028,4,1
13029,4,3
13030,4,4
13031,4,1
13032,4,2
13033,4,4
13034,4,3
13035,4,0
13036,4,1
13037,4,2
13038,4,3
13039,4,2
13040,4,4
13041,4,0
13042,4,2
13043,4,2
13044,4,0
13045,4,0
13046,4,2
13047,4,1
13048,4,3
13049,4,2
13050,4,0
13051,4,3
13052,4,1
13053,4,3
13054,4,4
13055,4,3
13056,4,1
13057,4,4
13058,4,1
13059,4,3
13060,4,4
13061,4,3
13062,4,2
13063,4,4
13064,4,3
13065,4,2
13066,4,4
13067,4,4
13068,4,0
13069,4,4
13070,4,4
13071,4,2
13072,4,1
13073,4,2
13074,4,2
13075,4,2
13076,4,0
13077,4,4
13078,4,2
13079,4,4
13080,4,3
13081,4,4
13082,4,4
13083,4,2
13084,4,2
13085,4,4
13086,4,2
13087,4,3
13088,4,0
13089,4,0
13090,4,4
13091,4,2
13092,4,4
13093,4,3
13094,4,0
13095,4,1
13096,4,3
13097,4,3
13098,4,2
13099,4,2
13100,4,1
13101,4,0
13102,4,2
13103,4,4
13104,4,4
13105,4,2
13106,4,1
13107,4,4
13108,4,1
13109,4,0
13110,4,4
13111,4,4
13112,4,3
13113,4,3
13114,4,4
13115,4,0
13116,4,1
13117,4,2
13118,4,4
13119,4,3
13120,4,4
13121,4,3
13122,4,3
13123,4,2
13124,4,4
13125,4,0
13126,4,0
13127,4,1
13128,4,0
13129,4,4
13130,4,3
13131,4,2
13132,4,2
13133,4,4
13134,4,2
13135,4,4
13136,4,3
13137,4,4
13138,4,0
13139,4,2
13140,4,2
13141,4,2
13142,4,2
13143,4,2
13144,4,2
13145,4,3
13146,4,2
13147,4,4
13148,4,2
13149,4,4
13150,4,0
13151,4,4
13152,4,4
13153,4,2
13154,4,4
13155,4,4
13156,4,4
13157,4,1
13158,4,4
13159,4,1
13160,4,1
13161,4,0
13162,4,4
13163,4,2
13164,4,3
13165,4,0
13166,4,3
13167,4,4
13168,4,4
13169,4,4
13170,4,0
13171,4,3
13172,4,4
13173,4,4
13174,4,4
13175,4,1
13176,4,4
13177,4,4
13178,4,4
13179,4,2
13180,4,2
13181,4,0
13182,4,0
13183,4,1
13184,4,4
13185,4,3
13186,4,1
13187,4,4
13188,4,0
13189,4,0
13190,4,1
13191,4,2
13192,4,2
13193,4,2
13194,4,2
13195,4,3
13196,4,0
13197,4,0
13198,4,2
13199,4,4
13200,4,1
13201,4,0
13202,4,3
13203,4,2
13204,4,0
13205,4,4
13206,4,4
13207,4,4
13208,4,1
13209,4,2
13210,4,4
13211,4,1
13212,4,0
13213,4,2
13214,4,0
13215,4,4
13216,4,4
13217,4,1
13218,4,3
13219,4,3
13220,4,0
13221,4,3
13222,4,4
13223,4,3
13224,4,4
13225,4,2
13226,4,3
13227,4,2
13228,4,4
13229,4,2
13230,4,2
13231,4,0
13232,4,4
13233,4,4
13234,4,0
13235,4,2
13236,4,2
13237,4,2
13238,4,3
13239,4,1
13240,4,4
13241,4,2
13242,4,1
13243,4,2
13244,4,3
13245,4,0
13246,4,1
13247,4,3
13248,4,4
13249,4,2
13250,4,3
13251,4,1
13252,4,1
13253,4,3
13254,4,4
13255,4,2
13256,4,4
13257,4,0
13258,4,2
13259,4,4
13260,4,3
13261,4,2
13262,4,4
13263,4,3
13264,4,2
13265,4,2
13266,4,4
13267,4,4
13268,4,0
13269,4,4
13270,4,4
13271,4,0
13272,4,3
13273,4,4
13274,4,4
13275,4,0
13276,4,0
13277,4,1
13278,4,1
13279,4,0
13280,4,0
13281,4,2
13282,4,4
13283,4,4
13284,4,0
13285,4,2
13286,4,2
13287,4,0
13288,4,2
13289,4,2
13290,4,0
13291,4,4
13292,4,2
13293,4,4
13294,4,0
13295,4,2
13296,4,3
13297,4,1
13298,4,3
13299,4,4
13300,4,1
13301,4,3
13302,4,3
13303,4,3
13304,4,2
13305,4,4
13306,4,4
13307,4,4
13308,4,4
13309,4,4
13310,4,0
13311,4,2
13312,4,2
13313,4,4
13314,4,4
13315,4,2
13316,4,4
13317,4,3
13318,4,0
13319,4,1
13320,4,4
13321,4,4
13322,4,1
13323,4,0
13324,4,2
13325,4,0
13326,4,4
13327,4,4
13328,4,4
13329,4,1
13330,4,4
13331,4,4
13332,4,3
13333,4,1
13334,4,3
13335,4,1
13336,4,0
13337,4,2
13338,4,4
13339,4,3
13340,4,0
13341,4,2
13342,4,4
13343,4,4
13344,4,4
13345,4,4
13346,4,1
13347,4,0
13348,4,1
13349,4,0
13350,4,3
13351,4,2
13352,4,2
13353,4,2
13354,4,2
13355,4,0
13356,4,0
13357,4,1
13358,4,4
13359,4,2
13360,4,0
13361,4,0
13362,4,4
13363,4,2
13364,4,0
13365,4,2
13366,4,4
13367,4,4
13368,4,4
13369,4,4
13370,4,1
13371,4,0
13372,4,2
13373,4,0
13374,4,0
13375,4,2
13376,4,4
13377,4,4
13378,4,1
13379,4,2
13380,4,0
13381,4,0
13382,4,2
13383,4,0
13384,4,4
13385,4,3
13386,4,4
13387,4,3
13388,4,1
13389,4,0
13390,4,1
13391,4,4
13392,4,4
13393,4,1
13394,4,2
13395,4,4
13396,4,4
13397,4,4
13398,4,2
13399,4,0
13400,4,2
13401,4,1
13402,4,2
13403,4,3
13404,4,4
13405,4,4
13406,4,2
13407,4,3
13408,4,2
13409,4,3
13410,4,2
13411,4,3
13412,4,1
13413,4,2
13414,4,2
13415,4,2
13416,4,4
13417,4,3
13418,4,0
13419,4,4
13420,4,3
13421,4,0
13422,4,3
13423,4,1
13424,4,3
13425,4,4
13426,4,3
13427,4,3
13428,4,2
13429,4,4
13430,4,2
13431,4,3
13432,4,2
13433,4,2
13434,4,3
13435,4,1
13436,4,4
13437,4,3
13438,4,1
13439,4,1
13440,4,2
13441,4,4
13442,4,2
13443,4,4
13444,4,1
13445,4,1
13446,4,2
13447,4,4
13448,4,2
13449,4,3
13450,4,0
13451,4,1
13452,4,2
13453,4,3
13454,4,0
13455,4,4
13456,4,2
13457,4,3
13458,4,4
13459,4,2
13460,4,4
13461,4,4
13462,4,3
13463,4,1
13464,4,2
13465,4,3
13466,4,2
13467,4,1
13468,4,2
13469,4,2
13470,4,4
13471,4,2
13472,4,0
13473,4,3
13474,4,3
13475,4,3
13476,4,2
13477,4,2
13478,4,2
13479,4,2
13480,4,2
13481,4,2
13482,4,2
13483,4,4
13484,4,4
13485,4,2
13486,4,2
13487,4,1
13488,4,4
13489,4,1
13490,4,4
13491,4,4
13492,4,1
13493,4,0
13494,4,2
13495,4,4
13496,4,4
13497,4,4
13498,4,4
13499,4,2
13500,4,1
13501,4,2
13502,4,3
13503,4,1
13504,4,0
13505,4,4
13506,4,1
13507,4,2
13508,4,3
13509,4,1
13510,4,0
13511,4,4
13512,4,4
13513,4,4
13514,4,2
13515,4,4
13516,4,1
13517,4,4
13518,4,3
13519,4,2
13520,4,4
13521,4,1
13522,4,2
13523,4,4
13524,4,0
13525,4,1
13526,4,4
13527,4,4
13528,4,2
13529,4,2
13530,4,4
13531,4,0
13532,4,3
13533,4,2
13534,4,2
13535,4,4
13536,4,3
13537,4,0
13538,4,4
13539,4,1
13540,4,2
13541,4,0
13542,4,4
13543,4,1
13544,4,1
13545,4,0
13546,4,4
13547,4,2
13548,4,2
13549,4,4
13550,4,0
13551,4,1
13552,4,2
13553,4,2
13554,4,4
13555,4,3
13556,4,2
13557,4,2
13558,4,4
13559,4,3
13560,4,0
13561,4,4
13562,4,0
13563,4,4
13564,4,3
13565,4,1
13566,4,3
13567,4,4
13568,4,1
13569,4,4
13570,4,2
13571,4,3
13572,4,1
13573,4,2
13574,4,2
13575,4,2
13576,4,3
13577,4,0
13578,4,4
13579,4,4
13580,4,1
13581,4,1
13582,4,2
13583,4,0
13584,4,1
13585,4,4
13586,4,3
13587,4,0
13588,4,0
13589,4,2
13590,4,1
13591,4,3
13592,4,2
13593,4,2
13594,4,0
13595,4,2
13596,4,4
13597,4,4
13598,4,0
13599,4,4
13600,4,2
13601,4,4
13602,4,4
13603,4,1
13604,4,4
13605,4,2
13606,4,0
13607,4,0
13608,4,0
13609,4,2
13610,4,3
13611,4,4
13612,4,3
13613,4,3
13614,4,0
13615,4,4
13616,4,4
13617,4,0
13618,4,4
13619,4,4
13620,4,2
13621,4,1
13622,4,1
13623,4,3
13624,4,0
13625,4,3
13626,4,1
13627,4,4
13628,4,0
13629,4,3
13630,4,1
13631,4,4
13632,4,3
13633,4,0
13634,4,3
13635,4,0
13636,4,2
13637,4,3
13638,4,2
13639,4,4
13640,4,1
13641,4,1
13642,4,2
13643,4,0
13644,4,4
13645,4,0
13646,4,4
13647,4,4
13648,4,4
13649,4,3
13650,4,0
13651,4,4
13652,4,4
13653,4,2
13654,4,4
13655,4,0
13656,4,2
13657,4,1
13658,4,4
13659,4,2
13660,4,1
13661,4,1
13662,4,4
13663,4,1
13664,4,1
13665,4,2
13666,4,4
13667,4,3
13668,4,4
13669,4,1
13670,4,4
13671,4,2
13672,4,3
13673,4,4
13674,4,0
13675,4,2
13676,4,0
13677,4,4
13678,4,4
13679,4,4
13680,4,2
13681,4,4
13682,4,2
13683,4,2
13684,4,2
13685,4,3
13686,4,4
13687,4,0
13688,4,4
13689,4,4
13690,4,4
13691,4,4
13692,4,1
13693,4,0
13694,4,3
13695,4,1
13696,4,0
13697,4,4
13698,4,2
13699,4,2
13700,4,1
13701,4,2
13702,4,4
13703,4,4
13704,4,1
13705,4,4
13706,4,4
13707,4,0
13708,4,1
13709,4,4
13710,4,1
13711,4,2
13712,4,2
13713,4,1
13714,4,4
13715,4,1
13716,4,4
13717,4,3
13718,4,1
13719,4,4
13720,4,3
13721,4,2
13722,4,4
13723,4,2
13724,4,4
13725,4,4
13726,4,1
13727,4,4
13728,4,0
13729,4,4
13730,4,0
13731,4,2
13732,4,1
13733,4,2
13734,4,3
13735,4,4
13736,4,3
13737,4,1
13738,4,0
13739,4,3
13740,4,2
13741,4,1
13742,4,4
13743,4,4
13744,4,4
13745,4,3
13746,4,4
13747,4,4
13748,4,2
13749,4,4
13750,4,4
13751,4,0
13752,4,4
13753,4,0
13754,4,1
13755,4,4
13756,4,2
13757,4,4
13758,4,1
13759,4,4
13760,4,3
13761,4,4
13762,4,2
13763,4,0
13764,4,4
13765,4,4
13766,4,2
13767,4,0
13768,4,2
13769,4,3
13770,4,2
13771,4,4
13772,4,4
13773,4,3
13774,4,2
13775,4,1
13776,4,0
13777,4,3
13778,4,3
13779,4,4
13780,4,4
13781,4,0
13782,4,4
13783,4,2
13784,4,3
13785,4,0
13786,4,4
13787,4,2
13788,4,2
13789,4,3
13790,4,0
13791,4,4
13792,4,4
13793,4,2
13794,4,3
13795,4,4
13796,4,2
13797,4,3
13798,4,4
13799,4,4
13800,4,0
13801,4,2
13802,4,4
13803,4,4
13804,4,2
13805,4,4
13806,4,1
13807,4,4
13808,4,2
13809,4,3
13810,4,0
13811,4,4
13812,4,2
13813,4,3
13814,4,4
13815,4,4
13816,4,0
13817,4,0
13818,4,2
13819,4,3
13820,4,4
13821,4,3
13822,4,1
13823,4,2
13824,4,1
13825,4,3
13826,4,1
13827,4,3
13828,4,4
13829,4,2
13830,4,0
13831,4,2
13832,4,2
13833,4,1
13834,4,4
13835,4,4
13836,4,4
13837,4,3
13838,4,2
13839,4,2
13840,4,3
13841,4,2
13842,4,3
13843,4,4
13844,4,4
13845,4,3
13846,4,4
13847,4,4
13848,4,4
13849,4,3
13850,4,2
13851,4,2
13852,4,2
13853,4,4
13854,4,1
13855,4,3
13856,4,3
13857,4,4
13858,4,0
13859,4,4
13860,4,2
13861,4,3
13862,4,2
13863,4,3
13864,4,2
13865,4,4
13866,4,3
13867,4,4
13868,4,2
13869,4,4
13870,4,0
13871,4,0
13872,4,2
13873,4,1
13874,4,4
13875,4,1
13876,4,2
13877,4,3
13878,4,4
13879,4,4
13880,4,2
13881,4,4
13882,4,1
13883,4,3
13884,4,0
13885,4,1
13886,4,4
13887,4,2
13888,4,4
13889,4,4
13890,4,3
13891,4,4
13892,4,3
13893,4,1
13894,4,0
13895,4,1
13896,4,2
13897,4,0
13898,4,1
13899,4,2
13900,4,4
13901,4,3
13902,4,2
13903,4,4
13904,4,0
13905,4,3
13906,4,1
13907,4,2
13908,4,1
13909,4,1
13910,4,0
13911,4,4
13912,4,1
13913,4,4
13914,4,4
13915,4,4
13916,4,2
13917,4,4
13918,4,4
13919,4,4
13920,4,0
13921,4,4
13922,4,1
13923,4,0
13924,4,4
13925,4,0
13926,4,4
13927,4,1
13928,4,3
13929,4,0
13930,4,4
13931,4,1
13932,4,0
13933,4,2
13934,4,2
13935,4,4
13936,4,4
13937,4,2
13938,4,3
13939,4,3
13940,4,4
13941,4,4
13942,4,2
13943,4,0
13944,4,3
13945,4,3
13946,4,3
13947,4,4
13948,4,4
13949,4,4
13950,4,2
13951,4,4
13952,4,4
13953,4,0
13954,4,2
13955,4,2
13956,4,4
13957,4,2
13958,4,1
13959,4,4
13960,4,1
13961,4,3
13962,4,0
13963,4,2
13964,4,3
13965,4,4
13966,4,2
13967,4,3
13968,4,0
13969,4,0
13970,4,2
13971,4,3
13972,4,4
13973,4,0
13974,4,2
13975,4,1
13976,4,4
13977,4,4
13978,4,4
13979,4,2
13980,4,4
13981,4,4
13982,4,4
13983,4,2
13984,4,2
13985,4,0
13986,4,4
13987,4,4
13988,4,3
13989,4,3
13990,4,2
13991,4,0
13992,4,2
13993,4,2
13994,4,4
13995,4,2
13996,4,1
13997,4,2
13998,4,1
13999,4,4
14000,4,3
14001,4,2
14002,4,3
14003,4,0
14004,4,2
14005,4,4
14006,4,0
14007,4,1
14008,4,1
14009,4,1
14010,4,4
14011,4,4
14012,4,2
14013,4,1
14014,4,4
14015,4,0
14016,4,3
14017,4,0
14018,4,3
14019,4,1
14020,4,2
14021,4,3
14022,4,4
14023,4,2
14024,4,1
14025,4,0
14026,4,3
14027,4,1
14028,4,2
14029,4,2
14030,4,4
14031,4,4
14032,4,4
14033,4,2
14034,4,4
14035,4,4
14036,4,2
14037,4,4
14038,4,0
14039,4,0
14040,4,2
14041,4,2
14042,4,3
14043,4,4
14044,4,4
14045,4,1
14046,4,3
14047,4,2
14048,4,3
14049,4,4
14050,4,1
14051,4,3
14052,4,2
14053,4,0
14054,4,0
14055,4,2
14056,4,4
14057,4,4
14058,4,0
14059,4,2
14060,4,4
14061,4,2
14062,4,1
14063,4,1
14064,4,3
14065,4,0
14066,4,3
14067,4,0
14068,4,2
14069,4,1
14070,4,1
14071,4,0
14072,4,0
14073,4,3
14074,4,2
14075,4,4
14076,4,2
14077,4,2
14078,4,4
14079,4,4
14080,4,4
14081,4,3
14082,4,4
14083,4,0
14084,4,2
14085,4,2
14086,4,3
14087,4,3
14088,4,1
14089,4,4
14090,4,0
14091,4,2
14092,4,0
14093,4,4
14094,4,1
14095,4,2
14096,4,4
14097,4,4
14098,4,1
14099,4,3
14100,4,4
14101,4,2
14102,4,4
14103,4,2
14104,4,2
14105,4,2
14106,4,2
14107,4,1
14108,4,3
14109,4,0
14110,4,1
14111,4,0
14112,4,2
14113,4,2
14114,4,2
14115,4,2
14116,4,3
14117,4,4
14118,4,2
14119,4,2
14120,4,2
14121,4,2
14122,4,4
14123,4,3
14124,4,2
14125,4,2
14126,4,2
14127,4,1
14128,4,2
14129,4,4
14130,4,1
14131,4,4
14132,4,1
14133,4,2
14134,4,0
14135,4,0
14136,4,4
14137,4,3
14138,4,1
14139,4,2
14140,4,4
14141,4,1
14142,4,3
14143,4,0
14144,4,4
14145,4,4
14146,4,0
14147,4,4
14148,4,2
14149,4,3
14150,4,0
14151,4,2
14152,4,4
14153,4,2
14154,4,2
14155,4,2
14156,4,1
14157,4,4
14158,4,0
14159,4,2
14160,4,4
14161,4,2
14162,4,2
14163,4,4
14164,4,3
14165,4,4
14166,4,2
14167,4,1
14168,4,2
14169,4,4
14170,4,1
14171,4,4
14172,4,0
14173,4,2
14174,4,4
14175,4,4
14176,4,4
14177,4,2
14178,4,4
14179,4,4
14180,4,4
14181,4,2
14182,4,1
14183,4,1
14184,4,3
14185,4,0
14186,4,4
14187,4,2
14188,4,1
14189,4,1
14190,4,3
14191,4,0
14192,4,1
14193,4,3
14194,4,1
14195,4,1
14196,4,4
14197,4,2
14198,4,3
14199,4,0
14200,4,4
14201,4,4
14202,4,2
14203,4,1
14204,4,2
14205,4,3
14206,4,2
14207,4,1
14208,4,2
14209,4,4
14210,4,4
14211,4,4
14212,4,2
14213,4,4
14214,4,1
14215,4,2
14216,4,2
14217,4,2
14218,4,1
14219,4,0
14220,4,1
14221,4,2
14222,4,2
14223,4,0
14224,4,3
14225,4,1
14226,4,0
14227,4,3
14228,4,4
14229,4,4
14230,4,0
14231,4,2
14232,4,2
14233,4,4
14234,4,1
14235,4,0
14236,4,1
14237,4,2
14238,4,0
14239,4,4
14240,4,4
14241,4,4
14242,4,2
14243,4,2
14244,4,1
14245,4,2
14246,4,3
14247,4,2
14248,4,0
14249,4,4
14250,4,4
14251,4,4
14252,4,0
14253,4,1
14254,4,2
14255,4,4
14256,4,0
14257,4,2
14258,4,4
14259,4,3
14260,4,1
14261,4,3
14262,4,2
14263,4,0
14264,4,4
14265,4,4
14266,4,3
14267,4,1
14268,4,2
14269,4,4
14270,4,0
14271,4,2
14272,4,3
14273,4,3
14274,4,2
14275,4,4
14276,4,4
14277,4,4
14278,4,0
14279,4,0
14280,4,2
14281,4,3
14282,4,4
14283,4,4
14284,4,2
14285,4,0
14286,4,4
14287,4,4
14288,4,2
14289,4,1
14290,4,2
14291,4,3
14292,4,2
14293,4,1
14294,4,2
14295,4,1
14296,4,4
14297,4,3
14298,4,4
14299,4,3
14300,4,0
14301,4,4
14302,4,1
14303,4,4
14304,4,4
14305,4,1
14306,4,4
14307,4,2
14308,4,1
14309,4,0
14310,4,4
14311,4,4
14312,4,0
14313,4,2
14314,4,3
14315,4,0
14316,4,3
14317,4,4
14318,4,0
14319,4,3
14320,4,2
14321,4,2
14322,4,1
14323,4,1
14324,4,4
14325,4,3
14326,4,4
14327,4,4
14328,4,4
14329,4,4
14330,4,4
14331,4,2
14332,4,0
14333,4,3
14334,4,1
14335,4,2
14336,4,1
14337,4,4
14338,4,4
14339,4,4
14340,4,2
14341,4,3
14342,4,0
14343,4,2
14344,4,1
14345,4,4
14346,4,2
14347,4,2
14348,4,1
14349,4,4
14350,4,2
14351,4,2
14352,4,3
14353,4,4
14354,4,2
14355,4,0
14356,4,3
14357,4,2
14358,4,2
14359,4,4
14360,4,1
14361,4,4
14362,4,1
14363,4,2
14364,4,4
14365,4,4
14366,4,2
14367,4,4
14368,4,3
14369,4,4
14370,4,3
14371,4,3
14372,4,4
14373,4,0
14374,4,2
14375,4,4
14376,4,4
14377,4,0
14378,4,2
14379,4,0
14380,4,0
14381,4,1
14382,4,0
14383,4,2
14384,4,2
14385,4,2
14386,4,4
14387,4,0
14388,4,1
14389,4,3
14390,4,0
14391,4,2
14392,4,4
14393,4,3
14394,4,0
14395,4,3
14396,4,4
14397,4,4
14398,4,4
14399,4,4
14400,4,0
14401,4,3
14402,4,4
14403,4,3
14404,4,3
14405,4,1
14406,4,1
14407,4,1
14408,4,3
14409,4,3
14410,4,4
14411,4,4
14412,4,2
14413,4,2
14414,4,0
14415,4,4
14416,4,2
14417,4,4
14418,4,3
14419,4,4
14420,4,0
14421,4,4
14422,4,1
14423,4,2
14424,4,4
14425,4,4
14426,4,3
14427,4,2
14428,4,0
14429,4,4
14430,4,2
14431,4,2
14432,4,3
14433,4,3
14434,4,4
14435,4,0
14436,4,2
14437,4,0
14438,4,4
14439,4,2
14440,4,2
14441,4,3
14442,4,4
14443,4,3
14444,4,3
14445,4,2
14446,4,4
14447,4,2
14448,4,3
14449,4,4
14450,4,2
14451,4,1
14452,4,3
14453,4,2
14454,4,1
14455,4,2
14456,4,4
14457,4,4
14458,4,4
14459,4,2
14460,4,1
14461,4,3
14462,4,2
14463,4,4
14464,4,4
14465,4,1
14466,4,3
14467,4,3
14468,4,4
14469,4,1
14470,4,0
14471,4,4
14472,4,4
14473,4,3
14474,4,2
14475,4,4
14476,4,2
14477,4,1
14478,4,0
14479,4,0
14480,4,4
14481,4,4
14482,4,3
14483,4,1
14484,4,4
14485,4,4
14486,4,4
14487,4,3
14488,4,1
14489,4,2
14490,4,0
14491,4,3
14492,4,3
14493,4,0
14494,4,3
14495,4,4
14496,4,0
14497,4,2
14498,4,4
14499,4,0
14500,4,4
14501,4,3
14502,4,3
14503,4,2
14504,4,2
14505,4,4
14506,4,2
14507,4,2
14508,4,2
14509,4,1
14510,4,3
14511,4,4
14512,4,4
14513,4,3
14514,4,1
14515,4,4
14516,4,3
14517,4,1
14518,4,2
14519,4,2
14520,4,1
14521,4,2
14522,4,0
14523,4,4
14524,4,4
14525,4,4
14526,4,3
14527,4,0
14528,4,0
14529,4,3
14530,4,3
14531,4,2
14532,4,3
14533,4,4
14534,4,2
14535,4,1
14536,4,2
14537,4,2
14538,4,2
14539,4,0
14540,4,4
14541,4,3
14542,4,0
14543,4,3
14544,4,0
14545,4,0
14546,4,1
14547,4,4
14548,4,4
14549,4,4
14550,4,2
14551,4,0
14552,4,0
14553,4,1
14554,4,3
14555,4,0
14556,4,4
14557,4,4
14558,4,0
14559,4,2
14560,4,2
14561,4,2
14562,4,2
14563,4,4
14564,4,4
14565,4,2
14566,4,0
14567,4,1
14568,4,4
14569,4,0
14570,4,0
14571,4,4
14572,4,4
14573,4,2
14574,4,0
14575,4,2
14576,4,2
14577,4,4
14578,4,4
14579,4,1
14580,4,3
14581,4,2
14582,4,4
14583,4,2
14584,4,1
14585,4,2
14586,4,3
14587,4,2
14588,4,2
14589,4,4
14590,4,3
14591,4,0
14592,4,0
14593,4,2
14594,4,4
14595,4,4
14596,4,3
14597,4,2
14598,4,4
14599,4,4
14600,4,2
14601,4,0
14602,4,0
14603,4,1
14604,4,0
14605,4,4
14606,4,4
14607,4,0
14608,4,4
14609,4,0
14610,4,4
14611,4,4
14612,4,2
14613,4,1
14614,4,0
14615,4,3
14616,4,2
14617,4,4
14618,4,4
14619,4,4
14620,4,3
14621,4,2
14622,4,4
14623,4,2
14624,4,4
14625,4,4
14626,4,2
14627,4,2
14628,4,4
14629,4,0
14630,4,0
14631,4,1
14632,4,0
14633,4,4
14634,4,2
14635,4,0
14636,4,0
14637,4,2
14638,4,3
14639,4,3
14640,4,1
14641,4,2
14642,4,3
14643,4,0
14644,4,4
14645,4,4
14646,4,3
14647,4,4
14648,4,0
14649,4,4
14650,4,4
14651,4,4
14652,4,3
14653,4,0
14654,4,2
14655,4,4
14656,4,4
14657,4,4
14658,4,1
14659,4,0
14660,4,3
14661,4,4
14662,4,3
14663,4,0
14664,4,4
14665,4,3
14666,4,3
14667,4,4
14668,4,2
14669,4,1
14670,4,1
14671,4,3
14672,4,0
14673,4,2
14674,4,3
14675,4,4
14676,4,0
14677,4,0
14678,4,4
14679,4,2
14680,4,2
14681,4,2
14682,4,3
14683,4,4
14684,4,1
14685,4,3
14686,4,2
14687,4,2
14688,4,3
14689,4,3
14690,4,2
14691,4,3
14692,4,0
14693,4,4
14694,4,4
14695,4,0
14696,4,2
14697,4,4
14698,4,4
14699,4,3
14700,4,1
14701,4,3
14702,4,1
14703,4,0
14704,4,3
14705,4,2
14706,4,2
14707,4,2
14708,4,1
14709,4,3
14710,4,0
14711,4,2
14712,4,1
14713,4,3
14714,4,0
14715,4,3
14716,4,4
14717,4,1
14718,4,0
14719,4,1
14720,4,2
14721,4,4
14722,4,1
14723,4,3
14724,4,2
14725,4,0
14726,4,3
14727,4,2
14728,4,0
14729,4,2
14730,4,3
14731,4,2
14732,4,4
14733,4,3
14734,4,0
14735,4,4
14736,4,4
14737,4,3
14738,4,3
14739,4,1
14740,4,3
14741,4,4
14742,4,3
14743,4,3
14744,4,0
14745,4,4
14746,4,0
14747,4,0
14748,4,4
14749,4,2
14750,4,2
14751,4,0
14752,4,4
14753,4,1
14754,4,2
14755,4,3
14756,4,4
14757,4,3
14758,4,4
14759,4,2
14760,4,4
14761,4,4
14762,4,2
14763,4,3
14764,4,2
14765,4,1
14766,4,4
14767,4,4
14768,4,2
14769,4,4
14770,4,0
14771,4,2
14772,4,2
14773,4,3
14774,4,2
14775,4,2
14776,4,3
14777,4,4
14778,4,4
14779,4,4
14780,4,0
14781,4,2
14782,4,1
14783,4,3
14784,4,4
14785,4,4
14786,4,2
14787,4,2
14788,4,1
14789,4,4
14790,4,0
14791,4,4
14792,4,3
14793,4,3
14794,4,2
14795,4,1
14796,4,4
14797,4,4
14798,4,2
14799,4,3
14800,4,2
14801,4,0
14802,4,2
14803,4,2
14804,4,4
14805,4,0
14806,4,2
14807,4,1
14808,4,4
14809,4,2
14810,4,3
14811,4,2
14812,4,2
14813,4,4
14814,4,0
14815,4,3
14816,4,2
14817,4,1
14818,4,1
14819,4,1
14820,4,0
14821,4,2
14822,4,3
14823,4,1
14824,4,1
14825,4,4
14826,4,0
14827,4,1
14828,4,2
14829,4,1
14830,4,3
14831,4,0
14832,4,0
14833,4,4
14834,4,2
14835,4,1
14836,4,4
14837,4,2
14838,4,2
14839,4,4
14840,4,2
14841,4,0
14842,4,4
14843,4,4
14844,4,3
14845,4,0
14846,4,2
14847,4,4
14848,4,2
14849,4,3
14850,4,3
14851,4,1
14852,4,4
14853,4,4
14854,4,3
14855,4,3
14856,4,4
14857,4,4
14858,4,4
14859,4,0
14860,4,0
14861,4,4
14862,4,4
14863,4,4
14864,4,1
14865,4,3
14866,4,4
14867,4,4
14868,4,2
14869,4,0
14870,4,2
14871,4,3
14872,4,0
14873,4,0
14874,4,4
14875,4,3
14876,4,2
14877,4,0
14878,4,4
14879,4,1
14880,4,4
14881,4,2
14882,4,4
14883,4,2
14884,4,1
14885,4,1
14886,4,2
14887,4,2
14888,4,0
14889,4,0
14890,4,1
14891,4,2
14892,4,0
14893,4,1
14894,4,4
14895,4,2
14896,4,1
14897,4,2
14898,4,4
14899,4,2
14900,4,4
14901,4,0
14902,4,4
14903,4,2
14904,4,4
14905,4,2
14906,4,4
14907,4,4
14908,4,3
14909,4,2
14910,4,4
14911,4,4
14912,4,4
14913,4,3
14914,4,1
14915,4,3
14916,4,3
14917,4,2
14918,4,2
14919,4,1
14920,4,2
14921,4,0
14922,4,4
14923,4,3
14924,4,4
14925,4,4
14926,4,0
14927,4,3
14928,4,4
14929,4,3
14930,4,0
14931,4,1
14932,4,2
14933,4,4
14934,4,0
14935,4,1
14936,4,1
14937,4,4
14938,4,4
14939,4,4
14940,4,4
14941,4,2
14942,4,4
14943,4,4
14944,4,3
14945,4,3
14946,4,2
14947,4,1
14948,4,4
14949,4,0
14950,4,2
14951,4,2
14952,4,3
14953,4,2
14954,4,4
14955,4,2
14956,4,4
14957,4,2
14958,4,3
14959,4,4
14960,4,2
14961,4,4
14962,4,4
14963,4,2
14964,4,1
14965,4,0
14966,4,3
14967,4,3
14968,4,4
14969,4,0
14970,4,3
14971,4,3
14972,4,4
14973,4,4
14974,4,2
14975,4,4
14976,4,1
14977,4,1
14978,4,1
14979,4,4
14980,4,0
14981,4,0
14982,4,2
14983,4,3
14984,4,4
14985,4,1
14986,4,3
14987,4,2
14988,4,2
14989,4,3
14990,4,2
14991,4,2
14992,4,0
14993,4,1
14994,4,0
14995,4,2
14996,4,0
14997,4,1
14998,4,3
14999,4,1
15000,4,2
15001,4,0
15002,4,1
15003,4,2
15004,4,4
15005,4,4
15006,4,3
15007,4,3
15008,4,3
15009,4,2
15010,4,0
15011,4,4
15012,4,4
15013,4,4
15014,4,2
15015,4,3
15016,4,3
15017,4,4
15018,4,2
15019,4,4
15020,4,4
15021,4,2
15022,4,2
15023,4,0
15024,4,2
15025,4,0
15026,4,4
15027,4,2
15028,4,3
15029,4,4
15030,4,0
15031,4,0
15032,4,1
15033,4,0
15034,4,1
15035,4,4
15036,4,4
15037,4,1
15038,4,3
15039,4,4
15040,4,3
15041,4,4
15042,4,4
15043,4,0
15044,4,4
15045,4,2
15046,4,3
15047,4,0
15048,4,1
15049,4,3
15050,4,4
15051,4,1
15052,4,1
15053,4,4
15054,4,3
15055,4,1
15056,4,2
15057,4,4
15058,4,4
15059,4,1
15060,4,4
15061,4,3
15062,4,3
15063,4,3
15064,4,1
15065,4,2
15066,4,2
15067,4,4
15068,4,3
15069,4,4
15070,4,4
15071,4,3
15072,4,0
15073,4,3
15074,4,4
15075,4,2
15076,4,4
15077,4,2
15078,4,0
15079,4,2
15080,4,1
15081,4,1
15082,4,0
15083,4,2
15084,4,4
15085,4,0
15086,4,2
15087,4,1
15088,4,4
15089,4,2
15090,4,0
15091,4,1
15092,4,4
15093,4,4
15094,4,2
15095,4,4
15096,4,1
15097,4,4
15098,4,0
15099,4,2
15100,4,1
15101,4,0
15102,4,4
15103,4,0
15104,4,4
15105,4,0
15106,4,2
15107,4,0
15108,4,4
15109,4,2
15110,4,4
15111,4,4
15112,4,0
15113,4,4
15114,4,1
15115,4,4
15116,4,2
15117,4,4
15118,4,4
15119,4,1
15120,4,3
15121,4,3
15122,4,4
15123,4,0
15124,4,4
15125,4,4
15126,4,4
15127,4,4
15128,4,2
15129,4,2
15130,4,0
15131,4,3
15132,4,4
15133,4,4
15134,4,1
15135,4,2
15136,4,2
15137,4,3
15138,4,3
15139,4,1
15140,4,2
15141,4,4
15142,4,4
15143,4,0
15144,4,4
15145,4,2
15146,4,3
15147,4,4
15148,4,1
15149,4,0
15150,4,0
15151,4,2
15152,4,2
15153,4,4
15154,4,3
15155,4,2
15156,4,2
15157,4,3
15158,4,2
15159,4,1
15160,4,2
15161,4,0
15162,4,0
15163,4,4
15164,4,3
15165,4,2
15166,4,0
15167,4,2
15168,4,4
15169,4,0
15170,4,0
15171,4,3
15172,4,1
15173,4,2
15174,4,2
15175,4,1
15176,4,4
15177,4,0
15178,4,4
15179,4,0
15180,4,4
15181,4,0
15182,4,1
15183,4,4
15184,4,4
15185,4,1
15186,4,2
15187,4,2
15188,4,3
15189,4,1
15190,4,2
15191,4,4
15192,4,0
15193,4,0
15194,4,3
15195,4,1
15196,4,0
15197,4,4
15198,4,2
15199,4,1
15200,4,2
15201,4,0
15202,4,0
15203,4,3
15204,4,2
15205,4,2
15206,4,3
15207,4,0
15208,4,4
15209,4,4
15210,4,1
15211,4,4
15212,4,0
15213,4,4
15214,4,2
15215,4,2
15216,4,4
15217,4,2
15218,4,2
15219,4,4
15220,4,3
15221,4,3
15222,4,3
15223,4,2
15224,4,2
15225,4,3
15226,4,3
15227,4,1
15228,4,0
15229,4,3
15230,4,2
15231,4,0
15232,4,2
15233,4,2
15234,4,4
15235,4,2
15236,4,0
15237,4,3
15238,4,1
15239,4,4
15240,4,2
15241,4,1
15242,4,4
15243,4,3
15244,4,1
15245,4,3
15246,4,2
15247,4,0
15248,4,4
15249,4,2
15250,4,0
15251,4,3
15252,4,2
15253,4,2
15254,4,3
15255,4,1
15256,4,1
15257,4,2
15258,4,2
15259,4,2
15260,4,2
15261,4,0
15262,4,0
15263,4,2
15264,4,4
15265,4,4
15266,4,3
15267,4,3
15268,4,4
15269,4,3
15270,4,0
15271,4,0
15272,4,4
15273,4,2
15274,4,0
15275,4,3
15276,4,1
15277,4,3
15278,4,3
15279,4,4
15280,4,1
15281,4,4
15282,4,4
15283,4,4
15284,4,0
15285,4,3
15286,4,4
15287,4,0
15288,4,0
15289,4,3
15290,4,4
15291,4,2
15292,4,2
15293,4,3
15294,4,0
15295,4,4
15296,4,3
15297,4,4
15298,4,1
15299,4,4
15300,4,3
15301,4,4
15302,4,4
15303,4,2
15304,4,4
15305,4,1
15306,4,4
15307,4,3
15308,4,3
15309,4,0
15310,4,0
15311,4,3
15312,4,4
15313,4,4
15314,4,4
15315,4,4
15316,4,1
15317,4,1
15318,4,0
15319,4,4
15320,4,4
15321,4,4
15322,4,2
15323,4,4
15324,4,3
15325,4,0
15326,4,2
15327,4,1
15328,4,4
15329,4,3
15330,4,1
15331,4,2
15332,4,3
15333,4,4
15334,4,0
15335,4,0
15336,4,2
15337,4,3
15338,4,4
15339,4,4
15340,4,4
15341,4,3
15342,4,3
15343,4,4
15344,4,0
15345,4,2
15346,4,0
15347,4,3
15348,4,3
15349,4,3
15350,4,4
15351,4,3
15352,4,3
15353,4,4
15354,4,3
15355,4,3
15356,4,2
15357,4,2
15358,4,3
15359,4,3
15360,4,0
15361,4,4
15362,4,2
15363,4,3
15364,4,1
15365,4,2
15366,4,4
15367,4,2
15368,4,4
15369,4,2
15370,4,3
15371,4,2
15372,4,1
15373,4,4
15374,4,4
15375,4,2
15376,4,1
15377,4,2
15378,4,0
15379,4,1
15380,4,0
15381,4,0
15382,4,0
15383,4,4
15384,4,4
15385,4,4
15386,4,3
15387,4,3
15388,4,1
15389,4,0
15390,4,4
15391,4,4
15392,4,4
15393,4,4
15394,4,3
15395,4,3
15396,4,3
15397,4,2
15398,4,0
15399,4,0
15400,4,4
15401,4,4
15402,4,2
15403,4,2
15404,4,0
15405,4,2
15406,4,2
15407,4,0
15408,4,4
15409,4,2
15410,4,4
15411,4,4
15412,4,3
15413,4,4
15414,4,1
15415,4,2
15416,4,0
15417,4,3
15418,4,2
15419,4,4
15420,4,0
15421,4,3
15422,4,2
15423,4,4
15424,4,4
15425,4,4
15426,4,2
15427,4,1
15428,4,2
15429,4,2
15430,4,2
15431,4,0
15432,4,4
15433,4,4
15434,4,4
15435,4,1
15436,4,0
15437,4,3
15438,4,1
15439,4,1
15440,4,4
15441,4,4
15442,4,4
15443,4,4
15444,4,4
15445,4,2
15446,4,4
15447,4,1
15448,4,3
15449,4,1
15450,4,3
15451,4,0
15452,4,3
15453,4,4
15454,4,1
15455,4,3
15456,4,0
15457,4,0
15458,4,3
15459,4,2
15460,4,1
15461,4,2
15462,4,3
15463,4,4
15464,4,4
15465,4,1
15466,4,4
15467,4,4
15468,4,3
15469,4,4
15470,4,1
15471,4,3
15472,4,2
15473,4,2
15474,4,3
15475,4,3
15476,4,1
15477,4,4
15478,4,0
15479,4,0
15480,4,2
15481,4,3
15482,4,1
15483,4,1
15484,4,4
15485,4,1
15486,4,2
15487,4,2
15488,4,4
15489,4,2
15490,4,4
15491,4,4
15492,4,4
15493,4,4
15494,4,3
15495,4,2
15496,4,4
15497,4,2
15498,4,2
15499,4,3
15500,4,4
15501,4,3
15502,4,4
15503,4,1
15504,4,3
15505,4,4
15506,4,3
15507,4,3
15508,4,1
15509,4,4
15510,4,3
15511,4,3
15512,4,4
15513,4,2
15514,4,0
15515,4,4
15516,4,4
15517,4,2
15518,4,4
15519,4,2
15520,4,4
15521,4,2
15522,4,4
15523,4,4
15524,4,4
15525,4,4
15526,4,0
15527,4,3
15528,4,0
15529,4,2
15530,4,2
15531,4,4
15532,4,3
15533,4,2
15534,4,2
15535,4,3
15536,4,4
15537,4,4
15538,4,0
15539,4,2
15540,4,1
15541,4,3
15542,4,4
15543,4,3
15544,4,0
15545,4,3
15546,4,4
15547,4,0
15548,4,4
15549,4,2
15550,4,2
15551,4,1
15552,4,4
15553,4,0
15554,4,0
15555,4,2
15556,4,0
15557,4,2
15558,4,4
15559,4,4
15560,4,2
15561,4,2
15562,4,2
15563,4,1
15564,4,0
15565,4,1
15566,4,3
15567,4,4
15568,4,4
15569,4,0
15570,4,2
15571,4,1
15572,4,2
15573,4,4
15574,4,1
15575,4,4
15576,4,0
15577,4,2
15578,4,3
15579,4,2
15580,4,2
15581,4,4
15582,4,4
15583,4,2
15584,4,4
15585,4,4
15586,4,3
15587,4,4
15588,4,1
15589,4,4
15590,4,4
15591,4,4
15592,4,4
15593,4,2
15594,4,4
15595,4,0
15596,4,4
15597,4,3
15598,4,4
15599,4,4
15600,4,1
15601,4,4
15602,4,3
15603,4,0
15604,4,2
15605,4,4
15606,4,0
15607,4,0
15608,4,4
15609,4,4
15610,4,2
15611,4,3
15612,4,2
15613,4,4
15614,4,0
15615,4,3
15616,4,3
15617,4,2
15618,4,4
15619,4,2
15620,4,0
15621,4,4
15622,4,3
15623,4,4
15624,4,2
15625,4,3
15626,4,0
15627,4,4
15628,4,2
15629,4,2
15630,4,3
15631,4,4
15632,4,2
15633,4,4
15634,4,4
15635,4,4
15636,4,4
15637,4,0
15638,4,2
15639,4,1
15640,4,0
15641,4,2
15642,4,4
15643,4,2
15644,4,2
15645,4,3
15646,4,2
15647,4,0
15648,4,4
15649,4,2
15650,4,2
15651,4,3
15652,4,2
15653,4,3
15654,4,3
15655,4,2
15656,4,4
15657,4,1
15658,4,4
15659,4,2
15660,4,2
15661,4,2
15662,4,4
15663,4,3
15664,4,0
15665,4,2
15666,4,0
15667,4,3
15668,4,2
15669,4,4
15670,4,4
15671,4,3
15672,4,0
15673,4,4
15674,4,1
15675,4,3
15676,4,4
15677,4,3
15678,4,0
15679,4,2
15680,4,4
15681,4,0
15682,4,1
15683,4,3
15684,4,4
15685,4,3
15686,4,2
15687,4,1
15688,4,2
15689,4,2
15690,4,2
15691,4,3
15692,4,0
15693,4,4
15694,4,4
15695,4,0
15696,4,4
15697,4,4
15698,4,2
15699,4,3
15700,4,4
15701,4,0
15702,4,4
15703,4,0
15704,4,2
15705,4,0
15706,4,2
15707,4,0
15708,4,0
15709,4,2
15710,4,2
15711,4,2
15712,4,4
15713,4,3
15714,4,0
15715,4,4
15716,4,3
15717,4,3
15718,4,2
15719,4,3
15720,4,0
15721,4,2
15722,4,2
15723,4,1
15724,4,3
15725,4,4
15726,4,0
15727,4,4
15728,4,4
15729,4,4
15730,4,4
15731,4,2
15732,4,0
15733,4,1
15734,4,3
15735,4,1
15736,4,0
15737,4,4
15738,4,1
15739,4,4
15740,4,2
15741,4,0
15742,4,4
15743,4,3
15744,4,0
15745,4,4
15746,4,3
15747,4,1
15748,4,4
15749,4,4
15750,4,4
15751,4,3
15752,4,1
15753,4,0
15754,4,4
15755,4,1
15756,4,4
15757,4,1
15758,4,2
15759,4,4
15760,4,4
15761,4,2
15762,4,0
15763,4,2
15764,4,0
15765,4,4
15766,4,0
15767,4,0
15768,4,2
15769,4,4
15770,4,4
15771,4,0
15772,4,3
15773,4,2
15774,4,4
15775,4,0
15776,4,4
15777,4,3
15778,4,2
15779,4,2
15780,4,1
15781,4,0
15782,4,2
15783,4,2
15784,4,4
15785,4,3
15786,4,3
15787,4,2
15788,4,0
15789,4,2
15790,4,0
15791,4,2
15792,4,2
15793,4,0
15794,4,3
15795,4,4
15796,4,2
15797,4,2
15798,4,2
15799,4,2
15800,4,0
15801,4,0
15802,4,4
15803,4,2
15804,4,2
15805,4,1
15806,4,2
15807,4,4
15808,4,3
15809,4,1
15810,4,2
15811,4,4
15812,4,4
15813,4,4
15814,4,1
15815,4,3
15816,4,4
15817,4,4
15818,4,2
15819,4,1
15820,4,4
15821,4,1
15822,4,2
15823,4,2
15824,4,4
15825,4,4
15826,4,0
15827,4,1
15828,4,1
15829,4,0
15830,4,2
15831,4,0
15832,4,4
15833,4,0
15834,4,1
15835,4,2
15836,4,4
15837,4,4
15838,4,4
15839,4,1
15840,4,2
15841,4,4
15842,4,4
15843,4,4
15844,4,1
15845,4,2
15846,4,2
15847,4,2
15848,4,0
15849,4,4
15850,4,3
15851,4,3
15852,4,2
15853,4,4
15854,4,4
15855,4,0
15856,4,4
15857,4,3
15858,4,2
15859,4,2
15860,4,0
15861,4,2
15862,4,4
15863,4,4
15864,4,4
15865,4,3
15866,4,3
15867,4,0
15868,4,2
15869,4,4
15870,4,3
15871,4,3
15872,4,4
15873,4,1
15874,4,2
15875,4,3
15876,4,1
15877,4,4
15878,4,4
15879,4,1
15880,4,1
15881,4,4
15882,4,2
15883,4,2
15884,4,1
15885,4,1
15886,4,1
15887,4,2
15888,4,2
15889,4,0
15890,4,2
15891,4,2
15892,4,1
15893,4,2
15894,4,3
15895,4,4
15896,4,2
15897,4,4
15898,4,2
15899,4,3
15900,4,3
15901,4,2
15902,4,0
15903,4,0
15904,4,1
15905,4,3
15906,4,1
15907,4,1
15908,4,3
15909,4,4
15910,4,2
15911,4,4
15912,4,2
15913,4,2
15914,4,0
15915,4,3
15916,4,3
15917,4,4
15918,4,4
15919,4,4
15920,4,2
15921,4,3
15922,4,0
15923,4,2
15924,4,2
15925,4,4
15926,4,1
15927,4,3
15928,4,1
15929,4,0
15930,4,0
15931,4,3
15932,4,2
15933,4,0
15934,4,4
15935,4,4
15936,4,4
15937,4,2
15938,4,4
15939,4,0
15940,4,3
15941,4,2
15942,4,0
15943,4,4
15944,4,0
15945,4,4
15946,4,4
15947,4,4
15948,4,4
15949,4,2
15950,4,0
15951,4,3
15952,4,4
15953,4,0
15954,4,3
15955,4,2
15956,4,1
15957,4,0
15958,4,4
15959,4,4
15960,4,2
15961,4,2
15962,4,0
15963,4,4
15964,4,4
15965,4,2
15966,4,1
15967,4,4
15968,4,3
15969,4,3
15970,4,3
15971,4,0
15972,4,4
15973,4,2
15974,4,4
15975,4,4
15976,4,2
15977,4,1
15978,4,3
15979,4,4
15980,4,3
15981,4,1
15982,4,2
15983,4,1
15984,4,4
15985,4,2
15986,4,0
15987,4,4
15988,4,0
15989,4,3
15990,4,1
15991,4,3
15992,4,4
15993,4,2
15994,4,2
15995,4,2
15996,4,2
15997,4,2
15998,4,0
15999,4,1
16000,4,4
16001,4,1
16002,4,2
16003,4,0
16004,4,3
16005,4,4
16006,4,3
16007,4,0
16008,4,3
16009,4,1
16010,4,4
16011,4,2
16012,4,4
16013,4,2
16014,4,3
16015,4,4
16016,4,1
16017,4,3
16018,4,4
16019,4,2
16020,4,4
16021,4,3
16022,4,1
16023,4,0
16024,4,2
16025,4,0
16026,4,4
16027,4,1
16028,4,4
16029,4,4
16030,4,4
16031,4,2
16032,4,2
16033,4,4
16034,4,3
16035,4,4
16036,4,2
16037,4,2
16038,4,2
16039,4,2
16040,4,2
16041,4,4
16042,4,4
16043,4,4
16044,4,3
16045,4,3
16046,4,4
16047,4,4
16048,4,1
16049,4,2
16050,4,0
16051,4,4
16052,4,2
16053,4,3
16054,4,3
16055,4,4
16056,4,4
16057,4,4
16058,4,4
16059,4,4
16060,4,2
16061,4,3
16062,4,1
16063,4,3
16064,4,4
16065,4,0
16066,4,1
16067,4,2
16068,4,1
16069,4,3
16070,4,3
16071,4,3
16072,4,4
16073,4,3
16074,4,3
16075,4,1
16076,4,4
16077,4,4
16078,4,3
16079,4,2
16080,4,4
16081,4,2
16082,4,2
16083,4,4
16084,4,1
16085,4,2
16086,4,2
16087,4,2
16088,4,1
16089,4,1
16090,4,0
16091,4,4
16092,4,3
16093,4,2
16094,4,3
16095,4,4
16096,4,2
16097,4,2
16098,4,2
16099,4,4
16100,4,3
16101,4,3
16102,4,2
16103,4,4
16104,4,4
16105,4,4
16106,4,4
16107,4,4
16108,4,2
16109,4,2
16110,4,4
16111,4,3
16112,4,3
16113,4,4
16114,4,2
16115,4,2
16116,4,4
16117,4,4
16118,4,3
16119,4,4
16120,4,2
16121,4,0
16122,4,3
16123,4,4
16124,4,2
16125,4,4
16126,4,1
16127,4,4
16128,4,4
16129,4,4
16130,4,0
16131,4,0
16132,4,4
16133,4,4
16134,4,4
16135,4,0
16136,4,0
16137,4,0
16138,4,3
16139,4,4
16140,4,2
16141,4,1
16142,4,2
16143,4,2
16144,4,2
16145,4,1
16146,4,2
16147,4,3
16148,4,1
16149,4,0
16150,4,0
16151,4,2
16152,4,4
16153,4,4
16154,4,0
16155,4,4
16156,4,4
16157,4,3
16158,4,4
16159,4,3
16160,4,4
16161,4,2
16162,4,4
16163,4,4
16164,4,3
16165,4,4
16166,4,3
16167,4,4
16168,4,3
16169,4,4
16170,4,0
16171,4,4
16172,4,3
16173,4,4
16174,4,2
16175,4,1
16176,4,1
16177,4,2
16178,4,1
16179,4,3
16180,4,2
16181,4,4
16182,4,0
16183,4,4
16184,4,4
16185,4,4
16186,4,2
16187,4,3
16188,4,2
16189,4,0
16190,4,0
16191,4,3
16192,4,4
16193,4,2
16194,4,2
16195,4,3
16196,4,0
16197,4,2
16198,4,4
16199,4,2
16200,4,4
16201,4,1
16202,4,3
16203,4,2
16204,4,1
16205,4,3
16206,4,4
16207,4,2
16208,4,1
16209,4,2
16210,4,2
16211,4,1
16212,4,3
16213,4,0
16214,4,3
16215,4,0
16216,4,3
16217,4,4
16218,4,0
16219,4,4
16220,4,4
16221,4,2
16222,4,4
16223,4,4
16224,4,4
16225,4,1
16226,4,3
16227,4,4
16228,4,1
16229,4,4
16230,4,4
16231,4,2
16232,4,1
16233,4,2
16234,4,4
16235,4,0
16236,4,2
16237,4,4
16238,4,4
16239,4,2
16240,4,4
16241,4,2
16242,4,4
16243,4,4
16244,4,4
16245,4,0
16246,4,0
16247,4,1
16248,4,3
16249,4,4
16250,4,3
16251,4,2
16252,4,3
16253,4,3
16254,4,2
16255,4,4
16256,4,4
16257,4,1
16258,4,2
16259,4,4
16260,4,4
16261,4,4
16262,4,4
16263,4,0
16264,4,1
16265,4,1
16266,4,2
16267,4,4
16268,4,4
16269,4,4
16270,4,1
16271,4,4
16272,4,4
16273,4,0
16274,4,1
16275,4,2
16276,4,1
16277,4,3
16278,4,1
16279,4,3
16280,4,4
16281,4,3
16282,4,4
16283,4,2
16284,4,2
16285,4,4
16286,4,3
16287,4,4
16288,4,4
16289,4,0
16290,4,4
16291,4,2
16292,4,3
16293,4,2
16294,4,2
16295,4,0
16296,4,3
16297,4,4
16298,4,0
16299,4,2
16300,4,1
16301,4,1
16302,4,4
16303,4,1
16304,4,1
16305,4,4
16306,4,0
16307,4,2
16308,4,3
16309,4,0
16310,4,4
16311,4,3
16312,4,1
16313,4,3
16314,4,3
16315,4,3
16316,4,2
16317,4,2
16318,4,1
16319,4,4
16320,4,3
16321,4,3
16322,4,2
16323,4,2
16324,4,0
16325,4,4
16326,4,0
16327,4,2
16328,4,4
16329,4,4
16330,4,0
16331,4,4
16332,4,0
16333,4,3
16334,4,0
16335,4,2
16336,4,3
16337,4,2
16338,4,3
16339,4,1
16340,4,3
16341,4,3
16342,4,0
16343,4,3
16344,4,4
16345,4,4
16346,4,3
16347,4,1
16348,4,2
16349,4,4
16350,4,4
16351,4,4
16352,4,4
16353,4,1
16354,4,0
16355,4,4
16356,4,4
16357,4,2
16358,4,4
16359,4,2
16360,4,0
16361,4,0
16362,4,4
16363,4,2
16364,4,4
16365,4,1
16366,4,3
16367,4,2
16368,4,2
16369,4,2
16370,4,4
16371,4,4
16372,4,2
16373,4,0
16374,4,4
16375,4,4
16376,4,0
16377,4,3
16378,4,0
16379,4,0
16380,4,2
16381,4,3
16382,4,4
16383,4,4
16384,4,0
16385,4,0
16386,4,2
16387,4,2
16388,4,3
16389,4,4
16390,4,4
16391,4,1
16392,4,1
16393,4,2
16394,4,3
16395,4,4
16396,4,2
16397,4,4
16398,4,4
16399,4,2
16400,4,2
16401,4,0
16402,4,1
16403,4,4
16404,4,1
16405,4,2
16406,4,0
16407,4,4
16408,4,1
16409,4,4
16410,4,0
16411,4,1
16412,4,0
16413,4,0
16414,4,0
16415,4,0
16416,4,3
16417,4,3
16418,4,3
16419,4,0
16420,4,2
16421,4,4
16422,4,4
16423,4,4
16424,4,0
16425,4,1
16426,4,3
16427,4,4
16428,4,2
16429,4,1
16430,4,2
16431,4,2
16432,4,2
16433,4,0
16434,4,4
16435,4,4
16436,4,0
16437,4,4
16438,4,0
16439,4,4
16440,4,3
16441,4,2
16442,4,0
16443,4,0
16444,4,4
16445,4,1
16446,4,3
16447,4,4
16448,4,4
16449,4,2
16450,4,2
16451,4,3
16452,4,2
16453,4,0
16454,4,3
16455,4,4
16456,4,0
16457,4,4
16458,4,3
16459,4,4
16460,4,4
16461,4,4
16462,4,4
16463,4,4
16464,4,3
16465,4,2
16466,4,4
16467,4,2
16468,4,4
16469,4,4
16470,4,3
16471,4,3
16472,4,1
16473,4,4
16474,4,4
16475,4,2
16476,4,0
16477,4,4
16478,4,2
16479,4,4
16480,4,3
16481,4,2
16482,4,1
16483,4,4
16484,4,4
16485,4,4
16486,4,3
16487,4,4
16488,4,4
16489,4,3
16490,4,4
16491,4,1
16492,4,3
16493,4,2
16494,4,4
16495,4,1
16496,4,3
16497,4,4
16498,4,3
16499,4,1
16500,4,2
16501,4,4
16502,4,4
16503,4,4
16504,4,4
16505,4,2
16506,4,0
16507,4,4
16508,4,4
16509,4,0
16510,4,4
16511,4,0
16512,4,3
16513,4,3
16514,4,4
16515,4,2
16516,4,4
16517,4,3
16518,4,1
16519,4,1
16520,4,2
16521,4,2
16522,4,2
16523,4,2
16524,4,3
16525,4,4
16526,4,1
16527,4,0
16528,4,3
16529,4,1
16530,4,0
16531,4,1
16532,4,3
16533,4,1
16534,4,0
16535,4,2
16536,4,2
16537,4,4
16538,4,2
16539,4,4
16540,4,1
16541,4,4
16542,4,0
16543,4,4
16544,4,3
16545,4,2
16546,4,2
16547,4,0
16548,4,3
16549,4,1
16550,4,0
16551,4,3
16552,4,3
16553,4,3
16554,4,1
16555,4,3
16556,4,1
16557,4,4
16558,4,2
16559,4,0
16560,4,2
16561,4,2
16562,4,3
16563,4,2
16564,4,3
16565,4,4
16566,4,2
16567,4,4
16568,4,3
16569,4,4
16570,4,4
16571,4,4
16572,4,1
16573,4,4
16574,4,4
16575,4,4
16576,4,2
16577,4,4
16578,4,2
16579,4,2
16580,4,2
16581,4,1
16582,4,4
16583,4,2
16584,4,4
16585,4,3
16586,4,0
16587,4,4
16588,4,3
16589,4,0
16590,4,4
16591,4,4
16592,4,3
16593,4,4
16594,4,4
16595,4,0
16596,4,3
16597,4,2
16598,4,3
16599,4,4
16600,4,2
16601,4,4
16602,4,0
16603,4,3
16604,4,2
16605,4,4
16606,4,4
16607,4,2
16608,4,0
16609,4,4
16610,4,3
16611,4,2
16612,4,0
16613,4,2
16614,4,1
16615,4,3
16616,4,1
16617,4,3
16618,4,2
16619,4,2
16620,4,2
16621,4,2
16622,4,2
16623,4,0
16624,4,2
16625,4,2
16626,4,4
16627,4,4
16628,4,1
16629,4,4
16630,4,0
16631,4,4
16632,4,2
16633,4,2
16634,4,1
16635,4,0
16636,4,4
16637,4,4
16638,4,0
16639,4,3
16640,4,0
16641,4,0
16642,4,0
16643,4,2
16644,4,0
16645,4,4
16646,4,4
16647,4,3
16648,4,4
16649,4,2
16650,4,4
16651,4,1
16652,4,4
16653,4,2
16654,4,4
16655,4,3
16656,4,4
16657,4,0
16658,4,4
16659,4,4
16660,4,2
16661,4,4
16662,4,2
16663,4,2
16664,4,0
16665,4,1
16666,4,0
16667,4,4
16668,4,4
16669,4,2
16670,4,2
16671,4,3
16672,4,4
16673,4,4
16674,4,4
16675,4,4
16676,4,2
16677,4,4
16678,4,0
16679,4,4
16680,4,1
16681,4,4
16682,4,4
16683,4,2
16684,4,2
16685,4,4
16686,4,2
16687,4,3
16688,4,0
16689,4,0
16690,4,2
16691,4,2
16692,4,0
16693,4,4
16694,4,0
16695,4,2
16696,4,2
16697,4,1
16698,4,1
16699,4,2
16700,4,2
16701,4,4
16702,4,4
16703,4,4
16704,4,2
16705,4,4
16706,4,4
16707,4,0
16708,4,3
16709,4,3
16710,4,0
16711,4,3
16712,4,3
16713,4,4
16714,4,1
16715,4,2
16716,4,4
16717,4,4
16718,4,3
16719,4,3
16720,4,4
16721,4,1
16722,4,1
16723,4,2
16724,4,4
16725,4,4
16726,4,0
16727,4,1
16728,4,2
16729,4,1
16730,4,3
16731,4,4
16732,4,2
16733,4,1
16734,4,0
16735,4,4
16736,4,3
16737,4,4
16738,4,4
16739,4,3
16740,4,2
16741,4,2
16742,4,4
16743,4,2
16744,4,0
16745,4,0
16746,4,0
16747,4,2
16748,4,0
16749,4,4
16750,4,4
16751,4,4
16752,4,4
16753,4,4
16754,4,3
16755,4,3
16756,4,3
16757,4,1
16758,4,3
16759,4,4
16760,4,3
16761,4,1
16762,4,0
16763,4,1
16764,4,1
16765,4,1
16766,4,4
16767,4,1
16768,4,0
16769,4,4
16770,4,0
16771,4,4
16772,4,1
16773,4,3
16774,4,1
16775,4,0
16776,4,3
16777,4,4
16778,4,0
16779,4,0
16780,4,2
16781,4,4
16782,4,2
16783,4,2
16784,4,3
16785,4,0
16786,4,2
16787,4,2
16788,4,2
16789,4,1
16790,4,0
16791,4,2
16792,4,4
16793,4,0
16794,4,2
16795,4,1
16796,4,1
16797,4,1
16798,4,0
16799,4,2
16800,4,0
16801,4,1
16802,4,4
16803,4,3
16804,4,4
16805,4,1
16806,4,1
16807,4,0
16808,4,4
16809,4,4
16810,4,3
16811,4,3
16812,4,3
16813,4,4
16814,4,2
16815,4,4
16816,4,1
16817,4,4
16818,4,0
16819,4,0
16820,4,1
16821,4,4
16822,4,2
16823,4,4
16824,4,4
16825,4,2
16826,4,2
16827,4,3
16828,4,4
16829,4,4
16830,4,4
16831,4,4
16832,4,2
16833,4,2
16834,4,2
16835,4,4
16836,4,2
16837,4,3
16838,4,3
16839,4,0
16840,4,2
16841,4,0
16842,4,3
16843,4,2
16844,4,4
16845,4,4
16846,4,1
16847,4,4
16848,4,0
16849,4,4
16850,4,3
16851,4,0
16852,4,4
16853,4,4
16854,4,1
16855,4,1
16856,4,0
16857,4,3
16858,4,4
16859,4,3
16860,4,4
16861,4,4
16862,4,4
16863,4,4
16864,4,1
16865,4,0
16866,4,3
16867,4,2
16868,4,4
16869,4,0
16870,4,1
16871,4,2
16872,4,3
16873,4,0
16874,4,4
16875,4,3
16876,4,4
16877,4,2
16878,4,0
16879,4,2
16880,4,4
16881,4,4
16882,4,3
16883,4,0
16884,4,3
16885,4,2
16886,4,4
16887,4,3
16888,4,0
16889,4,2
16890,4,2
16891,4,4
16892,4,2
16893,4,0
16894,4,0
16895,4,4
16896,4,0
16897,4,3
16898,4,3
16899,4,1
16900,4,4
16901,4,4
16902,4,4
16903,4,3
16904,4,3
16905,4,4
16906,4,3
16907,4,2
16908,4,0
16909,4,4
16910,4,4
16911,4,2
16912,4,0
16913,4,4
16914,4,4
16915,4,2
16916,4,2
16917,4,2
16918,4,3
16919,4,0
16920,4,2
16921,4,4
16922,4,1
16923,4,3
16924,4,0
16925,4,1
16926,4,4
16927,4,1
16928,4,0
16929,4,4
16930,4,4
16931,4,4
16932,4,3
16933,4,4
16934,4,4
16935,4,2
16936,4,1
16937,4,3
16938,4,2
16939,4,4
16940,4,4
16941,4,1
16942,4,4
16943,4,4
16944,4,4
16945,4,0
16946,4,2
16947,4,4
16948,4,4
16949,4,2
16950,4,0
16951,4,2
16952,4,0
16953,4,2
16954,4,4
16955,4,1
16956,4,1
16957,4,0
16958,4,2
16959,4,2
16960,4,4
16961,4,3
16962,4,0
16963,4,3
16964,4,2
16965,4,0
16966,4,2
16967,4,4
16968,4,4
16969,4,3
16970,4,3
16971,4,4
16972,4,2
16973,4,3
16974,4,4
16975,4,2
16976,4,4
16977,4,2
16978,4,0
16979,4,2
16980,4,0
16981,4,0
16982,4,3
16983,4,2
16984,4,3
16985,4,0
16986,4,0
16987,4,3
16988,4,1
16989,4,0
16990,4,2
16991,4,2
16992,4,3
16993,4,0
16994,4,2
16995,4,3
16996,4,3
16997,4,0
16998,4,2
16999,4,0
17000,4,2
17001,4,2
17002,4,4
17003,4,1
17004,4,4
17005,4,2
17006,4,1
17007,4,4
17008,4,2
17009,4,4
17010,4,2
17011,4,0
17012,4,4
17013,4,2
17014,4,4
17015,4,2
17016,4,3
17017,4,0
17018,4,3
17019,4,1
17020,4,4
17021,4,2
17022,4,3
17023,4,2
17024,4,1
17025,4,4
17026,4,1
17027,4,0
17028,4,3
17029,4,3
17030,4,4
17031,4,1
17032,4,2
17033,4,1
17034,4,4
17035,4,0
17036,4,3
17037,4,4
17038,4,4
17039,4,2
17040,4,2
17041,4,1
17042,4,4
17043,4,2
17044,4,2
17045,4,4
17046,4,2
17047,4,1
17048,4,4
17049,4,0
17050,4,0
17051,4,3
17052,4,4
17053,4,1
17054,4,4
17055,4,3
17056,4,3
17057,4,2
17058,4,3
17059,4,3
17060,4,2
17061,4,2
17062,4,4
17063,4,2
17064,4,4
17065,4,4
17066,4,2
17067,4,2
17068,4,3
17069,4,4
17070,4,4
17071,4,3
17072,4,1
17073,4,2
17074,4,2
17075,4,0
17076,4,4
17077,4,4
17078,4,0
17079,4,0
17080,4,0
17081,4,0
17082,4,1
17083,4,4
17084,4,4
17085,4,4
17086,4,2
17087,4,2
17088,4,1
17089,4,2
17090,4,0
17091,4,2
17092,4,4
17093,4,2
17094,4,2
17095,4,2
17096,4,3
17097,4,4
17098,4,4
17099,4,4
17100,4,3
17101,4,1
17102,4,0
17103,4,0
17104,4,3
17105,4,4
17106,4,2
17107,4,4
17108,4,3
17109,4,4
17110,4,4
17111,4,0
17112,4,3
17113,4,0
17114,4,1
17115,4,0
17116,4,2
17117,4,4
17118,4,4
17119,4,2
17120,4,0
17121,4,0
17122,4,0
17123,4,1
17124,4,4
17125,4,3
17126,4,3
17127,4,2
17128,4,3
17129,4,0
17130,4,1
17131,4,2
17132,4,4
17133,4,4
17134,4,2
17135,4,2
17136,4,4
17137,4,2
17138,4,3
17139,4,4
17140,4,2
17141,4,4
17142,4,2
17143,4,4
17144,4,4
17145,4,3
17146,4,2
17147,4,3
17148,4,1
17149,4,4
17150,4,0
17151,4,0
17152,4,2
17153,4,0
17154,4,2
17155,4,0
17156,4,2
17157,4,4
17158,4,0
17159,4,3
17160,4,3
17161,4,1
17162,4,2
17163,4,3
17164,4,0
17165,4,0
17166,4,3
17167,4,4
17168,4,0
17169,4,2
17170,4,0
17171,4,4
17172,4,1
17173,4,3
17174,4,3
17175,4,1
17176,4,4
17177,4,4
17178,4,2
17179,4,4
17180,4,0
17181,4,3
17182,4,0
17183,4,4
17184,4,3
17185,4,4
17186,4,2
17187,4,0
17188,4,3
17189,4,4
17190,4,4
17191,4,3
17192,4,3
17193,4,3
17194,4,2
17195,4,2
17196,4,2
17197,4,2
17198,4,4
17199,4,2
17200,4,0
17201,4,4
17202,4,2
17203,4,3
17204,4,3
17205,4,4
17206,4,2
17207,4,3
17208,4,3
17209,4,4
17210,4,4
17211,4,2
17212,4,2
17213,4,4
17214,4,0
17215,4,4
17216,4,1
17217,4,4
17218,4,3
17219,4,3
17220,4,3
17221,4,3
17222,4,3
17223,4,1
17224,4,4
17225,4,4
17226,4,4
17227,4,4
17228,4,3
17229,4,4
17230,4,2
17231,4,3
17232,4,0
17233,4,1
17234,4,4
17235,4,3
17236,4,4
17237,4,1
17238,4,4
17239,4,0
17240,4,3
17241,4,1
17242,4,4
17243,4,4
17244,4,4
17245,4,0
17246,4,4
17247,4,3
17248,4,1
17249,4,3
17250,4,4
17251,4,3
17252,4,0
17253,4,1
17254,4,1
17255,4,4
17256,4,4
17257,4,0
17258,4,3
17259,4,1
17260,4,3
17261,4,0
17262,4,4
17263,4,2
17264,4,4
17265,4,0
17266,4,2
17267,4,1
17268,4,0
17269,4,2
17270,4,4
17271,4,4
17272,4,2
17273,4,2
17274,4,2
17275,4,4
17276,4,3
17277,4,3
17278,4,0
17279,4,2
17280,4,3
17281,4,0
17282,4,4
17283,4,4
17284,4,2
17285,4,2
17286,4,1
17287,4,3
17288,4,4
17289,4,4
17290,4,1
17291,4,4
17292,4,4
17293,4,3
17294,4,4
17295,4,0
17296,4,2
17297,4,2
17298,4,2
17299,4,3
17300,4,4
17301,4,0
17302,4,4
17303,4,1
17304,4,4
17305,4,2
17306,4,4
17307,4,0
17308,4,4
17309,4,4
17310,4,1
17311,4,2
17312,4,2
17313,4,4
17314,4,4
17315,4,4
17316,4,4
17317,4,4
17318,4,4
17319,4,3
17320,4,4
17321,4,4
17322,4,0
17323,4,1
17324,4,3
17325,4,4
17326,4,1
17327,4,2
17328,4,4
17329,4,2
17330,4,2
17331,4,3
17332,4,2
17333,4,4
17334,4,2
17335,4,4
17336,4,3
17337,4,4
17338,4,4
17339,4,4
17340,4,2
17341,4,2
17342,4,2
17343,4,0
17344,4,3
17345,4,4
17346,4,4
17347,4,1
17348,4,3
17349,4,2
17350,4,0
17351,4,4
17352,4,2
17353,4,3
17354,4,3
17355,4,3
17356,4,0
17357,4,2
17358,4,2
17359,4,4
17360,4,1
17361,4,0
17362,4,3
17363,4,2
17364,4,1
17365,4,4
17366,4,2
17367,4,3
17368,4,2
17369,4,1
17370,4,1
17371,4,1
17372,4,2
17373,4,3
17374,4,2
17375,4,4
17376,4,2
17377,4,4
17378,4,1
17379,4,1
17380,4,2
17381,4,0
17382,4,2
17383,4,3
17384,4,2
17385,4,0
17386,4,1
17387,4,1
17388,4,2
17389,4,3
17390,4,1
17391,4,4
17392,4,3
17393,4,1
17394,4,0
17395,4,2
17396,4,2
17397,4,4
17398,4,4
17399,4,1
17400,4,4
17401,4,2
17402,4,1
17403,4,0
17404,4,4
17405,4,3
17406,4,1
17407,4,2
17408,4,1
17409,4,4
17410,4,2
17411,4,4
17412,4,0
17413,4,1
17414,4,4
17415,4,0
17416,4,3
17417,4,2
17418,4,3
17419,4,2
17420,4,3
17421,4,4
17422,4,0
17423,4,4
17424,4,0
17425,4,4
17426,4,4
17427,4,3
17428,4,3
17429,4,2
17430,4,3
17431,4,4
17432,4,4
17433,4,0
17434,4,3
17435,4,4
17436,4,4
17437,4,2
17438,4,2
17439,4,2
17440,4,4
17441,4,2
17442,4,3
17443,4,4
17444,4,4
17445,4,4
17446,4,1
17447,4,2
17448,4,3
17449,4,2
17450,4,4
17451,4,3
17452,4,3
17453,4,0
17454,4,4
17455,4,3
17456,4,2
17457,4,1
17458,4,2
17459,4,0
17460,4,2
17461,4,4
17462,4,4
17463,4,4
17464,4,4
17465,4,2
17466,4,4
17467,4,2
17468,4,2
17469,4,4
17470,4,2
17471,4,2
17472,4,4
17473,4,3
17474,4,4
17475,4,0
17476,4,0
17477,4,4
17478,4,2
17479,4,1
17480,4,4
17481,4,4
17482,4,4
17483,4,0
17484,4,0
17485,4,0
17486,4,2
17487,4,0
17488,4,0
17489,4,1
17490,4,2
17491,4,1
17492,4,3
17493,4,2
17494,4,0
17495,4,4
17496,4,4
17497,4,2
17498,4,0
17499,4,3
17500,4,0
17501,4,2
17502,4,1
17503,4,4
17504,4,3
17505,4,4
17506,4,2
17507,4,2
17508,4,3
17509,4,0
17510,4,2
17511,4,1
17512,4,4
17513,4,4
17514,4,1
17515,4,2
17516,4,4
17517,4,4
17518,4,4
17519,4,1
17520,4,2
17521,4,2
17522,4,0
17523,4,4
17524,4,2
17525,4,0
17526,4,2
17527,4,4
17528,4,4
17529,4,4
17530,4,2
17531,4,4
17532,4,4
17533,4,3
17534,4,0
17535,4,3
17536,4,4
17537,4,0
17538,4,3
17539,4,0
17540,4,0
17541,4,2
17542,4,4
17543,4,4
17544,4,2
17545,4,3
17546,4,4
17547,4,4
17548,4,3
17549,4,0
17550,4,2
17551,4,3
17552,4,3
17553,4,0
17554,4,4
17555,4,0
17556,4,0
17557,4,1
17558,4,1
17559,4,3
17560,4,4
17561,4,1
17562,4,0
17563,4,4
17564,4,2
17565,4,0
17566,4,0
17567,4,1
17568,4,0
17569,4,4
17570,4,3
17571,4,3
17572,4,1
17573,4,4
17574,4,3
17575,4,2
17576,4,4
17577,4,4
17578,4,2
17579,4,4
17580,4,2
17581,4,2
17582,4,1
17583,4,2
17584,4,4
17585,4,4
17586,4,4
17587,4,0
17588,4,0
17589,4,0
17590,4,2
17591,4,0
17592,4,4
17593,4,3
17594,4,3
17595,4,1
17596,4,2
17597,4,3
17598,4,3
17599,4,4
17600,4,2
17601,4,2
17602,4,3
17603,4,2
17604,4,2
17605,4,4
17606,4,0
17607,4,2
17608,4,2
17609,4,2
17610,4,4
17611,4,3
17612,4,3
17613,4,2
17614,4,3
17615,4,1
17616,4,3
17617,4,4
17618,4,1
17619,4,4
17620,4,2
17621,4,3
17622,4,1
17623,4,2
17624,4,1
17625,4,4
17626,4,3
17627,4,1
17628,4,0
17629,4,3
17630,4,4
17631,4,1
17632,4,2
17633,4,2
17634,4,2
17635,4,3
17636,4,4
17637,4,2
17638,4,2
17639,4,4
17640,4,3
17641,4,1
17642,4,0
17643,4,4
17644,4,3
17645,4,2
17646,4,0
17647,4,4
17648,4,3
17649,4,3
17650,4,2
17651,4,1
17652,4,3
17653,4,2
17654,4,3
17655,4,2
17656,4,2
17657,4,0
17658,4,4
17659,4,2
17660,4,4
17661,4,2
17662,4,4
17663,4,1
17664,4,4
17665,4,1
17666,4,2
17667,4,4
17668,4,0
17669,4,2
17670,4,0
17671,4,3
17672,4,0
17673,4,2
17674,4,0
17675,4,2
17676,4,4
17677,4,4
17678,4,4
17679,4,2
17680,4,2
17681,4,2
17682,4,1
17683,4,4
17684,4,2
17685,4,2
17686,4,4
17687,4,0
17688,4,2
17689,4,4
17690,4,0
17691,4,1
17692,4,2
17693,4,3
17694,4,4
17695,4,2
17696,4,0
17697,4,4
17698,4,0
17699,4,4
17700,4,1
17701,4,2
17702,4,3
17703,4,4
17704,4,4
17705,4,2
17706,4,4
17707,4,4
17708,4,0
17709,4,0
17710,4,2
17711,4,4
17712,4,1
17713,4,3
17714,4,3
17715,4,3
17716,4,0
17717,4,2
17718,4,3
17719,4,1
17720,4,4
17721,4,1
17722,4,0
17723,4,2
17724,4,2
17725,4,4
17726,4,4
17727,4,4
17728,4,1
17729,4,0
17730,4,2
17731,4,2
17732,4,4
17733,4,2
17734,4,3
17735,4,0
17736,4,0
17737,4,1
17738,4,0
17739,4,2
17740,4,0
17741,4,1
17742,4,3
17743,4,4
17744,4,4
17745,4,2
17746,4,3
17747,4,4
17748,4,3
17749,4,2
17750,4,4
17751,4,2
17752,4,3
17753,4,1
17754,4,2
17755,4,2
17756,4,4
17757,4,2
17758,4,4
17759,4,4
17760,4,2
17761,4,4
17762,4,2
17763,4,2
17764,4,0
17765,4,0
17766,4,4
17767,4,4
17768,4,2
17769,4,4
17770,4,2
17771,4,4
17772,4,0
17773,4,2
17774,4,4
17775,4,3
17776,4,4
17777,4,2
17778,4,2
17779,4,4
17780,4,3
17781,4,4
17782,4,2
17783,4,2
17784,4,3
17785,4,3
17786,4,0
17787,4,0
17788,4,0
17789,4,4
17790,4,4
17791,4,1
17792,4,2
17793,4,2
17794,4,3
17795,4,2
17796,4,2
17797,4,4
17798,4,3
17799,4,0
17800,4,4
17801,4,1
17802,4,2
17803,4,2
17804,4,3
17805,4,4
17806,4,2
17807,4,0
17808,4,4
17809,4,0
17810,4,3
17811,4,4
17812,4,1
17813,4,4
17814,4,2
17815,4,3
17816,4,2
17817,4,4
17818,4,2
17819,4,2
17820,4,2
17821,4,2
17822,4,0
17823,4,2
17824,4,4
17825,4,0
17826,4,1
17827,4,0
17828,4,4
17829,4,4
17830,4,2
17831,4,4
17832,4,1
17833,4,2
17834,4,2
17835,4,1
17836,4,3
17837,4,1
17838,4,0
17839,4,4
17840,4,0
17841,4,4
17842,4,1
17843,4,4
17844,4,2
17845,4,1
17846,4,1
17847,4,2
17848,4,3
17849,4,0
17850,4,3
17851,4,4
17852,4,1
17853,4,4
17854,4,4
17855,4,2
17856,4,2
17857,4,4
17858,4,0
17859,4,2
17860,4,3
17861,4,1
17862,4,4
17863,4,4
17864,4,4
17865,4,2
17866,4,0
17867,4,0
17868,4,4
17869,4,2
17870,4,4
17871,4,4
17872,4,4
17873,4,1
17874,4,3
17875,4,3
17876,4,4
17877,4,3
17878,4,4
17879,4,2
17880,4,3
17881,4,3
17882,4,0
17883,4,2
17884,4,0
17885,4,3
17886,4,2
17887,4,0
17888,4,4
17889,4,4
17890,4,2
17891,4,3
17892,4,2
17893,4,4
17894,4,4
17895,4,0
17896,4,4
17897,4,4
17898,4,4
17899,4,1
17900,4,1
17901,4,4
17902,4,3
17903,4,4
17904,4,2
17905,4,0
17906,4,4
17907,4,4
17908,4,0
17909,4,4
17910,4,4
17911,4,4
17912,4,1
17913,4,1
17914,4,4
17915,4,4
17916,4,2
17917,4,0
17918,4,4
17919,4,3
17920,4,0
17921,4,1
17922,4,4
17923,4,4
17924,4,0
17925,4,3
17926,4,1
17927,4,2
17928,4,4
17929,4,4
17930,4,2
17931,4,0
17932,4,4
17933,4,4
17934,4,2
17935,4,2
17936,4,4
17937,4,2
17938,4,0
17939,4,1
17940,4,2
17941,4,3
17942,4,4
17943,4,0
17944,4,2
17945,4,4
17946,4,1
17947,4,2
17948,4,4
17949,4,3
17950,4,2
17951,4,2
17952,4,0
17953,4,1
17954,4,0
17955,4,4
17956,4,0
17957,4,1
17958,4,4
17959,4,4
17960,4,3
17961,4,2
17962,4,4
17963,4,4
17964,4,3
17965,4,2
17966,4,2
17967,4,0
17968,4,3
17969,4,2
17970,4,3
17971,4,2
17972,4,2
17973,4,4
17974,4,3
17975,4,4
17976,4,3
17977,4,4
17978,4,0
17979,4,4
17980,4,0
17981,4,0
17982,4,4
17983,4,4
17984,4,4
17985,4,3
17986,4,1
17987,4,2
17988,4,1
17989,4,0
17990,4,2
17991,4,0
17992,4,0
17993,4,2
17994,4,0
17995,4,3
17996,4,4
17997,4,2
17998,4,4
17999,4,4
18000,4,0
18001,4,2
18002,4,3
18003,4,4
18004,4,2
18005,4,4
18006,4,2
18007,4,3
18008,4,1
18009,4,2
18010,4,3
18011,4,4
18012,4,4
18013,4,3
18014,4,2
18015,4,0
18016,4,1
18017,4,0
18018,4,1
18019,4,2
18020,4,3
18021,4,4
18022,4,3
18023,4,4
18024,4,0
18025,4,4
18026,4,1
18027,4,1
18028,4,1
18029,4,0
18030,4,4
18031,4,2
18032,4,2
18033,4,4
18034,4,3
18035,4,0
18036,4,3
18037,4,2
18038,4,4
18039,4,3
18040,4,2
18041,4,2
18042,4,3
18043,4,0
18044,4,4
18045,4,0
18046,4,2
18047,4,1
18048,4,4
18049,4,4
18050,4,2
18051,4,4
18052,4,1
18053,4,4
18054,4,3
18055,4,4
18056,4,4
18057,4,3
18058,4,4
18059,4,3
18060,4,3
18061,4,4
18062,4,2
18063,4,2
18064,4,0
18065,4,2
18066,4,4
18067,4,4
18068,4,3
18069,4,2
18070,4,0
18071,4,2
18072,4,2
18073,4,4
18074,4,3
18075,4,0
18076,4,0
18077,4,1
18078,4,0
18079,4,2
18080,4,3
18081,4,0
18082,4,4
18083,4,2
18084,4,4
18085,4,1
18086,4,4
18087,4,3
18088,4,4
18089,4,2
18090,4,3
18091,4,4
18092,4,4
18093,4,4
18094,4,4
18095,4,4
18096,4,2
18097,4,0
18098,4,3
18099,4,2
18100,4,1
18101,4,0
18102,4,4
18103,4,3
18104,4,0
18105,4,0
18106,4,4
18107,4,2
18108,4,2
18109,4,4
18110,4,2
18111,4,3
18112,4,4
18113,4,1
18114,4,2
18115,4,3
18116,4,2
18117,4,3
18118,4,4
18119,4,2
18120,4,2
18121,4,0
18122,4,2
18123,4,3
18124,4,4
18125,4,3
18126,4,3
18127,4,3
18128,4,4
18129,4,4
18130,4,4
18131,4,4
18132,4,3
18133,4,4
18134,4,0
18135,4,2
18136,4,2
18137,4,3
18138,4,0
18139,4,1
18140,4,4
18141,4,2
18142,4,1
18143,4,2
18144,4,2
18145,4,1
18146,4,1
18147,4,2
18148,4,0
18149,4,2
18150,4,0
18151,4,2
18152,4,3
18153,4,0
18154,4,3
18155,4,0
18156,4,2
18157,4,1
18158,4,4
18159,4,4
18160,4,4
18161,4,0
18162,4,4
18163,4,4
18164,4,4
18165,4,4
18166,4,4
18167,4,1
18168,4,1
18169,4,2
18170,4,3
18171,4,4
18172,4,4
18173,4,2
18174,4,4
18175,4,4
18176,4,0
18177,4,0
18178,4,4
18179,4,2
18180,4,2
18181,4,2
18182,4,4
18183,4,3
18184,4,4
18185,4,0
18186,4,2
18187,4,0
18188,4,2
18189,4,3
18190,4,1
18191,4,1
18192,4,2
18193,4,2
18194,4,4
18195,4,1
18196,4,0
18197,4,2
18198,4,1
18199,4,2
18200,4,4
18201,4,0
18202,4,3
18203,4,3
18204,4,4
18205,4,3
18206,4,1
18207,4,4
18208,4,3
18209,4,0
18210,4,2
18211,4,0
18212,4,3
18213,4,2
18214,4,3
18215,4,3
18216,4,0
18217,4,1
18218,4,2
18219,4,2
18220,4,2
18221,4,2
18222,4,2
18223,4,2
18224,4,2
18225,4,4
18226,4,4
18227,4,4
18228,4,1
18229,4,2
18230,4,4
18231,4,0
18232,4,4
18233,4,4
18234,4,3
18235,4,4
18236,4,3
18237,4,4
18238,4,2
18239,4,4
18240,4,0
18241,4,4
18242,4,0
18243,4,3
18244,4,3
18245,4,0
18246,4,3
18247,4,1
18248,4,4
18249,4,2
18250,4,4
18251,4,2
18252,4,4
18253,4,4
18254,4,2
18255,4,3
18256,4,0
18257,4,4
18258,4,2
18259,4,1
18260,4,2
18261,4,4
18262,4,4
18263,4,2
18264,4,2
18265,4,4
18266,4,3
18267,4,2
18268,4,4
18269,4,2
18270,4,2
18271,4,0
18272,4,0
18273,4,4
18274,4,4
18275,4,2
18276,4,1
18277,4,3
18278,4,2
18279,4,0
18280,4,0
18281,4,3
18282,4,3
18283,4,0
18284,4,3
18285,4,1
18286,4,4
18287,4,4
18288,4,4
18289,4,4
18290,4,2
18291,4,1
18292,4,2
18293,4,4
18294,4,3
18295,4,1
18296,4,2
18297,4,1
18298,4,3
18299,4,3
18300,4,4
18301,4,2
18302,4,2
18303,4,4
18304,4,4
18305,4,4
18306,4,1
18307,4,0
18308,4,4
18309,4,2
18310,4,2
18311,4,0
18312,4,2
18313,4,4
18314,4,1
18315,4,0
18316,4,4
18317,4,2
18318,4,4
18319,4,4
18320,4,4
18321,4,3
18322,4,2
18323,4,2
18324,4,0
18325,4,0
18326,4,1
18327,4,3
18328,4,4
18329,4,0
18330,4,3
18331,4,0
18332,4,3
18333,4,4
18334,4,4
18335,4,0
18336,4,0
18337,4,0
18338,4,4
18339,4,4
18340,4,4
18341,4,2
18342,4,4
18343,4,4
18344,4,4
18345,4,1
18346,4,3
18347,4,0
18348,4,0
18349,4,1
18350,4,4
18351,4,4
18352,4,4
18353,4,3
18354,4,3
18355,4,0
18356,4,2
18357,4,0
18358,4,2
18359,4,2
18360,4,0
18361,4,3
18362,4,4
18363,4,4
18364,4,3
18365,4,1
18366,4,4
18367,4,2
18368,4,0
18369,4,2
18370,4,4
18371,4,4
18372,4,0
18373,4,4
18374,4,4
18375,4,3
18376,4,4
18377,4,4
18378,4,4
18379,4,3
18380,4,0
18381,4,2
18382,4,2
18383,4,3
18384,4,1
18385,4,4
18386,4,1
18387,4,2
18388,4,3
18389,4,3
18390,4,4
18391,4,2
18392,4,3
18393,4,2
18394,4,3
18395,4,0
18396,4,4
18397,4,1
18398,4,1
18399,4,0
18400,4,4
18401,4,3
18402,4,1
18403,4,4
18404,4,4
18405,4,2
18406,4,1
18407,4,4
18408,4,2
18409,4,3
18410,4,4
18411,4,2
18412,4,2
18413,4,2
18414,4,4
18415,4,0
18416,4,1
18417,4,3
18418,4,4
18419,4,4
18420,4,2
18421,4,4
18422,4,0
18423,4,2
18424,4,1
18425,4,2
18426,4,4
18427,4,4
18428,4,4
18429,4,2
18430,4,2
18431,4,3
18432,4,3
18433,4,1
18434,4,2
18435,4,4
18436,4,4
18437,4,2
18438,4,2
18439,4,2
18440,4,3
18441,4,0
18442,4,1
18443,4,2
18444,4,2
18445,4,3
18446,4,1
18447,4,0
18448,4,3
18449,4,2
18450,4,2
18451,4,2
18452,4,0
18453,4,1
18454,4,1
18455,4,4
18456,4,0
18457,4,4
18458,4,3
18459,4,4
18460,4,1
18461,4,3
18462,4,3
18463,4,2
18464,4,0
18465,4,3
18466,4,4
18467,4,2
18468,4,4
18469,4,2
18470,4,4
18471,4,4
18472,4,2
18473,4,1
18474,4,3
18475,4,1
18476,4,1
18477,4,4
18478,4,4
18479,4,2
18480,4,1
18481,4,0
18482,4,2
18483,4,3
18484,4,4
18485,4,4
18486,4,3
18487,4,4
18488,4,1
18489,4,4
18490,4,3
18491,4,1
18492,4,4
18493,4,0
18494,4,4
18495,4,0
18496,4,3
18497,4,2
18498,4,4
18499,4,3
18500,4,3
18501,4,4
18502,4,1
18503,4,0
18504,4,2
18505,4,4
18506,4,1
18507,4,0
18508,4,4
18509,4,3
18510,4,4
18511,4,0
18512,4,2
18513,4,2
18514,4,1
18515,4,4
18516,4,0
18517,4,1
18518,4,4
18519,4,2
18520,4,4
18521,4,2
18522,4,2
18523,4,0
18524,4,2
18525,4,0
18526,4,0
18527,4,0
18528,4,4
18529,4,4
18530,4,4
18531,4,4
18532,4,4
18533,4,4
18534,4,3
18535,4,3
18536,4,3
18537,4,2
18538,4,4
18539,4,4
18540,4,4
18541,4,4
18542,4,3
18543,4,4
18544,4,4
18545,4,1
18546,4,4
18547,4,4
18548,4,4
18549,4,0
18550,4,2
18551,4,0
18552,4,4
18553,4,1
18554,4,4
18555,4,4
18556,4,4
18557,4,4
18558,4,2
18559,4,0
18560,4,2
18561,4,1
18562,4,0
18563,4,2
18564,4,3
18565,4,4
18566,4,4
18567,4,2
18568,4,2
18569,4,0
18570,4,3
18571,4,1
18572,4,4
18573,4,4
18574,4,0
18575,4,1
18576,4,3
18577,4,3
18578,4,0
18579,4,1
18580,4,4
18581,4,4
18582,4,1
18583,4,2
18584,4,3
18585,4,4
18586,4,3
18587,4,2
18588,4,4
18589,4,1
18590,4,4
18591,4,3
18592,4,3
18593,4,3
18594,4,1
18595,4,4
18596,4,3
18597,4,1
18598,4,3
18599,4,1
18600,4,2
18601,4,3
18602,4,0
18603,4,3
18604,4,4
18605,4,1
18606,4,0
18607,4,4
18608,4,0
18609,4,1
18610,4,1
18611,4,3
18612,4,4
18613,4,3
18614,4,3
18615,4,3
18616,4,4
18617,4,4
18618,4,0
18619,4,0
18620,4,4
18621,4,4
18622,4,1
18623,4,4
18624,4,1
18625,4,4
18626,4,0
18627,4,4
18628,4,2
18629,4,3
18630,4,0
18631,4,3
18632,4,1
18633,4,1
18634,4,2
18635,4,3
18636,4,4
18637,4,1
18638,4,1
18639,4,3
18640,4,0
18641,4,2
18642,4,4
18643,4,2
18644,4,2
18645,4,1
18646,4,4
18647,4,2
18648,4,2
18649,4,0
18650,4,4
18651,4,2
18652,4,2
18653,4,1
18654,4,0
18655,4,2
18656,4,0
18657,4,4
18658,4,4
18659,4,4
18660,4,2
18661,4,2
18662,4,1
18663,4,4
18664,4,1
18665,4,0
18666,4,2
18667,4,2
18668,4,4
18669,4,2
18670,4,4
18671,4,3
18672,4,1
18673,4,4
18674,4,3
18675,4,4
18676,4,1
18677,4,4
18678,4,0
18679,4,1
18680,4,4
18681,4,2
18682,4,4
18683,4,4
18684,4,4
18685,4,2
18686,4,4
18687,4,4
18688,4,3
18689,4,3
18690,4,4
18691,4,4
18692,4,0
18693,4,2
18694,4,3
18695,4,2
18696,4,2
18697,4,4
18698,4,4
18699,4,2
18700,4,4
18701,4,4
18702,4,2
18703,4,0
18704,4,3
18705,4,4
18706,4,4
18707,4,0
18708,4,2
18709,4,2
18710,4,0
18711,4,2
18712,4,3
18713,4,2
18714,4,4
18715,4,4
18716,4,4
18717,4,4
18718,4,1
18719,4,1
18720,4,3
18721,4,4
18722,4,3
18723,4,2
18724,4,3
18725,4,4
18726,4,0
18727,4,3
18728,4,0
18729,4,2
18730,4,2
18731,4,2
18732,4,0
18733,4,1
18734,4,1
18735,4,3
18736,4,1
18737,4,4
18738,4,4
18739,4,2
18740,4,3
18741,4,1
18742,4,4
18743,4,2
18744,4,4
18745,4,3
18746,4,1
18747,4,4
18748,4,4
18749,4,3
18750,4,0
18751,4,2
18752,4,1
18753,4,2
18754,4,3
18755,4,0
18756,4,2
18757,4,3
18758,4,2
18759,4,2
18760,4,0
18761,4,2
18762,4,4
18763,4,0
18764,4,0
18765,4,1
18766,4,4
18767,4,2
18768,4,2
18769,4,2
18770,4,2
18771,4,0
18772,4,2
18773,4,3
18774,4,3
18775,4,0
18776,4,2
18777,4,3
18778,4,4
18779,4,2
18780,4,2
18781,4,4
18782,4,4
18783,4,4
18784,4,4
18785,4,0
18786,4,1
18787,4,4
18788,4,4
18789,4,4
18790,4,2
18791,4,1
18792,4,4
18793,4,2
18794,4,0
18795,4,3
18796,4,4
18797,4,4
18798,4,0
18799,4,0
18800,4,4
18801,4,4
18802,4,3
18803,4,4
18804,4,2
18805,4,2
18806,4,4
18807,4,3
18808,4,4
18809,4,4
18810,4,0
18811,4,3
18812,4,2
18813,4,1
18814,4,3
18815,4,3
18816,4,2
18817,4,3
18818,4,2
18819,4,3
18820,4,4
18821,4,4
18822,4,3
18823,4,3
18824,4,4
18825,4,3
18826,4,1
18827,4,4
18828,4,4
18829,4,3
18830,4,4
18831,4,2
18832,4,1
18833,4,4
18834,4,4
18835,4,3
18836,4,0
18837,4,4
18838,4,3
18839,4,4
18840,4,3
18841,4,4
18842,4,2
18843,4,2
18844,4,2
18845,4,0
18846,4,4
18847,4,4
18848,4,3
18849,4,0
18850,4,3
18851,4,0
18852,4,1
18853,4,2
18854,4,4
18855,4,4
18856,4,4
18857,4,2
18858,4,1
18859,4,4
18860,4,2
18861,4,4
18862,4,2
18863,4,0
18864,4,3
18865,4,3
18866,4,3
18867,4,4
18868,4,4
18869,4,2
18870,4,0
18871,4,3
18872,4,1
18873,4,4
18874,4,4
18875,4,0
18876,4,2
18877,4,1
18878,4,2
18879,4,3
18880,4,0
18881,4,3
18882,4,0
18883,4,4
18884,4,2
18885,4,2
18886,4,1
18887,4,2
18888,4,1
18889,4,4
18890,4,4
18891,4,1
18892,4,3
18893,4,3
18894,4,2
18895,4,3
18896,4,4
18897,4,1
18898,4,4
18899,4,4
18900,4,4
18901,4,2
18902,4,1
18903,4,0
18904,4,0
18905,4,4
18906,4,0
18907,4,4
18908,4,1
18909,4,2
18910,4,1
18911,4,2
18912,4,4
18913,4,1
18914,4,1
18915,4,3
18916,4,1
18917,4,3
18918,4,4
18919,4,1
18920,4,1
18921,4,0
18922,4,4
18923,4,2
18924,4,2
18925,4,2
18926,4,4
18927,4,2
18928,4,0
18929,4,1
18930,4,4
18931,4,4
18932,4,4
18933,4,2
18934,4,1
18935,4,0
18936,4,2
18937,4,3
18938,4,1
18939,4,4
18940,4,0
18941,4,4
18942,4,4
18943,4,3
18944,4,1
18945,4,4
18946,4,0
18947,4,2
18948,4,4
18949,4,4
18950,4,2
18951,4,4
18952,4,4
18953,4,2
18954,4,4
18955,4,2
18956,4,4
18957,4,0
18958,4,4
18959,4,2
18960,4,4
18961,4,2
18962,4,4
18963,4,4
18964,4,4
18965,4,3
18966,4,1
18967,4,4
18968,4,1
18969,4,4
18970,4,2
18971,4,4
18972,4,1
18973,4,4
18974,4,4
18975,4,4
18976,4,2
18977,4,3
18978,4,2
18979,4,0
18980,4,3
18981,4,2
18982,4,2
18983,4,0
18984,4,2
18985,4,2
18986,4,2
18987,4,2
18988,4,4
18989,4,4
18990,4,1
18991,4,4
18992,4,1
18993,4,1
18994,4,1
18995,4,0
18996,4,3
18997,4,1
18998,4,1
18999,4,4
19000,4,4
19001,4,3
19002,4,2
19003,4,3
19004,4,2
19005,4,0
19006,4,1
19007,4,1
19008,4,2
19009,4,0
19010,4,2
19011,4,4
19012,4,4
19013,4,1
19014,4,1
19015,4,3
19016,4,4
19017,4,3
19018,4,4
19019,4,4
19020,4,4
19021,4,0
19022,4,3
19023,4,0
19024,4,1
19025,4,4
19026,4,1
19027,4,0
19028,4,0
19029,4,4
19030,4,2
19031,4,4
19032,4,0
19033,4,2
19034,4,2
19035,4,1
19036,4,2
19037,4,1
19038,4,0
19039,4,0
19040,4,4
19041,4,4
19042,4,4
19043,4,1
19044,4,1
19045,4,3
19046,4,2
19047,4,0
19048,4,4
19049,4,0
19050,4,4
19051,4,1
19052,4,0
19053,4,2
19054,4,3
19055,4,4
19056,4,1
19057,4,2
19058,4,3
19059,4,2
19060,4,3
19061,4,3
19062,4,4
19063,4,3
19064,4,2
19065,4,2
19066,4,3
19067,4,3
19068,4,0
19069,4,3
19070,4,0
19071,4,1
19072,4,4
19073,4,0
19074,4,4
19075,4,3
19076,4,4
19077,4,2
19078,4,4
19079,4,4
19080,4,1
19081,4,0
19082,4,2
19083,4,4
19084,4,4
19085,4,1
19086,4,2
19087,4,3
19088,4,4
19089,4,2
19090,4,4
19091,4,2
19092,4,3
19093,4,0
19094,4,0
19095,4,0
19096,4,3
19097,4,1
19098,4,4
19099,4,1
19100,4,4
19101,4,4
19102,4,2
19103,4,4
19104,4,4
19105,4,2
19106,4,2
19107,4,3
19108,4,0
19109,4,2
19110,4,2
19111,4,0
19112,4,3
19113,4,4
19114,4,2
19115,4,4
19116,4,2
19117,4,1
19118,4,0
19119,4,3
19120,4,4
19121,4,2
19122,4,2
19123,4,2
19124,4,2
19125,4,0
19126,4,2
19127,4,4
19128,4,2
19129,4,3
19130,4,2
19131,4,2
19132,4,0
19133,4,4
19134,4,4
19135,4,3
19136,4,1
19137,4,3
19138,4,4
19139,4,4
19140,4,1
19141,4,4
19142,4,0
19143,4,4
19144,4,2
19145,4,2
19146,4,4
19147,4,1
19148,4,3
19149,4,4
19150,4,2
19151,4,4
19152,4,0
19153,4,4
19154,4,2
19155,4,4
19156,4,4
19157,4,2
19158,4,0
19159,4,1
19160,4,0
19161,4,2
19162,4,3
19163,4,3
19164,4,2
19165,4,4
19166,4,2
19167,4,0
19168,4,1
19169,4,1
19170,4,2
19171,4,0
19172,4,4
19173,4,4
19174,4,3
19175,4,1
19176,4,0
19177,4,3
19178,4,4
19179,4,4
19180,4,2
19181,4,4
19182,4,0
19183,4,4
19184,4,3
19185,4,4
19186,4,4
19187,4,2
19188,4,2
19189,4,4
19190,4,2
19191,4,1
19192,4,2
19193,4,4
19194,4,1
19195,4,4
19196,4,2
19197,4,1
19198,4,0
19199,4,4
19200,4,0
19201,4,4
19202,4,3
19203,4,1
19204,4,4
19205,4,4
19206,4,2
19207,4,4
19208,4,3
19209,4,2
19210,4,4
19211,4,0
19212,4,3
19213,4,3
19214,4,4
19215,4,4
19216,4,1
19217,4,2
19218,4,0
19219,4,1
19220,4,0
19221,4,2
19222,4,1
19223,4,4
19224,4,4
19225,4,1
19226,4,4
19227,4,1
19228,4,2
19229,4,2
19230,4,2
19231,4,4
19232,4,0
19233,4,3
19234,4,2
19235,4,2
19236,4,3
19237,4,0
19238,4,3
19239,4,1
19240,4,4
19241,4,4
19242,4,4
19243,4,3
19244,4,0
19245,4,2
19246,4,4
19247,4,0
19248,4,4
19249,4,4
19250,4,1
19251,4,3
19252,4,3
19253,4,2
19254,4,2
19255,4,4
19256,4,4
19257,4,4
19258,4,1
19259,4,3
19260,4,4
19261,4,3
19262,4,3
19263,4,1
19264,4,3
19265,4,0
19266,4,4
19267,4,1
19268,4,4
19269,4,3
19270,4,2
19271,4,2
19272,4,4
19273,4,2
19274,4,4
19275,4,4
19276,4,2
19277,4,1
19278,4,1
19279,4,2
19280,4,2
19281,4,4
19282,4,4
19283,4,3
19284,4,0
19285,4,0
19286,4,3
19287,4,3
19288,4,4
19289,4,4
19290,4,4
19291,4,3
19292,4,4
19293,4,0
19294,4,0
19295,4,2
19296,4,1
19297,4,0
19298,4,2
19299,4,4
19300,4,2
19301,4,2
19302,4,1
19303,4,2
19304,4,3
19305,4,4
19306,4,3
19307,4,4
19308,4,3
19309,4,0
19310,4,1
19311,4,4
19312,4,4
19313,4,1
19314,4,2
19315,4,1
19316,4,2
19317,4,2
19318,4,4
19319,4,4
19320,4,4
19321,4,4
19322,4,4
19323,4,4
19324,4,0
19325,4,3
19326,4,1
19327,4,0
19328,4,2
19329,4,2
19330,4,4
19331,4,4
19332,4,0
19333,4,3
19334,4,4
19335,4,2
19336,4,3
19337,4,2
19338,4,3
19339,4,2
19340,4,4
19341,4,4
19342,4,3
19343,4,4
19344,4,1
19345,4,3
19346,4,4
19347,4,0
19348,4,2
19349,4,4
19350,4,2
19351,4,4
19352,4,2
19353,4,0
19354,4,4
19355,4,2
19356,4,2
19357,4,0
19358,4,4
19359,4,4
19360,4,4
19361,4,4
19362,4,1
19363,4,3
19364,4,0
19365,4,2
19366,4,3
19367,4,4
19368,4,4
19369,4,2
19370,4,3
19371,4,4
19372,4,4
19373,4,0
19374,4,2
19375,4,0
19376,4,3
19377,4,2
19378,4,0
19379,4,0
19380,4,3
19381,4,1
19382,4,2
19383,4,1
19384,4,4
19385,4,0
19386,4,0
19387,4,1
19388,4,4
19389,4,1
19390,4,3
19391,4,2
19392,4,2
19393,4,4
19394,4,3
19395,4,0
19396,4,4
19397,4,4
19398,4,4
19399,4,1
19400,4,1
19401,4,3
19402,4,1
19403,4,4
19404,4,2
19405,4,0
19406,4,4
19407,4,3
19408,4,2
19409,4,4
19410,4,2
19411,4,1
19412,4,3
19413,4,3
19414,4,4
19415,4,4
19416,4,4
19417,4,3
19418,4,4
19419,4,1
19420,4,2
19421,4,3
19422,4,2
19423,4,3
19424,4,2
19425,4,2
19426,4,3
19427,4,2
19428,4,1
19429,4,0
19430,4,4
19431,4,1
19432,4,0
19433,4,3
19434,4,2
19435,4,2
19436,4,4
19437,4,4
19438,4,3
19439,4,4
19440,4,1
19441,4,2
19442,4,3
19443,4,0
19444,4,2
19445,4,4
19446,4,2
19447,4,4
19448,4,3
19449,4,4
19450,4,0
19451,4,1
19452,4,0
19453,4,1
19454,4,4
19455,4,2
19456,4,4
19457,4,4
19458,4,4
19459,4,4
19460,4,3
19461,4,4
19462,4,2
19463,4,1
19464,4,4
19465,4,2
19466,4,4
19467,4,2
19468,4,4
19469,4,4
19470,4,2
19471,4,1
19472,4,4
19473,4,4
19474,4,2
19475,4,4
19476,4,3
19477,4,4
19478,4,0
19479,4,2
19480,4,3
19481,4,0
19482,4,0
19483,4,2
19484,4,3
19485,4,2
19486,4,1
19487,4,3
19488,4,4
19489,4,3
19490,4,4
19491,4,2
19492,4,2
19493,4,1
19494,4,4
19495,4,4
19496,4,3
19497,4,1
19498,4,3
19499,4,2
19500,4,4
19501,4,3
19502,4,4
19503,4,4
19504,4,4
19505,4,3
19506,4,4
19507,4,4
19508,4,2
19509,4,2
19510,4,4
19511,4,2
19512,4,4
19513,4,4
19514,4,3
19515,4,2
19516,4,2
19517,4,0
19518,4,0
19519,4,3
19520,4,4
19521,4,0
19522,4,4
19523,4,1
19524,4,0
19525,4,4
19526,4,4
19527,4,3
19528,4,1
19529,4,1
19530,4,1
19531,4,4
19532,4,4
19533,4,2
19534,4,4
19535,4,2
19536,4,3
19537,4,2
19538,4,4
19539,4,2
19540,4,0
19541,4,2
19542,4,3
19543,4,4
19544,4,2
19545,4,3
19546,4,4
19547,4,2
19548,4,4
19549,4,2
19550,4,3
19551,4,0
19552,4,2
19553,4,2
19554,4,3
19555,4,4
19556,4,3
19557,4,2
19558,4,2
19559,4,2
19560,4,2
19561,4,4
19562,4,1
19563,4,1
19564,4,4
19565,4,3
19566,4,4
19567,4,3
19568,4,3
19569,4,4
19570,4,0
19571,4,2
19572,4,1
19573,4,2
19574,4,0
19575,4,3
19576,4,2
19577,4,4
19578,4,2
19579,4,2
19580,4,1
19581,4,2
19582,4,2
19583,4,4
19584,4,4
19585,4,2
19586,4,0
19587,4,4
19588,4,0
19589,4,4
19590,4,4
19591,4,1
19592,4,2
19593,4,4
19594,4,4
19595,4,4
19596,4,3
19597,4,4
19598,4,3
19599,4,0
19600,4,4
19601,4,4
19602,4,2
19603,4,3
19604,4,2
19605,4,3
19606,4,2
19607,4,2
19608,4,0
19609,4,1
19610,4,4
19611,4,1
19612,4,3
19613,4,3
19614,4,4
19615,4,2
19616,4,4
19617,4,4
19618,4,2
19619,4,4
19620,4,2
19621,4,2
19622,4,3
19623,4,4
19624,4,0
19625,4,2
19626,4,0
19627,4,4
19628,4,2
19629,4,0
19630,4,2
19631,4,3
19632,4,1
19633,4,2
19634,4,4
19635,4,2
19636,4,2
19637,4,2
19638,4,3
19639,4,3
19640,4,2
19641,4,2
19642,4,2
19643,4,1
19644,4,0
19645,4,2
19646,4,4
19647,4,4
19648,4,0
19649,4,3
19650,4,4
19651,4,2
19652,4,3
19653,4,4
19654,4,1
19655,4,4
19656,4,3
19657,4,1
19658,4,4
19659,4,4
19660,4,4
19661,4,2
19662,4,4
19663,4,4
19664,4,4
19665,4,0
19666,4,3
19667,4,3
19668,4,4
19669,4,3
19670,4,4
19671,4,1
19672,4,0
19673,4,4
19674,4,2
19675,4,2
19676,4,2
19677,4,2
19678,4,2
19679,4,3
19680,4,3
19681,4,1
19682,4,1
19683,4,1
19684,4,4
19685,4,1
19686,4,1
19687,4,2
19688,4,3
19689,4,2
19690,4,1
19691,4,1
19692,4,4
19693,4,4
19694,4,4
19695,4,2
19696,4,2
19697,4,3
19698,4,2
19699,4,3
19700,4,0
19701,4,2
19702,4,2
19703,4,2
19704,4,0
19705,4,1
19706,4,3
19707,4,1
19708,4,0
19709,4,2
19710,4,2
19711,4,2
19712,4,3
19713,4,0
19714,4,1
19715,4,0
19716,4,3
19717,4,1
19718,4,2
19719,4,2
19720,4,1
19721,4,3
19722,4,4
19723,4,4
19724,4,2
19725,4,2
19726,4,2
19727,4,0
19728,4,0
19729,4,3
19730,4,4
19731,4,0
19732,4,2
19733,4,0
19734,4,2
19735,4,2
19736,4,4
19737,4,2
19738,4,2
19739,4,4
19740,4,3
19741,4,2
19742,4,2
19743,4,2
19744,4,1
19745,4,2
19746,4,4
19747,4,2
19748,4,3
19749,4,3
19750,4,2
19751,4,3
19752,4,1
19753,4,4
19754,4,4
19755,4,3
19756,4,3
19757,4,4
19758,4,2
19759,4,4
19760,4,2
19761,4,1
19762,4,4
19763,4,2
19764,4,4
19765,4,2
19766,4,2
19767,4,2
19768,4,4
19769,4,3
19770,4,2
19771,4,4
19772,4,1
19773,4,0
19774,4,0
19775,4,4
19776,4,4
19777,4,4
19778,4,3
19779,4,4
19780,4,0
19781,4,1
19782,4,4
19783,4,4
19784,4,4
19785,4,4
19786,4,1
19787,4,2
19788,4,1
19789,4,4
19790,4,4
19791,4,0
19792,4,3
19793,4,2
19794,4,3
19795,4,4
19796,4,3
19797,4,2
19798,4,1
19799,4,2
19800,4,4
19801,4,4
19802,4,2
19803,4,4
19804,4,4
19805,4,1
19806,4,1
19807,4,1
19808,4,3
19809,4,1
19810,4,2
19811,4,0
19812,4,1
19813,4,4
19814,4,3
19815,4,2
19816,4,4
19817,4,4
19818,4,4
19819,4,1
19820,4,4
19821,4,2
19822,4,3
19823,4,4
19824,4,4
19825,4,1
19826,4,2
19827,4,2
19828,4,2
19829,4,0
19830,4,0
19831,4,2
19832,4,4
19833,4,3
19834,4,2
19835,4,4
19836,4,0
19837,4,3
19838,4,4
19839,4,4
19840,4,4
19841,4,4
19842,4,1
19843,4,0
19844,4,4
19845,4,2
19846,4,2
19847,4,2
19848,4,2
19849,4,1
19850,4,3
19851,4,1
19852,4,2
19853,4,3
19854,4,2
19855,4,3
19856,4,2
19857,4,1
19858,4,2
19859,4,0
19860,4,3
19861,4,2
19862,4,2
19863,4,3
19864,4,1
19865,4,4
19866,4,4
19867,4,4
19868,4,2
19869,4,4
19870,4,4
19871,4,3
19872,4,0
19873,4,0
19874,4,2
19875,4,4
19876,4,0
19877,4,2
19878,4,1
19879,4,0
19880,4,4
19881,4,4
19882,4,3
19883,4,2
19884,4,4
19885,4,4
19886,4,4
19887,4,1
19888,4,3
19889,4,2
19890,4,3
19891,4,3
19892,4,3
19893,4,2
19894,4,1
19895,4,3
19896,4,0
19897,4,4
19898,4,4
19899,4,0
19900,4,2
19901,4,0
19902,4,3
19903,4,4
19904,4,1
19905,4,2
19906,4,3
19907,4,2
19908,4,2
19909,4,1
19910,4,2
19911,4,2
19912,4,4
19913,4,2
19914,4,3
19915,4,4
19916,4,2
19917,4,2
19918,4,2
19919,4,3
19920,4,2
19921,4,2
19922,4,3
19923,4,2
19924,4,0
19925,4,3
19926,4,4
19927,4,3
19928,4,4
19929,4,4
19930,4,1
19931,4,2
19932,4,3
19933,4,1
19934,4,4
19935,4,3
19936,4,4
19937,4,2
19938,4,4
19939,4,4
19940,4,2
19941,4,4
19942,4,1
19943,4,0
19944,4,3
19945,4,4
19946,4,3
19947,4,2
19948,4,4
19949,4,4
19950,4,0
19951,4,4
19952,4,4
19953,4,2
19954,4,1
19955,4,2
19956,4,1
19957,4,3
19958,4,0
19959,4,1
19960,4,4
19961,4,2
19962,4,2
19963,4,4
19964,4,0
19965,4,2
19966,4,4
19967,4,0
19968,4,4
19969,4,4
19970,4,3
19971,4,4
19972,4,4
19973,4,3
19974,4,4
19975,4,2
19976,4,0
19977,4,4
19978,4,2
19979,4,4
19980,4,2
19981,4,4
19982,4,2
19983,4,4
19984,4,2
19985,4,0
19986,4,2
19987,4,0
19988,4,2
19989,4,4
19990,4,2
19991,4,1
19992,4,2
19993,4,2
19994,4,3
19995,4,3
19996,4,1
19997,4,4
19998,4,3
19999,4,4
20000,4,2
20001,4,2
20002,4,4
20003,4,3
20004,4,3
20005,4,4
20006,4,2
20007,4,1
20008,4,3
20009,4,4
20010,4,4
20011,4,4
20012,4,1
20013,4,4
20014,4,0
20015,4,2
20016,4,4
20017,4,3
20018,4,3
20019,4,2
20020,4,3
20021,4,2
20022,4,2
20023,4,0
20024,4,2
20025,4,1
20026,4,4
20027,4,1
20028,4,2
20029,4,1
20030,4,0
20031,4,2
20032,4,4
20033,4,4
20034,4,2
20035,4,3
20036,4,0
20037,4,0
20038,4,3
20039,4,4
20040,4,3
20041,4,1
20042,4,0
20043,4,4
20044,4,4
20045,4,3
20046,4,4
20047,4,4
20048,4,4
20049,4,2
20050,4,1
20051,4,2
20052,4,4
20053,4,4
20054,4,0
20055,4,4
20056,4,0
20057,4,2
20058,4,0
20059,4,3
20060,4,3
20061,4,4
20062,4,2
20063,4,4
20064,4,3
20065,4,0
20066,4,2
20067,4,3
20068,4,3
20069,4,4
20070,4,3
20071,4,2
20072,4,2
20073,4,1
20074,4,0
20075,4,3
20076,4,4
20077,4,0
20078,4,1
20079,4,2
20080,4,3
20081,4,3
20082,4,3
20083,4,0
20084,4,4
20085,4,0
20086,4,4
20087,4,2
20088,4,0
20089,4,0
20090,4,1
20091,4,3
20092,4,2
20093,4,4
20094,4,1
20095,4,3
20096,4,4
20097,4,3
20098,4,1
20099,4,4
20100,4,1
20101,4,1
20102,4,3
20103,4,0
20104,4,3
20105,4,2
20106,4,4
20107,4,4
20108,4,0
20109,4,2
20110,4,3
20111,4,2
20112,4,0
20113,4,4
20114,4,3
20115,4,0
20116,4,2
20117,4,4
20118,4,1
20119,4,4
20120,4,2
20121,4,3
20122,4,3
20123,4,4
20124,4,4
20125,4,3
20126,4,1
20127,4,0
20128,4,3
20129,4,2
20130,4,0
20131,4,2
20132,4,1
20133,4,4
20134,4,1
20135,4,3
20136,4,2
20137,4,2
20138,4,3
20139,4,2
20140,4,2
20141,4,4
20142,4,4
20143,4,4
20144,4,4
20145,4,1
20146,4,4
20147,4,0
20148,4,2
20149,4,0
20150,4,0
20151,4,2
20152,4,3
20153,4,4
20154,4,3
20155,4,3
20156,4,4
20157,4,2
20158,4,2
20159,4,2
20160,4,0
20161,4,2
20162,4,2
20163,4,2
20164,4,4
20165,4,4
20166,4,4
20167,4,0
20168,4,2
20169,4,0
20170,4,1
20171,4,0
20172,4,2
20173,4,2
20174,4,1
20175,4,4
20176,4,4
20177,4,3
20178,4,4
20179,4,1
20180,4,4
20181,4,4
20182,4,4
20183,4,1
20184,4,3
20185,4,2
20186,4,3
20187,4,0
20188,4,1
20189,4,2
20190,4,3
20191,4,3
20192,4,3
20193,4,2
20194,4,4
20195,4,0
20196,4,3
20197,4,2
20198,4,4
20199,4,0
20200,4,4
20201,4,2
20202,4,2
20203,4,0
20204,4,2
20205,4,4
20206,4,3
20207,4,0
20208,4,2
20209,4,4
20210,4,2
20211,4,1
20212,4,2
20213,4,2
20214,4,4
20215,4,2
20216,4,1
20217,4,2
20218,4,2
20219,4,2
20220,4,2
20221,4,3
20222,4,0
20223,4,4
20224,4,0
20225,4,1
20226,4,4
20227,4,4
20228,4,3
20229,4,1
20230,4,4
20231,4,0
20232,4,0
20233,4,3
20234,4,4
20235,4,2
20236,4,1
20237,4,4
20238,4,3
20239,4,4
20240,4,1
20241,4,1
20242,4,4
20243,4,2
20244,4,2
20245,4,4
20246,4,2
20247,4,3
20248,4,2
20249,4,4
20250,4,2
20251,4,3
20252,4,0
20253,4,4
20254,4,1
20255,4,3
20256,4,2
20257,4,2
20258,4,3
20259,4,4
20260,4,4
20261,4,3
20262,4,4
20263,4,2
20264,4,4
20265,4,0
20266,4,1
20267,4,3
20268,4,2
20269,4,0
20270,4,2
20271,4,3
20272,4,2
20273,4,4
20274,4,2
20275,4,1
20276,4,0
20277,4,1
20278,4,0
20279,4,4
20280,4,4
20281,4,1
20282,4,4
20283,4,2
20284,4,0
20285,4,4
20286,4,3
20287,4,2
20288,4,4
20289,4,1
20290,4,2
20291,4,4
20292,4,4
20293,4,2
20294,4,2
20295,4,4
20296,4,4
20297,4,1
20298,4,2
20299,4,1
20300,4,0
20301,4,0
20302,4,0
20303,4,3
20304,4,4
20305,4,4
20306,4,3
20307,4,2
20308,4,2
20309,4,2
20310,4,4
20311,4,1
20312,4,2
20313,4,2
20314,4,2
20315,4,3
20316,4,2
20317,4,4
20318,4,0
20319,4,4
20320,4,2
20321,4,4
20322,4,4
20323,4,2
20324,4,4
20325,4,4
20326,4,4
20327,4,4
20328,4,4
20329,4,4
20330,4,0
20331,4,2
20332,4,3
20333,4,2
20334,4,3
20335,4,0
20336,4,3
20337,4,2
20338,4,4
20339,4,1
20340,4,4
20341,4,1
20342,4,4
20343,4,4
20344,4,3
20345,4,2
20346,4,2
20347,4,1
20348,4,4
20349,4,3
20350,4,4
20351,4,2
20352,4,2
20353,4,2
20354,4,2
20355,4,0
20356,4,0
20357,4,2
20358,4,0
20359,4,4
20360,4,4
20361,4,0
20362,4,4
20363,4,3
20364,4,2
20365,4,3
20366,4,1
20367,4,4
20368,4,1
20369,4,0
20370,4,0
20371,4,4
20372,4,1
20373,4,3
20374,4,2
20375,4,2
20376,4,4
20377,4,3
20378,4,3
20379,4,1
20380,4,2
20381,4,4
20382,4,4
20383,4,0
20384,4,1
20385,4,2
20386,4,3
20387,4,2
20388,4,4
20389,4,1
20390,4,4
20391,4,3
20392,4,4
20393,4,1
20394,4,4
20395,4,4
20396,4,2
20397,4,4
20398,4,3
20399,4,4
20400,4,0
20401,4,1
20402,4,1
20403,4,2
20404,4,4
20405,4,4
20406,4,3
20407,4,4
20408,4,4
20409,4,3
20410,4,3
20411,4,1
20412,4,4
20413,4,3
20414,4,2
20415,4,4
20416,4,3
20417,4,1
20418,4,4
20419,4,0
20420,4,0
20421,4,2
20422,4,1
20423,4,3
20424,4,0
20425,4,3
20426,4,0
20427,4,2
20428,4,0
20429,4,3
20430,4,1
20431,4,4
20432,4,2
20433,4,0
20434,4,3
20435,4,2
20436,4,3
20437,4,4
20438,4,3
20439,4,1
20440,4,4
20441,4,3
20442,4,1
20443,4,2
20444,4,3
20445,4,0
20446,4,2
20447,4,4
20448,4,4
20449,4,2
20450,4,1
20451,4,2
20452,4,1
20453,4,4
20454,4,1
20455,4,4
20456,4,4
20457,4,4
20458,4,4
20459,4,1
20460,4,3
20461,4,4
20462,4,1
20463,4,4
20464,4,4
20465,4,4
20466,4,3
20467,4,3
20468,4,3
20469,4,2
20470,4,2
20471,4,4
20472,4,2
20473,4,3
20474,4,3
20475,4,2
20476,4,2
20477,4,3
20478,4,3
20479,4,3
20480,4,3
20481,4,0
20482,4,0
20483,4,3
20484,4,3
20485,4,0
20486,4,2
20487,4,2
20488,4,2
20489,4,2
20490,4,0
20491,4,4
20492,4,2
20493,4,2
20494,4,2
20495,4,2
20496,4,1
20497,4,0
20498,4,0
20499,4,2
20500,4,4
20501,4,4
20502,4,4
20503,4,4
20504,4,0
20505,4,1
20506,4,1
20507,4,2
20508,4,0
20509,4,2
20510,4,0
20511,4,3
20512,4,3
20513,4,1
20514,4,2
20515,4,2
20516,4,1
20517,4,2
20518,4,3
20519,4,4
20520,4,0
20521,4,4
20522,4,1
20523,4,4
20524,4,1
20525,4,4
20526,4,2
20527,4,4
20528,4,4
20529,4,2
20530,4,4
20531,4,0
20532,4,4
20533,4,2
20534,4,0
20535,4,2
20536,4,4
20537,4,1
20538,4,4
20539,4,2
20540,4,4
20541,4,3
20542,4,3
20543,4,1
20544,4,2
20545,4,4
20546,4,1
20547,4,4
20548,4,0
20549,4,0
20550,4,2
20551,4,3
20552,4,1
20553,4,3
20554,4,0
20555,4,1
20556,4,2
20557,4,3
20558,4,0
20559,4,1
20560,4,1
20561,4,3
20562,4,4
20563,4,2
20564,4,1
20565,4,2
20566,4,4
20567,4,4
20568,4,0
20569,4,2
20570,4,4
20571,4,1
20572,4,4
20573,4,4
20574,4,4
20575,4,1
20576,4,4
20577,4,2
20578,4,0
20579,4,4
20580,4,3
20581,4,3
20582,4,2
20583,4,3
20584,4,4
20585,4,4
20586,4,0
20587,4,2
20588,4,4
20589,4,0
20590,4,4
20591,4,4
20592,4,4
20593,4,0
20594,4,3
20595,4,4
20596,4,2
20597,4,4
20598,4,4
20599,4,4
20600,4,2
20601,4,2
20602,4,0
20603,4,1
20604,4,1
20605,4,2
20606,4,4
20607,4,0
20608,4,3
20609,4,4
20610,4,2
20611,4,2
20612,4,2
20613,4,2
20614,4,2
20615,4,4
20616,4,1
20617,4,4
20618,4,4
20619,4,4
20620,4,4
20621,4,0
20622,4,4
20623,4,2
20624,4,4
20625,4,4
20626,4,4
20627,4,3
20628,4,0
20629,4,4
20630,4,0
20631,4,1
20632,4,4
20633,4,0
20634,4,4
20635,4,0
20636,4,3
20637,4,1
20638,4,3
20639,4,2
20640,4,0
20641,4,3
20642,4,4
20643,4,4
20644,4,3
20645,4,4
20646,4,3
20647,4,3
20648,4,4
20649,4,2
20650,4,2
20651,4,3
20652,4,2
20653,4,2
20654,4,1
20655,4,2
20656,4,4
20657,4,4
20658,4,3
20659,4,0
20660,4,2
20661,4,4
20662,4,3
20663,4,4
20664,4,2
20665,4,0
20666,4,0
20667,4,4
20668,4,2
20669,4,0
20670,4,4
20671,4,2
20672,4,3
20673,4,3
20674,4,2
20675,4,3
20676,4,4
20677,4,2
20678,4,3
20679,4,2
20680,4,4
20681,4,2
20682,4,3
20683,4,0
20684,4,2
20685,4,4
20686,4,2
20687,4,1
20688,4,2
20689,4,4
20690,4,4
20691,4,4
20692,4,0
20693,4,1
20694,4,1
20695,4,2
20696,4,4
20697,4,4
20698,4,0
20699,4,4
20700,4,3
20701,4,4
20702,4,0
20703,4,2
20704,4,2
20705,4,4
20706,4,4
20707,4,4
20708,4,0
20709,4,2
20710,4,0
20711,4,2
20712,4,2
20713,4,3
20714,4,3
20715,4,4
20716,4,0
20717,4,3
20718,4,4
20719,4,4
20720,4,2
20721,4,4
20722,4,2
20723,4,2
20724,4,2
20725,4,4
20726,4,2
20727,4,3
20728,4,4
20729,4,4
20730,4,0
20731,4,0
20732,4,2
20733,4,4
20734,4,4
20735,4,3
20736,4,4
20737,4,1
20738,4,0
20739,4,2
20740,4,2
20741,4,2
20742,4,3
20743,4,2
20744,4,2
20745,4,0
20746,4,1
20747,4,4
20748,4,0
20749,4,2
20750,4,1
20751,4,2
20752,4,4
20753,4,1
20754,4,3
20755,4,1
20756,4,4
20757,4,2
20758,4,1
20759,4,2
20760,4,2
20761,4,2
20762,4,1
20763,4,4
20764,4,0
20765,4,2
20766,4,1
20767,4,3
20768,4,4
20769,4,4
20770,4,2
20771,4,3
20772,4,4
20773,4,3
20774,4,0
20775,4,2
20776,4,4
20777,4,0
20778,4,2
20779,4,3
20780,4,2
20781,4,4
20782,4,1
20783,4,4
20784,4,4
20785,4,4
20786,4,4
20787,4,0
20788,4,4
20789,4,2
20790,4,2
20791,4,2
20792,4,2
20793,4,4
20794,4,2
20795,4,1
20796,4,4
20797,4,4
20798,4,4
20799,4,3
20800,4,4
20801,4,2
20802,4,2
20803,4,2
20804,4,4
20805,4,0
20806,4,3
20807,4,1
20808,4,4
20809,4,4
20810,4,3
20811,4,4
20812,4,2
20813,4,2
20814,4,4
20815,4,0
20816,4,2
20817,4,4
20818,4,1
20819,4,1
20820,4,3
20821,4,3
20822,4,0
20823,4,4
20824,4,2
20825,4,4
20826,4,2
20827,4,2
20828,4,1
20829,4,4
20830,4,2
20831,4,4
20832,4,2
20833,4,4
20834,4,2
20835,4,3
20836,4,2
20837,4,2
20838,4,2
20839,4,4
20840,4,4
20841,4,0
20842,4,4
20843,4,4
20844,4,4
20845,4,1
20846,4,2
20847,4,3
20848,4,3
20849,4,3
20850,4,4
20851,4,3
20852,4,4
20853,4,2
20854,4,0
20855,4,3
20856,4,4
20857,4,1
20858,4,4
20859,4,3
20860,4,2
20861,4,0
20862,4,4
20863,4,0
20864,4,3
20865,4,1
20866,4,3
20867,4,4
20868,4,2
20869,4,4
20870,4,3
20871,4,0
20872,4,4
20873,4,4
20874,4,3
20875,4,2
20876,4,0
20877,4,3
20878,4,3
20879,4,1
20880,4,4
20881,4,4
20882,4,2
20883,4,2
20884,4,4
20885,4,0
20886,4,3
20887,4,3
20888,4,3
20889,4,4
20890,4,1
20891,4,4
20892,4,0
20893,4,2
20894,4,1
20895,4,1
20896,4,4
20897,4,4
20898,4,3
20899,4,3
20900,4,1
20901,4,4
20902,4,2
20903,4,4
20904,4,2
20905,4,4
20906,4,2
20907,4,0
20908,4,1
20909,4,4
20910,4,2
20911,4,3
20912,4,4
20913,4,4
20914,4,2
20915,4,3
20916,4,2
20917,4,3
20918,4,4
20919,4,3
20920,4,3
20921,4,3
20922,4,3
20923,4,4
20924,4,0
20925,4,1
20926,4,1
20927,4,0
20928,4,3
20929,4,2
20930,4,0
20931,4,2
20932,4,2
20933,4,4
20934,4,4
20935,4,2
20936,4,4
20937,4,1
20938,4,3
20939,4,0
20940,4,4
20941,4,4
20942,4,2
20943,4,3
20944,4,2
20945,4,1
20946,4,0
20947,4,4
20948,4,2
20949,4,0
20950,4,1
20951,4,1
20952,4,4
20953,4,0
20954,4,3
20955,4,4
20956,4,2
20957,4,4
20958,4,3
20959,4,3
20960,4,0
20961,4,4
20962,4,4
20963,4,4
20964,4,3
20965,4,2
20966,4,2
20967,4,0
20968,4,1
20969,4,0
20970,4,4
20971,4,0
20972,4,2
20973,4,4
20974,4,0
20975,4,3
20976,4,3
20977,4,3
20978,4,2
20979,4,4
20980,4,0
20981,4,1
20982,4,2
20983,4,0
20984,4,3
20985,4,4
20986,4,3
20987,4,2
20988,4,2
20989,4,3
20990,4,1
20991,4,4
20992,4,4
20993,4,3
20994,4,3
20995,4,0
20996,4,0
20997,4,4
20998,4,3
20999,4,3
21000,4,4
21001,4,1
21002,4,3
21003,4,3
21004,4,4
21005,4,2
21006,4,4
21007,4,4
21008,4,0
21009,4,0
21010,4,2
21011,4,2
21012,4,4
21013,4,2
21014,4,4
21015,4,4
21016,4,2
21017,4,4
21018,4,2
21019,4,1
21020,4,4
21021,4,4
21022,4,3
21023,4,3
21024,4,0
21025,4,4
21026,4,4
21027,4,3
21028,4,3
21029,4,0
21030,4,1
21031,4,4
21032,4,4
21033,4,1
21034,4,2
21035,4,4
21036,4,4
21037,4,2
21038,4,1
21039,4,3
21040,4,4
21041,4,0
21042,4,4
21043,4,4
21044,4,2
21045,4,1
21046,4,0
21047,4,2
21048,4,2
21049,4,4
21050,4,4
21051,4,0
21052,4,2
21053,4,4
21054,4,4
21055,4,2
21056,4,0
21057,4,1
21058,4,1
21059,4,4
21060,4,4
21061,4,0
21062,4,0
21063,4,4
21064,4,3
21065,4,4
21066,4,2
21067,4,4
21068,4,2
21069,4,2
21070,4,0
21071,4,3
21072,4,4
21073,4,2
21074,4,0
21075,4,3
21076,4,1
21077,4,4
21078,4,4
21079,4,4
21080,4,4
21081,4,2
21082,4,3
21083,4,4
21084,4,0
21085,4,3
21086,4,4
21087,4,2
21088,4,2
21089,4,0
21090,4,3
21091,4,2
21092,4,0
21093,4,2
21094,4,3
21095,4,2
21096,4,4
21097,4,2
21098,4,2
21099,4,2
21100,4,1
21101,4,4
21102,4,4
21103,4,4
21104,4,4
21105,4,4
21106,4,4
21107,4,0
21108,4,1
21109,4,4
21110,4,4
21111,4,3
21112,4,4
21113,4,0
21114,4,0
21115,4,3
21116,4,4
21117,4,2
21118,4,0
21119,4,2
21120,4,0
21121,4,4
21122,4,1
21123,4,2
21124,4,4
21125,4,2
21126,4,2
21127,4,0
21128,4,1
21129,4,2
21130,4,0
21131,4,3
21132,4,2
21133,4,1
21134,4,1
21135,4,4
21136,4,2
21137,4,3
21138,4,0
21139,4,2
21140,4,1
21141,4,4
21142,4,3
21143,4,3
21144,4,4
21145,4,4
21146,4,2
21147,4,4
21148,4,4
21149,4,4
21150,4,0
21151,4,4
21152,4,4
21153,4,3
21154,4,2
21155,4,4
21156,4,4
21157,4,2
21158,4,2
21159,4,1
21160,4,0
21161,4,4
21162,4,2
21163,4,0
21164,4,2
21165,4,4
21166,4,0
21167,4,4
21168,4,4
21169,4,3
21170,4,2
21171,4,0
21172,4,1
21173,4,4
21174,4,4
21175,4,2
21176,4,4
21177,4,4
21178,4,2
21179,4,4
21180,4,4
21181,4,4
21182,4,0
21183,4,4
21184,4,4
21185,4,4
21186,4,4
21187,4,0
21188,4,2
21189,4,2
21190,4,3
21191,4,3
21192,4,2
21193,4,4
21194,4,3
21195,4,2
21196,4,3
21197,4,3
21198,4,1
21199,4,1
21200,4,4
21201,4,3
21202,4,1
21203,4,1
21204,4,0
21205,4,3
21206,4,2
21207,4,3
21208,4,4
21209,4,2
21210,4,3
21211,4,2
21212,4,4
21213,4,4
21214,4,2
21215,4,2
21216,4,1
21217,4,2
21218,4,4
21219,4,4
21220,4,0
21221,4,4
21222,4,2
21223,4,3
21224,4,4
21225,4,2
21226,4,4
21227,4,2
21228,4,4
21229,4,2
21230,4,1
21231,4,2
21232,4,2
21233,4,0
21234,4,3
21235,4,1
21236,4,0
21237,4,4
21238,4,1
21239,4,0
21240,4,4
21241,4,2
21242,4,3
21243,4,4
21244,4,2
21245,4,1
21246,4,4
21247,4,2
21248,4,4
21249,4,2
21250,4,2
21251,4,1
21252,4,3
21253,4,3
21254,4,4
21255,4,3
21256,4,4
21257,4,4
21258,4,3
21259,4,4
21260,4,4
21261,4,3
21262,4,2
21263,4,2
21264,4,2
21265,4,0
21266,4,4
21267,4,1
21268,4,4
21269,4,4
21270,4,4
21271,4,4
21272,4,4
21273,4,4
21274,4,3
21275,4,2
21276,4,4
21277,4,1
21278,4,2
21279,4,4
21280,4,3
21281,4,4
21282,4,3
21283,4,1
21284,4,2
21285,4,0
21286,4,0
21287,4,2
21288,4,1
21289,4,0
21290,4,1
21291,4,2
21292,4,2
21293,4,4
21294,4,2
21295,4,4
21296,4,4
21297,4,0
21298,4,4
21299,4,2
21300,4,0
21301,4,2
21302,4,3
21303,4,1
21304,4,3
21305,4,4
21306,4,4
21307,4,1
21308,4,0
21309,4,0
21310,4,2
21311,4,4
21312,4,1
21313,4,4
21314,4,2
21315,4,4
21316,4,4
21317,4,1
21318,4,4
21319,4,1
21320,4,2
21321,4,1
21322,4,0
21323,4,4
21324,4,2
21325,4,2
21326,4,0
21327,4,0
21328,4,2
21329,4,0
21330,4,3
21331,4,3
21332,4,4
21333,4,0
21334,4,0
21335,4,4
21336,4,1
21337,4,4
21338,4,2
21339,4,1
21340,4,2
21341,4,1
21342,4,3
21343,4,0
21344,4,2
21345,4,2
21346,4,2
21347,4,3
21348,4,0
21349,4,1
21350,4,4
21351,4,2
21352,4,3
21353,4,4
21354,4,1
21355,4,0
21356,4,4
21357,4,1
21358,4,3
21359,4,0
21360,4,4
21361,4,3
21362,4,0
21363,4,4
21364,4,4
21365,4,2
21366,4,4
21367,4,3
21368,4,4
21369,4,2
21370,4,3
21371,4,4
21372,4,4
21373,4,4
21374,4,2
21375,4,4
21376,4,3
21377,4,3
21378,4,4
21379,4,4
21380,4,4
21381,4,4
21382,4,4
21383,4,3
21384,4,4
21385,4,0
21386,4,4
21387,4,2
21388,4,2
21389,4,3
21390,4,4
21391,4,1
21392,4,4
21393,4,2
21394,4,2
21395,4,2
21396,4,0
21397,4,3
21398,4,4
21399,4,3
21400,4,3
21401,4,2
21402,4,4
21403,4,0
21404,4,1
21405,4,4
21406,4,4
21407,4,2
21408,4,1
21409,4,3
21410,4,2
21411,4,3
21412,4,2
21413,4,4
21414,4,0
21415,4,4
21416,4,0
21417,4,4
21418,4,2
21419,4,4
21420,4,4
21421,4,4
21422,4,2
21423,4,2
21424,4,0
21425,4,3
21426,4,4
21427,4,3
21428,4,0
21429,4,4
21430,4,4
21431,4,2
21432,4,3
21433,4,3
21434,4,4
21435,4,1
21436,4,4
21437,4,3
21438,4,4
21439,4,1
21440,4,4
21441,4,4
21442,4,2
21443,4,4
21444,4,4
21445,4,3
21446,4,4
21447,4,3
21448,4,3
21449,4,3
21450,4,4
21451,4,2
21452,4,2
21453,4,4
21454,4,4
21455,4,0
21456,4,2
21457,4,4
21458,4,0
21459,4,4
21460,4,4
21461,4,3
21462,4,4
21463,4,4
21464,4,1
21465,4,3
21466,4,1
21467,4,0
21468,4,2
21469,4,2
21470,4,4
21471,4,1
21472,4,1
21473,4,2
21474,4,1
21475,4,2
21476,4,0
21477,4,2
21478,4,2
21479,4,0
21480,4,4
21481,4,0
21482,4,3
21483,4,3
21484,4,1
21485,4,1
21486,4,3
21487,4,0
21488,4,4
21489,4,1
21490,4,0
21491,4,3
21492,4,2
21493,4,4
21494,4,0
21495,4,1
21496,4,2
21497,4,2
21498,4,2
21499,4,2
21500,4,0
21501,4,4
21502,4,4
21503,4,4
21504,4,4
21505,4,0
21506,4,2
21507,4,4
21508,4,4
21509,4,4
21510,4,2
21511,4,2
21512,4,0
21513,4,0
21514,4,4
21515,4,1
21516,4,3
21517,4,1
21518,4,2
21519,4,3
21520,4,3
21521,4,3
21522,4,0
21523,4,3
21524,4,4
21525,4,3
21526,4,2
21527,4,3
21528,4,2
21529,4,4
21530,4,2
21531,4,3
21532,4,2
21533,4,3
21534,4,2
21535,4,2
21536,4,3
21537,4,2
21538,4,3
21539,4,4
21540,4,0
21541,4,4
21542,4,4
21543,4,2
21544,4,2
21545,4,0
21546,4,3
21547,4,4
21548,4,4
21549,4,3
21550,4,3
21551,4,1
21552,4,4
21553,4,4
21554,4,4
21555,4,4
21556,4,3
21557,4,4
21558,4,2
21559,4,1
21560,4,2
21561,4,1
21562,4,3
21563,4,2
21564,4,0
21565,4,0
21566,4,4
21567,4,4
21568,4,4
21569,4,1
21570,4,2
21571,4,0
21572,4,4
21573,4,4
21574,4,2
21575,4,2
21576,4,1
21577,4,0
21578,4,0
21579,4,0
21580,4,3
21581,4,1
21582,4,0
21583,4,4
21584,4,2
21585,4,4
21586,4,2
21587,4,2
21588,4,4
21589,4,0
21590,4,2
21591,4,4
21592,4,4
21593,4,4
21594,4,0
21595,4,4
21596,4,4
21597,4,4
21598,4,1
21599,4,0
21600,4,1
21601,4,0
21602,4,4
21603,4,4
21604,4,4
21605,4,2
21606,4,4
21607,4,4
21608,4,4
21609,4,2
21610,4,4
21611,4,2
21612,4,2
21613,4,0
21614,4,3
21615,4,3
21616,4,4
21617,4,3
21618,4,1
21619,4,0
21620,4,0
21621,4,2
21622,4,4
21623,4,1
21624,4,4
21625,4,1
21626,4,4
21627,4,2
21628,4,4
21629,4,2
21630,4,1
21631,4,0
21632,4,2
21633,4,0
21634,4,4
21635,4,1
21636,4,3
21637,4,4
21638,4,4
21639,4,0
21640,4,2
21641,4,0
21642,4,2
21643,4,2
21644,4,0
21645,4,0
21646,4,2
21647,4,2
21648,4,4
21649,4,4
21650,4,0
21651,4,4
21652,4,4
21653,4,2
21654,4,0
21655,4,0
21656,4,1
21657,4,2
21658,4,4
21659,4,0
21660,4,4
21661,4,4
21662,4,2
21663,4,0
21664,4,3
21665,4,3
21666,4,4
21667,4,4
21668,4,2
21669,4,4
21670,4,0
21671,4,4
21672,4,4
21673,4,2
21674,4,0
21675,4,2
21676,4,3
21677,4,3
21678,4,2
21679,4,0
21680,4,4
21681,4,4
21682,4,1
21683,4,2
21684,4,2
21685,4,1
21686,4,4
21687,4,3
21688,4,4
21689,4,4
21690,4,3
21691,4,1
21692,4,3
21693,4,3
21694,4,1
21695,4,4
21696,4,2
21697,4,2
21698,4,2
21699,4,2
21700,4,4
21701,4,2
21702,4,3
21703,4,3
21704,4,4
21705,4,2
21706,4,4
21707,4,4
21708,4,4
21709,4,2
21710,4,0
21711,4,2
21712,4,1
21713,4,3
21714,4,3
21715,4,1
21716,4,2
21717,4,4
21718,4,0
21719,4,4
21720,4,2
21721,4,0
21722,4,4
21723,4,3
21724,4,2
21725,4,2
21726,4,2
21727,4,0
21728,4,4
21729,4,1
21730,4,2
21731,4,4
21732,4,2
21733,4,1
21734,4,4
21735,4,4
21736,4,4
21737,4,3
21738,4,4
21739,4,1
21740,4,3
21741,4,4
21742,4,4
21743,4,0
21744,4,4
21745,4,4
21746,4,0
21747,4,4
21748,4,4
21749,4,0
21750,4,1
21751,4,4
21752,4,4
21753,4,3
21754,4,2
21755,4,2
21756,4,4
21757,4,3
21758,4,3
21759,4,0
21760,4,4
21761,4,2
21762,4,1
21763,4,2
21764,4,3
21765,4,4
21766,4,4
21767,4,3
21768,4,2
21769,4,4
21770,4,3
21771,4,2
21772,4,4
21773,4,4
21774,4,2
21775,4,2
21776,4,0
21777,4,3
21778,4,3
21779,4,3
21780,4,3
21781,4,3
21782,4,2
21783,4,2
21784,4,1
21785,4,4
21786,4,0
21787,4,4
21788,4,4
21789,4,4
21790,4,3
21791,4,0
21792,4,0
21793,4,3
21794,4,4
21795,4,1
21796,4,2
21797,4,4
21798,4,4
21799,4,2
21800,4,4
21801,4,4
21802,4,0
21803,4,3
21804,4,3
21805,4,4
21806,4,2
21807,4,0
21808,4,1
21809,4,1
21810,4,4
21811,4,1
21812,4,0
21813,4,3
21814,4,3
21815,4,1
21816,4,2
21817,4,3
21818,4,4
21819,4,2
21820,4,4
21821,4,1
21822,4,4
21823,4,1
21824,4,1
21825,4,4
21826,4,0
21827,4,4
21828,4,4
21829,4,0
21830,4,4
21831,4,3
21832,4,0
21833,4,1
21834,4,3
21835,4,2
21836,4,2
21837,4,2
21838,4,2
21839,4,4
21840,4,2
21841,4,1
21842,4,2
21843,4,2
21844,4,3
21845,4,2
21846,4,2
21847,4,4
21848,4,3
21849,4,1
21850,4,2
21851,4,4
21852,4,4
21853,4,0
21854,4,0
21855,4,1
21856,4,2
21857,4,1
21858,4,4
21859,4,4
21860,4,4
21861,4,0
21862,4,0
21863,4,3
21864,4,3
21865,4,2
21866,4,0
21867,4,1
21868,4,4
21869,4,1
21870,4,3
21871,4,2
21872,4,0
21873,4,2
21874,4,0
21875,4,0
21876,4,2
21877,4,4
21878,4,1
21879,4,4
21880,4,2
21881,4,1
21882,4,4
21883,4,0
21884,4,1
21885,4,0
21886,4,0
21887,4,3
21888,4,0
21889,4,2
21890,4,4
21891,4,2
21892,4,3
21893,4,3
21894,4,4
21895,4,2
21896,4,1
21897,4,3
21898,4,0
21899,4,1
21900,4,2
21901,4,3
21902,4,4
21903,4,4
21904,4,2
21905,4,3
21906,4,4
21907,4,4
21908,4,1
21909,4,4
21910,4,4
21911,4,4
21912,4,4
21913,4,4
21914,4,2
21915,4,0
21916,4,4
21917,4,3
21918,4,1
21919,4,2
21920,4,4
21921,4,1
21922,4,2
21923,4,4
21924,4,1
21925,4,0
21926,4,2
21927,4,4
21928,4,2
21929,4,3
21930,4,0
21931,4,3
21932,4,2
21933,4,2
21934,4,1
21935,4,2
21936,4,2
21937,4,4
21938,4,0
21939,4,4
21940,4,4
21941,4,3
21942,4,4
21943,4,4
21944,4,1
21945,4,3
21946,4,0
21947,4,1
21948,4,4
21949,4,2
21950,4,0
21951,4,3
21952,4,4
21953,4,1
21954,4,1
21955,4,2
21956,4,0
21957,4,2
21958,4,4
21959,4,3
21960,4,4
21961,4,3
21962,4,0
21963,4,0
21964,4,4
21965,4,0
21966,4,1
21967,4,4
21968,4,2
21969,4,4
21970,4,4
21971,4,2
21972,4,2
21973,4,4
21974,4,1
21975,4,0
21976,4,4
21977,4,4
21978,4,2
21979,4,0
21980,4,1
21981,4,2
21982,4,4
21983,4,0
21984,4,1
21985,4,4
21986,4,3
21987,4,4
21988,4,3
21989,4,2
21990,4,2
21991,4,3
21992,4,1
21993,4,4
21994,4,3
21995,4,4
21996,4,2
21997,4,4
21998,4,1
21999,4,3
22000,4,4
22001,4,2
22002,4,2
22003,4,3
22004,4,1
22005,4,3
22006,4,0
22007,4,4
22008,4,1
22009,4,4
22010,4,2
22011,4,4
22012,4,0
22013,4,4
22014,4,2
22015,4,3
22016,4,3
22017,4,4
22018,4,0
22019,4,3
22020,4,4
22021,4,1
22022,4,0
22023,4,2
22024,4,4
22025,4,4
22026,4,2
22027,4,4
22028,4,4
22029,4,3
22030,4,2
22031,4,4
22032,4,3
22033,4,1
22034,4,4
22035,4,3
22036,4,1
22037,4,0
22038,4,4
22039,4,3
22040,4,2
22041,4,4
22042,4,2
22043,4,2
22044,4,4
22045,4,2
22046,4,4
22047,4,4
22048,4,2
22049,4,0
22050,4,4
22051,4,2
22052,4,2
22053,4,3
22054,4,4
22055,4,4
22056,4,4
22057,4,2
22058,4,3
22059,4,2
22060,4,4
22061,4,4
22062,4,1
22063,4,4
22064,4,2
22065,4,0
22066,4,4
22067,4,4
22068,4,3
22069,4,0
22070,4,2
22071,4,4
22072,4,2
22073,4,0
22074,4,1
22075,4,1
22076,4,1
22077,4,4
22078,4,2
22079,4,3
22080,4,4
22081,4,2
22082,4,0
22083,4,4
22084,4,4
22085,4,2
22086,4,4
22087,4,4
22088,4,0
22089,4,4
22090,4,4
22091,4,4
22092,4,0
22093,4,4
22094,4,2
22095,4,2
22096,4,3
22097,4,4
22098,4,3
22099,4,4
22100,4,4
22101,4,4
22102,4,1
22103,4,4
22104,4,4
22105,4,4
22106,4,2
22107,4,2
22108,4,2
22109,4,2
22110,4,2
22111,4,1
22112,4,2
22113,4,2
22114,4,2
22115,4,4
22116,4,2
22117,4,3
22118,4,4
22119,4,4
22120,4,0
22121,4,2
22122,4,2
22123,4,1
22124,4,4
22125,4,0
22126,4,4
22127,4,1
22128,4,4
22129,4,0
22130,4,4
22131,4,2
22132,4,4
22133,4,1
22134,4,1
22135,4,4
22136,4,2
22137,4,4
22138,4,1
22139,4,4
22140,4,0
22141,4,0
22142,4,0
22143,4,1
22144,4,2
22145,4,2
22146,4,0
22147,4,1
22148,4,4
22149,4,1
22150,4,4
22151,4,1
22152,4,2
22153,4,4
22154,4,2
22155,4,3
22156,4,0
22157,4,2
22158,4,3
22159,4,1
22160,4,2
22161,4,4
22162,4,4
22163,4,2
22164,4,4
22165,4,0
22166,4,4
22167,4,3
22168,4,4
22169,4,0
22170,4,4
22171,4,2
22172,4,2
22173,4,2
22174,4,4
22175,4,4
22176,4,4
22177,4,2
22178,4,4
22179,4,4
22180,4,2
22181,4,1
22182,4,0
22183,4,1
22184,4,4
22185,4,0
22186,4,2
22187,4,0
22188,4,4
22189,4,1
22190,4,3
22191,4,3
22192,4,0
22193,4,4
22194,4,1
22195,4,0
22196,4,1
22197,4,4
22198,4,4
22199,4,1
22200,4,4
22201,4,4
22202,4,4
22203,4,1
22204,4,4
22205,4,4
22206,4,3
22207,4,4
22208,4,4
22209,4,4
22210,4,1
22211,4,2
22212,4,4
22213,4,2
22214,4,4
22215,4,0
22216,4,2
22217,4,2
22218,4,3
22219,4,2
22220,4,3
22221,4,2
22222,4,4
22223,4,2
22224,4,3
22225,4,3
22226,4,2
22227,4,4
22228,4,4
22229,4,0
22230,4,2
22231,4,3
22232,4,2
22233,4,2
22234,4,3
22235,4,2
22236,4,0
22237,4,2
22238,4,4
22239,4,1
22240,4,4
22241,4,2
22242,4,2
22243,4,3
22244,4,3
22245,4,3
22246,4,4
22247,4,0
22248,4,2
22249,4,3
22250,4,1
22251,4,1
22252,4,3
22253,4,4
22254,4,2
22255,4,1
22256,4,4
22257,4,4
22258,4,3
22259,4,3
22260,4,1
22261,4,4
22262,4,4
22263,4,3
22264,4,4
22265,4,1
22266,4,3
22267,4,1
22268,4,2
22269,4,2
22270,4,2
22271,4,0
22272,4,0
22273,4,1
22274,4,0
22275,4,4
22276,4,2
22277,4,3
22278,4,2
22279,4,3
22280,4,2
22281,4,0
22282,4,4
22283,4,3
22284,4,4
22285,4,1
22286,4,2
22287,4,0
22288,4,4
22289,4,1
22290,4,0
22291,4,4
22292,4,4
22293,4,4
22294,4,2
22295,4,2
22296,4,2
22297,4,1
22298,4,4
22299,4,0
22300,4,3
22301,4,4
22302,4,1
22303,4,0
22304,4,1
22305,4,3
22306,4,2
22307,4,2
22308,4,4
22309,4,3
22310,4,4
22311,4,2
22312,4,3
22313,4,0
22314,4,0
22315,4,4
22316,4,4
22317,4,2
22318,4,0
22319,4,4
22320,4,3
22321,4,3
22322,4,2
22323,4,3
22324,4,3
22325,4,2
22326,4,1
22327,4,4
22328,4,4
22329,4,3
22330,4,3
22331,4,3
22332,4,1
22333,4,3
22334,4,2
22335,4,2
22336,4,2
22337,4,1
22338,4,4
22339,4,1
22340,4,2
22341,4,2
22342,4,0
22343,4,0
22344,4,4
22345,4,2
22346,4,1
22347,4,4
22348,4,3
22349,4,2
22350,4,3
22351,4,2
22352,4,1
22353,4,4
22354,4,3
22355,4,2
22356,4,3
22357,4,3
22358,4,0
22359,4,3
22360,4,4
22361,4,0
22362,4,3
22363,4,4
22364,4,0
22365,4,2
22366,4,4
22367,4,3
22368,4,1
22369,4,0
22370,4,0
22371,4,1
22372,4,4
22373,4,2
22374,4,4
22375,4,0
22376,4,3
22377,4,0
22378,4,3
22379,4,0
22380,4,4
22381,4,2
22382,4,0
22383,4,0
22384,4,4
22385,4,4
22386,4,2
22387,4,3
22388,4,0
22389,4,0
22390,4,1
22391,4,3
22392,4,0
22393,4,4
22394,4,3
22395,4,4
22396,4,3
22397,4,2
22398,4,1
22399,4,2
22400,4,4
22401,4,3
22402,4,3
22403,4,4
22404,4,4
22405,4,3
22406,4,2
22407,4,2
22408,4,2
22409,4,4
22410,4,1
22411,4,4
22412,4,2
22413,4,0
22414,4,1
22415,4,4
22416,4,2
22417,4,1
22418,4,1
22419,4,0
22420,4,4
22421,4,2
22422,4,3
22423,4,4
22424,4,3
22425,4,4
22426,4,2
22427,4,3
22428,4,0
22429,4,4
22430,4,4
22431,4,4
22432,4,4
22433,4,2
22434,4,0
22435,4,3
22436,4,2
22437,4,0
22438,4,4
22439,4,2
22440,4,4
22441,4,4
22442,4,3
22443,4,4
22444,4,2
22445,4,2
22446,4,0
22447,4,4
22448,4,3
22449,4,4
22450,4,2
22451,4,2
22452,4,3
22453,4,3
22454,4,3
22455,4,4
22456,4,1
22457,4,1
22458,4,4
22459,4,4
22460,4,0
22461,4,0
22462,4,1
22463,4,4
22464,4,2
22465,4,2
22466,4,4
22467,4,4
22468,4,2
22469,4,2
22470,4,0
22471,4,4
22472,4,4
22473,4,2
22474,4,4
22475,4,4
22476,4,4
22477,4,4
22478,4,1
22479,4,0
22480,4,2
22481,4,4
22482,4,2
22483,4,3
22484,4,1
22485,4,2
22486,4,0
22487,4,4
22488,4,0
22489,4,0
22490,4,3
22491,4,4
22492,4,3
22493,4,1
22494,4,4
22495,4,1
22496,4,1
22497,4,3
22498,4,2
22499,4,0
22500,4,3
22501,4,3
22502,4,1
22503,4,2
22504,4,0
22505,4,4
22506,4,0
22507,4,0
22508,4,2
22509,4,4
22510,4,3
22511,4,2
22512,4,2
22513,4,1
22514,4,2
22515,4,2
22516,4,2
22517,4,2
22518,4,0
22519,4,2
22520,4,2
22521,4,4
22522,4,3
22523,4,4
22524,4,1
22525,4,4
22526,4,1
22527,4,1
22528,4,2
22529,4,2
22530,4,0
22531,4,4
22532,4,4
22533,4,2
22534,4,2
22535,4,0
22536,4,3
22537,4,1
22538,4,4
22539,4,3
22540,4,4
22541,4,1
22542,4,4
22543,4,0
22544,4,2
22545,4,2
22546,4,4
22547,4,1
22548,4,4
22549,4,4
22550,4,4
22551,4,3
22552,4,1
22553,4,3
22554,4,2
22555,4,4
22556,4,2
22557,4,2
22558,4,4
22559,4,4
22560,4,4
22561,4,0
22562,4,2
22563,4,2
22564,4,1
22565,4,4
22566,4,0
22567,4,1
22568,4,3
22569,4,4
22570,4,3
22571,4,4
22572,4,2
22573,4,3
22574,4,4
22575,4,4
22576,4,3
22577,4,2
22578,4,1
22579,4,0
22580,4,0
22581,4,3
22582,4,4
22583,4,1
22584,4,0
22585,4,0
22586,4,1
22587,4,2
22588,4,0
22589,4,4
22590,4,2
22591,4,2
22592,4,0
22593,4,1
22594,4,4
22595,4,3
22596,4,4
22597,4,4
22598,4,1
22599,4,3
22600,4,4
22601,4,0
22602,4,0
22603,4,4
22604,4,4
22605,4,4
22606,4,4
22607,4,2
22608,4,2
22609,4,4
22610,4,3
22611,4,0
22612,4,1
22613,4,3
22614,4,1
22615,4,1
22616,4,2
22617,4,0
22618,4,1
22619,4,2
22620,4,0
22621,4,4
22622,4,2
22623,4,4
22624,4,2
22625,4,0
22626,4,3
22627,4,0
22628,4,1
22629,4,1
22630,4,4
22631,4,3
22632,4,2
22633,4,1
22634,4,1
22635,4,1
22636,4,4
22637,4,0
22638,4,0
22639,4,1
22640,4,0
22641,4,0
22642,4,4
22643,4,0
22644,4,4
22645,4,1
22646,4,0
22647,4,4
22648,4,3
22649,4,4
22650,4,3
22651,4,4
22652,4,2
22653,4,2
22654,4,1
22655,4,0
22656,4,4
22657,4,0
22658,4,2
22659,4,2
22660,4,4
22661,4,2
22662,4,1
22663,4,4
22664,4,0
22665,4,1
22666,4,2
22667,4,3
22668,4,3
22669,4,3
22670,4,3
22671,4,4
22672,4,0
22673,4,4
22674,4,2
22675,4,4
22676,4,4
22677,4,0
22678,4,2
22679,4,4
22680,4,1
22681,4,0
22682,4,1
22683,4,4
22684,4,1
22685,4,1
22686,4,2
22687,4,1
22688,4,4
22689,4,1
22690,4,2
22691,4,1
22692,4,4
22693,4,2
22694,4,0
22695,4,2
22696,4,4
22697,4,1
22698,4,1
22699,4,4
22700,4,4
22701,4,2
22702,4,3
22703,4,2
22704,4,3
22705,4,3
22706,4,4
22707,4,4
22708,4,4
22709,4,0
22710,4,3
22711,4,1
22712,4,4
22713,4,4
22714,4,0
22715,4,2
22716,4,3
22717,4,3
22718,4,4
22719,4,2
22720,4,1
22721,4,4
22722,4,4
22723,4,1
22724,4,2
22725,4,4
22726,4,3
22727,4,1
22728,4,4
22729,4,2
22730,4,4
22731,4,2
22732,4,0
22733,4,0
22734,4,2
22735,4,4
22736,4,3
22737,4,2
22738,4,2
22739,4,0
22740,4,2
22741,4,0
22742,4,4
22743,4,0
22744,4,2
22745,4,2
22746,4,4
22747,4,4
22748,4,3
22749,4,2
22750,4,3
22751,4,4
22752,4,4
22753,4,0
22754,4,4
22755,4,0
22756,4,2
22757,4,1
22758,4,0
22759,4,2
22760,4,2
22761,4,2
22762,4,2
22763,4,4
22764,4,4
22765,4,3
22766,4,4
22767,4,1
22768,4,4
22769,4,1
22770,4,1
22771,4,1
22772,4,2
22773,4,2
22774,4,4
22775,4,4
22776,4,0
22777,4,4
22778,4,0
22779,4,2
22780,4,4
22781,4,4
22782,4,4
22783,4,0
22784,4,4
22785,4,4
22786,4,1
22787,4,3
22788,4,4
22789,4,2
22790,4,1
22791,4,4
22792,4,3
22793,4,3
22794,4,2
22795,4,4
22796,4,2
22797,4,4
22798,4,0
22799,4,4
22800,4,3
22801,4,2
22802,4,1
22803,4,0
22804,4,2
22805,4,1
22806,4,4
22807,4,2
22808,4,4
22809,4,2
22810,4,2
22811,4,4
22812,4,4
22813,4,4
22814,4,4
22815,4,2
22816,4,2
22817,4,1
22818,4,0
22819,4,2
22820,4,4
22821,4,0
22822,4,2
22823,4,2
22824,4,4
22825,4,0
22826,4,3
22827,4,2
22828,4,1
22829,4,4
22830,4,4
22831,4,4
22832,4,4
22833,4,3
22834,4,3
22835,4,0
22836,4,0
22837,4,2
22838,4,4
22839,4,2
22840,4,0
22841,4,2
22842,4,3
22843,4,4
22844,4,3
22845,4,2
22846,4,4
22847,4,0
22848,4,4
22849,4,4
22850,4,0
22851,4,2
22852,4,2
22853,4,4
22854,4,4
22855,4,2
22856,4,4
22857,4,3
22858,4,3
22859,4,2
22860,4,4
22861,4,4
22862,4,2
22863,4,3
22864,4,0
22865,4,1
22866,4,4
22867,4,3
22868,4,3
22869,4,4
22870,4,4
22871,4,1
22872,4,4
22873,4,2
22874,4,1
22875,4,4
22876,4,2
22877,4,4
22878,4,3
22879,4,3
22880,4,3
22881,4,3
22882,4,3
22883,4,0
22884,4,1
22885,4,4
22886,4,0
22887,4,4
22888,4,2
22889,4,0
22890,4,1
22891,4,0
22892,4,4
22893,4,4
22894,4,1
22895,4,3
22896,4,4
22897,4,4
22898,4,2
22899,4,4
22900,4,3
22901,4,4
22902,4,0
22903,4,4
22904,4,4
22905,4,2
22906,4,1
22907,4,3
22908,4,2
22909,4,1
22910,4,2
22911,4,4
22912,4,3
22913,4,3
22914,4,2
22915,4,4
22916,4,3
22917,4,0
22918,4,4
22919,4,4
22920,4,3
22921,4,3
22922,4,4
22923,4,2
22924,4,4
22925,4,4
22926,4,1
22927,4,3
22928,4,3
22929,4,3
22930,4,1
22931,4,3
22932,4,2
22933,4,3
22934,4,4
22935,4,3
22936,4,4
22937,4,3
22938,4,4
22939,4,1
22940,4,3
22941,4,4
22942,4,0
22943,4,4
22944,4,3
22945,4,0
22946,4,3
22947,4,1
22948,4,1
22949,4,2
22950,4,1
22951,4,3
22952,4,4
22953,4,4
22954,4,2
22955,4,3
22956,4,1
22957,4,2
22958,4,0
22959,4,1
22960,4,3
22961,4,4
22962,4,2
22963,4,3
22964,4,2
22965,4,2
22966,4,2
22967,4,4
22968,4,3
22969,4,4
22970,4,3
22971,4,4
22972,4,2
22973,4,0
22974,4,3
22975,4,3
22976,4,3
22977,4,4
22978,4,4
22979,4,3
22980,4,4
22981,4,0
22982,4,2
22983,4,4
22984,4,4
22985,4,1
22986,4,1
22987,4,0
22988,4,3
22989,4,2
22990,4,3
22991,4,1
22992,4,4
22993,4,1
22994,4,4
22995,4,4
22996,4,4
22997,4,4
22998,4,4
22999,4,1
23000,4,3
23001,4,2
23002,4,0
23003,4,4
23004,4,0
23005,4,4
23006,4,2
23007,4,2
23008,4,4
23009,4,2
23010,4,1
23011,4,3
23012,4,1
23013,4,0
23014,4,4
23015,4,4
23016,4,4
23017,4,4
23018,4,2
23019,4,4
23020,4,2
23021,4,2
23022,4,4
23023,4,4
23024,4,3
23025,4,2
23026,4,3
23027,4,3
23028,4,2
23029,4,3
23030,4,0
23031,4,4
23032,4,4
23033,4,2
23034,4,2
23035,4,1
23036,4,0
23037,4,4
23038,4,2
23039,4,1
23040,4,4
23041,4,1
23042,4,1
23043,4,4
23044,4,4
23045,4,4
23046,4,3
23047,4,2
23048,4,1
23049,4,1
23050,4,1
23051,4,1
23052,4,2
23053,4,2
23054,4,4
23055,4,0
23056,4,4
23057,4,2
23058,4,4
23059,4,3
23060,4,3
23061,4,1
23062,4,1
23063,4,4
23064,4,4
23065,4,1
23066,4,2
23067,4,0
23068,4,2
23069,4,0
23070,4,4
23071,4,4
23072,4,1
23073,4,3
23074,4,1
23075,4,3
23076,4,3
23077,4,3
23078,4,4
23079,4,2
23080,4,2
23081,4,2
23082,4,2
23083,4,4
23084,4,0
23085,4,0
23086,4,3
23087,4,1
23088,4,2
23089,4,0
23090,4,1
23091,4,1
23092,4,2
23093,4,0
23094,4,0
23095,4,2
23096,4,0
23097,4,2
23098,4,3
23099,4,4
23100,4,2
23101,4,1
23102,4,0
23103,4,0
23104,4,3
23105,4,4
23106,4,1
23107,4,3
23108,4,0
23109,4,0
23110,4,4
23111,4,0
23112,4,2
23113,4,3
23114,4,1
23115,4,2
23116,4,4
23117,4,2
23118,4,3
23119,4,1
23120,4,2
23121,4,4
23122,4,1
23123,4,3
23124,4,4
23125,4,3
23126,4,2
23127,4,4
23128,4,2
23129,4,1
23130,4,1
23131,4,2
23132,4,1
23133,4,4
23134,4,2
23135,4,4
23136,4,4
23137,4,4
23138,4,4
23139,4,2
23140,4,2
23141,4,4
23142,4,4
23143,4,0
23144,4,4
23145,4,4
23146,4,0
23147,4,4
23148,4,0
23149,4,3
23150,4,2
23151,4,2
23152,4,0
23153,4,2
23154,4,1
23155,4,2
23156,4,4
23157,4,4
23158,4,4
23159,4,3
23160,4,1
23161,4,1
23162,4,3
23163,4,0
23164,4,2
23165,4,4
23166,4,0
23167,4,0
23168,4,4
23169,4,0
23170,4,2
23171,4,2
23172,4,3
23173,4,2
23174,4,2
23175,4,2
23176,4,4
23177,4,2
23178,4,2
23179,4,1
23180,4,3
23181,4,2
23182,4,4
23183,4,4
23184,4,2
23185,4,4
23186,4,0
23187,4,2
23188,4,2
23189,4,3
23190,4,2
23191,4,4
23192,4,0
23193,4,2
23194,4,0
23195,4,1
23196,4,3
23197,4,1
23198,4,4
23199,4,1
23200,4,1
23201,4,4
23202,4,2
23203,4,0
23204,4,4
23205,4,3
23206,4,4
23207,4,1
23208,4,2
23209,4,3
23210,4,2
23211,4,3
23212,4,4
23213,4,4
23214,4,0
23215,4,4
23216,4,4
23217,4,3
23218,4,0
23219,4,2
23220,4,2
23221,4,2
23222,4,1
23223,4,2
23224,4,4
23225,4,3
23226,4,3
23227,4,1
23228,4,2
23229,4,4
23230,4,4
23231,4,0
23232,4,4
23233,4,0
23234,4,4
23235,4,0
23236,4,0
23237,4,1
23238,4,3
23239,4,3
23240,4,4
23241,4,4
23242,4,3
23243,4,4
23244,4,0
23245,4,4
23246,4,1
23247,4,0
23248,4,0
23249,4,3
23250,4,1
23251,4,4
23252,4,4
23253,4,2
23254,4,3
23255,4,2
23256,4,4
23257,4,2
23258,4,1
23259,4,0
23260,4,2
23261,4,0
23262,4,2
23263,4,2
23264,4,0
23265,4,4
23266,4,2
23267,4,0
23268,4,3
23269,4,3
23270,4,4
23271,4,0
23272,4,0
23273,4,3
23274,4,2
23275,4,2
23276,4,2
23277,4,3
23278,4,2
23279,4,1
23280,4,3
23281,4,3
23282,4,4
23283,4,1
23284,4,2
23285,4,0
23286,4,1
23287,4,3
23288,4,3
23289,4,2
23290,4,4
23291,4,3
23292,4,3
23293,4,1
23294,4,2
23295,4,2
23296,4,1
23297,4,1
23298,4,3
23299,4,0
23300,4,2
23301,4,3
23302,4,2
23303,4,3
23304,4,2
23305,4,4
23306,4,0
23307,4,4
23308,4,3
23309,4,4
23310,4,3
23311,4,0
23312,4,4
23313,4,4
23314,4,4
23315,4,3
23316,4,2
23317,4,0
23318,4,2
23319,4,3
23320,4,1
23321,4,1
23322,4,3
23323,4,4
23324,4,3
23325,4,3
23326,4,1
23327,4,3
23328,4,2
23329,4,4
23330,4,0
23331,4,1
23332,4,4
23333,4,2
23334,4,3
23335,4,4
23336,4,4
23337,4,1
23338,4,4
23339,4,2
23340,4,0
23341,4,0
23342,4,1
23343,4,4
23344,4,4
23345,4,4
23346,4,0
23347,4,4
23348,4,4
23349,4,0
23350,4,2
23351,4,1
23352,4,1
23353,4,3
23354,4,4
23355,4,1
23356,4,4
23357,4,4
23358,4,4
23359,4,4
23360,4,1
23361,4,2
23362,4,3
23363,4,3
23364,4,0
23365,4,0
23366,4,4
23367,4,0
23368,4,0
23369,4,0
23370,4,1
23371,4,2
23372,4,4
23373,4,4
23374,4,1
23375,4,3
23376,4,2
23377,4,1
23378,4,4
23379,4,2
23380,4,4
23381,4,1
23382,4,3
23383,4,4
23384,4,2
23385,4,4
23386,4,4
23387,4,3
23388,4,4
23389,4,3
23390,4,4
23391,4,2
23392,4,4
23393,4,2
23394,4,4
23395,4,2
23396,4,1
23397,4,0
23398,4,2
23399,4,4
23400,4,4
23401,4,4
23402,4,4
23403,4,4
23404,4,4
23405,4,2
23406,4,1
23407,4,1
23408,4,2
23409,4,4
23410,4,3
23411,4,2
23412,4,2
23413,4,3
23414,4,4
23415,4,4
23416,4,0
23417,4,3
23418,4,4
23419,4,2
23420,4,4
23421,4,0
23422,4,2
23423,4,3
23424,4,0
23425,4,0
23426,4,2
23427,4,2
23428,4,4
23429,4,1
23430,4,4
23431,4,1
23432,4,4
23433,4,4
23434,4,3
23435,4,0
23436,4,4
23437,4,3
23438,4,1
23439,4,1
23440,4,3
23441,4,0
23442,4,4
23443,4,4
23444,4,0
23445,4,4
23446,4,0
23447,4,2
23448,4,2
23449,4,4
23450,4,2
23451,4,2
23452,4,4
23453,4,4
23454,4,4
23455,4,3
23456,4,2
23457,4,2
23458,4,3
23459,4,4
23460,4,0
23461,4,4
23462,4,2
23463,4,2
23464,4,2
23465,4,4
23466,4,0
23467,4,3
23468,4,4
23469,4,0
23470,4,1
23471,4,2
23472,4,4
23473,4,1
23474,4,0
23475,4,4
23476,4,3
23477,4,2
23478,4,2
23479,4,0
23480,4,3
23481,4,1
23482,4,2
23483,4,0
23484,4,0
23485,4,4
23486,4,2
23487,4,3
23488,4,2
23489,4,2
23490,4,4
23491,4,1
23492,4,0
23493,4,3
23494,4,4
23495,4,3
23496,4,4
23497,4,0
23498,4,3
23499,4,4
23500,4,3
23501,4,2
23502,4,4
23503,4,1
23504,4,4
23505,4,4
23506,4,4
23507,4,4
23508,4,4
23509,4,4
23510,4,4
23511,4,0
23512,4,0
23513,4,3
23514,4,4
23515,4,2
23516,4,2
23517,4,1
23518,4,4
23519,4,3
23520,4,4
23521,4,2
23522,4,0
23523,4,4
23524,4,2
23525,4,4
23526,4,0
23527,4,2
23528,4,2
23529,4,0
23530,4,3
23531,4,4
23532,4,1
23533,4,0
23534,4,4
23535,4,2
23536,4,4
23537,4,4
23538,4,1
23539,4,0
23540,4,2
23541,4,1
23542,4,1
23543,4,2
23544,4,2
23545,4,2
23546,4,0
23547,4,1
23548,4,2
23549,4,1
23550,4,2
23551,4,1
23552,4,0
23553,4,2
23554,4,4
23555,4,0
23556,4,2
23557,4,4
23558,4,1
23559,4,4
23560,4,2
23561,4,1
23562,4,2
23563,4,4
23564,4,1
23565,4,4
23566,4,4
23567,4,4
23568,4,2
23569,4,2
23570,4,1
23571,4,3
23572,4,2
23573,4,0
23574,4,4
23575,4,0
23576,4,0
23577,4,3
23578,4,4
23579,4,4
23580,4,1
23581,4,4
23582,4,3
23583,4,4
23584,4,3
23585,4,3
23586,4,3
23587,4,3
23588,4,3
23589,4,2
23590,4,3
23591,4,4
23592,4,2
23593,4,0
23594,4,2
23595,4,2
23596,4,1
23597,4,3
23598,4,0
23599,4,4
23600,4,3
23601,4,2
23602,4,3
23603,4,4
23604,4,0
23605,4,4
23606,4,2
23607,4,4
23608,4,3
23609,4,2
23610,4,1
23611,4,3
23612,4,2
23613,4,4
23614,4,0
23615,4,4
23616,4,4
23617,4,1
23618,4,2
23619,4,4
23620,4,4
23621,4,3
23622,4,0
23623,4,2
23624,4,0
23625,4,2
23626,4,1
23627,4,4
23628,4,2
23629,4,4
23630,4,0
23631,4,0
23632,4,1
23633,4,0
23634,4,2
23635,4,3
23636,4,4
23637,4,2
23638,4,4
23639,4,4
23640,4,2
23641,4,4
23642,4,0
23643,4,2
23644,4,2
23645,4,3
23646,4,2
23647,4,1
23648,4,0
23649,4,3
23650,4,4
23651,4,2
23652,4,4
23653,4,3
23654,4,3
23655,4,1
23656,4,2
23657,4,3
23658,4,0
23659,4,4
23660,4,2
23661,4,4
23662,4,2
23663,4,2
23664,4,2
23665,4,0
23666,4,0
23667,4,4
23668,4,2
23669,4,4
23670,4,2
23671,4,4
23672,4,4
23673,4,2
23674,4,0
23675,4,4
23676,4,2
23677,4,2
23678,4,2
23679,4,4
23680,4,3
23681,4,3
23682,4,4
23683,4,2
23684,4,0
23685,4,2
23686,4,1
23687,4,1
23688,4,0
23689,4,0
23690,4,3
23691,4,0
23692,4,4
23693,4,3
23694,4,3
23695,4,2
23696,4,3
23697,4,2
23698,4,1
23699,4,3
23700,4,2
23701,4,4
23702,4,4
23703,4,0
23704,4,4
23705,4,3
23706,4,2
23707,4,2
23708,4,2
23709,4,0
23710,4,0
23711,4,0
23712,4,0
23713,4,0
23714,4,2
23715,4,1
23716,4,1
23717,4,3
23718,4,4
23719,4,2
23720,4,4
23721,4,2
23722,4,2
23723,4,2
23724,4,4
23725,4,3
23726,4,3
23727,4,4
23728,4,3
23729,4,1
23730,4,2
23731,4,4
23732,4,2
23733,4,1
23734,4,2
23735,4,0
23736,4,2
23737,4,1
23738,4,2
23739,4,4
23740,4,2
23741,4,4
23742,4,4
23743,4,4
23744,4,0
23745,4,1
23746,4,3
23747,4,3
23748,4,2
23749,4,3
23750,4,4
23751,4,2
23752,4,2
23753,4,0
23754,4,4
23755,4,4
23756,4,4
23757,4,2
23758,4,2
23759,4,2
23760,4,0
23761,4,2
23762,4,4
23763,4,3
23764,4,4
23765,4,4
23766,4,0
23767,4,3
23768,4,1
23769,4,4
23770,4,4
23771,4,0
23772,4,2
23773,4,0
23774,4,3
23775,4,0
23776,4,3
23777,4,1
23778,4,0
23779,4,0
23780,4,3
23781,4,3
23782,4,1
23783,4,4
23784,4,1
23785,4,2
23786,4,2
23787,4,2
23788,4,4
23789,4,2
23790,4,4
23791,4,4
23792,4,4
23793,4,2
23794,4,2
23795,4,4
23796,4,1
23797,4,3
23798,4,2
23799,4,4
23800,4,4
23801,4,2
23802,4,1
23803,4,4
23804,4,4
23805,4,1
23806,4,0
23807,4,3
23808,4,1
23809,4,2
23810,4,3
23811,4,3
23812,4,4
23813,4,3
23814,4,1
23815,4,4
23816,4,4
23817,4,4
23818,4,1
23819,4,2
23820,4,4
23821,4,0
23822,4,4
23823,4,3
23824,4,2
23825,4,0
23826,4,4
23827,4,4
23828,4,3
23829,4,2
23830,4,3
23831,4,2
23832,4,4
23833,4,0
23834,4,0
23835,4,4
23836,4,4
23837,4,1
23838,4,4
23839,4,4
23840,4,1
23841,4,0
23842,4,3
23843,4,2
23844,4,2
23845,4,2
23846,4,1
23847,4,2
23848,4,3
23849,4,3
23850,4,2
23851,4,2
23852,4,2
23853,4,4
23854,4,2
23855,4,2
23856,4,0
23857,4,1
23858,4,3
23859,4,2
23860,4,1
23861,4,2
23862,4,0
23863,4,1
23864,4,4
23865,4,3
23866,4,4
23867,4,4
23868,4,2
23869,4,1
23870,4,4
23871,4,4
23872,4,4
23873,4,3
23874,4,3
23875,4,0
23876,4,4
23877,4,4
23878,4,2
23879,4,4
23880,4,1
23881,4,0
23882,4,4
23883,4,2
23884,4,2
23885,4,2
23886,4,4
23887,4,3
23888,4,1
23889,4,2
23890,4,4
23891,4,1
23892,4,3
23893,4,1
23894,4,1
23895,4,4
23896,4,2
23897,4,2
23898,4,2
23899,4,4
23900,4,4
23901,4,0
23902,4,2
23903,4,4
23904,4,4
23905,4,3
23906,4,0
23907,4,0
23908,4,3
23909,4,2
23910,4,2
23911,4,4
23912,4,3
23913,4,4
23914,4,2
23915,4,1
23916,4,2
23917,4,4
23918,4,4
23919,4,3
23920,4,2
23921,4,4
23922,4,3
23923,4,2
23924,4,2
23925,4,3
23926,4,2
23927,4,1
23928,4,2
23929,4,4
23930,4,1
23931,4,4
23932,4,4
23933,4,3
23934,4,4
23935,4,2
23936,4,3
23937,4,4
23938,4,0
23939,4,4
23940,4,2
23941,4,1
23942,4,4
23943,4,2
23944,4,4
23945,4,4
23946,4,3
23947,4,4
23948,4,0
23949,4,3
23950,4,3
23951,4,3
23952,4,0
23953,4,4
23954,4,1
23955,4,3
23956,4,0
23957,4,2
23958,4,0
23959,4,0
23960,4,2
23961,4,4
23962,4,1
23963,4,4
23964,4,3
23965,4,3
23966,4,2
23967,4,3
23968,4,4
23969,4,4
23970,4,1
23971,4,1
23972,4,1
23973,4,4
23974,4,0
23975,4,0
23976,4,0
23977,4,2
23978,4,3
23979,4,2
23980,4,3
23981,4,1
23982,4,2
23983,4,3
23984,4,3
23985,4,3
23986,4,2
23987,4,1
23988,4,4
23989,4,3
23990,4,4
23991,4,0
23992,4,2
23993,4,2
23994,4,1
23995,4,4
23996,4,2
23997,4,3
23998,4,4
23999,4,1
24000,4,4
24001,4,0
24002,4,2
24003,4,0
24004,4,4
24005,4,4
24006,4,0
24007,4,3
24008,4,2
24009,4,1
24010,4,4
24011,4,3
24012,4,2
24013,4,1
24014,4,4
24015,4,1
24016,4,3
24017,4,3
24018,4,3
24019,4,2
24020,4,3
24021,4,0
24022,4,4
24023,4,3
24024,4,4
24025,4,1
24026,4,2
24027,4,0
24028,4,2
24029,4,0
24030,4,0
24031,4,2
24032,4,0
24033,4,0
24034,4,2
24035,4,0
24036,4,2
24037,4,3
24038,4,1
24039,4,0
24040,4,0
24041,4,4
24042,4,4
24043,4,4
24044,4,0
24045,4,2
24046,4,2
24047,4,3
24048,4,4
24049,4,3
24050,4,2
24051,4,2
24052,4,1
24053,4,0
24054,4,4
24055,4,4
24056,4,2
24057,4,3
24058,4,0
24059,4,4
24060,4,0
24061,4,2
24062,4,0
24063,4,4
24064,4,4
24065,4,4
24066,4,2
24067,4,1
24068,4,0
24069,4,4
24070,4,0
24071,4,1
24072,4,1
24073,4,4
24074,4,4
24075,4,3
24076,4,4
24077,4,0
24078,4,2
24079,4,4
24080,4,2
24081,4,1
24082,4,1
24083,4,4
24084,4,2
24085,4,3
24086,4,4
24087,4,0
24088,4,0
24089,4,1
24090,4,4
24091,4,3
24092,4,4
24093,4,2
24094,4,3
24095,4,1
24096,4,0
24097,4,4
24098,4,1
24099,4,3
24100,4,0
24101,4,2
24102,4,4
24103,4,3
24104,4,4
24105,4,3
24106,4,1
24107,4,0
24108,4,2
24109,4,1
24110,4,0
24111,4,1
24112,4,4
24113,4,1
24114,4,0
24115,4,4
24116,4,3
24117,4,0
24118,4,2
24119,4,0
24120,4,2
24121,4,4
24122,4,2
24123,4,2
24124,4,4
24125,4,4
24126,4,0
24127,4,4
24128,4,4
24129,4,2
24130,4,2
24131,4,3
24132,4,4
24133,4,0
24134,4,2
24135,4,4
24136,4,0
24137,4,4
24138,4,2
24139,4,2
24140,4,2
24141,4,0
24142,4,3
24143,4,2
24144,4,4
24145,4,3
24146,4,4
24147,4,1
24148,4,4
24149,4,1
24150,4,2
24151,4,0
24152,4,4
24153,4,1
24154,4,4
24155,4,1
24156,4,3
24157,4,2
24158,4,0
24159,4,2
24160,4,3
24161,4,4
24162,4,2
24163,4,1
24164,4,3
24165,4,2
24166,4,0
24167,4,4
24168,4,3
24169,4,2
24170,4,4
24171,4,0
24172,4,4
24173,4,3
24174,4,4
24175,4,4
24176,4,4
24177,4,2
24178,4,2
24179,4,1
24180,4,2
24181,4,1
24182,4,2
24183,4,2
24184,4,2
24185,4,1
24186,4,2
24187,4,4
24188,4,3
24189,4,1
24190,4,2
24191,4,4
24192,4,0
24193,4,4
24194,4,2
24195,4,1
24196,4,0
24197,4,4
24198,4,1
24199,4,3
24200,4,2
24201,4,1
24202,4,2
24203,4,4
24204,4,4
24205,4,0
24206,4,1
24207,4,2
24208,4,3
24209,4,0
24210,4,2
24211,4,2
24212,4,2
24213,4,4
24214,4,4
24215,4,4
24216,4,1
24217,4,1
24218,4,2
24219,4,4
24220,4,2
24221,4,3
24222,4,4
24223,4,3
24224,4,3
24225,4,4
24226,4,3
24227,4,0
24228,4,4
24229,4,4
24230,4,4
24231,4,3
24232,4,2
24233,4,4
24234,4,3
24235,4,1
24236,4,3
24237,4,4
24238,4,4
24239,4,3
24240,4,3
24241,4,4
24242,4,2
24243,4,1
24244,4,2
24245,4,2
24246,4,0
24247,4,4
24248,4,2
24249,4,3
24250,4,2
24251,4,2
24252,4,3
24253,4,3
24254,4,4
24255,4,0
24256,4,4
24257,4,3
24258,4,4
24259,4,3
24260,4,4
24261,4,4
24262,4,2
24263,4,2
24264,4,2
24265,4,4
24266,4,4
24267,4,2
24268,4,4
24269,4,4
24270,4,1
24271,4,0
24272,4,2
24273,4,3
24274,4,4
24275,4,1
24276,4,2
24277,4,2
24278,4,1
24279,4,4
24280,4,4
24281,4,4
24282,4,4
24283,4,1
24284,4,4
24285,4,0
24286,4,4
24287,4,3
24288,4,4
24289,4,4
24290,4,4
24291,4,1
24292,4,2
24293,4,1
24294,4,0
24295,4,2
24296,4,4
24297,4,2
24298,4,4
24299,4,3
24300,4,2
24301,4,4
24302,4,4
24303,4,2
24304,4,4
24305,4,4
24306,4,1
24307,4,0
24308,4,4
24309,4,3
24310,4,3
24311,4,2
24312,4,4
24313,4,2
24314,4,0
24315,4,4
24316,4,4
24317,4,3
24318,4,4
24319,4,3
24320,4,2
24321,4,0
24322,4,0
24323,4,4
24324,4,4
24325,4,4
24326,4,4
24327,4,2
24328,4,3
24329,4,0
24330,4,0
24331,4,1
24332,4,2
24333,4,2
24334,4,0
24335,4,1
24336,4,3
24337,4,2
24338,4,4
24339,4,1
24340,4,1
24341,4,3
24342,4,1
24343,4,0
24344,4,4
24345,4,2
24346,4,4
24347,4,4
24348,4,1
24349,4,3
24350,4,2
24351,4,1
24352,4,4
24353,4,1
24354,4,4
24355,4,4
24356,4,2
24357,4,4
24358,4,4
24359,4,4
24360,4,1
24361,4,2
24362,4,4
24363,4,4
24364,4,4
24365,4,2
24366,4,2
24367,4,4
24368,4,4
24369,4,4
24370,4,0
24371,4,4
24372,4,3
24373,4,3
24374,4,3
24375,4,0
24376,4,4
24377,4,3
24378,4,2
24379,4,2
24380,4,4
24381,4,2
24382,4,4
24383,4,1
24384,4,2
24385,4,4
24386,4,2
24387,4,2
24388,4,4
24389,4,3
24390,4,2
24391,4,3
24392,4,4
24393,4,4
24394,4,4
24395,4,0
24396,4,4
24397,4,2
24398,4,1
24399,4,2
24400,4,2
24401,4,4
24402,4,0
24403,4,0
24404,4,2
24405,4,0
24406,4,4
24407,4,2
24408,4,0
24409,4,4
24410,4,2
24411,4,2
24412,4,4
24413,4,4
24414,4,4
24415,4,2
24416,4,4
24417,4,3
24418,4,3
24419,4,2
24420,4,0
24421,4,1
24422,4,1
24423,4,3
24424,4,4
24425,4,2
24426,4,4
24427,4,1
24428,4,3
24429,4,4
24430,4,3
24431,4,4
24432,4,0
24433,4,2
24434,4,0
24435,4,2
24436,4,4
24437,4,4
24438,4,4
24439,4,4
24440,4,2
24441,4,4
24442,4,0
24443,4,0
24444,4,0
24445,4,4
24446,4,0
24447,4,1
24448,4,4
24449,4,3
24450,4,0
24451,4,0
24452,4,0
24453,4,4
24454,4,2
24455,4,0
24456,4,3
24457,4,4
24458,4,4
24459,4,3
24460,4,4
24461,4,0
24462,4,2
24463,4,2
24464,4,0
24465,4,2
24466,4,4
24467,4,2
24468,4,4
24469,4,3
24470,4,2
24471,4,1
24472,4,4
24473,4,1
24474,4,4
24475,4,2
24476,4,1
24477,4,2
24478,4,2
24479,4,4
24480,4,3
24481,4,4
24482,4,2
24483,4,4
24484,4,2
24485,4,1
24486,4,2
24487,4,4
24488,4,3
24489,4,2
24490,4,3
24491,4,4
24492,4,4
24493,4,4
24494,4,0
24495,4,3
24496,4,2
24497,4,3
24498,4,4
24499,4,4
24500,4,4
24501,4,0
24502,4,1
24503,4,4
24504,4,2
24505,4,2
24506,4,3
24507,4,4
24508,4,1
24509,4,4
24510,4,2
24511,4,3
24512,4,1
24513,4,4
24514,4,4
24515,4,4
24516,4,2
24517,4,2
24518,4,0
24519,4,4
24520,4,3
24521,4,2
24522,4,3
24523,4,4
24524,4,0
24525,4,0
24526,4,2
24527,4,2
24528,4,3
24529,4,2
24530,4,2
24531,4,4
24532,4,0
24533,4,3
24534,4,3
24535,4,0
24536,4,1
24537,4,4
24538,4,4
24539,4,0
24540,4,3
24541,4,4
24542,4,3
24543,4,4
24544,4,4
24545,4,3
24546,4,0
24547,4,3
24548,4,1
24549,4,3
24550,4,2
24551,4,2
24552,4,3
24553,4,2
24554,4,2
24555,4,4
24556,4,2
24557,4,4
24558,4,1
24559,4,3
24560,4,1
24561,4,2
24562,4,3
24563,4,0
24564,4,2
24565,4,3
24566,4,4
24567,4,4
24568,4,3
24569,4,1
24570,4,4
24571,4,4
24572,4,0
24573,4,2
24574,4,3
24575,4,0
24576,4,0
24577,4,2
24578,4,2
24579,4,3
24580,4,0
24581,4,4
24582,4,4
24583,4,0
24584,4,3
24585,4,4
24586,4,0
24587,4,4
24588,4,4
24589,4,0
24590,4,3
24591,4,4
24592,4,4
24593,4,4
24594,4,3
24595,4,3
24596,4,4
24597,4,2
24598,4,1
24599,4,3
24600,4,4
24601,4,2
24602,4,2
24603,4,2
24604,4,2
24605,4,2
24606,4,4
24607,4,2
24608,4,0
24609,4,2
24610,4,0
24611,4,4
24612,4,4
24613,4,3
24614,4,2
24615,4,2
24616,4,1
24617,4,4
24618,4,2
24619,4,1
24620,4,4
24621,4,1
24622,4,4
24623,4,4
24624,4,1
24625,4,0
24626,4,4
24627,4,3
24628,4,2
24629,4,1
24630,4,3
24631,4,4
24632,4,3
24633,4,0
24634,4,1
24635,4,4
24636,4,4
24637,4,2
24638,4,2
24639,4,4
24640,4,3
24641,4,3
24642,4,3
24643,4,1
24644,4,3
24645,4,0
24646,4,2
24647,4,2
24648,4,2
24649,4,4
24650,4,2
24651,4,1
24652,4,2
24653,4,0
24654,4,4
24655,4,2
24656,4,4
24657,4,4
24658,4,2
24659,4,3
24660,4,2
24661,4,4
24662,4,2
24663,4,2
24664,4,0
24665,4,0
24666,4,1
24667,4,3
24668,4,0
24669,4,2
24670,4,3
24671,4,1
24672,4,4
24673,4,0
24674,4,2
24675,4,0
24676,4,4
24677,4,2
24678,4,2
24679,4,0
24680,4,1
24681,4,2
24682,4,0
24683,4,3
24684,4,2
24685,4,1
24686,4,1
24687,4,4
24688,4,2
24689,4,3
24690,4,3
24691,4,1
24692,4,4
24693,4,4
24694,4,4
24695,4,4
24696,4,2
24697,4,4
24698,4,2
24699,4,0
24700,4,4
24701,4,4
24702,4,3
24703,4,3
24704,4,3
24705,4,3
24706,4,2
24707,4,2
24708,4,3
24709,4,3
24710,4,2
24711,4,3
24712,4,4
24713,4,1
24714,4,3
24715,4,4
24716,4,4
24717,4,2
24718,4,1
24719,4,0
24720,4,1
24721,4,4
24722,4,3
24723,4,1
24724,4,2
24725,4,3
24726,4,4
24727,4,4
24728,4,3
24729,4,4
24730,4,1
24731,4,2
24732,4,1
24733,4,1
24734,4,4
24735,4,0
24736,4,3
24737,4,4
24738,4,0
24739,4,2
24740,4,0
24741,4,0
24742,4,2
24743,4,2
24744,4,4
24745,4,4
24746,4,0
24747,4,2
24748,4,0
24749,4,2
24750,4,2
24751,4,1
24752,4,0
24753,4,0
24754,4,4
24755,4,2
24756,4,4
24757,4,4
24758,4,4
24759,4,3
24760,4,2
24761,4,1
24762,4,3
24763,4,0
24764,4,4
24765,4,2
24766,4,1
24767,4,3
24768,4,4
24769,4,4
24770,4,4
24771,4,0
24772,4,2
24773,4,0
24774,4,2
24775,4,0
24776,4,0
24777,4,3
24778,4,4
24779,4,3
24780,4,4
24781,4,4
24782,4,2
24783,4,0
24784,4,0
24785,4,4
24786,4,2
24787,4,3
24788,4,2
24789,4,3
24790,4,2
24791,4,1
24792,4,1
24793,4,0
24794,4,4
24795,4,2
24796,4,4
24797,4,4
24798,4,4
24799,4,2
24800,4,2
24801,4,4
24802,4,0
24803,4,4
24804,4,3
24805,4,3
24806,4,2
24807,4,4
24808,4,3
24809,4,1
24810,4,2
24811,4,1
24812,4,2
24813,4,0
24814,4,2
24815,4,3
24816,4,2
24817,4,4
24818,4,3
24819,4,0
24820,4,3
24821,4,4
24822,4,0
24823,4,3
24824,4,4
24825,4,4
24826,4,2
24827,4,4
24828,4,2
24829,4,2
24830,4,4
24831,4,2
24832,4,2
24833,4,0
24834,4,4
24835,4,0
24836,4,2
24837,4,0
24838,4,2
24839,4,2
24840,4,2
24841,4,1
24842,4,2
24843,4,4
24844,4,3
24845,4,0
24846,4,1
24847,4,2
24848,4,4
24849,4,4
24850,4,4
24851,4,4
24852,4,4
24853,4,2
24854,4,3
24855,4,4
24856,4,2
24857,4,1
24858,4,1
24859,4,0
24860,4,4
24861,4,0
24862,4,3
24863,4,1
24864,4,3
24865,4,1
24866,4,0
24867,4,2
24868,4,4
24869,4,3
24870,4,0
24871,4,4
24872,4,2
24873,4,2
24874,4,2
24875,4,4
24876,4,2
24877,4,2
24878,4,0
24879,4,4
24880,4,4
24881,4,2
24882,4,4
24883,4,0
24884,4,4
24885,4,2
24886,4,4
24887,4,2
24888,4,2
24889,4,4
24890,4,3
24891,4,0
24892,4,3
24893,4,1
24894,4,4
24895,4,0
24896,4,2
24897,4,3
24898,4,2
24899,4,4
24900,4,4
24901,4,4
24902,4,0
24903,4,2
24904,4,1
24905,4,0
24906,4,4
24907,4,1
24908,4,1
24909,4,4
24910,4,0
24911,4,2
24912,4,4
24913,4,3
24914,4,3
24915,4,2
24916,4,0
24917,4,3
24918,4,4
24919,4,3
24920,4,2
24921,4,0
24922,4,2
24923,4,2
24924,4,4
24925,4,3
24926,4,2
24927,4,3
24928,4,4
24929,4,2
24930,4,2
24931,4,2
24932,4,3
24933,4,1
24934,4,0
24935,4,2
24936,4,4
24937,4,3
24938,4,0
24939,4,2
24940,4,4
24941,4,3
24942,4,0
24943,4,4
24944,4,2
24945,4,1
24946,4,4
24947,4,4
24948,4,4
24949,4,2
24950,4,4
24951,4,1
24952,4,3
24953,4,0
24954,4,2
24955,4,3
24956,4,0
24957,4,4
24958,4,2
24959,4,3
24960,4,2
24961,4,0
24962,4,4
24963,4,4
24964,4,3
24965,4,0
24966,4,3
24967,4,2
24968,4,2
24969,4,2
24970,4,4
24971,4,3
24972,4,3
24973,4,3
24974,4,4
24975,4,4
24976,4,3
24977,4,2
24978,4,3
24979,4,0
24980,4,4
24981,4,4
24982,4,4
24983,4,4
24984,4,1
24985,4,3
24986,4,1
24987,4,2
24988,4,3
24989,4,4
24990,4,4
24991,4,1
24992,4,1
24993,4,4
24994,4,0
24995,4,2
24996,4,4
24997,4,2
24998,4,0
24999,4,2
25000,4,3
25001,4,2
25002,4,0
25003,4,3
25004,4,2
25005,4,2
25006,4,4
25007,4,1
25008,4,2
25009,4,2
25010,4,3
25011,4,0
25012,4,4
25013,4,3
25014,4,1
25015,4,3
25016,4,1
25017,4,4
25018,4,0
25019,4,0
25020,4,3
25021,4,3
25022,4,0
25023,4,4
25024,4,4
25025,4,4
25026,4,1
25027,4,4
25028,4,0
25029,4,1
25030,4,4
25031,4,2
25032,4,4
25033,4,3
25034,4,0
25035,4,2
25036,4,0
25037,4,0
25038,4,2
25039,4,1
25040,4,1
25041,4,4
25042,4,3
25043,4,4
25044,4,3
25045,4,1
25046,4,2
25047,4,1
25048,4,4
25049,4,2
25050,4,4
25051,4,2
25052,4,4
25053,4,4
25054,4,2
25055,4,2
25056,4,4
25057,4,4
25058,4,4
25059,4,0
25060,4,2
25061,4,1
25062,4,4
25063,4,2
25064,4,2
25065,4,0
25066,4,2
25067,4,4
25068,4,4
25069,4,2
25070,4,2
25071,4,2
25072,4,4
25073,4,4
25074,4,0
25075,4,2
25076,4,2
25077,4,4
25078,4,3
25079,4,2
25080,4,3
25081,4,4
25082,4,1
25083,4,4
25084,4,4
25085,4,3
25086,4,3
25087,4,0
25088,4,0
25089,4,1
25090,4,2
25091,4,0
25092,4,2
25093,4,2
25094,4,4
25095,4,4
25096,4,0
25097,4,1
25098,4,2
25099,4,0
25100,4,2
25101,4,3
25102,4,0
25103,4,1
25104,4,3
25105,4,4
25106,4,4
25107,4,1
25108,4,4
25109,4,4
25110,4,2
25111,4,2
25112,4,0
25113,4,2
25114,4,0
25115,4,1
25116,4,2
25117,4,4
25118,4,2
25119,4,3
25120,4,4
25121,4,3
25122,4,2
25123,4,0
25124,4,0
25125,4,4
25126,4,4
25127,4,0
25128,4,4
25129,4,4
25130,4,4
25131,4,2
25132,4,4
25133,4,3
25134,4,0
25135,4,4
25136,4,2
25137,4,0
25138,4,3
25139,4,1
25140,4,0
25141,4,4
25142,4,4
25143,4,4
25144,4,4
25145,4,4
25146,4,3
25147,4,0
25148,4,1
25149,4,2
25150,4,1
25151,4,0
25152,4,2
25153,4,4
25154,4,3
25155,4,2
25156,4,0
25157,4,1
25158,4,4
25159,4,3
25160,4,1
25161,4,2
25162,4,1
25163,4,0
25164,4,2
25165,4,0
25166,4,0
25167,4,0
25168,4,2
25169,4,1
25170,4,2
25171,4,4
25172,4,2
25173,4,4
25174,4,4
25175,4,3
25176,4,2
25177,4,4
25178,4,4
25179,4,4
25180,4,2
25181,4,2
25182,4,2
25183,4,1
25184,4,3
25185,4,0
25186,4,3
25187,4,2
25188,4,4
25189,4,4
25190,4,0
25191,4,3
25192,4,2
25193,4,0
25194,4,1
25195,4,3
25196,4,0
25197,4,3
25198,4,0
25199,4,3
25200,4,0
25201,4,4
25202,4,4
25203,4,3
25204,4,3
25205,4,4
25206,4,4
25207,4,0
25208,4,3
25209,4,2
25210,4,2
25211,4,4
25212,4,2
25213,4,4
25214,4,1
25215,4,4
25216,4,0
25217,4,3
25218,4,2
25219,4,4
25220,4,2
25221,4,1
25222,4,0
25223,4,3
25224,4,2
25225,4,3
25226,4,2
25227,4,4
25228,4,2
25229,4,2
25230,4,3
25231,4,3
25232,4,0
25233,4,4
25234,4,3
25235,4,2
25236,4,1
25237,4,2
25238,4,1
25239,4,4
25240,4,2
25241,4,4
25242,4,3
25243,4,4
25244,4,0
25245,4,4
25246,4,4
25247,4,4
25248,4,0
25249,4,4
25250,4,2
25251,4,1
25252,4,1
25253,4,0
25254,4,3
25255,4,1
25256,4,4
25257,4,1
25258,4,4
25259,4,4
25260,4,0
25261,4,2
25262,4,1
25263,4,2
25264,4,4
25265,4,0
25266,4,4
25267,4,2
25268,4,4
25269,4,0
25270,4,2
25271,4,4
25272,4,4
25273,4,4
25274,4,4
25275,4,1
25276,4,4
25277,4,4
25278,4,4
25279,4,2
25280,4,3
25281,4,4
25282,4,4
25283,4,0
25284,4,4
25285,4,2
25286,4,1
25287,4,2
25288,4,2
25289,4,2
25290,4,0
25291,4,4
25292,4,1
25293,4,2
25294,4,2
25295,4,4
25296,4,3
25297,4,0
25298,4,2
25299,4,4
25300,4,2
25301,4,0
25302,4,4
25303,4,2
25304,4,2
25305,4,3
25306,4,4
25307,4,1
25308,4,4
25309,4,0
25310,4,4
25311,4,0
25312,4,4
25313,4,0
25314,4,4
25315,4,4
25316,4,0
25317,4,3
25318,4,4
25319,4,2
25320,4,0
25321,4,1
25322,4,0
25323,4,4
25324,4,4
25325,4,0
25326,4,4
25327,4,2
25328,4,4
25329,4,2
25330,4,2
25331,4,3
25332,4,1
25333,4,1
25334,4,4
25335,4,3
25336,4,4
25337,4,2
25338,4,1
25339,4,2
25340,4,2
25341,4,3
25342,4,3
25343,4,4
25344,4,3
25345,4,4
25346,4,4
25347,4,3
25348,4,2
25349,4,1
25350,4,2
25351,4,3
25352,4,4
25353,4,2
25354,4,2
25355,4,2
25356,4,4
25357,4,3
25358,4,2
25359,4,2
25360,4,3
25361,4,1
25362,4,3
25363,4,0
25364,4,3
25365,4,3
25366,4,4
25367,4,4
25368,4,0
25369,4,3
25370,4,2
25371,4,3
25372,4,4
25373,4,1
25374,4,3
25375,4,1
25376,4,3
25377,4,3
25378,4,4
25379,4,0
25380,4,2
25381,4,1
25382,4,2
25383,4,2
25384,4,3
25385,4,1
25386,4,2
25387,4,1
25388,4,2
25389,4,4
25390,4,4
25391,4,2
25392,4,2
25393,4,2
25394,4,4
25395,4,1
25396,4,4
25397,4,0
25398,4,4
25399,4,0
25400,4,2
25401,4,4
25402,4,3
25403,4,3
25404,4,1
25405,4,4
25406,4,1
25407,4,3
25408,4,2
25409,4,4
25410,4,3
25411,4,2
25412,4,2
25413,4,2
25414,4,1
25415,4,0
25416,4,4
25417,4,1
25418,4,0
25419,4,4
25420,4,0
25421,4,3
25422,4,4
25423,4,0
25424,4,2
25425,4,3
25426,4,4
25427,4,0
25428,4,4
25429,4,2
25430,4,3
25431,4,0
25432,4,0
25433,4,3
25434,4,2
25435,4,0
25436,4,2
25437,4,4
25438,4,0
25439,4,2
25440,4,1
25441,4,2
25442,4,4
25443,4,0
25444,4,3
25445,4,4
25446,4,0
25447,4,1
25448,4,3
25449,4,1
25450,4,2
25451,4,4
25452,4,2
25453,4,3
25454,4,4
25455,4,3
25456,4,3
25457,4,3
25458,4,3
25459,4,2
25460,4,0
25461,4,4
25462,4,4
25463,4,4
25464,4,0
25465,4,4
25466,4,2
25467,4,2
25468,4,2
25469,4,0
25470,4,1
25471,4,4
25472,4,4
25473,4,4
25474,4,2
25475,4,1
25476,4,4
25477,4,3
25478,4,3
25479,4,2
25480,4,1
25481,4,4
25482,4,4
25483,4,2
25484,4,3
25485,4,4
25486,4,3
25487,4,0
25488,4,4
25489,4,3
25490,4,2
25491,4,0
25492,4,0
25493,4,4
25494,4,2
25495,4,2
25496,4,1
25497,4,3
25498,4,3
25499,4,4
25500,4,3
25501,4,3
25502,4,4
25503,4,4
25504,4,4
25505,4,4
25506,4,2
25507,4,4
25508,4,0
25509,4,3
25510,4,4
25511,4,2
25512,4,2
25513,4,4
25514,4,0
25515,4,2
25516,4,2
25517,4,0
25518,4,4
25519,4,2
25520,4,4
25521,4,1
25522,4,3
25523,4,2
25524,4,1
25525,4,3
25526,4,0
25527,4,2
25528,4,0
25529,4,4
25530,4,4
25531,4,4
25532,4,1
25533,4,4
25534,4,4
25535,4,2
25536,4,4
25537,4,1
25538,4,2
25539,4,3
25540,4,3
25541,4,0
25542,4,1
25543,4,4
25544,4,4
25545,4,0
25546,4,2
25547,4,4
25548,4,3
25549,4,3
25550,4,3
25551,4,2
25552,4,0
25553,4,2
25554,4,1
25555,4,2
25556,4,4
25557,4,4
25558,4,0
25559,4,0
25560,4,2
25561,4,4
25562,4,2
25563,4,3
25564,4,3
25565,4,4
25566,4,1
25567,4,0
25568,4,4
25569,4,4
25570,4,2
25571,4,2
25572,4,4
25573,4,2
25574,4,0
25575,4,1
25576,4,0
25577,4,4
25578,4,4
25579,4,4
25580,4,1
25581,4,4
25582,4,0
25583,4,3
25584,4,4
25585,4,2
25586,4,2
25587,4,2
25588,4,2
25589,4,1
25590,4,3
25591,4,4
25592,4,4
25593,4,3
25594,4,2
25595,4,1
25596,4,3
25597,4,4
25598,4,4
25599,4,4
25600,4,1
25601,4,1
25602,4,4
25603,4,2
25604,4,2
25605,4,2
25606,4,3
25607,4,4
25608,4,2
25609,4,0
25610,4,2
25611,4,2
25612,4,3
25613,4,0
25614,4,4
25615,4,4
25616,4,4
25617,4,2
25618,4,2
25619,4,2
25620,4,4
25621,4,4
25622,4,3
25623,4,4
25624,4,2
25625,4,0
25626,4,2
25627,4,2
25628,4,2
25629,4,4
25630,4,3
25631,4,2
25632,4,2
25633,4,4
25634,4,1
25635,4,3
25636,4,2
25637,4,2
25638,4,4
25639,4,4
25640,4,0
25641,4,3
25642,4,2
25643,4,0
25644,4,4
25645,4,4
25646,4,0
25647,4,2
25648,4,3
25649,4,4
25650,4,4
25651,4,2
25652,4,4
25653,4,0
25654,4,4
25655,4,2
25656,4,0
25657,4,2
25658,4,3
25659,4,2
25660,4,0
25661,4,1
25662,4,0
25663,4,4
25664,4,4
25665,4,1
25666,4,3
25667,4,4
25668,4,2
25669,4,1
25670,4,2
25671,4,4
25672,4,0
25673,4,0
25674,4,2
25675,4,2
25676,4,3
25677,4,4
25678,4,1
25679,4,2
25680,4,0
25681,4,3
25682,4,4
25683,4,1
25684,4,4
25685,4,2
25686,4,2
25687,4,4
25688,4,3
25689,4,3
25690,4,0
25691,4,0
25692,4,1
25693,4,0
25694,4,2
25695,4,2
25696,4,4
25697,4,1
25698,4,2
25699,4,2
25700,4,1
25701,4,1
25702,4,3
25703,4,4
25704,4,2
25705,4,2
25706,4,2
25707,4,4
25708,4,3
25709,4,4
25710,4,2
25711,4,2
25712,4,0
25713,4,4
25714,4,2
25715,4,3
25716,4,3
25717,4,1
25718,4,0
25719,4,2
25720,4,2
25721,4,4
25722,4,2
25723,4,2
25724,4,2
25725,4,1
25726,4,0
25727,4,4
25728,4,2
25729,4,3
25730,4,1
25731,4,0
25732,4,0
25733,4,4
25734,4,4
25735,4,2
25736,4,0
25737,4,3
25738,4,2
25739,4,1
25740,4,4
25741,4,3
25742,4,3
25743,4,2
25744,4,4
25745,4,3
25746,4,2
25747,4,2
25748,4,4
25749,4,2
25750,4,3
25751,4,4
25752,4,4
25753,4,1
25754,4,4
25755,4,4
25756,4,4
25757,4,3
25758,4,4
25759,4,0
25760,4,2
25761,4,0
25762,4,1
25763,4,4
25764,4,4
25765,4,3
25766,4,3
25767,4,3
25768,4,1
25769,4,1
25770,4,3
25771,4,1
25772,4,1
25773,4,3
25774,4,4
25775,4,0
25776,4,4
25777,4,1
25778,4,4
25779,4,2
25780,4,4
25781,4,3
25782,4,2
25783,4,4
25784,4,3
25785,4,0
25786,4,2
25787,4,3
25788,4,2
25789,4,4
25790,4,0
25791,4,2
25792,4,3
25793,4,4
25794,4,3
25795,4,2
25796,4,0
25797,4,1
25798,4,0
25799,4,1
25800,4,3
25801,4,4
25802,4,4
25803,4,0
25804,4,4
25805,4,4
25806,4,2
25807,4,2
25808,4,2
25809,4,4
25810,4,0
25811,4,4
25812,4,3
25813,4,3
25814,4,2
25815,4,2
25816,4,3
25817,4,4
25818,4,0
25819,4,3
25820,4,3
25821,4,1
25822,4,4
25823,4,4
25824,4,0
25825,4,0
25826,4,4
25827,4,0
25828,4,2
25829,4,2
25830,4,4
25831,4,4
25832,4,4
25833,4,3
25834,4,3
25835,4,1
25836,4,2
25837,4,3
25838,4,4
25839,4,1
25840,4,2
25841,4,1
25842,4,1
25843,4,2
25844,4,2
25845,4,0
25846,4,2
25847,4,2
25848,4,3
25849,4,2
25850,4,4
25851,4,2
25852,4,2
25853,4,1
25854,4,4
25855,4,2
25856,4,2
25857,4,2
25858,4,1
25859,4,4
25860,4,4
25861,4,2
25862,4,4
25863,4,4
25864,4,1
25865,4,4
25866,4,1
25867,4,3
25868,4,3
25869,4,1
25870,4,0
25871,4,4
25872,4,4
25873,4,1
25874,4,1
25875,4,2
25876,4,1
25877,4,0
25878,4,1
25879,4,4
25880,4,4
25881,4,3
25882,4,3
25883,4,0
25884,4,0
25885,4,0
25886,4,2
25887,4,4
25888,4,2
25889,4,4
25890,4,3
25891,4,1
25892,4,2
25893,4,4
25894,4,4
25895,4,4
25896,4,4
25897,4,4
25898,4,4
25899,4,4
25900,4,4
25901,4,2
25902,4,4
25903,4,0
25904,4,1
25905,4,3
25906,4,4
25907,4,2
25908,4,0
25909,4,1
25910,4,2
25911,4,2
25912,4,2
25913,4,1
25914,4,0
25915,4,2
25916,4,4
25917,4,3
25918,4,4
25919,4,2
25920,4,3
25921,4,1
25922,4,4
25923,4,2
25924,4,4
25925,4,4
25926,4,3
25927,4,4
25928,4,2
25929,4,2
25930,4,3
25931,4,4
25932,4,2
25933,4,4
25934,4,4
25935,4,0
25936,4,2
25937,4,3
25938,4,1
25939,4,4
25940,4,0
25941,4,3
25942,4,3
25943,4,2
25944,4,3
25945,4,2
25946,4,2
25947,4,4
25948,4,4
25949,4,0
25950,4,4
25951,4,0
25952,4,2
25953,4,2
25954,4,2
25955,4,0
25956,4,2
25957,4,4
25958,4,0
25959,4,0
25960,4,4
25961,4,1
25962,4,2
25963,4,4
25964,4,1
25965,4,0
25966,4,3
25967,4,0
25968,4,3
25969,4,4
25970,4,3
25971,4,3
25972,4,4
25973,4,4
25974,4,1
25975,4,3
25976,4,1
25977,4,0
25978,4,1
25979,4,1
25980,4,2
25981,4,3
25982,4,1
25983,4,2
25984,4,3
25985,4,4
25986,4,4
25987,4,0
25988,4,2
25989,4,3
25990,4,4
25991,4,2
25992,4,3
25993,4,1
25994,4,2
25995,4,4
25996,4,2
25997,4,1
25998,4,2
25999,4,4
26000,4,2
26001,4,2
26002,4,2
26003,4,4
26004,4,2
26005,4,2
26006,4,0
26007,4,0
26008,4,4
26009,4,0
26010,4,4
26011,4,4
26012,4,0
26013,4,3
26014,4,3
26015,4,0
26016,4,4
26017,4,3
26018,4,3
26019,4,4
26020,4,4
26021,4,2
26022,4,3
26023,4,2
26024,4,4
26025,4,2
26026,4,2
26027,4,2
26028,4,4
26029,4,3
26030,4,1
26031,4,0
26032,4,0
26033,4,3
26034,4,0
26035,4,0
26036,4,1
26037,4,4
26038,4,2
26039,4,3
26040,4,2
26041,4,4
26042,4,3
26043,4,2
26044,4,4
26045,4,4
26046,4,3
26047,4,4
26048,4,4
26049,4,4
26050,4,0
26051,4,3
26052,4,2
26053,4,1
26054,4,2
26055,4,4
26056,4,4
26057,4,0
26058,4,2
26059,4,4
26060,4,4
26061,4,4
26062,4,2
26063,4,0
26064,4,2
26065,4,1
26066,4,1
26067,4,0
26068,4,3
26069,4,2
26070,4,0
26071,4,2
26072,4,2
26073,4,4
26074,4,4
26075,4,2
26076,4,3
26077,4,3
26078,4,1
26079,4,4
26080,4,0
26081,4,2
26082,4,4
26083,4,4
26084,4,2
26085,4,4
26086,4,4
26087,4,4
26088,4,4
26089,4,2
26090,4,4
26091,4,2
26092,4,4
26093,4,3
26094,4,4
26095,4,3
26096,4,4
26097,4,4
26098,4,1
26099,4,2
26100,4,3
26101,4,2
26102,4,4
26103,4,3
26104,4,3
26105,4,1
26106,4,4
26107,4,2
26108,4,2
26109,4,1
26110,4,2
26111,4,2
26112,4,0
26113,4,3
26114,4,3
26115,4,1
26116,4,2
26117,4,2
26118,4,1
26119,4,3
26120,4,0
26121,4,3
26122,4,2
26123,4,3
26124,4,3
26125,4,4
26126,4,3
26127,4,2
26128,4,4
26129,4,1
26130,4,2
26131,4,1
26132,4,2
26133,4,1
26134,4,1
26135,4,3
26136,4,3
26137,4,0
26138,4,2
26139,4,0
26140,4,4
26141,4,4
26142,4,4
26143,4,3
26144,4,4
26145,4,1
26146,4,4
26147,4,4
26148,4,2
26149,4,2
26150,4,4
26151,4,4
26152,4,0
26153,4,2
26154,4,1
26155,4,1
26156,4,3
26157,4,4
26158,4,4
26159,4,3
26160,4,3
26161,4,3
26162,4,2
26163,4,3
26164,4,4
26165,4,4
26166,4,3
26167,4,3
26168,4,3
26169,4,1
26170,4,2
26171,4,4
26172,4,4
26173,4,0
26174,4,1
26175,4,2
26176,4,4
26177,4,2
26178,4,4
26179,4,1
26180,4,0
26181,4,3
26182,4,4
26183,4,1
26184,4,4
26185,4,2
26186,4,4
26187,4,3
26188,4,4
26189,4,3
26190,4,0
26191,4,4
26192,4,2
26193,4,4
26194,4,3
26195,4,4
26196,4,2
26197,4,3
26198,4,1
26199,4,4
26200,4,4
26201,4,2
26202,4,4
26203,4,2
26204,4,0
26205,4,2
26206,4,2
26207,4,3
26208,4,2
26209,4,0
26210,4,2
26211,4,4
26212,4,2
26213,4,2
26214,4,4
26215,4,4
26216,4,1
26217,4,2
26218,4,1
26219,4,4
26220,4,2
26221,4,2
26222,4,4
26223,4,3
26224,4,4
26225,4,1
26226,4,3
26227,4,0
26228,4,1
26229,4,2
26230,4,2
26231,4,0
26232,4,4
26233,4,2
26234,4,2
26235,4,0
26236,4,4
26237,4,3
26238,4,3
26239,4,2
26240,4,4
26241,4,2
26242,4,4
26243,4,3
26244,4,0
26245,4,4
26246,4,3
26247,4,0
26248,4,0
26249,4,1
26250,4,0
26251,4,4
26252,4,3
26253,4,0
26254,4,4
26255,4,0
26256,4,1
26257,4,4
26258,4,0
26259,4,0
26260,4,2
26261,4,2
26262,4,4
26263,4,4
26264,4,0
26265,4,2
26266,4,0
26267,4,4
26268,4,4
26269,4,3
26270,4,3
26271,4,1
26272,4,0
26273,4,4
26274,4,4
26275,4,4
26276,4,2
26277,4,1
26278,4,1
26279,4,3
26280,4,4
26281,4,4
26282,4,2
26283,4,0
26284,4,4
26285,4,4
26286,4,1
26287,4,0
26288,4,1
26289,4,1
26290,4,0
26291,4,2
26292,4,2
26293,4,3
26294,4,4
26295,4,2
26296,4,2
26297,4,4
26298,4,0
26299,4,1
26300,4,4
26301,4,0
26302,4,1
26303,4,0
26304,4,2
26305,4,1
26306,4,3
26307,4,4
26308,4,1
26309,4,4
26310,4,0
26311,4,2
26312,4,4
26313,4,0
26314,4,3
26315,4,3
26316,4,0
26317,4,4
26318,4,4
26319,4,0
26320,4,2
26321,4,0
26322,4,4
26323,4,3
26324,4,0
26325,4,2
26326,4,1
26327,4,2
26328,4,0
26329,4,4
26330,4,4
26331,4,2
26332,4,2
26333,4,2
26334,4,3
26335,4,4
26336,4,1
26337,4,1
26338,4,2
26339,4,4
26340,4,3
26341,4,2
26342,4,2
26343,4,1
26344,4,0
26345,4,2
26346,4,4
26347,4,4
26348,4,3
26349,4,4
26350,4,4
26351,4,2
26352,4,2
26353,4,4
26354,4,4
26355,4,4
26356,4,4
26357,4,4
26358,4,4
26359,4,1
26360,4,2
26361,4,2
26362,4,4
26363,4,2
26364,4,2
26365,4,4
26366,4,4
26367,4,4
26368,4,4
26369,4,4
26370,4,1
26371,4,4
26372,4,2
26373,4,3
26374,4,4
26375,4,4
26376,4,3
26377,4,0
26378,4,2
26379,4,4
26380,4,3
26381,4,2
26382,4,1
26383,4,4
26384,4,4
26385,4,0
26386,4,0
26387,4,2
26388,4,3
26389,4,3
26390,4,2
26391,4,4
26392,4,0
26393,4,4
26394,4,4
26395,4,4
26396,4,2
26397,4,4
26398,4,4
26399,4,3
26400,4,4
26401,4,1
26402,4,4
26403,4,4
26404,4,2
26405,4,0
26406,4,2
26407,4,2
26408,4,0
26409,4,4
26410,4,2
26411,4,4
26412,4,0
26413,4,0
26414,4,2
26415,4,4
26416,4,2
26417,4,3
26418,4,2
26419,4,0
26420,4,1
26421,4,2
26422,4,3
26423,4,3
26424,4,0
26425,4,2
26426,4,0
26427,4,4
26428,4,2
26429,4,1
26430,4,3
26431,4,1
26432,4,4
26433,4,2
26434,4,0
26435,4,4
26436,4,0
26437,4,4
26438,4,2
26439,4,3
26440,4,3
26441,4,3
26442,4,2
26443,4,2
26444,4,4
26445,4,2
26446,4,1
26447,4,0
26448,4,2
26449,4,4
26450,4,1
26451,4,4
26452,4,3
26453,4,4
26454,4,4
26455,4,2
26456,4,0
26457,4,1
26458,4,2
26459,4,3
26460,4,2
26461,4,1
26462,4,0
26463,4,1
26464,4,4
26465,4,4
26466,4,2
26467,4,4
26468,4,4
26469,4,4
26470,4,4
26471,4,1
26472,4,2
26473,4,1
26474,4,3
26475,4,4
26476,4,4
26477,4,2
26478,4,4
26479,4,4
26480,4,3
26481,4,1
26482,4,2
26483,4,2
26484,4,3
26485,4,2
26486,4,3
26487,4,0
26488,4,2
26489,4,2
26490,4,4
26491,4,0
26492,4,2
26493,4,4
26494,4,3
26495,4,0
26496,4,4
26497,4,0
26498,4,3
26499,4,2
26500,4,0
26501,4,4
26502,4,0
26503,4,0
26504,4,2
26505,4,4
26506,4,0
26507,4,4
26508,4,4
26509,4,2
26510,4,1
26511,4,2
26512,4,2
26513,4,4
26514,4,3
26515,4,1
26516,4,2
26517,4,3
26518,4,2
26519,4,0
26520,4,4
26521,4,3
26522,4,3
26523,4,2
26524,4,4
26525,4,3
26526,4,1
26527,4,0
26528,4,3
26529,4,2
26530,4,0
26531,4,4
26532,4,3
26533,4,4
26534,4,4
26535,4,1
26536,4,0
26537,4,4
26538,4,2
26539,4,2
26540,4,0
26541,4,2
26542,4,1
26543,4,4
26544,4,3
26545,4,0
26546,4,1
26547,4,3
26548,4,1
26549,4,1
26550,4,0
26551,4,1
26552,4,4
26553,4,1
26554,4,4
26555,4,1
26556,4,0
26557,4,4
26558,4,2
26559,4,1
26560,4,0
26561,4,2
26562,4,4
26563,4,3
26564,4,2
26565,4,2
26566,4,2
26567,4,0
26568,4,0
26569,4,2
26570,4,3
26571,4,3
26572,4,4
26573,4,2
26574,4,4
26575,4,1
26576,4,3
26577,4,4
26578,4,4
26579,4,4
26580,4,1
26581,4,4
26582,4,1
26583,4,3
26584,4,4
26585,4,2
26586,4,4
26587,4,4
26588,4,4
26589,4,4
26590,4,3
26591,4,0
26592,4,1
26593,4,3
26594,4,2
26595,4,4
26596,4,4
26597,4,4
26598,4,2
26599,4,4
26600,4,4
26601,4,4
26602,4,2
26603,4,3
26604,4,4
26605,4,3
26606,4,4
26607,4,1
26608,4,2
26609,4,1
26610,4,4
26611,4,1
26612,4,2
26613,4,4
26614,4,1
26615,4,2
26616,4,3
26617,4,1
26618,4,0
26619,4,4
26620,4,1
26621,4,4
26622,4,1
26623,4,2
26624,4,3
26625,4,2
26626,4,2
26627,4,0
26628,4,3
26629,4,3
26630,4,4
26631,4,4
26632,4,4
26633,4,4
26634,4,4
26635,4,0
26636,4,1
26637,4,2
26638,4,2
26639,4,4
26640,4,2
26641,4,2
26642,4,4
26643,4,4
26644,4,4
26645,4,0
26646,4,4
26647,4,4
26648,4,2
26649,4,1
26650,4,4
26651,4,2
26652,4,4
26653,4,2
26654,4,4
26655,4,0
26656,4,2
26657,4,4
26658,4,2
26659,4,3
26660,4,4
26661,4,2
26662,4,3
26663,4,2
26664,4,2
26665,4,3
26666,4,4
26667,4,4
26668,4,4
26669,4,0
26670,4,3
26671,4,1
26672,4,2
26673,4,4
26674,4,0
26675,4,0
26676,4,2
26677,4,2
26678,4,4
26679,4,4
26680,4,2
26681,4,0
26682,4,4
26683,4,1
26684,4,2
26685,4,4
26686,4,2
26687,4,2
26688,4,1
26689,4,4
26690,4,4
26691,4,2
26692,4,4
26693,4,1
26694,4,2
26695,4,4
26696,4,2
26697,4,2
26698,4,2
26699,4,2
26700,4,4
26701,4,1
26702,4,2
26703,4,1
26704,4,0
26705,4,0
26706,4,4
26707,4,2
26708,4,3
26709,4,0
26710,4,3
26711,4,0
26712,4,1
26713,4,3
26714,4,2
26715,4,3
26716,4,2
26717,4,4
26718,4,1
26719,4,2
26720,4,4
26721,4,4
26722,4,1
26723,4,0
26724,4,0
26725,4,1
26726,4,0
26727,4,4
26728,4,4
26729,4,1
26730,4,0
26731,4,3
26732,4,0
26733,4,3
26734,4,2
26735,4,0
26736,4,3
26737,4,4
26738,4,4
26739,4,4
26740,4,4
26741,4,4
26742,4,0
26743,4,3
26744,4,3
26745,4,4
26746,4,4
26747,4,4
26748,4,2
26749,4,3
26750,4,2
26751,4,4
26752,4,2
26753,4,4
26754,4,0
26755,4,4
26756,4,4
26757,4,1
26758,4,3
26759,4,2
26760,4,2
26761,4,4
26762,4,4
26763,4,2
26764,4,2
26765,4,2
26766,4,0
26767,4,4
26768,4,0
26769,4,4
26770,4,1
26771,4,3
26772,4,2
26773,4,1
26774,4,1
26775,4,2
26776,4,0
26777,4,2
26778,4,0
26779,4,4
26780,4,2
26781,4,1
26782,4,0
26783,4,1
26784,4,2
26785,4,2
26786,4,2
26787,4,1
26788,4,4
26789,4,0
26790,4,2
26791,4,4
26792,4,2
26793,4,3
26794,4,4
26795,4,2
26796,4,3
26797,4,4
26798,4,0
26799,4,4
26800,4,4
26801,4,0
26802,4,2
26803,4,2
26804,4,4
26805,4,1
26806,4,4
26807,4,0
26808,4,4
26809,4,0
26810,4,1
26811,4,2
26812,4,4
26813,4,3
26814,4,3
26815,4,2
26816,4,2
26817,4,2
26818,4,4
26819,4,1
26820,4,2
26821,4,4
26822,4,2
26823,4,4
26824,4,2
26825,4,4
26826,4,0
26827,4,1
26828,4,4
26829,4,4
26830,4,1
26831,4,4
26832,4,3
26833,4,2
26834,4,2
26835,4,2
26836,4,2
26837,4,3
26838,4,4
26839,4,1
26840,4,2
26841,4,4
26842,4,2
26843,4,2
26844,4,1
26845,4,4
26846,4,3
26847,4,1
26848,4,3
26849,4,2
26850,4,4
26851,4,0
26852,4,1
26853,4,4
26854,4,4
26855,4,2
26856,4,4
26857,4,1
26858,4,0
26859,4,0
26860,4,2
26861,4,4
26862,4,3
26863,4,4
26864,4,4
26865,4,2
26866,4,3
26867,4,0
26868,4,4
26869,4,3
26870,4,2
26871,4,4
26872,4,1
26873,4,2
26874,4,2
26875,4,4
26876,4,2
26877,4,2
26878,4,0
26879,4,3
26880,4,3
26881,4,2
26882,4,0
26883,4,4
26884,4,3
26885,4,2
26886,4,4
26887,4,0
26888,4,0
26889,4,2
26890,4,4
26891,4,2
26892,4,4
26893,4,1
26894,4,3
26895,4,3
26896,4,2
26897,4,3
26898,4,2
26899,4,2
26900,4,0
26901,4,4
26902,4,1
26903,4,3
26904,4,2
26905,4,3
26906,4,1
26907,4,3
26908,4,0
26909,4,2
26910,4,3
26911,4,1
26912,4,4
26913,4,0
26914,4,3
26915,4,2
26916,4,4
26917,4,2
26918,4,2
26919,4,1
26920,4,2
26921,4,4
26922,4,2
26923,4,0
26924,4,3
26925,4,3
26926,4,3
26927,4,2
26928,4,4
26929,4,3
26930,4,4
26931,4,2
26932,4,0
26933,4,3
26934,4,1
26935,4,1
26936,4,2
26937,4,3
26938,4,2
26939,4,1
26940,4,3
26941,4,0
26942,4,1
26943,4,3
26944,4,1
26945,4,3
26946,4,2
26947,4,4
26948,4,3
26949,4,4
26950,4,3
26951,4,0
26952,4,0
26953,4,3
26954,4,0
26955,4,2
26956,4,4
26957,4,2
26958,4,4
26959,4,1
26960,4,0
26961,4,2
26962,4,4
26963,4,4
26964,4,2
26965,4,4
26966,4,4
26967,4,2
26968,4,2
26969,4,1
26970,4,2
26971,4,2
26972,4,3
26973,4,1
26974,4,2
26975,4,4
26976,4,3
26977,4,2
26978,4,4
26979,4,0
26980,4,0
26981,4,3
26982,4,3
26983,4,2
26984,4,2
26985,4,4
26986,4,4
26987,4,2
26988,4,1
26989,4,2
26990,4,2
26991,4,4
26992,4,3
26993,4,4
26994,4,4
26995,4,2
26996,4,2
26997,4,2
26998,4,4
26999,4,4
27000,4,2
27001,4,4
27002,4,3
27003,4,0
27004,4,2
27005,4,4
27006,4,3
27007,4,0
27008,4,1
27009,4,3
27010,4,3
27011,4,4
27012,4,0
27013,4,3
27014,4,1
27015,4,2
27016,4,4
27017,4,0
27018,4,3
27019,4,2
27020,4,2
27021,4,1
27022,4,0
27023,4,0
27024,4,4
27025,4,3
27026,4,3
27027,4,0
27028,4,0
27029,4,4
27030,4,4
27031,4,0
27032,4,4
27033,4,2
27034,4,2
27035,4,3
27036,4,3
27037,4,3
27038,4,4
27039,4,2
27040,4,1
27041,4,4
27042,4,2
27043,4,2
27044,4,4
27045,4,2
27046,4,2
27047,4,4
27048,4,1
27049,4,2
27050,4,4
27051,4,4
27052,4,4
27053,4,4
27054,4,4
27055,4,0
27056,4,1
27057,4,2
27058,4,0
27059,4,3
27060,4,0
27061,4,4
27062,4,4
27063,4,4
27064,4,1
27065,4,2
27066,4,1
27067,4,1
27068,4,1
27069,4,2
27070,4,2
27071,4,2
27072,4,1
27073,4,0
27074,4,3
27075,4,4
27076,4,2
27077,4,4
27078,4,3
27079,4,2
27080,4,3
27081,4,4
27082,4,4
27083,4,4
27084,4,4
27085,4,2
27086,4,4
27087,4,2
27088,4,4
27089,4,3
27090,4,4
27091,4,2
27092,4,2
27093,4,4
27094,4,4
27095,4,3
27096,4,2
27097,4,3
27098,4,0
27099,4,2
27100,4,2
27101,4,4
27102,4,2
27103,4,0
27104,4,4
27105,4,4
27106,4,0
27107,4,3
27108,4,3
27109,4,2
27110,4,0
27111,4,2
27112,4,3
27113,4,4
27114,4,3
27115,4,3
27116,4,2
27117,4,2
27118,4,4
27119,4,4
27120,4,3
27121,4,3
27122,4,3
27123,4,2
27124,4,4
27125,4,3
27126,4,4
27127,4,4
27128,4,3
27129,4,3
27130,4,0
27131,4,2
27132,4,3
27133,4,0
27134,4,2
27135,4,2
27136,4,4
27137,4,0
27138,4,3
27139,4,3
27140,4,1
27141,4,4
27142,4,4
27143,4,3
27144,4,4
27145,4,3
27146,4,4
27147,4,3
27148,4,2
27149,4,1
27150,4,3
27151,4,2
27152,4,0
27153,4,4
27154,4,4
27155,4,2
27156,4,4
27157,4,1
27158,4,2
27159,4,2
27160,4,0
27161,4,3
27162,4,4
27163,4,0
27164,4,2
27165,4,0
27166,4,0
27167,4,4
27168,4,3
27169,4,2
27170,4,2
27171,4,4
27172,4,1
27173,4,3
27174,4,4
27175,4,4
27176,4,0
27177,4,2
27178,4,4
27179,4,3
27180,4,3
27181,4,0
27182,4,0
27183,4,4
27184,4,4
27185,4,4
27186,4,3
27187,4,4
27188,4,3
27189,4,2
27190,4,2
27191,4,4
27192,4,0
27193,4,3
27194,4,4
27195,4,0
27196,4,4
27197,4,0
27198,4,4
27199,4,3
27200,4,0
27201,4,1
27202,4,0
27203,4,4
27204,4,2
27205,4,2
27206,4,4
27207,4,2
27208,4,2
27209,4,1
27210,4,0
27211,4,0
27212,4,2
27213,4,3
27214,4,3
27215,4,2
27216,4,2
27217,4,1
27218,4,1
27219,4,4
27220,4,3
27221,4,1
27222,4,3
27223,4,3
27224,4,4
27225,4,2
27226,4,3
27227,4,2
27228,4,2
27229,4,4
27230,4,2
27231,4,1
27232,4,2
27233,4,4
27234,4,0
27235,4,0
27236,4,4
27237,4,2
27238,4,0
27239,4,4
27240,4,4
27241,4,2
27242,4,2
27243,4,4
27244,4,1
27245,4,2
27246,4,2
27247,4,4
27248,4,0
27249,4,0
27250,4,3
27251,4,0
27252,4,4
27253,4,4
27254,4,3
27255,4,4
27256,4,4
27257,4,0
27258,4,1
27259,4,4
27260,4,4
27261,4,4
27262,4,2
27263,4,4
27264,4,4
27265,4,1
27266,4,2
27267,4,0
27268,4,2
27269,4,4
27270,4,0
27271,4,2
27272,4,1
27273,4,4
27274,4,0
27275,4,3
27276,4,4
27277,4,2
27278,4,4
27279,4,0
27280,4,1
27281,4,0
27282,4,4
27283,4,4
27284,4,4
27285,4,2
27286,4,4
27287,4,3
27288,4,4
27289,4,3
27290,4,3
27291,4,4
27292,4,1
27293,4,1
27294,4,4
27295,4,2
27296,4,0
27297,4,2
27298,4,2
27299,4,4
27300,4,1
27301,4,4
27302,4,4
27303,4,4
27304,4,2
27305,4,4
27306,4,0
27307,4,2
27308,4,2
27309,4,4
27310,4,2
27311,4,2
27312,4,1
27313,4,4
27314,4,0
27315,4,2
27316,4,2
27317,4,3
27318,4,4
27319,4,4
27320,4,2
27321,4,3
27322,4,3
27323,4,2
27324,4,3
27325,4,0
27326,4,4
27327,4,0
27328,4,3
27329,4,4
27330,4,0
27331,4,4
27332,4,4
27333,4,2
27334,4,1
27335,4,4
27336,4,1
27337,4,0
27338,4,2
27339,4,3
27340,4,2
27341,4,3
27342,4,1
27343,4,4
27344,4,2
27345,4,0
27346,4,1
27347,4,2
27348,4,1
27349,4,4
27350,4,4
27351,4,3
27352,4,3
27353,4,0
27354,4,4
27355,4,3
27356,4,0
27357,4,4
27358,4,2
27359,4,0
27360,4,0
27361,4,2
27362,4,4
27363,4,0
27364,4,1
27365,4,1
27366,4,0
27367,4,2
27368,4,2
27369,4,2
27370,4,2
27371,4,0
27372,4,3
27373,4,4
27374,4,3
27375,4,4
27376,4,4
27377,4,3
27378,4,4
27379,4,0
27380,4,3
27381,4,3
27382,4,1
27383,4,0
27384,4,3
27385,4,2
27386,4,1
27387,4,4
27388,4,2
27389,4,2
27390,4,0
27391,4,0
27392,4,0
27393,4,2
27394,4,1
27395,4,1
27396,4,4
27397,4,4
27398,4,4
27399,4,3
27400,4,2
27401,4,2
27402,4,3
27403,4,0
27404,4,1
27405,4,0
27406,4,4
27407,4,3
27408,4,4
27409,4,0
27410,4,2
27411,4,2
27412,4,2
27413,4,2
27414,4,4
27415,4,3
27416,4,0
27417,4,4
27418,4,3
27419,4,4
27420,4,2
27421,4,0
27422,4,0
27423,4,4
27424,4,0
27425,4,2
27426,4,3
27427,4,4
27428,4,2
27429,4,4
27430,4,1
27431,4,0
27432,4,1
27433,4,2
27434,4,4
27435,4,2
27436,4,0
27437,4,1
27438,4,4
27439,4,4
27440,4,4
27441,4,4
27442,4,3
27443,4,2
27444,4,4
27445,4,4
27446,4,2
27447,4,3
27448,4,2
27449,4,1
27450,4,3
27451,4,3
27452,4,2
27453,4,3
27454,4,0
27455,4,2
27456,4,4
27457,4,1
27458,4,3
27459,4,2
27460,4,2
27461,4,2
27462,4,3
27463,4,0
27464,4,0
27465,4,4
27466,4,4
27467,4,0
27468,4,2
27469,4,3
27470,4,0
27471,4,0
27472,4,1
27473,4,1
27474,4,3
27475,4,4
27476,4,0
27477,4,4
27478,4,3
27479,4,0
27480,4,4
27481,4,1
27482,4,2
27483,4,3
27484,4,2
27485,4,2
27486,4,2
27487,4,2
27488,4,3
27489,4,2
27490,4,2
27491,4,3
27492,4,1
27493,4,4
27494,4,3
27495,4,4
27496,4,2
27497,4,4
27498,4,1
27499,4,0
27500,4,3
27501,4,0
27502,4,2
27503,4,4
27504,4,2
27505,4,1
27506,4,4
27507,4,2
27508,4,2
27509,4,4
27510,4,2
27511,4,1
27512,4,3
27513,4,0
27514,4,1
27515,4,3
27516,4,2
27517,4,4
27518,4,3
27519,4,4
27520,4,2
27521,4,3
27522,4,3
27523,4,3
27524,4,4
27525,4,0
27526,4,4
27527,4,4
27528,4,1
27529,4,4
27530,4,1
27531,4,1
27532,4,3
27533,4,2
27534,4,2
27535,4,4
27536,4,2
27537,4,1
27538,4,3
27539,4,4
27540,4,2
27541,4,2
27542,4,1
27543,4,4
27544,4,3
27545,4,2
27546,4,1
27547,4,2
27548,4,0
27549,4,4
27550,4,0
27551,4,4
27552,4,1
27553,4,3
27554,4,4
27555,4,3
27556,4,0
27557,4,1
27558,4,4
27559,4,2
27560,4,0
27561,4,0
27562,4,0
27563,4,4
27564,4,2
27565,4,0
27566,4,1
27567,4,2
27568,4,2
27569,4,3
27570,4,1
27571,4,3
27572,4,4
27573,4,2
27574,4,3
27575,4,4
27576,4,3
27577,4,3
27578,4,2
27579,4,3
27580,4,4
27581,4,0
27582,4,4
27583,4,1
27584,4,3
27585,4,4
27586,4,0
27587,4,2
27588,4,4
27589,4,2
27590,4,4
27591,4,0
27592,4,3
27593,4,4
27594,4,4
27595,4,0
27596,4,2
27597,4,4
27598,4,3
27599,4,2
27600,4,0
27601,4,3
27602,4,0
27603,4,4
27604,4,1
27605,4,2
27606,4,3
27607,4,0
27608,4,2
27609,4,4
27610,4,0
27611,4,4
27612,4,2
27613,4,0
27614,4,3
27615,4,0
27616,4,3
27617,4,1
27618,4,4
27619,4,3
27620,4,1
27621,4,3
27622,4,2
27623,4,2
27624,4,0
27625,4,2
27626,4,2
27627,4,3
27628,4,4
27629,4,4
27630,4,2
27631,4,3
27632,4,2
27633,4,4
27634,4,0
27635,4,4
27636,4,4
27637,4,3
27638,4,1
27639,4,0
27640,4,3
27641,4,3
27642,4,4
27643,4,1
27644,4,3
27645,4,2
27646,4,1
27647,4,0
27648,4,2
27649,4,2
27650,4,4
27651,4,1
27652,4,1
27653,4,0
27654,4,4
27655,4,0
27656,4,4
27657,4,1
27658,4,1
27659,4,3
27660,4,4
27661,4,4
27662,4,0
27663,4,0
27664,4,1
27665,4,3
27666,4,4
27667,4,3
27668,4,4
27669,4,3
27670,4,4
27671,4,3
27672,4,4
27673,4,1
27674,4,3
27675,4,1
27676,4,3
27677,4,4
27678,4,3
27679,4,2
27680,4,2
27681,4,4
27682,4,3
27683,4,4
27684,4,3
27685,4,2
27686,4,0
27687,4,3
27688,4,1
27689,4,2
27690,4,1
27691,4,2
27692,4,3
27693,4,2
27694,4,2
27695,4,1
27696,4,1
27697,4,3
27698,4,3
27699,4,3
27700,4,3
27701,4,4
27702,4,2
27703,4,3
27704,4,4
27705,4,2
27706,4,1
27707,4,2
27708,4,4
27709,4,2
27710,4,1
27711,4,4
27712,4,2
27713,4,4
27714,4,1
27715,4,4
27716,4,1
27717,4,4
27718,4,4
27719,4,1
27720,4,1
27721,4,2
27722,4,2
27723,4,4
27724,4,1
27725,4,4
27726,4,1
27727,4,3
27728,4,3
27729,4,2
27730,4,2
27731,4,4
27732,4,0
27733,4,1
27734,4,2
27735,4,2
27736,4,1
27737,4,2
27738,4,0
27739,4,4
27740,4,0
27741,4,0
27742,4,1
27743,4,4
27744,4,4
27745,4,4
27746,4,4
27747,4,4
27748,4,4
27749,4,4
27750,4,2
27751,4,3
27752,4,1
27753,4,1
27754,4,2
27755,4,2
27756,4,4
27757,4,4
27758,4,1
27759,4,2
27760,4,2
27761,4,2
27762,4,3
27763,4,4
27764,4,2
27765,4,2
27766,4,4
27767,4,4
27768,4,2
27769,4,3
27770,4,1
27771,4,0
27772,4,4
27773,4,4
27774,4,0
27775,4,4
27776,4,2
27777,4,0
27778,4,0
27779,4,4
27780,4,1
27781,4,3
27782,4,3
27783,4,3
27784,4,3
27785,4,2
27786,4,4
27787,4,3
27788,4,0
27789,4,3
27790,4,0
27791,4,2
27792,4,0
27793,4,4
27794,4,1
27795,4,3
27796,4,2
27797,4,2
27798,4,2
27799,4,2
27800,4,4
27801,4,4
27802,4,2
27803,4,4
27804,4,1
27805,4,0
27806,4,3
27807,4,2
27808,4,2
27809,4,4
27810,4,4
27811,4,2
27812,4,4
27813,4,0
27814,4,4
27815,4,4
27816,4,2
27817,4,3
27818,4,2
27819,4,4
27820,4,0
27821,4,0
27822,4,2
27823,4,4
27824,4,3
27825,4,0
27826,4,3
27827,4,4
27828,4,4
27829,4,2
27830,4,4
27831,4,4
27832,4,3
27833,4,4
27834,4,2
27835,4,4
27836,4,1
27837,4,4
27838,4,0
27839,4,4
27840,4,4
27841,4,2
27842,4,4
27843,4,3
27844,4,3
27845,4,2
27846,4,0
27847,4,2
27848,4,0
27849,4,0
27850,4,4
27851,4,2
27852,4,1
27853,4,2
27854,4,2
27855,4,3
27856,4,0
27857,4,2
27858,4,0
27859,4,2
27860,4,4
27861,4,0
27862,4,2
27863,4,2
27864,4,1
27865,4,2
27866,4,4
27867,4,4
27868,4,1
27869,4,4
27870,4,3
27871,4,4
27872,4,2
27873,4,0
27874,4,3
27875,4,0
27876,4,2
27877,4,3
27878,4,1
27879,4,0
27880,4,4
27881,4,0
27882,4,4
27883,4,0
27884,4,1
27885,4,2
27886,4,0
27887,4,3
27888,4,4
27889,4,2
27890,4,1
27891,4,3
27892,4,1
27893,4,2
27894,4,3
27895,4,2
27896,4,2
27897,4,0
27898,4,4
27899,4,4
27900,4,2
27901,4,4
27902,4,2
27903,4,2
27904,4,4
27905,4,4
27906,4,2
27907,4,0
27908,4,4
27909,4,0
27910,4,0
27911,4,2
27912,4,0
27913,4,4
27914,4,3
27915,4,1
27916,4,4
27917,4,1
27918,4,1
27919,4,0
27920,4,1
27921,4,4
27922,4,3
27923,4,3
27924,4,4
27925,4,1
27926,4,0
27927,4,4
27928,4,0
27929,4,4
27930,4,3
27931,4,2
27932,4,3
27933,4,4
27934,4,4
27935,4,4
27936,4,4
27937,4,2
27938,4,3
27939,4,1
27940,4,4
27941,4,1
27942,4,2
27943,4,1
27944,4,4
27945,4,0
27946,4,3
27947,4,4
27948,4,2
27949,4,0
27950,4,1
27951,4,1
27952,4,3
27953,4,1
27954,4,0
27955,4,0
27956,4,3
27957,4,0
27958,4,3
27959,4,4
27960,4,1
27961,4,0
27962,4,0
27963,4,4
27964,4,0
27965,4,4
27966,4,3
27967,4,4
27968,4,0
27969,4,2
27970,4,3
27971,4,4
27972,4,3
27973,4,4
27974,4,3
27975,4,0
27976,4,3
27977,4,2
27978,4,2
27979,4,2
27980,4,2
27981,4,4
27982,4,4
27983,4,4
27984,4,2
27985,4,2
27986,4,4
27987,4,2
27988,4,2
27989,4,2
27990,4,4
27991,4,2
27992,4,2
27993,4,0
27994,4,4
27995,4,0
27996,4,2
27997,4,0
27998,4,2
27999,4,4
28000,4,4
28001,4,1
28002,4,3
28003,4,3
28004,4,2
28005,4,2
28006,4,1
28007,4,3
28008,4,0
28009,4,2
28010,4,3
28011,4,0
28012,4,2
28013,4,4
28014,4,2
28015,4,4
28016,4,4
28017,4,0
28018,4,4
28019,4,3
28020,4,4
28021,4,4
28022,4,2
28023,4,2
28024,4,4
28025,4,2
28026,4,4
28027,4,1
28028,4,4
28029,4,4
28030,4,4
28031,4,2
28032,4,2
28033,4,2
28034,4,0
28035,4,2
28036,4,1
28037,4,3
28038,4,4
28039,4,4
28040,4,4
28041,4,3
28042,4,4
28043,4,3
28044,4,2
28045,4,4
28046,4,4
28047,4,0
28048,4,1
28049,4,3
28050,4,2
28051,4,0
28052,4,2
28053,4,1
28054,4,2
28055,4,2
28056,4,0
28057,4,4
28058,4,2
28059,4,0
28060,4,4
28061,4,0
28062,4,4
28063,4,4
28064,4,1
28065,4,4
28066,4,4
28067,4,2
28068,4,0
28069,4,1
28070,4,4
28071,4,4
28072,4,0
28073,4,4
28074,4,2
28075,4,4
28076,4,3
28077,4,4
28078,4,0
28079,4,3
28080,4,0
28081,4,4
28082,4,4
28083,4,4
28084,4,1
28085,4,0
28086,4,2
28087,4,2
28088,4,2
28089,4,2
28090,4,2
28091,4,2
28092,4,4
28093,4,4
28094,4,2
28095,4,3
28096,4,0
28097,4,3
28098,4,2
28099,4,3
28100,4,3
28101,4,4
28102,4,0
28103,4,0
28104,4,3
28105,4,2
28106,4,2
28107,4,1
28108,4,2
28109,4,0
28110,4,2
28111,4,1
28112,4,3
28113,4,4
28114,4,4
28115,4,2
28116,4,4
28117,4,2
28118,4,4
28119,4,0
28120,4,2
28121,4,4
28122,4,4
28123,4,0
28124,4,2
28125,4,0
28126,4,0
28127,4,3
28128,4,2
28129,4,4
28130,4,4
28131,4,1
28132,4,2
28133,4,2
28134,4,4
28135,4,1
28136,4,4
28137,4,3
28138,4,2
28139,4,4
28140,4,4
28141,4,0
28142,4,3
28143,4,2
28144,4,0
28145,4,4
28146,4,3
28147,4,4
28148,4,2
28149,4,1
28150,4,3
28151,4,0
28152,4,1
28153,4,4
28154,4,3
28155,4,4
28156,4,4
28157,4,0
28158,4,3
28159,4,2
28160,4,4
28161,4,2
28162,4,2
28163,4,3
28164,4,1
28165,4,2
28166,4,4
28167,4,4
28168,4,4
28169,4,4
28170,4,2
28171,4,1
28172,4,3
28173,4,4
28174,4,4
28175,4,0
28176,4,4
28177,4,0
28178,4,0
28179,4,3
28180,4,0
28181,4,3
28182,4,0
28183,4,4
28184,4,4
28185,4,4
28186,4,4
28187,4,2
28188,4,4
28189,4,1
28190,4,3
28191,4,2
28192,4,1
28193,4,4
28194,4,4
28195,4,4
28196,4,3
28197,4,4
28198,4,2
28199,4,3
28200,4,0
28201,4,0
28202,4,4
28203,4,3
28204,4,4
28205,4,3
28206,4,1
28207,4,4
28208,4,4
28209,4,0
28210,4,0
28211,4,2
28212,4,3
28213,4,4
28214,4,3
28215,4,2
28216,4,2
28217,4,4
28218,4,1
28219,4,2
28220,4,2
28221,4,2
28222,4,2
28223,4,4
28224,4,2
28225,4,3
28226,4,4
28227,4,3
28228,4,4
28229,4,2
28230,4,3
28231,4,4
28232,4,2
28233,4,0
28234,4,0
28235,4,2
28236,4,2
28237,4,1
28238,4,4
28239,4,0
28240,4,3
28241,4,3
28242,4,2
28243,4,3
28244,4,4
28245,4,2
28246,4,1
28247,4,2
28248,4,3
28249,4,3
28250,4,1
28251,4,3
28252,4,4
28253,4,4
28254,4,4
28255,4,1
28256,4,2
28257,4,4
28258,4,0
28259,4,0
28260,4,4
28261,4,2
28262,4,3
28263,4,2
28264,4,3
28265,4,4
28266,4,4
28267,4,4
28268,4,1
28269,4,1
28270,4,4
28271,4,3
28272,4,3
28273,4,4
28274,4,1
28275,4,2
28276,4,0
28277,4,4
28278,4,4
28279,4,3
28280,4,1
28281,4,1
28282,4,3
28283,4,2
28284,4,4
28285,4,3
28286,4,0
28287,4,4
28288,4,3
28289,4,4
28290,4,3
28291,4,0
28292,4,0
28293,4,4
28294,4,3
28295,4,3
28296,4,1
28297,4,2
28298,4,2
28299,4,1
28300,4,4
28301,4,0
28302,4,3
28303,4,1
28304,4,2
28305,4,0
28306,4,0
28307,4,4
28308,4,3
28309,4,1
28310,4,4
28311,4,4
28312,4,4
28313,4,1
28314,4,4
28315,4,0
28316,4,2
28317,4,4
28318,4,2
28319,4,4
28320,4,2
28321,4,4
28322,4,4
28323,4,2
28324,4,0
28325,4,1
28326,4,2
28327,4,4
28328,4,3
28329,4,2
28330,4,3
28331,4,3
28332,4,3
28333,4,3
28334,4,4
28335,4,4
28336,4,2
28337,4,2
28338,4,4
28339,4,4
28340,4,2
28341,4,2
28342,4,4
28343,4,0
28344,4,2
28345,4,4
28346,4,2
28347,4,2
28348,4,0
28349,4,1
28350,4,4
28351,4,4
28352,4,4
28353,4,2
28354,4,2
28355,4,0
28356,4,2
28357,4,0
28358,4,3
28359,4,4
28360,4,0
28361,4,3
28362,4,0
28363,4,3
28364,4,3
28365,4,3
28366,4,1
28367,4,4
28368,4,4
28369,4,2
28370,4,1
28371,4,4
28372,4,4
28373,4,4
28374,4,1
28375,4,2
28376,4,4
28377,4,3
28378,4,2
28379,4,0
28380,4,2
28381,4,4
28382,4,1
28383,4,2
28384,4,1
28385,4,3
28386,4,2
28387,4,4
28388,4,4
28389,4,3
28390,4,4
28391,4,2
28392,4,1
28393,4,2
28394,4,2
28395,4,1
28396,4,4
28397,4,2
28398,4,2
28399,4,3
28400,4,4
28401,4,3
28402,4,4
28403,4,1
28404,4,3
28405,4,4
28406,4,4
28407,4,0
28408,4,2
28409,4,1
28410,4,3
28411,4,0
28412,4,2
28413,4,2
28414,4,1
28415,4,4
28416,4,4
28417,4,2
28418,4,2
28419,4,1
28420,4,2
28421,4,2
28422,4,0
28423,4,2
28424,4,1
28425,4,4
28426,4,2
28427,4,4
28428,4,2
28429,4,1
28430,4,0
28431,4,3
28432,4,2
28433,4,4
28434,4,2
28435,4,2
28436,4,0
28437,4,2
28438,4,4
28439,4,1
28440,4,1
28441,4,2
28442,4,2
28443,4,1
28444,4,0
28445,4,0
28446,4,1
28447,4,0
28448,4,0
28449,4,3
28450,4,0
28451,4,4
28452,4,0
28453,4,3
28454,4,3
28455,4,0
28456,4,4
28457,4,3
28458,4,0
28459,4,2
28460,4,0
28461,4,2
28462,4,4
28463,4,0
28464,4,2
28465,4,4
28466,4,2
28467,4,1
28468,4,4
28469,4,4
28470,4,4
28471,4,0
28472,4,1
28473,4,2
28474,4,0
28475,4,2
28476,4,3
28477,4,2
28478,4,4
28479,4,4
28480,4,1
28481,4,0
28482,4,1
28483,4,1
28484,4,4
28485,4,4
28486,4,1
28487,4,4
28488,4,4
28489,4,3
28490,4,4
28491,4,4
28492,4,0
28493,4,4
28494,4,3
28495,4,0
28496,4,4
28497,4,4
28498,4,3
28499,4,2
28500,4,4
28501,4,4
28502,4,4
28503,4,2
28504,4,4
28505,4,0
28506,4,4
28507,4,2
28508,4,4
28509,4,3
28510,4,2
28511,4,4
28512,4,4
28513,4,1
28514,4,1
28515,4,2
28516,4,1
28517,4,4
28518,4,0
28519,4,4
28520,4,2
28521,4,2
28522,4,0
28523,4,0
28524,4,2
28525,4,2
28526,4,0
28527,4,0
28528,4,3
28529,4,0
28530,4,0
28531,4,2
28532,4,4
28533,4,2
28534,4,0
28535,4,0
28536,4,2
28537,4,4
28538,4,4
28539,4,0
28540,4,2
28541,4,1
28542,4,2
28543,4,4
28544,4,4
28545,4,4
28546,4,2
28547,4,2
28548,4,2
28549,4,2
28550,4,3
28551,4,2
28552,4,1
28553,4,2
28554,4,4
28555,4,2
28556,4,4
28557,4,2
28558,4,3
28559,4,3
28560,4,4
28561,4,4
28562,4,3
28563,4,0
28564,4,3
28565,4,3
28566,4,1
28567,4,1
28568,4,0
28569,4,0
28570,4,4
28571,4,4
28572,4,2
28573,4,1
28574,4,0
28575,4,4
28576,4,3
28577,4,3
28578,4,3
28579,4,2
28580,4,4
28581,4,2
28582,4,4
28583,4,2
28584,4,0
28585,4,3
28586,4,3
28587,4,4
28588,4,4
28589,4,2
28590,4,4
28591,4,4
28592,4,1
28593,4,0
28594,4,2
28595,4,2
28596,4,3
28597,4,3
28598,4,2
28599,4,0
28600,4,3
28601,4,2
28602,4,4
28603,4,4
28604,4,0
28605,4,0
28606,4,1
28607,4,2
28608,4,1
28609,4,4
28610,4,1
28611,4,3
28612,4,2
28613,4,3
28614,4,1
28615,4,2
28616,4,4
28617,4,2
28618,4,0
28619,4,3
28620,4,4
28621,4,4
28622,4,4
28623,4,0
28624,4,3
28625,4,1
28626,4,4
28627,4,0
28628,4,3
28629,4,1
28630,4,2
28631,4,3
28632,4,4
28633,4,3
28634,4,4
28635,4,1
28636,4,2
28637,4,2
28638,4,4
28639,4,2
28640,4,4
28641,4,4
28642,4,2
28643,4,3
28644,4,2
28645,4,4
28646,4,0
28647,4,4
28648,4,2
28649,4,1
28650,4,1
28651,4,0
28652,4,4
28653,4,4
28654,4,4
28655,4,1
28656,4,1
28657,4,4
28658,4,2
28659,4,3
28660,4,3
28661,4,2
28662,4,2
28663,4,4
28664,4,3
28665,4,1
28666,4,0
28667,4,2
28668,4,4
28669,4,1
28670,4,1
28671,4,1
28672,4,3
28673,4,4
28674,4,2
28675,4,3
28676,4,4
28677,4,4
28678,4,2
28679,4,4
28680,4,0
28681,4,2
28682,4,4
28683,4,4
28684,4,2
28685,4,0
28686,4,2
28687,4,2
28688,4,1
28689,4,4
28690,4,1
28691,4,2
28692,4,2
28693,4,4
28694,4,0
28695,4,4
28696,4,4
28697,4,3
28698,4,4
28699,4,1
28700,4,0
28701,4,4
28702,4,4
28703,4,3
28704,4,4
28705,4,4
28706,4,4
28707,4,4
28708,4,4
28709,4,4
28710,4,4
28711,4,2
28712,4,4
28713,4,1
28714,4,4
28715,4,4
28716,4,4
28717,4,2
28718,4,0
28719,4,3
28720,4,2
28721,4,4
28722,4,4
28723,4,4
28724,4,0
28725,4,4
28726,4,4
28727,4,4
28728,4,0
28729,4,4
28730,4,4
28731,4,4
28732,4,4
28733,4,4
28734,4,4
28735,4,3
28736,4,1
28737,4,2
28738,4,1
28739,4,4
28740,4,4
28741,4,2
28742,4,0
28743,4,3
28744,4,0
28745,4,0
28746,4,0
28747,4,4
28748,4,2
28749,4,4
28750,4,1
28751,4,1
28752,4,2
28753,4,4
28754,4,4
28755,4,4
28756,4,2
28757,4,4
28758,4,3
28759,4,1
28760,4,0
28761,4,0
28762,4,4
28763,4,2
28764,4,2
28765,4,3
28766,4,3
28767,4,4
28768,4,2
28769,4,4
28770,4,2
28771,4,2
28772,4,4
28773,4,1
28774,4,2
28775,4,0
28776,4,1
28777,4,3
28778,4,1
28779,4,0
28780,4,1
28781,4,3
28782,4,4
28783,4,1
28784,4,2
28785,4,2
28786,4,3
28787,4,1
28788,4,4
28789,4,4
28790,4,0
28791,4,4
28792,4,1
28793,4,4
28794,4,3
28795,4,3
28796,4,4
28797,4,2
28798,4,4
28799,4,4
28800,4,2
28801,4,4
28802,4,2
28803,4,3
28804,4,1
28805,4,4
28806,4,0
28807,4,4
28808,4,4
28809,4,2
28810,4,0
28811,4,4
28812,4,0
28813,4,1
28814,4,3
28815,4,2
28816,4,2
28817,4,2
28818,4,4
28819,4,2
28820,4,2
28821,4,2
28822,4,4
28823,4,0
28824,4,2
28825,4,3
28826,4,2
28827,4,1
28828,4,2
28829,4,3
28830,4,0
28831,4,2
28832,4,4
28833,4,3
28834,4,3
28835,4,2
28836,4,4
28837,4,0
28838,4,4
28839,4,1
28840,4,2
28841,4,4
28842,4,3
28843,4,4
28844,4,4
28845,4,0
28846,4,3
28847,4,0
28848,4,0
28849,4,2
28850,4,0
28851,4,4
28852,4,1
28853,4,0
28854,4,1
28855,4,4
28856,4,3
28857,4,2
28858,4,4
28859,4,4
28860,4,4
28861,4,3
28862,4,2
28863,4,2
28864,4,0
28865,4,4
28866,4,2
28867,4,3
28868,4,0
28869,4,3
28870,4,2
28871,4,2
28872,4,2
28873,4,0
28874,4,3
28875,4,3
28876,4,2
28877,4,2
28878,4,1
28879,4,1
28880,4,0
28881,4,2
28882,4,3
28883,4,2
28884,4,3
28885,4,4
28886,4,1
28887,4,3
28888,4,1
28889,4,2
28890,4,1
28891,4,2
28892,4,2
28893,4,4
28894,4,4
28895,4,4
28896,4,4
28897,4,3
28898,4,2
28899,4,4
28900,4,2
28901,4,2
28902,4,4
28903,4,2
28904,4,4
28905,4,4
28906,4,2
28907,4,1
28908,4,2
28909,4,4
28910,4,2
28911,4,1
28912,4,1
28913,4,3
28914,4,4
28915,4,1
28916,4,1
28917,4,0
28918,4,2
28919,4,1
28920,4,0
28921,4,2
28922,4,0
28923,4,4
28924,4,3
28925,4,4
28926,4,4
28927,4,3
28928,4,3
28929,4,4
28930,4,4
28931,4,4
28932,4,1
28933,4,2
28934,4,1
28935,4,4
28936,4,2
28937,4,2
28938,4,1
28939,4,3
28940,4,1
28941,4,2
28942,4,2
28943,4,1
28944,4,1
28945,4,3
28946,4,4
28947,4,4
28948,4,3
28949,4,4
28950,4,3
28951,4,0
28952,4,1
28953,4,2
28954,4,3
28955,4,4
28956,4,2
28957,4,3
28958,4,4
28959,4,2
28960,4,4
28961,4,4
28962,4,2
28963,4,1
28964,4,2
28965,4,3
28966,4,0
28967,4,2
28968,4,2
28969,4,1
28970,4,2
28971,4,2
28972,4,4
28973,4,4
28974,4,4
28975,4,1
28976,4,4
28977,4,2
28978,4,3
28979,4,2
28980,4,2
28981,4,2
28982,4,4
28983,4,1
28984,4,1
28985,4,0
28986,4,4
28987,4,2
28988,4,2
28989,4,1
28990,4,3
28991,4,1
28992,4,0
28993,4,1
28994,4,3
28995,4,2
28996,4,2
28997,4,4
28998,4,4
28999,4,4
29000,4,4
29001,4,2
29002,4,1
29003,4,1
29004,4,4
29005,4,4
29006,4,2
29007,4,3
29008,4,2
29009,4,4
29010,4,0
29011,4,4
29012,4,3
29013,4,3
29014,4,1
29015,4,2
29016,4,1
29017,4,2
29018,4,2
29019,4,1
29020,4,3
29021,4,4
29022,4,0
29023,4,2
29024,4,2
29025,4,2
29026,4,3
29027,4,2
29028,4,0
29029,4,3
29030,4,2
29031,4,0
29032,4,4
29033,4,4
29034,4,1
29035,4,4
29036,4,2
29037,4,0
29038,4,4
29039,4,3
29040,4,4
29041,4,4
29042,4,1
29043,4,2
29044,4,4
29045,4,0
29046,4,4
29047,4,0
29048,4,2
29049,4,2
29050,4,1
29051,4,4
29052,4,3
29053,4,1
29054,4,4
29055,4,4
29056,4,4
29057,4,2
29058,4,2
29059,4,1
29060,4,2
29061,4,4
29062,4,4
29063,4,1
29064,4,4
29065,4,3
29066,4,4
29067,4,4
29068,4,2
29069,4,1
29070,4,1
29071,4,2
29072,4,2
29073,4,2
29074,4,2
29075,4,3
29076,4,4
29077,4,4
29078,4,3
29079,4,2
29080,4,4
29081,4,4
29082,4,3
29083,4,2
29084,4,0
29085,4,1
29086,4,4
29087,4,3
29088,4,4
29089,4,2
29090,4,0
29091,4,0
29092,4,0
29093,4,4
29094,4,4
29095,4,4
29096,4,4
29097,4,4
29098,4,1
29099,4,3
29100,4,0
29101,4,0
29102,4,3
29103,4,4
29104,4,0
29105,4,3
29106,4,4
29107,4,4
29108,4,3
29109,4,4
29110,4,2
29111,4,1
29112,4,2
29113,4,4
29114,4,2
29115,4,1
29116,4,3
29117,4,3
29118,4,0
29119,4,4
29120,4,4
29121,4,1
29122,4,2
29123,4,4
29124,4,3
29125,4,2
29126,4,1
29127,4,4
29128,4,4
29129,4,4
29130,4,3
29131,4,0
29132,4,4
29133,4,2
29134,4,4
29135,4,2
29136,4,2
29137,4,4
29138,4,3
29139,4,4
29140,4,1
29141,4,3
29142,4,2
29143,4,4
29144,4,2
29145,4,2
29146,4,4
29147,4,2
29148,4,1
29149,4,1
29150,4,2
29151,4,3
29152,4,4
29153,4,2
29154,4,0
29155,4,4
29156,4,1
29157,4,4
29158,4,1
29159,4,4
29160,4,4
29161,4,4
29162,4,3
29163,4,4
29164,4,0
29165,4,2
29166,4,3
29167,4,2
29168,4,4
29169,4,1
29170,4,0
29171,4,2
29172,4,4
29173,4,3
29174,4,3
29175,4,2
29176,4,1
29177,4,2
29178,4,4
29179,4,4
29180,4,3
29181,4,3
29182,4,2
29183,4,4
29184,4,4
29185,4,1
29186,4,4
29187,4,2
29188,4,1
29189,4,3
29190,4,3
29191,4,4
29192,4,1
29193,4,4
29194,4,4
29195,4,4
29196,4,2
29197,4,4
29198,4,3
29199,4,4
29200,4,3
29201,4,3
29202,4,4
29203,4,4
29204,4,4
29205,4,4
29206,4,3
29207,4,2
29208,4,1
29209,4,0
29210,4,4
29211,4,2
29212,4,4
29213,4,2
29214,4,2
29215,4,3
29216,4,0
29217,4,2
29218,4,4
29219,4,4
29220,4,4
29221,4,4
29222,4,3
29223,4,4
29224,4,0
29225,4,2
29226,4,2
29227,4,3
29228,4,1
29229,4,4
29230,4,0
29231,4,1
29232,4,0
29233,4,0
29234,4,0
29235,4,0
29236,4,2
29237,4,2
29238,4,0
29239,4,3
29240,4,2
29241,4,4
29242,4,4
29243,4,4
29244,4,3
29245,4,1
29246,4,4
29247,4,4
29248,4,2
29249,4,4
29250,4,1
29251,4,4
29252,4,0
29253,4,1
29254,4,4
29255,4,2
29256,4,4
29257,4,2
29258,4,3
29259,4,0
29260,4,0
29261,4,4
29262,4,4
29263,4,1
29264,4,4
29265,4,2
29266,4,4
29267,4,2
29268,4,1
29269,4,0
29270,4,0
29271,4,0
29272,4,1
29273,4,4
29274,4,4
29275,4,4
29276,4,4
29277,4,4
29278,4,4
29279,4,2
29280,4,1
29281,4,4
29282,4,0
29283,4,0
29284,4,4
29285,4,1
29286,4,4
29287,4,2
29288,4,0
29289,4,2
29290,4,2
29291,4,0
29292,4,2
29293,4,4
29294,4,4
29295,4,4
29296,4,2
29297,4,2
29298,4,4
29299,4,2
29300,4,2
29301,4,0
29302,4,3
29303,4,4
29304,4,4
29305,4,4
29306,4,4
29307,4,4
29308,4,3
29309,4,1
29310,4,4
29311,4,0
29312,4,0
29313,4,4
29314,4,4
29315,4,4
29316,4,4
29317,4,1
29318,4,4
29319,4,2
29320,4,2
29321,4,0
29322,4,3
29323,4,3
29324,4,3
29325,4,0
29326,4,2
29327,4,4
29328,4,0
29329,4,2
29330,4,3
29331,4,2
29332,4,3
29333,4,2
29334,4,1
29335,4,0
29336,4,2
29337,4,3
29338,4,2
29339,4,2
29340,4,1
29341,4,3
29342,4,0
29343,4,0
29344,4,3
29345,4,0
29346,4,0
29347,4,2
29348,4,4
29349,4,3
29350,4,4
29351,4,4
29352,4,1
29353,4,4
29354,4,3
29355,4,1
29356,4,4
29357,4,4
29358,4,3
29359,4,2
29360,4,3
29361,4,4
29362,4,3
29363,4,4
29364,4,2
29365,4,3
29366,4,4
29367,4,4
29368,4,2
29369,4,3
29370,4,4
29371,4,2
29372,4,4
29373,4,4
29374,4,0
29375,4,4
29376,4,4
29377,4,4
29378,4,3
29379,4,2
29380,4,0
29381,4,1
29382,4,4
29383,4,2
29384,4,3
29385,4,0
29386,4,4
29387,4,1
29388,4,3
29389,4,0
29390,4,3
29391,4,1
29392,4,2
29393,4,2
29394,4,3
29395,4,2
29396,4,4
29397,4,0
29398,4,1
29399,4,2
29400,4,0
29401,4,4
29402,4,4
29403,4,2
29404,4,2
29405,4,0
29406,4,0
29407,4,2
29408,4,4
29409,4,2
29410,4,3
29411,4,4
29412,4,1
29413,4,2
29414,4,4
29415,4,4
29416,4,0
29417,4,3
29418,4,2
29419,4,4
29420,4,2
29421,4,0
29422,4,2
29423,4,2
29424,4,4
29425,4,4
29426,4,2
29427,4,4
29428,4,0
29429,4,3
29430,4,4
29431,4,2
29432,4,4
29433,4,2
29434,4,4
29435,4,3
29436,4,1
29437,4,1
29438,4,3
29439,4,4
29440,4,2
29441,4,4
29442,4,4
29443,4,2
29444,4,4
29445,4,2
29446,4,3
29447,4,0
29448,4,2
29449,4,4
29450,4,3
29451,4,0
29452,4,3
29453,4,4
29454,4,2
29455,4,4
29456,4,1
29457,4,2
29458,4,2
29459,4,0
29460,4,1
29461,4,1
29462,4,4
29463,4,4
29464,4,2
29465,4,2
29466,4,3
29467,4,3
29468,4,4
29469,4,2
29470,4,4
29471,4,2
29472,4,4
29473,4,4
29474,4,4
29475,4,4
29476,4,4
29477,4,0
29478,4,4
29479,4,2
29480,4,2
29481,4,2
29482,4,4
29483,4,4
29484,4,1
29485,4,4
29486,4,3
29487,4,2
29488,4,0
29489,4,4
29490,4,2
29491,4,4
29492,4,4
29493,4,0
29494,4,4
29495,4,2
29496,4,4
29497,4,3
29498,4,2
29499,4,0
29500,4,0
29501,4,4
29502,4,4
29503,4,0
29504,4,0
29505,4,2
29506,4,0
29507,4,1
29508,4,0
29509,4,4
29510,4,2
29511,4,4
29512,4,2
29513,4,3
29514,4,3
29515,4,4
29516,4,0
29517,4,2
29518,4,2
29519,4,0
29520,4,2
29521,4,0
29522,4,2
29523,4,4
29524,4,2
29525,4,3
29526,4,0
29527,4,2
29528,4,4
29529,4,1
29530,4,2
29531,4,2
29532,4,2
29533,4,2
29534,4,0
29535,4,4
29536,4,4
29537,4,0
29538,4,0
29539,4,0
29540,4,4
29541,4,4
29542,4,3
29543,4,1
29544,4,4
29545,4,2
29546,4,1
29547,4,1
29548,4,0
29549,4,4
29550,4,0
29551,4,1
29552,4,1
29553,4,2
29554,4,3
29555,4,4
29556,4,3
29557,4,3
29558,4,3
29559,4,3
29560,4,2
29561,4,1
29562,4,3
29563,4,4
29564,4,2
29565,4,3
29566,4,3
29567,4,0
29568,4,4
29569,4,4
29570,4,4
29571,4,4
29572,4,1
29573,4,3
29574,4,4
29575,4,4
29576,4,4
29577,4,0
29578,4,4
29579,4,2
29580,4,4
29581,4,0
29582,4,2
29583,4,1
29584,4,0
29585,4,0
29586,4,2
29587,4,0
29588,4,3
29589,4,2
29590,4,4
29591,4,4
29592,4,2
29593,4,4
29594,4,2
29595,4,4
29596,4,2
29597,4,0
29598,4,4
29599,4,4
29600,4,2
29601,4,4
29602,4,4
29603,4,2
29604,4,2
29605,4,4
29606,4,0
29607,4,3
29608,4,4
29609,4,2
29610,4,1
29611,4,2
29612,4,2
29613,4,3
29614,4,2
29615,4,4
29616,4,2
29617,4,0
29618,4,0
29619,4,2
29620,4,4
29621,4,1
29622,4,0
29623,4,1
29624,4,4
29625,4,0
29626,4,3
29627,4,4
29628,4,0
29629,4,3
29630,4,2
29631,4,3
29632,4,4
29633,4,4
29634,4,4
29635,4,4
29636,4,1
29637,4,2
29638,4,1
29639,4,1
29640,4,2
29641,4,2
29642,4,2
29643,4,4
29644,4,0
29645,4,4
29646,4,4
29647,4,4
29648,4,4
29649,4,2
29650,4,2
29651,4,4
29652,4,3
29653,4,0
29654,4,2
29655,4,0
29656,4,1
29657,4,3
29658,4,4
29659,4,4
29660,4,0
29661,4,4
29662,4,4
29663,4,2
29664,4,4
29665,4,4
29666,4,1
29667,4,0
29668,4,0
29669,4,3
29670,4,2
29671,4,2
29672,4,4
29673,4,0
29674,4,0
29675,4,0
29676,4,1
29677,4,2
29678,4,4
29679,4,2
29680,4,0
29681,4,2
29682,4,0
29683,4,4
29684,4,0
29685,4,4
29686,4,3
29687,4,4
29688,4,2
29689,4,3
29690,4,3
29691,4,1
29692,4,2
29693,4,4
29694,4,3
29695,4,0
29696,4,3
29697,4,0
29698,4,2
29699,4,4
29700,4,3
29701,4,0
29702,4,2
29703,4,1
29704,4,4
29705,4,2
29706,4,2
29707,4,2
29708,4,4
29709,4,2
29710,4,2
29711,4,1
29712,4,3
29713,4,0
29714,4,4
29715,4,2
29716,4,3
29717,4,2
29718,4,4
29719,4,2
29720,4,4
29721,4,4
29722,4,1
29723,4,3
29724,4,2
29725,4,2
29726,4,4
29727,4,4
29728,4,3
29729,4,2
29730,4,4
29731,4,3
29732,4,2
29733,4,4
29734,4,0
29735,4,2
29736,4,4
29737,4,4
29738,4,2
29739,4,4
29740,4,1
29741,4,4
29742,4,3
29743,4,2
29744,4,1
29745,4,4
29746,4,3
29747,4,3
29748,4,0
29749,4,4
29750,4,0
29751,4,2
29752,4,4
29753,4,0
29754,4,1
29755,4,2
29756,4,2
29757,4,4
29758,4,0
29759,4,3
29760,4,2
29761,4,1
29762,4,2
29763,4,4
29764,4,4
29765,4,3
29766,4,2
29767,4,1
29768,4,3
29769,4,0
29770,4,3
29771,4,3
29772,4,1
29773,4,2
29774,4,4
29775,4,1
29776,4,4
29777,4,4
29778,4,1
29779,4,3
29780,4,4
29781,4,4
29782,4,1
29783,4,3
29784,4,2
29785,4,4
29786,4,2
29787,4,4
29788,4,2
29789,4,2
29790,4,4
29791,4,4
29792,4,2
29793,4,4
29794,4,0
29795,4,3
29796,4,4
29797,4,1
29798,4,2
29799,4,2
29800,4,0
29801,4,4
29802,4,4
29803,4,4
29804,4,4
29805,4,1
29806,4,0
29807,4,4
29808,4,3
29809,4,2
29810,4,2
29811,4,4
29812,4,1
29813,4,4
29814,4,2
29815,4,4
29816,4,4
29817,4,4
29818,4,3
29819,4,2
29820,4,2
29821,4,1
29822,4,4
29823,4,4
29824,4,0
29825,4,1
29826,4,4
29827,4,2
29828,4,4
29829,4,2
29830,4,0
29831,4,2
29832,4,3
29833,4,2
29834,4,4
29835,4,3
29836,4,0
29837,4,0
29838,4,2
29839,4,0
29840,4,2
29841,4,3
29842,4,2
29843,4,4
29844,4,2
29845,4,4
29846,4,0
29847,4,4
29848,4,4
29849,4,2
29850,4,3
29851,4,0
29852,4,3
29853,4,1
29854,4,0
29855,4,3
29856,4,3
29857,4,4
29858,4,1
29859,4,4
29860,4,4
29861,4,2
29862,4,2
29863,4,1
29864,4,0
29865,4,3
29866,4,2
29867,4,4
29868,4,1
29869,4,4
29870,4,1
29871,4,4
29872,4,4
29873,4,4
29874,4,2
29875,4,0
29876,4,3
29877,4,1
29878,4,4
29879,4,4
29880,4,3
29881,4,2
29882,4,3
29883,4,0
29884,4,2
29885,4,2
29886,4,3
29887,4,0
29888,4,2
29889,4,1
29890,4,2
29891,4,0
29892,4,2
29893,4,1
29894,4,2
29895,4,1
29896,4,0
29897,4,2
29898,4,3
29899,4,2
29900,4,3
29901,4,1
29902,4,1
29903,4,3
29904,4,4
29905,4,0
29906,4,0
29907,4,0
29908,4,4
29909,4,4
29910,4,3
29911,4,4
29912,4,4
29913,4,4
29914,4,0
29915,4,1
29916,4,4
29917,4,0
29918,4,2
29919,4,3
29920,4,3
29921,4,3
29922,4,4
29923,4,4
29924,4,4
29925,4,2
29926,4,4
29927,4,0
29928,4,4
29929,4,1
29930,4,3
29931,4,4
29932,4,3
29933,4,4
29934,4,1
29935,4,2
29936,4,4
29937,4,4
29938,4,0
29939,4,3
29940,4,4
29941,4,1
29942,4,4
29943,4,4
29944,4,1
29945,4,1
29946,4,1
29947,4,0
29948,4,2
29949,4,0
29950,4,0
29951,4,2
29952,4,4
29953,4,2
29954,4,3
29955,4,0
29956,4,4
29957,4,4
29958,4,2
29959,4,2
29960,4,0
29961,4,4
29962,4,2
29963,4,2
29964,4,3
29965,4,1
29966,4,3
29967,4,4
29968,4,2
29969,4,2
29970,4,4
29971,4,3
29972,4,0
29973,4,2
29974,4,4
29975,4,1
29976,4,2
29977,4,3
29978,4,1
29979,4,4
29980,4,3
29981,4,4
29982,4,4
29983,4,2
29984,4,0
29985,4,4
29986,4,4
29987,4,1
29988,4,3
29989,4,1
29990,4,3
29991,4,4
29992,4,3
29993,4,4
29994,4,2
29995,4,4
29996,4,3
29997,4,3
29998,4,1
29999,4,4
30000,4,4
30001,4,1
30002,4,3
30003,4,4
30004,4,0
30005,4,3
30006,4,3
30007,4,4
30008,4,4
30009,4,3
30010,4,2
30011,4,0
30012,4,0
30013,4,3
30014,4,3
30015,4,4
30016,4,4
30017,4,3
30018,4,4
30019,4,4
30020,4,4
30021,4,4
30022,4,3
30023,4,3
30024,4,0
30025,4,2
30026,4,4
30027,4,2
30028,4,4
30029,4,2
30030,4,0
30031,4,4
30032,4,2
30033,4,4
30034,4,2
30035,4,2
30036,4,0
30037,4,1
30038,4,2
30039,4,1
30040,4,3
30041,4,3
30042,4,1
30043,4,3
30044,4,3
30045,4,4
30046,4,2
30047,4,4
30048,4,3
30049,4,0
30050,4,4
30051,4,0
30052,4,4
30053,4,1
30054,4,4
30055,4,1
30056,4,0
30057,4,1
30058,4,3
30059,4,1
30060,4,4
30061,4,3
30062,4,1
30063,4,4
30064,4,2
30065,4,3
30066,4,4
30067,4,3
30068,4,0
30069,4,1
30070,4,4
30071,4,4
30072,4,4
30073,4,4
30074,4,2
30075,4,0
30076,4,4
30077,4,3
30078,4,0
30079,4,3
30080,4,4
30081,4,1
30082,4,2
30083,4,0
30084,4,4
30085,4,3
30086,4,4
30087,4,4
30088,4,4
30089,4,3
30090,4,2
30091,4,0
30092,4,2
30093,4,2
30094,4,1
30095,4,4
30096,4,3
30097,4,2
30098,4,1
30099,4,4
30100,4,4
30101,4,3
30102,4,2
30103,4,3
30104,4,2
30105,4,0
30106,4,2
30107,4,0
30108,4,4
30109,4,4
30110,4,0
30111,4,2
30112,4,4
30113,4,2
30114,4,3
30115,4,2
30116,4,2
30117,4,2
30118,4,2
30119,4,3
30120,4,4
30121,4,4
30122,4,2
30123,4,2
30124,4,0
30125,4,1
30126,4,3
30127,4,3
30128,4,3
30129,4,4
30130,4,3
30131,4,2
30132,4,4
30133,4,4
30134,4,2
30135,4,4
30136,4,2
30137,4,1
30138,4,0
30139,4,4
30140,4,3
30141,4,2
30142,4,1
30143,4,4
30144,4,4
30145,4,2
30146,4,2
30147,4,0
30148,4,2
30149,4,4
30150,4,2
30151,4,3
30152,4,4
30153,4,4
30154,4,3
30155,4,2
30156,4,0
30157,4,3
30158,4,2
30159,4,1
30160,4,4
30161,4,2
30162,4,2
30163,4,3
30164,4,0
30165,4,3
30166,4,0
30167,4,4
30168,4,4
30169,4,0
30170,4,4
30171,4,2
30172,4,0
30173,4,3
30174,4,4
30175,4,0
30176,4,1
30177,4,2
30178,4,4
30179,4,2
30180,4,4
30181,4,4
30182,4,4
30183,4,1
30184,4,0
30185,4,4
30186,4,1
30187,4,4
30188,4,3
30189,4,0
30190,4,0
30191,4,2
30192,4,2
30193,4,0
30194,4,2
30195,4,2
30196,4,4
30197,4,1
30198,4,4
30199,4,1
30200,4,4
30201,4,4
30202,4,4
30203,4,2
30204,4,2
30205,4,3
30206,4,3
30207,4,2
30208,4,0
30209,4,1
30210,4,4
30211,4,2
30212,4,0
30213,4,3
30214,4,3
30215,4,4
30216,4,4
30217,4,4
30218,4,4
30219,4,0
30220,4,3
30221,4,2
30222,4,2
30223,4,4
30224,4,2
30225,4,1
30226,4,2
30227,4,4
30228,4,3
30229,4,3
30230,4,0
30231,4,4
30232,4,2
30233,4,2
30234,4,4
30235,4,2
30236,4,0
30237,4,4
30238,4,2
30239,4,4
30240,4,0
30241,4,4
30242,4,2
30243,4,2
30244,4,0
30245,4,0
30246,4,4
30247,4,4
30248,4,3
30249,4,1
30250,4,2
30251,4,4
30252,4,1
30253,4,4
30254,4,0
30255,4,2
30256,4,3
30257,4,3
30258,4,2
30259,4,2
30260,4,4
30261,4,2
30262,4,1
30263,4,2
30264,4,3
30265,4,4
30266,4,3
30267,4,4
30268,4,4
30269,4,4
30270,4,4
30271,4,4
30272,4,4
30273,4,4
30274,4,4
30275,4,2
30276,4,2
30277,4,4
30278,4,2
30279,4,4
30280,4,3
30281,4,4
30282,4,4
30283,4,3
30284,4,0
30285,4,4
30286,4,4
30287,4,0
30288,4,2
30289,4,2
30290,4,1
30291,4,4
30292,4,2
30293,4,4
30294,4,3
30295,4,4
30296,4,4
30297,4,4
30298,4,1
30299,4,3
30300,4,4
30301,4,4
30302,4,4
30303,4,0
30304,4,2
30305,4,2
30306,4,1
30307,4,2
30308,4,3
30309,4,1
30310,4,4
30311,4,0
30312,4,0
30313,4,3
30314,4,3
30315,4,4
30316,4,2
30317,4,3
30318,4,1
30319,4,2
30320,4,4
30321,4,2
30322,4,2
30323,4,4
30324,4,0
30325,4,0
30326,4,1
30327,4,4
30328,4,4
30329,4,4
30330,4,2
30331,4,4
30332,4,2
30333,4,3
30334,4,3
30335,4,2
30336,4,4
30337,4,4
30338,4,0
30339,4,4
30340,4,2
30341,4,4
30342,4,4
30343,4,4
30344,4,0
30345,4,4
30346,4,2
30347,4,0
30348,4,3
30349,4,4
30350,4,2
30351,4,1
30352,4,4
30353,4,2
30354,4,4
30355,4,4
30356,4,4
30357,4,1
30358,4,4
30359,4,2
30360,4,1
30361,4,4
30362,4,3
30363,4,2
30364,4,0
30365,4,2
30366,4,3
30367,4,4
30368,4,4
30369,4,4
30370,4,0
30371,4,4
30372,4,2
30373,4,0
30374,4,3
30375,4,0
30376,4,3
30377,4,3
30378,4,2
30379,4,4
30380,4,0
30381,4,0
30382,4,3
30383,4,4
30384,4,1
30385,4,4
30386,4,2
30387,4,3
30388,4,1
30389,4,3
30390,4,2
30391,4,2
30392,4,1
30393,4,2
30394,4,4
30395,4,2
30396,4,1
30397,4,1
30398,4,0
30399,4,4
30400,4,2
30401,4,4
30402,4,0
30403,4,4
30404,4,2
30405,4,0
30406,4,4
30407,4,3
30408,4,1
30409,4,4
30410,4,0
30411,4,2
30412,4,3
30413,4,2
30414,4,2
30415,4,4
30416,4,1
30417,4,2
30418,4,3
30419,4,2
30420,4,3
30421,4,3
30422,4,0
30423,4,2
30424,4,1
30425,4,4
30426,4,0
30427,4,1
30428,4,4
30429,4,0
30430,4,1
30431,4,2
30432,4,2
30433,4,0
30434,4,3
30435,4,2
30436,4,0
30437,4,0
30438,4,3
30439,4,4
30440,4,0
30441,4,3
30442,4,4
30443,4,0
30444,4,3
30445,4,0
30446,4,4
30447,4,3
30448,4,2
30449,4,0
30450,4,2
30451,4,0
30452,4,4
30453,4,2
30454,4,2
30455,4,4
30456,4,2
30457,4,4
30458,4,3
30459,4,2
30460,4,4
30461,4,2
30462,4,2
30463,4,2
30464,4,0
30465,4,2
30466,4,0
30467,4,0
30468,4,3
30469,4,4
30470,4,3
30471,4,4
30472,4,4
30473,4,2
30474,4,3
30475,4,4
30476,4,1
30477,4,4
30478,4,2
30479,4,3
30480,4,1
30481,4,3
30482,4,4
30483,4,3
30484,4,4
30485,4,1
30486,4,4
30487,4,2
30488,4,4
30489,4,1
30490,4,2
30491,4,0
30492,4,1
30493,4,2
30494,4,2
30495,4,4
30496,4,4
30497,4,4
30498,4,3
30499,4,4
30500,4,2
30501,4,0
30502,4,0
30503,4,4
30504,4,4
30505,4,0
30506,4,2
30507,4,4
30508,4,4
30509,4,3
30510,4,1
30511,4,2
30512,4,0
30513,4,1
30514,4,1
30515,4,4
30516,4,2
30517,4,0
30518,4,4
30519,4,4
30520,4,4
30521,4,4
30522,4,1
30523,4,4
30524,4,3
30525,4,4
30526,4,4
30527,4,2
30528,4,0
30529,4,4
30530,4,4
30531,4,2
30532,4,4
30533,4,4
30534,4,4
30535,4,2
30536,4,3
30537,4,4
30538,4,3
30539,4,2
30540,4,3
30541,4,4
30542,4,3
30543,4,2
30544,4,1
30545,4,3
30546,4,2
30547,4,4
30548,4,3
30549,4,1
30550,4,2
30551,4,1
30552,4,4
30553,4,0
30554,4,3
30555,4,3
30556,4,2
30557,4,2
30558,4,0
30559,4,2
30560,4,2
30561,4,2
30562,4,4
30563,4,1
30564,4,4
30565,4,4
30566,4,2
30567,4,4
30568,4,4
30569,4,4
30570,4,4
30571,4,4
30572,4,3
30573,4,2
30574,4,0
30575,4,3
30576,4,2
30577,4,0
30578,4,3
30579,4,4
30580,4,2
30581,4,2
30582,4,4
30583,4,2
30584,4,2
30585,4,4
30586,4,3
30587,4,4
30588,4,4
30589,4,1
30590,4,1
30591,4,4
30592,4,1
30593,4,2
30594,4,0
30595,4,2
30596,4,1
30597,4,4
30598,4,2
30599,4,4
30600,4,4
30601,4,2
30602,4,4
30603,4,4
30604,4,4
30605,4,1
30606,4,4
30607,4,0
30608,4,3
30609,4,2
30610,4,4
30611,4,1
30612,4,2
30613,4,1
30614,4,0
30615,4,4
30616,4,3
30617,4,4
30618,4,2
30619,4,2
30620,4,3
30621,4,4
30622,4,0
30623,4,4
30624,4,3
30625,4,2
30626,4,0
30627,4,1
30628,4,3
30629,4,0
30630,4,4
30631,4,0
30632,4,2
30633,4,4
30634,4,4
30635,4,1
30636,4,1
30637,4,2
30638,4,0
30639,4,4
30640,4,4
30641,4,4
30642,4,1
30643,4,2
30644,4,4
30645,4,4
30646,4,3
30647,4,0
30648,4,0
30649,4,4
30650,4,0
30651,4,3
30652,4,2
30653,4,0
30654,4,3
30655,4,0
30656,4,2
30657,4,4
30658,4,3
30659,4,2
30660,4,0
30661,4,2
30662,4,2
30663,4,2
30664,4,2
30665,4,1
30666,4,2
30667,4,3
30668,4,3
30669,4,2
30670,4,1
30671,4,1
30672,4,2
30673,4,4
30674,4,4
30675,4,4
30676,4,4
30677,4,3
30678,4,4
30679,4,4
30680,4,2
30681,4,4
30682,4,0
30683,4,3
30684,4,2
30685,4,1
30686,4,4
30687,4,0
30688,4,0
30689,4,2
30690,4,0
30691,4,3
30692,4,1
30693,4,0
30694,4,0
30695,4,3
30696,4,0
30697,4,2
30698,4,4
30699,4,0
30700,4,2
30701,4,2
30702,4,4
30703,4,4
30704,4,4
30705,4,4
30706,4,0
30707,4,1
30708,4,1
30709,4,4
30710,4,2
30711,4,2
30712,4,3
30713,4,2
30714,4,4
30715,4,2
30716,4,0
30717,4,2
30718,4,0
30719,4,1
30720,4,3
30721,4,3
30722,4,1
30723,4,3
30724,4,0
30725,4,3
30726,4,4
30727,4,3
30728,4,2
30729,4,1
30730,4,1
30731,4,1
30732,4,2
30733,4,4
30734,4,4
30735,4,0
30736,4,1
30737,4,2
30738,4,3
30739,4,2
30740,4,4
30741,4,2
30742,4,2
30743,4,2
30744,4,0
30745,4,2
30746,4,4
30747,4,1
30748,4,3
30749,4,1
30750,4,1
30751,4,4
30752,4,1
30753,4,4
30754,4,2
30755,4,4
30756,4,1
30757,4,0
30758,4,2
30759,4,0
30760,4,0
30761,4,3
30762,4,2
30763,4,4
30764,4,2
30765,4,4
30766,4,0
30767,4,4
30768,4,3
30769,4,2
30770,4,1
30771,4,2
30772,4,1
30773,4,4
30774,4,2
30775,4,2
30776,4,2
30777,4,2
30778,4,0
30779,4,2
30780,4,0
30781,4,4
30782,4,4
30783,4,1
30784,4,0
30785,4,3
30786,4,4
30787,4,2
30788,4,1
30789,4,4
30790,4,1
30791,4,0
30792,4,4
30793,4,2
30794,4,4
30795,4,3
30796,4,4
30797,4,3
30798,4,0
30799,4,2
30800,4,4
30801,4,4
30802,4,2
30803,4,2
30804,4,4
30805,4,4
30806,4,2
30807,4,2
30808,4,2
30809,4,1
30810,4,0
30811,4,0
30812,4,3
30813,4,1
30814,4,4
30815,4,0
30816,4,2
30817,4,1
30818,4,0
30819,4,0
30820,4,0
30821,4,4
30822,4,4
30823,4,3
30824,4,4
30825,4,2
30826,4,4
30827,4,4
30828,4,1
30829,4,2
30830,4,4
30831,4,2
30832,4,2
30833,4,3
30834,4,4
30835,4,0
30836,4,1
30837,4,4
30838,4,1
30839,4,3
30840,4,4
30841,4,2
30842,4,4
30843,4,2
30844,4,3
30845,4,4
30846,4,4
30847,4,4
30848,4,2
30849,4,3
30850,4,4
30851,4,0
30852,4,4
30853,4,2
30854,4,1
30855,4,0
30856,4,0
30857,4,3
30858,4,0
30859,4,0
30860,4,3
30861,4,4
30862,4,4
30863,4,3
30864,4,2
30865,4,4
30866,4,2
30867,4,2
30868,4,4
30869,4,4
30870,4,3
30871,4,4
30872,4,4
30873,4,2
30874,4,2
30875,4,0
30876,4,4
30877,4,3
30878,4,3
30879,4,1
30880,4,0
30881,4,3
30882,4,2
30883,4,2
30884,4,1
30885,4,4
30886,4,2
30887,4,4
30888,4,4
30889,4,4
30890,4,0
30891,4,4
30892,4,1
30893,4,4
30894,4,4
30895,4,3
30896,4,2
30897,4,2
30898,4,3
30899,4,1
30900,4,1
30901,4,2
30902,4,0
30903,4,2
30904,4,4
30905,4,2
30906,4,3
30907,4,2
30908,4,1
30909,4,4
30910,4,1
30911,4,4
30912,4,4
30913,4,2
30914,4,1
30915,4,4
30916,4,0
30917,4,3
30918,4,4
30919,4,2
30920,4,0
30921,4,3
30922,4,1
30923,4,4
30924,4,2
30925,4,4
30926,4,4
30927,4,3
30928,4,2
30929,4,2
30930,4,2
30931,4,4
30932,4,0
30933,4,3
30934,4,4
30935,4,4
30936,4,0
30937,4,4
30938,4,0
30939,4,0
30940,4,2
30941,4,3
30942,4,2
30943,4,0
30944,4,0
30945,4,3
30946,4,2
30947,4,4
30948,4,4
30949,4,1
30950,4,1
30951,4,0
30952,4,2
30953,4,3
30954,4,4
30955,4,2
30956,4,2
30957,4,0
30958,4,2
30959,4,3
30960,4,4
30961,4,1
30962,4,3
30963,4,3
30964,4,2
30965,4,2
30966,4,2
30967,4,4
30968,4,4
30969,4,2
30970,4,4
30971,4,4
30972,4,3
30973,4,1
30974,4,4
30975,4,4
30976,4,2
30977,4,2
30978,4,3
30979,4,4
30980,4,3
30981,4,3
30982,4,3
30983,4,4
30984,4,3
30985,4,4
30986,4,0
30987,4,4
30988,4,2
30989,4,1
30990,4,0
30991,4,1
30992,4,2
30993,4,2
30994,4,4
30995,4,3
30996,4,2
30997,4,3
30998,4,4
30999,4,4
31000,4,0
31001,4,2
31002,4,2
31003,4,4
31004,4,0
31005,4,4
31006,4,1
31007,4,2
31008,4,3
31009,4,2
31010,4,0
31011,4,2
31012,4,1
31013,4,3
31014,4,0
31015,4,1
31016,4,4
31017,4,1
31018,4,1
31019,4,1
31020,4,1
31021,4,3
31022,4,4
31023,4,2
31024,4,3
31025,4,1
31026,4,3
31027,4,3
31028,4,4
31029,4,4
31030,4,3
31031,4,2
31032,4,4
31033,4,4
31034,4,1
31035,4,4
31036,4,3
31037,4,2
31038,4,4
31039,4,2
31040,4,0
31041,4,3
31042,4,0
31043,4,3
31044,4,4
31045,4,0
31046,4,4
31047,4,2
31048,4,2
31049,4,4
31050,4,3
31051,4,2
31052,4,3
31053,4,4
31054,4,0
31055,4,0
31056,4,4
31057,4,4
31058,4,4
31059,4,2
31060,4,4
31061,4,2
31062,4,4
31063,4,0
31064,4,4
31065,4,2
31066,4,4
31067,4,3
31068,4,2
31069,4,4
31070,4,2
31071,4,4
31072,4,2
31073,4,1
31074,4,0
31075,4,0
31076,4,3
31077,4,0
31078,4,3
31079,4,1
31080,4,3
31081,4,1
31082,4,3
31083,4,4
31084,4,0
31085,4,2
31086,4,4
31087,4,1
31088,4,0
31089,4,0
31090,4,2
31091,4,4
31092,4,4
31093,4,3
31094,4,0
31095,4,4
31096,4,1
31097,4,1
31098,4,2
31099,4,1
31100,4,3
31101,4,4
31102,4,3
31103,4,4
31104,4,2
31105,4,2
31106,4,4
31107,4,0
31108,4,0
31109,4,0
31110,4,3
31111,4,1
31112,4,0
31113,4,4
31114,4,2
31115,4,2
31116,4,4
31117,4,2
31118,4,1
31119,4,0
31120,4,4
31121,4,0
31122,4,0
31123,4,2
31124,4,4
31125,4,4
31126,4,1
31127,4,4
31128,4,0
31129,4,4
31130,4,1
31131,4,2
31132,4,2
31133,4,3
31134,4,0
31135,4,4
31136,4,4
31137,4,3
31138,4,4
31139,4,4
31140,4,4
31141,4,3
31142,4,2
31143,4,4
31144,4,3
31145,4,1
31146,4,1
31147,4,2
31148,4,4
31149,4,2
31150,4,4
31151,4,4
31152,4,0
31153,4,4
31154,4,2
31155,4,3
31156,4,1
31157,4,4
31158,4,4
31159,4,1
31160,4,4
31161,4,1
31162,4,1
31163,4,4
31164,4,0
31165,4,0
31166,4,4
31167,4,3
31168,4,2
31169,4,2
31170,4,1
31171,4,2
31172,4,3
31173,4,4
31174,4,0
31175,4,0
31176,4,2
31177,4,2
31178,4,1
31179,4,4
31180,4,2
31181,4,2
31182,4,4
31183,4,3
31184,4,4
31185,4,2
31186,4,4
31187,4,2
31188,4,2
31189,4,2
31190,4,0
31191,4,0
31192,4,3
31193,4,4
31194,4,2
31195,4,4
31196,4,1
31197,4,4
31198,4,2
31199,4,0
31200,4,4
31201,4,1
31202,4,4
31203,4,2
31204,4,0
31205,4,4
31206,4,4
31207,4,4
31208,4,1
31209,4,4
31210,4,3
31211,4,1
31212,4,2
31213,4,4
31214,4,4
31215,4,4
31216,4,2
31217,4,3
31218,4,4
31219,4,4
31220,4,2
31221,4,4
31222,4,3
31223,4,1
31224,4,3
31225,4,0
31226,4,2
31227,4,1
31228,4,3
31229,4,1
31230,4,2
31231,4,4
31232,4,2
31233,4,2
31234,4,4
31235,4,4
31236,4,1
31237,4,1
31238,4,2
31239,4,4
31240,4,3
31241,4,0
31242,4,4
31243,4,3
31244,4,4
31245,4,2
31246,4,2
31247,4,2
31248,4,2
31249,4,2
31250,4,4
31251,4,4
31252,4,3
31253,4,3
31254,4,4
31255,4,0
31256,4,2
31257,4,4
31258,4,2
31259,4,1
31260,4,4
31261,4,4
31262,4,2
31263,4,1
31264,4,3
31265,4,1
31266,4,4
31267,4,2
31268,4,2
31269,4,2
31270,4,4
31271,4,3
31272,4,0
31273,4,1
31274,4,3
31275,4,4
31276,4,2
31277,4,1
31278,4,0
31279,4,2
31280,4,3
31281,4,2
31282,4,2
31283,4,4
31284,4,4
31285,4,4
31286,4,4
31287,4,1
31288,4,1
31289,4,0
31290,4,2
31291,4,2
31292,4,3
31293,4,3
31294,4,4
31295,4,4
31296,4,0
31297,4,4
31298,4,3
31299,4,2
31300,4,4
31301,4,4
31302,4,0
31303,4,4
31304,4,2
31305,4,4
31306,4,4
31307,4,4
31308,4,2
31309,4,0
31310,4,4
31311,4,2
31312,4,0
31313,4,4
31314,4,2
31315,4,0
31316,4,1
31317,4,2
31318,4,2
31319,4,4
31320,4,3
31321,4,0
31322,4,3
31323,4,0
31324,4,1
31325,4,4
31326,4,2
31327,4,4
31328,4,1
31329,4,2
31330,4,4
31331,4,4
31332,4,4
31333,4,0
31334,4,0
31335,4,1
31336,4,2
31337,4,1
31338,4,1
31339,4,3
31340,4,4
31341,4,3
31342,4,1
31343,4,4
31344,4,0
31345,4,2
31346,4,0
31347,4,3
31348,4,1
31349,4,0
31350,4,4
31351,4,4
31352,4,3
31353,4,1
31354,4,2
31355,4,2
31356,4,2
31357,4,4
31358,4,3
31359,4,3
31360,4,4
31361,4,4
31362,4,4
31363,4,3
31364,4,3
31365,4,2
31366,4,4
31367,4,4
31368,4,4
31369,4,2
31370,4,0
31371,4,2
31372,4,2
31373,4,0
31374,4,3
31375,4,2
31376,4,4
31377,4,2
31378,4,0
31379,4,0
31380,4,0
31381,4,4
31382,4,1
31383,4,1
31384,4,4
31385,4,4
31386,4,4
31387,4,3
31388,4,4
31389,4,2
31390,4,2
31391,4,0
31392,4,3
31393,4,2
31394,4,2
31395,4,3
31396,4,2
31397,4,2
31398,4,4
31399,4,4
31400,4,1
31401,4,0
31402,4,0
31403,4,0
31404,4,1
31405,4,0
31406,4,0
31407,4,2
31408,4,2
31409,4,2
31410,4,2
31411,4,4
31412,4,0
31413,4,1
31414,4,0
31415,4,2
31416,4,2
31417,4,2
31418,4,0
31419,4,0
31420,4,2
31421,4,4
31422,4,4
31423,4,2
31424,4,0
31425,4,1
31426,4,4
31427,4,4
31428,4,1
31429,4,4
31430,4,4
31431,4,2
31432,4,4
31433,4,3
31434,4,2
31435,4,4
31436,4,2
31437,4,2
31438,4,1
31439,4,2
31440,4,2
31441,4,4
31442,4,4
31443,4,4
31444,4,4
31445,4,1
31446,4,4
31447,4,1
31448,4,4
31449,4,4
31450,4,0
31451,4,2
31452,4,3
31453,4,0
31454,4,4
31455,4,2
31456,4,2
31457,4,3
31458,4,2
31459,4,2
31460,4,3
31461,4,2
31462,4,0
31463,4,0
31464,4,4
31465,4,0
31466,4,0
31467,4,4
31468,4,4
31469,4,4
31470,4,4
31471,4,0
31472,4,2
31473,4,1
31474,4,1
31475,4,3
31476,4,0
31477,4,1
31478,4,4
31479,4,4
31480,4,4
31481,4,4
31482,4,1
31483,4,3
31484,4,0
31485,4,3
31486,4,4
31487,4,3
31488,4,4
31489,4,4
31490,4,3
31491,4,3
31492,4,2
31493,4,3
31494,4,0
31495,4,1
31496,4,3
31497,4,0
31498,4,4
31499,4,0
31500,4,4
31501,4,2
31502,4,1
31503,4,3
31504,4,3
31505,4,2
31506,4,4
31507,4,3
31508,4,3
31509,4,0
31510,4,4
31511,4,3
31512,4,2
31513,4,2
31514,4,1
31515,4,3
31516,4,4
31517,4,0
31518,4,3
31519,4,0
31520,4,4
31521,4,3
31522,4,2
31523,4,3
31524,4,2
31525,4,1
31526,4,2
31527,4,2
31528,4,2
31529,4,4
31530,4,0
31531,4,1
31532,4,3
31533,4,2
31534,4,2
31535,4,2
31536,4,3
31537,4,4
31538,4,2
31539,4,2
31540,4,1
31541,4,0
31542,4,1
31543,4,4
31544,4,2
31545,4,3
31546,4,3
31547,4,2
31548,4,0
31549,4,4
31550,4,4
31551,4,2
31552,4,1
31553,4,0
31554,4,3
31555,4,2
31556,4,1
31557,4,2
31558,4,4
31559,4,0
31560,4,2
31561,4,2
31562,4,4
31563,4,2
31564,4,3
31565,4,1
31566,4,2
31567,4,4
31568,4,3
31569,4,0
31570,4,4
31571,4,1
31572,4,2
31573,4,1
31574,4,4
31575,4,4
31576,4,3
31577,4,2
31578,4,2
31579,4,2
31580,4,2
31581,4,4
31582,4,4
31583,4,4
31584,4,4
31585,4,4
31586,4,1
31587,4,1
31588,4,1
31589,4,0
31590,4,3
31591,4,4
31592,4,1
31593,4,4
31594,4,4
31595,4,3
31596,4,2
31597,4,2
31598,4,2
31599,4,2
31600,4,2
31601,4,2
31602,4,1
31603,4,4
31604,4,4
31605,4,2
31606,4,1
31607,4,3
31608,4,2
31609,4,4
31610,4,2
31611,4,3
31612,4,1
31613,4,1
31614,4,3
31615,4,4
31616,4,1
31617,4,3
31618,4,1
31619,4,2
31620,4,4
31621,4,4
31622,4,3
31623,4,2
31624,4,4
31625,4,0
31626,4,0
31627,4,2
31628,4,0
31629,4,3
31630,4,0
31631,4,2
31632,4,1
31633,4,4
31634,4,2
31635,4,2
31636,4,2
31637,4,4
31638,4,0
31639,4,4
31640,4,3
31641,4,2
31642,4,2
31643,4,2
31644,4,0
31645,4,2
31646,4,1
31647,4,1
31648,4,2
31649,4,1
31650,4,4
31651,4,4
31652,4,1
31653,4,0
31654,4,2
31655,4,2
31656,4,1
31657,4,4
31658,4,3
31659,4,3
31660,4,3
31661,4,2
31662,4,3
31663,4,2
31664,4,4
31665,4,0
31666,4,1
31667,4,0
31668,4,3
31669,4,3
31670,4,3
31671,4,0
31672,4,4
31673,4,4
31674,4,2
31675,4,4
31676,4,1
31677,4,2
31678,4,4
31679,4,4
31680,4,3
31681,4,1
31682,4,0
31683,4,4
31684,4,1
31685,4,4
31686,4,0
31687,4,0
31688,4,4
31689,4,3
31690,4,2
31691,4,4
31692,4,1
31693,4,2
31694,4,4
31695,4,4
31696,4,2
31697,4,2
31698,4,4
31699,4,2
31700,4,3
31701,4,0
31702,4,2
31703,4,3
31704,4,0
31705,4,4
31706,4,2
31707,4,4
31708,4,2
31709,4,2
31710,4,2
31711,4,2
31712,4,0
31713,4,2
31714,4,4
31715,4,4
31716,4,3
31717,4,3
31718,4,0
31719,4,2
31720,4,3
31721,4,1
31722,4,4
31723,4,3
31724,4,4
31725,4,3
31726,4,1
31727,4,1
31728,4,4
31729,4,3
31730,4,4
31731,4,1
31732,4,0
31733,4,0
31734,4,3
31735,4,2
31736,4,1
31737,4,0
31738,4,4
31739,4,1
31740,4,0
31741,4,4
31742,4,4
31743,4,4
31744,4,1
31745,4,0
31746,4,2
31747,4,4
31748,4,2
31749,4,0
31750,4,4
31751,4,3
31752,4,2
31753,4,1
31754,4,1
31755,4,4
31756,4,0
31757,4,4
31758,4,0
31759,4,1
31760,4,4
31761,4,1
31762,4,2
31763,4,1
31764,4,3
31765,4,0
31766,4,2
31767,4,4
31768,4,3
31769,4,3
31770,4,0
31771,4,4
31772,4,4
31773,4,0
31774,4,0
31775,4,4
31776,4,4
31777,4,3
31778,4,4
31779,4,2
31780,4,2
31781,4,2
31782,4,0
31783,4,0
31784,4,1
31785,4,3
31786,4,1
31787,4,3
31788,4,4
31789,4,3
31790,4,0
31791,4,2
31792,4,2
31793,4,2
31794,4,3
31795,4,2
31796,4,3
31797,4,1
31798,4,2
31799,4,3
31800,4,2
31801,4,2
31802,4,0
31803,4,4
31804,4,3
31805,4,3
31806,4,4
31807,4,0
31808,4,3
31809,4,1
31810,4,0
31811,4,3
31812,4,4
31813,4,4
31814,4,3
31815,4,0
31816,4,0
31817,4,3
31818,4,4
31819,4,0
31820,4,3
31821,4,3
31822,4,1
31823,4,1
31824,4,1
31825,4,0
31826,4,4
31827,4,4
31828,4,2
31829,4,2
31830,4,1
31831,4,2
31832,4,4
31833,4,0
31834,4,3
31835,4,4
31836,4,1
31837,4,2
31838,4,2
31839,4,4
31840,4,4
31841,4,0
31842,4,3
31843,4,4
31844,4,4
31845,4,2
31846,4,2
31847,4,0
31848,4,2
31849,4,3
31850,4,0
31851,4,2
31852,4,4
31853,4,2
31854,4,1
31855,4,4
31856,4,2
31857,4,0
31858,4,4
31859,4,4
31860,4,2
31861,4,1
31862,4,4
31863,4,4
31864,4,1
31865,4,1
31866,4,0
31867,4,4
31868,4,4
31869,4,2
31870,4,2
31871,4,2
31872,4,1
31873,4,2
31874,4,3
31875,4,3
31876,4,1
31877,4,0
31878,4,2
31879,4,2
31880,4,2
31881,4,4
31882,4,2
31883,4,1
31884,4,0
31885,4,2
31886,4,3
31887,4,3
31888,4,3
31889,4,2
31890,4,4
31891,4,0
31892,4,2
31893,4,3
31894,4,4
31895,4,2
31896,4,0
31897,4,0
31898,4,2
31899,4,2
31900,4,1
31901,4,4
31902,4,0
31903,4,3
31904,4,2
31905,4,0
31906,4,3
31907,4,4
31908,4,4
31909,4,3
31910,4,2
31911,4,1
31912,4,2
31913,4,0
31914,4,0
31915,4,2
31916,4,4
31917,4,0
31918,4,2
31919,4,2
31920,4,2
31921,4,3
31922,4,1
31923,4,0
31924,4,1
31925,4,2
31926,4,3
31927,4,0
31928,4,4
31929,4,0
31930,4,4
31931,4,2
31932,4,2
31933,4,3
31934,4,4
31935,4,3
31936,4,4
31937,4,3
31938,4,2
31939,4,0
31940,4,3
31941,4,2
31942,4,2
31943,4,0
31944,4,2
31945,4,2
31946,4,3
31947,4,1
31948,4,4
31949,4,2
31950,4,0
31951,4,1
31952,4,1
31953,4,1
31954,4,4
31955,4,0
31956,4,3
31957,4,2
31958,4,2
31959,4,3
31960,4,4
31961,4,4
31962,4,4
31963,4,4
31964,4,4
31965,4,4
31966,4,4
31967,4,1
31968,4,2
31969,4,4
31970,4,4
31971,4,2
31972,4,0
31973,4,0
31974,4,2
31975,4,1
31976,4,3
31977,4,0
31978,4,4
31979,4,4
31980,4,3
31981,4,2
31982,4,4
31983,4,4
31984,4,4
31985,4,1
31986,4,3
31987,4,3
31988,4,3
31989,4,2
31990,4,2
31991,4,4
31992,4,2
31993,4,1
31994,4,2
31995,4,2
31996,4,4
31997,4,4
31998,4,2
31999,4,0
32000,4,4
32001,4,3
32002,4,4
32003,4,4
32004,4,3
32005,4,4
32006,4,4
32007,4,2
32008,4,3
32009,4,4
32010,4,0
32011,4,0
32012,4,2
32013,4,1
32014,4,4
32015,4,3
32016,4,2
32017,4,1
32018,4,2
32019,4,0
32020,4,1
32021,4,3
32022,4,4
32023,4,1
32024,4,2
32025,4,4
32026,4,1
32027,4,1
32028,4,4
32029,4,3
32030,4,2
32031,4,2
32032,4,0
32033,4,0
32034,4,0
32035,4,0
32036,4,2
32037,4,3
32038,4,2
32039,4,4
32040,4,2
32041,4,2
32042,4,3
32043,4,2
32044,4,4
32045,4,4
32046,4,4
32047,4,3
32048,4,0
32049,4,3
32050,4,4
32051,4,2
32052,4,0
32053,4,2
32054,4,2
32055,4,1
32056,4,4
32057,4,0
32058,4,0
32059,4,0
32060,4,3
32061,4,0
32062,4,0
32063,4,4
32064,4,2
32065,4,4
32066,4,0
32067,4,4
32068,4,0
32069,4,0
32070,4,2
32071,4,4
32072,4,2
32073,4,1
32074,4,4
32075,4,3
32076,4,0
32077,4,4
32078,4,3
32079,4,4
32080,4,2
32081,4,0
32082,4,2
32083,4,0
32084,4,1
32085,4,2
32086,4,2
32087,4,4
32088,4,4
32089,4,3
32090,4,1
32091,4,2
32092,4,0
32093,4,2
32094,4,0
32095,4,4
32096,4,0
32097,4,2
32098,4,4
32099,4,4
32100,4,3
32101,4,2
32102,4,4
32103,4,3
32104,4,2
32105,4,3
32106,4,4
32107,4,2
32108,4,3
32109,4,0
32110,4,2
32111,4,0
32112,4,4
32113,4,0
32114,4,2
32115,4,0
32116,4,3
32117,4,4
32118,4,4
32119,4,2
32120,4,2
32121,4,1
32122,4,4
32123,4,2
32124,4,4
32125,4,4
32126,4,4
32127,4,3
32128,4,2
32129,4,2
32130,4,3
32131,4,1
32132,4,0
32133,4,4
32134,4,3
32135,4,1
32136,4,3
32137,4,4
32138,4,1
32139,4,2
32140,4,4
32141,4,3
32142,4,0
32143,4,0
32144,4,0
32145,4,2
32146,4,2
32147,4,4
32148,4,4
32149,4,2
32150,4,0
32151,4,2
32152,4,4
32153,4,1
32154,4,0
32155,4,2
32156,4,2
32157,4,4
32158,4,4
32159,4,2
32160,4,2
32161,4,2
32162,4,0
32163,4,1
32164,4,2
32165,4,4
32166,4,0
32167,4,1
32168,4,2
32169,4,4
32170,4,4
32171,4,3
32172,4,0
32173,4,3
32174,4,2
32175,4,1
32176,4,3
32177,4,2
32178,4,0
32179,4,4
32180,4,2
32181,4,4
32182,4,3
32183,4,4
32184,4,4
32185,4,3
32186,4,0
32187,4,0
32188,4,2
32189,4,0
32190,4,4
32191,4,1
32192,4,1
32193,4,2
32194,4,3
32195,4,2
32196,4,1
32197,4,1
32198,4,1
32199,4,3
32200,4,3
32201,4,2
32202,4,4
32203,4,3
32204,4,1
32205,4,4
32206,4,2
32207,4,3
32208,4,2
32209,4,3
32210,4,0
32211,4,3
32212,4,2
32213,4,2
32214,4,2
32215,4,0
32216,4,3
32217,4,0
32218,4,4
32219,4,4
32220,4,2
32221,4,4
32222,4,1
32223,4,4
32224,4,0
32225,4,1
32226,4,0
32227,4,0
32228,4,4
32229,4,1
32230,4,2
32231,4,4
32232,4,0
32233,4,4
32234,4,3
32235,4,0
32236,4,3
32237,4,2
32238,4,3
32239,4,4
32240,4,4
32241,4,4
32242,4,1
32243,4,1
32244,4,2
32245,4,1
32246,4,0
32247,4,4
32248,4,4
32249,4,4
32250,4,0
32251,4,0
32252,4,1
32253,4,3
32254,4,2
32255,4,0
32256,4,4
32257,4,3
32258,4,2
32259,4,3
32260,4,4
32261,4,3
32262,4,0
32263,4,1
32264,4,2
32265,4,1
32266,4,2
32267,4,4
32268,4,2
32269,4,2
32270,4,4
32271,4,2
32272,4,2
32273,4,0
32274,4,3
32275,4,3
32276,4,4
32277,4,3
32278,4,3
32279,4,4
32280,4,3
32281,4,4
32282,4,4
32283,4,3
32284,4,4
32285,4,4
32286,4,4
32287,4,2
32288,4,3
32289,4,2
32290,4,0
32291,4,4
32292,4,0
32293,4,1
32294,4,3
32295,4,2
32296,4,4
32297,4,4
32298,4,0
32299,4,0
32300,4,4
32301,4,4
32302,4,2
32303,4,4
32304,4,2
32305,4,2
32306,4,2
32307,4,2
32308,4,3
32309,4,4
32310,4,3
32311,4,3
32312,4,4
32313,4,3
32314,4,2
32315,4,1
32316,4,3
32317,4,3
32318,4,1
32319,4,1
32320,4,4
32321,4,4
32322,4,4
32323,4,2
32324,4,3
32325,4,1
32326,4,3
32327,4,4
32328,4,3
32329,4,2
32330,4,4
32331,4,3
32332,4,4
32333,4,2
32334,4,2
32335,4,4
32336,4,4
32337,4,4
32338,4,2
32339,4,3
32340,4,4
32341,4,0
32342,4,2
32343,4,4
32344,4,2
32345,4,0
32346,4,3
32347,4,2
32348,4,3
32349,4,2
32350,4,2
32351,4,2
32352,4,0
32353,4,2
32354,4,2
32355,4,2
32356,4,3
32357,4,0
32358,4,2
32359,4,4
32360,4,4
32361,4,4
32362,4,4
32363,4,1
32364,4,2
32365,4,0
32366,4,2
32367,4,4
32368,4,2
32369,4,4
32370,4,1
32371,4,1
32372,4,3
32373,4,2
32374,4,4
32375,4,2
32376,4,1
32377,4,4
32378,4,4
32379,4,2
32380,4,2
32381,4,4
32382,4,2
32383,4,0
32384,4,2
32385,4,2
32386,4,3
32387,4,1
32388,4,2
32389,4,3
32390,4,2
32391,4,4
32392,4,2
32393,4,4
32394,4,4
32395,4,4
32396,4,0
32397,4,2
32398,4,3
32399,4,2
32400,4,0
32401,4,1
32402,4,1
32403,4,3
32404,4,1
32405,4,4
32406,4,0
32407,4,4
32408,4,4
32409,4,2
32410,4,3
32411,4,2
32412,4,4
32413,4,4
32414,4,3
32415,4,3
32416,4,4
32417,4,4
32418,4,1
32419,4,4
32420,4,4
32421,4,4
32422,4,1
32423,4,4
32424,4,3
32425,4,3
32426,4,4
32427,4,4
32428,4,4
32429,4,1
32430,4,4
32431,4,4
32432,4,2
32433,4,2
32434,4,3
32435,4,0
32436,4,4
32437,4,2
32438,4,0
32439,4,0
32440,4,4
32441,4,2
32442,4,4
32443,4,3
32444,4,2
32445,4,2
32446,4,4
32447,4,1
32448,4,4
32449,4,2
32450,4,2
32451,4,2
32452,4,4
32453,4,4
32454,4,3
32455,4,1
32456,4,4
32457,4,0
32458,4,0
32459,4,2
32460,4,3
32461,4,1
32462,4,2
32463,4,2
32464,4,4
32465,4,0
32466,4,2
32467,4,3
32468,4,0
32469,4,3
32470,4,2
32471,4,4
32472,4,4
32473,4,2
32474,4,0
32475,4,0
32476,4,3
32477,4,2
32478,4,2
32479,4,1
32480,4,4
32481,4,4
32482,4,1
32483,4,0
32484,4,3
32485,4,3
32486,4,4
32487,4,3
32488,4,4
32489,4,3
32490,4,3
32491,4,4
32492,4,3
32493,4,2
32494,4,3
32495,4,3
32496,4,3
32497,4,0
32498,4,3
32499,4,3
32500,4,4
32501,4,4
32502,4,3
32503,4,3
32504,4,1
32505,4,2
32506,4,2
32507,4,4
32508,4,1
32509,4,2
32510,4,2
32511,4,3
32512,4,3
32513,4,3
32514,4,4
32515,4,2
32516,4,2
32517,4,0
32518,4,1
32519,4,1
32520,4,1
32521,4,2
32522,4,2
32523,4,1
32524,4,4
32525,4,1
32526,4,3
32527,4,2
32528,4,4
32529,4,2
32530,4,2
32531,4,0
32532,4,2
32533,4,0
32534,4,2
32535,4,2
32536,4,2
32537,4,4
32538,4,4
32539,4,0
32540,4,3
32541,4,1
32542,4,4
32543,4,4
32544,4,2
32545,4,2
32546,4,2
32547,4,0
32548,4,4
32549,4,4
32550,4,2
32551,4,2
32552,4,3
32553,4,2
32554,4,4
32555,4,4
32556,4,2
32557,4,1
32558,4,4
32559,4,2
32560,4,0
32561,4,4
32562,4,4
32563,4,4
32564,4,1
32565,4,4
32566,4,4
32567,4,4
32568,4,2
32569,4,3
32570,4,3
32571,4,3
32572,4,1
32573,4,2
32574,4,4
32575,4,0
32576,4,3
32577,4,0
32578,4,2
32579,4,0
32580,4,0
32581,4,2
32582,4,2
32583,4,1
32584,4,0
32585,4,3
32586,4,3
32587,4,0
32588,4,1
32589,4,2
32590,4,3
32591,4,2
32592,4,2
32593,4,1
32594,4,0
32595,4,0
32596,4,1
32597,4,3
32598,4,2
32599,4,4
32600,4,3
32601,4,2
32602,4,1
32603,4,4
32604,4,0
32605,4,3
32606,4,2
32607,4,4
32608,4,2
32609,4,3
32610,4,1
32611,4,2
32612,4,4
32613,4,4
32614,4,0
32615,4,2
32616,4,4
32617,4,2
32618,4,2
32619,4,0
32620,4,3
32621,4,2
32622,4,3
32623,4,0
32624,4,2
32625,4,0
32626,4,4
32627,4,3
32628,4,4
32629,4,4
32630,4,4
32631,4,4
32632,4,3
32633,4,2
32634,4,3
32635,4,2
32636,4,4
32637,4,3
32638,4,0
32639,4,3
32640,4,2
32641,4,0
32642,4,1
32643,4,0
32644,4,4
32645,4,0
32646,4,2
32647,4,0
32648,4,2
32649,4,2
32650,4,4
32651,4,4
32652,4,4
32653,4,0
32654,4,1
32655,4,4
32656,4,2
32657,4,3
32658,4,4
32659,4,3
32660,4,1
32661,4,3
32662,4,2
32663,4,2
32664,4,0
32665,4,4
32666,4,3
32667,4,4
32668,4,2
32669,4,4
32670,4,3
32671,4,4
32672,4,0
32673,4,2
32674,4,2
32675,4,0
32676,4,0
32677,4,3
32678,4,3
32679,4,3
32680,4,2
32681,4,3
32682,4,3
32683,4,1
32684,4,2
32685,4,3
32686,4,0
32687,4,1
32688,4,0
32689,4,2
32690,4,4
32691,4,1
32692,4,2
32693,4,1
32694,4,0
32695,4,2
32696,4,4
32697,4,4
32698,4,4
32699,4,1
32700,4,2
32701,4,4
32702,4,2
32703,4,1
32704,4,4
32705,4,3
32706,4,1
32707,4,2
32708,4,4
32709,4,3
32710,4,0
32711,4,4
32712,4,2
32713,4,4
32714,4,4
32715,4,2
32716,4,2
32717,4,0
32718,4,2
32719,4,4
32720,4,2
32721,4,4
32722,4,1
32723,4,2
32724,4,1
32725,4,2
32726,4,4
32727,4,4
32728,4,4
32729,4,1
32730,4,4
32731,4,3
32732,4,4
32733,4,1
32734,4,0
32735,4,4
32736,4,3
32737,4,3
32738,4,1
32739,4,4
32740,4,1
32741,4,4
32742,4,2
32743,4,3
32744,4,4
32745,4,4
32746,4,4
32747,4,4
32748,4,3
32749,4,1
32750,4,4
32751,4,2
32752,4,0
32753,4,4
32754,4,0
32755,4,2
32756,4,1
32757,4,3
32758,4,4
32759,4,4
32760,4,2
32761,4,4
32762,4,0
32763,4,4
32764,4,4
32765,4,0
32766,4,3
32767,4,4
32768,4,3
32769,4,4
32770,4,4
32771,4,2
32772,4,4
32773,4,2
32774,4,1
32775,4,2
32776,4,2
32777,4,1
32778,4,4
32779,4,3
32780,4,0
32781,4,1
32782,4,2
32783,4,4
32784,4,4
32785,4,2
32786,4,1
32787,4,1
32788,4,2
32789,4,4
32790,4,2
32791,4,0
32792,4,4
32793,4,1
32794,4,0
32795,4,4
32796,4,3
32797,4,2
32798,4,4
32799,4,2
32800,4,2
32801,4,0
32802,4,2
32803,4,4
32804,4,2
32805,4,2
32806,4,4
32807,4,2
32808,4,2
32809,4,4
32810,4,4
32811,4,4
32812,4,2
32813,4,4
32814,4,4
32815,4,2
32816,4,0
32817,4,0
32818,4,0
32819,4,2
32820,4,3
32821,4,2
32822,4,2
32823,4,2
32824,4,4
32825,4,2
32826,4,4
32827,4,4
32828,4,4
32829,4,4
32830,4,2
32831,4,4
32832,4,3
32833,4,0
32834,4,0
32835,4,4
32836,4,0
32837,4,4
32838,4,0
32839,4,2
32840,4,0
32841,4,4
32842,4,1
32843,4,4
32844,4,0
32845,4,2
32846,4,4
32847,4,1
32848,4,4
32849,4,4
32850,4,3
32851,4,0
32852,4,3
32853,4,4
32854,4,0
32855,4,4
32856,4,3
32857,4,4
32858,4,1
32859,4,0
32860,4,0
32861,4,3
32862,4,0
32863,4,0
32864,4,4
32865,4,3
32866,4,2
32867,4,4
32868,4,0
32869,4,3
32870,4,2
32871,4,4
32872,4,4
32873,4,4
32874,4,1
32875,4,4
32876,4,2
32877,4,4
32878,4,1
32879,4,2
32880,4,2
32881,4,1
32882,4,2
32883,4,3
32884,4,4
32885,4,4
32886,4,4
32887,4,2
32888,4,1
32889,4,3
32890,4,4
32891,4,4
32892,4,3
32893,4,2
32894,4,4
32895,4,4
32896,4,4
32897,4,2
32898,4,1
32899,4,2
32900,4,2
32901,4,2
32902,4,2
32903,4,4
32904,4,4
32905,4,3
32906,4,3
32907,4,1
32908,4,3
32909,4,4
32910,4,2
32911,4,2
32912,4,0
32913,4,0
32914,4,3
32915,4,4
32916,4,3
32917,4,3
32918,4,4
32919,4,0
32920,4,1
32921,4,4
32922,4,4
32923,4,2
32924,4,2
32925,4,1
32926,4,4
32927,4,4
32928,4,2
32929,4,0
32930,4,0
32931,4,2
32932,4,3
32933,4,3
32934,4,2
32935,4,4
32936,4,4
32937,4,4
32938,4,3
32939,4,3
32940,4,4
32941,4,0
32942,4,4
32943,4,1
32944,4,2
32945,4,2
32946,4,0
32947,4,4
32948,4,2
32949,4,1
32950,4,4
32951,4,2
32952,4,0
32953,4,4
32954,4,4
32955,4,1
32956,4,2
32957,4,3
32958,4,0
32959,4,2
32960,4,4
32961,4,2
32962,4,4
32963,4,4
32964,4,4
32965,4,2
32966,4,4
32967,4,1
32968,4,2
32969,4,2
32970,4,0
32971,4,4
32972,4,0
32973,4,2
32974,4,3
32975,4,2
32976,4,3
32977,4,0
32978,4,4
32979,4,4
32980,4,4
32981,4,4
32982,4,0
32983,4,3
32984,4,4
32985,4,3
32986,4,4
32987,4,4
32988,4,4
32989,4,4
32990,4,0
32991,4,3
32992,4,4
32993,4,2
32994,4,4
32995,4,4
32996,4,2
32997,4,1
32998,4,2
32999,4,2
33000,4,0
33001,4,4
33002,4,4
33003,4,3
33004,4,1
33005,4,3
33006,4,1
33007,4,0
33008,4,0
33009,4,4
33010,4,4
33011,4,4
33012,4,3
33013,4,1
33014,4,0
33015,4,4
33016,4,1
33017,4,1
33018,4,4
33019,4,2
33020,4,3
33021,4,2
33022,4,2
33023,4,4
33024,4,2
33025,4,3
33026,4,3
33027,4,4
33028,4,2
33029,4,0
33030,4,0
33031,4,4
33032,4,4
33033,4,4
33034,4,4
33035,4,0
33036,4,3
33037,4,3
33038,4,2
33039,4,2
33040,4,2
33041,4,2
33042,4,2
33043,4,4
33044,4,3
33045,4,4
33046,4,4
33047,4,0
33048,4,0
33049,4,2
33050,4,1
33051,4,4
33052,4,4
33053,4,2
33054,4,2
33055,4,4
33056,4,1
33057,4,4
33058,4,4
33059,4,3
33060,4,2
33061,4,4
33062,4,3
33063,4,4
33064,4,2
33065,4,3
33066,4,2
33067,4,2
33068,4,4
33069,4,4
33070,4,1
33071,4,2
33072,4,0
33073,4,0
33074,4,2
33075,4,4
33076,4,4
33077,4,3
33078,4,3
33079,4,0
33080,4,4
33081,4,3
33082,4,2
33083,4,4
33084,4,2
33085,4,4
33086,4,0
33087,4,2
33088,4,4
33089,4,1
33090,4,2
33091,4,2
33092,4,0
33093,4,0
33094,4,1
33095,4,0
33096,4,2
33097,4,0
33098,4,2
33099,4,2
33100,4,4
33101,4,3
33102,4,4
33103,4,4
33104,4,4
33105,4,1
33106,4,2
33107,4,2
33108,4,2
33109,4,1
33110,4,2
33111,4,4
33112,4,1
33113,4,2
33114,4,0
33115,4,2
33116,4,2
33117,4,2
33118,4,3
33119,4,2
33120,4,4
33121,4,1
33122,4,4
33123,4,1
33124,4,1
33125,4,4
33126,4,2
33127,4,1
33128,4,0
33129,4,1
33130,4,4
33131,4,0
33132,4,4
33133,4,3
33134,4,4
33135,4,4
33136,4,0
33137,4,4
33138,4,0
33139,4,4
33140,4,0
33141,4,0
33142,4,4
33143,4,4
33144,4,2
33145,4,1
33146,4,4
33147,4,4
33148,4,1
33149,4,0
33150,4,4
33151,4,0
33152,4,2
33153,4,2
33154,4,2
33155,4,3
33156,4,2
33157,4,4
33158,4,2
33159,4,1
33160,4,2
33161,4,2
33162,4,2
33163,4,4
33164,4,0
33165,4,1
33166,4,2
33167,4,3
33168,4,4
33169,4,2
33170,4,4
33171,4,4
33172,4,1
33173,4,2
33174,4,2
33175,4,3
33176,4,2
33177,4,4
33178,4,0
33179,4,3
33180,4,3
33181,4,2
33182,4,4
33183,4,3
33184,4,2
33185,4,3
33186,4,4
33187,4,4
33188,4,0
33189,4,4
33190,4,1
33191,4,4
33192,4,2
33193,4,3
33194,4,4
33195,4,0
33196,4,3
33197,4,3
33198,4,3
33199,4,4
33200,4,2
33201,4,0
33202,4,1
33203,4,4
33204,4,2
33205,4,4
33206,4,4
33207,4,2
33208,4,4
33209,4,0
33210,4,0
33211,4,2
33212,4,3
33213,4,2
33214,4,4
33215,4,4
33216,4,4
33217,4,4
33218,4,4
33219,4,2
33220,4,2
33221,4,2
33222,4,2
33223,4,4
33224,4,4
33225,4,2
33226,4,1
33227,4,4
33228,4,2
33229,4,2
33230,4,3
33231,4,0
33232,4,1
33233,4,4
33234,4,0
33235,4,0
33236,4,4
33237,4,2
33238,4,3
33239,4,3
33240,4,4
33241,4,3
33242,4,1
33243,4,3
33244,4,3
33245,4,4
33246,4,2
33247,4,4
33248,4,0
33249,4,2
33250,4,2
33251,4,0
33252,4,4
33253,4,0
33254,4,4
33255,4,0
33256,4,2
33257,4,3
33258,4,1
33259,4,0
33260,4,4
33261,4,4
33262,4,4
33263,4,2
33264,4,0
33265,4,0
33266,4,4
33267,4,1
33268,4,2
33269,4,4
33270,4,3
33271,4,3
33272,4,0
33273,4,0
33274,4,4
33275,4,3
33276,4,4
33277,4,0
33278,4,1
33279,4,0
33280,4,4
33281,4,4
33282,4,3
33283,4,3
33284,4,0
33285,4,3
33286,4,1
33287,4,4
33288,4,2
33289,4,4
33290,4,2
33291,4,2
33292,4,3
33293,4,4
33294,4,3
33295,4,1
33296,4,2
33297,4,2
33298,4,3
33299,4,4
33300,4,4
33301,4,3
33302,4,2
33303,4,4
33304,4,0
33305,4,4
33306,4,4
33307,4,4
33308,4,3
33309,4,3
33310,4,3
33311,4,2
33312,4,0
33313,4,2
33314,4,1
33315,4,3
33316,4,4
33317,4,3
33318,4,4
33319,4,2
33320,4,3
33321,4,2
33322,4,4
33323,4,3
33324,4,0
33325,4,3
33326,4,3
33327,4,3
33328,4,2
33329,4,3
33330,4,4
33331,4,2
33332,4,2
33333,4,0
33334,4,2
33335,4,0
33336,4,4
33337,4,2
33338,4,0
33339,4,2
33340,4,2
33341,4,4
33342,4,0
33343,4,2
33344,4,4
33345,4,4
33346,4,3
33347,4,4
33348,4,1
33349,4,2
33350,4,0
33351,4,2
33352,4,4
33353,4,1
33354,4,4
33355,4,4
33356,4,3
33357,4,2
33358,4,4
33359,4,2
33360,4,0
33361,4,0
33362,4,1
33363,4,4
33364,4,2
33365,4,2
33366,4,0
33367,4,4
33368,4,4
33369,4,4
33370,4,2
33371,4,2
33372,4,4
33373,4,0
33374,4,1
33375,4,2
33376,4,2
33377,4,1
33378,4,4
33379,4,1
33380,4,0
33381,4,3
33382,4,4
33383,4,0
33384,4,1
33385,4,4
33386,4,3
33387,4,2
33388,4,3
33389,4,0
33390,4,4
33391,4,1
33392,4,3
33393,4,1
33394,4,4
33395,4,2
33396,4,4
33397,4,4
33398,4,1
33399,4,0
33400,4,2
33401,4,4
33402,4,1
33403,4,0
33404,4,4
33405,4,3
33406,4,1
33407,4,0
33408,4,2
33409,4,1
33410,4,4
33411,4,2
33412,4,0
33413,4,2
33414,4,2
33415,4,2
33416,4,3
33417,4,2
33418,4,4
33419,4,3
33420,4,3
33421,4,3
33422,4,2
33423,4,3
33424,4,4
33425,4,1
33426,4,2
33427,4,0
33428,4,3
33429,4,4
33430,4,4
33431,4,4
33432,4,0
33433,4,4
33434,4,2
33435,4,3
33436,4,1
33437,4,4
33438,4,3
33439,4,4
33440,4,3
33441,4,1
33442,4,0
33443,4,2
33444,4,1
33445,4,2
33446,4,4
33447,4,0
33448,4,2
33449,4,1
33450,4,4
33451,4,4
33452,4,4
33453,4,2
33454,4,3
33455,4,0
33456,4,1
33457,4,2
33458,4,1
33459,4,2
33460,4,3
33461,4,4
33462,4,2
33463,4,4
33464,4,4
33465,4,1
33466,4,4
33467,4,4
33468,4,2
33469,4,1
33470,4,2
33471,4,4
33472,4,2
33473,4,4
33474,4,1
33475,4,3
33476,4,1
33477,4,3
33478,4,3
33479,4,4
33480,4,2
33481,4,4
33482,4,3
33483,4,4
33484,4,4
33485,4,1
33486,4,4
33487,4,0
33488,4,1
33489,4,2
33490,4,2
33491,4,3
33492,4,4
33493,4,0
33494,4,2
33495,4,4
33496,4,3
33497,4,3
33498,4,4
33499,4,2
33500,4,1
33501,4,4
33502,4,4
33503,4,2
33504,4,0
33505,4,4
33506,4,2
33507,4,1
33508,4,0
33509,4,4
33510,4,4
33511,4,4
33512,4,3
33513,4,2
33514,4,1
33515,4,4
33516,4,1
33517,4,2
33518,4,3
33519,4,0
33520,4,1
33521,4,1
33522,4,3
33523,4,2
33524,4,3
33525,4,2
33526,4,2
33527,4,3
33528,4,4
33529,4,1
33530,4,3
33531,4,2
33532,4,3
33533,4,4
33534,4,0
33535,4,4
33536,4,0
33537,4,3
33538,4,4
33539,4,4
33540,4,4
33541,4,3
33542,4,3
33543,4,3
33544,4,2
33545,4,1
33546,4,2
33547,4,4
33548,4,4
33549,4,4
33550,4,4
33551,4,4
33552,4,4
33553,4,4
33554,4,0
33555,4,0
33556,4,2
33557,4,1
33558,4,0
33559,4,4
33560,4,2
33561,4,2
33562,4,0
33563,4,0
33564,4,2
33565,4,3
33566,4,2
33567,4,2
33568,4,3
33569,4,4
33570,4,3
33571,4,4
33572,4,3
33573,4,4
33574,4,3
33575,4,3
33576,4,0
33577,4,0
33578,4,4
33579,4,2
33580,4,4
33581,4,4
33582,4,4
33583,4,1
33584,4,1
33585,4,4
33586,4,2
33587,4,2
33588,4,2
33589,4,4
33590,4,4
33591,4,2
33592,4,4
33593,4,2
33594,4,4
33595,4,3
33596,4,2
33597,4,4
33598,4,4
33599,4,4
33600,4,2
33601,4,2
33602,4,2
33603,4,2
33604,4,3
33605,4,1
33606,4,3
33607,4,3
33608,4,2
33609,4,2
33610,4,4
33611,4,3
33612,4,4
33613,4,3
33614,4,2
33615,4,3
33616,4,0
33617,4,4
33618,4,2
33619,4,2
33620,4,1
33621,4,0
33622,4,4
33623,4,1
33624,4,4
33625,4,4
33626,4,2
33627,4,2
33628,4,4
33629,4,0
33630,4,2
33631,4,2
33632,4,0
33633,4,4
33634,4,3
33635,4,3
33636,4,2
33637,4,1
33638,4,4
33639,4,2
33640,4,0
33641,4,4
33642,4,0
33643,4,0
33644,4,2
33645,4,0
33646,4,3
33647,4,2
33648,4,3
33649,4,0
33650,4,2
33651,4,2
33652,4,4
33653,4,4
33654,4,4
33655,4,0
33656,4,3
33657,4,2
33658,4,4
33659,4,4
33660,4,2
33661,4,0
33662,4,4
33663,4,2
33664,4,1
33665,4,2
33666,4,4
33667,4,0
33668,4,4
33669,4,0
33670,4,2
33671,4,0
33672,4,1
33673,4,2
33674,4,3
33675,4,4
33676,4,2
33677,4,4
33678,4,4
33679,4,2
33680,4,1
33681,4,4
33682,4,3
33683,4,3
33684,4,4
33685,4,1
33686,4,1
33687,4,3
33688,4,4
33689,4,2
33690,4,2
33691,4,3
33692,4,2
33693,4,4
33694,4,4
33695,4,0
33696,4,3
33697,4,4
33698,4,1
33699,4,1
33700,4,1
33701,4,2
33702,4,3
33703,4,0
33704,4,0
33705,4,1
33706,4,1
33707,4,3
33708,4,1
33709,4,2
33710,4,4
33711,4,2
33712,4,4
33713,4,3
33714,4,2
33715,4,4
33716,4,2
33717,4,2
33718,4,0
33719,4,2
33720,4,0
33721,4,4
33722,4,3
33723,4,2
33724,4,0
33725,4,4
33726,4,4
33727,4,3
33728,4,2
33729,4,4
33730,4,3
33731,4,4
33732,4,1
33733,4,4
33734,4,3
33735,4,4
33736,4,4
33737,4,1
33738,4,3
33739,4,0
33740,4,0
33741,4,0
33742,4,3
33743,4,4
33744,4,4
33745,4,4
33746,4,3
33747,4,3
33748,4,2
33749,4,0
33750,4,0
33751,4,4
33752,4,4
33753,4,4
33754,4,2
33755,4,2
33756,4,4
33757,4,4
33758,4,4
33759,4,2
33760,4,0
33761,4,1
33762,4,1
33763,4,4
33764,4,1
33765,4,3
33766,4,3
33767,4,2
33768,4,4
33769,4,0
33770,4,4
33771,4,1
33772,4,3
33773,4,0
33774,4,4
33775,4,3
33776,4,4
33777,4,3
33778,4,1
33779,4,4
33780,4,1
33781,4,1
33782,4,1
33783,4,4
33784,4,4
33785,4,0
33786,4,2
33787,4,1
33788,4,4
33789,4,1
33790,4,4
33791,4,3
33792,4,4
33793,4,4
33794,4,2
33795,4,0
33796,4,2
33797,4,2
33798,4,2
33799,4,0
33800,4,4
33801,4,3
33802,4,3
33803,4,4
33804,4,2
33805,4,0
33806,4,2
33807,4,3
33808,4,2
33809,4,4
33810,4,1
33811,4,1
33812,4,0
33813,4,0
33814,4,0
33815,4,4
33816,4,4
33817,4,3
33818,4,4
33819,4,1
33820,4,4
33821,4,0
33822,4,3
33823,4,4
33824,4,0
33825,4,0
33826,4,4
33827,4,1
33828,4,0
33829,4,0
33830,4,1
33831,4,2
33832,4,1
33833,4,4
33834,4,3
33835,4,3
33836,4,1
33837,4,1
33838,4,3
33839,4,2
33840,4,2
33841,4,3
33842,4,4
33843,4,2
33844,4,2
33845,4,3
33846,4,2
33847,4,2
33848,4,3
33849,4,2
33850,4,2
33851,4,0
33852,4,4
33853,4,2
33854,4,3
33855,4,4
33856,4,0
33857,4,4
33858,4,4
33859,4,2
33860,4,4
33861,4,1
33862,4,0
33863,4,2
33864,4,4
33865,4,4
33866,4,1
33867,4,3
33868,4,0
33869,4,0
33870,4,2
33871,4,2
33872,4,2
33873,4,4
33874,4,3
33875,4,4
33876,4,3
33877,4,4
33878,4,4
33879,4,1
33880,4,0
33881,4,4
33882,4,3
33883,4,2
33884,4,4
33885,4,3
33886,4,4
33887,4,2
33888,4,2
33889,4,2
33890,4,1
33891,4,0
33892,4,4
33893,4,1
33894,4,4
33895,4,0
33896,4,1
33897,4,3
33898,4,0
33899,4,3
33900,4,4
33901,4,3
33902,4,1
33903,4,0
33904,4,1
33905,4,4
33906,4,4
33907,4,3
33908,4,4
33909,4,3
33910,4,1
33911,4,1
33912,4,4
33913,4,3
33914,4,0
33915,4,2
33916,4,4
33917,4,4
33918,4,2
33919,4,2
33920,4,4
33921,4,0
33922,4,0
33923,4,2
33924,4,2
33925,4,4
33926,4,0
33927,4,4
33928,4,2
33929,4,3
33930,4,4
33931,4,1
33932,4,3
33933,4,0
33934,4,4
33935,4,3
33936,4,4
33937,4,2
33938,4,0
33939,4,4
33940,4,3
33941,4,0
33942,4,4
33943,4,4
33944,4,2
33945,4,2
33946,4,4
33947,4,2
33948,4,0
33949,4,0
33950,4,3
33951,4,1
33952,4,3
33953,4,4
33954,4,4
33955,4,2
33956,4,4
33957,4,0
33958,4,1
33959,4,4
33960,4,0
33961,4,4
33962,4,0
33963,4,4
33964,4,2
33965,4,0
33966,4,0
33967,4,3
33968,4,4
33969,4,4
33970,4,1
33971,4,0
33972,4,1
33973,4,4
33974,4,4
33975,4,2
33976,4,2
33977,4,0
33978,4,2
33979,4,4
33980,4,4
33981,4,4
33982,4,2
33983,4,0
33984,4,4
33985,4,4
33986,4,2
33987,4,2
33988,4,3
33989,4,3
33990,4,0
33991,4,0
33992,4,2
33993,4,1
33994,4,3
33995,4,3
33996,4,0
33997,4,0
33998,4,2
33999,4,4
34000,4,2
34001,4,0
34002,4,0
34003,4,1
34004,4,2
34005,4,1
34006,4,1
34007,4,4
34008,4,4
34009,4,2
34010,4,2
34011,4,0
34012,4,4
34013,4,1
34014,4,0
34015,4,1
34016,4,4
34017,4,0
34018,4,4
34019,4,1
34020,4,4
34021,4,4
34022,4,0
34023,4,2
34024,4,2
34025,4,4
34026,4,2
34027,4,1
34028,4,4
34029,4,4
34030,4,2
34031,4,3
34032,4,0
34033,4,2
34034,4,4
34035,4,4
34036,4,3
34037,4,0
34038,4,1
34039,4,0
34040,4,3
34041,4,4
34042,4,2
34043,4,3
34044,4,1
34045,4,4
34046,4,3
34047,4,3
34048,4,2
34049,4,3
34050,4,0
34051,4,4
34052,4,2
34053,4,3
34054,4,4
34055,4,1
34056,4,4
34057,4,2
34058,4,3
34059,4,4
34060,4,0
34061,4,1
34062,4,1
34063,4,2
34064,4,3
34065,4,4
34066,4,0
34067,4,2
34068,4,0
34069,4,4
34070,4,2
34071,4,4
34072,4,4
34073,4,1
34074,4,3
34075,4,4
34076,4,3
34077,4,4
34078,4,4
34079,4,2
34080,4,4
34081,4,1
34082,4,4
34083,4,3
34084,4,4
34085,4,2
34086,4,4
34087,4,4
34088,4,3
34089,4,1
34090,4,2
34091,4,4
34092,4,4
34093,4,1
34094,4,4
34095,4,0
34096,4,4
34097,4,4
34098,4,2
34099,4,4
34100,4,0
34101,4,2
34102,4,2
34103,4,4
34104,4,4
34105,4,3
34106,4,4
34107,4,1
34108,4,1
34109,4,0
34110,4,1
34111,4,4
34112,4,2
34113,4,0
34114,4,2
34115,4,0
34116,4,4
34117,4,2
34118,4,2
34119,4,4
34120,4,4
34121,4,0
34122,4,3
34123,4,2
34124,4,4
34125,4,4
34126,4,2
34127,4,2
34128,4,4
34129,4,4
34130,4,1
34131,4,4
34132,4,4
34133,4,0
34134,4,3
34135,4,3
34136,4,3
34137,4,4
34138,4,3
34139,4,2
34140,4,3
34141,4,3
34142,4,1
34143,4,0
34144,4,2
34145,4,0
34146,4,0
34147,4,2
34148,4,2
34149,4,0
34150,4,3
34151,4,1
34152,4,4
34153,4,1
34154,4,0
34155,4,4
34156,4,4
34157,4,4
34158,4,4
34159,4,0
34160,4,4
34161,4,4
34162,4,2
34163,4,2
34164,4,4
34165,4,4
34166,4,2
34167,4,3
34168,4,1
34169,4,2
34170,4,0
34171,4,3
34172,4,3
34173,4,3
34174,4,0
34175,4,2
34176,4,3
34177,4,4
34178,4,4
34179,4,2
34180,4,2
34181,4,4
34182,4,0
34183,4,2
34184,4,4
34185,4,2
34186,4,3
34187,4,1
34188,4,4
34189,4,2
34190,4,2
34191,4,4
34192,4,3
34193,4,1
34194,4,0
34195,4,2
34196,4,4
34197,4,4
34198,4,4
34199,4,1
34200,4,3
34201,4,2
34202,4,3
34203,4,2
34204,4,1
34205,4,2
34206,4,3
34207,4,2
34208,4,4
34209,4,4
34210,4,4
34211,4,2
34212,4,4
34213,4,0
34214,4,3
34215,4,3
34216,4,4
34217,4,2
34218,4,1
34219,4,2
34220,4,1
34221,4,4
34222,4,4
34223,4,2
34224,4,0
34225,4,4
34226,4,0
34227,4,0
34228,4,4
34229,4,4
34230,4,1
34231,4,0
34232,4,4
34233,4,4
34234,4,3
34235,4,1
34236,4,0
34237,4,3
34238,4,0
34239,4,0
34240,4,2
34241,4,4
34242,4,4
34243,4,4
34244,4,3
34245,4,2
34246,4,0
34247,4,0
34248,4,2
34249,4,4
34250,4,4
34251,4,4
34252,4,2
34253,4,2
34254,4,4
34255,4,4
34256,4,4
34257,4,4
34258,4,2
34259,4,0
34260,4,2
34261,4,2
34262,4,4
34263,4,3
34264,4,1
34265,4,2
34266,4,4
34267,4,2
34268,4,4
34269,4,2
34270,4,1
34271,4,2
34272,4,2
34273,4,1
34274,4,0
34275,4,4
34276,4,4
34277,4,2
34278,4,2
34279,4,4
34280,4,2
34281,4,3
34282,4,2
34283,4,4
34284,4,4
34285,4,4
34286,4,2
34287,4,2
34288,4,3
34289,4,0
34290,4,3
34291,4,4
34292,4,1
34293,4,1
34294,4,3
34295,4,4
34296,4,4
34297,4,1
34298,4,3
34299,4,1
34300,4,0
34301,4,4
34302,4,4
34303,4,4
34304,4,3
34305,4,1
34306,4,2
34307,4,0
34308,4,2
34309,4,3
34310,4,4
34311,4,2
34312,4,4
34313,4,3
34314,4,2
34315,4,1
34316,4,3
34317,4,0
34318,4,0
34319,4,4
34320,4,2
34321,4,3
34322,4,4
34323,4,4
34324,4,0
34325,4,2
34326,4,0
34327,4,0
34328,4,4
34329,4,2
34330,4,2
34331,4,3
34332,4,4
34333,4,3
34334,4,2
34335,4,4
34336,4,3
34337,4,4
34338,4,4
34339,4,2
34340,4,0
34341,4,2
34342,4,1
34343,4,3
34344,4,2
34345,4,4
34346,4,4
34347,4,2
34348,4,3
34349,4,3
34350,4,1
34351,4,0
34352,4,2
34353,4,3
34354,4,2
34355,4,3
34356,4,2
34357,4,1
34358,4,3
34359,4,2
34360,4,3
34361,4,2
34362,4,4
34363,4,0
34364,4,2
34365,4,2
34366,4,0
34367,4,2
34368,4,3
34369,4,1
34370,4,0
34371,4,3
34372,4,3
34373,4,4
34374,4,3
34375,4,2
34376,4,4
34377,4,0
34378,4,4
34379,4,0
34380,4,2
34381,4,0
34382,4,2
34383,4,4
34384,4,2
34385,4,2
34386,4,1
34387,4,4
34388,4,2
34389,4,3
34390,4,4
34391,4,2
34392,4,3
34393,4,3
34394,4,2
34395,4,2
34396,4,0
34397,4,2
34398,4,2
34399,4,1
34400,4,0
34401,4,4
34402,4,2
34403,4,3
34404,4,0
34405,4,2
34406,4,4
34407,4,3
34408,4,1
34409,4,4
34410,4,1
34411,4,2
34412,4,1
34413,4,1
34414,4,0
34415,4,3
34416,4,0
34417,4,4
34418,4,2
34419,4,1
34420,4,4
34421,4,2
34422,4,1
34423,4,3
34424,4,2
34425,4,3
34426,4,4
34427,4,0
34428,4,0
34429,4,0
34430,4,4
34431,4,4
34432,4,3
34433,4,1
34434,4,3
34435,4,2
34436,4,3
34437,4,4
34438,4,3
34439,4,4
34440,4,2
34441,4,2
34442,4,4
34443,4,0
34444,4,1
34445,4,1
34446,4,4
34447,4,1
34448,4,4
34449,4,1
34450,4,3
34451,4,4
34452,4,2
34453,4,0
34454,4,2
34455,4,3
34456,4,4
34457,4,4
34458,4,2
34459,4,0
34460,4,3
34461,4,2
34462,4,4
34463,4,2
34464,4,1
34465,4,3
34466,4,2
34467,4,4
34468,4,0
34469,4,0
34470,4,3
34471,4,4
34472,4,4
34473,4,0
34474,4,2
34475,4,4
34476,4,2
34477,4,4
34478,4,2
34479,4,2
34480,4,4
34481,4,4
34482,4,4
34483,4,4
34484,4,2
34485,4,4
34486,4,4
34487,4,3
34488,4,2
34489,4,3
34490,4,3
34491,4,4
34492,4,0
34493,4,3
34494,4,0
34495,4,3
34496,4,2
34497,4,4
34498,4,1
34499,4,3
34500,4,3
34501,4,2
34502,4,4
34503,4,3
34504,4,3
34505,4,1
34506,4,2
34507,4,2
34508,4,4
34509,4,3
34510,4,2
34511,4,1
34512,4,4
34513,4,3
34514,4,4
34515,4,4
34516,4,4
34517,4,4
34518,4,0
34519,4,2
34520,4,0
34521,4,0
34522,4,3
34523,4,4
34524,4,1
34525,4,4
34526,4,4
34527,4,4
34528,4,2
34529,4,3
34530,4,2
34531,4,2
34532,4,2
34533,4,4
34534,4,4
34535,4,2
34536,4,0
34537,4,0
34538,4,1
34539,4,0
34540,4,4
34541,4,2
34542,4,0
34543,4,3
34544,4,4
34545,4,0
34546,4,4
34547,4,4
34548,4,3
34549,4,0
34550,4,1
34551,4,4
34552,4,4
34553,4,4
34554,4,4
34555,4,4
34556,4,4
34557,4,3
34558,4,1
34559,4,4
34560,4,4
34561,4,4
34562,4,4
34563,4,2
34564,4,2
34565,4,2
34566,4,4
34567,4,2
34568,4,4
34569,4,3
34570,4,4
34571,4,4
34572,4,1
34573,4,3
34574,4,2
34575,4,4
34576,4,1
34577,4,2
34578,4,2
34579,4,4
34580,4,4
34581,4,4
34582,4,4
34583,4,2
34584,4,2
34585,4,4
34586,4,4
34587,4,4
34588,4,4
34589,4,2
34590,4,3
34591,4,2
34592,4,3
34593,4,2
34594,4,4
34595,4,3
34596,4,1
34597,4,2
34598,4,0
34599,4,2
34600,4,2
34601,4,2
34602,4,2
34603,4,2
34604,4,2
34605,4,1
34606,4,4
34607,4,4
34608,4,4
34609,4,2
34610,4,4
34611,4,4
34612,4,1
34613,4,0
34614,4,3
34615,4,2
34616,4,4
34617,4,1
34618,4,2
34619,4,1
34620,4,3
34621,4,3
34622,4,3
34623,4,2
34624,4,1
34625,4,4
34626,4,1
34627,4,2
34628,4,2
34629,4,1
34630,4,4
34631,4,3
34632,4,4
34633,4,2
34634,4,2
34635,4,2
34636,4,3
34637,4,4
34638,4,0
34639,4,2
34640,4,0
34641,4,2
34642,4,1
34643,4,2
34644,4,4
34645,4,0
34646,4,3
34647,4,4
34648,4,2
34649,4,2
34650,4,0
34651,4,1
34652,4,1
34653,4,2
34654,4,4
34655,4,3
34656,4,3
34657,4,3
34658,4,4
34659,4,3
34660,4,4
34661,4,1
34662,4,4
34663,4,3
34664,4,4
34665,4,0
34666,4,3
34667,4,2
34668,4,2
34669,4,4
34670,4,4
34671,4,3
34672,4,0
34673,4,3
34674,4,3
34675,4,4
34676,4,2
34677,4,4
34678,4,1
34679,4,0
34680,4,3
34681,4,4
34682,4,3
34683,4,2
34684,4,3
34685,4,4
34686,4,2
34687,4,1
34688,4,4
34689,4,0
34690,4,2
34691,4,2
34692,4,3
34693,4,3
34694,4,4
34695,4,2
34696,4,0
34697,4,1
34698,4,4
34699,4,2
34700,4,4
34701,4,3
34702,4,0
34703,4,2
34704,4,1
34705,4,4
34706,4,2
34707,4,2
34708,4,1
34709,4,4
34710,4,0
34711,4,3
34712,4,2
34713,4,2
34714,4,4
34715,4,1
34716,4,0
34717,4,4
34718,4,4
34719,4,4
34720,4,4
34721,4,3
34722,4,4
34723,4,4
34724,4,4
34725,4,0
34726,4,4
34727,4,4
34728,4,2
34729,4,1
34730,4,3
34731,4,2
34732,4,0
34733,4,4
34734,4,2
34735,4,1
34736,4,2
34737,4,0
34738,4,1
34739,4,4
34740,4,4
34741,4,4
34742,4,3
34743,4,2
34744,4,3
34745,4,4
34746,4,3
34747,4,3
34748,4,3
34749,4,3
34750,4,2
34751,4,3
34752,4,3
34753,4,0
34754,4,4
34755,4,2
34756,4,3
34757,4,3
34758,4,2
34759,4,1
34760,4,2
34761,4,0
34762,4,0
34763,4,4
34764,4,2
34765,4,0
34766,4,2
34767,4,0
34768,4,1
34769,4,3
34770,4,4
34771,4,4
34772,4,0
34773,4,0
34774,4,2
34775,4,2
34776,4,4
34777,4,4
34778,4,3
34779,4,1
34780,4,1
34781,4,0
34782,4,0
34783,4,4
34784,4,3
34785,4,4
34786,4,2
34787,4,3
34788,4,1
34789,4,4
34790,4,4
34791,4,4
34792,4,2
34793,4,2
34794,4,3
34795,4,1
34796,4,3
34797,4,0
34798,4,2
34799,4,2
34800,4,4
34801,4,4
34802,4,4
34803,4,0
34804,4,4
34805,4,3
34806,4,1
34807,4,1
34808,4,2
34809,4,4
34810,4,0
34811,4,4
34812,4,4
34813,4,2
34814,4,4
34815,4,4
34816,4,2
34817,4,4
34818,4,0
34819,4,4
34820,4,4
34821,4,0
34822,4,3
34823,4,0
34824,4,4
34825,4,4
34826,4,4
34827,4,4
34828,4,3
34829,4,2
34830,4,2
34831,4,4
34832,4,2
34833,4,0
34834,4,4
34835,4,0
34836,4,4
34837,4,3
34838,4,3
34839,4,4
34840,4,4
34841,4,2
34842,4,0
34843,4,0
34844,4,4
34845,4,2
34846,4,3
34847,4,2
34848,4,2
34849,4,0
34850,4,0
34851,4,4
34852,4,0
34853,4,2
34854,4,2
34855,4,4
34856,4,3
34857,4,4
34858,4,2
34859,4,4
34860,4,2
34861,4,4
34862,4,2
34863,4,3
34864,4,2
34865,4,2
34866,4,1
34867,4,4
34868,4,3
34869,4,2
34870,4,3
34871,4,1
34872,4,0
34873,4,2
34874,4,3
34875,4,4
34876,4,3
34877,4,0
34878,4,4
34879,4,4
34880,4,2
34881,4,2
34882,4,0
34883,4,3
34884,4,0
34885,4,2
34886,4,2
34887,4,0
34888,4,1
34889,4,0
34890,4,4
34891,4,3
34892,4,4
34893,4,3
34894,4,3
34895,4,4
34896,4,1
34897,4,4
34898,4,4
34899,4,4
34900,4,0
34901,4,2
34902,4,2
34903,4,1
34904,4,2
34905,4,4
34906,4,4
34907,4,2
34908,4,2
34909,4,4
34910,4,4
34911,4,4
34912,4,1
34913,4,3
34914,4,0
34915,4,0
34916,4,4
34917,4,4
34918,4,2
34919,4,4
34920,4,2
34921,4,2
34922,4,2
34923,4,3
34924,4,3
34925,4,2
34926,4,2
34927,4,2
34928,4,2
34929,4,4
34930,4,4
34931,4,3
34932,4,4
34933,4,1
34934,4,4
34935,4,0
34936,4,3
34937,4,4
34938,4,2
34939,4,0
34940,4,0
34941,4,4
34942,4,2
34943,4,4
34944,4,2
34945,4,0
34946,4,3
34947,4,0
34948,4,2
34949,4,2
34950,4,0
34951,4,4
34952,4,4
34953,4,3
34954,4,0
34955,4,2
34956,4,1
34957,4,4
34958,4,1
34959,4,3
34960,4,4
34961,4,1
34962,4,2
34963,4,2
34964,4,1
34965,4,4
34966,4,2
34967,4,1
34968,4,4
34969,4,4
34970,4,0
34971,4,4
34972,4,1
34973,4,1
34974,4,3
34975,4,3
34976,4,1
34977,4,3
34978,4,3
34979,4,4
34980,4,2
34981,4,1
34982,4,2
34983,4,1
34984,4,2
34985,4,0
34986,4,0
34987,4,0
34988,4,4
34989,4,4
34990,4,0
34991,4,3
34992,4,3
34993,4,2
34994,4,1
34995,4,4
34996,4,2
34997,4,1
34998,4,2
34999,4,3
35000,4,2
35001,4,0
35002,4,4
35003,4,2
35004,4,4
35005,4,4
35006,4,0
35007,4,1
35008,4,1
35009,4,0
35010,4,2
35011,4,2
35012,4,4
35013,4,4
35014,4,1
35015,4,4
35016,4,2
35017,4,4
35018,4,0
35019,4,2
35020,4,3
35021,4,2
35022,4,4
35023,4,2
35024,4,0
35025,4,2
35026,4,4
35027,4,4
35028,4,2
35029,4,2
35030,4,1
35031,4,2
35032,4,2
35033,4,4
35034,4,4
35035,4,4
35036,4,4
35037,4,4
35038,4,2
35039,4,4
35040,4,2
35041,4,2
35042,4,2
35043,4,2
35044,4,1
35045,4,4
35046,4,4
35047,4,3
35048,4,4
35049,4,4
35050,4,4
35051,4,4
35052,4,4
35053,4,4
35054,4,4
35055,4,4
35056,4,1
35057,4,3
35058,4,3
35059,4,1
35060,4,2
35061,4,1
35062,4,0
35063,4,4
35064,4,1
35065,4,3
35066,4,3
35067,4,3
35068,4,4
35069,4,1
35070,4,2
35071,4,1
35072,4,1
35073,4,1
35074,4,2
35075,4,2
35076,4,4
35077,4,3
35078,4,2
35079,4,0
35080,4,2
35081,4,0
35082,4,0
35083,4,2
35084,4,0
35085,4,2
35086,4,1
35087,4,2
35088,4,0
35089,4,4
35090,4,2
35091,4,2
35092,4,3
35093,4,2
35094,4,4
35095,4,4
35096,4,0
35097,4,0
35098,4,4
35099,4,3
35100,4,2
35101,4,1
35102,4,0
35103,4,3
35104,4,4
35105,4,4
35106,4,4
35107,4,3
35108,4,0
35109,4,3
35110,4,4
35111,4,2
35112,4,3
35113,4,4
35114,4,3
35115,4,2
35116,4,1
35117,4,2
35118,4,4
35119,4,4
35120,4,3
35121,4,4
35122,4,2
35123,4,0
35124,4,1
35125,4,0
35126,4,4
35127,4,4
35128,4,4
35129,4,4
35130,4,0
35131,4,2
35132,4,2
35133,4,4
35134,4,4
35135,4,0
35136,4,0
35137,4,4
35138,4,4
35139,4,0
35140,4,0
35141,4,0
35142,4,4
35143,4,1
35144,4,3
35145,4,4
35146,4,2
35147,4,2
35148,4,3
35149,4,0
35150,4,4
35151,4,3
35152,4,3
35153,4,2
35154,4,0
35155,4,2
35156,4,4
35157,4,3
35158,4,1
35159,4,4
35160,4,0
35161,4,3
35162,4,4
35163,4,4
35164,4,0
35165,4,2
35166,4,0
35167,4,2
35168,4,2
35169,4,0
35170,4,4
35171,4,4
35172,4,2
35173,4,4
35174,4,3
35175,4,3
35176,4,3
35177,4,4
35178,4,3
35179,4,1
35180,4,1
35181,4,3
35182,4,2
35183,4,3
35184,4,2
35185,4,1
35186,4,2
35187,4,2
35188,4,1
35189,4,3
35190,4,0
35191,4,0
35192,4,2
35193,4,3
35194,4,3
35195,4,4
35196,4,2
35197,4,2
35198,4,3
35199,4,4
35200,4,3
35201,4,2
35202,4,3
35203,4,2
35204,4,3
35205,4,4
35206,4,3
35207,4,3
35208,4,0
35209,4,0
35210,4,0
35211,4,0
35212,4,4
35213,4,3
35214,4,0
35215,4,4
35216,4,2
35217,4,2
35218,4,4
35219,4,0
35220,4,0
35221,4,1
35222,4,3
35223,4,2
35224,4,4
35225,4,2
35226,4,4
35227,4,1
35228,4,3
35229,4,4
35230,4,3
35231,4,4
35232,4,1
35233,4,1
35234,4,4
35235,4,4
35236,4,3
35237,4,0
35238,4,1
35239,4,2
35240,4,0
35241,4,3
35242,4,1
35243,4,2
35244,4,4
35245,4,0
35246,4,3
35247,4,2
35248,4,3
35249,4,3
35250,4,2
35251,4,4
35252,4,2
35253,4,1
35254,4,1
35255,4,0
35256,4,3
35257,4,4
35258,4,1
35259,4,1
35260,4,4
35261,4,1
35262,4,2
35263,4,1
35264,4,4
35265,4,2
35266,4,3
35267,4,4
35268,4,4
35269,4,4
35270,4,2
35271,4,1
35272,4,4
35273,4,4
35274,4,4
35275,4,4
35276,4,4
35277,4,2
35278,4,3
35279,4,4
35280,4,0
35281,4,3
35282,4,4
35283,4,4
35284,4,2
35285,4,4
35286,4,1
35287,4,1
35288,4,4
35289,4,2
35290,4,2
35291,4,3
35292,4,4
35293,4,4
35294,4,4
35295,4,2
35296,4,3
35297,4,4
35298,4,3
35299,4,2
35300,4,0
35301,4,0
35302,4,2
35303,4,4
35304,4,2
35305,4,2
35306,4,3
35307,4,2
35308,4,2
35309,4,2
35310,4,4
35311,4,2
35312,4,3
35313,4,3
35314,4,0
35315,4,1
35316,4,4
35317,4,4
35318,4,4
35319,4,4
35320,4,0
35321,4,1
35322,4,2
35323,4,3
35324,4,3
35325,4,4
35326,4,0
35327,4,2
35328,4,4
35329,4,4
35330,4,2
35331,4,4
35332,4,2
35333,4,4
35334,4,4
35335,4,2
35336,4,4
35337,4,3
35338,4,2
35339,4,2
35340,4,3
35341,4,4
35342,4,1
35343,4,0
35344,4,4
35345,4,2
35346,4,1
35347,4,2
35348,4,1
35349,4,1
35350,4,1
35351,4,3
35352,4,2
35353,4,4
35354,4,0
35355,4,3
35356,4,1
35357,4,2
35358,4,1
35359,4,0
35360,4,0
35361,4,3
35362,4,4
35363,4,4
35364,4,3
35365,4,2
35366,4,1
35367,4,0
35368,4,2
35369,4,1
35370,4,3
35371,4,1
35372,4,4
35373,4,1
35374,4,0
35375,4,1
35376,4,3
35377,4,4
35378,4,0
35379,4,2
35380,4,2
35381,4,0
35382,4,1
35383,4,4
35384,4,4
35385,4,2
35386,4,0
35387,4,4
35388,4,0
35389,4,4
35390,4,4
35391,4,2
35392,4,0
35393,4,1
35394,4,0
35395,4,0
35396,4,2
35397,4,2
35398,4,2
35399,4,3
35400,4,1
35401,4,3
35402,4,2
35403,4,4
35404,4,2
35405,4,4
35406,4,4
35407,4,0
35408,4,4
35409,4,4
35410,4,4
35411,4,4
35412,4,2
35413,4,1
35414,4,3
35415,4,2
35416,4,2
35417,4,0
35418,4,4
35419,4,3
35420,4,3
35421,4,3
35422,4,3
35423,4,2
35424,4,0
35425,4,4
35426,4,1
35427,4,4
35428,4,4
35429,4,2
35430,4,4
35431,4,4
35432,4,1
35433,4,3
35434,4,3
35435,4,0
35436,4,0
35437,4,2
35438,4,0
35439,4,4
35440,4,4
35441,4,3
35442,4,4
35443,4,0
35444,4,4
35445,4,2
35446,4,3
35447,4,2
35448,4,4
35449,4,4
35450,4,3
35451,4,4
35452,4,2
35453,4,4
35454,4,0
35455,4,4
35456,4,2
35457,4,4
35458,4,2
35459,4,3
35460,4,2
35461,4,1
35462,4,2
35463,4,0
35464,4,4
35465,4,1
35466,4,3
35467,4,2
35468,4,2
35469,4,1
35470,4,4
35471,4,0
35472,4,0
35473,4,1
35474,4,3
35475,4,0
35476,4,0
35477,4,4
35478,4,3
35479,4,2
35480,4,4
35481,4,0
35482,4,0
35483,4,3
35484,4,4
35485,4,4
35486,4,1
35487,4,4
35488,4,1
35489,4,2
35490,4,2
35491,4,4
35492,4,1
35493,4,4
35494,4,2
35495,4,3
35496,4,3
35497,4,1
35498,4,3
35499,4,4
35500,4,2
35501,4,4
35502,4,2
35503,4,2
35504,4,2
35505,4,3
35506,4,4
35507,4,1
35508,4,1
35509,4,3
35510,4,4
35511,4,4
35512,4,2
35513,4,2
35514,4,0
35515,4,4
35516,4,3
35517,4,0
35518,4,4
35519,4,2
35520,4,3
35521,4,4
35522,4,3
35523,4,2
35524,4,4
35525,4,3
35526,4,3
35527,4,1
35528,4,2
35529,4,2
35530,4,2
35531,4,1
35532,4,2
35533,4,4
35534,4,2
35535,4,1
35536,4,2
35537,4,3
35538,4,4
35539,4,0
35540,4,3
35541,4,1
35542,4,2
35543,4,4
35544,4,2
35545,4,4
35546,4,4
35547,4,0
35548,4,4
35549,4,3
35550,4,3
35551,4,0
35552,4,3
35553,4,2
35554,4,4
35555,4,2
35556,4,3
35557,4,3
35558,4,4
35559,4,4
35560,4,1
35561,4,0
35562,4,2
35563,4,2
35564,4,2
35565,4,0
35566,4,2
35567,4,4
35568,4,2
35569,4,4
35570,4,4
35571,4,3
35572,4,4
35573,4,2
35574,4,3
35575,4,2
35576,4,4
35577,4,4
35578,4,3
35579,4,1
35580,4,2
35581,4,3
35582,4,4
35583,4,3
35584,4,4
35585,4,0
35586,4,4
35587,4,2
35588,4,0
35589,4,2
35590,4,4
35591,4,1
35592,4,4
35593,4,4
35594,4,3
35595,4,4
35596,4,0
35597,4,4
35598,4,4
35599,4,0
35600,4,2
35601,4,1
35602,4,3
35603,4,3
35604,4,4
35605,4,0
35606,4,2
35607,4,4
35608,4,0
35609,4,2
35610,4,3
35611,4,4
35612,4,2
35613,4,4
35614,4,4
35615,4,2
35616,4,2
35617,4,3
35618,4,0
35619,4,1
35620,4,2
35621,4,2
35622,4,2
35623,4,0
35624,4,2
35625,4,3
35626,4,2
35627,4,4
35628,4,4
35629,4,4
35630,4,1
35631,4,0
35632,4,0
35633,4,4
35634,4,1
35635,4,1
35636,4,4
35637,4,4
35638,4,2
35639,4,0
35640,4,3
35641,4,4
35642,4,1
35643,4,2
35644,4,2
35645,4,4
35646,4,4
35647,4,3
35648,4,3
35649,4,3
35650,4,2
35651,4,0
35652,4,1
35653,4,2
35654,4,4
35655,4,2
35656,4,0
35657,4,1
35658,4,4
35659,4,3
35660,4,2
35661,4,1
35662,4,4
35663,4,1
35664,4,4
35665,4,2
35666,4,2
35667,4,0
35668,4,1
35669,4,4
35670,4,3
35671,4,4
35672,4,1
35673,4,0
35674,4,3
35675,4,3
35676,4,3
35677,4,0
35678,4,2
35679,4,2
35680,4,3
35681,4,3
35682,4,2
35683,4,1
35684,4,1
35685,4,3
35686,4,2
35687,4,4
35688,4,0
35689,4,3
35690,4,3
35691,4,2
35692,4,1
35693,4,4
35694,4,3
35695,4,2
35696,4,4
35697,4,4
35698,4,1
35699,4,4
35700,4,2
35701,4,4
35702,4,3
35703,4,2
35704,4,1
35705,4,1
35706,4,0
35707,4,2
35708,4,4
35709,4,2
35710,4,0
35711,4,4
35712,4,4
35713,4,2
35714,4,2
35715,4,1
35716,4,1
35717,4,4
35718,4,2
35719,4,3
35720,4,4
35721,4,3
35722,4,0
35723,4,4
35724,4,0
35725,4,3
35726,4,4
35727,4,1
35728,4,3
35729,4,4
35730,4,4
35731,4,2
35732,4,2
35733,4,1
35734,4,4
35735,4,2
35736,4,3
35737,4,3
35738,4,1
35739,4,4
35740,4,4
35741,4,4
35742,4,4
35743,4,3
35744,4,1
35745,4,1
35746,4,4
35747,4,4
35748,4,4
35749,4,2
35750,4,4
35751,4,2
35752,4,4
35753,4,2
35754,4,2
35755,4,2
35756,4,2
35757,4,1
35758,4,2
35759,4,2
35760,4,2
35761,4,4
35762,4,4
35763,4,2
35764,4,1
35765,4,0
35766,4,2
35767,4,1
35768,4,4
35769,4,2
35770,4,0
35771,4,0
35772,4,4
35773,4,2
35774,4,4
35775,4,3
35776,4,2
35777,4,2
35778,4,1
35779,4,2
35780,4,2
35781,4,1
35782,4,3
35783,4,1
35784,4,3
35785,4,4
35786,4,4
35787,4,0
35788,4,2
35789,4,1
35790,4,2
35791,4,4
35792,4,3
35793,4,1
35794,4,0
35795,4,2
35796,4,0
35797,4,1
35798,4,3
35799,4,4
35800,4,4
35801,4,3
35802,4,1
35803,4,0
35804,4,2
35805,4,1
35806,4,1
35807,4,0
35808,4,4
35809,4,0
35810,4,3
35811,4,4
35812,4,2
35813,4,2
35814,4,3
35815,4,2
35816,4,0
35817,4,1
35818,4,4
35819,4,4
35820,4,4
35821,4,4
35822,4,4
35823,4,2
35824,4,2
35825,4,4
35826,4,1
35827,4,1
35828,4,3
35829,4,2
35830,4,2
35831,4,2
35832,4,2
35833,4,4
35834,4,3
35835,4,3
35836,4,2
35837,4,2
35838,4,0
35839,4,4
35840,4,0
35841,4,1
35842,4,4
35843,4,2
35844,4,4
35845,4,1
35846,4,4
35847,4,1
35848,4,1
35849,4,4
35850,4,0
35851,4,4
35852,4,4
35853,4,2
35854,4,4
35855,4,0
35856,4,4
35857,4,4
35858,4,1
35859,4,1
35860,4,3
35861,4,0
35862,4,2
35863,4,1
35864,4,4
35865,4,3
35866,4,2
35867,4,4
35868,4,3
35869,4,4
35870,4,1
35871,4,3
35872,4,4
35873,4,4
35874,4,0
35875,4,3
35876,4,0
35877,4,0
35878,4,0
35879,4,4
35880,4,0
35881,4,2
35882,4,2
35883,4,1
35884,4,2
35885,4,3
35886,4,2
35887,4,3
35888,4,4
35889,4,2
35890,4,0
35891,4,3
35892,4,3
35893,4,3
35894,4,4
35895,4,4
35896,4,2
35897,4,1
35898,4,2
35899,4,0
35900,4,1
35901,4,2
35902,4,2
35903,4,0
35904,4,2
35905,4,1
35906,4,4
35907,4,4
35908,4,2
35909,4,0
35910,4,4
35911,4,1
35912,4,3
35913,4,2
35914,4,2
35915,4,1
35916,4,2
35917,4,4
35918,4,2
35919,4,4
35920,4,3
35921,4,4
35922,4,2
35923,4,2
35924,4,4
35925,4,3
35926,4,3
35927,4,0
35928,4,2
35929,4,4
35930,4,4
35931,4,2
35932,4,4
35933,4,1
35934,4,3
35935,4,2
35936,4,2
35937,4,4
35938,4,3
35939,4,2
35940,4,3
35941,4,2
35942,4,0
35943,4,2
35944,4,0
35945,4,4
35946,4,4
35947,4,2
35948,4,0
35949,4,0
35950,4,2
35951,4,2
35952,4,0
35953,4,3
35954,4,2
35955,4,4
35956,4,4
35957,4,2
35958,4,4
35959,4,1
35960,4,4
35961,4,4
35962,4,4
35963,4,3
35964,4,2
35965,4,0
35966,4,2
35967,4,4
35968,4,2
35969,4,0
35970,4,2
35971,4,4
35972,4,1
35973,4,4
35974,4,4
35975,4,1
35976,4,4
35977,4,2
35978,4,0
35979,4,2
35980,4,2
35981,4,0
35982,4,0
35983,4,3
35984,4,4
35985,4,2
35986,4,2
35987,4,2
35988,4,3
35989,4,1
35990,4,0
35991,4,0
35992,4,4
35993,4,2
35994,4,3
35995,4,4
35996,4,1
35997,4,2
35998,4,2
35999,4,4
36000,4,2
36001,4,2
36002,4,2
36003,4,4
36004,4,4
36005,4,0
36006,4,0
36007,4,2
36008,4,4
36009,4,3
36010,4,0
36011,4,3
36012,4,2
36013,4,4
36014,4,1
36015,4,2
36016,4,0
36017,4,4
36018,4,2
36019,4,3
36020,4,3
36021,4,2
36022,4,0
36023,4,1
36024,4,2
36025,4,1
36026,4,0
36027,4,2
36028,4,2
36029,4,2
36030,4,4
36031,4,2
36032,4,2
36033,4,4
36034,4,2
36035,4,1
36036,4,3
36037,4,1
36038,4,2
36039,4,2
36040,4,4
36041,4,2
36042,4,2
36043,4,3
36044,4,2
36045,4,2
36046,4,2
36047,4,4
36048,4,3
36049,4,4
36050,4,4
36051,4,0
36052,4,4
36053,4,0
36054,4,4
36055,4,4
36056,4,3
36057,4,4
36058,4,2
36059,4,2
36060,4,4
36061,4,4
36062,4,2
36063,4,0
36064,4,3
36065,4,2
36066,4,4
36067,4,3
36068,4,3
36069,4,0
36070,4,3
36071,4,3
36072,4,0
36073,4,3
36074,4,2
36075,4,3
36076,4,4
36077,4,4
36078,4,2
36079,4,2
36080,4,2
36081,4,3
36082,4,2
36083,4,1
36084,4,4
36085,4,2
36086,4,2
36087,4,0
36088,4,4
36089,4,1
36090,4,2
36091,4,4
36092,4,1
36093,4,3
36094,4,3
36095,4,2
36096,4,2
36097,4,2
36098,4,4
36099,4,3
36100,4,4
36101,4,4
36102,4,2
36103,4,3
36104,4,4
36105,4,0
36106,4,3
36107,4,1
36108,4,0
36109,4,4
36110,4,3
36111,4,2
36112,4,4
36113,4,2
36114,4,0
36115,4,0
36116,4,2
36117,4,2
36118,4,4
36119,4,4
36120,4,4
36121,4,3
36122,4,2
36123,4,4
36124,4,3
36125,4,0
36126,4,2
36127,4,0
36128,4,0
36129,4,2
36130,4,1
36131,4,2
36132,4,3
36133,4,4
36134,4,2
36135,4,4
36136,4,0
36137,4,1
36138,4,3
36139,4,4
36140,4,2
36141,4,1
36142,4,1
36143,4,4
36144,4,2
36145,4,0
36146,4,0
36147,4,3
36148,4,2
36149,4,3
36150,4,0
36151,4,4
36152,4,3
36153,4,1
36154,4,1
36155,4,4
36156,4,2
36157,4,2
36158,4,2
36159,4,3
36160,4,4
36161,4,2
36162,4,0
36163,4,0
36164,4,2
36165,4,4
36166,4,1
36167,4,2
36168,4,4
36169,4,2
36170,4,1
36171,4,2
36172,4,4
36173,4,3
36174,4,4
36175,4,3
36176,4,4
36177,4,1
36178,4,4
36179,4,2
36180,4,4
36181,4,2
36182,4,4
36183,4,3
36184,4,3
36185,4,2
36186,4,4
36187,4,4
36188,4,2
36189,4,1
36190,4,0
36191,4,3
36192,4,1
36193,4,3
36194,4,2
36195,4,1
36196,4,0
36197,4,3
36198,4,3
36199,4,2
36200,4,3
36201,4,4
36202,4,0
36203,4,1
36204,4,2
36205,4,0
36206,4,3
36207,4,4
36208,4,2
36209,4,1
36210,4,4
36211,4,0
36212,4,2
36213,4,1
36214,4,1
36215,4,2
36216,4,3
36217,4,4
36218,4,2
36219,4,4
36220,4,4
36221,4,2
36222,4,1
36223,4,1
36224,4,4
36225,4,4
36226,4,2
36227,4,1
36228,4,0
36229,4,2
36230,4,0
36231,4,2
36232,4,4
36233,4,4
36234,4,2
36235,4,2
36236,4,2
36237,4,3
36238,4,1
36239,4,2
36240,4,4
36241,4,4
36242,4,4
36243,4,1
36244,4,1
36245,4,4
36246,4,4
36247,4,4
36248,4,1
36249,4,4
36250,4,3
36251,4,4
36252,4,0
36253,4,2
36254,4,2
36255,4,0
36256,4,3
36257,4,2
36258,4,3
36259,4,2
36260,4,0
36261,4,0
36262,4,4
36263,4,1
36264,4,2
36265,4,1
36266,4,2
36267,4,4
36268,4,0
36269,4,4
36270,4,4
36271,4,2
36272,4,3
36273,4,4
36274,4,2
36275,4,1
36276,4,2
36277,4,1
36278,4,2
36279,4,4
36280,4,4
36281,4,4
36282,4,1
36283,4,2
36284,4,2
36285,4,3
36286,4,4
36287,4,2
36288,4,4
36289,4,2
36290,4,1
36291,4,2
36292,4,4
36293,4,4
36294,4,1
36295,4,0
36296,4,0
36297,4,1
36298,4,2
36299,4,4
36300,4,2
36301,4,2
36302,4,4
36303,4,4
36304,4,4
36305,4,3
36306,4,1
36307,4,2
36308,4,3
36309,4,0
36310,4,4
36311,4,4
36312,4,1
36313,4,0
36314,4,2
36315,4,4
36316,4,4
36317,4,1
36318,4,2
36319,4,4
36320,4,1
36321,4,4
36322,4,2
36323,4,4
36324,4,2
36325,4,3
36326,4,2
36327,4,2
36328,4,2
36329,4,1
36330,4,2
36331,4,4
36332,4,2
36333,4,2
36334,4,3
36335,4,4
36336,4,0
36337,4,2
36338,4,0
36339,4,2
36340,4,3
36341,4,3
36342,4,4
36343,4,4
36344,4,2
36345,4,2
36346,4,2
36347,4,4
36348,4,4
36349,4,3
36350,4,4
36351,4,1
36352,4,4
36353,4,1
36354,4,2
36355,4,2
36356,4,4
36357,4,2
36358,4,1
36359,4,4
36360,4,4
36361,4,3
36362,4,4
36363,4,1
36364,4,0
36365,4,2
36366,4,4
36367,4,2
36368,4,3
36369,4,2
36370,4,0
36371,4,3
36372,4,3
36373,4,4
36374,4,2
36375,4,4
36376,4,4
36377,4,0
36378,4,3
36379,4,4
36380,4,0
36381,4,1
36382,4,4
36383,4,2
36384,4,0
36385,4,0
36386,4,4
36387,4,2
36388,4,3
36389,4,4
36390,4,2
36391,4,2
36392,4,3
36393,4,3
36394,4,4
36395,4,4
36396,4,4
36397,4,4
36398,4,1
36399,4,2
36400,4,2
36401,4,4
36402,4,0
36403,4,0
36404,4,0
36405,4,4
36406,4,3
36407,4,3
36408,4,0
36409,4,0
36410,4,3
36411,4,2
36412,4,4
36413,4,4
36414,4,4
36415,4,4
36416,4,4
36417,4,4
36418,4,0
36419,4,4
36420,4,3
36421,4,1
36422,4,3
36423,4,4
36424,4,4
36425,4,0
36426,4,2
36427,4,4
36428,4,2
36429,4,0
36430,4,4
36431,4,4
36432,4,0
36433,4,4
36434,4,3
36435,4,4
36436,4,0
36437,4,2
36438,4,4
36439,4,2
36440,4,3
36441,4,4
36442,4,1
36443,4,1
36444,4,4
36445,4,4
36446,4,4
36447,4,1
36448,4,3
36449,4,4
36450,4,3
36451,4,0
36452,4,0
36453,4,4
36454,4,2
36455,4,4
36456,4,2
36457,4,4
36458,4,3
36459,4,3
36460,4,1
36461,4,2
36462,4,3
36463,4,4
36464,4,0
36465,4,4
36466,4,0
36467,4,2
36468,4,1
36469,4,4
36470,4,4
36471,4,3
36472,4,2
36473,4,3
36474,4,2
36475,4,4
36476,4,2
36477,4,4
36478,4,3
36479,4,4
36480,4,3
36481,4,0
36482,4,3
36483,4,4
36484,4,2
36485,4,2
36486,4,1
36487,4,0
36488,4,3
36489,4,4
36490,4,3
36491,4,3
36492,4,2
36493,4,2
36494,4,2
36495,4,2
36496,4,4
36497,4,0
36498,4,4
36499,4,2
36500,4,0
36501,4,4
36502,4,0
36503,4,0
36504,4,1
36505,4,0
36506,4,3
36507,4,4
36508,4,0
36509,4,1
36510,4,2
36511,4,3
36512,4,1
36513,4,1
36514,4,3
36515,4,0
36516,4,3
36517,4,2
36518,4,4
36519,4,4
36520,4,0
36521,4,2
36522,4,4
36523,4,3
36524,4,4
36525,4,4
36526,4,4
36527,4,2
36528,4,4
36529,4,4
36530,4,2
36531,4,0
36532,4,1
36533,4,4
36534,4,3
36535,4,2
36536,4,4
36537,4,4
36538,4,2
36539,4,1
36540,4,1
36541,4,2
36542,4,4
36543,4,3
36544,4,3
36545,4,4
36546,4,4
36547,4,4
36548,4,4
36549,4,2
36550,4,0
36551,4,3
36552,4,2
36553,4,1
36554,4,4
36555,4,3
36556,4,3
36557,4,1
36558,4,1
36559,4,4
36560,4,0
36561,4,4
36562,4,0
36563,4,0
36564,4,2
36565,4,4
36566,4,4
36567,4,1
36568,4,3
36569,4,4
36570,4,4
36571,4,0
36572,4,0
36573,4,4
36574,4,1
36575,4,2
36576,4,2
36577,4,0
36578,4,2
36579,4,4
36580,4,3
36581,4,4
36582,4,2
36583,4,3
36584,4,0
36585,4,1
36586,4,3
36587,4,0
36588,4,3
36589,4,3
36590,4,3
36591,4,0
36592,4,2
36593,4,2
36594,4,4
36595,4,3
36596,4,4
36597,4,2
36598,4,1
36599,4,0
36600,4,2
36601,4,0
36602,4,1
36603,4,1
36604,4,2
36605,4,4
36606,4,3
36607,4,2
36608,4,2
36609,4,0
36610,4,4
36611,4,4
36612,4,2
36613,4,0
36614,4,3
36615,4,3
36616,4,4
36617,4,3
36618,4,1
36619,4,1
36620,4,2
36621,4,1
36622,4,3
36623,4,2
36624,4,0
36625,4,2
36626,4,2
36627,4,4
36628,4,0
36629,4,4
36630,4,4
36631,4,0
36632,4,3
36633,4,4
36634,4,3
36635,4,4
36636,4,0
36637,4,2
36638,4,4
36639,4,2
36640,4,2
36641,4,4
36642,4,3
36643,4,3
36644,4,0
36645,4,4
36646,4,4
36647,4,0
36648,4,1
36649,4,0
36650,4,0
36651,4,3
36652,4,1
36653,4,2
36654,4,4
36655,4,2
36656,4,4
36657,4,2
36658,4,3
36659,4,4
36660,4,3
36661,4,4
36662,4,3
36663,4,1
36664,4,0
36665,4,2
36666,4,0
36667,4,4
36668,4,4
36669,4,3
36670,4,0
36671,4,4
36672,4,1
36673,4,2
36674,4,3
36675,4,2
36676,4,4
36677,4,4
36678,4,3
36679,4,3
36680,4,2
36681,4,1
36682,4,0
36683,4,1
36684,4,2
36685,4,2
36686,4,3
36687,4,4
36688,4,0
36689,4,0
36690,4,1
36691,4,2
36692,4,4
36693,4,0
36694,4,0
36695,4,3
36696,4,0
36697,4,4
36698,4,2
36699,4,2
36700,4,4
36701,4,4
36702,4,3
36703,4,2
36704,4,2
36705,4,2
36706,4,4
36707,4,0
36708,4,3
36709,4,3
36710,4,4
36711,4,2
36712,4,4
36713,4,4
36714,4,2
36715,4,3
36716,4,2
36717,4,0
36718,4,2
36719,4,3
36720,4,3
36721,4,4
36722,4,0
36723,4,4
36724,4,2
36725,4,3
36726,4,0
36727,4,3
36728,4,4
36729,4,4
36730,4,2
36731,4,3
36732,4,1
36733,4,1
36734,4,1
36735,4,0
36736,4,2
36737,4,1
36738,4,1
36739,4,3
36740,4,2
36741,4,3
36742,4,4
36743,4,4
36744,4,2
36745,4,0
36746,4,4
36747,4,3
36748,4,0
36749,4,4
36750,4,3
36751,4,2
36752,4,4
36753,4,4
36754,4,3
36755,4,4
36756,4,3
36757,4,2
36758,4,0
36759,4,1
36760,4,3
36761,4,4
36762,4,3
36763,4,2
36764,4,1
36765,4,4
36766,4,4
36767,4,4
36768,4,2
36769,4,1
36770,4,2
36771,4,0
36772,4,2
36773,4,2
36774,4,3
36775,4,4
36776,4,4
36777,4,0
36778,4,3
36779,4,3
36780,4,2
36781,4,2
36782,4,4
36783,4,2
36784,4,0
36785,4,3
36786,4,4
36787,4,0
36788,4,3
36789,4,0
36790,4,3
36791,4,4
36792,4,4
36793,4,2
36794,4,0
36795,4,2
36796,4,4
36797,4,3
36798,4,3
36799,4,4
36800,4,3
36801,4,0
36802,4,0
36803,4,3
36804,4,0
36805,4,2
36806,4,3
36807,4,4
36808,4,0
36809,4,4
36810,4,4
36811,4,3
36812,4,2
36813,4,3
36814,4,4
36815,4,2
36816,4,3
36817,4,0
36818,4,0
36819,4,2
36820,4,4
36821,4,1
36822,4,4
36823,4,1
36824,4,4
36825,4,2
36826,4,4
36827,4,2
36828,4,3
36829,4,1
36830,4,1
36831,4,4
36832,4,4
36833,4,4
36834,4,4
36835,4,2
36836,4,4
36837,4,4
36838,4,2
36839,4,1
36840,4,2
36841,4,0
36842,4,0
36843,4,4
36844,4,1
36845,4,2
36846,4,3
36847,4,1
36848,4,1
36849,4,3
36850,4,3
36851,4,4
36852,4,1
36853,4,4
36854,4,0
36855,4,2
36856,4,3
36857,4,2
36858,4,0
36859,4,1
36860,4,3
36861,4,0
36862,4,4
36863,4,4
36864,4,2
36865,4,3
36866,4,4
36867,4,2
36868,4,4
36869,4,4
36870,4,4
36871,4,2
36872,4,2
36873,4,4
36874,4,3
36875,4,4
36876,4,4
36877,4,1
36878,4,2
36879,4,1
36880,4,4
36881,4,4
36882,4,2
36883,4,2
36884,4,4
36885,4,2
36886,4,4
36887,4,3
36888,4,0
36889,4,4
36890,4,2
36891,4,2
36892,4,2
36893,4,1
36894,4,2
36895,4,4
36896,4,2
36897,4,1
36898,4,0
36899,4,4
36900,4,2
36901,4,2
36902,4,4
36903,4,3
36904,4,4
36905,4,3
36906,4,2
36907,4,4
36908,4,3
36909,4,2
36910,4,3
36911,4,4
36912,4,2
36913,4,1
36914,4,4
36915,4,0
36916,4,2
36917,4,3
36918,4,3
36919,4,4
36920,4,4
36921,4,1
36922,4,4
36923,4,2
36924,4,0
36925,4,4
36926,4,2
36927,4,2
36928,4,2
36929,4,0
36930,4,0
36931,4,3
36932,4,2
36933,4,0
36934,4,2
36935,4,2
36936,4,3
36937,4,2
36938,4,3
36939,4,0
36940,4,2
36941,4,3
36942,4,2
36943,4,4
36944,4,4
36945,4,2
36946,4,4
36947,4,3
36948,4,4
36949,4,2
36950,4,4
36951,4,3
36952,4,4
36953,4,0
36954,4,2
36955,4,4
36956,4,0
36957,4,0
36958,4,4
36959,4,3
36960,4,3
36961,4,4
36962,4,1
36963,4,4
36964,4,3
36965,4,2
36966,4,4
36967,4,3
36968,4,2
36969,4,0
36970,4,4
36971,4,2
36972,4,2
36973,4,0
36974,4,0
36975,4,2
36976,4,4
36977,4,4
36978,4,4
36979,4,2
36980,4,4
36981,4,3
36982,4,3
36983,4,1
36984,4,4
36985,4,0
36986,4,4
36987,4,2
36988,4,4
36989,4,2
36990,4,4
36991,4,2
36992,4,2
36993,4,1
36994,4,2
36995,4,2
36996,4,3
36997,4,0
36998,4,4
36999,4,2
37000,4,4
37001,4,0
37002,4,4
37003,4,2
37004,4,3
37005,4,3
37006,4,2
37007,4,2
37008,4,4
37009,4,4
37010,4,4
37011,4,3
37012,4,4
37013,4,2
37014,4,3
37015,4,1
37016,4,4
37017,4,4
37018,4,0
37019,4,4
37020,4,2
37021,4,2
37022,4,2
37023,4,0
37024,4,2
37025,4,1
37026,4,2
37027,4,2
37028,4,4
37029,4,4
37030,4,2
37031,4,1
37032,4,4
37033,4,1
37034,4,2
37035,4,4
37036,4,4
37037,4,4
37038,4,3
37039,4,4
37040,4,2
37041,4,1
37042,4,1
37043,4,2
37044,4,3
37045,4,0
37046,4,4
37047,4,4
37048,4,3
37049,4,3
37050,4,2
37051,4,2
37052,4,2
37053,4,3
37054,4,0
37055,4,2
37056,4,3
37057,4,4
37058,4,4
37059,4,4
37060,4,3
37061,4,4
37062,4,2
37063,4,0
37064,4,4
37065,4,0
37066,4,4
37067,4,3
37068,4,2
37069,4,4
37070,4,1
37071,4,3
37072,4,2
37073,4,2
37074,4,2
37075,4,1
37076,4,0
37077,4,2
37078,4,1
37079,4,0
37080,4,4
37081,4,4
37082,4,4
37083,4,1
37084,4,4
37085,4,3
37086,4,0
37087,4,3
37088,4,3
37089,4,4
37090,4,1
37091,4,2
37092,4,4
37093,4,2
37094,4,2
37095,4,1
37096,4,3
37097,4,1
37098,4,2
37099,4,4
37100,4,4
37101,4,1
37102,4,4
37103,4,4
37104,4,2
37105,4,3
37106,4,1
37107,4,4
37108,4,3
37109,4,3
37110,4,0
37111,4,1
37112,4,4
37113,4,4
37114,4,4
37115,4,2
37116,4,4
37117,4,2
37118,4,4
37119,4,4
37120,4,4
37121,4,3
37122,4,0
37123,4,2
37124,4,4
37125,4,4
37126,4,2
37127,4,2
37128,4,0
37129,4,1
37130,4,4
37131,4,4
37132,4,4
37133,4,1
37134,4,4
37135,4,4
37136,4,4
37137,4,4
37138,4,4
37139,4,3
37140,4,3
37141,4,0
37142,4,1
37143,4,0
37144,4,1
37145,4,4
37146,4,2
37147,4,0
37148,4,0
37149,4,4
37150,4,0
37151,4,4
37152,4,4
37153,4,2
37154,4,2
37155,4,2
37156,4,4
37157,4,1
37158,4,3
37159,4,4
37160,4,4
37161,4,2
37162,4,1
37163,4,4
37164,4,0
37165,4,2
37166,4,2
37167,4,2
37168,4,2
37169,4,2
37170,4,2
37171,4,2
37172,4,2
37173,4,2
37174,4,1
37175,4,2
37176,4,2
37177,4,4
37178,4,0
37179,4,4
37180,4,0
37181,4,4
37182,4,4
37183,4,3
37184,4,0
37185,4,2
37186,4,0
37187,4,4
37188,4,1
37189,4,2
37190,4,2
37191,4,4
37192,4,3
37193,4,1
37194,4,2
37195,4,3
37196,4,2
37197,4,2
37198,4,4
37199,4,1
37200,4,4
37201,4,2
37202,4,4
37203,4,2
37204,4,4
37205,4,0
37206,4,0
37207,4,1
37208,4,4
37209,4,4
37210,4,0
37211,4,2
37212,4,4
37213,4,2
37214,4,4
37215,4,4
37216,4,1
37217,4,2
37218,4,2
37219,4,4
37220,4,4
37221,4,2
37222,4,3
37223,4,3
37224,4,1
37225,4,0
37226,4,4
37227,4,2
37228,4,2
37229,4,2
37230,4,1
37231,4,1
37232,4,1
37233,4,2
37234,4,2
37235,4,3
37236,4,4
37237,4,0
37238,4,2
37239,4,0
37240,4,4
37241,4,2
37242,4,2
37243,4,2
37244,4,2
37245,4,0
37246,4,4
37247,4,1
37248,4,4
37249,4,4
37250,4,3
37251,4,1
37252,4,2
37253,4,4
37254,4,2
37255,4,3
37256,4,3
37257,4,2
37258,4,0
37259,4,1
37260,4,3
37261,4,2
37262,4,3
37263,4,2
37264,4,4
37265,4,2
37266,4,4
37267,4,3
37268,4,0
37269,4,4
37270,4,2
37271,4,2
37272,4,3
37273,4,3
37274,4,4
37275,4,4
37276,4,0
37277,4,4
37278,4,0
37279,4,2
37280,4,3
37281,4,2
37282,4,2
37283,4,2
37284,4,2
37285,4,4
37286,4,4
37287,4,2
37288,4,4
37289,4,1
37290,4,4
37291,4,2
37292,4,1
37293,4,2
37294,4,1
37295,4,1
37296,4,4
37297,4,4
37298,4,2
37299,4,0
37300,4,2
37301,4,4
37302,4,2
37303,4,2
37304,4,4
37305,4,0
37306,4,2
37307,4,3
37308,4,4
37309,4,4
37310,4,4
37311,4,2
37312,4,0
37313,4,2
37314,4,0
37315,4,4
37316,4,4
37317,4,4
37318,4,4
37319,4,3
37320,4,2
37321,4,4
37322,4,4
37323,4,4
37324,4,4
37325,4,3
37326,4,0
37327,4,3
37328,4,2
37329,4,2
37330,4,0
37331,4,2
37332,4,0
37333,4,3
37334,4,3
37335,4,0
37336,4,1
37337,4,2
37338,4,0
37339,4,3
37340,4,2
37341,4,2
37342,4,4
37343,4,4
37344,4,2
37345,4,3
37346,4,0
37347,4,1
37348,4,4
37349,4,4
37350,4,2
37351,4,2
37352,4,1
37353,4,2
37354,4,4
37355,4,1
37356,4,2
37357,4,2
37358,4,2
37359,4,1
37360,4,0
37361,4,2
37362,4,3
37363,4,3
37364,4,1
37365,4,4
37366,4,0
37367,4,3
37368,4,4
37369,4,1
37370,4,0
37371,4,4
37372,4,2
37373,4,3
37374,4,3
37375,4,2
37376,4,4
37377,4,2
37378,4,2
37379,4,0
37380,4,4
37381,4,2
37382,4,1
37383,4,2
37384,4,4
37385,4,2
37386,4,0
37387,4,2
37388,4,0
37389,4,4
37390,4,3
37391,4,4
37392,4,3
37393,4,3
37394,4,0
37395,4,2
37396,4,3
37397,4,4
37398,4,4
37399,4,2
37400,4,1
37401,4,3
37402,4,2
37403,4,0
37404,4,0
37405,4,3
37406,4,4
37407,4,3
37408,4,4
37409,4,1
37410,4,2
37411,4,0
37412,4,4
37413,4,4
37414,4,0
37415,4,4
37416,4,4
37417,4,0
37418,4,4
37419,4,4
37420,4,0
37421,4,3
37422,4,0
37423,4,4
37424,4,4
37425,4,2
37426,4,4
37427,4,2
37428,4,4
37429,4,4
37430,4,2
37431,4,4
37432,4,4
37433,4,2
37434,4,3
37435,4,4
37436,4,1
37437,4,1
37438,4,0
37439,4,4
37440,4,0
37441,4,3
37442,4,3
37443,4,2
37444,4,1
37445,4,0
37446,4,3
37447,4,2
37448,4,2
37449,4,2
37450,4,0
37451,4,4
37452,4,3
37453,4,3
37454,4,3
37455,4,3
37456,4,3
37457,4,3
37458,4,0
37459,4,2
37460,4,4
37461,4,0
37462,4,0
37463,4,4
37464,4,4
37465,4,4
37466,4,0
37467,4,0
37468,4,3
37469,4,1
37470,4,4
37471,4,4
37472,4,1
37473,4,2
37474,4,2
37475,4,2
37476,4,1
37477,4,4
37478,4,4
37479,4,0
37480,4,3
37481,4,4
37482,4,3
37483,4,4
37484,4,2
37485,4,0
37486,4,4
37487,4,4
37488,4,3
37489,4,4
37490,4,4
37491,4,0
37492,4,4
37493,4,4
37494,4,4
37495,4,1
37496,4,3
37497,4,2
37498,4,0
37499,4,3
37500,4,0
37501,4,4
37502,4,0
37503,4,2
37504,4,4
37505,4,4
37506,4,4
37507,4,2
37508,4,2
37509,4,4
37510,4,4
37511,4,2
37512,4,3
37513,4,4
37514,4,3
37515,4,4
37516,4,3
37517,4,1
37518,4,1
37519,4,4
37520,4,3
37521,4,1
37522,4,2
37523,4,3
37524,4,4
37525,4,4
37526,4,0
37527,4,2
37528,4,4
37529,4,3
37530,4,4
37531,4,0
37532,4,0
37533,4,4
37534,4,2
37535,4,3
37536,4,2
37537,4,1
37538,4,2
37539,4,2
37540,4,2
37541,4,2
37542,4,0
37543,4,1
37544,4,0
37545,4,0
37546,4,3
37547,4,4
37548,4,3
37549,4,3
37550,4,2
37551,4,3
37552,4,3
37553,4,1
37554,4,2
37555,4,2
37556,4,2
37557,4,2
37558,4,4
37559,4,4
37560,4,4
37561,4,0
37562,4,2
37563,4,2
37564,4,4
37565,4,4
37566,4,4
37567,4,4
37568,4,0
37569,4,2
37570,4,3
37571,4,3
37572,4,4
37573,4,1
37574,4,2
37575,4,3
37576,4,4
37577,4,4
37578,4,0
37579,4,3
37580,4,2
37581,4,4
37582,4,2
37583,4,1
37584,4,3
37585,4,2
37586,4,1
37587,4,2
37588,4,0
37589,4,2
37590,4,3
37591,4,4
37592,4,3
37593,4,4
37594,4,3
37595,4,4
37596,4,4
37597,4,3
37598,4,0
37599,4,3
37600,4,2
37601,4,3
37602,4,1
37603,4,4
37604,4,1
37605,4,0
37606,4,4
37607,4,4
37608,4,4
37609,4,3
37610,4,2
37611,4,4
37612,4,1
37613,4,2
37614,4,3
37615,4,2
37616,4,0
37617,4,0
37618,4,4
37619,4,3
37620,4,4
37621,4,4
37622,4,0
37623,4,3
37624,4,0
37625,4,2
37626,4,1
37627,4,3
37628,4,2
37629,4,0
37630,4,4
37631,4,0
37632,4,4
37633,4,2
37634,4,4
37635,4,3
37636,4,2
37637,4,0
37638,4,0
37639,4,0
37640,4,3
37641,4,0
37642,4,2
37643,4,1
37644,4,2
37645,4,2
37646,4,1
37647,4,2
37648,4,2
37649,4,4
37650,4,3
37651,4,2
37652,4,3
37653,4,4
37654,4,4
37655,4,4
37656,4,2
37657,4,4
37658,4,4
37659,4,0
37660,4,1
37661,4,4
37662,4,2
37663,4,4
37664,4,0
37665,4,3
37666,4,4
37667,4,0
37668,4,1
37669,4,1
37670,4,2
37671,4,3
37672,4,2
37673,4,0
37674,4,3
37675,4,0
37676,4,2
37677,4,0
37678,4,1
37679,4,4
37680,4,3
37681,4,3
37682,4,4
37683,4,2
37684,4,2
37685,4,4
37686,4,1
37687,4,4
37688,4,1
37689,4,3
37690,4,2
37691,4,2
37692,4,2
37693,4,4
37694,4,3
37695,4,4
37696,4,4
37697,4,1
37698,4,4
37699,4,3
37700,4,2
37701,4,4
37702,4,2
37703,4,2
37704,4,1
37705,4,0
37706,4,2
37707,4,4
37708,4,2
37709,4,3
37710,4,2
37711,4,3
37712,4,0
37713,4,0
37714,4,4
37715,4,4
37716,4,1
37717,4,3
37718,4,1
37719,4,3
37720,4,2
37721,4,2
37722,4,1
37723,4,0
37724,4,0
37725,4,4
37726,4,3
37727,4,2
37728,4,0
37729,4,0
37730,4,3
37731,4,0
37732,4,2
37733,4,0
37734,4,4
37735,4,3
37736,4,0
37737,4,2
37738,4,4
37739,4,4
37740,4,2
37741,4,2
37742,4,2
37743,4,2
37744,4,0
37745,4,0
37746,4,1
37747,4,2
37748,4,4
37749,4,4
37750,4,0
37751,4,1
37752,4,3
37753,4,4
37754,4,0
37755,4,0
37756,4,4
37757,4,0
37758,4,4
37759,4,3
37760,4,1
37761,4,1
37762,4,0
37763,4,4
37764,4,2
37765,4,0
37766,4,3
37767,4,1
37768,4,4
37769,4,3
37770,4,4
37771,4,0
37772,4,4
37773,4,4
37774,4,4
37775,4,1
37776,4,4
37777,4,0
37778,4,4
37779,4,0
37780,4,4
37781,4,3
37782,4,2
37783,4,4
37784,4,2
37785,4,2
37786,4,4
37787,4,1
37788,4,0
37789,4,2
37790,4,0
37791,4,4
37792,4,3
37793,4,0
37794,4,2
37795,4,4
37796,4,3
37797,4,0
37798,4,0
37799,4,4
37800,4,3
37801,4,4
37802,4,2
37803,4,3
37804,4,1
37805,4,1
37806,4,0
37807,4,1
37808,4,4
37809,4,4
37810,4,2
37811,4,1
37812,4,2
37813,4,4
37814,4,2
37815,4,3
37816,4,2
37817,4,4
37818,4,4
37819,4,3
37820,4,1
37821,4,0
37822,4,4
37823,4,0
37824,4,1
37825,4,0
37826,4,4
37827,4,4
37828,4,4
37829,4,3
37830,4,3
37831,4,4
37832,4,2
37833,4,0
37834,4,3
37835,4,2
37836,4,2
37837,4,2
37838,4,3
37839,4,2
37840,4,3
37841,4,4
37842,4,4
37843,4,3
37844,4,4
37845,4,2
37846,4,4
37847,4,0
37848,4,1
37849,4,4
37850,4,1
37851,4,2
37852,4,1
37853,4,3
37854,4,4
37855,4,2
37856,4,4
37857,4,2
37858,4,4
37859,4,1
37860,4,3
37861,4,2
37862,4,1
37863,4,1
37864,4,4
37865,4,2
37866,4,2
37867,4,2
37868,4,0
37869,4,4
37870,4,4
37871,4,2
37872,4,3
37873,4,4
37874,4,1
37875,4,1
37876,4,2
37877,4,0
37878,4,0
37879,4,1
37880,4,1
37881,4,1
37882,4,4
37883,4,3
37884,4,4
37885,4,4
37886,4,0
37887,4,0
37888,4,1
37889,4,4
37890,4,4
37891,4,3
37892,4,0
37893,4,2
37894,4,2
37895,4,0
37896,4,4
37897,4,1
37898,4,2
37899,4,1
37900,4,3
37901,4,2
37902,4,2
37903,4,4
37904,4,4
37905,4,1
37906,4,4
37907,4,2
37908,4,4
37909,4,4
37910,4,4
37911,4,2
37912,4,4
37913,4,4
37914,4,0
37915,4,4
37916,4,4
37917,4,1
37918,4,2
37919,4,2
37920,4,1
37921,4,2
37922,4,4
37923,4,3
37924,4,0
37925,4,3
37926,4,1
37927,4,4
37928,4,2
37929,4,4
37930,4,3
37931,4,3
37932,4,2
37933,4,2
37934,4,0
37935,4,3
37936,4,2
37937,4,1
37938,4,2
37939,4,2
37940,4,3
37941,4,2
37942,4,4
37943,4,3
37944,4,1
37945,4,2
37946,4,2
37947,4,3
37948,4,1
37949,4,4
37950,4,3
37951,4,2
37952,4,1
37953,4,2
37954,4,2
37955,4,2
37956,4,0
37957,4,3
37958,4,0
37959,4,0
37960,4,1
37961,4,0
37962,4,0
37963,4,4
37964,4,2
37965,4,2
37966,4,2
37967,4,2
37968,4,1
37969,4,4
37970,4,1
37971,4,0
37972,4,0
37973,4,4
37974,4,4
37975,4,4
37976,4,1
37977,4,1
37978,4,0
37979,4,3
37980,4,2
37981,4,3
37982,4,1
37983,4,4
37984,4,4
37985,4,2
37986,4,1
37987,4,2
37988,4,1
37989,4,4
37990,4,1
37991,4,3
37992,4,1
37993,4,4
37994,4,1
37995,4,2
37996,4,3
37997,4,1
37998,4,0
37999,4,1
38000,4,1
38001,4,2
38002,4,4
38003,4,2
38004,4,1
38005,4,3
38006,4,4
38007,4,0
38008,4,3
38009,4,2
38010,4,2
38011,4,2
38012,4,4
38013,4,4
38014,4,3
38015,4,2
38016,4,0
38017,4,2
38018,4,0
38019,4,4
38020,4,4
38021,4,2
38022,4,0
38023,4,1
38024,4,4
38025,4,4
38026,4,4
38027,4,4
38028,4,3
38029,4,3
38030,4,2
38031,4,1
38032,4,3
38033,4,1
38034,4,0
38035,4,4
38036,4,2
38037,4,3
38038,4,3
38039,4,2
38040,4,4
38041,4,4
38042,4,4
38043,4,2
38044,4,3
38045,4,4
38046,4,2
38047,4,4
38048,4,2
38049,4,1
38050,4,4
38051,4,0
38052,4,0
38053,4,4
38054,4,1
38055,4,1
38056,4,2
38057,4,4
38058,4,2
38059,4,2
38060,4,2
38061,4,4
38062,4,4
38063,4,1
38064,4,4
38065,4,4
38066,4,3
38067,4,1
38068,4,4
38069,4,4
38070,4,0
38071,4,0
38072,4,2
38073,4,3
38074,4,0
38075,4,1
38076,4,2
38077,4,0
38078,4,0
38079,4,4
38080,4,2
38081,4,3
38082,4,2
38083,4,4
38084,4,4
38085,4,2
38086,4,3
38087,4,0
38088,4,2
38089,4,1
38090,4,2
38091,4,4
38092,4,3
38093,4,1
38094,4,4
38095,4,1
38096,4,2
38097,4,2
38098,4,1
38099,4,2
38100,4,4
38101,4,2
38102,4,0
38103,4,2
38104,4,2
38105,4,1
38106,4,4
38107,4,0
38108,4,1
38109,4,1
38110,4,0
38111,4,2
38112,4,3
38113,4,4
38114,4,0
38115,4,0
38116,4,0
38117,4,4
38118,4,4
38119,4,3
38120,4,1
38121,4,3
38122,4,4
38123,4,1
38124,4,2
38125,4,3
38126,4,1
38127,4,0
38128,4,4
38129,4,4
38130,4,2
38131,4,3
38132,4,3
38133,4,0
38134,4,4
38135,4,3
38136,4,1
38137,4,4
38138,4,3
38139,4,0
38140,4,4
38141,4,4
38142,4,0
38143,4,1
38144,4,3
38145,4,4
38146,4,1
38147,4,3
38148,4,1
38149,4,3
38150,4,1
38151,4,2
38152,4,4
38153,4,2
38154,4,2
38155,4,0
38156,4,4
38157,4,2
38158,4,4
38159,4,0
38160,4,0
38161,4,4
38162,4,1
38163,4,0
38164,4,3
38165,4,2
38166,4,3
38167,4,1
38168,4,4
38169,4,2
38170,4,3
38171,4,4
38172,4,0
38173,4,0
38174,4,3
38175,4,3
38176,4,3
38177,4,3
38178,4,4
38179,4,1
38180,4,2
38181,4,4
38182,4,0
38183,4,4
38184,4,2
38185,4,3
38186,4,0
38187,4,2
38188,4,1
38189,4,1
38190,4,0
38191,4,4
38192,4,4
38193,4,1
38194,4,4
38195,4,3
38196,4,2
38197,4,0
38198,4,2
38199,4,3
38200,4,4
38201,4,2
38202,4,1
38203,4,2
38204,4,2
38205,4,4
38206,4,4
38207,4,1
38208,4,3
38209,4,2
38210,4,2
38211,4,4
38212,4,1
38213,4,4
38214,4,3
38215,4,3
38216,4,0
38217,4,0
38218,4,3
38219,4,2
38220,4,0
38221,4,4
38222,4,2
38223,4,2
38224,4,4
38225,4,2
38226,4,3
38227,4,2
38228,4,4
38229,4,2
38230,4,4
38231,4,1
38232,4,4
38233,4,2
38234,4,2
38235,4,0
38236,4,2
38237,4,2
38238,4,2
38239,4,2
38240,4,4
38241,4,2
38242,4,2
38243,4,1
38244,4,2
38245,4,2
38246,4,4
38247,4,3
38248,4,4
38249,4,1
38250,4,2
38251,4,2
38252,4,3
38253,4,2
38254,4,4
38255,4,4
38256,4,1
38257,4,4
38258,4,1
38259,4,2
38260,4,2
38261,4,4
38262,4,2
38263,4,2
38264,4,2
38265,4,4
38266,4,2
38267,4,1
38268,4,0
38269,4,1
38270,4,4
38271,4,2
38272,4,4
38273,4,2
38274,4,4
38275,4,2
38276,4,4
38277,4,3
38278,4,4
38279,4,4
38280,4,0
38281,4,0
38282,4,2
38283,4,2
38284,4,0
38285,4,2
38286,4,3
38287,4,1
38288,4,2
38289,4,4
38290,4,1
38291,4,4
38292,4,4
38293,4,3
38294,4,0
38295,4,3
38296,4,2
38297,4,0
38298,4,1
38299,4,2
38300,4,4
38301,4,4
38302,4,4
38303,4,0
38304,4,4
38305,4,4
38306,4,3
38307,4,2
38308,4,1
38309,4,0
38310,4,0
38311,4,0
38312,4,0
38313,4,2
38314,4,0
38315,4,2
38316,4,4
38317,4,0
38318,4,2
38319,4,4
38320,4,4
38321,4,4
38322,4,3
38323,4,4
38324,4,2
38325,4,3
38326,4,4
38327,4,2
38328,4,4
38329,4,4
38330,4,3
38331,4,4
38332,4,4
38333,4,2
38334,4,1
38335,4,4
38336,4,4
38337,4,4
38338,4,0
38339,4,0
38340,4,4
38341,4,2
38342,4,4
38343,4,1
38344,4,4
38345,4,2
38346,4,3
38347,4,4
38348,4,1
38349,4,0
38350,4,2
38351,4,4
38352,4,4
38353,4,1
38354,4,0
38355,4,2
38356,4,3
38357,4,3
38358,4,2
38359,4,1
38360,4,4
38361,4,4
38362,4,4
38363,4,4
38364,4,0
38365,4,1
38366,4,4
38367,4,3
38368,4,1
38369,4,1
38370,4,2
38371,4,4
38372,4,3
38373,4,2
38374,4,4
38375,4,1
38376,4,2
38377,4,3
38378,4,0
38379,4,0
38380,4,0
38381,4,3
38382,4,3
38383,4,1
38384,4,2
38385,4,4
38386,4,3
38387,4,3
38388,4,4
38389,4,4
38390,4,2
38391,4,4
38392,4,3
38393,4,0
38394,4,3
38395,4,3
38396,4,0
38397,4,4
38398,4,4
38399,4,4
38400,4,3
38401,4,2
38402,4,2
38403,4,2
38404,4,4
38405,4,2
38406,4,4
38407,4,0
38408,4,4
38409,4,1
38410,4,2
38411,4,4
38412,4,3
38413,4,1
38414,4,0
38415,4,4
38416,4,2
38417,4,4
38418,4,3
38419,4,1
38420,4,2
38421,4,4
38422,4,4
38423,4,1
38424,4,4
38425,4,3
38426,4,3
38427,4,1
38428,4,0
38429,4,2
38430,4,0
38431,4,4
38432,4,3
38433,4,3
38434,4,4
38435,4,4
38436,4,1
38437,4,4
38438,4,4
38439,4,3
38440,4,4
38441,4,3
38442,4,1
38443,4,1
38444,4,4
38445,4,0
38446,4,4
38447,4,4
38448,4,2
38449,4,4
38450,4,3
38451,4,1
38452,4,0
38453,4,4
38454,4,4
38455,4,0
38456,4,4
38457,4,2
38458,4,0
38459,4,4
38460,4,4
38461,4,2
38462,4,3
38463,4,0
38464,4,4
38465,4,4
38466,4,4
38467,4,2
38468,4,4
38469,4,0
38470,4,0
38471,4,3
38472,4,4
38473,4,4
38474,4,2
38475,4,2
38476,4,1
38477,4,4
38478,4,2
38479,4,1
38480,4,2
38481,4,2
38482,4,2
38483,4,3
38484,4,1
38485,4,2
38486,4,4
38487,4,0
38488,4,1
38489,4,3
38490,4,2
38491,4,3
38492,4,4
38493,4,1
38494,4,4
38495,4,3
38496,4,3
38497,4,0
38498,4,3
38499,4,3
38500,4,4
38501,4,4
38502,4,3
38503,4,1
38504,4,0
38505,4,2
38506,4,2
38507,4,1
38508,4,3
38509,4,0
38510,4,2
38511,4,2
38512,4,4
38513,4,4
38514,4,1
38515,4,4
38516,4,4
38517,4,2
38518,4,0
38519,4,4
38520,4,2
38521,4,3
38522,4,1
38523,4,2
38524,4,3
38525,4,4
38526,4,4
38527,4,2
38528,4,2
38529,4,2
38530,4,2
38531,4,4
38532,4,2
38533,4,2
38534,4,3
38535,4,4
38536,4,3
38537,4,1
38538,4,0
38539,4,2
38540,4,4
38541,4,4
38542,4,2
38543,4,3
38544,4,4
38545,4,1
38546,4,4
38547,4,3
38548,4,2
38549,4,0
38550,4,1
38551,4,0
38552,4,3
38553,4,1
38554,4,2
38555,4,2
38556,4,2
38557,4,2
38558,4,4
38559,4,0
38560,4,4
38561,4,0
38562,4,2
38563,4,4
38564,4,0
38565,4,4
38566,4,2
38567,4,0
38568,4,1
38569,4,0
38570,4,4
38571,4,0
38572,4,4
38573,4,4
38574,4,3
38575,4,1
38576,4,0
38577,4,1
38578,4,4
38579,4,1
38580,4,4
38581,4,4
38582,4,4
38583,4,4
38584,4,4
38585,4,3
38586,4,1
38587,4,4
38588,4,0
38589,4,0
38590,4,2
38591,4,4
38592,4,3
38593,4,4
38594,4,1
38595,4,3
38596,4,4
38597,4,4
38598,4,4
38599,4,1
38600,4,4
38601,4,2
38602,4,3
38603,4,2
38604,4,4
38605,4,1
38606,4,2
38607,4,4
38608,4,3
38609,4,0
38610,4,4
38611,4,3
38612,4,2
38613,4,4
38614,4,1
38615,4,3
38616,4,2
38617,4,3
38618,4,1
38619,4,0
38620,4,0
38621,4,4
38622,4,2
38623,4,0
38624,4,3
38625,4,4
38626,4,3
38627,4,2
38628,4,2
38629,4,1
38630,4,1
38631,4,0
38632,4,3
38633,4,4
38634,4,2
38635,4,2
38636,4,0
38637,4,1
38638,4,2
38639,4,0
38640,4,1
38641,4,2
38642,4,1
38643,4,2
38644,4,2
38645,4,2
38646,4,2
38647,4,3
38648,4,0
38649,4,2
38650,4,4
38651,4,2
38652,4,3
38653,4,4
38654,4,2
38655,4,1
38656,4,1
38657,4,2
38658,4,1
38659,4,3
38660,4,3
38661,4,1
38662,4,4
38663,4,2
38664,4,2
38665,4,4
38666,4,3
38667,4,3
38668,4,4
38669,4,4
38670,4,4
38671,4,0
38672,4,1
38673,4,4
38674,4,3
38675,4,3
38676,4,3
38677,4,2
38678,4,3
38679,4,0
38680,4,0
38681,4,3
38682,4,4
38683,4,0
38684,4,3
38685,4,4
38686,4,3
38687,4,4
38688,4,0
38689,4,3
38690,4,4
38691,4,0
38692,4,4
38693,4,0
38694,4,2
38695,4,4
38696,4,4
38697,4,4
38698,4,3
38699,4,2
38700,4,1
38701,4,0
38702,4,2
38703,4,3
38704,4,3
38705,4,1
38706,4,1
38707,4,4
38708,4,2
38709,4,3
38710,4,2
38711,4,4
38712,4,4
38713,4,4
38714,4,2
38715,4,4
38716,4,1
38717,4,1
38718,4,2
38719,4,0
38720,4,4
38721,4,3
38722,4,4
38723,4,0
38724,4,4
38725,4,1
38726,4,4
38727,4,1
38728,4,0
38729,4,0
38730,4,1
38731,4,3
38732,4,4
38733,4,1
38734,4,1
38735,4,2
38736,4,0
38737,4,0
38738,4,0
38739,4,3
38740,4,2
38741,4,1
38742,4,1
38743,4,2
38744,4,4
38745,4,4
38746,4,4
38747,4,2
38748,4,3
38749,4,4
38750,4,1
38751,4,0
38752,4,4
38753,4,4
38754,4,1
38755,4,3
38756,4,0
38757,4,2
38758,4,4
38759,4,0
38760,4,3
38761,4,4
38762,4,4
38763,4,3
38764,4,0
38765,4,4
38766,4,1
38767,4,4
38768,4,0
38769,4,1
38770,4,0
38771,4,2
38772,4,3
38773,4,1
38774,4,0
38775,4,0
38776,4,3
38777,4,0
38778,4,0
38779,4,2
38780,4,4
38781,4,0
38782,4,2
38783,4,4
38784,4,1
38785,4,2
38786,4,2
38787,4,3
38788,4,1
38789,4,1
38790,4,2
38791,4,2
38792,4,4
38793,4,2
38794,4,4
38795,4,2
38796,4,1
38797,4,1
38798,4,2
38799,4,3
38800,4,1
38801,4,1
38802,4,0
38803,4,4
38804,4,0
38805,4,2
38806,4,4
38807,4,4
38808,4,1
38809,4,1
38810,4,4
38811,4,2
38812,4,3
38813,4,0
38814,4,1
38815,4,3
38816,4,2
38817,4,4
38818,4,4
38819,4,4
38820,4,0
38821,4,3
38822,4,4
38823,4,2
38824,4,2
38825,4,4
38826,4,4
38827,4,2
38828,4,2
38829,4,2
38830,4,4
38831,4,2
38832,4,0
38833,4,4
38834,4,0
38835,4,4
38836,4,2
38837,4,2
38838,4,3
38839,4,2
38840,4,2
38841,4,1
38842,4,2
38843,4,2
38844,4,1
38845,4,4
38846,4,4
38847,4,4
38848,4,2
38849,4,2
38850,4,2
38851,4,4
38852,4,2
38853,4,1
38854,4,2
38855,4,2
38856,4,0
38857,4,0
38858,4,3
38859,4,3
38860,4,2
38861,4,4
38862,4,2
38863,4,2
38864,4,4
38865,4,4
38866,4,1
38867,4,2
38868,4,3
38869,4,3
38870,4,2
38871,4,1
38872,4,3
38873,4,4
38874,4,1
38875,4,1
38876,4,1
38877,4,0
38878,4,4
38879,4,4
38880,4,4
38881,4,3
38882,4,3
38883,4,3
38884,4,0
38885,4,3
38886,4,4
38887,4,2
38888,4,2
38889,4,0
38890,4,2
38891,4,1
38892,4,4
38893,4,0
38894,4,2
38895,4,4
38896,4,1
38897,4,2
38898,4,2
38899,4,2
38900,4,4
38901,4,4
38902,4,3
38903,4,1
38904,4,4
38905,4,4
38906,4,0
38907,4,2
38908,4,4
38909,4,2
38910,4,0
38911,4,2
38912,4,4
38913,4,4
38914,4,2
38915,4,4
38916,4,3
38917,4,4
38918,4,0
38919,4,1
38920,4,2
38921,4,3
38922,4,3
38923,4,2
38924,4,4
38925,4,2
38926,4,0
38927,4,4
38928,4,3
38929,4,2
38930,4,1
38931,4,1
38932,4,3
38933,4,4
38934,4,2
38935,4,0
38936,4,3
38937,4,4
38938,4,4
38939,4,4
38940,4,0
38941,4,1
38942,4,3
38943,4,4
38944,4,4
38945,4,4
38946,4,2
38947,4,4
38948,4,4
38949,4,3
38950,4,4
38951,4,1
38952,4,4
38953,4,0
38954,4,1
38955,4,0
38956,4,3
38957,4,4
38958,4,2
38959,4,3
38960,4,2
38961,4,1
38962,4,2
38963,4,3
38964,4,4
38965,4,4
38966,4,2
38967,4,3
38968,4,2
38969,4,3
38970,4,0
38971,4,2
38972,4,1
38973,4,4
38974,4,0
38975,4,2
38976,4,2
38977,4,1
38978,4,3
38979,4,0
38980,4,2
38981,4,1
38982,4,1
38983,4,4
38984,4,3
38985,4,0
38986,4,4
38987,4,1
38988,4,2
38989,4,4
38990,4,4
38991,4,4
38992,4,0
38993,4,4
38994,4,4
38995,4,0
38996,4,3
38997,4,4
38998,4,4
38999,4,3
39000,4,3
39001,4,2
39002,4,3
39003,4,2
39004,4,0
39005,4,2
39006,4,0
39007,4,0
39008,4,1
39009,4,2
39010,4,0
39011,4,1
39012,4,3
39013,4,1
39014,4,4
39015,4,2
39016,4,4
39017,4,0
39018,4,4
39019,4,2
39020,4,4
39021,4,0
39022,4,2
39023,4,2
39024,4,2
39025,4,4
39026,4,0
39027,4,3
39028,4,0
39029,4,4
39030,4,3
39031,4,4
39032,4,3
39033,4,3
39034,4,0
39035,4,2
39036,4,1
39037,4,2
39038,4,3
39039,4,1
39040,4,2
39041,4,4
39042,4,4
39043,4,4
39044,4,2
39045,4,0
39046,4,3
39047,4,2
39048,4,0
39049,4,2
39050,4,0
39051,4,3
39052,4,1
39053,4,2
39054,4,2
39055,4,2
39056,4,4
39057,4,0
39058,4,4
39059,4,4
39060,4,0
39061,4,4
39062,4,1
39063,4,2
39064,4,1
39065,4,0
39066,4,3
39067,4,2
39068,4,4
39069,4,1
39070,4,2
39071,4,4
39072,4,2
39073,4,2
39074,4,0
39075,4,2
39076,4,3
39077,4,1
39078,4,1
39079,4,4
39080,4,0
39081,4,3
39082,4,1
39083,4,2
39084,4,0
39085,4,4
39086,4,2
39087,4,3
39088,4,2
39089,4,2
39090,4,1
39091,4,0
39092,4,4
39093,4,4
39094,4,2
39095,4,3
39096,4,4
39097,4,4
39098,4,2
39099,4,3
39100,4,4
39101,4,4
39102,4,1
39103,4,0
39104,4,4
39105,4,4
39106,4,3
39107,4,2
39108,4,1
39109,4,4
39110,4,4
39111,4,4
39112,4,4
39113,4,4
39114,4,0
39115,4,4
39116,4,4
39117,4,3
39118,4,2
39119,4,1
39120,4,2
39121,4,1
39122,4,0
39123,4,2
39124,4,4
39125,4,3
39126,4,2
39127,4,0
39128,4,3
39129,4,4
39130,4,0
39131,4,4
39132,4,2
39133,4,3
39134,4,1
39135,4,2
39136,4,4
39137,4,3
39138,4,1
39139,4,0
39140,4,4
39141,4,2
39142,4,1
39143,4,4
39144,4,4
39145,4,2
39146,4,4
39147,4,4
39148,4,1
39149,4,4
39150,4,4
39151,4,4
39152,4,4
39153,4,2
39154,4,4
39155,4,3
39156,4,0
39157,4,0
39158,4,4
39159,4,4
39160,4,1
39161,4,2
39162,4,2
39163,4,0
39164,4,4
39165,4,1
39166,4,2
39167,4,3
39168,4,4
39169,4,1
39170,4,0
39171,4,4
39172,4,3
39173,4,4
39174,4,4
39175,4,2
39176,4,2
39177,4,3
39178,4,4
39179,4,2
39180,4,4
39181,4,3
39182,4,4
39183,4,0
39184,4,4
39185,4,2
39186,4,2
39187,4,4
39188,4,0
39189,4,2
39190,4,1
39191,4,2
39192,4,0
39193,4,4
39194,4,2
39195,4,4
39196,4,4
39197,4,1
39198,4,3
39199,4,4
39200,4,1
39201,4,2
39202,4,4
39203,4,2
39204,4,3
39205,4,3
39206,4,0
39207,4,1
39208,4,0
39209,4,0
39210,4,1
39211,4,2
39212,4,2
39213,4,0
39214,4,0
39215,4,1
39216,4,0
39217,4,4
39218,4,1
39219,4,1
39220,4,4
39221,4,2
39222,4,0
39223,4,2
39224,4,2
39225,4,2
39226,4,4
39227,4,0
39228,4,4
39229,4,1
39230,4,2
39231,4,0
39232,4,1
39233,4,1
39234,4,4
39235,4,1
39236,4,1
39237,4,3
39238,4,0
39239,4,2
39240,4,2
39241,4,3
39242,4,2
39243,4,3
39244,4,1
39245,4,0
39246,4,4
39247,4,4
39248,4,3
39249,4,2
39250,4,1
39251,4,0
39252,4,4
39253,4,0
39254,4,0
39255,4,2
39256,4,4
39257,4,4
39258,4,2
39259,4,0
39260,4,3
39261,4,3
39262,4,4
39263,4,1
39264,4,4
39265,4,4
39266,4,4
39267,4,4
39268,4,2
39269,4,2
39270,4,4
39271,4,0
39272,4,1
39273,4,0
39274,4,4
39275,4,4
39276,4,0
39277,4,1
39278,4,4
39279,4,4
39280,4,2
39281,4,0
39282,4,4
39283,4,1
39284,4,3
39285,4,2
39286,4,1
39287,4,2
39288,4,2
39289,4,3
39290,4,1
39291,4,2
39292,4,2
39293,4,1
39294,4,2
39295,4,0
39296,4,2
39297,4,0
39298,4,2
39299,4,2
39300,4,0
39301,4,4
39302,4,2
39303,4,3
39304,4,3
39305,4,4
39306,4,4
39307,4,4
39308,4,3
39309,4,3
39310,4,3
39311,4,4
39312,4,3
39313,4,2
39314,4,1
39315,4,1
39316,4,4
39317,4,1
39318,4,3
39319,4,2
39320,4,4
39321,4,2
39322,4,0
39323,4,3
39324,4,2
39325,4,2
39326,4,4
39327,4,0
39328,4,0
39329,4,2
39330,4,0
39331,4,2
39332,4,2
39333,4,4
39334,4,0
39335,4,0
39336,4,4
39337,4,3
39338,4,3
39339,4,0
39340,4,2
39341,4,3
39342,4,4
39343,4,4
39344,4,3
39345,4,0
39346,4,1
39347,4,2
39348,4,4
39349,4,4
39350,4,3
39351,4,4
39352,4,3
39353,4,4
39354,4,2
39355,4,0
39356,4,2
39357,4,0
39358,4,3
39359,4,2
39360,4,0
39361,4,2
39362,4,2
39363,4,0
39364,4,4
39365,4,4
39366,4,4
39367,4,3
39368,4,3
39369,4,2
39370,4,2
39371,4,2
39372,4,3
39373,4,4
39374,4,1
39375,4,0
39376,4,3
39377,4,2
39378,4,3
39379,4,4
39380,4,3
39381,4,3
39382,4,0
39383,4,2
39384,4,2
39385,4,1
39386,4,4
39387,4,2
39388,4,4
39389,4,3
39390,4,2
39391,4,2
39392,4,3
39393,4,2
39394,4,2
39395,4,4
39396,4,1
39397,4,4
39398,4,0
39399,4,3
39400,4,4
39401,4,4
39402,4,3
39403,4,2
39404,4,0
39405,4,4
39406,4,4
39407,4,4
39408,4,1
39409,4,4
39410,4,3
39411,4,0
39412,4,4
39413,4,2
39414,4,2
39415,4,4
39416,4,4
39417,4,2
39418,4,4
39419,4,4
39420,4,0
39421,4,0
39422,4,3
39423,4,0
39424,4,0
39425,4,0
39426,4,4
39427,4,1
39428,4,4
39429,4,4
39430,4,0
39431,4,3
39432,4,4
39433,4,3
39434,4,4
39435,4,4
39436,4,2
39437,4,4
39438,4,3
39439,4,2
39440,4,2
39441,4,2
39442,4,4
39443,4,3
39444,4,3
39445,4,1
39446,4,2
39447,4,4
39448,4,1
39449,4,4
39450,4,4
39451,4,4
39452,4,4
39453,4,2
39454,4,2
39455,4,3
39456,4,4
39457,4,1
39458,4,1
39459,4,4
39460,4,0
39461,4,4
39462,4,3
39463,4,2
39464,4,4
39465,4,0
39466,4,2
39467,4,3
39468,4,1
39469,4,4
39470,4,4
39471,4,3
39472,4,2
39473,4,0
39474,4,0
39475,4,1
39476,4,1
39477,4,0
39478,4,0
39479,4,4
39480,4,1
39481,4,2
39482,4,4
39483,4,2
39484,4,0
39485,4,0
39486,4,4
39487,4,3
39488,4,3
39489,4,4
39490,4,3
39491,4,3
39492,4,2
39493,4,2
39494,4,4
39495,4,2
39496,4,0
39497,4,4
39498,4,4
39499,4,4
39500,4,3
39501,4,2
39502,4,4
39503,4,4
39504,4,3
39505,4,4
39506,4,4
39507,4,2
39508,4,4
39509,4,3
39510,4,1
39511,4,3
39512,4,1
39513,4,1
39514,4,4
39515,4,4
39516,4,3
39517,4,2
39518,4,0
39519,4,4
39520,4,0
39521,4,1
39522,4,1
39523,4,4
39524,4,4
39525,4,4
39526,4,4
39527,4,1
39528,4,0
39529,4,4
39530,4,1
39531,4,4
39532,4,2
39533,4,0
39534,4,2
39535,4,4
39536,4,2
39537,4,4
39538,4,0
39539,4,2
39540,4,0
39541,4,0
39542,4,4
39543,4,4
39544,4,2
39545,4,4
39546,4,2
39547,4,4
39548,4,3
39549,4,2
39550,4,2
39551,4,0
39552,4,1
39553,4,1
39554,4,0
39555,4,4
39556,4,2
39557,4,0
39558,4,0
39559,4,2
39560,4,0
39561,4,3
39562,4,4
39563,4,0
39564,4,4
39565,4,3
39566,4,3
39567,4,0
39568,4,2
39569,4,1
39570,4,4
39571,4,4
39572,4,1
39573,4,0
39574,4,2
39575,4,2
39576,4,0
39577,4,0
39578,4,4
39579,4,2
39580,4,1
39581,4,0
39582,4,1
39583,4,2
39584,4,4
39585,4,2
39586,4,2
39587,4,4
39588,4,4
39589,4,4
39590,4,4
39591,4,4
39592,4,4
39593,4,0
39594,4,3
39595,4,4
39596,4,3
39597,4,0
39598,4,2
39599,4,4
39600,4,4
39601,4,0
39602,4,3
39603,4,4
39604,4,2
39605,4,2
39606,4,1
39607,4,3
39608,4,2
39609,4,2
39610,4,3
39611,4,4
39612,4,0
39613,4,2
39614,4,0
39615,4,2
39616,4,2
39617,4,3
39618,4,2
39619,4,3
39620,4,0
39621,4,0
39622,4,1
39623,4,4
39624,4,1
39625,4,4
39626,4,4
39627,4,2
39628,4,2
39629,4,4
39630,4,4
39631,4,4
39632,4,3
39633,4,1
39634,4,4
39635,4,2
39636,4,0
39637,4,4
39638,4,3
39639,4,3
39640,4,3
39641,4,1
39642,4,4
39643,4,4
39644,4,2
39645,4,1
39646,4,2
39647,4,1
39648,4,3
39649,4,2
39650,4,3
39651,4,4
39652,4,2
39653,4,4
39654,4,0
39655,4,3
39656,4,4
39657,4,2
39658,4,4
39659,4,2
39660,4,2
39661,4,4
39662,4,0
39663,4,1
39664,4,2
39665,4,4
39666,4,1
39667,4,1
39668,4,0
39669,4,4
39670,4,2
39671,4,2
39672,4,1
39673,4,1
39674,4,4
39675,4,4
39676,4,1
39677,4,4
39678,4,2
39679,4,0
39680,4,0
39681,4,4
39682,4,1
39683,4,2
39684,4,4
39685,4,2
39686,4,2
39687,4,4
39688,4,4
39689,4,1
39690,4,4
39691,4,4
39692,4,4
39693,4,3
39694,4,3
39695,4,2
39696,4,4
39697,4,2
39698,4,0
39699,4,0
39700,4,1
39701,4,2
39702,4,3
39703,4,3
39704,4,4
39705,4,1
39706,4,4
39707,4,4
39708,4,4
39709,4,1
39710,4,2
39711,4,1
39712,4,4
39713,4,1
39714,4,1
39715,4,0
39716,4,3
39717,4,0
39718,4,2
39719,4,2
39720,4,4
39721,4,4
39722,4,4
39723,4,3
39724,4,2
39725,4,4
39726,4,4
39727,4,2
39728,4,4
39729,4,3
39730,4,3
39731,4,4
39732,4,4
39733,4,0
39734,4,0
39735,4,4
39736,4,2
39737,4,4
39738,4,4
39739,4,4
39740,4,4
39741,4,2
39742,4,4
39743,4,4
39744,4,4
39745,4,3
39746,4,2
39747,4,4
39748,4,3
39749,4,3
39750,4,4
39751,4,4
39752,4,1
39753,4,0
39754,4,4
39755,4,4
39756,4,1
39757,4,4
39758,4,2
39759,4,4
39760,4,4
39761,4,3
39762,4,2
39763,4,4
39764,4,1
39765,4,2
39766,4,3
39767,4,4
39768,4,4
39769,4,1
39770,4,1
39771,4,0
39772,4,2
39773,4,0
39774,4,3
39775,4,4
39776,4,4
39777,4,4
39778,4,4
39779,4,2
39780,4,3
39781,4,4
39782,4,3
39783,4,4
39784,4,0
39785,4,1
39786,4,0
39787,4,1
39788,4,1
39789,4,0
39790,4,4
39791,4,0
39792,4,3
39793,4,0
39794,4,0
39795,4,4
39796,4,2
39797,4,2
39798,4,1
39799,4,1
39800,4,1
39801,4,3
39802,4,3
39803,4,3
39804,4,0
39805,4,0
39806,4,2
39807,4,1
39808,4,0
39809,4,3
39810,4,4
39811,4,4
39812,4,3
39813,4,1
39814,4,2
39815,4,0
39816,4,2
39817,4,4
39818,4,0
39819,4,0
39820,4,0
39821,4,2
39822,4,3
39823,4,4
39824,4,3
39825,4,4
39826,4,4
39827,4,4
39828,4,4
39829,4,0
39830,4,4
39831,4,4
39832,4,4
39833,4,3
39834,4,4
39835,4,3
39836,4,4
39837,4,2
39838,4,3
39839,4,4
39840,4,2
39841,4,4
39842,4,2
39843,4,0
39844,4,4
39845,4,1
39846,4,1
39847,4,0
39848,4,2
39849,4,4
39850,4,4
39851,4,0
39852,4,4
39853,4,2
39854,4,4
39855,4,1
39856,4,2
39857,4,2
39858,4,3
39859,4,2
39860,4,3
39861,4,3
39862,4,1
39863,4,2
39864,4,3
39865,4,3
39866,4,4
39867,4,2
39868,4,0
39869,4,4
39870,4,2
39871,4,3
39872,4,3
39873,4,4
39874,4,2
39875,4,4
39876,4,4
39877,4,3
39878,4,1
39879,4,4
39880,4,0
39881,4,1
39882,4,4
39883,4,2
39884,4,4
39885,4,2
39886,4,0
39887,4,1
39888,4,3
39889,4,3
39890,4,1
39891,4,4
39892,4,4
39893,4,1
39894,4,3
39895,4,4
39896,4,4
39897,4,4
39898,4,3
39899,4,4
39900,4,0
39901,4,4
39902,4,2
39903,4,3
39904,4,0
39905,4,3
39906,4,1
39907,4,4
39908,4,0
39909,4,2
39910,4,0
39911,4,3
39912,4,0
39913,4,1
39914,4,2
39915,4,3
39916,4,4
39917,4,4
39918,4,2
39919,4,3
39920,4,1
39921,4,4
39922,4,4
39923,4,4
39924,4,4
39925,4,4
39926,4,0
39927,4,0
39928,4,4
39929,4,2
39930,4,4
39931,4,4
39932,4,2
39933,4,2
39934,4,4
39935,4,2
39936,4,0
39937,4,1
39938,4,4
39939,4,0
39940,4,4
39941,4,4
39942,4,4
39943,4,4
39944,4,2
39945,4,2
39946,4,3
39947,4,0
39948,4,2
39949,4,1
39950,4,2
39951,4,0
39952,4,4
39953,4,0
39954,4,3
39955,4,4
39956,4,0
39957,4,4
39958,4,3
39959,4,4
39960,4,2
39961,4,1
39962,4,4
39963,4,2
39964,4,3
39965,4,2
39966,4,3
39967,4,4
39968,4,1
39969,4,0
39970,4,2
39971,4,0
39972,4,1
39973,4,3
39974,4,2
39975,4,4
39976,4,4
39977,4,2
39978,4,3
39979,4,1
39980,4,2
39981,4,4
39982,4,3
39983,4,1
39984,4,4
39985,4,1
39986,4,1
39987,4,4
39988,4,4
39989,4,3
39990,4,2
39991,4,2
39992,4,4
39993,4,0
39994,4,2
39995,4,0
39996,4,0
39997,4,4
39998,4,0
39999,4,4
40000,4,2
40001,4,0
40002,4,4
40003,4,3
40004,4,2
40005,4,0
40006,4,1
40007,4,1
40008,4,4
40009,4,3
40010,4,3
40011,4,3
40012,4,3
40013,4,2
40014,4,4
40015,4,2
40016,4,3
40017,4,2
40018,4,4
40019,4,2
40020,4,4
40021,4,3
40022,4,2
40023,4,2
40024,4,4
40025,4,4
40026,4,0
40027,4,0
40028,4,1
40029,4,1
40030,4,2
40031,4,2
40032,4,4
40033,4,1
40034,4,1
40035,4,4
40036,4,2
40037,4,3
40038,4,0
40039,4,3
40040,4,0
40041,4,4
40042,4,1
40043,4,3
40044,4,3
40045,4,2
40046,4,4
40047,4,4
40048,4,3
40049,4,3
40050,4,4
40051,4,2
40052,4,4
40053,4,4
40054,4,2
40055,4,3
40056,4,3
40057,4,4
40058,4,1
40059,4,4
40060,4,3
40061,4,3
40062,4,2
40063,4,3
40064,4,3
40065,4,1
40066,4,4
40067,4,0
40068,4,0
40069,4,2
40070,4,4
40071,4,4
40072,4,4
40073,4,4
40074,4,2
40075,4,2
40076,4,1
40077,4,2
40078,4,4
40079,4,2
40080,4,3
40081,4,2
40082,4,2
40083,4,0
40084,4,2
40085,4,0
40086,4,4
40087,4,0
40088,4,1
40089,4,2
40090,4,3
40091,4,4
40092,4,4
40093,4,4
40094,4,0
40095,4,4
40096,4,0
40097,4,4
40098,4,0
40099,4,1
40100,4,4
40101,4,3
40102,4,2
40103,4,2
40104,4,4
40105,4,1
40106,4,3
40107,4,4
40108,4,4
40109,4,0
40110,4,4
40111,4,1
40112,4,0
40113,4,3
40114,4,4
40115,4,4
40116,4,2
40117,4,2
40118,4,3
40119,4,3
40120,4,3
40121,4,3
40122,4,4
40123,4,0
40124,4,0
40125,4,3
40126,4,0
40127,4,2
40128,4,2
40129,4,0
40130,4,4
40131,4,2
40132,4,1
40133,4,4
40134,4,3
40135,4,1
40136,4,4
40137,4,1
40138,4,1
40139,4,2
40140,4,4
40141,4,2
40142,4,2
40143,4,4
40144,4,2
40145,4,2
40146,4,0
40147,4,2
40148,4,0
40149,4,1
40150,4,4
40151,4,2
40152,4,1
40153,4,3
40154,4,2
40155,4,2
40156,4,2
40157,4,2
40158,4,4
40159,4,4
40160,4,0
40161,4,1
40162,4,1
40163,4,1
40164,4,0
40165,4,4
40166,4,1
40167,4,3
40168,4,4
40169,4,4
40170,4,0
40171,4,2
40172,4,0
40173,4,0
40174,4,1
40175,4,0
40176,4,3
40177,4,2
40178,4,3
40179,4,3
40180,4,0
40181,4,2
40182,4,2
40183,4,4
40184,4,0
40185,4,4
40186,4,2
40187,4,0
40188,4,4
40189,4,0
40190,4,0
40191,4,0
40192,4,0
40193,4,1
40194,4,4
40195,4,4
40196,4,0
40197,4,4
40198,4,3
40199,4,0
40200,4,1
40201,4,4
40202,4,2
40203,4,2
40204,4,3
40205,4,0
40206,4,0
40207,4,4
40208,4,2
40209,4,4
40210,4,2
40211,4,2
40212,4,4
40213,4,0
40214,4,2
40215,4,0
40216,4,1
40217,4,3
40218,4,2
40219,4,0
40220,4,4
40221,4,2
40222,4,3
40223,4,4
40224,4,2
40225,4,2
40226,4,0
40227,4,0
40228,4,2
40229,4,3
40230,4,0
40231,4,3
40232,4,0
40233,4,2
40234,4,3
40235,4,0
40236,4,1
40237,4,3
40238,4,3
40239,4,1
40240,4,3
40241,4,1
40242,4,4
40243,4,3
40244,4,4
40245,4,1
40246,4,4
40247,4,4
40248,4,4
40249,4,4
40250,4,2
40251,4,2
40252,4,2
40253,4,4
40254,4,0
40255,4,2
40256,4,0
40257,4,2
40258,4,1
40259,4,4
40260,4,3
40261,4,2
40262,4,4
40263,4,1
40264,4,4
40265,4,2
40266,4,4
40267,4,3
40268,4,2
40269,4,0
40270,4,2
40271,4,2
40272,4,4
40273,4,4
40274,4,2
40275,4,2
40276,4,2
40277,4,0
40278,4,3
40279,4,1
40280,4,3
40281,4,4
40282,4,2
40283,4,2
40284,4,1
40285,4,4
40286,4,4
40287,4,1
40288,4,4
40289,4,0
40290,4,3
40291,4,3
40292,4,4
40293,4,3
40294,4,1
40295,4,4
40296,4,4
40297,4,4
40298,4,1
40299,4,4
40300,4,0
40301,4,0
40302,4,3
40303,4,2
40304,4,4
40305,4,2
40306,4,2
40307,4,1
40308,4,4
40309,4,4
40310,4,2
40311,4,2
40312,4,1
40313,4,4
40314,4,1
40315,4,1
40316,4,4
40317,4,4
40318,4,1
40319,4,2
40320,4,0
40321,4,0
40322,4,2
40323,4,2
40324,4,4
40325,4,0
40326,4,3
40327,4,4
40328,4,4
40329,4,4
40330,4,3
40331,4,3
40332,4,2
40333,4,4
40334,4,3
40335,4,4
40336,4,3
40337,4,3
40338,4,4
40339,4,0
40340,4,1
40341,4,0
40342,4,4
40343,4,4
40344,4,0
40345,4,3
40346,4,4
40347,4,4
40348,4,2
40349,4,1
40350,4,4
40351,4,2
40352,4,4
40353,4,4
40354,4,0
40355,4,0
40356,4,1
40357,4,2
40358,4,3
40359,4,4
40360,4,2
40361,4,0
40362,4,4
40363,4,2
40364,4,4
40365,4,2
40366,4,1
40367,4,4
40368,4,0
40369,4,3
40370,4,2
40371,4,4
40372,4,2
40373,4,1
40374,4,4
40375,4,2
40376,4,4
40377,4,4
40378,4,2
40379,4,0
40380,4,2
40381,4,3
40382,4,4
40383,4,4
40384,4,4
40385,4,3
40386,4,0
40387,4,3
40388,4,4
40389,4,3
40390,4,2
40391,4,4
40392,4,2
40393,4,4
40394,4,3
40395,4,2
40396,4,2
40397,4,1
40398,4,2
40399,4,2
40400,4,4
40401,4,4
40402,4,2
40403,4,0
40404,4,2
40405,4,2
40406,4,4
40407,4,1
40408,4,4
40409,4,2
40410,4,2
40411,4,4
40412,4,4
40413,4,3
40414,4,0
40415,4,0
40416,4,4
40417,4,0
40418,4,0
40419,4,0
40420,4,2
40421,4,4
40422,4,3
40423,4,3
40424,4,4
40425,4,2
40426,4,1
40427,4,4
40428,4,1
40429,4,1
40430,4,3
40431,4,0
40432,4,0
40433,4,3
40434,4,2
40435,4,4
40436,4,0
40437,4,3
40438,4,3
40439,4,4
40440,4,0
40441,4,2
40442,4,4
40443,4,1
40444,4,3
40445,4,0
40446,4,4
40447,4,3
40448,4,1
40449,4,2
40450,4,4
40451,4,4
40452,4,4
40453,4,4
40454,4,2
40455,4,2
40456,4,4
40457,4,3
40458,4,4
40459,4,4
40460,4,3
40461,4,4
40462,4,1
40463,4,1
40464,4,4
40465,4,4
40466,4,0
40467,4,4
40468,4,1
40469,4,0
40470,4,4
40471,4,0
40472,4,4
40473,4,2
40474,4,2
40475,4,2
40476,4,1
40477,4,2
40478,4,4
40479,4,0
40480,4,4
40481,4,4
40482,4,3
40483,4,2
40484,4,4
40485,4,2
40486,4,2
40487,4,1
40488,4,4
40489,4,2
40490,4,4
40491,4,4
40492,4,2
40493,4,3
40494,4,2
40495,4,3
40496,4,2
40497,4,2
40498,4,2
40499,4,1
40500,4,2
40501,4,3
40502,4,3
40503,4,2
40504,4,2
40505,4,4
40506,4,0
40507,4,4
40508,4,1
40509,4,2
40510,4,2
40511,4,4
40512,4,2
40513,4,4
40514,4,4
40515,4,2
40516,4,2
40517,4,3
40518,4,1
40519,4,0
40520,4,0
40521,4,4
40522,4,2
40523,4,0
40524,4,1
40525,4,3
40526,4,1
40527,4,4
40528,4,1
40529,4,4
40530,4,4
40531,4,0
40532,4,4
40533,4,4
40534,4,4
40535,4,1
40536,4,4
40537,4,3
40538,4,4
40539,4,3
40540,4,2
40541,4,2
40542,4,2
40543,4,2
40544,4,2
40545,4,0
40546,4,3
40547,4,4
40548,4,1
40549,4,0
40550,4,4
40551,4,0
40552,4,2
40553,4,2
40554,4,4
40555,4,4
40556,4,3
40557,4,4
40558,4,4
40559,4,4
40560,4,0
40561,4,3
40562,4,4
40563,4,4
40564,4,3
40565,4,2
40566,4,4
40567,4,4
40568,4,2
40569,4,3
40570,4,4
40571,4,4
40572,4,2
40573,4,3
40574,4,2
40575,4,2
40576,4,4
40577,4,4
40578,4,4
40579,4,0
40580,4,3
40581,4,3
40582,4,3
40583,4,2
40584,4,0
40585,4,4
40586,4,1
40587,4,0
40588,4,0
40589,4,1
40590,4,2
40591,4,4
40592,4,0
40593,4,0
40594,4,1
40595,4,4
40596,4,4
40597,4,1
40598,4,1
40599,4,2
40600,4,4
40601,4,2
40602,4,2
40603,4,4
40604,4,2
40605,4,1
40606,4,4
40607,4,0
40608,4,0
40609,4,4
40610,4,2
40611,4,0
40612,4,4
40613,4,0
40614,4,2
40615,4,4
40616,4,2
40617,4,2
40618,4,2
40619,4,4
40620,4,1
40621,4,4
40622,4,3
40623,4,4
40624,4,3
40625,4,3
40626,4,4
40627,4,3
40628,4,3
40629,4,1
40630,4,0
40631,4,0
40632,4,3
40633,4,1
40634,4,2
40635,4,4
40636,4,3
40637,4,1
40638,4,1
40639,4,3
40640,4,2
40641,4,4
40642,4,4
40643,4,4
40644,4,2
40645,4,2
40646,4,0
40647,4,4
40648,4,1
40649,4,0
40650,4,2
40651,4,1
40652,4,4
40653,4,4
40654,4,4
40655,4,4
40656,4,2
40657,4,4
40658,4,0
40659,4,2
40660,4,4
40661,4,3
40662,4,2
40663,4,3
40664,4,4
40665,4,3
40666,4,3
40667,4,1
40668,4,3
40669,4,4
40670,4,3
40671,4,4
40672,4,4
40673,4,0
40674,4,0
40675,4,4
40676,4,2
40677,4,4
40678,4,3
40679,4,4
40680,4,2
40681,4,2
40682,4,3
40683,4,1
40684,4,1
40685,4,0
40686,4,3
40687,4,1
40688,4,2
40689,4,4
40690,4,3
40691,4,4
40692,4,0
40693,4,4
40694,4,4
40695,4,4
40696,4,2
40697,4,1
40698,4,4
40699,4,3
40700,4,0
40701,4,4
40702,4,2
40703,4,1
40704,4,0
40705,4,0
40706,4,4
40707,4,1
40708,4,4
40709,4,4
40710,4,4
40711,4,1
40712,4,4
40713,4,4
40714,4,2
40715,4,3
40716,4,4
40717,4,4
40718,4,0
40719,4,4
40720,4,4
40721,4,1
40722,4,1
40723,4,4
40724,4,1
40725,4,0
40726,4,2
40727,4,4
40728,4,4
40729,4,2
40730,4,2
40731,4,4
40732,4,2
40733,4,2
40734,4,4
40735,4,4
40736,4,4
40737,4,3
40738,4,2
40739,4,4
40740,4,2
40741,4,3
40742,4,1
40743,4,4
40744,4,2
40745,4,2
40746,4,4
40747,4,4
40748,4,1
40749,4,2
40750,4,3
40751,4,2
40752,4,0
40753,4,4
40754,4,4
40755,4,4
40756,4,2
40757,4,2
40758,4,2
40759,4,4
40760,4,4
40761,4,0
40762,4,0
40763,4,4
40764,4,4
40765,4,2
40766,4,4
40767,4,0
40768,4,1
40769,4,4
40770,4,3
40771,4,0
40772,4,2
40773,4,4
40774,4,3
40775,4,2
40776,4,4
40777,4,4
40778,4,2
40779,4,4
40780,4,3
40781,4,1
40782,4,0
40783,4,3
40784,4,4
40785,4,2
40786,4,2
40787,4,4
40788,4,4
40789,4,3
40790,4,4
40791,4,4
40792,4,3
40793,4,2
40794,4,0
40795,4,4
40796,4,2
40797,4,0
40798,4,1
40799,4,3
40800,4,3
40801,4,2
40802,4,0
40803,4,4
40804,4,1
40805,4,2
40806,4,2
40807,4,2
40808,4,0
40809,4,2
40810,4,2
40811,4,3
40812,4,1
40813,4,3
40814,4,3
40815,4,4
40816,4,4
40817,4,4
40818,4,2
40819,4,2
40820,4,1
40821,4,3
40822,4,3
40823,4,3
40824,4,4
40825,4,4
40826,4,3
40827,4,2
40828,4,1
40829,4,3
40830,4,0
40831,4,4
40832,4,2
40833,4,0
40834,4,3
40835,4,4
40836,4,4
40837,4,4
40838,4,0
40839,4,2
40840,4,1
40841,4,1
40842,4,3
40843,4,1
40844,4,4
40845,4,3
40846,4,2
40847,4,3
40848,4,3
40849,4,0
40850,4,0
40851,4,0
40852,4,2
40853,4,3
40854,4,4
40855,4,2
40856,4,2
40857,4,0
40858,4,2
40859,4,1
40860,4,1
40861,4,1
40862,4,2
40863,4,1
40864,4,4
40865,4,3
40866,4,4
40867,4,4
40868,4,3
40869,4,2
40870,4,4
40871,4,2
40872,4,2
40873,4,0
40874,4,0
40875,4,4
40876,4,3
40877,4,4
40878,4,1
40879,4,4
40880,4,1
40881,4,3
40882,4,4
40883,4,4
40884,4,2
40885,4,4
40886,4,1
40887,4,0
40888,4,4
40889,4,2
40890,4,1
40891,4,4
40892,4,4
40893,4,3
40894,4,2
40895,4,4
40896,4,0
40897,4,2
40898,4,1
40899,4,3
40900,4,0
40901,4,1
40902,4,2
40903,4,3
40904,4,1
40905,4,3
40906,4,1
40907,4,2
40908,4,0
40909,4,2
40910,4,2
40911,4,0
40912,4,1
40913,4,2
40914,4,2
40915,4,1
40916,4,0
40917,4,4
40918,4,4
40919,4,1
40920,4,4
40921,4,0
40922,4,4
40923,4,1
40924,4,3
40925,4,0
40926,4,0
40927,4,1
40928,4,2
40929,4,4
40930,4,2
40931,4,4
40932,4,3
40933,4,3
40934,4,0
40935,4,3
40936,4,4
40937,4,4
40938,4,4
40939,4,3
40940,4,4
40941,4,2
40942,4,2
40943,4,4
40944,4,0
40945,4,4
40946,4,2
40947,4,4
40948,4,1
40949,4,1
40950,4,3
40951,4,4
40952,4,3
40953,4,3
40954,4,3
40955,4,2
40956,4,2
40957,4,2
40958,4,0
40959,4,4
40960,4,4
40961,4,4
40962,4,2
40963,4,1
40964,4,0
40965,4,3
40966,4,3
40967,4,2
40968,4,3
40969,4,3
40970,4,4
40971,4,4
40972,4,4
40973,4,4
40974,4,4
40975,4,2
40976,4,2
40977,4,1
40978,4,1
40979,4,3
40980,4,2
40981,4,2
40982,4,4
40983,4,2
40984,4,0
40985,4,4
40986,4,3
40987,4,1
40988,4,4
40989,4,4
40990,4,3
40991,4,3
40992,4,2
40993,4,2
40994,4,2
40995,4,0
40996,4,4
40997,4,0
40998,4,0
40999,4,4
41000,4,2
41001,4,3
41002,4,0
41003,4,0
41004,4,4
41005,4,2
41006,4,3
41007,4,2
41008,4,4
41009,4,2
41010,4,3
41011,4,4
41012,4,2
41013,4,2
41014,4,3
41015,4,0
41016,4,4
41017,4,4
41018,4,4
41019,4,3
41020,4,2
41021,4,2
41022,4,1
41023,4,3
41024,4,4
41025,4,4
41026,4,0
41027,4,1
41028,4,1
41029,4,1
41030,4,2
41031,4,2
41032,4,4
41033,4,0
41034,4,1
41035,4,2
41036,4,0
41037,4,1
41038,4,3
41039,4,4
41040,4,2
41041,4,4
41042,4,0
41043,4,0
41044,4,3
41045,4,3
41046,4,4
41047,4,1
41048,4,2
41049,4,1
41050,4,4
41051,4,0
41052,4,0
41053,4,4
41054,4,1
41055,4,4
41056,4,4
41057,4,0
41058,4,1
41059,4,2
41060,4,2
41061,4,4
41062,4,0
41063,4,2
41064,4,4
41065,4,0
41066,4,3
41067,4,4
41068,4,4
41069,4,2
41070,4,4
41071,4,1
41072,4,3
41073,4,4
41074,4,4
41075,4,4
41076,4,2
41077,4,4
41078,4,2
41079,4,2
41080,4,1
41081,4,4
41082,4,4
41083,4,1
41084,4,0
41085,4,2
41086,4,0
41087,4,2
41088,4,2
41089,4,4
41090,4,1
41091,4,3
41092,4,4
41093,4,2
41094,4,1
41095,4,3
41096,4,1
41097,4,0
41098,4,3
41099,4,0
41100,4,3
41101,4,2
41102,4,2
41103,4,0
41104,4,2
41105,4,4
41106,4,0
41107,4,4
41108,4,0
41109,4,1
41110,4,2
41111,4,2
41112,4,4
41113,4,4
41114,4,3
41115,4,2
41116,4,2
41117,4,3
41118,4,4
41119,4,3
41120,4,2
41121,4,2
41122,4,4
41123,4,1
41124,4,1
41125,4,2
41126,4,1
41127,4,1
41128,4,4
41129,4,4
41130,4,4
41131,4,0
41132,4,3
41133,4,3
41134,4,3
41135,4,3
41136,4,4
41137,4,2
41138,4,1
41139,4,3
41140,4,0
41141,4,3
41142,4,4
41143,4,4
41144,4,2
41145,4,0
41146,4,0
41147,4,0
41148,4,4
41149,4,4
41150,4,4
41151,4,3
41152,4,4
41153,4,3
41154,4,0
41155,4,2
41156,4,4
41157,4,4
41158,4,0
41159,4,0
41160,4,4
41161,4,3
41162,4,3
41163,4,4
41164,4,4
41165,4,2
41166,4,2
41167,4,4
41168,4,0
41169,4,0
41170,4,0
41171,4,0
41172,4,2
41173,4,4
41174,4,1
41175,4,2
41176,4,4
41177,4,3
41178,4,0
41179,4,2
41180,4,2
41181,4,2
41182,4,0
41183,4,4
41184,4,4
41185,4,4
41186,4,4
41187,4,4
41188,4,3
41189,4,4
41190,4,4
41191,4,4
41192,4,0
41193,4,4
41194,4,2
41195,4,2
41196,4,2
41197,4,4
41198,4,3
41199,4,0
41200,4,1
41201,4,0
41202,4,2
41203,4,2
41204,4,0
41205,4,3
41206,4,3
41207,4,4
41208,4,0
41209,4,1
41210,4,4
41211,4,4
41212,4,4
41213,4,3
41214,4,1
41215,4,2
41216,4,4
41217,4,2
41218,4,0
41219,4,2
41220,4,3
41221,4,3
41222,4,3
41223,4,4
41224,4,1
41225,4,2
41226,4,4
41227,4,4
41228,4,2
41229,4,2
41230,4,4
41231,4,3
41232,4,3
41233,4,4
41234,4,0
41235,4,4
41236,4,1
41237,4,2
41238,4,4
41239,4,3
41240,4,4
41241,4,4
41242,4,2
41243,4,4
41244,4,4
41245,4,1
41246,4,1
41247,4,2
41248,4,4
41249,4,1
41250,4,0
41251,4,4
41252,4,2
41253,4,0
41254,4,4
41255,4,2
41256,4,4
41257,4,3
41258,4,3
41259,4,3
41260,4,2
41261,4,3
41262,4,0
41263,4,2
41264,4,2
41265,4,3
41266,4,2
41267,4,4
41268,4,3
41269,4,4
41270,4,1
41271,4,1
41272,4,3
41273,4,4
41274,4,1
41275,4,4
41276,4,4
41277,4,4
41278,4,1
41279,4,0
41280,4,1
41281,4,4
41282,4,3
41283,4,1
41284,4,2
41285,4,4
41286,4,0
41287,4,3
41288,4,2
41289,4,3
41290,4,2
41291,4,0
41292,4,2
41293,4,2
41294,4,3
41295,4,0
41296,4,1
41297,4,3
41298,4,2
41299,4,2
41300,4,2
41301,4,3
41302,4,4
41303,4,4
41304,4,3
41305,4,4
41306,4,2
41307,4,0
41308,4,4
41309,4,3
41310,4,0
41311,4,0
41312,4,2
41313,4,2
41314,4,2
41315,4,1
41316,4,3
41317,4,4
41318,4,3
41319,4,2
41320,4,3
41321,4,4
41322,4,4
41323,4,3
41324,4,1
41325,4,4
41326,4,4
41327,4,4
41328,4,4
41329,4,0
41330,4,3
41331,4,4
41332,4,3
41333,4,4
41334,4,2
41335,4,4
41336,4,4
41337,4,3
41338,4,1
41339,4,0
41340,4,0
41341,4,0
41342,4,2
41343,4,1
41344,4,3
41345,4,2
41346,4,2
41347,4,2
41348,4,4
41349,4,0
41350,4,1
41351,4,2
41352,4,4
41353,4,4
41354,4,4
41355,4,4
41356,4,0
41357,4,4
41358,4,2
41359,4,4
41360,4,4
41361,4,2
41362,4,4
41363,4,3
41364,4,3
41365,4,4
41366,4,4
41367,4,2
41368,4,4
41369,4,2
41370,4,2
41371,4,4
41372,4,4
41373,4,2
41374,4,2
41375,4,4
41376,4,2
41377,4,1
41378,4,0
41379,4,1
41380,4,3
41381,4,4
41382,4,1
41383,4,0
41384,4,4
41385,4,3
41386,4,1
41387,4,3
41388,4,4
41389,4,2
41390,4,2
41391,4,2
41392,4,3
41393,4,2
41394,4,4
41395,4,1
41396,4,2
41397,4,3
41398,4,4
41399,4,2
41400,4,1
41401,4,3
41402,4,0
41403,4,2
41404,4,4
41405,4,2
41406,4,2
41407,4,4
41408,4,2
41409,4,0
41410,4,0
41411,4,0
41412,4,4
41413,4,4
41414,4,0
41415,4,4
41416,4,0
41417,4,3
41418,4,1
41419,4,4
41420,4,2
41421,4,2
41422,4,2
41423,4,4
41424,4,4
41425,4,3
41426,4,0
41427,4,4
41428,4,4
41429,4,2
41430,4,3
41431,4,4
41432,4,4
41433,4,4
41434,4,2
41435,4,0
41436,4,1
41437,4,4
41438,4,0
41439,4,4
41440,4,2
41441,4,4
41442,4,2
41443,4,1
41444,4,4
41445,4,1
41446,4,3
41447,4,1
41448,4,2
41449,4,4
41450,4,4
41451,4,2
41452,4,2
41453,4,4
41454,4,2
41455,4,3
41456,4,4
41457,4,4
41458,4,0
41459,4,3
41460,4,4
41461,4,4
41462,4,4
41463,4,2
41464,4,2
41465,4,4
41466,4,4
41467,4,4
41468,4,2
41469,4,4
41470,4,3
41471,4,3
41472,4,0
41473,4,4
41474,4,3
41475,4,4
41476,4,4
41477,4,4
41478,4,4
41479,4,0
41480,4,2
41481,4,3
41482,4,4
41483,4,3
41484,4,4
41485,4,2
41486,4,4
41487,4,0
41488,4,4
41489,4,4
41490,4,1
41491,4,2
41492,4,3
41493,4,4
41494,4,4
41495,4,2
41496,4,4
41497,4,3
41498,4,1
41499,4,1
41500,4,4
41501,4,0
41502,4,4
41503,4,0
41504,4,0
41505,4,3
41506,4,4
41507,4,0
41508,4,0
41509,4,4
41510,4,3
41511,4,1
41512,4,3
41513,4,1
41514,4,2
41515,4,0
41516,4,3
41517,4,0
41518,4,1
41519,4,0
41520,4,3
41521,4,4
41522,4,3
41523,4,2
41524,4,4
41525,4,0
41526,4,4
41527,4,2
41528,4,0
41529,4,4
41530,4,4
41531,4,2
41532,4,0
41533,4,4
41534,4,4
41535,4,1
41536,4,3
41537,4,2
41538,4,4
41539,4,2
41540,4,4
41541,4,1
41542,4,0
41543,4,4
41544,4,4
41545,4,4
41546,4,4
41547,4,4
41548,4,4
41549,4,3
41550,4,2
41551,4,3
41552,4,4
41553,4,4
41554,4,4
41555,4,2
41556,4,3
41557,4,4
41558,4,4
41559,4,2
41560,4,0
41561,4,4
41562,4,4
41563,4,1
41564,4,0
41565,4,4
41566,4,2
41567,4,4
41568,4,1
41569,4,3
41570,4,3
41571,4,3
41572,4,3
41573,4,2
41574,4,0
41575,4,2
41576,4,0
41577,4,4
41578,4,2
41579,4,4
41580,4,2
41581,4,4
41582,4,2
41583,4,4
41584,4,3
41585,4,3
41586,4,2
41587,4,4
41588,4,2
41589,4,2
41590,4,0
41591,4,3
41592,4,4
41593,4,3
41594,4,4
41595,4,1
41596,4,3
41597,4,0
41598,4,2
41599,4,3
41600,4,1
41601,4,4
41602,4,1
41603,4,2
41604,4,1
41605,4,2
41606,4,4
41607,4,0
41608,4,2
41609,4,2
41610,4,3
41611,4,2
41612,4,0
41613,4,4
41614,4,4
41615,4,4
41616,4,4
41617,4,4
41618,4,4
41619,4,4
41620,4,0
41621,4,4
41622,4,4
41623,4,1
41624,4,0
41625,4,2
41626,4,1
41627,4,2
41628,4,1
41629,4,4
41630,4,2
41631,4,4
41632,4,0
41633,4,4
41634,4,4
41635,4,4
41636,4,4
41637,4,3
41638,4,4
41639,4,4
41640,4,1
41641,4,2
41642,4,2
41643,4,2
41644,4,3
41645,4,2
41646,4,2
41647,4,0
41648,4,4
41649,4,4
41650,4,4
41651,4,4
41652,4,2
41653,4,0
41654,4,1
41655,4,0
41656,4,1
41657,4,2
41658,4,0
41659,4,0
41660,4,1
41661,4,1
41662,4,4
41663,4,1
41664,4,4
41665,4,2
41666,4,4
41667,4,0
41668,4,3
41669,4,3
41670,4,1
41671,4,2
41672,4,2
41673,4,2
41674,4,4
41675,4,1
41676,4,0
41677,4,2
41678,4,4
41679,4,2
41680,4,3
41681,4,4
41682,4,2
41683,4,0
41684,4,0
41685,4,0
41686,4,2
41687,4,4
41688,4,1
41689,4,1
41690,4,0
41691,4,4
41692,4,2
41693,4,4
41694,4,3
41695,4,4
41696,4,2
41697,4,2
41698,4,4
41699,4,1
41700,4,3
41701,4,4
41702,4,4
41703,4,2
41704,4,4
41705,4,4
41706,4,2
41707,4,2
41708,4,4
41709,4,2
41710,4,3
41711,4,4
41712,4,0
41713,4,4
41714,4,1
41715,4,1
41716,4,4
41717,4,3
41718,4,0
41719,4,2
41720,4,0
41721,4,0
41722,4,1
41723,4,4
41724,4,0
41725,4,0
41726,4,4
41727,4,4
41728,4,3
41729,4,0
41730,4,1
41731,4,2
41732,4,4
41733,4,4
41734,4,1
41735,4,0
41736,4,2
41737,4,2
41738,4,1
41739,4,3
41740,4,0
41741,4,3
41742,4,3
41743,4,4
41744,4,3
41745,4,0
41746,4,4
41747,4,4
41748,4,4
41749,4,0
41750,4,4
41751,4,4
41752,4,2
41753,4,2
41754,4,0
41755,4,2
41756,4,3
41757,4,2
41758,4,1
41759,4,2
41760,4,0
41761,4,3
41762,4,2
41763,4,4
41764,4,0
41765,4,2
41766,4,1
41767,4,2
41768,4,0
41769,4,2
41770,4,3
41771,4,3
41772,4,2
41773,4,3
41774,4,0
41775,4,0
41776,4,1
41777,4,3
41778,4,2
41779,4,0
41780,4,4
41781,4,4
41782,4,4
41783,4,4
41784,4,3
41785,4,4
41786,4,4
41787,4,3
41788,4,3
41789,4,4
41790,4,2
41791,4,2
41792,4,4
41793,4,2
41794,4,3
41795,4,0
41796,4,4
41797,4,3
41798,4,2
41799,4,4
41800,4,4
41801,4,1
41802,4,2
41803,4,0
41804,4,2
41805,4,1
41806,4,4
41807,4,2
41808,4,4
41809,4,0
41810,4,2
41811,4,0
41812,4,1
41813,4,3
41814,4,1
41815,4,3
41816,4,4
41817,4,2
41818,4,2
41819,4,1
41820,4,2
41821,4,1
41822,4,2
41823,4,3
41824,4,3
41825,4,4
41826,4,4
41827,4,4
41828,4,3
41829,4,4
41830,4,3
41831,4,3
41832,4,2
41833,4,0
41834,4,0
41835,4,3
41836,4,4
41837,4,4
41838,4,2
41839,4,2
41840,4,3
41841,4,3
41842,4,3
41843,4,4
41844,4,3
41845,4,4
41846,4,0
41847,4,2
41848,4,0
41849,4,0
41850,4,3
41851,4,1
41852,4,1
41853,4,2
41854,4,0
41855,4,0
41856,4,2
41857,4,4
41858,4,4
41859,4,0
41860,4,4
41861,4,2
41862,4,4
41863,4,2
41864,4,0
41865,4,3
41866,4,1
41867,4,0
41868,4,0
41869,4,2
41870,4,0
41871,4,2
41872,4,4
41873,4,3
41874,4,4
41875,4,4
41876,4,1
41877,4,1
41878,4,1
41879,4,3
41880,4,4
41881,4,4
41882,4,4
41883,4,2
41884,4,1
41885,4,4
41886,4,2
41887,4,0
41888,4,2
41889,4,0
41890,4,4
41891,4,3
41892,4,0
41893,4,1
41894,4,4
41895,4,0
41896,4,2
41897,4,2
41898,4,1
41899,4,1
41900,4,1
41901,4,3
41902,4,2
41903,4,4
41904,4,2
41905,4,2
41906,4,4
41907,4,0
41908,4,3
41909,4,4
41910,4,0
41911,4,1
41912,4,2
41913,4,4
41914,4,3
41915,4,0
41916,4,4
41917,4,4
41918,4,4
41919,4,4
41920,4,2
41921,4,3
41922,4,3
41923,4,0
41924,4,2
41925,4,3
41926,4,4
41927,4,4
41928,4,2
41929,4,3
41930,4,4
41931,4,2
41932,4,4
41933,4,2
41934,4,2
41935,4,0
41936,4,3
41937,4,4
41938,4,0
41939,4,0
41940,4,1
41941,4,4
41942,4,2
41943,4,1
41944,4,1
41945,4,3
41946,4,0
41947,4,3
41948,4,2
41949,4,0
41950,4,1
41951,4,4
41952,4,3
41953,4,0
41954,4,0
41955,4,2
41956,4,2
41957,4,3
41958,4,0
41959,4,4
41960,4,4
41961,4,4
41962,4,2
41963,4,0
41964,4,2
41965,4,3
41966,4,1
41967,4,4
41968,4,0
41969,4,4
41970,4,4
41971,4,4
41972,4,2
41973,4,2
41974,4,4
41975,4,4
41976,4,4
41977,4,0
41978,4,4
41979,4,4
41980,4,1
41981,4,0
41982,4,1
41983,4,4
41984,4,2
41985,4,0
41986,4,1
41987,4,2
41988,4,2
41989,4,3
41990,4,4
41991,4,2
41992,4,3
41993,4,2
41994,4,2
41995,4,1
41996,4,4
41997,4,3
41998,4,2
41999,4,2
42000,4,0
42001,4,4
42002,4,4
42003,4,2
42004,4,4
42005,4,4
42006,4,4
42007,4,2
42008,4,2
42009,4,3
42010,4,4
42011,4,0
42012,4,3
42013,4,2
42014,4,1
42015,4,2
42016,4,0
42017,4,4
42018,4,4
42019,4,2
42020,4,2
42021,4,0
42022,4,4
42023,4,2
42024,4,1
42025,4,0
42026,4,0
42027,4,4
42028,4,0
42029,4,0
42030,4,2
42031,4,2
42032,4,2
42033,4,0
42034,4,3
42035,4,1
42036,4,0
42037,4,3
42038,4,4
42039,4,3
42040,4,1
42041,4,1
42042,4,1
42043,4,4
42044,4,2
42045,4,2
42046,4,4
42047,4,0
42048,4,3
42049,4,2
42050,4,1
42051,4,0
42052,4,2
42053,4,3
42054,4,4
42055,4,4
42056,4,1
42057,4,0
42058,4,4
42059,4,0
42060,4,4
42061,4,4
42062,4,0
42063,4,1
42064,4,3
42065,4,2
42066,4,1
42067,4,1
42068,4,4
42069,4,1
42070,4,4
42071,4,4
42072,4,3
42073,4,1
42074,4,4
42075,4,1
42076,4,4
42077,4,2
42078,4,4
42079,4,1
42080,4,2
42081,4,3
42082,4,3
42083,4,0
42084,4,2
42085,4,2
42086,4,4
42087,4,0
42088,4,4
42089,4,4
42090,4,4
42091,4,4
42092,4,2
42093,4,0
42094,4,4
42095,4,4
42096,4,2
42097,4,4
42098,4,1
42099,4,4
42100,4,4
42101,4,2
42102,4,0
42103,4,1
42104,4,4
42105,4,2
42106,4,4
42107,4,2
42108,4,0
42109,4,3
42110,4,0
42111,4,1
42112,4,3
42113,4,4
42114,4,4
42115,4,0
42116,4,2
42117,4,2
42118,4,3
42119,4,3
42120,4,2
42121,4,4
42122,4,2
42123,4,4
42124,4,4
42125,4,2
42126,4,4
42127,4,4
42128,4,1
42129,4,4
42130,4,1
42131,4,2
42132,4,2
42133,4,3
42134,4,1
42135,4,3
42136,4,1
42137,4,2
42138,4,3
42139,4,4
42140,4,3
42141,4,3
42142,4,4
42143,4,2
42144,4,0
42145,4,4
42146,4,3
42147,4,2
42148,4,3
42149,4,2
42150,4,1
42151,4,4
42152,4,0
42153,4,4
42154,4,4
42155,4,4
42156,4,1
42157,4,4
42158,4,0
42159,4,2
42160,4,0
42161,4,4
42162,4,2
42163,4,4
42164,4,0
42165,4,1
42166,4,2
42167,4,3
42168,4,3
42169,4,3
42170,4,4
42171,4,4
42172,4,4
42173,4,1
42174,4,3
42175,4,0
42176,4,2
42177,4,4
42178,4,3
42179,4,4
42180,4,2
42181,4,3
42182,4,4
42183,4,2
42184,4,1
42185,4,0
42186,4,4
42187,4,0
42188,4,4
42189,4,0
42190,4,4
42191,4,0
42192,4,1
42193,4,4
42194,4,0
42195,4,4
42196,4,4
42197,4,0
42198,4,4
42199,4,4
42200,4,2
42201,4,3
42202,4,4
42203,4,1
42204,4,2
42205,4,2
42206,4,3
42207,4,2
42208,4,3
42209,4,4
42210,4,3
42211,4,4
42212,4,0
42213,4,4
42214,4,4
42215,4,0
42216,4,2
42217,4,4
42218,4,4
42219,4,2
42220,4,3
42221,4,4
42222,4,1
42223,4,2
42224,4,4
42225,4,1
42226,4,2
42227,4,1
42228,4,4
42229,4,4
42230,4,2
42231,4,1
42232,4,1
42233,4,4
42234,4,1
42235,4,4
42236,4,4
42237,4,4
42238,4,3
42239,4,4
42240,4,4
42241,4,3
42242,4,1
42243,4,2
42244,4,4
42245,4,1
42246,4,1
42247,4,2
42248,4,1
42249,4,0
42250,4,4
42251,4,2
42252,4,0
42253,4,4
42254,4,1
42255,4,3
42256,4,4
42257,4,4
42258,4,4
42259,4,1
42260,4,0
42261,4,0
42262,4,0
42263,4,4
42264,4,3
42265,4,2
42266,4,3
42267,4,4
42268,4,2
42269,4,0
42270,4,0
42271,4,3
42272,4,4
42273,4,4
42274,4,4
42275,4,2
42276,4,4
42277,4,4
42278,4,0
42279,4,2
42280,4,0
42281,4,1
42282,4,4
42283,4,2
42284,4,3
42285,4,2
42286,4,2
42287,4,1
42288,4,4
42289,4,2
42290,4,0
42291,4,1
42292,4,4
42293,4,4
42294,4,3
42295,4,2
42296,4,2
42297,4,2
42298,4,3
42299,4,1
42300,4,0
42301,4,2
42302,4,0
42303,4,2
42304,4,1
42305,4,0
42306,4,2
42307,4,3
42308,4,3
42309,4,4
42310,4,3
42311,4,1
42312,4,0
42313,4,2
42314,4,1
42315,4,4
42316,4,2
42317,4,2
42318,4,2
42319,4,2
42320,4,2
42321,4,1
42322,4,1
42323,4,2
42324,4,0
42325,4,4
42326,4,1
42327,4,4
42328,4,2
42329,4,4
42330,4,2
42331,4,0
42332,4,0
42333,4,1
42334,4,0
42335,4,0
42336,4,4
42337,4,4
42338,4,4
42339,4,3
42340,4,4
42341,4,4
42342,4,4
42343,4,3
42344,4,4
42345,4,4
42346,4,4
42347,4,0
42348,4,3
42349,4,3
42350,4,3
42351,4,2
42352,4,3
42353,4,4
42354,4,1
42355,4,4
42356,4,1
42357,4,4
42358,4,0
42359,4,2
42360,4,3
42361,4,0
42362,4,1
42363,4,0
42364,4,0
42365,4,0
42366,4,2
42367,4,2
42368,4,3
42369,4,4
42370,4,4
42371,4,4
42372,4,0
42373,4,0
42374,4,1
42375,4,4
42376,4,4
42377,4,4
42378,4,0
42379,4,4
42380,4,3
42381,4,0
42382,4,3
42383,4,1
42384,4,1
42385,4,2
42386,4,4
42387,4,2
42388,4,3
42389,4,3
42390,4,4
42391,4,2
42392,4,4
42393,4,4
42394,4,0
42395,4,3
42396,4,4
42397,4,4
42398,4,1
42399,4,2
42400,4,3
42401,4,3
42402,4,4
42403,4,4
42404,4,2
42405,4,4
42406,4,0
42407,4,0
42408,4,3
42409,4,3
42410,4,2
42411,4,4
42412,4,3
42413,4,3
42414,4,2
42415,4,3
42416,4,3
42417,4,4
42418,4,4
42419,4,2
42420,4,4
42421,4,0
42422,4,2
42423,4,4
42424,4,1
42425,4,1
42426,4,3
42427,4,3
42428,4,2
42429,4,1
42430,4,0
42431,4,2
42432,4,4
42433,4,1
42434,4,4
42435,4,3
42436,4,4
42437,4,4
42438,4,4
42439,4,4
42440,4,3
42441,4,3
42442,4,3
42443,4,3
42444,4,2
42445,4,3
42446,4,3
42447,4,3
42448,4,4
42449,4,2
42450,4,1
42451,4,4
42452,4,4
42453,4,1
42454,4,4
42455,4,4
42456,4,3
42457,4,1
42458,4,0
42459,4,2
42460,4,0
42461,4,0
42462,4,4
42463,4,4
42464,4,4
42465,4,4
42466,4,0
42467,4,2
42468,4,3
42469,4,3
42470,4,1
42471,4,4
42472,4,0
42473,4,0
42474,4,2
42475,4,1
42476,4,2
42477,4,4
42478,4,2
42479,4,3
42480,4,0
42481,4,4
42482,4,4
42483,4,0
42484,4,3
42485,4,4
42486,4,3
42487,4,2
42488,4,1
42489,4,2
42490,4,2
42491,4,4
42492,4,4
42493,4,2
42494,4,1
42495,4,4
42496,4,4
42497,4,0
42498,4,4
42499,4,3
42500,4,1
42501,4,0
42502,4,3
42503,4,3
42504,4,3
42505,4,4
42506,4,2
42507,4,4
42508,4,4
42509,4,2
42510,4,1
42511,4,4
42512,4,2
42513,4,2
42514,4,1
42515,4,0
42516,4,3
42517,4,2
42518,4,2
42519,4,4
42520,4,2
42521,4,4
42522,4,0
42523,4,4
42524,4,4
42525,4,0
42526,4,0
42527,4,1
42528,4,2
42529,4,2
42530,4,2
42531,4,2
42532,4,1
42533,4,4
42534,4,3
42535,4,0
42536,4,2
42537,4,4
42538,4,4
42539,4,3
42540,4,4
42541,4,2
42542,4,4
42543,4,4
42544,4,3
42545,4,4
42546,4,3
42547,4,2
42548,4,4
42549,4,0
42550,4,4
42551,4,4
42552,4,2
42553,4,4
42554,4,1
42555,4,4
42556,4,1
42557,4,2
42558,4,4
42559,4,3
42560,4,3
42561,4,2
42562,4,4
42563,4,4
42564,4,4
42565,4,3
42566,4,2
42567,4,2
42568,4,2
42569,4,0
42570,4,4
42571,4,2
42572,4,2
42573,4,2
42574,4,4
42575,4,1
42576,4,3
42577,4,0
42578,4,3
42579,4,3
42580,4,2
42581,4,1
42582,4,1
42583,4,2
42584,4,0
42585,4,4
42586,4,2
42587,4,2
42588,4,0
42589,4,0
42590,4,2
42591,4,2
42592,4,4
42593,4,4
42594,4,4
42595,4,0
42596,4,2
42597,4,1
42598,4,0
42599,4,2
42600,4,3
42601,4,2
42602,4,0
42603,4,0
42604,4,1
42605,4,4
42606,4,2
42607,4,1
42608,4,1
42609,4,0
42610,4,0
42611,4,2
42612,4,0
42613,4,2
42614,4,1
42615,4,4
42616,4,4
42617,4,4
42618,4,4
42619,4,1
42620,4,4
42621,4,1
42622,4,2
42623,4,4
42624,4,0
42625,4,4
42626,4,4
42627,4,1
42628,4,1
42629,4,3
42630,4,1
42631,4,4
42632,4,1
42633,4,4
42634,4,0
42635,4,4
42636,4,2
42637,4,0
42638,4,0
42639,4,1
42640,4,2
42641,4,2
42642,4,4
42643,4,0
42644,4,0
42645,4,4
42646,4,3
42647,4,0
42648,4,3
42649,4,4
42650,4,3
42651,4,1
42652,4,1
42653,4,4
42654,4,0
42655,4,2
42656,4,2
42657,4,4
42658,4,2
42659,4,4
42660,4,3
42661,4,0
42662,4,0
42663,4,2
42664,4,2
42665,4,2
42666,4,4
42667,4,0
42668,4,3
42669,4,3
42670,4,3
42671,4,1
42672,4,2
42673,4,4
42674,4,4
42675,4,4
42676,4,4
42677,4,3
42678,4,2
42679,4,4
42680,4,2
42681,4,2
42682,4,1
42683,4,3
42684,4,4
42685,4,3
42686,4,4
42687,4,3
42688,4,2
42689,4,2
42690,4,3
42691,4,3
42692,4,1
42693,4,4
42694,4,4
42695,4,3
42696,4,1
42697,4,2
42698,4,0
42699,4,2
42700,4,4
42701,4,2
42702,4,2
42703,4,3
42704,4,1
42705,4,4
42706,4,2
42707,4,4
42708,4,3
42709,4,3
42710,4,0
42711,4,4
42712,4,4
42713,4,2
42714,4,4
42715,4,0
42716,4,2
42717,4,2
42718,4,4
42719,4,2
42720,4,4
42721,4,1
42722,4,2
42723,4,4
42724,4,3
42725,4,1
42726,4,4
42727,4,0
42728,4,4
42729,4,4
42730,4,4
42731,4,0
42732,4,3
42733,4,0
42734,4,1
42735,4,2
42736,4,2
42737,4,1
42738,4,4
42739,4,4
42740,4,1
42741,4,2
42742,4,1
42743,4,3
42744,4,4
42745,4,0
42746,4,4
42747,4,1
42748,4,4
42749,4,2
42750,4,4
42751,4,3
42752,4,0
42753,4,1
42754,4,4
42755,4,0
42756,4,2
42757,4,3
42758,4,4
42759,4,0
42760,4,4
42761,4,3
42762,4,0
42763,4,3
42764,4,4
42765,4,3
42766,4,2
42767,4,0
42768,4,2
42769,4,4
42770,4,4
42771,4,2
42772,4,4
42773,4,1
42774,4,4
42775,4,2
42776,4,1
42777,4,2
42778,4,2
42779,4,4
42780,4,0
42781,4,2
42782,4,0
42783,4,1
42784,4,0
42785,4,0
42786,4,4
42787,4,2
42788,4,1
42789,4,4
42790,4,4
42791,4,2
42792,4,3
42793,4,4
42794,4,4
42795,4,3
42796,4,2
42797,4,4
42798,4,4
42799,4,4
42800,4,0
42801,4,4
42802,4,3
42803,4,1
42804,4,2
42805,4,4
42806,4,3
42807,4,3
42808,4,3
42809,4,1
42810,4,4
42811,4,2
42812,4,2
42813,4,0
42814,4,2
42815,4,1
42816,4,3
42817,4,0
42818,4,2
42819,4,4
42820,4,0
42821,4,4
42822,4,1
42823,4,1
42824,4,3
42825,4,1
42826,4,4
42827,4,4
42828,4,2
42829,4,4
42830,4,0
42831,4,1
42832,4,4
42833,4,2
42834,4,1
42835,4,1
42836,4,4
42837,4,2
42838,4,4
42839,4,3
42840,4,4
42841,4,1
42842,4,3
42843,4,2
42844,4,4
42845,4,1
42846,4,1
42847,4,4
42848,4,0
42849,4,2
42850,4,0
42851,4,2
42852,4,4
42853,4,2
42854,4,1
42855,4,2
42856,4,4
42857,4,4
42858,4,3
42859,4,3
42860,4,4
42861,4,1
42862,4,0
42863,4,0
42864,4,4
42865,4,3
42866,4,3
42867,4,2
42868,4,2
42869,4,2
42870,4,2
42871,4,1
42872,4,4
42873,4,1
42874,4,4
42875,4,0
42876,4,1
42877,4,1
42878,4,0
42879,4,2
42880,4,4
42881,4,3
42882,4,3
42883,4,2
42884,4,3
42885,4,2
42886,4,2
42887,4,1
42888,4,4
42889,4,1
42890,4,4
42891,4,0
42892,4,1
42893,4,4
42894,4,4
42895,4,3
42896,4,1
42897,4,1
42898,4,1
42899,4,2
42900,4,1
42901,4,2
42902,4,3
42903,4,4
42904,4,4
42905,4,1
42906,4,2
42907,4,4
42908,4,2
42909,4,2
42910,4,4
42911,4,4
42912,4,0
42913,4,2
42914,4,1
42915,4,0
42916,4,4
42917,4,2
42918,4,3
42919,4,0
42920,4,4
42921,4,1
42922,4,4
42923,4,2
42924,4,2
42925,4,4
42926,4,3
42927,4,1
42928,4,0
42929,4,2
42930,4,3
42931,4,2
42932,4,4
42933,4,2
42934,4,0
42935,4,3
42936,4,4
42937,4,4
42938,4,3
42939,4,2
42940,4,2
42941,4,0
42942,4,0
42943,4,1
42944,4,4
42945,4,3
42946,4,3
42947,4,2
42948,4,3
42949,4,0
42950,4,2
42951,4,2
42952,4,2
42953,4,2
42954,4,3
42955,4,1
42956,4,2
42957,4,2
42958,4,1
42959,4,2
42960,4,0
42961,4,2
42962,4,2
42963,4,0
42964,4,4
42965,4,2
42966,4,2
42967,4,2
42968,4,3
42969,4,2
42970,4,2
42971,4,1
42972,4,2
42973,4,4
42974,4,2
42975,4,1
42976,4,2
42977,4,0
42978,4,3
42979,4,4
42980,4,2
42981,4,4
42982,4,0
42983,4,4
42984,4,0
42985,4,3
42986,4,0
42987,4,3
42988,4,4
42989,4,3
42990,4,4
42991,4,0
42992,4,0
42993,4,0
42994,4,2
42995,4,4
42996,4,4
42997,4,3
42998,4,2
42999,4,2
43000,4,3
43001,4,2
43002,4,3
43003,4,4
43004,4,4
43005,4,4
43006,4,0
43007,4,2
43008,4,4
43009,4,2
43010,4,4
43011,4,1
43012,4,0
43013,4,4
43014,4,3
43015,4,1
43016,4,4
43017,4,3
43018,4,3
43019,4,0
43020,4,3
43021,4,0
43022,4,0
43023,4,4
43024,4,2
43025,4,2
43026,4,3
43027,4,1
43028,4,0
43029,4,4
43030,4,1
43031,4,3
43032,4,3
43033,4,3
43034,4,3
43035,4,4
43036,4,4
43037,4,2
43038,4,3
43039,4,0
43040,4,0
43041,4,2
43042,4,4
43043,4,1
43044,4,3
43045,4,1
43046,4,1
43047,4,4
43048,4,4
43049,4,0
43050,4,4
43051,4,2
43052,4,0
43053,4,4
43054,4,3
43055,4,4
43056,4,1
43057,4,4
43058,4,0
43059,4,4
43060,4,1
43061,4,2
43062,4,4
43063,4,1
43064,4,2
43065,4,2
43066,4,4
43067,4,4
43068,4,3
43069,4,0
43070,4,2
43071,4,2
43072,4,3
43073,4,4
43074,4,2
43075,4,2
43076,4,2
43077,4,0
43078,4,4
43079,4,4
43080,4,4
43081,4,2
43082,4,1
43083,4,0
43084,4,3
43085,4,2
43086,4,4
43087,4,4
43088,4,3
43089,4,4
43090,4,4
43091,4,4
43092,4,1
43093,4,4
43094,4,2
43095,4,4
43096,4,4
43097,4,0
43098,4,1
43099,4,0
43100,4,3
43101,4,3
43102,4,2
43103,4,3
43104,4,4
43105,4,2
43106,4,0
43107,4,4
43108,4,4
43109,4,0
43110,4,3
43111,4,1
43112,4,4
43113,4,3
43114,4,2
43115,4,4
43116,4,0
43117,4,4
43118,4,2
43119,4,2
43120,4,2
43121,4,4
43122,4,2
43123,4,3
43124,4,1
43125,4,4
43126,4,1
43127,4,1
43128,4,4
43129,4,4
43130,4,0
43131,4,2
43132,4,0
43133,4,4
43134,4,4
43135,4,2
43136,4,4
43137,4,2
43138,4,0
43139,4,4
43140,4,4
43141,4,3
43142,4,2
43143,4,3
43144,4,3
43145,4,1
43146,4,2
43147,4,2
43148,4,4
43149,4,2
43150,4,2
43151,4,0
43152,4,4
43153,4,2
43154,4,0
43155,4,4
43156,4,2
43157,4,0
43158,4,2
43159,4,0
43160,4,3
43161,4,0
43162,4,0
43163,4,3
43164,4,4
43165,4,4
43166,4,2
43167,4,3
43168,4,0
43169,4,4
43170,4,4
43171,4,0
43172,4,2
43173,4,0
43174,4,0
43175,4,2
43176,4,4
43177,4,3
43178,4,4
43179,4,4
43180,4,4
43181,4,4
43182,4,0
43183,4,2
43184,4,1
43185,4,4
43186,4,0
43187,4,4
43188,4,4
43189,4,1
43190,4,1
43191,4,2
43192,4,1
43193,4,2
43194,4,4
43195,4,2
43196,4,4
43197,4,2
43198,4,2
43199,4,3
43200,4,1
43201,4,1
43202,4,2
43203,4,4
43204,4,4
43205,4,2
43206,4,3
43207,4,4
43208,4,4
43209,4,0
43210,4,0
43211,4,0
43212,4,0
43213,4,2
43214,4,1
43215,4,4
43216,4,2
43217,4,4
43218,4,1
43219,4,2
43220,4,0
43221,4,3
43222,4,1
43223,4,4
43224,4,4
43225,4,0
43226,4,0
43227,4,1
43228,4,4
43229,4,1
43230,4,2
43231,4,4
43232,4,3
43233,4,2
43234,4,1
43235,4,2
43236,4,4
43237,4,1
43238,4,3
43239,4,2
43240,4,2
43241,4,4
43242,4,2
43243,4,2
43244,4,2
43245,4,3
43246,4,4
43247,4,4
43248,4,4
43249,4,2
43250,4,4
43251,4,4
43252,4,4
43253,4,0
43254,4,2
43255,4,1
43256,4,4
43257,4,2
43258,4,3
43259,4,0
43260,4,2
43261,4,4
43262,4,0
43263,4,2
43264,4,3
43265,4,3
43266,4,0
43267,4,0
43268,4,0
43269,4,2
43270,4,4
43271,4,2
43272,4,4
43273,4,4
43274,4,0
43275,4,2
43276,4,4
43277,4,0
43278,4,4
43279,4,4
43280,4,0
43281,4,1
43282,4,1
43283,4,2
43284,4,2
43285,4,2
43286,4,3
43287,4,2
43288,4,2
43289,4,4
43290,4,0
43291,4,4
43292,4,0
43293,4,2
43294,4,1
43295,4,1
43296,4,0
43297,4,4
43298,4,4
43299,4,3
43300,4,2
43301,4,0
43302,4,2
43303,4,3
43304,4,4
43305,4,4
43306,4,3
43307,4,0
43308,4,4
43309,4,0
43310,4,0
43311,4,0
43312,4,1
43313,4,3
43314,4,2
43315,4,2
43316,4,3
43317,4,3
43318,4,2
43319,4,4
43320,4,1
43321,4,4
43322,4,1
43323,4,1
43324,4,4
43325,4,2
43326,4,4
43327,4,3
43328,4,3
43329,4,0
43330,4,2
43331,4,0
43332,4,2
43333,4,1
43334,4,2
43335,4,2
43336,4,4
43337,4,0
43338,4,2
43339,4,1
43340,4,4
43341,4,2
43342,4,4
43343,4,1
43344,4,2
43345,4,4
43346,4,0
43347,4,0
43348,4,4
43349,4,2
43350,4,2
43351,4,2
43352,4,4
43353,4,3
43354,4,3
43355,4,4
43356,4,4
43357,4,4
43358,4,4
43359,4,0
43360,4,2
43361,4,0
43362,4,4
43363,4,2
43364,4,4
43365,4,4
43366,4,4
43367,4,1
43368,4,4
43369,4,0
43370,4,4
43371,4,1
43372,4,3
43373,4,4
43374,4,4
43375,4,2
43376,4,2
43377,4,3
43378,4,0
43379,4,4
43380,4,4
43381,4,2
43382,4,1
43383,4,4
43384,4,2
43385,4,3
43386,4,0
43387,4,4
43388,4,4
43389,4,2
43390,4,4
43391,4,2
43392,4,2
43393,4,0
43394,4,4
43395,4,0
43396,4,0
43397,4,3
43398,4,3
43399,4,3
43400,4,4
43401,4,4
43402,4,4
43403,4,0
43404,4,4
43405,4,2
43406,4,3
43407,4,2
43408,4,0
43409,4,3
43410,4,3
43411,4,1
43412,4,2
43413,4,4
43414,4,4
43415,4,3
43416,4,2
43417,4,4
43418,4,2
43419,4,2
43420,4,4
43421,4,4
43422,4,3
43423,4,0
43424,4,4
43425,4,0
43426,4,2
43427,4,3
43428,4,2
43429,4,2
43430,4,3
43431,4,2
43432,4,1
43433,4,0
43434,4,1
43435,4,3
43436,4,4
43437,4,4
43438,4,0
43439,4,4
43440,4,0
43441,4,3
43442,4,0
43443,4,3
43444,4,3
43445,4,3
43446,4,4
43447,4,2
43448,4,2
43449,4,2
43450,4,4
43451,4,0
43452,4,0
43453,4,2
43454,4,4
43455,4,4
43456,4,1
43457,4,2
43458,4,3
43459,4,2
43460,4,3
43461,4,4
43462,4,3
43463,4,1
43464,4,2
43465,4,3
43466,4,1
43467,4,2
43468,4,4
43469,4,2
43470,4,4
43471,4,3
43472,4,0
43473,4,2
43474,4,3
43475,4,4
43476,4,3
43477,4,1
43478,4,4
43479,4,3
43480,4,4
43481,4,4
43482,4,3
43483,4,2
43484,4,0
43485,4,0
43486,4,3
43487,4,4
43488,4,2
43489,4,3
43490,4,3
43491,4,0
43492,4,3
43493,4,4
43494,4,4
43495,4,3
43496,4,0
43497,4,1
43498,4,2
43499,4,3
43500,4,3
43501,4,1
43502,4,0
43503,4,1
43504,4,2
43505,4,4
43506,4,3
43507,4,0
43508,4,3
43509,4,3
43510,4,3
43511,4,3
43512,4,3
43513,4,3
43514,4,4
43515,4,0
43516,4,4
43517,4,2
43518,4,2
43519,4,2
43520,4,1
43521,4,3
43522,4,4
43523,4,0
43524,4,2
43525,4,3
43526,4,4
43527,4,4
43528,4,2
43529,4,2
43530,4,4
43531,4,0
43532,4,2
43533,4,1
43534,4,4
43535,4,4
43536,4,1
43537,4,4
43538,4,4
43539,4,3
43540,4,2
43541,4,0
43542,4,2
43543,4,2
43544,4,0
43545,4,3
43546,4,4
43547,4,1
43548,4,3
43549,4,3
43550,4,4
43551,4,2
43552,4,0
43553,4,0
43554,4,3
43555,4,4
43556,4,4
43557,4,3
43558,4,4
43559,4,2
43560,4,2
43561,4,3
43562,4,3
43563,4,4
43564,4,1
43565,4,0
43566,4,3
43567,4,4
43568,4,2
43569,4,4
43570,4,0
43571,4,4
43572,4,3
43573,4,3
43574,4,1
43575,4,0
43576,4,3
43577,4,2
43578,4,4
43579,4,4
43580,4,0
43581,4,2
43582,4,4
43583,4,2
43584,4,0
43585,4,4
43586,4,2
43587,4,0
43588,4,2
43589,4,1
43590,4,4
43591,4,2
43592,4,3
43593,4,2
43594,4,4
43595,4,3
43596,4,2
43597,4,0
43598,4,4
43599,4,1
43600,4,2
43601,4,1
43602,4,1
43603,4,3
43604,4,3
43605,4,2
43606,4,2
43607,4,2
43608,4,2
43609,4,1
43610,4,1
43611,4,0
43612,4,3
43613,4,0
43614,4,1
43615,4,2
43616,4,0
43617,4,1
43618,4,4
43619,4,4
43620,4,4
43621,4,0
43622,4,2
43623,4,4
43624,4,4
43625,4,2
43626,4,2
43627,4,0
43628,4,4
43629,4,0
43630,4,4
43631,4,0
43632,4,4
43633,4,4
43634,4,4
43635,4,0
43636,4,2
43637,4,1
43638,4,2
43639,4,4
43640,4,3
43641,4,4
43642,4,2
43643,4,1
43644,4,0
43645,4,4
43646,4,4
43647,4,0
43648,4,0
43649,4,2
43650,4,0
43651,4,0
43652,4,4
43653,4,0
43654,4,4
43655,4,4
43656,4,3
43657,4,1
43658,4,0
43659,4,0
43660,4,0
43661,4,4
43662,4,4
43663,4,3
43664,4,2
43665,4,4
43666,4,4
43667,4,4
43668,4,2
43669,4,0
43670,4,2
43671,4,4
43672,4,1
43673,4,2
43674,4,3
43675,4,1
43676,4,2
43677,4,4
43678,4,0
43679,4,3
43680,4,4
43681,4,1
43682,4,2
43683,4,2
43684,4,2
43685,4,4
43686,4,3
43687,4,0
43688,4,2
43689,4,3
43690,4,1
43691,4,4
43692,4,2
43693,4,1
43694,4,4
43695,4,1
43696,4,0
43697,4,4
43698,4,3
43699,4,4
43700,4,4
43701,4,3
43702,4,1
43703,4,3
43704,4,0
43705,4,0
43706,4,4
43707,4,4
43708,4,4
43709,4,2
43710,4,4
43711,4,1
43712,4,4
43713,4,4
43714,4,1
43715,4,3
43716,4,3
43717,4,4
43718,4,3
43719,4,2
43720,4,0
43721,4,2
43722,4,0
43723,4,0
43724,4,0
43725,4,3
43726,4,4
43727,4,3
43728,4,2
43729,4,2
43730,4,4
43731,4,4
43732,4,4
43733,4,3
43734,4,3
43735,4,3
43736,4,3
43737,4,3
43738,4,2
43739,4,3
43740,4,2
43741,4,2
43742,4,2
43743,4,0
43744,4,3
43745,4,2
43746,4,4
43747,4,1
43748,4,0
43749,4,2
43750,4,0
43751,4,0
43752,4,4
43753,4,4
43754,4,1
43755,4,4
43756,4,1
43757,4,4
43758,4,2
43759,4,0
43760,4,2
43761,4,3
43762,4,4
43763,4,4
43764,4,1
43765,4,2
43766,4,4
43767,4,2
43768,4,1
43769,4,4
43770,4,4
43771,4,4
43772,4,2
43773,4,0
43774,4,2
43775,4,0
43776,4,4
43777,4,4
43778,4,1
43779,4,4
43780,4,4
43781,4,0
43782,4,4
43783,4,1
43784,4,4
43785,4,1
43786,4,2
43787,4,3
43788,4,2
43789,4,1
43790,4,4
43791,4,0
43792,4,2
43793,4,0
43794,4,2
43795,4,0
43796,4,3
43797,4,4
43798,4,4
43799,4,2
43800,4,1
43801,4,4
43802,4,3
43803,4,0
43804,4,0
43805,4,4
43806,4,2
43807,4,3
43808,4,4
43809,4,4
43810,4,2
43811,4,2
43812,4,2
43813,4,2
43814,4,4
43815,4,1
43816,4,4
43817,4,2
43818,4,2
43819,4,3
43820,4,4
43821,4,3
43822,4,2
43823,4,0
43824,4,4
43825,4,4
43826,4,3
43827,4,2
43828,4,4
43829,4,1
43830,4,4
43831,4,4
43832,4,2
43833,4,0
43834,4,1
43835,4,3
43836,4,0
43837,4,3
43838,4,1
43839,4,4
43840,4,4
43841,4,3
43842,4,4
43843,4,0
43844,4,2
43845,4,2
43846,4,0
43847,4,2
43848,4,4
43849,4,3
43850,4,1
43851,4,0
43852,4,0
43853,4,0
43854,4,0
43855,4,0
43856,4,3
43857,4,0
43858,4,0
43859,4,2
43860,4,4
43861,4,2
43862,4,3
43863,4,2
43864,4,4
43865,4,3
43866,4,0
43867,4,1
43868,4,4
43869,4,2
43870,4,4
43871,4,4
43872,4,2
43873,4,3
43874,4,1
43875,4,2
43876,4,0
43877,4,0
43878,4,0
43879,4,1
43880,4,2
43881,4,0
43882,4,4
43883,4,4
43884,4,3
43885,4,4
43886,4,2
43887,4,0
43888,4,3
43889,4,2
43890,4,2
43891,4,3
43892,4,1
43893,4,4
43894,4,2
43895,4,2
43896,4,4
43897,4,4
43898,4,4
43899,4,4
43900,4,2
43901,4,4
43902,4,3
43903,4,4
43904,4,2
43905,4,4
43906,4,3
43907,4,2
43908,4,1
43909,4,2
43910,4,2
43911,4,3
43912,4,0
43913,4,4
43914,4,3
43915,4,2
43916,4,1
43917,4,2
43918,4,2
43919,4,3
43920,4,4
43921,4,3
43922,4,4
43923,4,1
43924,4,0
43925,4,4
43926,4,2
43927,4,2
43928,4,2
43929,4,3
43930,4,3
43931,4,4
43932,4,4
43933,4,3
43934,4,4
43935,4,0
43936,4,2
43937,4,1
43938,4,0
43939,4,4
43940,4,2
43941,4,0
43942,4,0
43943,4,4
43944,4,4
43945,4,3
43946,4,4
43947,4,2
43948,4,4
43949,4,4
43950,4,0
43951,4,1
43952,4,3
43953,4,2
43954,4,2
43955,4,4
43956,4,2
43957,4,4
43958,4,4
43959,4,3
43960,4,0
43961,4,3
43962,4,0
43963,4,3
43964,4,3
43965,4,0
43966,4,0
43967,4,4
43968,4,4
43969,4,2
43970,4,0
43971,4,1
43972,4,3
43973,4,0
43974,4,4
43975,4,3
43976,4,2
43977,4,2
43978,4,3
43979,4,4
43980,4,4
43981,4,4
43982,4,4
43983,4,4
43984,4,1
43985,4,2
43986,4,2
43987,4,0
43988,4,4
43989,4,4
43990,4,4
43991,4,2
43992,4,0
43993,4,0
43994,4,4
43995,4,4
43996,4,2
43997,4,3
43998,4,4
43999,4,3
44000,4,2
44001,4,1
44002,4,2
44003,4,1
44004,4,2
44005,4,2
44006,4,3
44007,4,4
44008,4,2
44009,4,0
44010,4,2
44011,4,4
44012,4,2
44013,4,4
44014,4,3
44015,4,4
44016,4,4
44017,4,3
44018,4,1
44019,4,4
44020,4,2
44021,4,4
44022,4,4
44023,4,4
44024,4,4
44025,4,4
44026,4,2
44027,4,0
44028,4,4
44029,4,1
44030,4,2
44031,4,4
44032,4,4
44033,4,1
44034,4,4
44035,4,3
44036,4,0
44037,4,2
44038,4,4
44039,4,0
44040,4,2
44041,4,1
44042,4,2
44043,4,1
44044,4,2
44045,4,1
44046,4,0
44047,4,3
44048,4,4
44049,4,0
44050,4,2
44051,4,3
44052,4,4
44053,4,4
44054,4,1
44055,4,2
44056,4,1
44057,4,3
44058,4,2
44059,4,4
44060,4,1
44061,4,0
44062,4,2
44063,4,4
44064,4,1
44065,4,2
44066,4,1
44067,4,3
44068,4,2
44069,4,0
44070,4,2
44071,4,4
44072,4,0
44073,4,2
44074,4,3
44075,4,3
44076,4,4
44077,4,2
44078,4,2
44079,4,1
44080,4,3
44081,4,2
44082,4,1
44083,4,4
44084,4,3
44085,4,0
44086,4,3
44087,4,4
44088,4,0
44089,4,2
44090,4,4
44091,4,1
44092,4,2
44093,4,0
44094,4,2
44095,4,0
44096,4,1
44097,4,1
44098,4,2
44099,4,0
44100,4,4
44101,4,3
44102,4,3
44103,4,2
44104,4,3
44105,4,1
44106,4,3
44107,4,3
44108,4,4
44109,4,1
44110,4,4
44111,4,3
44112,4,2
44113,4,0
44114,4,3
44115,4,0
44116,4,3
44117,4,2
44118,4,1
44119,4,4
44120,4,2
44121,4,3
44122,4,2
44123,4,3
44124,4,2
44125,4,3
44126,4,2
44127,4,2
44128,4,0
44129,4,0
44130,4,4
44131,4,4
44132,4,2
44133,4,4
44134,4,2
44135,4,4
44136,4,3
44137,4,1
44138,4,4
44139,4,4
44140,4,2
44141,4,1
44142,4,1
44143,4,4
44144,4,4
44145,4,3
44146,4,0
44147,4,4
44148,4,3
44149,4,4
44150,4,4
44151,4,1
44152,4,3
44153,4,2
44154,4,2
44155,4,3
44156,4,1
44157,4,3
44158,4,0
44159,4,2
44160,4,4
44161,4,1
44162,4,1
44163,4,4
44164,4,1
44165,4,1
44166,4,2
44167,4,2
44168,4,2
44169,4,4
44170,4,0
44171,4,2
44172,4,1
44173,4,2
44174,4,4
44175,4,1
44176,4,2
44177,4,4
44178,4,3
44179,4,0
44180,4,3
44181,4,0
44182,4,3
44183,4,4
44184,4,4
44185,4,2
44186,4,0
44187,4,0
44188,4,2
44189,4,0
44190,4,1
44191,4,2
44192,4,4
44193,4,3
44194,4,4
44195,4,0
44196,4,0
44197,4,3
44198,4,2
44199,4,2
44200,4,1
44201,4,3
44202,4,2
44203,4,0
44204,4,4
44205,4,0
44206,4,4
44207,4,0
44208,4,4
44209,4,4
44210,4,4
44211,4,1
44212,4,4
44213,4,4
44214,4,1
44215,4,2
44216,4,4
44217,4,2
44218,4,2
44219,4,4
44220,4,1
44221,4,4
44222,4,4
44223,4,4
44224,4,1
44225,4,2
44226,4,3
44227,4,4
44228,4,2
44229,4,0
44230,4,0
44231,4,2
44232,4,4
44233,4,3
44234,4,2
44235,4,3
44236,4,1
44237,4,0
44238,4,4
44239,4,4
44240,4,0
44241,4,3
44242,4,2
44243,4,0
44244,4,4
44245,4,4
44246,4,0
44247,4,2
44248,4,4
44249,4,4
44250,4,4
44251,4,4
44252,4,4
44253,4,2
44254,4,2
44255,4,3
44256,4,3
44257,4,2
44258,4,3
44259,4,2
44260,4,4
44261,4,1
44262,4,0
44263,4,4
44264,4,3
44265,4,0
44266,4,0
44267,4,2
44268,4,2
44269,4,0
44270,4,2
44271,4,3
44272,4,1
44273,4,2
44274,4,4
44275,4,1
44276,4,4
44277,4,2
44278,4,2
44279,4,3
44280,4,2
44281,4,4
44282,4,4
44283,4,1
44284,4,0
44285,4,4
44286,4,0
44287,4,1
44288,4,0
44289,4,2
44290,4,4
44291,4,0
44292,4,4
44293,4,2
44294,4,3
44295,4,3
44296,4,4
44297,4,4
44298,4,3
44299,4,4
44300,4,4
44301,4,0
44302,4,0
44303,4,0
44304,4,4
44305,4,4
44306,4,3
44307,4,2
44308,4,4
44309,4,1
44310,4,0
44311,4,4
44312,4,0
44313,4,0
44314,4,4
44315,4,4
44316,4,3
44317,4,3
44318,4,1
44319,4,3
44320,4,4
44321,4,0
44322,4,0
44323,4,3
44324,4,1
44325,4,4
44326,4,3
44327,4,0
44328,4,0
44329,4,4
44330,4,4
44331,4,0
44332,4,4
44333,4,3
44334,4,0
44335,4,0
44336,4,4
44337,4,3
44338,4,4
44339,4,2
44340,4,4
44341,4,4
44342,4,1
44343,4,4
44344,4,4
44345,4,2
44346,4,1
44347,4,3
44348,4,0
44349,4,4
44350,4,4
44351,4,4
44352,4,4
44353,4,2
44354,4,2
44355,4,2
44356,4,0
44357,4,4
44358,4,2
44359,4,4
44360,4,1
44361,4,2
44362,4,1
44363,4,4
44364,4,1
44365,4,4
44366,4,2
44367,4,1
44368,4,0
44369,4,0
44370,4,0
44371,4,2
44372,4,2
44373,4,2
44374,4,4
44375,4,0
44376,4,2
44377,4,4
44378,4,4
44379,4,0
44380,4,0
44381,4,2
44382,4,0
44383,4,4
44384,4,4
44385,4,1
44386,4,4
44387,4,2
44388,4,2
44389,4,0
44390,4,4
44391,4,3
44392,4,2
44393,4,4
44394,4,2
44395,4,4
44396,4,1
44397,4,0
44398,4,4
44399,4,4
44400,4,2
44401,4,1
44402,4,1
44403,4,2
44404,4,4
44405,4,0
44406,4,0
44407,4,1
44408,4,0
44409,4,0
44410,4,3
44411,4,4
44412,4,0
44413,4,1
44414,4,0
44415,4,4
44416,4,4
44417,4,3
44418,4,1
44419,4,0
44420,4,1
44421,4,2
44422,4,3
44423,4,2
44424,4,4
44425,4,0
44426,4,2
44427,4,0
44428,4,4
44429,4,4
44430,4,0
44431,4,3
44432,4,2
44433,4,4
44434,4,2
44435,4,4
44436,4,4
44437,4,0
44438,4,1
44439,4,4
44440,4,2
44441,4,1
44442,4,1
44443,4,2
44444,4,1
44445,4,1
44446,4,3
44447,4,0
44448,4,4
44449,4,3
44450,4,0
44451,4,0
44452,4,2
44453,4,4
44454,4,2
44455,4,0
44456,4,1
44457,4,4
44458,4,0
44459,4,0
44460,4,0
44461,4,1
44462,4,4
44463,4,2
44464,4,2
44465,4,2
44466,4,4
44467,4,2
44468,4,3
44469,4,0
44470,4,3
44471,4,0
44472,4,2
44473,4,1
44474,4,4
44475,4,0
44476,4,1
44477,4,0
44478,4,1
44479,4,4
44480,4,3
44481,4,4
44482,4,3
44483,4,0
44484,4,4
44485,4,0
44486,4,2
44487,4,2
44488,4,2
44489,4,2
44490,4,3
44491,4,4
44492,4,1
44493,4,4
44494,4,3
44495,4,2
44496,4,2
44497,4,4
44498,4,4
44499,4,2
44500,4,1
44501,4,1
44502,4,0
44503,4,0
44504,4,4
44505,4,4
44506,4,3
44507,4,2
44508,4,4
44509,4,3
44510,4,0
44511,4,3
44512,4,2
44513,4,0
44514,4,1
44515,4,4
44516,4,2
44517,4,4
44518,4,4
44519,4,4
44520,4,1
44521,4,3
44522,4,4
44523,4,0
44524,4,4
44525,4,4
44526,4,4
44527,4,3
44528,4,2
44529,4,0
44530,4,1
44531,4,2
44532,4,4
44533,4,4
44534,4,4
44535,4,2
44536,4,3
44537,4,3
44538,4,3
44539,4,2
44540,4,4
44541,4,2
44542,4,4
44543,4,1
44544,4,2
44545,4,1
44546,4,2
44547,4,2
44548,4,2
44549,4,4
44550,4,2
44551,4,2
44552,4,2
44553,4,2
44554,4,1
44555,4,2
44556,4,1
44557,4,0
44558,4,3
44559,4,3
44560,4,4
44561,4,4
44562,4,3
44563,4,1
44564,4,2
44565,4,3
44566,4,3
44567,4,4
44568,4,3
44569,4,0
44570,4,0
44571,4,0
44572,4,1
44573,4,3
44574,4,3
44575,4,3
44576,4,0
44577,4,0
44578,4,4
44579,4,3
44580,4,4
44581,4,3
44582,4,2
44583,4,4
44584,4,2
44585,4,2
44586,4,4
44587,4,0
44588,4,0
44589,4,0
44590,4,4
44591,4,4
44592,4,4
44593,4,2
44594,4,3
44595,4,3
44596,4,4
44597,4,0
44598,4,3
44599,4,2
44600,4,2
44601,4,2
44602,4,4
44603,4,3
44604,4,0
44605,4,4
44606,4,2
44607,4,4
44608,4,2
44609,4,3
44610,4,3
44611,4,3
44612,4,3
44613,4,4
44614,4,4
44615,4,4
44616,4,0
44617,4,2
44618,4,4
44619,4,2
44620,4,2
44621,4,0
44622,4,4
44623,4,1
44624,4,3
44625,4,2
44626,4,0
44627,4,1
44628,4,3
44629,4,3
44630,4,2
44631,4,4
44632,4,4
44633,4,2
44634,4,2
44635,4,0
44636,4,3
44637,4,3
44638,4,2
44639,4,3
44640,4,1
44641,4,3
44642,4,2
44643,4,4
44644,4,4
44645,4,3
44646,4,4
44647,4,2
44648,4,4
44649,4,4
44650,4,4
44651,4,0
44652,4,2
44653,4,3
44654,4,2
44655,4,3
44656,4,3
44657,4,0
44658,4,0
44659,4,2
44660,4,1
44661,4,3
44662,4,4
44663,4,1
44664,4,2
44665,4,1
44666,4,4
44667,4,2
44668,4,3
44669,4,0
44670,4,2
44671,4,2
44672,4,4
44673,4,3
44674,4,2
44675,4,3
44676,4,2
44677,4,2
44678,4,3
44679,4,3
44680,4,2
44681,4,4
44682,4,3
44683,4,2
44684,4,2
44685,4,0
44686,4,4
44687,4,2
44688,4,4
44689,4,3
44690,4,0
44691,4,3
44692,4,2
44693,4,1
44694,4,4
44695,4,0
44696,4,3
44697,4,2
44698,4,4
44699,4,4
44700,4,3
44701,4,2
44702,4,1
44703,4,2
44704,4,0
44705,4,4
44706,4,3
44707,4,1
44708,4,1
44709,4,4
44710,4,1
44711,4,4
44712,4,2
44713,4,1
44714,4,2
44715,4,1
44716,4,0
44717,4,4
44718,4,2
44719,4,3
44720,4,4
44721,4,4
44722,4,4
44723,4,4
44724,4,2
44725,4,2
44726,4,3
44727,4,2
44728,4,4
44729,4,4
44730,4,3
44731,4,2
44732,4,4
44733,4,1
44734,4,0
44735,4,4
44736,4,3
44737,4,3
44738,4,4
44739,4,2
44740,4,1
44741,4,4
44742,4,1
44743,4,2
44744,4,2
44745,4,3
44746,4,4
44747,4,2
44748,4,2
44749,4,3
44750,4,2
44751,4,4
44752,4,2
44753,4,4
44754,4,0
44755,4,4
44756,4,2
44757,4,4
44758,4,4
44759,4,2
44760,4,2
44761,4,0
44762,4,2
44763,4,4
44764,4,2
44765,4,2
44766,4,1
44767,4,2
44768,4,4
44769,4,2
44770,4,4
44771,4,4
44772,4,3
44773,4,2
44774,4,1
44775,4,0
44776,4,4
44777,4,4
44778,4,2
44779,4,4
44780,4,4
44781,4,2
44782,4,2
44783,4,4
44784,4,2
44785,4,3
44786,4,1
44787,4,2
44788,4,3
44789,4,1
44790,4,4
44791,4,1
44792,4,2
44793,4,2
44794,4,3
44795,4,1
44796,4,4
44797,4,4
44798,4,0
44799,4,3
44800,4,4
44801,4,2
44802,4,4
44803,4,1
44804,4,4
44805,4,3
44806,4,2
44807,4,2
44808,4,4
44809,4,4
44810,4,2
44811,4,3
44812,4,3
44813,4,4
44814,4,4
44815,4,4
44816,4,3
44817,4,0
44818,4,1
44819,4,2
44820,4,3
44821,4,2
44822,4,2
44823,4,2
44824,4,0
44825,4,2
44826,4,2
44827,4,0
44828,4,0
44829,4,0
44830,4,2
44831,4,2
44832,4,2
44833,4,4
44834,4,2
44835,4,3
44836,4,3
44837,4,4
44838,4,2
44839,4,3
44840,4,4
44841,4,3
44842,4,3
44843,4,4
44844,4,1
44845,4,2
44846,4,0
44847,4,2
44848,4,2
44849,4,4
44850,4,1
44851,4,4
44852,4,4
44853,4,4
44854,4,2
44855,4,0
44856,4,4
44857,4,4
44858,4,2
44859,4,3
44860,4,3
44861,4,2
44862,4,0
44863,4,2
44864,4,4
44865,4,3
44866,4,2
44867,4,3
44868,4,0
44869,4,3
44870,4,2
44871,4,1
44872,4,4
44873,4,3
44874,4,4
44875,4,4
44876,4,4
44877,4,2
44878,4,3
44879,4,2
44880,4,2
44881,4,0
44882,4,4
44883,4,2
44884,4,4
44885,4,3
44886,4,4
44887,4,1
44888,4,1
44889,4,0
44890,4,4
44891,4,4
44892,4,2
44893,4,2
44894,4,4
44895,4,1
44896,4,4
44897,4,2
44898,4,0
44899,4,4
44900,4,4
44901,4,4
44902,4,2
44903,4,0
44904,4,1
44905,4,0
44906,4,4
44907,4,2
44908,4,2
44909,4,2
44910,4,1
44911,4,3
44912,4,0
44913,4,2
44914,4,3
44915,4,4
44916,4,4
44917,4,2
44918,4,4
44919,4,2
44920,4,3
44921,4,2
44922,4,0
44923,4,4
44924,4,0
44925,4,0
44926,4,2
44927,4,4
44928,4,0
44929,4,4
44930,4,1
44931,4,2
44932,4,2
44933,4,3
44934,4,3
44935,4,0
44936,4,4
44937,4,2
44938,4,0
44939,4,4
44940,4,2
44941,4,0
44942,4,4
44943,4,3
44944,4,2
44945,4,4
44946,4,4
44947,4,2
44948,4,3
44949,4,3
44950,4,2
44951,4,0
44952,4,4
44953,4,4
44954,4,3
44955,4,3
44956,4,2
44957,4,0
44958,4,0
44959,4,4
44960,4,0
44961,4,0
44962,4,0
44963,4,2
44964,4,4
44965,4,2
44966,4,0
44967,4,1
44968,4,2
44969,4,3
44970,4,3
44971,4,4
44972,4,1
44973,4,0
44974,4,1
44975,4,4
44976,4,2
44977,4,2
44978,4,0
44979,4,4
44980,4,2
44981,4,1
44982,4,2
44983,4,4
44984,4,4
44985,4,4
44986,4,1
44987,4,0
44988,4,2
44989,4,1
44990,4,1
44991,4,3
44992,4,4
44993,4,4
44994,4,1
44995,4,1
44996,4,0
44997,4,3
44998,4,2
44999,4,4
45000,4,0
45001,4,3
45002,4,4
45003,4,0
45004,4,4
45005,4,4
45006,4,1
45007,4,2
45008,4,4
45009,4,1
45010,4,0
45011,4,2
45012,4,2
45013,4,0
45014,4,4
45015,4,4
45016,4,4
45017,4,3
45018,4,3
45019,4,0
45020,4,2
45021,4,0
45022,4,4
45023,4,2
45024,4,2
45025,4,2
45026,4,2
45027,4,2
45028,4,3
45029,4,1
45030,4,4
45031,4,0
45032,4,4
45033,4,1
45034,4,1
45035,4,2
45036,4,1
45037,4,0
45038,4,3
45039,4,4
45040,4,1
45041,4,4
45042,4,3
45043,4,1
45044,4,0
45045,4,0
45046,4,0
45047,4,3
45048,4,4
45049,4,2
45050,4,0
45051,4,3
45052,4,3
45053,4,2
45054,4,4
45055,4,1
45056,4,3
45057,4,4
45058,4,3
45059,4,2
45060,4,3
45061,4,4
45062,4,3
45063,4,1
45064,4,4
45065,4,2
45066,4,3
45067,4,1
45068,4,1
45069,4,4
45070,4,2
45071,4,0
45072,4,4
45073,4,2
45074,4,2
45075,4,0
45076,4,0
45077,4,1
45078,4,0
45079,4,3
45080,4,0
45081,4,4
45082,4,2
45083,4,4
45084,4,0
45085,4,4
45086,4,3
45087,4,2
45088,4,3
45089,4,4
45090,4,1
45091,4,4
45092,4,4
45093,4,3
45094,4,2
45095,4,0
45096,4,0
45097,4,2
45098,4,1
45099,4,3
45100,4,4
45101,4,3
45102,4,3
45103,4,2
45104,4,4
45105,4,3
45106,4,4
45107,4,3
45108,4,4
45109,4,3
45110,4,4
45111,4,3
45112,4,4
45113,4,0
45114,4,4
45115,4,2
45116,4,0
45117,4,2
45118,4,3
45119,4,1
45120,4,3
45121,4,1
45122,4,4
45123,4,2
45124,4,1
45125,4,4
45126,4,0
45127,4,1
45128,4,2
45129,4,2
45130,4,3
45131,4,3
45132,4,3
45133,4,0
45134,4,1
45135,4,2
45136,4,0
45137,4,2
45138,4,4
45139,4,2
45140,4,4
45141,4,3
45142,4,2
45143,4,3
45144,4,4
45145,4,2
45146,4,4
45147,4,2
45148,4,4
45149,4,2
45150,4,4
45151,4,1
45152,4,4
45153,4,0
45154,4,4
45155,4,4
45156,4,2
45157,4,4
45158,4,3
45159,4,3
45160,4,2
45161,4,2
45162,4,1
45163,4,3
45164,4,1
45165,4,4
45166,4,4
45167,4,1
45168,4,4
45169,4,3
45170,4,2
45171,4,4
45172,4,4
45173,4,4
45174,4,4
45175,4,3
45176,4,4
45177,4,0
45178,4,2
45179,4,4
45180,4,3
45181,4,3
45182,4,0
45183,4,0
45184,4,1
45185,4,1
45186,4,1
45187,4,4
45188,4,4
45189,4,0
45190,4,3
45191,4,4
45192,4,2
45193,4,2
45194,4,2
45195,4,3
45196,4,4
45197,4,3
45198,4,0
45199,4,4
45200,4,1
45201,4,4
45202,4,2
45203,4,0
45204,4,4
45205,4,4
45206,4,4
45207,4,4
45208,4,4
45209,4,2
45210,4,2
45211,4,2
45212,4,1
45213,4,2
45214,4,1
45215,4,4
45216,4,4
45217,4,1
45218,4,3
45219,4,1
45220,4,4
45221,4,3
45222,4,2
45223,4,2
45224,4,0
45225,4,2
45226,4,3
45227,4,2
45228,4,2
45229,4,4
45230,4,0
45231,4,2
45232,4,0
45233,4,4
45234,4,1
45235,4,0
45236,4,4
45237,4,2
45238,4,4
45239,4,0
45240,4,2
45241,4,3
45242,4,2
45243,4,1
45244,4,3
45245,4,2
45246,4,4
45247,4,4
45248,4,0
45249,4,3
45250,4,4
45251,4,2
45252,4,3
45253,4,4
45254,4,1
45255,4,4
45256,4,2
45257,4,4
45258,4,2
45259,4,2
45260,4,3
45261,4,2
45262,4,4
45263,4,4
45264,4,4
45265,4,0
45266,4,1
45267,4,2
45268,4,4
45269,4,4
45270,4,4
45271,4,3
45272,4,4
45273,4,4
45274,4,3
45275,4,4
45276,4,0
45277,4,4
45278,4,3
45279,4,1
45280,4,1
45281,4,2
45282,4,2
45283,4,3
45284,4,0
45285,4,4
45286,4,2
45287,4,4
45288,4,2
45289,4,3
45290,4,3
45291,4,2
45292,4,4
45293,4,3
45294,4,2
45295,4,1
45296,4,3
45297,4,0
45298,4,0
45299,4,1
45300,4,4
45301,4,2
45302,4,4
45303,4,4
45304,4,2
45305,4,3
45306,4,1
45307,4,4
45308,4,0
45309,4,2
45310,4,1
45311,4,3
45312,4,4
45313,4,3
45314,4,0
45315,4,3
45316,4,3
45317,4,3
45318,4,3
45319,4,4
45320,4,2
45321,4,0
45322,4,2
45323,4,0
45324,4,4
45325,4,0
45326,4,1
45327,4,4
45328,4,4
45329,4,1
45330,4,2
45331,4,4
45332,4,0
45333,4,3
45334,4,3
45335,4,4
45336,4,4
45337,4,2
45338,4,3
45339,4,3
45340,4,2
45341,4,4
45342,4,1
45343,4,2
45344,4,0
45345,4,2
45346,4,0
45347,4,2
45348,4,4
45349,4,2
45350,4,0
45351,4,1
45352,4,3
45353,4,2
45354,4,2
45355,4,0
45356,4,4
45357,4,1
45358,4,2
45359,4,3
45360,4,4
45361,4,4
45362,4,4
45363,4,4
45364,4,4
45365,4,3
45366,4,3
45367,4,0
45368,4,4
45369,4,1
45370,4,4
45371,4,4
45372,4,4
45373,4,3
45374,4,4
45375,4,3
45376,4,2
45377,4,4
45378,4,3
45379,4,1
45380,4,4
45381,4,1
45382,4,0
45383,4,4
45384,4,4
45385,4,3
45386,4,4
45387,4,1
45388,4,1
45389,4,1
45390,4,0
45391,4,0
45392,4,2
45393,4,2
45394,4,4
45395,4,4
45396,4,2
45397,4,3
45398,4,2
45399,4,3
45400,4,1
45401,4,0
45402,4,1
45403,4,4
45404,4,3
45405,4,0
45406,4,2
45407,4,2
45408,4,1
45409,4,2
45410,4,1
45411,4,3
45412,4,4
45413,4,1
45414,4,2
45415,4,1
45416,4,4
45417,4,4
45418,4,3
45419,4,4
45420,4,3
45421,4,0
45422,4,0
45423,4,2
45424,4,3
45425,4,1
45426,4,2
45427,4,3
45428,4,1
45429,4,0
45430,4,0
45431,4,2
45432,4,4
45433,4,4
45434,4,4
45435,4,2
45436,4,2
45437,4,1
45438,4,1
45439,4,1
45440,4,4
45441,4,1
45442,4,4
45443,4,2
45444,4,2
45445,4,3
45446,4,2
45447,4,3
45448,4,1
45449,4,1
45450,4,1
45451,4,2
45452,4,1
45453,4,4
45454,4,4
45455,4,3
45456,4,0
45457,4,4
45458,4,4
45459,4,2
45460,4,0
45461,4,3
45462,4,0
45463,4,1
45464,4,3
45465,4,2
45466,4,1
45467,4,4
45468,4,2
45469,4,3
45470,4,4
45471,4,4
45472,4,3
45473,4,2
45474,4,2
45475,4,2
45476,4,0
45477,4,3
45478,4,0
45479,4,4
45480,4,4
45481,4,1
45482,4,4
45483,4,2
45484,4,3
45485,4,3
45486,4,1
45487,4,1
45488,4,4
45489,4,2
45490,4,1
45491,4,2
45492,4,2
45493,4,2
45494,4,2
45495,4,0
45496,4,2
45497,4,4
45498,4,4
45499,4,4
45500,4,2
45501,4,1
45502,4,2
45503,4,1
45504,4,3
45505,4,4
45506,4,2
45507,4,1
45508,4,4
45509,4,2
45510,4,4
45511,4,4
45512,4,0
45513,4,2
45514,4,4
45515,4,4
45516,4,3
45517,4,2
45518,4,1
45519,4,2
45520,4,4
45521,4,3
45522,4,4
45523,4,4
45524,4,2
45525,4,1
45526,4,0
45527,4,3
45528,4,4
45529,4,4
45530,4,2
45531,4,2
45532,4,4
45533,4,1
45534,4,4
45535,4,2
45536,4,0
45537,4,3
45538,4,2
45539,4,4
45540,4,3
45541,4,2
45542,4,3
45543,4,4
45544,4,4
45545,4,3
45546,4,4
45547,4,2
45548,4,3
45549,4,0
45550,4,1
45551,4,4
45552,4,3
45553,4,2
45554,4,1
45555,4,2
45556,4,2
45557,4,4
45558,4,4
45559,4,0
45560,4,4
45561,4,0
45562,4,4
45563,4,4
45564,4,0
45565,4,0
45566,4,2
45567,4,2
45568,4,2
45569,4,3
45570,4,2
45571,4,3
45572,4,4
45573,4,2
45574,4,2
45575,4,2
45576,4,3
45577,4,2
45578,4,4
45579,4,1
45580,4,2
45581,4,2
45582,4,2
45583,4,3
45584,4,2
45585,4,0
45586,4,4
45587,4,4
45588,4,0
45589,4,0
45590,4,3
45591,4,2
45592,4,2
45593,4,3
45594,4,4
45595,4,0
45596,4,2
45597,4,3
45598,4,4
45599,4,2
45600,4,3
45601,4,2
45602,4,0
45603,4,4
45604,4,4
45605,4,0
45606,4,2
45607,4,3
45608,4,1
45609,4,4
45610,4,3
45611,4,1
45612,4,2
45613,4,3
45614,4,2
45615,4,0
45616,4,0
45617,4,4
45618,4,2
45619,4,3
45620,4,1
45621,4,3
45622,4,4
45623,4,3
45624,4,4
45625,4,3
45626,4,0
45627,4,4
45628,4,1
45629,4,2
45630,4,4
45631,4,0
45632,4,4
45633,4,0
45634,4,3
45635,4,0
45636,4,2
45637,4,4
45638,4,0
45639,4,4
45640,4,3
45641,4,3
45642,4,4
45643,4,2
45644,4,0
45645,4,3
45646,4,0
45647,4,0
45648,4,4
45649,4,0
45650,4,3
45651,4,0
45652,4,0
45653,4,4
45654,4,2
45655,4,4
45656,4,4
45657,4,2
45658,4,4
45659,4,0
45660,4,4
45661,4,4
45662,4,4
45663,4,4
45664,4,4
45665,4,2
45666,4,4
45667,4,4
45668,4,4
45669,4,1
45670,4,3
45671,4,4
45672,4,4
45673,4,2
45674,4,0
45675,4,1
45676,4,4
45677,4,0
45678,4,4
45679,4,2
45680,4,0
45681,4,4
45682,4,4
45683,4,3
45684,4,3
45685,4,3
45686,4,4
45687,4,0
45688,4,1
45689,4,1
45690,4,4
45691,4,2
45692,4,4
45693,4,2
45694,4,2
45695,4,4
45696,4,2
45697,4,4
45698,4,0
45699,4,1
45700,4,2
45701,4,4
45702,4,4
45703,4,4
45704,4,4
45705,4,0
45706,4,4
45707,4,3
45708,4,1
45709,4,3
45710,4,4
45711,4,4
45712,4,2
45713,4,4
45714,4,0
45715,4,2
45716,4,0
45717,4,2
45718,4,3
45719,4,3
45720,4,0
45721,4,3
45722,4,0
45723,4,3
45724,4,1
45725,4,4
45726,4,4
45727,4,2
45728,4,3
45729,4,1
45730,4,1
45731,4,1
45732,4,0
45733,4,3
45734,4,2
45735,4,3
45736,4,4
45737,4,4
45738,4,3
45739,4,1
45740,4,2
45741,4,1
45742,4,4
45743,4,4
45744,4,1
45745,4,4
45746,4,0
45747,4,3
45748,4,4
45749,4,2
45750,4,3
45751,4,4
45752,4,3
45753,4,2
45754,4,4
45755,4,0
45756,4,1
45757,4,3
45758,4,1
45759,4,2
45760,4,4
45761,4,3
45762,4,2
45763,4,4
45764,4,0
45765,4,2
45766,4,4
45767,4,2
45768,4,2
45769,4,3
45770,4,4
45771,4,4
45772,4,2
45773,4,4
45774,4,1
45775,4,2
45776,4,3
45777,4,4
45778,4,0
45779,4,1
45780,4,0
45781,4,4
45782,4,0
45783,4,3
45784,4,4
45785,4,1
45786,4,3
45787,4,0
45788,4,0
45789,4,4
45790,4,2
45791,4,2
45792,4,0
45793,4,0
45794,4,3
45795,4,3
45796,4,2
45797,4,3
45798,4,4
45799,4,3
45800,4,4
45801,4,0
45802,4,0
45803,4,1
45804,4,1
45805,4,4
45806,4,4
45807,4,4
45808,4,4
45809,4,2
45810,4,4
45811,4,1
45812,4,0
45813,4,1
45814,4,1
45815,4,2
45816,4,4
45817,4,4
45818,4,2
45819,4,3
45820,4,1
45821,4,4
45822,4,2
45823,4,4
45824,4,0
45825,4,2
45826,4,1
45827,4,4
45828,4,1
45829,4,3
45830,4,0
45831,4,4
45832,4,0
45833,4,4
45834,4,0
45835,4,3
45836,4,2
45837,4,4
45838,4,1
45839,4,4
45840,4,2
45841,4,2
45842,4,4
45843,4,3
45844,4,0
45845,4,0
45846,4,0
45847,4,2
45848,4,4
45849,4,0
45850,4,0
45851,4,0
45852,4,0
45853,4,3
45854,4,3
45855,4,2
45856,4,4
45857,4,4
45858,4,0
45859,4,0
45860,4,3
45861,4,3
45862,4,4
45863,4,1
45864,4,2
45865,4,1
45866,4,2
45867,4,4
45868,4,0
45869,4,2
45870,4,2
45871,4,4
45872,4,3
45873,4,0
45874,4,2
45875,4,3
45876,4,1
45877,4,0
45878,4,1
45879,4,4
45880,4,4
45881,4,3
45882,4,3
45883,4,4
45884,4,3
45885,4,4
45886,4,3
45887,4,1
45888,4,0
45889,4,3
45890,4,2
45891,4,4
45892,4,1
45893,4,2
45894,4,1
45895,4,1
45896,4,4
45897,4,4
45898,4,4
45899,4,0
45900,4,1
45901,4,3
45902,4,1
45903,4,2
45904,4,3
45905,4,1
45906,4,2
45907,4,3
45908,4,4
45909,4,4
45910,4,2
45911,4,2
45912,4,1
45913,4,2
45914,4,0
45915,4,2
45916,4,2
45917,4,3
45918,4,2
45919,4,2
45920,4,4
45921,4,2
45922,4,1
45923,4,0
45924,4,2
45925,4,2
45926,4,4
45927,4,1
45928,4,3
45929,4,2
45930,4,2
45931,4,4
45932,4,4
45933,4,0
45934,4,4
45935,4,3
45936,4,1
45937,4,0
45938,4,2
45939,4,4
45940,4,3
45941,4,2
45942,4,4
45943,4,4
45944,4,1
45945,4,3
45946,4,4
45947,4,1
45948,4,0
45949,4,3
45950,4,2
45951,4,2
45952,4,2
45953,4,4
45954,4,2
45955,4,2
45956,4,2
45957,4,4
45958,4,2
45959,4,3
45960,4,4
45961,4,3
45962,4,0
45963,4,4
45964,4,1
45965,4,1
45966,4,2
45967,4,2
45968,4,2
45969,4,3
45970,4,2
45971,4,0
45972,4,2
45973,4,4
45974,4,1
45975,4,3
45976,4,1
45977,4,2
45978,4,0
45979,4,3
45980,4,0
45981,4,4
45982,4,3
45983,4,0
45984,4,4
45985,4,2
45986,4,1
45987,4,0
45988,4,0
45989,4,0
45990,4,3
45991,4,0
45992,4,4
45993,4,2
45994,4,1
45995,4,0
45996,4,4
45997,4,3
45998,4,3
45999,4,1
46000,4,0
46001,4,0
46002,4,1
46003,4,2
46004,4,4
46005,4,0
46006,4,4
46007,4,1
46008,4,2
46009,4,4
46010,4,4
46011,4,4
46012,4,0
46013,4,4
46014,4,2
46015,4,0
46016,4,3
46017,4,2
46018,4,4
46019,4,3
46020,4,0
46021,4,4
46022,4,4
46023,4,2
46024,4,0
46025,4,0
46026,4,2
46027,4,1
46028,4,2
46029,4,2
46030,4,2
46031,4,4
46032,4,0
46033,4,3
46034,4,2
46035,4,4
46036,4,4
46037,4,0
46038,4,4
46039,4,2
46040,4,3
46041,4,2
46042,4,0
46043,4,0
46044,4,1
46045,4,1
46046,4,2
46047,4,3
46048,4,4
46049,4,3
46050,4,4
46051,4,2
46052,4,1
46053,4,3
46054,4,3
46055,4,4
46056,4,1
46057,4,1
46058,4,2
46059,4,4
46060,4,4
46061,4,2
46062,4,2
46063,4,2
46064,4,3
46065,4,4
46066,4,3
46067,4,3
46068,4,0
46069,4,2
46070,4,2
46071,4,1
46072,4,0
46073,4,3
46074,4,4
46075,4,0
46076,4,1
46077,4,1
46078,4,2
46079,4,4
46080,4,1
46081,4,1
46082,4,3
46083,4,1
46084,4,2
46085,4,4
46086,4,3
46087,4,2
46088,4,1
46089,4,4
46090,4,2
46091,4,3
46092,4,4
46093,4,3
46094,4,2
46095,4,0
46096,4,2
46097,4,1
46098,4,4
46099,4,4
46100,4,3
46101,4,0
46102,4,1
46103,4,4
46104,4,3
46105,4,3
46106,4,3
46107,4,3
46108,4,4
46109,4,1
46110,4,1
46111,4,3
46112,4,3
46113,4,2
46114,4,2
46115,4,4
46116,4,2
46117,4,1
46118,4,0
46119,4,2
46120,4,1
46121,4,2
46122,4,0
46123,4,4
46124,4,4
46125,4,1
46126,4,1
46127,4,4
46128,4,2
46129,4,2
46130,4,2
46131,4,4
46132,4,1
46133,4,4
46134,4,0
46135,4,2
46136,4,4
46137,4,4
46138,4,3
46139,4,3
46140,4,2
46141,4,2
46142,4,2
46143,4,0
46144,4,0
46145,4,2
46146,4,0
46147,4,3
46148,4,4
46149,4,4
46150,4,3
46151,4,0
46152,4,4
46153,4,1
46154,4,0
46155,4,4
46156,4,4
46157,4,1
46158,4,4
46159,4,0
46160,4,3
46161,4,1
46162,4,2
46163,4,2
46164,4,4
46165,4,4
46166,4,2
46167,4,1
46168,4,0
46169,4,0
46170,4,3
46171,4,3
46172,4,1
46173,4,2
46174,4,0
46175,4,3
46176,4,0
46177,4,4
46178,4,4
46179,4,1
46180,4,4
46181,4,1
46182,4,0
46183,4,4
46184,4,4
46185,4,4
46186,4,0
46187,4,1
46188,4,0
46189,4,0
46190,4,2
46191,4,1
46192,4,0
46193,4,2
46194,4,1
46195,4,2
46196,4,2
46197,4,1
46198,4,4
46199,4,0
46200,4,2
46201,4,3
46202,4,4
46203,4,4
46204,4,2
46205,4,0
46206,4,3
46207,4,4
46208,4,4
46209,4,2
46210,4,2
46211,4,0
46212,4,0
46213,4,2
46214,4,4
46215,4,4
46216,4,4
46217,4,2
46218,4,1
46219,4,3
46220,4,2
46221,4,4
46222,4,2
46223,4,4
46224,4,3
46225,4,0
46226,4,2
46227,4,2
46228,4,4
46229,4,4
46230,4,2
46231,4,0
46232,4,4
46233,4,4
46234,4,4
46235,4,0
46236,4,4
46237,4,4
46238,4,3
46239,4,1
46240,4,2
46241,4,2
46242,4,0
46243,4,4
46244,4,0
46245,4,2
46246,4,3
46247,4,4
46248,4,4
46249,4,2
46250,4,2
46251,4,4
46252,4,2
46253,4,1
46254,4,3
46255,4,3
46256,4,2
46257,4,4
46258,4,1
46259,4,4
46260,4,1
46261,4,2
46262,4,4
46263,4,3
46264,4,4
46265,4,0
46266,4,3
46267,4,4
46268,4,2
46269,4,4
46270,4,4
46271,4,1
46272,4,2
46273,4,4
46274,4,2
46275,4,3
46276,4,2
46277,4,3
46278,4,2
46279,4,1
46280,4,3
46281,4,3
46282,4,4
46283,4,4
46284,4,0
46285,4,1
46286,4,4
46287,4,3
46288,4,1
46289,4,3
46290,4,2
46291,4,3
46292,4,1
46293,4,0
46294,4,0
46295,4,3
46296,4,2
46297,4,4
46298,4,4
46299,4,3
46300,4,1
46301,4,3
46302,4,2
46303,4,2
46304,4,4
46305,4,4
46306,4,4
46307,4,2
46308,4,0
46309,4,1
46310,4,3
46311,4,4
46312,4,1
46313,4,2
46314,4,0
46315,4,4
46316,4,3
46317,4,4
46318,4,2
46319,4,2
46320,4,3
46321,4,3
46322,4,1
46323,4,4
46324,4,2
46325,4,4
46326,4,1
46327,4,0
46328,4,4
46329,4,4
46330,4,4
46331,4,2
46332,4,4
46333,4,4
46334,4,2
46335,4,0
46336,4,1
46337,4,4
46338,4,0
46339,4,1
46340,4,4
46341,4,4
46342,4,3
46343,4,2
46344,4,2
46345,4,4
46346,4,2
46347,4,0
46348,4,0
46349,4,1
46350,4,4
46351,4,4
46352,4,4
46353,4,0
46354,4,4
46355,4,4
46356,4,1
46357,4,4
46358,4,1
46359,4,2
46360,4,3
46361,4,4
46362,4,3
46363,4,4
46364,4,4
46365,4,3
46366,4,1
46367,4,3
46368,4,0
46369,4,2
46370,4,4
46371,4,4
46372,4,4
46373,4,4
46374,4,0
46375,4,0
46376,4,1
46377,4,3
46378,4,4
46379,4,0
46380,4,4
46381,4,4
46382,4,3
46383,4,2
46384,4,4
46385,4,0
46386,4,4
46387,4,4
46388,4,1
46389,4,3
46390,4,1
46391,4,2
46392,4,2
46393,4,0
46394,4,4
46395,4,0
46396,4,1
46397,4,4
46398,4,1
46399,4,0
46400,4,2
46401,4,4
46402,4,3
46403,4,3
46404,4,4
46405,4,1
46406,4,3
46407,4,0
46408,4,4
46409,4,4
46410,4,1
46411,4,3
46412,4,4
46413,4,0
46414,4,4
46415,4,1
46416,4,4
46417,4,1
46418,4,4
46419,4,3
46420,4,4
46421,4,1
46422,4,1
46423,4,0
46424,4,4
46425,4,4
46426,4,4
46427,4,4
46428,4,4
46429,4,2
46430,4,4
46431,4,4
46432,4,4
46433,4,0
46434,4,2
46435,4,4
46436,4,0
46437,4,0
46438,4,2
46439,4,4
46440,4,2
46441,4,1
46442,4,0
46443,4,0
46444,4,4
46445,4,4
46446,4,4
46447,4,1
46448,4,0
46449,4,0
46450,4,3
46451,4,0
46452,4,3
46453,4,4
46454,4,3
46455,4,4
46456,4,0
46457,4,2
46458,4,3
46459,4,1
46460,4,3
46461,4,3
46462,4,2
46463,4,2
46464,4,3
46465,4,4
46466,4,2
46467,4,4
46468,4,2
46469,4,1
46470,4,4
46471,4,2
46472,4,0
46473,4,0
46474,4,0
46475,4,1
46476,4,0
46477,4,4
46478,4,4
46479,4,1
46480,4,0
46481,4,2
46482,4,0
46483,4,4
46484,4,2
46485,4,4
46486,4,2
46487,4,0
46488,4,0
46489,4,3
46490,4,3
46491,4,4
46492,4,1
46493,4,3
46494,4,1
46495,4,2
46496,4,3
46497,4,4
46498,4,4
46499,4,0
46500,4,0
46501,4,4
46502,4,0
46503,4,0
46504,4,4
46505,4,4
46506,4,0
46507,4,3
46508,4,0
46509,4,1
46510,4,0
46511,4,4
46512,4,0
46513,4,4
46514,4,0
46515,4,4
46516,4,0
46517,4,2
46518,4,0
46519,4,1
46520,4,4
46521,4,3
46522,4,0
46523,4,1
46524,4,3
46525,4,4
46526,4,4
46527,4,1
46528,4,0
46529,4,4
46530,4,4
46531,4,2
46532,4,4
46533,4,0
46534,4,4
46535,4,1
46536,4,4
46537,4,4
46538,4,2
46539,4,4
46540,4,4
46541,4,3
46542,4,4
46543,4,2
46544,4,0
46545,4,0
46546,4,1
46547,4,0
46548,4,2
46549,4,2
46550,4,1
46551,4,2
46552,4,3
46553,4,4
46554,4,2
46555,4,4
46556,4,1
46557,4,4
46558,4,4
46559,4,0
46560,4,2
46561,4,1
46562,4,4
46563,4,2
46564,4,1
46565,4,4
46566,4,2
46567,4,2
46568,4,1
46569,4,2
46570,4,4
46571,4,4
46572,4,1
46573,4,2
46574,4,1
46575,4,1
46576,4,4
46577,4,4
46578,4,4
46579,4,4
46580,4,1
46581,4,4
46582,4,4
46583,4,4
46584,4,4
46585,4,2
46586,4,2
46587,4,1
46588,4,2
46589,4,0
46590,4,4
46591,4,4
46592,4,2
46593,4,0
46594,4,3
46595,4,1
46596,4,2
46597,4,4
46598,4,1
46599,4,1
46600,4,0
46601,4,0
46602,4,4
46603,4,1
46604,4,4
46605,4,2
46606,4,4
46607,4,3
46608,4,4
46609,4,2
46610,4,4
46611,4,4
46612,4,1
46613,4,4
46614,4,2
46615,4,4
46616,4,4
46617,4,3
46618,4,4
46619,4,3
46620,4,0
46621,4,2
46622,4,1
46623,4,1
46624,4,4
46625,4,0
46626,4,4
46627,4,3
46628,4,2
46629,4,4
46630,4,0
46631,4,2
46632,4,1
46633,4,4
46634,4,4
46635,4,4
46636,4,4
46637,4,2
46638,4,0
46639,4,4
46640,4,1
46641,4,4
46642,4,4
46643,4,0
46644,4,1
46645,4,2
46646,4,3
46647,4,4
46648,4,3
46649,4,0
46650,4,1
46651,4,0
46652,4,2
46653,4,2
46654,4,2
46655,4,0
46656,4,4
46657,4,2
46658,4,4
46659,4,2
46660,4,0
46661,4,1
46662,4,0
46663,4,4
46664,4,2
46665,4,0
46666,4,2
46667,4,2
46668,4,2
46669,4,4
46670,4,4
46671,4,0
46672,4,2
46673,4,4
46674,4,4
46675,4,1
46676,4,2
46677,4,3
46678,4,2
46679,4,4
46680,4,4
46681,4,2
46682,4,2
46683,4,2
46684,4,4
46685,4,4
46686,4,3
46687,4,4
46688,4,4
46689,4,4
46690,4,1
46691,4,2
46692,4,1
46693,4,2
46694,4,4
46695,4,1
46696,4,2
46697,4,0
46698,4,4
46699,4,2
46700,4,2
46701,4,1
46702,4,3
46703,4,4
46704,4,1
46705,4,4
46706,4,1
46707,4,4
46708,4,2
46709,4,3
46710,4,0
46711,4,2
46712,4,2
46713,4,2
46714,4,3
46715,4,1
46716,4,4
46717,4,3
46718,4,4
46719,4,4
46720,4,4
46721,4,0
46722,4,2
46723,4,4
46724,4,4
46725,4,2
46726,4,4
46727,4,2
46728,4,2
46729,4,3
46730,4,2
46731,4,4
46732,4,1
46733,4,4
46734,4,3
46735,4,3
46736,4,3
46737,4,1
46738,4,0
46739,4,3
46740,4,3
46741,4,2
46742,4,2
46743,4,3
46744,4,4
46745,4,2
46746,4,4
46747,4,0
46748,4,3
46749,4,1
46750,4,3
46751,4,2
46752,4,2
46753,4,4
46754,4,1
46755,4,4
46756,4,4
46757,4,3
46758,4,1
46759,4,3
46760,4,0
46761,4,1
46762,4,2
46763,4,2
46764,4,1
46765,4,0
46766,4,1
46767,4,4
46768,4,4
46769,4,4
46770,4,1
46771,4,2
46772,4,1
46773,4,2
46774,4,3
46775,4,3
46776,4,1
46777,4,3
46778,4,0
46779,4,4
46780,4,4
46781,4,1
46782,4,4
46783,4,1
46784,4,1
46785,4,1
46786,4,0
46787,4,3
46788,4,4
46789,4,4
46790,4,0
46791,4,4
46792,4,2
46793,4,2
46794,4,3
46795,4,3
46796,4,2
46797,4,4
46798,4,3
46799,4,2
46800,4,4
46801,4,4
46802,4,3
46803,4,0
46804,4,1
46805,4,4
46806,4,1
46807,4,4
46808,4,3
46809,4,0
46810,4,1
46811,4,4
46812,4,4
46813,4,4
46814,4,0
46815,4,0
46816,4,4
46817,4,0
46818,4,0
46819,4,2
46820,4,3
46821,4,4
46822,4,4
46823,4,4
46824,4,2
46825,4,4
46826,4,0
46827,4,3
46828,4,0
46829,4,1
46830,4,2
46831,4,2
46832,4,4
46833,4,0
46834,4,1
46835,4,1
46836,4,2
46837,4,1
46838,4,0
46839,4,0
46840,4,0
46841,4,2
46842,4,4
46843,4,4
46844,4,0
46845,4,1
46846,4,4
46847,4,2
46848,4,4
46849,4,0
46850,4,0
46851,4,3
46852,4,3
46853,4,2
46854,4,4
46855,4,4
46856,4,0
46857,4,4
46858,4,1
46859,4,2
46860,4,4
46861,4,4
46862,4,4
46863,4,2
46864,4,3
46865,4,0
46866,4,1
46867,4,2
46868,4,3
46869,4,4
46870,4,3
46871,4,3
46872,4,2
46873,4,4
46874,4,4
46875,4,0
46876,4,0
46877,4,4
46878,4,0
46879,4,3
46880,4,4
46881,4,4
46882,4,4
46883,4,1
46884,4,2
46885,4,4
46886,4,4
46887,4,2
46888,4,2
46889,4,1
46890,4,4
46891,4,4
46892,4,4
46893,4,2
46894,4,4
46895,4,2
46896,4,4
46897,4,3
46898,4,1
46899,4,4
46900,4,4
46901,4,2
46902,4,4
46903,4,2
46904,4,4
46905,4,4
46906,4,2
46907,4,3
46908,4,2
46909,4,2
46910,4,2
46911,4,4
46912,4,1
46913,4,3
46914,4,4
46915,4,1
46916,4,2
46917,4,2
46918,4,2
46919,4,0
46920,4,1
46921,4,4
46922,4,1
46923,4,1
46924,4,4
46925,4,0
46926,4,2
46927,4,3
46928,4,3
46929,4,1
46930,4,3
46931,4,4
46932,4,4
46933,4,0
46934,4,0
46935,4,1
46936,4,2
46937,4,0
46938,4,0
46939,4,2
46940,4,0
46941,4,2
46942,4,2
46943,4,4
46944,4,3
46945,4,2
46946,4,4
46947,4,4
46948,4,1
46949,4,2
46950,4,3
46951,4,1
46952,4,0
46953,4,3
46954,4,4
46955,4,4
46956,4,2
46957,4,3
46958,4,3
46959,4,4
46960,4,2
46961,4,0
46962,4,2
46963,4,4
46964,4,3
46965,4,1
46966,4,4
46967,4,2
46968,4,2
46969,4,2
46970,4,3
46971,4,4
46972,4,1
46973,4,0
46974,4,2
46975,4,2
46976,4,4
46977,4,2
46978,4,3
46979,4,0
46980,4,4
46981,4,0
46982,4,2
46983,4,4
46984,4,3
46985,4,2
46986,4,0
46987,4,3
46988,4,1
46989,4,2
46990,4,3
46991,4,1
46992,4,1
46993,4,3
46994,4,4
46995,4,3
46996,4,1
46997,4,4
46998,4,3
46999,4,4
47000,4,0
47001,4,2
47002,4,4
47003,4,4
47004,4,2
47005,4,3
47006,4,2
47007,4,3
47008,4,0
47009,4,2
47010,4,3
47011,4,3
47012,4,4
47013,4,2
47014,4,1
47015,4,0
47016,4,2
47017,4,3
47018,4,4
47019,4,4
47020,4,2
47021,4,0
47022,4,3
47023,4,0
47024,4,0
47025,4,2
47026,4,3
47027,4,3
47028,4,4
47029,4,4
47030,4,4
47031,4,0
47032,4,2
47033,4,4
47034,4,3
47035,4,3
47036,4,2
47037,4,3
47038,4,2
47039,4,2
47040,4,3
47041,4,0
47042,4,4
47043,4,4
47044,4,1
47045,4,3
47046,4,3
47047,4,2
47048,4,4
47049,4,4
47050,4,2
47051,4,2
47052,4,3
47053,4,1
47054,4,2
47055,4,4
47056,4,0
47057,4,4
47058,4,2
47059,4,2
47060,4,4
47061,4,0
47062,4,4
47063,4,3
47064,4,0
47065,4,1
47066,4,2
47067,4,4
47068,4,4
47069,4,0
47070,4,4
47071,4,0
47072,4,3
47073,4,4
47074,4,4
47075,4,4
47076,4,2
47077,4,3
47078,4,1
47079,4,1
47080,4,1
47081,4,0
47082,4,2
47083,4,2
47084,4,0
47085,4,1
47086,4,2
47087,4,0
47088,4,2
47089,4,1
47090,4,0
47091,4,1
47092,4,0
47093,4,4
47094,4,4
47095,4,4
47096,4,1
47097,4,2
47098,4,2
47099,4,0
47100,4,4
47101,4,4
47102,4,2
47103,4,0
47104,4,2
47105,4,2
47106,4,3
47107,4,4
47108,4,2
47109,4,2
47110,4,0
47111,4,4
47112,4,0
47113,4,0
47114,4,4
47115,4,0
47116,4,4
47117,4,4
47118,4,1
47119,4,4
47120,4,2
47121,4,1
47122,4,2
47123,4,2
47124,4,3
47125,4,2
47126,4,0
47127,4,4
47128,4,2
47129,4,2
47130,4,0
47131,4,0
47132,4,4
47133,4,0
47134,4,4
47135,4,0
47136,4,4
47137,4,4
47138,4,1
47139,4,4
47140,4,1
47141,4,4
47142,4,3
47143,4,4
47144,4,4
47145,4,1
47146,4,2
47147,4,3
47148,4,4
47149,4,1
47150,4,0
47151,4,4
47152,4,4
47153,4,1
47154,4,2
47155,4,3
47156,4,4
47157,4,2
47158,4,0
47159,4,4
47160,4,4
47161,4,2
47162,4,2
47163,4,1
47164,4,2
47165,4,2
47166,4,0
47167,4,2
47168,4,4
47169,4,0
47170,4,3
47171,4,4
47172,4,2
47173,4,0
47174,4,1
47175,4,2
47176,4,2
47177,4,4
47178,4,4
47179,4,4
47180,4,2
47181,4,0
47182,4,1
47183,4,1
47184,4,4
47185,4,4
47186,4,2
47187,4,2
47188,4,4
47189,4,2
47190,4,0
47191,4,1
47192,4,3
47193,4,1
47194,4,1
47195,4,1
47196,4,2
47197,4,2
47198,4,1
47199,4,2
47200,4,4
47201,4,1
47202,4,0
47203,4,2
47204,4,1
47205,4,0
47206,4,4
47207,4,4
47208,4,2
47209,4,3
47210,4,1
47211,4,1
47212,4,0
47213,4,3
47214,4,2
47215,4,2
47216,4,3
47217,4,4
47218,4,4
47219,4,3
47220,4,3
47221,4,1
47222,4,2
47223,4,3
47224,4,4
47225,4,2
47226,4,4
47227,4,2
47228,4,2
47229,4,4
47230,4,1
47231,4,4
47232,4,2
47233,4,4
47234,4,2
47235,4,2
47236,4,0
47237,4,1
47238,4,4
47239,4,2
47240,4,4
47241,4,4
47242,4,1
47243,4,2
47244,4,3
47245,4,2
47246,4,4
47247,4,2
47248,4,3
47249,4,2
47250,4,2
47251,4,3
47252,4,4
47253,4,0
47254,4,0
47255,4,0
47256,4,2
47257,4,3
47258,4,4
47259,4,2
47260,4,1
47261,4,3
47262,4,0
47263,4,2
47264,4,0
47265,4,2
47266,4,4
47267,4,1
47268,4,0
47269,4,0
47270,4,2
47271,4,4
47272,4,0
47273,4,2
47274,4,4
47275,4,1
47276,4,0
47277,4,0
47278,4,3
47279,4,0
47280,4,0
47281,4,2
47282,4,0
47283,4,3
47284,4,0
47285,4,0
47286,4,0
47287,4,3
47288,4,4
47289,4,4
47290,4,4
47291,4,4
47292,4,4
47293,4,2
47294,4,2
47295,4,3
47296,4,1
47297,4,2
47298,4,1
47299,4,2
47300,4,0
47301,4,1
47302,4,4
47303,4,2
47304,4,4
47305,4,3
47306,4,3
47307,4,0
47308,4,4
47309,4,0
47310,4,1
47311,4,3
47312,4,1
47313,4,1
47314,4,2
47315,4,3
47316,4,2
47317,4,1
47318,4,0
47319,4,2
47320,4,4
47321,4,4
47322,4,2
47323,4,2
47324,4,2
47325,4,4
47326,4,4
47327,4,4
47328,4,4
47329,4,4
47330,4,3
47331,4,4
47332,4,1
47333,4,0
47334,4,2
47335,4,4
47336,4,2
47337,4,2
47338,4,0
47339,4,2
47340,4,0
47341,4,0
47342,4,0
47343,4,3
47344,4,0
47345,4,2
47346,4,3
47347,4,4
47348,4,4
47349,4,2
47350,4,2
47351,4,3
47352,4,1
47353,4,2
47354,4,2
47355,4,1
47356,4,4
47357,4,0
47358,4,4
47359,4,2
47360,4,4
47361,4,3
47362,4,2
47363,4,4
47364,4,3
47365,4,4
47366,4,0
47367,4,3
47368,4,3
47369,4,4
47370,4,3
47371,4,3
47372,4,3
47373,4,2
47374,4,2
47375,4,4
47376,4,2
47377,4,2
47378,4,0
47379,4,2
47380,4,2
47381,4,3
47382,4,2
47383,4,0
47384,4,1
47385,4,3
47386,4,2
47387,4,2
47388,4,4
47389,4,0
47390,4,1
47391,4,2
47392,4,3
47393,4,3
47394,4,4
47395,4,0
47396,4,4
47397,4,1
47398,4,3
47399,4,4
47400,4,1
47401,4,4
47402,4,4
47403,4,0
47404,4,4
47405,4,2
47406,4,1
47407,4,2
47408,4,3
47409,4,4
47410,4,4
47411,4,2
47412,4,0
47413,4,4
47414,4,0
47415,4,4
47416,4,2
47417,4,4
47418,4,0
47419,4,4
47420,4,4
47421,4,2
47422,4,3
47423,4,2
47424,4,3
47425,4,4
47426,4,4
47427,4,4
47428,4,1
47429,4,4
47430,4,1
47431,4,4
47432,4,2
47433,4,0
47434,4,2
47435,4,2
47436,4,4
47437,4,3
47438,4,0
47439,4,4
47440,4,4
47441,4,0
47442,4,4
47443,4,3
47444,4,4
47445,4,3
47446,4,4
47447,4,2
47448,4,4
47449,4,0
47450,4,1
47451,4,4
47452,4,0
47453,4,4
47454,4,2
47455,4,4
47456,4,2
47457,4,4
47458,4,4
47459,4,3
47460,4,0
47461,4,4
47462,4,4
47463,4,3
47464,4,4
47465,4,3
47466,4,4
47467,4,4
47468,4,2
47469,4,2
47470,4,1
47471,4,0
47472,4,2
47473,4,2
47474,4,2
47475,4,4
47476,4,2
47477,4,3
47478,4,1
47479,4,3
47480,4,2
47481,4,0
47482,4,2
47483,4,2
47484,4,4
47485,4,3
47486,4,4
47487,4,1
47488,4,1
47489,4,2
47490,4,3
47491,4,3
47492,4,1
47493,4,4
47494,4,3
47495,4,4
47496,4,0
47497,4,3
47498,4,3
47499,4,0
47500,4,4
47501,4,4
47502,4,4
47503,4,4
47504,4,3
47505,4,2
47506,4,2
47507,4,4
47508,4,3
47509,4,1
47510,4,2
47511,4,0
47512,4,0
47513,4,4
47514,4,3
47515,4,4
47516,4,0
47517,4,4
47518,4,1
47519,4,2
47520,4,4
47521,4,3
47522,4,0
47523,4,1
47524,4,4
47525,4,3
47526,4,2
47527,4,4
47528,4,1
47529,4,1
47530,4,3
47531,4,3
47532,4,2
47533,4,4
47534,4,1
47535,4,0
47536,4,4
47537,4,4
47538,4,4
47539,4,0
47540,4,0
47541,4,4
47542,4,2
47543,4,1
47544,4,2
47545,4,3
47546,4,2
47547,4,3
47548,4,4
47549,4,1
47550,4,2
47551,4,0
47552,4,4
47553,4,3
47554,4,0
47555,4,3
47556,4,1
47557,4,4
47558,4,2
47559,4,4
47560,4,4
47561,4,1
47562,4,4
47563,4,3
47564,4,4
47565,4,4
47566,4,0
47567,4,4
47568,4,3
47569,4,0
47570,4,2
47571,4,4
47572,4,0
47573,4,0
47574,4,4
47575,4,4
47576,4,3
47577,4,3
47578,4,1
47579,4,2
47580,4,4
47581,4,2
47582,4,4
47583,4,4
47584,4,4
47585,4,3
47586,4,0
47587,4,1
47588,4,4
47589,4,4
47590,4,2
47591,4,3
47592,4,4
47593,4,2
47594,4,0
47595,4,2
47596,4,0
47597,4,2
47598,4,1
47599,4,2
47600,4,1
47601,4,0
47602,4,2
47603,4,0
47604,4,4
47605,4,1
47606,4,0
47607,4,2
47608,4,2
47609,4,1
47610,4,2
47611,4,4
47612,4,2
47613,4,3
47614,4,2
47615,4,4
47616,4,0
47617,4,3
47618,4,2
47619,4,2
47620,4,2
47621,4,3
47622,4,3
47623,4,3
47624,4,3
47625,4,2
47626,4,1
47627,4,2
47628,4,4
47629,4,2
47630,4,2
47631,4,4
47632,4,4
47633,4,4
47634,4,1
47635,4,3
47636,4,0
47637,4,1
47638,4,4
47639,4,4
47640,4,2
47641,4,0
47642,4,0
47643,4,2
47644,4,2
47645,4,3
47646,4,3
47647,4,0
47648,4,4
47649,4,4
47650,4,0
47651,4,1
47652,4,4
47653,4,4
47654,4,3
47655,4,4
47656,4,0
47657,4,4
47658,4,2
47659,4,2
47660,4,1
47661,4,4
47662,4,0
47663,4,3
47664,4,2
47665,4,2
47666,4,4
47667,4,4
47668,4,3
47669,4,4
47670,4,2
47671,4,1
47672,4,3
47673,4,4
47674,4,4
47675,4,0
47676,4,3
47677,4,4
47678,4,4
47679,4,0
47680,4,3
47681,4,0
47682,4,0
47683,4,2
47684,4,1
47685,4,0
47686,4,3
47687,4,0
47688,4,4
47689,4,2
47690,4,2
47691,4,3
47692,4,3
47693,4,1
47694,4,1
47695,4,4
47696,4,0
47697,4,3
47698,4,2
47699,4,1
47700,4,2
47701,4,3
47702,4,3
47703,4,2
47704,4,1
47705,4,3
47706,4,3
47707,4,2
47708,4,0
47709,4,2
47710,4,2
47711,4,2
47712,4,2
47713,4,1
47714,4,1
47715,4,4
47716,4,4
47717,4,2
47718,4,4
47719,4,4
47720,4,1
47721,4,2
47722,4,0
47723,4,4
47724,4,3
47725,4,2
47726,4,3
47727,4,0
47728,4,2
47729,4,1
47730,4,4
47731,4,4
47732,4,4
47733,4,0
47734,4,3
47735,4,2
47736,4,0
47737,4,4
47738,4,0
47739,4,3
47740,4,3
47741,4,0
47742,4,3
47743,4,3
47744,4,1
47745,4,4
47746,4,4
47747,4,2
47748,4,4
47749,4,3
47750,4,3
47751,4,4
47752,4,1
47753,4,4
47754,4,4
47755,4,2
47756,4,3
47757,4,0
47758,4,0
47759,4,4
47760,4,3
47761,4,4
47762,4,3
47763,4,2
47764,4,2
47765,4,1
47766,4,4
47767,4,3
47768,4,2
47769,4,2
47770,4,4
47771,4,3
47772,4,4
47773,4,1
47774,4,3
47775,4,4
47776,4,3
47777,4,4
47778,4,4
47779,4,4
47780,4,4
47781,4,2
47782,4,0
47783,4,1
47784,4,1
47785,4,4
47786,4,3
47787,4,4
47788,4,4
47789,4,1
47790,4,3
47791,4,4
47792,4,4
47793,4,3
47794,4,0
47795,4,3
47796,4,2
47797,4,0
47798,4,3
47799,4,0
47800,4,3
47801,4,3
47802,4,2
47803,4,3
47804,4,2
47805,4,4
47806,4,4
47807,4,4
47808,4,3
47809,4,4
47810,4,4
47811,4,4
47812,4,1
47813,4,2
47814,4,2
47815,4,2
47816,4,4
47817,4,3
47818,4,4
47819,4,4
47820,4,4
47821,4,2
47822,4,3
47823,4,3
47824,4,4
47825,4,4
47826,4,0
47827,4,4
47828,4,4
47829,4,4
47830,4,2
47831,4,3
47832,4,3
47833,4,4
47834,4,3
47835,4,0
47836,4,2
47837,4,4
47838,4,2
47839,4,3
47840,4,3
47841,4,0
47842,4,2
47843,4,0
47844,4,3
47845,4,1
47846,4,3
47847,4,0
47848,4,0
47849,4,4
47850,4,4
47851,4,2
47852,4,0
47853,4,1
47854,4,2
47855,4,3
47856,4,1
47857,4,1
47858,4,0
47859,4,4
47860,4,1
47861,4,3
47862,4,2
47863,4,2
47864,4,4
47865,4,4
47866,4,4
47867,4,2
47868,4,2
47869,4,2
47870,4,0
47871,4,2
47872,4,4
47873,4,3
47874,4,2
47875,4,1
47876,4,4
47877,4,4
47878,4,0
47879,4,2
47880,4,0
47881,4,3
47882,4,2
47883,4,3
47884,4,3
47885,4,2
47886,4,2
47887,4,2
47888,4,3
47889,4,2
47890,4,4
47891,4,2
47892,4,4
47893,4,2
47894,4,3
47895,4,4
47896,4,3
47897,4,1
47898,4,0
47899,4,4
47900,4,2
47901,4,4
47902,4,1
47903,4,4
47904,4,4
47905,4,1
47906,4,1
47907,4,4
47908,4,4
47909,4,1
47910,4,4
47911,4,3
47912,4,4
47913,4,2
47914,4,2
47915,4,2
47916,4,2
47917,4,4
47918,4,3
47919,4,0
47920,4,2
47921,4,3
47922,4,2
47923,4,0
47924,4,4
47925,4,1
47926,4,3
47927,4,3
47928,4,4
47929,4,1
47930,4,2
47931,4,1
47932,4,3
47933,4,2
47934,4,4
47935,4,2
47936,4,2
47937,4,4
47938,4,4
47939,4,2
47940,4,2
47941,4,3
47942,4,3
47943,4,4
47944,4,0
47945,4,4
47946,4,3
47947,4,2
47948,4,4
47949,4,2
47950,4,1
47951,4,2
47952,4,2
47953,4,2
47954,4,3
47955,4,1
47956,4,3
47957,4,2
47958,4,3
47959,4,2
47960,4,3
47961,4,1
47962,4,2
47963,4,0
47964,4,4
47965,4,4
47966,4,3
47967,4,3
47968,4,0
47969,4,4
47970,4,4
47971,4,2
47972,4,3
47973,4,4
47974,4,0
47975,4,4
47976,4,2
47977,4,3
47978,4,2
47979,4,4
47980,4,2
47981,4,1
47982,4,4
47983,4,4
47984,4,0
47985,4,4
47986,4,2
47987,4,0
47988,4,3
47989,4,0
47990,4,4
47991,4,0
47992,4,0
47993,4,2
47994,4,2
47995,4,3
47996,4,0
47997,4,3
47998,4,3
47999,4,2
48000,4,3
48001,4,1
48002,4,4
48003,4,1
48004,4,3
48005,4,2
48006,4,4
48007,4,2
48008,4,2
48009,4,0
48010,4,3
48011,4,4
48012,4,1
48013,4,4
48014,4,1
48015,4,4
48016,4,0
48017,4,0
48018,4,2
48019,4,0
48020,4,2
48021,4,1
48022,4,3
48023,4,2
48024,4,4
48025,4,4
48026,4,4
48027,4,4
48028,4,4
48029,4,2
48030,4,1
48031,4,4
48032,4,3
48033,4,1
48034,4,4
48035,4,1
48036,4,2
48037,4,4
48038,4,4
48039,4,4
48040,4,3
48041,4,2
48042,4,2
48043,4,4
48044,4,3
48045,4,0
48046,4,1
48047,4,2
48048,4,1
48049,4,3
48050,4,4
48051,4,3
48052,4,2
48053,4,2
48054,4,4
48055,4,2
48056,4,4
48057,4,2
48058,4,4
48059,4,1
48060,4,4
48061,4,1
48062,4,4
48063,4,3
48064,4,4
48065,4,4
48066,4,2
48067,4,2
48068,4,1
48069,4,1
48070,4,2
48071,4,2
48072,4,0
48073,4,4
48074,4,2
48075,4,2
48076,4,2
48077,4,2
48078,4,0
48079,4,1
48080,4,4
48081,4,0
48082,4,0
48083,4,2
48084,4,4
48085,4,3
48086,4,2
48087,4,2
48088,4,4
48089,4,0
48090,4,2
48091,4,2
48092,4,0
48093,4,4
48094,4,0
48095,4,2
48096,4,4
48097,4,2
48098,4,0
48099,4,2
48100,4,3
48101,4,4
48102,4,2
48103,4,0
48104,4,0
48105,4,2
48106,4,4
48107,4,1
48108,4,4
48109,4,0
48110,4,2
48111,4,4
48112,4,4
48113,4,4
48114,4,0
48115,4,2
48116,4,2
48117,4,1
48118,4,2
48119,4,4
48120,4,2
48121,4,4
48122,4,2
48123,4,4
48124,4,4
48125,4,1
48126,4,3
48127,4,2
48128,4,0
48129,4,4
48130,4,4
48131,4,2
48132,4,1
48133,4,2
48134,4,2
48135,4,0
48136,4,0
48137,4,2
48138,4,1
48139,4,4
48140,4,1
48141,4,4
48142,4,3
48143,4,1
48144,4,4
48145,4,0
48146,4,1
48147,4,3
48148,4,4
48149,4,4
48150,4,3
48151,4,4
48152,4,4
48153,4,4
48154,4,0
48155,4,1
48156,4,4
48157,4,0
48158,4,2
48159,4,2
48160,4,1
48161,4,3
48162,4,2
48163,4,0
48164,4,4
48165,4,2
48166,4,2
48167,4,2
48168,4,1
48169,4,3
48170,4,2
48171,4,2
48172,4,0
48173,4,2
48174,4,2
48175,4,3
48176,4,2
48177,4,0
48178,4,2
48179,4,1
48180,4,4
48181,4,2
48182,4,4
48183,4,0
48184,4,2
48185,4,4
48186,4,4
48187,4,2
48188,4,2
48189,4,3
48190,4,3
48191,4,4
48192,4,2
48193,4,1
48194,4,4
48195,4,4
48196,4,0
48197,4,4
48198,4,2
48199,4,4
48200,4,4
48201,4,1
48202,4,2
48203,4,4
48204,4,4
48205,4,4
48206,4,1
48207,4,0
48208,4,2
48209,4,4
48210,4,0
48211,4,2
48212,4,0
48213,4,2
48214,4,1
48215,4,2
48216,4,4
48217,4,4
48218,4,2
48219,4,4
48220,4,4
48221,4,4
48222,4,0
48223,4,2
48224,4,4
48225,4,2
48226,4,0
48227,4,4
48228,4,2
48229,4,4
48230,4,3
48231,4,3
48232,4,0
48233,4,2
48234,4,3
48235,4,0
48236,4,2
48237,4,1
48238,4,4
48239,4,4
48240,4,4
48241,4,2
48242,4,0
48243,4,2
48244,4,4
48245,4,4
48246,4,3
48247,4,1
48248,4,0
48249,4,2
48250,4,0
48251,4,4
48252,4,4
48253,4,2
48254,4,4
48255,4,4
48256,4,0
48257,4,2
48258,4,4
48259,4,3
48260,4,0
48261,4,1
48262,4,3
48263,4,4
48264,4,3
48265,4,3
48266,4,4
48267,4,4
48268,4,4
48269,4,3
48270,4,1
48271,4,3
48272,4,0
48273,4,2
48274,4,0
48275,4,2
48276,4,2
48277,4,1
48278,4,3
48279,4,3
48280,4,0
48281,4,3
48282,4,0
48283,4,0
48284,4,1
48285,4,4
48286,4,2
48287,4,4
48288,4,0
48289,4,1
48290,4,4
48291,4,2
48292,4,2
48293,4,3
48294,4,2
48295,4,4
48296,4,1
48297,4,4
48298,4,3
48299,4,4
48300,4,4
48301,4,3
48302,4,1
48303,4,3
48304,4,3
48305,4,3
48306,4,2
48307,4,0
48308,4,0
48309,4,2
48310,4,4
48311,4,4
48312,4,1
48313,4,4
48314,4,2
48315,4,3
48316,4,3
48317,4,2
48318,4,3
48319,4,2
48320,4,0
48321,4,0
48322,4,4
48323,4,1
48324,4,1
48325,4,4
48326,4,4
48327,4,2
48328,4,2
48329,4,4
48330,4,2
48331,4,4
48332,4,2
48333,4,2
48334,4,2
48335,4,3
48336,4,1
48337,4,4
48338,4,4
48339,4,2
48340,4,4
48341,4,0
48342,4,2
48343,4,0
48344,4,0
48345,4,3
48346,4,0
48347,4,4
48348,4,4
48349,4,3
48350,4,0
48351,4,2
48352,4,3
48353,4,2
48354,4,4
48355,4,4
48356,4,4
48357,4,1
48358,4,4
48359,4,3
48360,4,0
48361,4,2
48362,4,1
48363,4,3
48364,4,2
48365,4,4
48366,4,4
48367,4,0
48368,4,4
48369,4,1
48370,4,4
48371,4,4
48372,4,4
48373,4,2
48374,4,3
48375,4,4
48376,4,4
48377,4,4
48378,4,2
48379,4,0
48380,4,4
48381,4,4
48382,4,4
48383,4,4
48384,4,2
48385,4,0
48386,4,1
48387,4,0
48388,4,4
48389,4,0
48390,4,4
48391,4,1
48392,4,2
48393,4,1
48394,4,2
48395,4,4
48396,4,2
48397,4,1
48398,4,4
48399,4,2
48400,4,1
48401,4,2
48402,4,0
48403,4,3
48404,4,4
48405,4,3
48406,4,4
48407,4,1
48408,4,1
48409,4,4
48410,4,4
48411,4,0
48412,4,3
48413,4,2
48414,4,0
48415,4,1
48416,4,2
48417,4,1
48418,4,4
48419,4,4
48420,4,4
48421,4,0
48422,4,2
48423,4,4
48424,4,0
48425,4,2
48426,4,2
48427,4,1
48428,4,2
48429,4,4
48430,4,4
48431,4,2
48432,4,4
48433,4,1
48434,4,0
48435,4,0
48436,4,0
48437,4,2
48438,4,2
48439,4,1
48440,4,3
48441,4,4
48442,4,2
48443,4,1
48444,4,3
48445,4,3
48446,4,4
48447,4,4
48448,4,3
48449,4,1
48450,4,4
48451,4,1
48452,4,2
48453,4,4
48454,4,4
48455,4,2
48456,4,2
48457,4,3
48458,4,4
48459,4,0
48460,4,4
48461,4,4
48462,4,2
48463,4,4
48464,4,2
48465,4,4
48466,4,0
48467,4,2
48468,4,2
48469,4,1
48470,4,0
48471,4,4
48472,4,4
48473,4,1
48474,4,2
48475,4,2
48476,4,3
48477,4,3
48478,4,4
48479,4,2
48480,4,1
48481,4,4
48482,4,2
48483,4,2
48484,4,2
48485,4,4
48486,4,4
48487,4,4
48488,4,4
48489,4,4
48490,4,0
48491,4,4
48492,4,4
48493,4,1
48494,4,2
48495,4,0
48496,4,3
48497,4,2
48498,4,4
48499,4,3
48500,4,4
48501,4,4
48502,4,3
48503,4,4
48504,4,3
48505,4,3
48506,4,4
48507,4,4
48508,4,4
48509,4,4
48510,4,2
48511,4,3
48512,4,2
48513,4,4
48514,4,1
48515,4,0
48516,4,2
48517,4,3
48518,4,4
48519,4,4
48520,4,3
48521,4,2
48522,4,0
48523,4,1
48524,4,3
48525,4,0
48526,4,4
48527,4,2
48528,4,0
48529,4,1
48530,4,0
48531,4,0
48532,4,2
48533,4,2
48534,4,0
48535,4,3
48536,4,2
48537,4,0
48538,4,0
48539,4,4
48540,4,2
48541,4,2
48542,4,1
48543,4,4
48544,4,2
48545,4,2
48546,4,4
48547,4,4
48548,4,3
48549,4,1
48550,4,3
48551,4,2
48552,4,0
48553,4,4
48554,4,0
48555,4,1
48556,4,3
48557,4,1
48558,4,1
48559,4,4
48560,4,3
48561,4,1
48562,4,1
48563,4,2
48564,4,1
48565,4,4
48566,4,4
48567,4,3
48568,4,2
48569,4,1
48570,4,4
48571,4,2
48572,4,2
48573,4,4
48574,4,1
48575,4,3
48576,4,4
48577,4,3
48578,4,2
48579,4,0
48580,4,1
48581,4,4
48582,4,4
48583,4,1
48584,4,2
48585,4,2
48586,4,4
48587,4,1
48588,4,2
48589,4,3
48590,4,4
48591,4,0
48592,4,4
48593,4,4
48594,4,2
48595,4,2
48596,4,3
48597,4,4
48598,4,4
48599,4,3
48600,4,3
48601,4,4
48602,4,2
48603,4,4
48604,4,2
48605,4,0
48606,4,2
48607,4,4
48608,4,3
48609,4,3
48610,4,3
48611,4,0
48612,4,0
48613,4,1
48614,4,4
48615,4,1
48616,4,4
48617,4,4
48618,4,4
48619,4,4
48620,4,4
48621,4,3
48622,4,2
48623,4,3
48624,4,4
48625,4,2
48626,4,2
48627,4,4
48628,4,4
48629,4,4
48630,4,3
48631,4,3
48632,4,2
48633,4,1
48634,4,4
48635,4,1
48636,4,0
48637,4,4
48638,4,4
48639,4,2
48640,4,1
48641,4,2
48642,4,2
48643,4,0
48644,4,4
48645,4,4
48646,4,3
48647,4,0
48648,4,4
48649,4,1
48650,4,2
48651,4,0
48652,4,4
48653,4,0
48654,4,3
48655,4,4
48656,4,4
48657,4,4
48658,4,4
48659,4,2
48660,4,2
48661,4,1
48662,4,1
48663,4,1
48664,4,2
48665,4,3
48666,4,2
48667,4,4
48668,4,1
48669,4,2
48670,4,3
48671,4,4
48672,4,3
48673,4,3
48674,4,1
48675,4,2
48676,4,0
48677,4,4
48678,4,4
48679,4,3
48680,4,0
48681,4,2
48682,4,0
48683,4,0
48684,4,1
48685,4,2
48686,4,3
48687,4,2
48688,4,0
48689,4,2
48690,4,0
48691,4,4
48692,4,2
48693,4,0
48694,4,4
48695,4,1
48696,4,0
48697,4,1
48698,4,3
48699,4,2
48700,4,4
48701,4,1
48702,4,2
48703,4,4
48704,4,0
48705,4,1
48706,4,3
48707,4,3
48708,4,0
48709,4,3
48710,4,4
48711,4,1
48712,4,1
48713,4,3
48714,4,3
48715,4,3
48716,4,4
48717,4,4
48718,4,4
48719,4,1
48720,4,3
48721,4,4
48722,4,4
48723,4,2
48724,4,2
48725,4,1
48726,4,4
48727,4,0
48728,4,2
48729,4,2
48730,4,4
48731,4,1
48732,4,3
48733,4,2
48734,4,4
48735,4,2
48736,4,4
48737,4,0
48738,4,2
48739,4,4
48740,4,3
48741,4,2
48742,4,3
48743,4,4
48744,4,1
48745,4,3
48746,4,2
48747,4,4
48748,4,4
48749,4,0
48750,4,2
48751,4,3
48752,4,0
48753,4,2
48754,4,2
48755,4,4
48756,4,3
48757,4,4
48758,4,4
48759,4,3
48760,4,1
48761,4,4
48762,4,0
48763,4,4
48764,4,4
48765,4,4
48766,4,2
48767,4,2
48768,4,3
48769,4,3
48770,4,3
48771,4,2
48772,4,4
48773,4,0
48774,4,3
48775,4,3
48776,4,4
48777,4,0
48778,4,2
48779,4,4
48780,4,2
48781,4,0
48782,4,0
48783,4,3
48784,4,1
48785,4,0
48786,4,4
48787,4,4
48788,4,4
48789,4,4
48790,4,0
48791,4,2
48792,4,0
48793,4,4
48794,4,4
48795,4,4
48796,4,4
48797,4,2
48798,4,4
48799,4,2
48800,4,0
48801,4,4
48802,4,4
48803,4,2
48804,4,2
48805,4,3
48806,4,4
48807,4,4
48808,4,0
48809,4,2
48810,4,3
48811,4,2
48812,4,4
48813,4,2
48814,4,4
48815,4,2
48816,4,0
48817,4,4
48818,4,2
48819,4,1
48820,4,4
48821,4,2
48822,4,3
48823,4,1
48824,4,4
48825,4,4
48826,4,2
48827,4,4
48828,4,3
48829,4,3
48830,4,4
48831,4,3
48832,4,2
48833,4,2
48834,4,0
48835,4,4
48836,4,4
48837,4,1
48838,4,0
48839,4,1
48840,4,0
48841,4,2
48842,4,1
48843,4,4
48844,4,4
48845,4,2
48846,4,0
48847,4,1
48848,4,1
48849,4,4
48850,4,1
48851,4,1
48852,4,4
48853,4,0
48854,4,2
48855,4,4
48856,4,4
48857,4,4
48858,4,4
48859,4,2
48860,4,4
48861,4,1
48862,4,2
48863,4,0
48864,4,2
48865,4,3
48866,4,2
48867,4,0
48868,4,4
48869,4,2
48870,4,4
48871,4,0
48872,4,4
48873,4,3
48874,4,3
48875,4,2
48876,4,3
48877,4,0
48878,4,2
48879,4,1
48880,4,3
48881,4,2
48882,4,4
48883,4,0
48884,4,0
48885,4,2
48886,4,2
48887,4,1
48888,4,3
48889,4,3
48890,4,1
48891,4,2
48892,4,2
48893,4,2
48894,4,3
48895,4,2
48896,4,4
48897,4,1
48898,4,3
48899,4,3
48900,4,1
48901,4,4
48902,4,4
48903,4,4
48904,4,0
48905,4,4
48906,4,3
48907,4,2
48908,4,4
48909,4,3
48910,4,0
48911,4,4
48912,4,2
48913,4,3
48914,4,4
48915,4,4
48916,4,0
48917,4,2
48918,4,4
48919,4,2
48920,4,4
48921,4,4
48922,4,4
48923,4,3
48924,4,4
48925,4,3
48926,4,4
48927,4,2
48928,4,1
48929,4,2
48930,4,2
48931,4,3
48932,4,0
48933,4,4
48934,4,2
48935,4,1
48936,4,1
48937,4,2
48938,4,3
48939,4,4
48940,4,4
48941,4,2
48942,4,2
48943,4,1
48944,4,1
48945,4,3
48946,4,4
48947,4,2
48948,4,2
48949,4,4
48950,4,4
48951,4,2
48952,4,0
48953,4,3
48954,4,3
48955,4,1
48956,4,4
48957,4,3
48958,4,2
48959,4,4
48960,4,2
48961,4,3
48962,4,4
48963,4,4
48964,4,1
48965,4,2
48966,4,4
48967,4,0
48968,4,2
48969,4,2
48970,4,0
48971,4,3
48972,4,1
48973,4,0
48974,4,0
48975,4,4
48976,4,4
48977,4,4
48978,4,3
48979,4,0
48980,4,2
48981,4,0
48982,4,1
48983,4,0
48984,4,3
48985,4,2
48986,4,4
48987,4,2
48988,4,0
48989,4,4
48990,4,3
48991,4,1
48992,4,2
48993,4,3
48994,4,3
48995,4,4
48996,4,4
48997,4,4
48998,4,2
48999,4,4
49000,4,3
49001,4,4
49002,4,0
49003,4,1
49004,4,2
49005,4,1
49006,4,0
49007,4,2
49008,4,1
49009,4,3
49010,4,2
49011,4,2
49012,4,3
49013,4,2
49014,4,4
49015,4,2
49016,4,0
49017,4,3
49018,4,4
49019,4,4
49020,4,2
49021,4,0
49022,4,1
49023,4,4
49024,4,4
49025,4,0
49026,4,2
49027,4,3
49028,4,2
49029,4,3
49030,4,3
49031,4,4
49032,4,2
49033,4,4
49034,4,0
49035,4,2
49036,4,3
49037,4,4
49038,4,4
49039,4,2
49040,4,3
49041,4,4
49042,4,2
49043,4,4
49044,4,4
49045,4,0
49046,4,2
49047,4,4
49048,4,3
49049,4,4
49050,4,2
49051,4,3
49052,4,2
49053,4,1
49054,4,1
49055,4,0
49056,4,0
49057,4,1
49058,4,4
49059,4,1
49060,4,2
49061,4,2
49062,4,2
49063,4,4
49064,4,4
49065,4,2
49066,4,2
49067,4,3
49068,4,2
49069,4,3
49070,4,2
49071,4,4
49072,4,3
49073,4,2
49074,4,0
49075,4,0
49076,4,1
49077,4,0
49078,4,4
49079,4,4
49080,4,4
49081,4,0
49082,4,0
49083,4,2
49084,4,4
49085,4,3
49086,4,2
49087,4,3
49088,4,3
49089,4,4
49090,4,4
49091,4,2
49092,4,2
49093,4,3
49094,4,4
49095,4,2
49096,4,3
49097,4,0
49098,4,4
49099,4,0
49100,4,0
49101,4,0
49102,4,0
49103,4,2
49104,4,4
49105,4,4
49106,4,3
49107,4,0
49108,4,3
49109,4,3
49110,4,4
49111,4,3
49112,4,2
49113,4,2
49114,4,3
49115,4,4
49116,4,4
49117,4,2
49118,4,2
49119,4,4
49120,4,2
49121,4,4
49122,4,4
49123,4,2
49124,4,0
49125,4,4
49126,4,0
49127,4,4
49128,4,3
49129,4,4
49130,4,4
49131,4,4
49132,4,4
49133,4,0
49134,4,2
49135,4,3
49136,4,4
49137,4,4
49138,4,4
49139,4,2
49140,4,2
49141,4,2
49142,4,0
49143,4,3
49144,4,4
49145,4,0
49146,4,3
49147,4,1
49148,4,0
49149,4,3
49150,4,2
49151,4,3
49152,4,4
49153,4,3
49154,4,0
49155,4,2
49156,4,4
49157,4,2
49158,4,4
49159,4,4
49160,4,1
49161,4,2
49162,4,1
49163,4,2
49164,4,3
49165,4,0
49166,4,3
49167,4,3
49168,4,3
49169,4,4
49170,4,3
49171,4,2
49172,4,2
49173,4,4
49174,4,3
49175,4,0
49176,4,1
49177,4,4
49178,4,1
49179,4,0
49180,4,3
49181,4,0
49182,4,2
49183,4,1
49184,4,3
49185,4,2
49186,4,4
49187,4,2
49188,4,4
49189,4,2
49190,4,4
49191,4,0
49192,4,2
49193,4,4
49194,4,3
49195,4,0
49196,4,4
49197,4,3
49198,4,2
49199,4,3
49200,4,1
49201,4,4
49202,4,3
49203,4,4
49204,4,3
49205,4,0
49206,4,4
49207,4,3
49208,4,2
49209,4,4
49210,4,3
49211,4,4
49212,4,4
49213,4,2
49214,4,2
49215,4,4
49216,4,2
49217,4,1
49218,4,0
49219,4,1
49220,4,4
49221,4,0
49222,4,2
49223,4,0
49224,4,3
49225,4,2
49226,4,0
49227,4,0
49228,4,4
49229,4,0
49230,4,2
49231,4,3
49232,4,2
49233,4,4
49234,4,2
49235,4,1
49236,4,2
49237,4,2
49238,4,4
49239,4,2
49240,4,0
49241,4,3
49242,4,1
49243,4,2
49244,4,3
49245,4,4
49246,4,3
49247,4,4
49248,4,2
49249,4,2
49250,4,3
49251,4,4
49252,4,4
49253,4,4
49254,4,4
49255,4,2
49256,4,4
49257,4,3
49258,4,3
49259,4,3
49260,4,2
49261,4,2
49262,4,3
49263,4,2
49264,4,2
49265,4,4
49266,4,2
49267,4,0
49268,4,4
49269,4,2
49270,4,2
49271,4,2
49272,4,4
49273,4,2
49274,4,2
49275,4,3
49276,4,4
49277,4,2
49278,4,2
49279,4,4
49280,4,0
49281,4,2
49282,4,3
49283,4,4
49284,4,3
49285,4,4
49286,4,4
49287,4,2
49288,4,4
49289,4,1
49290,4,3
49291,4,0
49292,4,2
49293,4,4
49294,4,4
49295,4,4
49296,4,4
49297,4,1
49298,4,0
49299,4,4
49300,4,2
49301,4,4
49302,4,2
49303,4,2
49304,4,1
49305,4,4
49306,4,0
49307,4,1
49308,4,3
49309,4,4
49310,4,4
49311,4,1
49312,4,4
49313,4,4
49314,4,2
49315,4,0
49316,4,4
49317,4,1
49318,4,1
49319,4,0
49320,4,3
49321,4,2
49322,4,0
49323,4,0
49324,4,4
49325,4,0
49326,4,1
49327,4,1
49328,4,4
49329,4,4
49330,4,3
49331,4,2
49332,4,3
49333,4,4
49334,4,4
49335,4,4
49336,4,2
49337,4,3
49338,4,0
49339,4,1
49340,4,1
49341,4,2
49342,4,0
49343,4,3
49344,4,0
49345,4,4
49346,4,1
49347,4,3
49348,4,3
49349,4,2
49350,4,0
49351,4,0
49352,4,2
49353,4,3
49354,4,4
49355,4,3
49356,4,3
49357,4,2
49358,4,4
49359,4,0
49360,4,0
49361,4,2
49362,4,4
49363,4,1
49364,4,0
49365,4,4
49366,4,1
49367,4,4
49368,4,2
49369,4,2
49370,4,0
49371,4,4
49372,4,2
49373,4,2
49374,4,3
49375,4,4
49376,4,3
49377,4,4
49378,4,2
49379,4,3
49380,4,4
49381,4,2
49382,4,0
49383,4,4
49384,4,3
49385,4,2
49386,4,3
49387,4,2
49388,4,0
49389,4,4
49390,4,1
49391,4,3
49392,4,4
49393,4,4
49394,4,1
49395,4,4
49396,4,3
49397,4,4
49398,4,4
49399,4,3
49400,4,3
49401,4,3
49402,4,3
49403,4,3
49404,4,0
49405,4,4
49406,4,1
49407,4,2
49408,4,0
49409,4,2
49410,4,0
49411,4,4
49412,4,4
49413,4,3
49414,4,4
49415,4,4
49416,4,2
49417,4,4
49418,4,4
49419,4,4
49420,4,3
49421,4,0
49422,4,0
49423,4,2
49424,4,3
49425,4,3
49426,4,0
49427,4,2
49428,4,4
49429,4,3
49430,4,4
49431,4,4
49432,4,4
49433,4,3
49434,4,4
49435,4,4
49436,4,4
49437,4,2
49438,4,2
49439,4,4
49440,4,2
49441,4,2
49442,4,2
49443,4,0
49444,4,3
49445,4,2
49446,4,1
49447,4,1
49448,4,4
49449,4,0
49450,4,3
49451,4,4
49452,4,4
49453,4,2
49454,4,0
49455,4,4
49456,4,0
49457,4,4
49458,4,2
49459,4,1
49460,4,3
49461,4,2
49462,4,2
49463,4,3
49464,4,3
49465,4,4
49466,4,4
49467,4,4
49468,4,2
49469,4,3
49470,4,2
49471,4,0
49472,4,2
49473,4,3
49474,4,1
49475,4,2
49476,4,1
49477,4,4
49478,4,4
49479,4,2
49480,4,0
49481,4,2
49482,4,2
49483,4,1
49484,4,2
49485,4,0
49486,4,2
49487,4,0
49488,4,4
49489,4,4
49490,4,3
49491,4,2
49492,4,2
49493,4,4
49494,4,2
49495,4,1
49496,4,0
49497,4,4
49498,4,0
49499,4,4
49500,4,4
49501,4,0
49502,4,4
49503,4,1
49504,4,0
49505,4,4
49506,4,2
49507,4,3
49508,4,4
49509,4,3
49510,4,0
49511,4,0
49512,4,2
49513,4,2
49514,4,2
49515,4,4
49516,4,2
49517,4,4
49518,4,1
49519,4,0
49520,4,2
49521,4,3
49522,4,4
49523,4,4
49524,4,2
49525,4,2
49526,4,3
49527,4,4
49528,4,2
49529,4,2
49530,4,4
49531,4,4
49532,4,1
49533,4,4
49534,4,1
49535,4,4
49536,4,2
49537,4,4
49538,4,1
49539,4,4
49540,4,2
49541,4,1
49542,4,4
49543,4,0
49544,4,4
49545,4,1
49546,4,4
49547,4,4
49548,4,0
49549,4,1
49550,4,4
49551,4,2
49552,4,2
49553,4,4
49554,4,1
49555,4,1
49556,4,3
49557,4,2
49558,4,1
49559,4,4
49560,4,2
49561,4,1
49562,4,2
49563,4,4
49564,4,4
49565,4,2
49566,4,3
49567,4,0
49568,4,3
49569,4,1
49570,4,2
49571,4,3
49572,4,3
49573,4,4
49574,4,2
49575,4,0
49576,4,2
49577,4,4
49578,4,1
49579,4,2
49580,4,4
49581,4,4
49582,4,1
49583,4,2
49584,4,3
49585,4,2
49586,4,4
49587,4,2
49588,4,2
49589,4,2
49590,4,4
49591,4,4
49592,4,1
49593,4,4
49594,4,4
49595,4,1
49596,4,1
49597,4,1
49598,4,0
49599,4,4
49600,4,4
49601,4,0
49602,4,4
49603,4,1
49604,4,4
49605,4,3
49606,4,2
49607,4,4
49608,4,1
49609,4,0
49610,4,4
49611,4,3
49612,4,2
49613,4,4
49614,4,2
49615,4,4
49616,4,2
49617,4,1
49618,4,3
49619,4,2
49620,4,2
49621,4,3
49622,4,2
49623,4,3
49624,4,3
49625,4,2
49626,4,2
49627,4,2
49628,4,2
49629,4,3
49630,4,1
49631,4,3
49632,4,2
49633,4,1
49634,4,2
49635,4,2
49636,4,4
49637,4,3
49638,4,0
49639,4,2
49640,4,2
49641,4,2
49642,4,1
49643,4,4
49644,4,0
49645,4,4
49646,4,1
49647,4,0
49648,4,3
49649,4,1
49650,4,3
49651,4,1
49652,4,0
49653,4,3
49654,4,3
49655,4,3
49656,4,1
49657,4,0
49658,4,4
49659,4,4
49660,4,3
49661,4,2
49662,4,3
49663,4,2
49664,4,4
49665,4,2
49666,4,1
49667,4,1
49668,4,1
49669,4,4
49670,4,4
49671,4,2
49672,4,2
49673,4,2
49674,4,4
49675,4,1
49676,4,0
49677,4,3
49678,4,2
49679,4,1
49680,4,2
49681,4,3
49682,4,0
49683,4,0
49684,4,4
49685,4,0
49686,4,4
49687,4,4
49688,4,4
49689,4,4
49690,4,1
49691,4,1
49692,4,2
49693,4,0
49694,4,3
49695,4,4
49696,4,4
49697,4,4
49698,4,4
49699,4,4
49700,4,4
49701,4,4
49702,4,2
49703,4,4
49704,4,0
49705,4,4
49706,4,2
49707,4,3
49708,4,2
49709,4,2
49710,4,3
49711,4,4
49712,4,2
49713,4,0
49714,4,4
49715,4,3
49716,4,0
49717,4,2
49718,4,2
49719,4,1
49720,4,0
49721,4,2
49722,4,1
49723,4,0
49724,4,1
49725,4,1
49726,4,0
49727,4,4
49728,4,0
49729,4,4
49730,4,0
49731,4,1
49732,4,2
49733,4,0
49734,4,0
49735,4,0
49736,4,4
49737,4,3
49738,4,3
49739,4,2
49740,4,4
49741,4,3
49742,4,2
49743,4,2
49744,4,4
49745,4,4
49746,4,4
49747,4,4
49748,4,4
49749,4,3
49750,4,3
49751,4,4
49752,4,1
49753,4,3
49754,4,3
49755,4,0
49756,4,3
49757,4,0
49758,4,2
49759,4,0
49760,4,2
49761,4,4
49762,4,3
49763,4,1
49764,4,0
49765,4,0
49766,4,1
49767,4,0
49768,4,0
49769,4,3
49770,4,4
49771,4,2
49772,4,4
49773,4,1
49774,4,4
49775,4,1
49776,4,2
49777,4,4
49778,4,2
49779,4,2
49780,4,0
49781,4,4
49782,4,2
49783,4,4
49784,4,0
49785,4,0
49786,4,0
49787,4,4
49788,4,0
49789,4,1
49790,4,4
49791,4,2
49792,4,2
49793,4,2
49794,4,4
49795,4,2
49796,4,4
49797,4,1
49798,4,3
49799,4,3
49800,4,1
49801,4,2
49802,4,4
49803,4,4
49804,4,0
49805,4,3
49806,4,4
49807,4,2
49808,4,4
49809,4,2
49810,4,2
49811,4,4
49812,4,0
49813,4,4
49814,4,4
49815,4,4
49816,4,1
49817,4,1
49818,4,3
49819,4,0
49820,4,4
49821,4,1
49822,4,3
49823,4,4
49824,4,4
49825,4,2
49826,4,2
49827,4,1
49828,4,1
49829,4,1
49830,4,4
49831,4,3
49832,4,4
49833,4,4
49834,4,2
49835,4,2
49836,4,0
49837,4,0
49838,4,2
49839,4,2
49840,4,4
49841,4,0
49842,4,4
49843,4,2
49844,4,1
49845,4,4
49846,4,0
49847,4,4
49848,4,3
49849,4,2
49850,4,0
49851,4,2
49852,4,1
49853,4,3
49854,4,3
49855,4,4
49856,4,4
49857,4,2
49858,4,2
49859,4,0
49860,4,1
49861,4,1
49862,4,3
49863,4,4
49864,4,4
49865,4,0
49866,4,1
49867,4,0
49868,4,1
49869,4,4
49870,4,3
49871,4,3
49872,4,4
49873,4,4
49874,4,4
49875,4,2
49876,4,2
49877,4,2
49878,4,4
49879,4,2
49880,4,1
49881,4,2
49882,4,3
49883,4,4
49884,4,1
49885,4,2
49886,4,2
49887,4,4
49888,4,4
49889,4,4
49890,4,0
49891,4,2
49892,4,2
49893,4,1
49894,4,4
49895,4,4
49896,4,3
49897,4,2
49898,4,0
49899,4,2
49900,4,1
49901,4,4
49902,4,3
49903,4,1
49904,4,1
49905,4,4
49906,4,0
49907,4,1
49908,4,2
49909,4,4
49910,4,3
49911,4,2
49912,4,4
49913,4,3
49914,4,3
49915,4,3
49916,4,4
49917,4,0
49918,4,4
49919,4,0
49920,4,4
49921,4,1
49922,4,3
49923,4,2
49924,4,2
49925,4,4
49926,4,3
49927,4,2
49928,4,0
49929,4,2
49930,4,4
49931,4,4
49932,4,3
49933,4,2
49934,4,2
49935,4,0
49936,4,4
49937,4,2
49938,4,2
49939,4,4
49940,4,0
49941,4,0
49942,4,0
49943,4,1
49944,4,3
49945,4,3
49946,4,3
49947,4,4
49948,4,4
49949,4,4
49950,4,4
49951,4,3
49952,4,2
49953,4,0
49954,4,4
49955,4,0
49956,4,1
49957,4,1
49958,4,2
49959,4,3
49960,4,2
49961,4,4
49962,4,0
49963,4,3
49964,4,4
49965,4,2
49966,4,3
49967,4,0
49968,4,4
49969,4,1
49970,4,0
49971,4,4
49972,4,2
49973,4,2
49974,4,4
49975,4,4
49976,4,3
49977,4,1
49978,4,3
49979,4,3
49980,4,2
49981,4,3
49982,4,1
49983,4,4
49984,4,3
49985,4,2
49986,4,3
49987,4,0
49988,4,3
49989,4,3
49990,4,0
49991,4,2
49992,4,4
49993,4,2
49994,4,0
49995,4,2
49996,4,3
49997,4,3
49998,4,0
49999,4,1
